0.1955759554	0.1960214653	0.1964713848	0.1969255952	0.1973839760	0.1978464040	0.1983127536	0.1987828968	0.1992567030	0.1997340389	0.2002147687	0.2006987535	0.2011858519	0.2016759192	0.2021688080	0.2026643679	0.2031624451	0.2036628830	0.2041655214	0.2046701971	0.2051767434	0.2056849904	0.2061947645	0.2067058888	0.2072181829	0.2077314626	0.2082455403	0.2087602247	0.2092753207	0.2097906297	0.2103059491	0.2108210727	0.2113357905	0.2118498886	0.2123631496	0.2128753518	0.2133862701	0.2138956755	0.2144033350	0.2149090120	0.2154124662	0.2159134533	0.2164117255	0.2169070314	0.2173991157	0.2178877198	0.2183725814	0.2188534349	0.2193300112	0.2198020378	0.2202692394	0.2207313371	0.2211880492	0.2216390912	0.2220841756	0.2225230123	0.2229553087	0.2233807699	0.2237990985	0.2242099952	0.2246131588	0.2250082864	0.2253950732	0.2257732136	0.2261424004	0.2265023256	0.2268526804	0.2271931556	0.2275234418	0.2278432293	0.2281522088	0.2284500716	0.2287365094	0.2290112153	0.2292738835	0.2295242098	0.2297618918	0.2299866296	0.2301981254	0.2303960845	0.2305802150	0.2307502288	0.2309058413	0.2310467721	0.2311727450	0.2312834889	0.2313787374	0.2314582299	0.2315217111	0.2315689321	0.2315996504	0.2316136301	0.2316106425	0.2315904661	0.2315528874	0.2314977008	0.2314247089	0.2313337233	0.2312245643	0.2310970615	0.2309510541	0.2307863911	0.2306029315	0.2304005447	0.2301791106	0.2299385201	0.2296786748	0.2293994879	0.2291008837	0.2287827983	0.2284451795	0.2280879869	0.2277111925	0.2273147799	0.2268987455	0.2264630977	0.2260078573	0.2255330577	0.2250387446	0.2245249764	0.2239918236	0.2234393694	0.2228677094	0.2222769514	0.2216672154	0.2210386337	0.2203913503	0.2197255214	0.2190413146	0.2183389094	0.2176184962	0.2168802769	0.2161244640	0.2153512808	0.2145609610	0.2137537485	0.2129298968	0.2120896692	0.2112333381	0.2103611848	0.2094734992	0.2085705794	0.2076527315	0.2067202688	0.2057735121	0.2048127888	0.2038384325	0.2028507831	0.2018501858	0.2008369912	0.1998115546	0.1987742357	0.1977253980	0.1966654089	0.1955946388	0.1945134607	0.1934222504	0.1923213852	0.1912112443	0.1900922080	0.1889646573	0.1878289737	0.1866855389	0.1855347340	0.1843769396	0.1832125353	0.1820418993	0.1808654082	0.1796834364	0.1784963560	0.1773045367	0.1761083451	0.1749081446	0.1737042951	0.1724971529	0.1712870703	0.1700743952	0.1688594714	0.1676426377	0.1664242282	0.1652045721	0.1639839931	0.1627628097	0.1615413349	0.1603198760	0.1590987343	0.1578782054	0.1566585787	0.1554401377	0.1542231595	0.1530079147	0.1517946681	0.1505836775	0.1493751945	0.1481694643	0.1469667253	0.1457672095	0.1445711425	0.1433787429	0.1421902232	0.1410057891	0.1398256398	0.1386499681	0.1374789602	0.1363127961	0.1351516491	0.1339956865	0.1328450692	0.1316999519	0.1305604830	0.1294268052	0.1282990550	0.1271773630	0.1260618540	0.1249526471	0.1238498557	0.1227535877	0.1216639455	0.1205810263	0.1195049217	0.1184357185	0.1173734984	0.1163183379	0.1152703090	0.1142294787	0.1131959094	0.1121696592	0.1111507816	0.1101393258	0.1091353368	0.1081388557	0.1071499193	0.1061685609	0.1051948097	0.1042286914	0.1032702283	0.1023194389	0.1013763386	0.1004409395	0.0995132507	0.0985932779	0.0976810243	0.0967764900	0.0958796723	0.0949905661	0.0941091635	0.0932354543	0.0923694258	0.0915110631	0.0906603491	0.0898172646	0.0889817882	0.0881538969	0.0873335654	0.0865207669	0.0857154728	0.0849176529	0.0841272755
0.1953450871	0.1957993135	0.1962580442	0.1967211615	0.1971885453	0.1976600732	0.1981356202	0.1986150590	0.1990982593	0.1995850885	0.2000754110	0.2005690884	0.2010659792	0.2015659394	0.2020688214	0.2025744749	0.2030827462	0.2035934783	0.2041065112	0.2046216812	0.2051388213	0.2056577611	0.2061783266	0.2067003402	0.2072236207	0.2077479831	0.2082732389	0.2087991956	0.2093256572	0.2098524235	0.2103792908	0.2109060513	0.2114324933	0.2119584014	0.2124835558	0.2130077333	0.2135307064	0.2140522438	0.2145721102	0.2150900664	0.2156058694	0.2161192720	0.2166300234	0.2171378691	0.2176425505	0.2181438055	0.2186413682	0.2191349693	0.2196243357	0.2201091910	0.2205892555	0.2210642460	0.2215338762	0.2219978569	0.2224558958	0.2229076978	0.2233529651	0.2237913973	0.2242226917	0.2246465435	0.2250626454	0.2254706887	0.2258703627	0.2262613554	0.2266433532	0.2270160418	0.2273791057	0.2277322289	0.2280750952	0.2284073880	0.2287287909	0.2290389879	0.2293376636	0.2296245035	0.2298991946	0.2301614251	0.2304108851	0.2306472669	0.2308702652	0.2310795775	0.2312749042	0.2314559494	0.2316224207	0.2317740300	0.2319104934	0.2320315319	0.2321368718	0.2322262444	0.2322993871	0.2323560436	0.2323959637	0.2324189044	0.2324246297	0.2324129111	0.2323835281	0.2323362683	0.2322709278	0.2321873116	0.2320852337	0.2319645178	0.2318249971	0.2316665150	0.2314889250	0.2312920915	0.2310758894	0.2308402050	0.2305849355	0.2303099900	0.2300152890	0.2297007653	0.2293663633	0.2290120400	0.2286377645	0.2282435187	0.2278292968	0.2273951058	0.2269409654	0.2264669081	0.2259729794	0.2254592372	0.2249257527	0.2243726096	0.2237999044	0.2232077464	0.2225962572	0.2219655712	0.2213158350	0.2206472074	0.2199598593	0.2192539735	0.2185297443	0.2177873776	0.2170270905	0.2162491111	0.2154536781	0.2146410407	0.2138114582	0.2129651997	0.2121025438	0.2112237784	0.2103291999	0.2094191135	0.2084938321	0.2075536768	0.2065989756	0.2056300636	0.2046472825	0.2036509800	0.2026415096	0.2016192301	0.2005845051	0.1995377029	0.1984791956	0.1974093591	0.1963285725	0.1952372177	0.1941356790	0.1930243426	0.1919035964	0.1907738293	0.1896354313	0.1884887925	0.1873343030	0.1861723527	0.1850033307	0.1838276249	0.1826456219	0.1814577064	0.1802642610	0.1790656658	0.1778622983	0.1766545328	0.1754427403	0.1742272882	0.1730085400	0.1717868550	0.1705625882	0.1693360900	0.1681077058	0.1668777763	0.1656466366	0.1644146167	0.1631820408	0.1619492275	0.1607164895	0.1594841335	0.1582524601	0.1570217635	0.1557923319	0.1545644466	0.1533383829	0.1521144093	0.1508927875	0.1496737730	0.1484576142	0.1472445529	0.1460348243	0.1448286567	0.1436262716	0.1424278839	0.1412337017	0.1400439265	0.1388587531	0.1376783695	0.1365029574	0.1353326918	0.1341677412	0.1330082677	0.1318544272	0.1307063692	0.1295642370	0.1284281678	0.1272982928	0.1261747372	0.1250576204	0.1239470560	0.1228431519	0.1217460106	0.1206557290	0.1195723987	0.1184961061	0.1174269322	0.1163649533	0.1153102407	0.1142628607	0.1132228750	0.1121903409	0.1111653110	0.1101478335	0.1091379525	0.1081357079	0.1071411355	0.1061542673	0.1051751315	0.1042037524	0.1032401509	0.1022843443	0.1013363467	0.1003961687	0.0994638178	0.0985392987	0.0976226126	0.0967137584	0.0958127318	0.0949195262	0.0940341320	0.0931565377	0.0922867288	0.0914246888	0.0905703992	0.0897238390	0.0888849854	0.0880538135	0.0872302966	0.0864144064	0.0856061125	0.0848053832	0.0840121850
0.1951008092	0.1955637473	0.1960312862	0.1965033089	0.1969796962	0.1974603264	0.1979450753	0.1984338160	0.1989264189	0.1994227519	0.1999226797	0.2004260645	0.2009327651	0.2014426376	0.2019555348	0.2024713062	0.2029897984	0.2035108544	0.2040343138	0.2045600128	0.2050877842	0.2056174572	0.2061488571	0.2066818059	0.2072161216	0.2077516186	0.2082881074	0.2088253945	0.2093632827	0.2099015708	0.2104400535	0.2109785216	0.2115167619	0.2120545571	0.2125916859	0.2131279227	0.2136630381	0.2141967985	0.2147289662	0.2152592995	0.2157875526	0.2163134755	0.2168368146	0.2173573120	0.2178747059	0.2183887308	0.2188991172	0.2194055919	0.2199078779	0.2204056949	0.2208987586	0.2213867817	0.2218694733	0.2223465393	0.2228176825	0.2232826028	0.2237409972	0.2241925599	0.2246369826	0.2250739547	0.2255031634	0.2259242936	0.2263370286	0.2267410500	0.2271360379	0.2275216713	0.2278976280	0.2282635852	0.2286192196	0.2289642075	0.2292982253	0.2296209498	0.2299320581	0.2302312282	0.2305181394	0.2307924723	0.2310539093	0.2313021348	0.2315368357	0.2317577015	0.2319644248	0.2321567017	0.2323342319	0.2324967191	0.2326438718	0.2327754028	0.2328910305	0.2329904786	0.2330734766	0.2331397603	0.2331890722	0.2332211615	0.2332357849	0.2332327066	0.2332116990	0.2331725426	0.2331150267	0.2330389496	0.2329441189	0.2328303519	0.2326974758	0.2325453282	0.2323737570	0.2321826212	0.2319717907	0.2317411468	0.2314905824	0.2312200022	0.2309293229	0.2306184735	0.2302873953	0.2299360421	0.2295643807	0.2291723904	0.2287600636	0.2283274057	0.2278744352	0.2274011837	0.2269076961	0.2263940305	0.2258602581	0.2253064632	0.2247327434	0.2241392092	0.2235259843	0.2228932048	0.2222410200	0.2215695915	0.2208790933	0.2201697118	0.2194416452	0.2186951037	0.2179303088	0.2171474936	0.2163469019	0.2155287885	0.2146934184	0.2138410669	0.2129720188	0.2120865686	0.2111850197	0.2102676843	0.2093348827	0.2083869433	0.2074242021	0.2064470019	0.2054556926	0.2044506301	0.2034321762	0.2024006981	0.2013565683	0.2003001636	0.1992318648	0.1981520568	0.1970611276	0.1959594679	0.1948474710	0.1937255321	0.1925940481	0.1914534169	0.1903040373	0.1891463082	0.1879806288	0.1868073977	0.1856270124	0.1844398698	0.1832463647	0.1820468904	0.1808418376	0.1796315948	0.1784165473	0.1771970773	0.1759735636	0.1747463811	0.1735159007	0.1722824891	0.1710465081	0.1698083152	0.1685682624	0.1673266968	0.1660839600	0.1648403880	0.1635963110	0.1623520532	0.1611079329	0.1598642620	0.1586213463	0.1573794850	0.1561389707	0.1549000895	0.1536631209	0.1524283373	0.1511960046	0.1499663818	0.1487397208	0.1475162667	0.1462962578	0.1450799253	0.1438674935	0.1426591798	0.1414551947	0.1402557418	0.1390610179	0.1378712130	0.1366865102	0.1355070863	0.1343331109	0.1331647476	0.1320021531	0.1308454779	0.1296948661	0.1285504555	0.1274123777	0.1262807584	0.1251557173	0.1240373680	0.1229258186	0.1218211713	0.1207235229	0.1196329648	0.1185495827	0.1174734576	0.1164046649	0.1153432753	0.1142893544	0.1132429632	0.1122041580	0.1111729904	0.1101495077	0.1091337529	0.1081257648	0.1071255781	0.1061332234	0.1051487276	0.1041721139	0.1032034018	0.1022426071	0.1012897425	0.1003448172	0.0994078372	0.0984788056	0.0975577222	0.0966445842	0.0957393860	0.0948421190	0.0939527724	0.0930713328	0.0921977842	0.0913321085	0.0904742855	0.0896242925	0.0887821052	0.0879476969	0.0871210394	0.0863021026	0.0854908547	0.0846872621	0.0838912899
0.1948428931	0.1953145349	0.1957908757	0.1962717994	0.1967571875	0.1972469193	0.1977408711	0.1982389168	0.1987409276	0.1992467716	0.1997563143	0.2002694182	0.2007859426	0.2013057437	0.2018286747	0.2023545854	0.2028833222	0.2034147282	0.2039486431	0.2044849028	0.2050233398	0.2055637830	0.2061060574	0.2066499844	0.2071953813	0.2077420618	0.2082898354	0.2088385080	0.2093878811	0.2099377523	0.2104879151	0.2110381589	0.2115882688	0.2121380259	0.2126872070	0.2132355847	0.2137829274	0.2143289994	0.2148735605	0.2154163664	0.2159571688	0.2164957149	0.2170317479	0.2175650070	0.2180952270	0.2186221389	0.2191454697	0.2196649423	0.2201802760	0.2206911861	0.2211973842	0.2216985785	0.2221944734	0.2226847702	0.2231691666	0.2236473575	0.2241190345	0.2245838864	0.2250415994	0.2254918569	0.2259343403	0.2263687284	0.2267946982	0.2272119250	0.2276200822	0.2280188421	0.2284078757	0.2287868533	0.2291554444	0.2295133181	0.2298601435	0.2301955897	0.2305193265	0.2308310241	0.2311303539	0.2314169889	0.2316906034	0.2319508740	0.2321974793	0.2324301009	0.2326484232	0.2328521341	0.2330409252	0.2332144921	0.2333725350	0.2335147587	0.2336408733	0.2337505946	0.2338436441	0.2339197496	0.2339786457	0.2340200739	0.2340437834	0.2340495307	0.2340370808	0.2340062071	0.2339566919	0.2338883264	0.2338009116	0.2336942584	0.2335681877	0.2334225310	0.2332571304	0.2330718394	0.2328665227	0.2326410564	0.2323953290	0.2321292405	0.2318427038	0.2315356439	0.2312079987	0.2308597191	0.2304907689	0.2301011251	0.2296907780	0.2292597314	0.2288080025	0.2283356221	0.2278426343	0.2273290971	0.2267950820	0.2262406738	0.2256659713	0.2250710861	0.2244561437	0.2238212826	0.2231666542	0.2224924233	0.2217987670	0.2210858754	0.2203539506	0.2196032070	0.2188338711	0.2180461806	0.2172403850	0.2164167444	0.2155755299	0.2147170229	0.2138415149	0.2129493070	0.2120407098	0.2111160425	0.2101756332	0.2092198180	0.2082489405	0.2072633520	0.2062634104	0.2052494802	0.2042219316	0.2031811408	0.2021274888	0.2010613615	0.1999831487	0.1988932443	0.1977920453	0.1966799519	0.1955573663	0.1944246930	0.1932823380	0.1921307085	0.1909702122	0.1898012575	0.1886242523	0.1874396041	0.1862477197	0.1850490044	0.1838438619	0.1826326940	0.1814158999	0.1801938763	0.1789670169	0.1777357118	0.1765003477	0.1752613072	0.1740189688	0.1727737065	0.1715258894	0.1702758817	0.1690240426	0.1677707256	0.1665162788	0.1652610442	0.1640053582	0.1627495508	0.1614939458	0.1602388607	0.1589846061	0.1577314863	0.1564797988	0.1552298342	0.1539818761	0.1527362013	0.1514930794	0.1502527732	0.1490155380	0.1477816225	0.1465512678	0.1453247081	0.1441021705	0.1428838748	0.1416700340	0.1404608537	0.1392565328	0.1380572630	0.1368632293	0.1356746097	0.1344915753	0.1333142907	0.1321429138	0.1309775959	0.1298184817	0.1286657098	0.1275194121	0.1263797147	0.1252467374	0.1241205940	0.1230013925	0.1218892350	0.1207842181	0.1196864326	0.1185959641	0.1175128928	0.1164372936	0.1153692365	0.1143087863	0.1132560030	0.1122109420	0.1111736541	0.1101441854	0.1091225777	0.1081088688	0.1071030919	0.1061052766	0.1051154483	0.1041336288	0.1031598363	0.1021940851	0.1012363865	0.1002867480	0.0993451743	0.0984116666	0.0974862235	0.0965688404	0.0956595100	0.0947582223	0.0938649647	0.0929797220	0.0921024768	0.0912332092	0.0903718971	0.0895185166	0.0886730412	0.0878354429	0.0870056917	0.0861837557	0.0853696015	0.0845631938	0.0837644961
0.1945711081	0.1950514425	0.1955365756	0.1960263925	0.1965207757	0.1970196049	0.1975227575	0.1980301081	0.1985415285	0.1990568876	0.1995760514	0.2000988828	0.2006252415	0.2011549844	0.2016879647	0.2022240324	0.2027630343	0.2033048133	0.2038492093	0.2043960580	0.2049451918	0.2054964391	0.2060496248	0.2066045696	0.2071610904	0.2077190001	0.2082781076	0.2088382176	0.2093991308	0.2099606436	0.2105225482	0.2110846327	0.2116466807	0.2122084715	0.2127697803	0.2133303778	0.2138900302	0.2144484997	0.2150055436	0.2155609154	0.2161143639	0.2166656335	0.2172144647	0.2177605932	0.2183037508	0.2188436650	0.2193800590	0.2199126522	0.2204411597	0.2209652928	0.2214847588	0.2219992614	0.2225085004	0.2230121722	0.2235099697	0.2240015824	0.2244866966	0.2249649958	0.2254361603	0.2258998678	0.2263557935	0.2268036102	0.2272429885	0.2276735970	0.2280951028	0.2285071712	0.2289094662	0.2293016511	0.2296833880	0.2300543388	0.2304141650	0.2307625282	0.2310990903	0.2314235137	0.2317354621	0.2320346001	0.2323205942	0.2325931126	0.2328518259	0.2330964073	0.2333265328	0.2335418821	0.2337421383	0.2339269887	0.2340961250	0.2342492437	0.2343860468	0.2345062414	0.2346095410	0.2346956653	0.2347643408	0.2348153009	0.2348482870	0.2348630479	0.2348593410	0.2348369321	0.2347955962	0.2347351177	0.2346552905	0.2345559188	0.2344368169	0.2342978102	0.2341387349	0.2339594385	0.2337597804	0.2335396317	0.2332988756	0.2330374079	0.2327551371	0.2324519843	0.2321278838	0.2317827833	0.2314166437	0.2310294395	0.2306211589	0.2301918039	0.2297413903	0.2292699478	0.2287775202	0.2282641650	0.2277299539	0.2271749725	0.2265993202	0.2260031105	0.2253864702	0.2247495400	0.2240924742	0.2234154401	0.2227186184	0.2220022027	0.2212663993	0.2205114270	0.2197375169	0.2189449120	0.2181338671	0.2173046482	0.2164575324	0.2155928075	0.2147107716	0.2138117329	0.2128960091	0.2119639269	0.2110158220	0.2100520384	0.2090729281	0.2080788504	0.2070701719	0.2060472655	0.2050105106	0.2039602919	0.2028969998	0.2018210290	0.2007327789	0.1996326524	0.1985210560	0.1973983992	0.1962650936	0.1951215533	0.1939681935	0.1928054308	0.1916336825	0.1904533660	0.1892648985	0.1880686969	0.1868651769	0.1856547528	0.1844378373	0.1832148408	0.1819861712	0.1807522338	0.1795134305	0.1782701598	0.1770228162	0.1757717904	0.1745174684	0.1732602317	0.1720004569	0.1707385152	0.1694747727	0.1682095896	0.1669433206	0.1656763140	0.1644089122	0.1631414511	0.1618742603	0.1606076625	0.1593419738	0.1580775034	0.1568145535	0.1555534193	0.1542943889	0.1530377431	0.1517837555	0.1505326926	0.1492848134	0.1480403696	0.1467996056	0.1455627585	0.1443300580	0.1431017266	0.1418779794	0.1406590244	0.1394450623	0.1382362866	0.1370328840	0.1358350338	0.1346429086	0.1334566740	0.1322764888	0.1311025052	0.1299348687	0.1287737181	0.1276191861	0.1264713988	0.1253304762	0.1241965323	0.1230696747	0.1219500056	0.1208376211	0.1197326117	0.1186350624	0.1175450528	0.1164626573	0.1153879448	0.1143209795	0.1132618204	0.1122105220	0.1111671338	0.1101317010	0.1091042642	0.1080848597	0.1070735197	0.1060702723	0.1050751416	0.1040881479	0.1031093079	0.1021386345	0.1011761373	0.1002218225	0.0992756929	0.0983377483	0.0974079856	0.0964863985	0.0955729780	0.0946677125	0.0937705876	0.0928815865	0.0920006900	0.0911278766	0.0902631224	0.0894064016	0.0885576863	0.0877169465	0.0868841506	0.0860592649	0.0852422543	0.0844330819	0.0836317094
0.1942852222	0.1947742345	0.1952681473	0.1957668463	0.1962702150	0.1967781343	0.1972904822	0.1978071341	0.1983279627	0.1988528374	0.1993816249	0.1999141887	0.2004503891	0.2009900832	0.2015331247	0.2020793640	0.2026286479	0.2031808196	0.2037357188	0.2042931815	0.2048530397	0.2054151218	0.2059792522	0.2065452512	0.2071129353	0.2076821167	0.2082526036	0.2088241998	0.2093967051	0.2099699148	0.2105436199	0.2111176070	0.2116916585	0.2122655521	0.2128390610	0.2134119542	0.2139839959	0.2145549460	0.2151245597	0.2156925878	0.2162587766	0.2168228678	0.2173845987	0.2179437022	0.2184999066	0.2190529361	0.2196025102	0.2201483445	0.2206901502	0.2212276344	0.2217605002	0.2222884466	0.2228111690	0.2233283587	0.2238397037	0.2243448883	0.2248435935	0.2253354969	0.2258202734	0.2262975946	0.2267671297	0.2272285452	0.2276815053	0.2281256720	0.2285607054	0.2289862642	0.2294020053	0.2298075846	0.2302026569	0.2305868767	0.2309598976	0.2313213737	0.2316709588	0.2320083075	0.2323330753	0.2326449187	0.2329434957	0.2332284663	0.2334994927	0.2337562395	0.2339983743	0.2342255681	0.2344374955	0.2346338351	0.2348142702	0.2349784887	0.2351261838	0.2352570544	0.2353708054	0.2354671480	0.2355458004	0.2356064881	0.2356489440	0.2356729091	0.2356781330	0.2356643738	0.2356313989	0.2355789854	0.2355069202	0.2354150003	0.2353030336	0.2351708389	0.2350182461	0.2348450970	0.2346512452	0.2344365563	0.2342009087	0.2339441934	0.2336663143	0.2333671887	0.2330467470	0.2327049335	0.2323417062	0.2319570369	0.2315509117	0.2311233305	0.2306743077	0.2302038721	0.2297120665	0.2291989485	0.2286645898	0.2281090766	0.2275325092	0.2269350023	0.2263166848	0.2256776994	0.2250182029	0.2243383659	0.2236383721	0.2229184191	0.2221787173	0.2214194899	0.2206409730	0.2198434148	0.2190270755	0.2181922272	0.2173391532	0.2164681479	0.2155795161	0.2146735731	0.2137506441	0.2128110634	0.2118551746	0.2108833299	0.2098958895	0.2088932213	0.2078757006	0.2068437092	0.2057976354	0.2047378733	0.2036648222	0.2025788866	0.2014804751	0.2003700002	0.1992478780	0.1981145276	0.1969703702	0.1958158296	0.1946513306	0.1934772995	0.1922941631	0.1911023483	0.1899022819	0.1886943900	0.1874790977	0.1862568285	0.1850280041	0.1837930439	0.1825523647	0.1813063805	0.1800555015	0.1788001348	0.1775406830	0.1762775447	0.1750111140	0.1737417798	0.1724699263	0.1711959319	0.1699201696	0.1686430067	0.1673648043	0.1660859171	0.1648066938	0.1635274763	0.1622485997	0.1609703923	0.1596931756	0.1584172638	0.1571429640	0.1558705758	0.1546003920	0.1533326973	0.1520677695	0.1508058787	0.1495472874	0.1482922506	0.1470410160	0.1457938234	0.1445509053	0.1433124867	0.1420787850	0.1408500103	0.1396263653	0.1384080453	0.1371952383	0.1359881254	0.1347868801	0.1335916694	0.1324026528	0.1312199833	0.1300438071	0.1288742635	0.1277114854	0.1265555994	0.1254067253	0.1242649771	0.1231304625	0.1220032832	0.1208835349	0.1197713078	0.1186666863	0.1175697494	0.1164805704	0.1153992177	0.1143257545	0.1132602389	0.1122027241	0.1111532587	0.1101118866	0.1090786471	0.1080535753	0.1070367020	0.1060280539	0.1050276536	0.1040355200	0.1030516682	0.1020761095	0.1011088520	0.1001499002	0.0991992554	0.0982569155	0.0973228759	0.0963971284	0.0954796625	0.0945704646	0.0936695188	0.0927768064	0.0918923065	0.0910159957	0.0901478485	0.0892878373	0.0884359322	0.0875921018	0.0867563124	0.0859285287	0.0851087139	0.0842968292	0.0834928347
0.1939850015	0.1944826739	0.1949853499	0.1954929165	0.1960052580	0.1965222563	0.1970437905	0.1975697367	0.1980999683	0.1986343557	0.1991727661	0.1997150637	0.2002611094	0.2008107608	0.2013638720	0.2019202936	0.2024798729	0.2030424533	0.2036078745	0.2041759724	0.2047465793	0.2053195231	0.2058946281	0.2064717143	0.2070505977	0.2076310898	0.2082129983	0.2087961261	0.2093802721	0.2099652307	0.2105507916	0.2111367402	0.2117228574	0.2123089194	0.2128946978	0.2134799596	0.2140644672	0.2146479782	0.2152302456	0.2158110178	0.2163900385	0.2169670465	0.2175417764	0.2181139578	0.2186833159	0.2192495712	0.2198124400	0.2203716338	0.2209268600	0.2214778215	0.2220242170	0.2225657411	0.2231020844	0.2236329334	0.2241579710	0.2246768762	0.2251893246	0.2256949884	0.2261935363	0.2266846342	0.2271679450	0.2276431288	0.2281098435	0.2285677442	0.2290164843	0.2294557154	0.2298850871	0.2303042480	0.2307128456	0.2311105264	0.2314969367	0.2318717221	0.2322345289	0.2325850032	0.2329227923	0.2332475444	0.2335589090	0.2338565375	0.2341400834	0.2344092028	0.2346635546	0.2349028009	0.2351266075	0.2353346443	0.2355265857	0.2357021107	0.2358609038	0.2360026552	0.2361270609	0.2362338238	0.2363226534	0.2363932667	0.2364453883	0.2364787510	0.2364930962	0.2364881742	0.2364637447	0.2364195771	0.2363554509	0.2362711562	0.2361664937	0.2360412756	0.2358953255	0.2357284790	0.2355405837	0.2353314998	0.2351011005	0.2348492717	0.2345759128	0.2342809368	0.2339642704	0.2336258543	0.2332656432	0.2328836064	0.2324797273	0.2320540042	0.2316064499	0.2311370918	0.2306459722	0.2301331483	0.2295986919	0.2290426897	0.2284652430	0.2278664678	0.2272464949	0.2266054692	0.2259435500	0.2252609110	0.2245577394	0.2238342365	0.2230906169	0.2223271086	0.2215439526	0.2207414023	0.2199197239	0.2190791953	0.2182201063	0.2173427578	0.2164474619	0.2155345411	0.2146043281	0.2136571651	0.2126934038	0.2117134047	0.2107175366	0.2097061761	0.2086797073	0.2076385214	0.2065830158	0.2055135939	0.2044306648	0.2033346423	0.2022259448	0.2011049946	0.1999722177	0.1988280428	0.1976729013	0.1965072267	0.1953314537	0.1941460184	0.1929513574	0.1917479075	0.1905361051	0.1893163858	0.1880891843	0.1868549335	0.1856140644	0.1843670056	0.1831141828	0.1818560187	0.1805929326	0.1793253397	0.1780536514	0.1767782742	0.1754996101	0.1742180560	0.1729340035	0.1716478385	0.1703599412	0.1690706856	0.1677804396	0.1664895646	0.1651984153	0.1639073398	0.1626166789	0.1613267666	0.1600379297	0.1587504874	0.1574647517	0.1561810272	0.1548996106	0.1536207912	0.1523448506	0.1510720626	0.1498026934	0.1485370014	0.1472752370	0.1460176433	0.1447644553	0.1435159005	0.1422721987	0.1410335619	0.1398001949	0.1385722946	0.1373500508	0.1361336456	0.1349232539	0.1337190437	0.1325211754	0.1313298028	0.1301450725	0.1289671244	0.1277960916	0.1266321008	0.1254752720	0.1243257190	0.1231835492	0.1220488641	0.1209217591	0.1198023236	0.1186906415	0.1175867909	0.1164908446	0.1154028699	0.1143229290	0.1132510790	0.1121873720	0.1111318553	0.1100845715	0.1090455588	0.1080148509	0.1069924770	0.1059784624	0.1049728283	0.1039755919	0.1029867668	0.1020063627	0.1010343859	0.1000708393	0.0991157225	0.0981690318	0.0972307605	0.0963008990	0.0953794348	0.0944663527	0.0935616348	0.0926652607	0.0917772077	0.0908974505	0.0900259619	0.0891627122	0.0883076702	0.0874608021	0.0866220728	0.0857914451	0.0849688803	0.0841543380	0.0833477763
0.1936702107	0.1941765218	0.1946879412	0.1952043572	0.1957256552	0.1962517180	0.1967824257	0.1973176554	0.1978572814	0.1984011748	0.1989492036	0.1995012328	0.2000571238	0.2006167347	0.2011799202	0.2017465315	0.2023164159	0.2028894172	0.2034653753	0.2040441263	0.2046255022	0.2052093312	0.2057954371	0.2063836397	0.2069737546	0.2075655930	0.2081589616	0.2087536629	0.2093494948	0.2099462507	0.2105437193	0.2111416848	0.2117399267	0.2123382195	0.2129363335	0.2135340336	0.2141310805	0.2147272295	0.2153222316	0.2159158327	0.2165077737	0.2170977911	0.2176856163	0.2182709759	0.2188535918	0.2194331813	0.2200094568	0.2205821262	0.2211508929	0.2217154556	0.2222755087	0.2228307424	0.2233808423	0.2239254902	0.2244643638	0.2249971369	0.2255234796	0.2260430583	0.2265555359	0.2270605724	0.2275578243	0.2280469453	0.2285275866	0.2289993968	0.2294620221	0.2299151069	0.2303582937	0.2307912236	0.2312135363	0.2316248707	0.2320248650	0.2324131570	0.2327893844	0.2331531854	0.2335041986	0.2338420637	0.2341664216	0.2344769149	0.2347731884	0.2350548892	0.2353216672	0.2355731756	0.2358090712	0.2360290148	0.2362326718	0.2364197122	0.2365898115	0.2367426507	0.2368779172	0.2369953047	0.2370945141	0.2371752535	0.2372372392	0.2372801954	0.2373038552	0.2373079607	0.2372922636	0.2372565254	0.2372005182	0.2371240245	0.2370268381	0.2369087641	0.2367696195	0.2366092336	0.2364274478	0.2362241168	0.2359991081	0.2357523025	0.2354835949	0.2351928936	0.2348801213	0.2345452152	0.2341881267	0.2338088220	0.2334072823	0.2329835037	0.2325374973	0.2320692894	0.2315789214	0.2310664502	0.2305319476	0.2299755008	0.2293972121	0.2287971989	0.2281755936	0.2275325435	0.2268682106	0.2261827714	0.2254764170	0.2247493523	0.2240017964	0.2232339819	0.2224461548	0.2216385743	0.2208115121	0.2199652524	0.2191000916	0.2182163375	0.2173143092	0.2163943369	0.2154567608	0.2145019315	0.2135302088	0.2125419617	0.2115375678	0.2105174128	0.2094818898	0.2084313994	0.2073663485	0.2062871502	0.2051942232	0.2040879912	0.2029688826	0.2018373298	0.2006937687	0.1995386381	0.1983723797	0.1971954369	0.1960082547	0.1948112792	0.1936049570	0.1923897348	0.1911660591	0.1899343753	0.1886951277	0.1874487589	0.1861957093	0.1849364168	0.1836713165	0.1824008401	0.1811254156	0.1798454671	0.1785614143	0.1772736723	0.1759826510	0.1746887553	0.1733923845	0.1720939320	0.1707937852	0.1694923253	0.1681899269	0.1668869581	0.1655837798	0.1642807462	0.1629782041	0.1616764932	0.1603759455	0.1590768855	0.1577796301	0.1564844885	0.1551917621	0.1539017442	0.1526147205	0.1513309685	0.1500507580	0.1487743505	0.1475019999	0.1462339519	0.1449704443	0.1437117070	0.1424579621	0.1412094237	0.1399662984	0.1387287849	0.1374970743	0.1362713503	0.1350517888	0.1338385588	0.1326318216	0.1314317315	0.1302384358	0.1290520747	0.1278727816	0.1267006832	0.1255358995	0.1243785442	0.1232287244	0.1220865412	0.1209520894	0.1198254579	0.1187067299	0.1175959827	0.1164932882	0.1153987128	0.1143123175	0.1132341584	0.1121642863	0.1111027474	0.1100495829	0.1090048295	0.1079685195	0.1069406808	0.1059213370	0.1049105078	0.1039082087	0.1029144516	0.1019292447	0.1009525925	0.0999844962	0.0990249535	0.0980739590	0.0971315042	0.0961975777	0.0952721652	0.0943552495	0.0934468110	0.0925468274	0.0916552740	0.0907721239	0.0898973478	0.0890309144	0.0881727903	0.0873229402	0.0864813268	0.0856479114	0.0848226532	0.0840055101	0.0831964383
0.1933406132	0.1938555377	0.1943756771	0.1949009207	0.1954311551	0.1959662641	0.1965061290	0.1970506278	0.1975996356	0.1981530246	0.1987106636	0.1992724182	0.1998381506	0.2004077195	0.2009809803	0.2015577844	0.2021379798	0.2027214106	0.2033079167	0.2038973346	0.2044894964	0.2050842300	0.2056813593	0.2062807038	0.2068820788	0.2074852950	0.2080901587	0.2086964717	0.2093040310	0.2099126290	0.2105220537	0.2111320878	0.2117425096	0.2123530923	0.2129636043	0.2135738092	0.2141834653	0.2147923264	0.2154001408	0.2160066523	0.2166115993	0.2172147154	0.2178157293	0.2184143644	0.2190103397	0.2196033687	0.2201931605	0.2207794190	0.2213618438	0.2219401293	0.2225139658	0.2230830386	0.2236470288	0.2242056133	0.2247584646	0.2253052511	0.2258456374	0.2263792842	0.2269058486	0.2274249842	0.2279363415	0.2284395675	0.2289343068	0.2294202010	0.2298968894	0.2303640091	0.2308211951	0.2312680809	0.2317042987	0.2321294792	0.2325432526	0.2329452484	0.2333350963	0.2337124255	0.2340768664	0.2344280497	0.2347656076	0.2350891737	0.2353983839	0.2356928760	0.2359722910	0.2362362728	0.2364844689	0.2367165308	0.2369321147	0.2371308814	0.2373124969	0.2374766333	0.2376229685	0.2377511873	0.2378609815	0.2379520503	0.2380241009	0.2380768491	0.2381100192	0.2381233451	0.2381165701	0.2380894477	0.2380417421	0.2379732282	0.2378836924	0.2377729327	0.2376407592	0.2374869946	0.2373114741	0.2371140464	0.2368945732	0.2366529304	0.2363890074	0.2361027084	0.2357939517	0.2354626706	0.2351088132	0.2347323427	0.2343332377	0.2339114920	0.2334671151	0.2330001319	0.2325105830	0.2319985248	0.2314640292	0.2309071838	0.2303280919	0.2297268721	0.2291036588	0.2284586015	0.2277918648	0.2271036285	0.2263940870	0.2256634494	0.2249119392	0.2241397937	0.2233472643	0.2225346155	0.2217021252	0.2208500840	0.2199787948	0.2190885725	0.2181797437	0.2172526461	0.2163076280	0.2153450481	0.2143652748	0.2133686858	0.2123556679	0.2113266157	0.2102819320	0.2092220267	0.2081473166	0.2070582247	0.2059551796	0.2048386152	0.2037089701	0.2025666868	0.2014122116	0.2002459938	0.1990684853	0.1978801399	0.1966814130	0.1954727609	0.1942546406	0.1930275091	0.1917918228	0.1905480373	0.1892966067	0.1880379836	0.1867726179	0.1855009572	0.1842234459	0.1829405250	0.1816526315	0.1803601983	0.1790636540	0.1777634219	0.1764599204	0.1751535624	0.1738447549	0.1725338992	0.1712213898	0.1699076153	0.1685929570	0.1672777898	0.1659624810	0.1646473910	0.1633328727	0.1620192711	0.1607069240	0.1593961611	0.1580873042	0.1567806672	0.1554765560	0.1541752681	0.1528770933	0.1515823129	0.1502912001	0.1490040199	0.1477210291	0.1464424764	0.1451686022	0.1438996389	0.1426358108	0.1413773341	0.1401244172	0.1388772604	0.1376360563	0.1364009899	0.1351722383	0.1339499713	0.1327343510	0.1315255324	0.1303236632	0.1291288839	0.1279413281	0.1267611225	0.1255883871	0.1244232352	0.1232657737	0.1221161032	0.1209743180	0.1198405062	0.1187147503	0.1175971268	0.1164877065	0.1153865549	0.1142937318	0.1132092920	0.1121332853	0.1110657564	0.1100067451	0.1089562867	0.1079144120	0.1068811473	0.1058565146	0.1048405320	0.1038332133	0.1028345687	0.1018446046	0.1008633238	0.0998907257	0.0989268060	0.0979715577	0.0970249704	0.0960870307	0.0951577224	0.0942370266	0.0933249216	0.0924213832	0.0915263850	0.0906398980	0.0897618910	0.0888923309	0.0880311822	0.0871784079	0.0863339688	0.0854978242	0.0846699314	0.0838502466	0.0830387242
0.1929959706	0.1935194798	0.1940483120	0.1945823576	0.1951215045	0.1956656378	0.1962146395	0.1967683890	0.1973267624	0.1978896327	0.1984568696	0.1990283395	0.1996039056	0.2001834271	0.2007667601	0.2013537565	0.2019442648	0.2025381294	0.2031351908	0.2037352855	0.2043382457	0.2049438995	0.2055520708	0.2061625788	0.2067752385	0.2073898603	0.2080062501	0.2086242089	0.2092435331	0.2098640144	0.2104854396	0.2111075904	0.2117302437	0.2123531715	0.2129761407	0.2135989129	0.2142212449	0.2148428883	0.2154635894	0.2160830895	0.2167011246	0.2173174257	0.2179317185	0.2185437236	0.2191531566	0.2197597277	0.2203631423	0.2209631008	0.2215592986	0.2221514261	0.2227391690	0.2233222083	0.2239002203	0.2244728769	0.2250398454	0.2256007889	0.2261553664	0.2267032329	0.2272440394	0.2277774335	0.2283030591	0.2288205568	0.2293295643	0.2298297163	0.2303206449	0.2308019799	0.2312733487	0.2317343773	0.2321846896	0.2326239086	0.2330516562	0.2334675535	0.2338712216	0.2342622813	0.2346403539	0.2350050613	0.2353560268	0.2356928748	0.2360152318	0.2363227266	0.2366149907	0.2368916584	0.2371523680	0.2373967615	0.2376244854	0.2378351910	0.2380285350	0.2382041798	0.2383617940	0.2385010530	0.2386216393	0.2387232429	0.2388055619	0.2388683030	0.2389111819	0.2389339236	0.2389362630	0.2389179453	0.2388787266	0.2388183740	0.2387366661	0.2386333936	0.2385083595	0.2383613797	0.2381922830	0.2380009116	0.2377871217	0.2375507835	0.2372917814	0.2370100147	0.2367053974	0.2363778589	0.2360273435	0.2356538115	0.2352572386	0.2348376165	0.2343949527	0.2339292707	0.2334406103	0.2329290272	0.2323945935	0.2318373971	0.2312575421	0.2306551488	0.2300303531	0.2293833069	0.2287141775	0.2280231479	0.2273104161	0.2265761954	0.2258207136	0.2250442131	0.2242469504	0.2234291960	0.2225912337	0.2217333607	0.2208558867	0.2199591339	0.2190434364	0.2181091397	0.2171566004	0.2161861855	0.2151982723	0.2141932476	0.2131715069	0.2121334548	0.2110795034	0.2100100727	0.2089255892	0.2078264862	0.2067132025	0.2055861824	0.2044458748	0.2032927330	0.2021272137	0.2009497768	0.1997608848	0.1985610021	0.1973505949	0.1961301299	0.1949000747	0.1936608966	0.1924130624	0.1911570381	0.1898932879	0.1886222744	0.1873444574	0.1860602943	0.1847702390	0.1834747420	0.1821742494	0.1808692034	0.1795600412	0.1782471948	0.1769310912	0.1756121512	0.1742907901	0.1729674165	0.1716424329	0.1703162348	0.1689892108	0.1676617423	0.1663342033	0.1650069605	0.1636803725	0.1623547906	0.1610305576	0.1597080087	0.1583874707	0.1570692622	0.1557536936	0.1544410669	0.1531316756	0.1518258049	0.1505237316	0.1492257240	0.1479320419	0.1466429369	0.1453586521	0.1440794223	0.1428054739	0.1415370253	0.1402742864	0.1390174595	0.1377667384	0.1365223094	0.1352843506	0.1340530326	0.1328285185	0.1316109636	0.1304005161	0.1291973167	0.1280014992	0.1268131902	0.1256325096	0.1244595703	0.1232944789	0.1221373354	0.1209882334	0.1198472605	0.1187144982	0.1175900219	0.1164739017	0.1153662016	0.1142669806	0.1131762921	0.1120941845	0.1110207010	0.1099558802	0.1088997558	0.1078523569	0.1068137082	0.1057838301	0.1047627390	0.1037504469	0.1027469623	0.1017522898	0.1007664302	0.0997893810	0.0988211364	0.0978616872	0.0969110211	0.0959691228	0.0950359742	0.0941115544	0.0931958398	0.0922888042	0.0913904193	0.0905006540	0.0896194753	0.0887468479	0.0878827348	0.0870270966	0.0861798924	0.0853410795	0.0845106135	0.0836884484	0.0828745368
0.1926360436	0.1931681049	0.1937055987	0.1942484170	0.1947964487	0.1953495801	0.1959076946	0.1964706725	0.1970383910	0.1976107242	0.1981875428	0.1987687141	0.1993541019	0.1999435665	0.2005369644	0.2011341484	0.2017349673	0.2023392662	0.2029468859	0.2035576631	0.2041714304	0.2047880159	0.2054072434	0.2060289323	0.2066528973	0.2072789484	0.2079068911	0.2085365260	0.2091676488	0.2098000504	0.2104335166	0.2110678281	0.2117027608	0.2123380851	0.2129735665	0.2136089651	0.2142440358	0.2148785282	0.2155121866	0.2161447499	0.2167759519	0.2174055207	0.2180331794	0.2186586455	0.2192816313	0.2199018439	0.2205189850	0.2211327513	0.2217428341	0.2223489198	0.2229506898	0.2235478204	0.2241399832	0.2247268450	0.2253080681	0.2258833101	0.2264522245	0.2270144603	0.2275696626	0.2281174726	0.2286575280	0.2291894627	0.2297129074	0.2302274898	0.2307328348	0.2312285647	0.2317142993	0.2321896566	0.2326542528	0.2331077024	0.2335496191	0.2339796156	0.2343973040	0.2348022965	0.2351942053	0.2355726434	0.2359372247	0.2362875643	0.2366232794	0.2369439892	0.2372493156	0.2375388833	0.2378123209	0.2380692607	0.2383093393	0.2385321984	0.2387374849	0.2389248514	0.2390939570	0.2392444672	0.2393760551	0.2394884012	0.2395811943	0.2396541319	0.2397069204	0.2397392759	0.2397509247	0.2397416034	0.2397110595	0.2396590522	0.2395853522	0.2394897425	0.2393720189	0.2392319900	0.2390694781	0.2388843190	0.2386763626	0.2384454736	0.2381915311	0.2379144293	0.2376140778	0.2372904016	0.2369433417	0.2365728547	0.2361789137	0.2357615079	0.2353206428	0.2348563406	0.2343686399	0.2338575959	0.2333232806	0.2327657824	0.2321852063	0.2315816738	0.2309553227	0.2303063071	0.2296347973	0.2289409794	0.2282250551	0.2274872418	0.2267277719	0.2259468929	0.2251448668	0.2243219697	0.2234784920	0.2226147373	0.2217310224	0.2208276770	0.2199050427	0.2189634733	0.2180033336	0.2170249995	0.2160288571	0.2150153023	0.2139847403	0.2129375852	0.2118742591	0.2107951920	0.2097008207	0.2085915889	0.2074679458	0.2063303464	0.2051792504	0.2040151217	0.2028384280	0.2016496400	0.2004492310	0.1992376765	0.1980154532	0.1967830389	0.1955409119	0.1942895502	0.1930294312	0.1917610313	0.1904848252	0.1892012855	0.1879108826	0.1866140834	0.1853113518	0.1840031478	0.1826899271	0.1813721409	0.1800502355	0.1787246518	0.1773958251	0.1760641849	0.1747301543	0.1733941500	0.1720565820	0.1707178531	0.1693783591	0.1680384883	0.1666986214	0.1653591311	0.1640203825	0.1626827324	0.1613465294	0.1600121138	0.1586798175	0.1573499641	0.1560228682	0.1546988363	0.1533781658	0.1520611459	0.1507480567	0.1494391699	0.1481347484	0.1468350467	0.1455403103	0.1442507766	0.1429666741	0.1416882231	0.1404156355	0.1391491148	0.1378888566	0.1366350480	0.1353878683	0.1341474890	0.1329140736	0.1316877782	0.1304687511	0.1292571334	0.1280530587	0.1268566536	0.1256680378	0.1244873239	0.1233146179	0.1221500192	0.1209936207	0.1198455093	0.1187057654	0.1175744636	0.1164516727	0.1153374556	0.1142318701	0.1131349681	0.1120467967	0.1109673977	0.1098968079	0.1088350597	0.1077821804	0.1067381930	0.1057031164	0.1046769648	0.1036597489	0.1026514749	0.1016521457	0.1006617602	0.0996803141	0.0987077995	0.0977442052	0.0967895171	0.0958437178	0.0949067872	0.0939787024	0.0930594378	0.0921489654	0.0912472544	0.0903542722	0.0894699835	0.0885943512	0.0877273360	0.0868688969	0.0860189908	0.0851775731	0.0843445973	0.0835200158	0.0827037789
0.1922605915	0.1928011683	0.1933472889	0.1938988463	0.1944557310	0.1950178305	0.1955850295	0.1961572094	0.1967342486	0.1973160223	0.1979024022	0.1984932565	0.1990884501	0.1996878439	0.2002912953	0.2008986579	0.2015097810	0.2021245103	0.2027426870	0.2033641483	0.2039887269	0.2046162512	0.2052465452	0.2058794281	0.2065147146	0.2071522145	0.2077917328	0.2084330698	0.2090760205	0.2097203752	0.2103659187	0.2110124310	0.2116596866	0.2123074548	0.2129554995	0.2136035794	0.2142514477	0.2148988519	0.2155455345	0.2161912320	0.2168356758	0.2174785915	0.2181196994	0.2187587139	0.2193953444	0.2200292946	0.2206602625	0.2212879412	0.2219120181	0.2225321754	0.2231480901	0.2237594340	0.2243658738	0.2249670715	0.2255626841	0.2261523638	0.2267357583	0.2273125109	0.2278822607	0.2284446425	0.2289992874	0.2295458227	0.2300838722	0.2306130564	0.2311329928	0.2316432961	0.2321435785	0.2326334500	0.2331125186	0.2335803906	0.2340366710	0.2344809639	0.2349128727	0.2353320004	0.2357379503	0.2361303259	0.2365087318	0.2368727736	0.2372220588	0.2375561968	0.2378747998	0.2381774828	0.2384638642	0.2387335664	0.2389862160	0.2392214448	0.2394388896	0.2396381930	0.2398190041	0.2399809788	0.2401237800	0.2402470786	0.2403505539	0.2404338936	0.2404967950	0.2405389649	0.2405601206	0.2405599897	0.2405383113	0.2404948361	0.2404293266	0.2403415580	0.2402313185	0.2400984095	0.2399426461	0.2397638576	0.2395618878	0.2393365952	0.2390878535	0.2388155518	0.2385195948	0.2381999034	0.2378564145	0.2374890815	0.2370978744	0.2366827797	0.2362438012	0.2357809592	0.2352942915	0.2347838525	0.2342497140	0.2336919649	0.2331107110	0.2325060751	0.2318781969	0.2312272330	0.2305533562	0.2298567560	0.2291376379	0.2283962235	0.2276327500	0.2268474698	0.2260406506	0.2252125746	0.2243635384	0.2234938525	0.2226038411	0.2216938411	0.2207642023	0.2198152866	0.2188474676	0.2178611299	0.2168566688	0.2158344898	0.2147950077	0.2137386465	0.2126658386	0.2115770241	0.2104726505	0.2093531719	0.2082190486	0.2070707463	0.2059087357	0.2047334918	0.2035454933	0.2023452221	0.2011331627	0.1999098016	0.1986756268	0.1974311271	0.1961767916	0.1949131095	0.1936405689	0.1923596570	0.1910708592	0.1897746584	0.1884715353	0.1871619672	0.1858464278	0.1845253869	0.1831993098	0.1818686572	0.1805338845	0.1791954415	0.1778537724	0.1765093151	0.1751625008	0.1738137545	0.1724634936	0.1711121286	0.1697600625	0.1684076904	0.1670553998	0.1657035699	0.1643525718	0.1630027682	0.1616545134	0.1603081530	0.1589640240	0.1576224547	0.1562837645	0.1549482639	0.1536162546	0.1522880293	0.1509638720	0.1496440574	0.1483288516	0.1470185118	0.1457132863	0.1444134146	0.1431191275	0.1418306472	0.1405481874	0.1392719530	0.1380021409	0.1367389394	0.1354825288	0.1342330812	0.1329907610	0.1317557244	0.1305281201	0.1293080893	0.1280957656	0.1268912755	0.1256947383	0.1245062661	0.1233259645	0.1221539321	0.1209902612	0.1198350375	0.1186883407	0.1175502441	0.1164208154	0.1153001164	0.1141882032	0.1130851266	0.1119909321	0.1109056599	0.1098293454	0.1087620191	0.1077037066	0.1066544294	0.1056142043	0.1045830438	0.1035609566	0.1025479472	0.1015440164	0.1005491612	0.0995633752	0.0985866486	0.0976189683	0.0966603179	0.0957106781	0.0947700268	0.0938383390	0.0929155870	0.0920017406	0.0910967673	0.0902006322	0.0893132980	0.0884347256	0.0875648736	0.0867036989	0.0858511566	0.0850071999	0.0841717805	0.0833448485	0.0825263527
0.1918693725	0.1924184243	0.1929731325	0.1935333916	0.1940990935	0.1946701269	0.1952463780	0.1958277293	0.1964140605	0.1970052479	0.1976011644	0.1982016792	0.1988066581	0.1994159630	0.2000294522	0.2006469800	0.2012683964	0.2018935477	0.2025222758	0.2031544181	0.2037898080	0.2044282739	0.2050696400	0.2057137256	0.2063603454	0.2070093090	0.2076604213	0.2083134819	0.2089682856	0.2096246218	0.2102822748	0.2109410234	0.2116006412	0.2122608963	0.2129215514	0.2135823634	0.2142430839	0.2149034588	0.2155632283	0.2162221270	0.2168798837	0.2175362215	0.2181908580	0.2188435049	0.2194938682	0.2201416484	0.2207865401	0.2214282324	0.2220664091	0.2227007480	0.2233309219	0.2239565981	0.2245774384	0.2251930998	0.2258032340	0.2264074879	0.2270055035	0.2275969182	0.2281813649	0.2287584722	0.2293278645	0.2298891623	0.2304419824	0.2309859381	0.2315206395	0.2320456937	0.2325607048	0.2330652749	0.2335590037	0.2340414890	0.2345123273	0.2349711137	0.2354174426	0.2358509080	0.2362711037	0.2366776240	0.2370700635	0.2374480184	0.2378110863	0.2381588667	0.2384909617	0.2388069761	0.2391065182	0.2393892003	0.2396546387	0.2399024549	0.2401322754	0.2403437326	0.2405364655	0.2407101196	0.2408643479	0.2409988112	0.2411131788	0.2412071288	0.2412803488	0.2413325360	0.2413633985	0.2413726547	0.2413600350	0.2413252811	0.2412681474	0.2411884008	0.2410858218	0.2409602041	0.2408113557	0.2406390990	0.2404432712	0.2402237249	0.2399803278	0.2397129637	0.2394215326	0.2391059507	0.2387661510	0.2384020832	0.2380137141	0.2376010279	0.2371640258	0.2367027267	0.2362171670	0.2357074006	0.2351734992	0.2346155517	0.2340336650	0.2334279632	0.2327985878	0.2321456977	0.2314694686	0.2307700934	0.2300477814	0.2293027584	0.2285352664	0.2277455632	0.2269339221	0.2261006314	0.2252459943	0.2243703283	0.2234739648	0.2225572488	0.2216205380	0.2206642028	0.2196886256	0.2186942001	0.2176813311	0.2166504338	0.2156019328	0.2145362625	0.2134538655	0.2123551926	0.2112407020	0.2101108589	0.2089661344	0.2078070056	0.2066339542	0.2054474668	0.2042480332	0.2030361469	0.2018123038	0.2005770018	0.1993307401	0.1980740190	0.1968073389	0.1955312000	0.1942461017	0.1929525420	0.1916510172	0.1903420210	0.1890260445	0.1877035754	0.1863750976	0.1850410910	0.1837020306	0.1823583866	0.1810106238	0.1796592012	0.1783045718	0.1769471821	0.1755874718	0.1742258738	0.1728628136	0.1714987092	0.1701339709	0.1687690008	0.1674041931	0.1660399337	0.1646765998	0.1633145600	0.1619541743	0.1605957937	0.1592397604	0.1578864073	0.1565360586	0.1551890290	0.1538456242	0.1525061409	0.1511708663	0.1498400787	0.1485140471	0.1471930314	0.1458772825	0.1445670423	0.1432625438	0.1419640109	0.1406716589	0.1393856945	0.1381063155	0.1368337116	0.1355680638	0.1343095449	0.1330583198	0.1318145452	0.1305783700	0.1293499353	0.1281293748	0.1269168145	0.1257123734	0.1245161633	0.1233282889	0.1221488482	0.1209779325	0.1198156267	0.1186620093	0.1175171525	0.1163811227	0.1152539804	0.1141357802	0.1130265716	0.1119263983	0.1108352991	0.1097533075	0.1086804523	0.1076167576	0.1065622427	0.1055169227	0.1044808082	0.1034539058	0.1024362183	0.1014277442	0.1004284787	0.0994384132	0.0984575359	0.0974858316	0.0965232818	0.0955698652	0.0946255574	0.0936903314	0.0927641574	0.0918470032	0.0909388340	0.0900396128	0.0891493003	0.0882678553	0.0873952343	0.0865313921	0.0856762818	0.0848298545	0.0839920600	0.0831628463	0.0823421602
0.1914621438	0.1920196260	0.1925828786	0.1931517978	0.1937262766	0.1943062056	0.1948914720	0.1954819598	0.1960775500	0.1966781200	0.1972835439	0.1978936921	0.1985084315	0.1991276250	0.1997511317	0.2003788067	0.2010105010	0.2016460615	0.2022853307	0.2029281466	0.2035743428	0.2042237484	0.2048761877	0.2055314802	0.2061894405	0.2068498782	0.2075125980	0.2081773993	0.2088440764	0.2095124181	0.2101822079	0.2108532240	0.2115252390	0.2121980197	0.2128713275	0.2135449180	0.2142185412	0.2148919412	0.2155648562	0.2162370186	0.2169081551	0.2175779863	0.2182462270	0.2189125861	0.2195767665	0.2202384653	0.2208973739	0.2215531776	0.2222055561	0.2228541834	0.2234987277	0.2241388518	0.2247742129	0.2254044628	0.2260292480	0.2266482099	0.2272609848	0.2278672042	0.2284664949	0.2290584789	0.2296427742	0.2302189944	0.2307867491	0.2313456444	0.2318952828	0.2324352636	0.2329651831	0.2334846350	0.2339932107	0.2344904995	0.2349760889	0.2354495653	0.2359105138	0.2363585190	0.2367931653	0.2372140372	0.2376207198	0.2380127991	0.2383898628	0.2387515002	0.2390973030	0.2394268660	0.2397397869	0.2400356674	0.2403141137	0.2405747363	0.2408171515	0.2410409812	0.2412458536	0.2414314041	0.2415972751	0.2417431173	0.2418685897	0.2419733602	0.2420571067	0.2421195165	0.2421602881	0.2421791306	0.2421757651	0.2421499244	0.2421013543	0.2420298133	0.2419350737	0.2418169214	0.2416751570	0.2415095958	0.2413200683	0.2411064205	0.2408685144	0.2406062283	0.2403194568	0.2400081117	0.2396721216	0.2393114325	0.2389260081	0.2385158295	0.2380808959	0.2376212244	0.2371368499	0.2366278258	0.2360942234	0.2355361320	0.2349536591	0.2343469304	0.2337160891	0.2330612964	0.2323827311	0.2316805892	0.2309550842	0.2302064461	0.2294349219	0.2286407747	0.2278242836	0.2269857432	0.2261254634	0.2252437689	0.2243409986	0.2234175054	0.2224736554	0.2215098278	0.2205264138	0.2195238166	0.2185024507	0.2174627410	0.2164051226	0.2153300402	0.2142379470	0.2131293048	0.2120045828	0.2108642573	0.2097088109	0.2085387319	0.2073545139	0.2061566547	0.2049456560	0.2037220230	0.2024862631	0.2012388860	0.1999804026	0.1987113246	0.1974321642	0.1961434328	0.1948456412	0.1935392987	0.1922249125	0.1909029875	0.1895740253	0.1882385243	0.1868969788	0.1855498788	0.1841977094	0.1828409506	0.1814800765	0.1801155556	0.1787478497	0.1773774143	0.1760046975	0.1746301405	0.1732541767	0.1718772317	0.1704997234	0.1691220609	0.1677446455	0.1663678693	0.1649921159	0.1636177600	0.1622451673	0.1608746941	0.1595066878	0.1581414862	0.1567794180	0.1554208023	0.1540659489	0.1527151581	0.1513687207	0.1500269183	0.1486900228	0.1473582970	0.1460319944	0.1447113590	0.1433966258	0.1420880207	0.1407857607	0.1394900537	0.1382010989	0.1369190869	0.1356441995	0.1343766102	0.1331164844	0.1318639790	0.1306192430	0.1293824176	0.1281536362	0.1269330247	0.1257207014	0.1245167775	0.1233213572	0.1221345375	0.1209564088	0.1197870549	0.1186265532	0.1174749746	0.1163323843	0.1151988412	0.1140743986	0.1129591043	0.1118530003	0.1107561238	0.1096685066	0.1085901756	0.1075211530	0.1064614563	0.1054110985	0.1043700884	0.1033384306	0.1023161255	0.1013031699	0.1002995568	0.0993052756	0.0983203121	0.0973446491	0.0963782659	0.0954211392	0.0944732423	0.0935345461	0.0926050187	0.0916846255	0.0907733297	0.0898710921	0.0889778714	0.0880936240	0.0872183045	0.0863518656	0.0854942582	0.0846454313	0.0838053326	0.0829739083	0.0821511029
0.1910386618	0.1916045255	0.1921762751	0.1927538083	0.1933370198	0.1939258014	0.1945200420	0.1951196269	0.1957244385	0.1963343555	0.1969492532	0.1975690033	0.1981934737	0.1988225284	0.1994560276	0.2000938274	0.2007357794	0.2013817315	0.2020315268	0.2026850039	0.2033419971	0.2040023358	0.2046658445	0.2053323431	0.2060016464	0.2066735638	0.2073479001	0.2080244543	0.2087030203	0.2093833867	0.2100653362	0.2107486462	0.2114330883	0.2121184286	0.2128044270	0.2134908379	0.2141774096	0.2148638845	0.2155499991	0.2162354837	0.2169200625	0.2176034540	0.2182853701	0.2189655170	0.2196435947	0.2203192969	0.2209923115	0.2216623203	0.2223289991	0.2229920176	0.2236510400	0.2243057243	0.2249557229	0.2256006828	0.2262402450	0.2268740457	0.2275017152	0.2281228792	0.2287371582	0.2293441678	0.2299435193	0.2305348194	0.2311176706	0.2316916714	0.2322564169	0.2328114985	0.2333565043	0.2338910199	0.2344146281	0.2349269093	0.2354274424	0.2359158043	0.2363915711	0.2368543177	0.2373036190	0.2377390495	0.2381601844	0.2385665996	0.2389578724	0.2393335818	0.2396933092	0.2400366385	0.2403631570	0.2406724557	0.2409641298	0.2412377793	0.2414930095	0.2417294316	0.2419466632	0.2421443286	0.2423220599	0.2424794970	0.2426162885	0.2427320921	0.2428265751	0.2428994151	0.2429503004	0.2429789307	0.2429850174	0.2429682844	0.2429284682	0.2428653188	0.2427786000	0.2426680899	0.2425335811	0.2423748817	0.2421918152	0.2419842210	0.2417519548	0.2414948893	0.2412129138	0.2409059351	0.2405738775	0.2402166831	0.2398343121	0.2394267428	0.2389939719	0.2385360146	0.2380529047	0.2375446944	0.2370114548	0.2364532755	0.2358702650	0.2352625499	0.2346302755	0.2339736053	0.2332927211	0.2325878224	0.2318591265	0.2311068680	0.2303312988	0.2295326875	0.2287113191	0.2278674948	0.2270015312	0.2261137604	0.2252045290	0.2242741981	0.2233231423	0.2223517497	0.2213604207	0.2203495683	0.2193196166	0.2182710009	0.2172041667	0.2161195694	0.2150176732	0.2138989510	0.2127638833	0.2116129579	0.2104466689	0.2092655166	0.2080700061	0.2068606473	0.2056379539	0.2044024428	0.2031546336	0.2018950478	0.2006242083	0.1993426388	0.1980508629	0.1967494040	0.1954387845	0.1941195250	0.1927921442	0.1914571579	0.1901150789	0.1887664164	0.1874116752	0.1860513558	0.1846859533	0.1833159577	0.1819418530	0.1805641168	0.1791832204	0.1777996279	0.1764137963	0.1750261751	0.1736372057	0.1722473216	0.1708569480	0.1694665016	0.1680763903	0.1666870129	0.1652987595	0.1639120106	0.1625271377	0.1611445028	0.1597644581	0.1583873466	0.1570135014	0.1556432460	0.1542768942	0.1529147501	0.1515571081	0.1502042528	0.1488564594	0.1475139932	0.1461771101	0.1448460566	0.1435210697	0.1422023770	0.1408901970	0.1395847390	0.1382862034	0.1369947817	0.1357106565	0.1344340019	0.1331649836	0.1319037587	0.1306504764	0.1294052776	0.1281682957	0.1269396558	0.1257194761	0.1245078669	0.1233049316	0.1221107663	0.1209254604	0.1197490966	0.1185817509	0.1174234932	0.1162743869	0.1151344896	0.1140038530	0.1128825232	0.1117705406	0.1106679405	0.1095747530	0.1084910029	0.1074167106	0.1063518916	0.1052965569	0.1042507132	0.1032143630	0.1021875047	0.1011701329	0.1001622384	0.0991638084	0.0981748266	0.0971952735	0.0962251264	0.0952643595	0.0943129441	0.0933708487	0.0924380392	0.0915144790	0.0906001289	0.0896949476	0.0887988915	0.0879119149	0.0870339702	0.0861650080	0.0853049769	0.0844538240	0.0836114949	0.0827779335	0.0819530824
0.1905986819	0.1911728740	0.1917530688	0.1923391656	0.1929310608	0.1935286479	0.1941318169	0.1947404551	0.1953544459	0.1959736696	0.1965980029	0.1972273185	0.1978614857	0.1985003697	0.1991438317	0.1997917287	0.2004439136	0.2011002348	0.2017605362	0.2024246575	0.2030924331	0.2037636932	0.2044382628	0.2051159619	0.2057966055	0.2064800033	0.2071659599	0.2078542742	0.2085447400	0.2092371452	0.2099312721	0.2106268975	0.2113237922	0.2120217211	0.2127204431	0.2134197113	0.2141192726	0.2148188677	0.2155182312	0.2162170915	0.2169151707	0.2176121847	0.2183078431	0.2190018491	0.2196938998	0.2203836857	0.2210708914	0.2217551949	0.2224362682	0.2231137771	0.2237873812	0.2244567342	0.2251214836	0.2257812713	0.2264357334	0.2270845001	0.2277271964	0.2283634417	0.2289928504	0.2296150317	0.2302295899	0.2308361249	0.2314342319	0.2320235022	0.2326035228	0.2331738773	0.2337341457	0.2342839052	0.2348227297	0.2353501911	0.2358658590	0.2363693011	0.2368600840	0.2373377730	0.2378019330	0.2382521287	0.2386879249	0.2391088873	0.2395145827	0.2399045795	0.2402784484	0.2406357624	0.2409760980	0.2412990352	0.2416041582	0.2418910560	0.2421593229	0.2424085588	0.2426383704	0.2428483711	0.2430381819	0.2432074318	0.2433557587	0.2434828096	0.2435882413	0.2436717211	0.2437329271	0.2437715490	0.2437872884	0.2437798597	0.2437489902	0.2436944210	0.2436159071	0.2435132183	0.2433861393	0.2432344705	0.2430580282	0.2428566450	0.2426301703	0.2423784706	0.2421014298	0.2417989496	0.2414709498	0.2411173684	0.2407381620	0.2403333058	0.2399027940	0.2394466399	0.2389648756	0.2384575527	0.2379247418	0.2373665327	0.2367830345	0.2361743753	0.2355407022	0.2348821812	0.2341989969	0.2334913524	0.2327594689	0.2320035858	0.2312239599	0.2304208655	0.2295945936	0.2287454519	0.2278737643	0.2269798702	0.2260641242	0.2251268956	0.2241685679	0.2231895381	0.2221902165	0.2211710256	0.2201323998	0.2190747848	0.2179986368	0.2169044222	0.2157926165	0.2146637039	0.2135181766	0.2123565340	0.2111792824	0.2099869338	0.2087800057	0.2075590199	0.2063245025	0.2050769827	0.2038169922	0.2025450648	0.2012617356	0.1999675404	0.1986630149	0.1973486946	0.1960251134	0.1946928040	0.1933522963	0.1920041177	0.1906487923	0.1892868400	0.1879187768	0.1865451134	0.1851663556	0.1837830033	0.1823955504	0.1810044843	0.1796102853	0.1782134268	0.1768143745	0.1754135863	0.1740115119	0.1726085928	0.1712052617	0.1698019425	0.1683990502	0.1669969904	0.1655961593	0.1641969439	0.1627997211	0.1614048586	0.1600127138	0.1586236345	0.1572379584	0.1558560134	0.1544781174	0.1531045781	0.1517356934	0.1503717513	0.1490130297	0.1476597967	0.1463123108	0.1449708205	0.1436355649	0.1423067732	0.1409846655	0.1396694524	0.1383613353	0.1370605067	0.1357671498	0.1344814393	0.1332035410	0.1319336124	0.1306718025	0.1294182521	0.1281730941	0.1269364534	0.1257084473	0.1244891855	0.1232787705	0.1220772973	0.1208848544	0.1197015230	0.1185273780	0.1173624877	0.1162069142	0.1150607134	0.1139239353	0.1127966244	0.1116788192	0.1105705532	0.1094718544	0.1083827459	0.1073032460	0.1062333680	0.1051731210	0.1041225095	0.1030815338	0.1020501902	0.1010284709	0.1000163647	0.0990138565	0.0980209277	0.0970375566	0.0960637181	0.0950993842	0.0941445240	0.0931991037	0.0922630868	0.0913364346	0.0904191055	0.0895110560	0.0886122403	0.0877226105	0.0868421167	0.0859707074	0.0851083289	0.0842549263	0.0834104428	0.0825748205	0.0817479998
0.1901419590	0.1907244218	0.1913130055	0.1919076111	0.1925081367	0.1931144773	0.1937265246	0.1943441673	0.1949672906	0.1955957760	0.1962295016	0.1968683416	0.1975121666	0.1981608429	0.1988142330	0.1994721949	0.2001345826	0.2008012454	0.2014720282	0.2021467711	0.2028253098	0.2035074746	0.2041930912	0.2048819800	0.2055739563	0.2062688299	0.2069664056	0.2076664822	0.2083688532	0.2090733062	0.2097796233	0.2104875805	0.2111969478	0.2119074893	0.2126189629	0.2133311203	0.2140437072	0.2147564626	0.2154691195	0.2161814042	0.2168930369	0.2176037310	0.2183131937	0.2190211254	0.2197272202	0.2204311658	0.2211326430	0.2218313265	0.2225268844	0.2232189784	0.2239072639	0.2245913900	0.2252709995	0.2259457293	0.2266152101	0.2272790667	0.2279369184	0.2285883785	0.2292330551	0.2298705508	0.2305004634	0.2311223855	0.2317359052	0.2323406061	0.2329360674	0.2335218648	0.2340975700	0.2346627515	0.2352169747	0.2357598023	0.2362907948	0.2368095105	0.2373155062	0.2378083376	0.2382875594	0.2387527261	0.2392033922	0.2396391129	0.2400594441	0.2404639437	0.2408521711	0.2412236885	0.2415780612	0.2419148580	0.2422336518	0.2425340203	0.2428155463	0.2430778187	0.2433204326	0.2435429902	0.2437451011	0.2439263834	0.2440864638	0.2442249783	0.2443415729	0.2444359042	0.2445076399	0.2445564593	0.2445820541	0.2445841288	0.2445624012	0.2445166030	0.2444464804	0.2443517946	0.2442323221	0.2440878554	0.2439182031	0.2437231910	0.2435026616	0.2432564754	0.2429845105	0.2426866634	0.2423628491	0.2420130013	0.2416370728	0.2412350359	0.2408068819	0.2403526219	0.2398722867	0.2393659267	0.2388336121	0.2382754330	0.2376914991	0.2370819398	0.2364469041	0.2357865604	0.2351010962	0.2343907183	0.2336556520	0.2328961413	0.2321124482	0.2313048527	0.2304736520	0.2296191607	0.2287417096	0.2278416459	0.2269193324	0.2259751469	0.2250094818	0.2240227436	0.2230153522	0.2219877402	0.2209403524	0.2198736453	0.2187880861	0.2176841523	0.2165623310	0.2154231181	0.2142670177	0.2130945413	0.2119062073	0.2107025402	0.2094840697	0.2082513303	0.2070048604	0.2057452018	0.2044728988	0.2031884977	0.2018925461	0.2005855922	0.1992681842	0.1979408694	0.1966041943	0.1952587031	0.1939049378	0.1925434375	0.1911747374	0.1897993690	0.1884178590	0.1870307292	0.1856384957	0.1842416689	0.1828407526	0.1814362440	0.1800286329	0.1786184019	0.1772060256	0.1757919705	0.1743766947	0.1729606476	0.1715442696	0.1701279920	0.1687122368	0.1672974165	0.1658839338	0.1644721816	0.1630625428	0.1616553906	0.1602510875	0.1588499864	0.1574524295	0.1560587490	0.1546692668	0.1532842944	0.1519041333	0.1505290744	0.1491593987	0.1477953771	0.1464372701	0.1450853287	0.1437397937	0.1424008962	0.1410688575	0.1397438897	0.1384261950	0.1371159667	0.1358133888	0.1345186362	0.1332318751	0.1319532630	0.1306829487	0.1294210730	0.1281677681	0.1269231584	0.1256873605	0.1244604834	0.1232426283	0.1220338894	0.1208343539	0.1196441017	0.1184632063	0.1172917345	0.1161297468	0.1149772974	0.1138344347	0.1127012011	0.1115776335	0.1104637632	0.1093596165	0.1082652143	0.1071805727	0.1061057031	0.1050406122	0.1039853025	0.1029397719	0.1019040145	0.1008780204	0.0998617758	0.0988552634	0.0978584625	0.0968713487	0.0958938950	0.0949260707	0.0939678427	0.0930191749	0.0920800285	0.0911503624	0.0902301327	0.0893192937	0.0884177972	0.0875255930	0.0866426291	0.0857688516	0.0849042048	0.0840486313	0.0832020725	0.0823644680	0.0815357562
0.1896682473	0.1902589188	0.1908558306	0.1914588855	0.1920679834	0.1926830208	0.1933038914	0.1939304853	0.1945626892	0.1952003864	0.1958434563	0.1964917747	0.1971452134	0.1978036401	0.1984669184	0.1991349077	0.1998074631	0.2004844348	0.2011656687	0.2018510060	0.2025402828	0.2032333303	0.2039299748	0.2046300372	0.2053333331	0.2060396728	0.2067488609	0.2074606964	0.2081749728	0.2088914775	0.2096099920	0.2103302919	0.2110521466	0.2117753194	0.2124995672	0.2132246406	0.2139502838	0.2146762346	0.2154022241	0.2161279769	0.2168532110	0.2175776378	0.2183009617	0.2190228808	0.2197430862	0.2204612623	0.2211770869	0.2218902310	0.2226003589	0.2233071284	0.2240101905	0.2247091898	0.2254037645	0.2260935464	0.2267781610	0.2274572275	0.2281303594	0.2287971641	0.2294572433	0.2301101931	0.2307556044	0.2313930628	0.2320221489	0.2326424388	0.2332535039	0.2338549117	0.2344462254	0.2350270050	0.2355968071	0.2361551851	0.2367016903	0.2372358713	0.2377572753	0.2382654478	0.2387599334	0.2392402762	0.2397060201	0.2401567094	0.2405918895	0.2410111068	0.2414139099	0.2417998496	0.2421684796	0.2425193575	0.2428520445	0.2431661067	0.2434611155	0.2437366479	0.2439922875	0.2442276249	0.2444422582	0.2446357939	0.2448078474	0.2449580435	0.2450860170	0.2451914134	0.2452738898	0.2453331149	0.2453687699	0.2453805493	0.2453681609	0.2453313271	0.2452697847	0.2451832861	0.2450715991	0.2449345082	0.2447718142	0.2445833356	0.2443689081	0.2441283855	0.2438616402	0.2435685631	0.2432490643	0.2429030731	0.2425305384	0.2421314290	0.2417057336	0.2412534610	0.2407746403	0.2402693208	0.2397375723	0.2391794849	0.2385951690	0.2379847554	0.2373483948	0.2366862580	0.2359985359	0.2352854385	0.2345471954	0.2337840555	0.2329962859	0.2321841724	0.2313480189	0.2304881464	0.2296048934	0.2286986149	0.2277696819	0.2268184811	0.2258454140	0.2248508967	0.2238353590	0.2227992439	0.2217430070	0.2206671155	0.2195720482	0.2184582939	0.2173263516	0.2161767292	0.2150099429	0.2138265167	0.2126269815	0.2114118742	0.2101817374	0.2089371183	0.2076785683	0.2064066418	0.2051218962	0.2038248904	0.2025161849	0.2011963405	0.1998659179	0.1985254773	0.1971755771	0.1958167740	0.1944496221	0.1930746721	0.1916924711	0.1903035620	0.1889084827	0.1875077661	0.1861019389	0.1846915220	0.1832770296	0.1818589685	0.1804378385	0.1790141312	0.1775883306	0.1761609116	0.1747323409	0.1733030759	0.1718735650	0.1704442468	0.1690155504	0.1675878952	0.1661616904	0.1647373350	0.1633152180	0.1618957177	0.1604792024	0.1590660294	0.1576565458	0.1562510881	0.1548499821	0.1534535432	0.1520620761	0.1506758750	0.1492952238	0.1479203959	0.1465516544	0.1451892521	0.1438334318	0.1424844262	0.1411424580	0.1398077404	0.1384804767	0.1371608607	0.1358490771	0.1345453011	0.1332496990	0.1319624284	0.1306836378	0.1294134676	0.1281520496	0.1268995075	0.1256559571	0.1244215064	0.1231962556	0.1219802979	0.1207737188	0.1195765972	0.1183890048	0.1172110070	0.1160426625	0.1148840239	0.1137351376	0.1125960442	0.1114667785	0.1103473701	0.1092378428	0.1081382156	0.1070485025	0.1059687125	0.1048988502	0.1038389157	0.1027889047	0.1017488090	0.1007186162	0.0996983103	0.0986878716	0.0976872769	0.0966964996	0.0957155100	0.0947442754	0.0937827601	0.0928309255	0.0918887307	0.0909561319	0.0900330832	0.0891195363	0.0882154408	0.0873207442	0.0864353920	0.0855593282	0.0846924948	0.0838348323	0.0829862797	0.0821467744	0.0813162528
0.1891773006	0.1897761141	0.1903812886	0.1909927286	0.1916103359	0.1922340088	0.1928636427	0.1934991294	0.1941403574	0.1947872114	0.1954395725	0.1960973180	0.1967603211	0.1974284510	0.1981015726	0.1987795466	0.1994622291	0.2001494718	0.2008411213	0.2015370199	0.2022370047	0.2029409075	0.2036485553	0.2043597697	0.2050743667	0.2057921569	0.2065129453	0.2072365310	0.2079627074	0.2086912618	0.2094219755	0.2101546236	0.2108889750	0.2116247922	0.2123618312	0.2130998417	0.2138385666	0.2145777422	0.2153170982	0.2160563573	0.2167952355	0.2175334421	0.2182706791	0.2190066420	0.2197410191	0.2204734918	0.2212037346	0.2219314149	0.2226561935	0.2233777239	0.2240956532	0.2248096214	0.2255192620	0.2262242016	0.2269240607	0.2276184529	0.2283069859	0.2289892611	0.2296648738	0.2303334136	0.2309944644	0.2316476048	0.2322924079	0.2329284422	0.2335552711	0.2341724539	0.2347795454	0.2353760967	0.2359616555	0.2365357661	0.2370979700	0.2376478064	0.2381848124	0.2387085233	0.2392184733	0.2397141961	0.2401952247	0.2406610925	0.2411113337	0.2415454835	0.2419630791	0.2423636596	0.2427467674	0.2431119480	0.2434587510	0.2437867306	0.2440954462	0.2443844631	0.2446533528	0.2449016940	0.2451290731	0.2453350847	0.2455193325	0.2456814296	0.2458209997	0.2459376768	0.2460311068	0.2461009475	0.2461468697	0.2461685571	0.2461657077	0.2461380337	0.2460852627	0.2460071376	0.2459034177	0.2457738787	0.2456183138	0.2454365336	0.2452283667	0.2449936604	0.2447322808	0.2444441131	0.2441290623	0.2437870530	0.2434180302	0.2430219590	0.2425988252	0.2421486353	0.2416714166	0.2411672173	0.2406361065	0.2400781745	0.2394935323	0.2388823118	0.2382446658	0.2375807675	0.2368908107	0.2361750092	0.2354335970	0.2346668275	0.2338749734	0.2330583266	0.2322171971	0.2313519133	0.2304628211	0.2295502835	0.2286146800	0.2276564063	0.2266758734	0.2256735072	0.2246497476	0.2236050484	0.2225398758	0.2214547087	0.2203500370	0.2192263618	0.2180841938	0.2169240534	0.2157464692	0.2145519780	0.2133411234	0.2121144553	0.2108725293	0.2096159056	0.2083451488	0.2070608266	0.2057635092	0.2044537690	0.2031321793	0.2017993139	0.2004557466	0.1991020500	0.1977387955	0.1963665522	0.1949858863	0.1935973608	0.1922015347	0.1907989625	0.1893901936	0.1879757720	0.1865562356	0.1851321158	0.1837039371	0.1822722165	0.1808374635	0.1794001795	0.1779608571	0.1765199806	0.1750780249	0.1736354558	0.1721927293	0.1707502919	0.1693085797	0.1678680190	0.1664290256	0.1649920047	0.1635573511	0.1621254489	0.1606966713	0.1592713809	0.1578499292	0.1564326569	0.1550198941	0.1536119596	0.1522091617	0.1508117977	0.1494201543	0.1480345074	0.1466551224	0.1452822544	0.1439161477	0.1425570366	0.1412051453	0.1398606878	0.1385238685	0.1371948818	0.1358739127	0.1345611369	0.1332567206	0.1319608213	0.1306735873	0.1293951585	0.1281256661	0.1268652331	0.1256139743	0.1243719966	0.1231393994	0.1219162742	0.1207027054	0.1194987703	0.1183045390	0.1171200753	0.1159454361	0.1147806721	0.1136258278	0.1124809419	0.1113460471	0.1102211707	0.1091063346	0.1080015555	0.1069068451	0.1058222101	0.1047476530	0.1036831712	0.1026287583	0.1015844035	0.1005500922	0.0995258058	0.0985115222	0.0975072158	0.0965128576	0.0955284153	0.0945538538	0.0935891350	0.0926342179	0.0916890590	0.0907536122	0.0898278292	0.0889116593	0.0880050496	0.0871079454	0.0862202899	0.0853420246	0.0844730892	0.0836134221	0.0827629599	0.0819216380	0.0810893904
0.1886688725	0.1892757566	0.1898891234	0.1905088796	0.1911349285	0.1917671706	0.1924055029	0.1930498191	0.1937000094	0.1943559601	0.1950175542	0.1956846703	0.1963571833	0.1970349639	0.1977178784	0.1984057889	0.1990985527	0.1997960227	0.2004980468	0.2012044683	0.2019151250	0.2026298501	0.2033484710	0.2040708100	0.2047966838	0.2055259034	0.2062582742	0.2069935954	0.2077316606	0.2084722571	0.2092151659	0.2099601619	0.2107070134	0.2114554824	0.2122053240	0.2129562870	0.2137081132	0.2144605375	0.2152132880	0.2159660860	0.2167186454	0.2174706734	0.2182218699	0.2189719276	0.2197205322	0.2204673620	0.2212120885	0.2219543756	0.2226938802	0.2234302522	0.2241631342	0.2248921620	0.2256169642	0.2263371626	0.2270523724	0.2277622016	0.2284662523	0.2291641196	0.2298553926	0.2305396543	0.2312164817	0.2318854461	0.2325461133	0.2331980439	0.2338407935	0.2344739128	0.2350969483	0.2357094422	0.2363109330	0.2369009557	0.2374790423	0.2380447220	0.2385975217	0.2391369666	0.2396625803	0.2401738855	0.2406704045	0.2411516595	0.2416171733	0.2420664696	0.2424990738	0.2429145136	0.2433123192	0.2436920242	0.2440531662	0.2443952871	0.2447179343	0.2450206606	0.2453030255	0.2455645955	0.2458049447	0.2460236558	0.2462203204	0.2463945397	0.2465459255	0.2466741003	0.2467786986	0.2468593670	0.2469157651	0.2469475660	0.2469544572	0.2469361408	0.2468923344	0.2468227716	0.2467272025	0.2466053941	0.2464571313	0.2462822167	0.2460804718	0.2458517367	0.2455958712	0.2453127547	0.2450022867	0.2446643870	0.2442989964	0.2439060763	0.2434856094	0.2430375998	0.2425620728	0.2420590754	0.2415286762	0.2409709652	0.2403860542	0.2397740763	0.2391351861	0.2384695594	0.2377773929	0.2370589044	0.2363143321	0.2355439342	0.2347479891	0.2339267946	0.2330806676	0.2322099434	0.2313149758	0.2303961359	0.2294538121	0.2284884091	0.2275003476	0.2264900636	0.2254580075	0.2244046439	0.2233304503	0.2222359169	0.2211215458	0.2199878500	0.2188353526	0.2176645867	0.2164760937	0.2152704233	0.2140481322	0.2128097837	0.2115559466	0.2102871947	0.2090041057	0.2077072611	0.2063972444	0.2050746413	0.2037400387	0.2023940236	0.2010371828	0.1996701023	0.1982933660	0.1969075560	0.1955132510	0.1941110264	0.1927014532	0.1912850980	0.1898625218	0.1884342799	0.1870009215	0.1855629886	0.1841210165	0.1826755324	0.1812270558	0.1797760975	0.1783231596	0.1768687353	0.1754133082	0.1739573523	0.1725013317	0.1710457004	0.1695909018	0.1681373691	0.1666855248	0.1652357803	0.1637885363	0.1623441825	0.1609030974	0.1594656484	0.1580321918	0.1566030725	0.1551786244	0.1537591703	0.1523450216	0.1509364788	0.1495338314	0.1481373577	0.1467473256	0.1453639919	0.1439876027	0.1426183940	0.1412565909	0.1399024087	0.1385560524	0.1372177170	0.1358875879	0.1345658410	0.1332526425	0.1319481495	0.1306525101	0.1293658636	0.1280883406	0.1268200631	0.1255611450	0.1243116921	0.1230718024	0.1218415663	0.1206210665	0.1194103787	0.1182095715	0.1170187068	0.1158378396	0.1146670187	0.1135062867	0.1123556800	0.1112152294	0.1100849599	0.1089648911	0.1078550375	0.1067554083	0.1056660081	0.1045868367	0.1035178894	0.1024591571	0.1014106266	0.1003722808	0.0993440986	0.0983260555	0.0973181232	0.0963202703	0.0953324621	0.0943546608	0.0933868258	0.0924289137	0.0914808785	0.0905426717	0.0896142424	0.0886955374	0.0877865016	0.0868870778	0.0859972068	0.0851168277	0.0842458780	0.0833842936	0.0825320090	0.0816889572	0.0808550700
0.1881427162	0.1887575947	0.1893790788	0.1900070771	0.1906414951	0.1912822349	0.1919291957	0.1925822728	0.1932413584	0.1939063406	0.1945771039	0.1952535288	0.1959354918	0.1966228651	0.1973155166	0.1980133097	0.1987161033	0.1994237515	0.2001361034	0.2008530034	0.2015742907	0.2022997990	0.2030293568	0.2037627873	0.2044999077	0.2052405297	0.2059844589	0.2067314952	0.2074814321	0.2082340569	0.2089891508	0.2097464883	0.2105058374	0.2112669595	0.2120296091	0.2127935339	0.2135584749	0.2143241658	0.2150903331	0.2158566966	0.2166229685	0.2173888537	0.2181540500	0.2189182478	0.2196811299	0.2204423720	0.2212016420	0.2219586008	0.2227129015	0.2234641902	0.2242121054	0.2249562782	0.2256963328	0.2264318861	0.2271625478	0.2278879206	0.2286076008	0.2293211773	0.2300282331	0.2307283443	0.2314210812	0.2321060077	0.2327826822	0.2334506574	0.2341094808	0.2347586950	0.2353978375	0.2360264417	0.2366440369	0.2372501486	0.2378442991	0.2384260075	0.2389947906	0.2395501630	0.2400916376	0.2406187261	0.2411309397	0.2416277892	0.2421087858	0.2425734416	0.2430212701	0.2434517869	0.2438645100	0.2442589609	0.2446346646	0.2449911509	0.2453279544	0.2456446156	0.2459406815	0.2462157059	0.2464692506	0.2467008858	0.2469101907	0.2470967545	0.2472601766	0.2474000678	0.2475160507	0.2476077603	0.2476748449	0.2477169667	0.2477338022	0.2477250431	0.2476903969	0.2476295872	0.2475423549	0.2474284579	0.2472876724	0.2471197931	0.2469246337	0.2467020272	0.2464518267	0.2461739054	0.2458681573	0.2455344973	0.2451728615	0.2447832077	0.2443655153	0.2439197857	0.2434460423	0.2429443307	0.2424147188	0.2418572965	0.2412721761	0.2406594921	0.2400194008	0.2393520806	0.2386577313	0.2379365745	0.2371888526	0.2364148291	0.2356147880	0.2347890331	0.2339378881	0.2330616959	0.2321608179	0.2312356339	0.2302865410	0.2293139535	0.2283183018	0.2273000323	0.2262596062	0.2251974990	0.2241141999	0.2230102110	0.2218860463	0.2207422314	0.2195793021	0.2183978043	0.2171982926	0.2159813300	0.2147474867	0.2134973394	0.2122314708	0.2109504682	0.2096549233	0.2083454311	0.2070225890	0.2056869966	0.2043392541	0.2029799623	0.2016097215	0.2002291308	0.1988387876	0.1974392867	0.1960312199	0.1946151749	0.1931917354	0.1917614799	0.1903249813	0.1888828067	0.1874355164	0.1859836637	0.1845277944	0.1830684462	0.1816061486	0.1801414223	0.1786747788	0.1772067203	0.1757377393	0.1742683180	0.1727989287	0.1713300329	0.1698620817	0.1683955150	0.1669307619	0.1654682403	0.1640083567	0.1625515065	0.1610980733	0.1596484296	0.1582029361	0.1567619422	0.1553257857	0.1538947928	0.1524692785	0.1510495463	0.1496358883	0.1482285855	0.1468279077	0.1454341137	0.1440474515	0.1426681581	0.1412964601	0.1399325736	0.1385767042	0.1372290476	0.1358897894	0.1345591054	0.1332371618	0.1319241155	0.1306201141	0.1293252962	0.1280397915	0.1267637213	0.1254971982	0.1242403269	0.1229932041	0.1217559185	0.1205285514	0.1193111768	0.1181038616	0.1169066656	0.1157196421	0.1145428377	0.1133762929	0.1122200421	0.1110741136	0.1099385303	0.1088133095	0.1076984632	0.1065939984	0.1054999169	0.1044162163	0.1033428893	0.1022799242	0.1012273054	0.1001850132	0.0991530240	0.0981313105	0.0971198421	0.0961185846	0.0951275008	0.0941465504	0.0931756903	0.0922148743	0.0912640540	0.0903231784	0.0893921941	0.0884710454	0.0875596747	0.0866580223	0.0857660267	0.0848836246	0.0840107510	0.0831473396	0.0822933224	0.0814486303	0.0806131928
0.1875985850	0.1882213767	0.1888508981	0.1894870596	0.1901297688	0.1907789299	0.1914344439	0.1920962082	0.1927641167	0.1934380596	0.1941179231	0.1948035894	0.1954949369	0.1961918393	0.1968941662	0.1976017825	0.1983145485	0.1990323198	0.1997549470	0.2004822754	0.2012141455	0.2019503922	0.2026908449	0.2034353275	0.2041836583	0.2049356493	0.2056911071	0.2064498315	0.2072116167	0.2079762501	0.2087435128	0.2095131792	0.2102850170	0.2110587873	0.2118342439	0.2126111339	0.2133891970	0.2141681660	0.2149477663	0.2157277157	0.2165077250	0.2172874972	0.2180667278	0.2188451048	0.2196223086	0.2203980119	0.2211718796	0.2219435692	0.2227127304	0.2234790053	0.2242420282	0.2250014262	0.2257568186	0.2265078174	0.2272540271	0.2279950451	0.2287304616	0.2294598597	0.2301828159	0.2308988998	0.2316076744	0.2323086967	0.2330015175	0.2336856815	0.2343607282	0.2350261915	0.2356816005	0.2363264794	0.2369603481	0.2375827227	0.2381931154	0.2387910354	0.2393759889	0.2399474800	0.2405050105	0.2410480813	0.2415761918	0.2420888416	0.2425855299	0.2430657570	0.2435290242	0.2439748347	0.2444026944	0.2448121120	0.2452026001	0.2455736755	0.2459248603	0.2462556821	0.2465656749	0.2468543799	0.2471213460	0.2473661307	0.2475883005	0.2477874320	0.2479631123	0.2481149398	0.2482425249	0.2483454910	0.2484234745	0.2484761262	0.2485031116	0.2485041114	0.2484788228	0.2484269592	0.2483482517	0.2482424491	0.2481093186	0.2479486464	0.2477602383	0.2475439200	0.2472995376	0.2470269580	0.2467260692	0.2463967811	0.2460390252	0.2456527551	0.2452379469	0.2447945993	0.2443227336	0.2438223938	0.2432936470	0.2427365831	0.2421513150	0.2415379781	0.2408967307	0.2402277537	0.2395312502	0.2388074454	0.2380565864	0.2372789417	0.2364748009	0.2356444744	0.2347882927	0.2339066062	0.2329997844	0.2320682157	0.2311123064	0.2301324803	0.2291291781	0.2281028567	0.2270539882	0.2259830596	0.2248905719	0.2237770393	0.2226429882	0.2214889569	0.2203154944	0.2191231596	0.2179125208	0.2166841544	0.2154386445	0.2141765818	0.2128985627	0.2116051887	0.2102970657	0.2089748026	0.2076390110	0.2062903045	0.2049292973	0.2035566040	0.2021728387	0.2007786141	0.1993745412	0.1979612278	0.1965392790	0.1951092953	0.1936718729	0.1922276028	0.1907770701	0.1893208535	0.1878595249	0.1863936489	0.1849237820	0.1834504728	0.1819742607	0.1804956765	0.1790152413	0.1775334664	0.1760508531	0.1745678922	0.1730850640	0.1716028379	0.1701216723	0.1686420142	0.1671642994	0.1656889520	0.1642163846	0.1627469980	0.1612811814	0.1598193119	0.1583617550	0.1569088642	0.1554609812	0.1540184360	0.1525815467	0.1511506198	0.1497259502	0.1483078213	0.1468965049	0.1454922617	0.1440953412	0.1427059819	0.1413244114	0.1399508466	0.1385854937	0.1372285489	0.1358801979	0.1345406165	0.1332099707	0.1318884170	0.1305761024	0.1292731648	0.1279797330	0.1266959271	0.1254218588	0.1241576313	0.1229033398	0.1216590716	0.1204249062	0.1192009159	0.1179871656	0.1167837133	0.1155906100	0.1144079004	0.1132356228	0.1120738092	0.1109224857	0.1097816727	0.1086513852	0.1075316327	0.1064224196	0.1053237454	0.1042356050	0.1031579884	0.1020908816	0.1010342661	0.0999881197	0.0989524162	0.0979271256	0.0969122146	0.0959076465	0.0949133813	0.0939293763	0.0929555854	0.0919919603	0.0910384497	0.0900950000	0.0891615554	0.0882380576	0.0873244464	0.0864206597	0.0855266336	0.0846423021	0.0837675982	0.0829024529	0.0820467959	0.0812005559	0.0803636599
0.1870362322	0.1876668512	0.1883043247	0.1889485653	0.1895994827	0.1902569832	0.1909209699	0.1915913422	0.1922679959	0.1929508232	0.1936397122	0.1943345471	0.1950352077	0.1957415699	0.1964535047	0.1971708788	0.1978935541	0.1986213875	0.1993542311	0.2000919318	0.2008343310	0.2015812649	0.2023325641	0.2030880534	0.2038475518	0.2046108725	0.2053778223	0.2061482018	0.2069218055	0.2076984211	0.2084778298	0.2092598060	0.2100441174	0.2108305244	0.2116187806	0.2124086323	0.2131998185	0.2139920709	0.2147851135	0.2155786630	0.2163724283	0.2171661107	0.2179594036	0.2187519928	0.2195435561	0.2203337633	0.2211222767	0.2219087502	0.2226928301	0.2234741546	0.2242523543	0.2250270516	0.2257978614	0.2265643908	0.2273262391	0.2280829982	0.2288342526	0.2295795794	0.2303185486	0.2310507232	0.2317756593	0.2324929064	0.2332020079	0.2339025006	0.2345939156	0.2352757785	0.2359476094	0.2366089236	0.2372592314	0.2378980393	0.2385248495	0.2391391607	0.2397404689	0.2403282671	0.2409020462	0.2414612956	0.2420055034	0.2425341572	0.2430467444	0.2435427530	0.2440216719	0.2444829920	0.2449262063	0.2453508107	0.2457563050	0.2461421930	0.2465079837	0.2468531915	0.2471773374	0.2474799494	0.2477605633	0.2480187234	0.2482539834	0.2484659069	0.2486540681	0.2488180530	0.2489574595	0.2490718986	0.2491609948	0.2492243871	0.2492617295	0.2492726918	0.2492569600	0.2492142375	0.2491442449	0.2490467217	0.2489214258	0.2487681348	0.2485866462	0.2483767779	0.2481383689	0.2478712796	0.2475753920	0.2472506104	0.2468968615	0.2465140948	0.2461022829	0.2456614215	0.2451915295	0.2446926497	0.2441648481	0.2436082145	0.2430228620	0.2424089274	0.2417665709	0.2410959758	0.2403973485	0.2396709180	0.2389169359	0.2381356761	0.2373274339	0.2364925261	0.2356312905	0.2347440850	0.2338312875	0.2328932951	0.2319305234	0.2309434063	0.2299323947	0.2288979563	0.2278405746	0.2267607482	0.2256589901	0.2245358270	0.2233917982	0.2222274548	0.2210433592	0.2198400840	0.2186182112	0.2173783311	0.2161210419	0.2148469486	0.2135566619	0.2122507978	0.2109299763	0.2095948211	0.2082459580	0.2068840149	0.2055096204	0.2041234032	0.2027259915	0.2013180119	0.1999000890	0.1984728445	0.1970368964	0.1955928586	0.1941413401	0.1926829445	0.1912182691	0.1897479048	0.1882724351	0.1867924361	0.1853084753	0.1838211120	0.1823308961	0.1808383684	0.1793440596	0.1778484904	0.1763521710	0.1748556009	0.1733592685	0.1718636510	0.1703692142	0.1688764124	0.1673856879	0.1658974712	0.1644121810	0.1629302236	0.1614519935	0.1599778726	0.1585082311	0.1570434267	0.1555838049	0.1541296994	0.1526814314	0.1512393104	0.1498036340	0.1483746877	0.1469527455	0.1455380700	0.1441309120	0.1427315114	0.1413400966	0.1399568853	0.1385820844	0.1372158903	0.1358584886	0.1345100553	0.1331707559	0.1318407465	0.1305201732	0.1292091733	0.1279078745	0.1266163959	0.1253348476	0.1240633317	0.1228019416	0.1215507629	0.1203098737	0.1190793440	0.1178592369	0.1166496082	0.1154505071	0.1142619757	0.1130840502	0.1119167601	0.1107601293	0.1096141756	0.1084789115	0.1073543439	0.1062404747	0.1051373009	0.1040448145	0.1029630031	0.1018918498	0.1008313336	0.0997814294	0.0987421084	0.0977133379	0.0966950820	0.0956873011	0.0946899527	0.0937029912	0.0927263680	0.0917600320	0.0908039294	0.0898580039	0.0889221970	0.0879964480	0.0870806942	0.0861748707	0.0852789112	0.0843927474	0.0835163095	0.0826495264	0.0817923253	0.0809446325	0.0801063728
0.1864554116	0.1870937666	0.1877391019	0.1883913323	0.1890503696	0.1897161224	0.1903884958	0.1910673914	0.1917527069	0.1924443367	0.1931421708	0.1938460954	0.1945559922	0.1952717388	0.1959932082	0.1967202687	0.1974527839	0.1981906123	0.1989336075	0.1996816177	0.2004344860	0.2011920497	0.2019541406	0.2027205846	0.2034912017	0.2042658058	0.2050442047	0.2058261996	0.2066115853	0.2074001501	0.2081916754	0.2089859357	0.2097826984	0.2105817241	0.2113827657	0.2121855691	0.2129898725	0.2137954065	0.2146018944	0.2154090512	0.2162165844	0.2170241936	0.2178315703	0.2186383979	0.2194443518	0.2202490994	0.2210522997	0.2218536037	0.2226526541	0.2234490856	0.2242425246	0.2250325893	0.2258188901	0.2266010291	0.2273786007	0.2281511912	0.2289183795	0.2296797365	0.2304348258	0.2311832039	0.2319244198	0.2326580159	0.2333835276	0.2341004840	0.2348084079	0.2355068163	0.2361952205	0.2368731264	0.2375400350	0.2381954428	0.2388388419	0.2394697208	0.2400875646	0.2406918554	0.2412820728	0.2418576948	0.2424181977	0.2429630571	0.2434917482	0.2440037466	0.2444985287	0.2449755725	0.2454343581	0.2458743684	0.2462950899	0.2466960132	0.2470766338	0.2474364529	0.2477749779	0.2480917233	0.2483862115	0.2486579734	0.2489065493	0.2491314896	0.2493323555	0.2495087197	0.2496601676	0.2497862975	0.2498867216	0.2499610666	0.2500089749	0.2500301047	0.2500241309	0.2499907460	0.2499296606	0.2498406037	0.2497233242	0.2495775904	0.2494031914	0.2491999371	0.2489676592	0.2487062111	0.2484154685	0.2480953302	0.2477457178	0.2473665766	0.2469578751	0.2465196062	0.2460517866	0.2455544570	0.2450276828	0.2444715532	0.2438861821	0.2432717071	0.2426282905	0.2419561179	0.2412553990	0.2405263670	0.2397692779	0.2389844108	0.2381720671	0.2373325703	0.2364662652	0.2355735178	0.2346547142	0.2337102606	0.2327405824	0.2317461233	0.2307273450	0.2296847262	0.2286187619	0.2275299628	0.2264188543	0.2252859757	0.2241318793	0.2229571297	0.2217623031	0.2205479857	0.2193147737	0.2180632718	0.2167940927	0.2155078557	0.2142051864	0.2128867154	0.2115530775	0.2102049111	0.2088428568	0.2074675571	0.2060796553	0.2046797945	0.2032686172	0.2018467644	0.2004148745	0.1989735831	0.1975235218	0.1960653179	0.1945995935	0.1931269650	0.1916480422	0.1901634283	0.1886737187	0.1871795010	0.1856813541	0.1841798480	0.1826755434	0.1811689911	0.1796607316	0.1781512950	0.1766412007	0.1751309566	0.1736210596	0.1721119948	0.1706042354	0.1690982428	0.1675944661	0.1660933423	0.1645952958	0.1631007388	0.1616100707	0.1601236788	0.1586419373	0.1571652084	0.1556938415	0.1542281736	0.1527685292	0.1513152207	0.1498685481	0.1484287994	0.1469962505	0.1455711656	0.1441537970	0.1427443856	0.1413431609	0.1399503412	0.1385661338	0.1371907352	0.1358243313	0.1344670974	0.1331191991	0.1317807914	0.1304520201	0.1291330212	0.1278239215	0.1265248386	0.1252358815	0.1239571505	0.1226887375	0.1214307264	0.1201831931	0.1189462059	0.1177198258	0.1165041063	0.1152990944	0.1141048299	0.1129213466	0.1117486716	0.1105868261	0.1094358256	0.1082956799	0.1071663933	0.1060479650	0.1049403893	0.1038436554	0.1027577483	0.1016826483	0.1006183316	0.0995647704	0.0985219331	0.0974897842	0.0964682850	0.0954573932	0.0944570635	0.0934672476	0.0924878942	0.0915189494	0.0905603567	0.0896120572	0.0886739897	0.0877460909	0.0868282954	0.0859205359	0.0850227434	0.0841348472	0.0832567750	0.0823884532	0.0815298066	0.0806807591	0.0798412332
0.1858558771	0.1865018718	0.1871549733	0.1878150988	0.1884821625	0.1891560749	0.1898367434	0.1905240719	0.1912179603	0.1919183049	0.1926249979	0.1933379274	0.1940569773	0.1947820271	0.1955129515	0.1962496208	0.1969919002	0.1977396501	0.1984927256	0.1992509766	0.2000142474	0.2007823769	0.2015551981	0.2023325381	0.2031142181	0.2039000528	0.2046898510	0.2054834146	0.2062805391	0.2070810132	0.2078846187	0.2086911302	0.2095003154	0.2103119345	0.2111257404	0.2119414783	0.2127588859	0.2135776931	0.2143976219	0.2152183863	0.2160396924	0.2168612380	0.2176827128	0.2185037981	0.2193241671	0.2201434844	0.2209614063	0.2217775806	0.2225916468	0.2234032357	0.2242119700	0.2250174637	0.2258193226	0.2266171441	0.2274105174	0.2281990235	0.2289822354	0.2297597182	0.2305310291	0.2312957178	0.2320533265	0.2328033899	0.2335454362	0.2342789862	0.2350035547	0.2357186497	0.2364237737	0.2371184234	0.2378020901	0.2384742603	0.2391344161	0.2397820352	0.2404165920	0.2410375573	0.2416443997	0.2422365852	0.2428135782	0.2433748421	0.2439198398	0.2444480342	0.2449588889	0.2454518688	0.2459264408	0.2463820746	0.2468182431	0.2472344234	0.2476300972	0.2480047521	0.2483578816	0.2486889866	0.2489975755	0.2492831657	0.2495452836	0.2497834660	0.2499972606	0.2501862271	0.2503499373	0.2504879768	0.2505999450	0.2506854562	0.2507441406	0.2507756444	0.2507796313	0.2507557825	0.2507037979	0.2506233963	0.2505143167	0.2503763182	0.2502091811	0.2500127070	0.2497867198	0.2495310658	0.2492456145	0.2489302585	0.2485849143	0.2482095225	0.2478040480	0.2473684803	0.2469028335	0.2464071468	0.2458814842	0.2453259348	0.2447406127	0.2441256568	0.2434812309	0.2428075236	0.2421047476	0.2413731400	0.2406129618	0.2398244973	0.2390080540	0.2381639622	0.2372925739	0.2363942633	0.2354694252	0.2345184749	0.2335418476	0.2325399974	0.2315133968	0.2304625359	0.2293879216	0.2282900767	0.2271695394	0.2260268619	0.2248626101	0.2236773623	0.2224717083	0.2212462490	0.2200015949	0.2187383652	0.2174571875	0.2161586960	0.2148435314	0.2135123392	0.2121657694	0.2108044754	0.2094291129	0.2080403395	0.2066388131	0.2052251920	0.2038001332	0.2023642920	0.2009183214	0.1994628709	0.1979985860	0.1965261077	0.1950460714	0.1935591065	0.1920658356	0.1905668744	0.1890628303	0.1875543028	0.1860418821	0.1845261493	0.1830076758	0.1814870226	0.1799647403	0.1784413684	0.1769174354	0.1753934581	0.1738699416	0.1723473790	0.1708262511	0.1693070264	0.1677901608	0.1662760977	0.1647652674	0.1632580878	0.1617549636	0.1602562868	0.1587624363	0.1572737783	0.1557906661	0.1543134400	0.1528424278	0.1513779447	0.1499202931	0.1484697632	0.1470266329	0.1455911679	0.1441636218	0.1427442367	0.1413332429	0.1399308591	0.1385372931	0.1371527413	0.1357773896	0.1344114131	0.1330549765	0.1317082346	0.1303713319	0.1290444034	0.1277275748	0.1264209624	0.1251246735	0.1238388068	0.1225634525	0.1212986925	0.1200446009	0.1188012438	0.1175686799	0.1163469607	0.1151361305	0.1139362271	0.1127472813	0.1115693181	0.1104023560	0.1092464078	0.1081014805	0.1069675758	0.1058446902	0.1047328150	0.1036319369	0.1025420379	0.1014630955	0.1003950831	0.0993379701	0.0982917219	0.0972563003	0.0962316636	0.0952177669	0.0942145619	0.0932219976	0.0922400199	0.0912685720	0.0903075949	0.0893570268	0.0884168039	0.0874868601	0.0865671274	0.0856575360	0.0847580142	0.0838684888	0.0829888850	0.0821191265	0.0812591360	0.0804088348	0.0795681430
0.1852373833	0.1858909160	0.1865516829	0.1872196035	0.1878945942	0.1885765680	0.1892654345	0.1899610998	0.1906634661	0.1913724319	0.1920878916	0.1928097354	0.1935378492	0.1942721145	0.1950124082	0.1957586023	0.1965105640	0.1972681554	0.1980312335	0.1987996496	0.1995732497	0.2003518743	0.2011353576	0.2019235281	0.2027162082	0.2035132138	0.2043143545	0.2051194332	0.2059282461	0.2067405825	0.2075562246	0.2083749475	0.2091965189	0.2100206990	0.2108472406	0.2116758887	0.2125063803	0.2133384447	0.2141718029	0.2150061679	0.2158412444	0.2166767287	0.2175123088	0.2183476639	0.2191824650	0.2200163743	0.2208490451	0.2216801226	0.2225092426	0.2233360326	0.2241601113	0.2249810887	0.2257985661	0.2266121361	0.2274213829	0.2282258822	0.2290252013	0.2298188992	0.2306065269	0.2313876272	0.2321617355	0.2329283793	0.2336870787	0.2344373469	0.2351786900	0.2359106076	0.2366325930	0.2373441336	0.2380447110	0.2387338017	0.2394108773	0.2400754051	0.2407268483	0.2413646666	0.2419883168	0.2425972532	0.2431909282	0.2437687926	0.2443302968	0.2448748908	0.2454020251	0.2459111513	0.2464017230	0.2468731961	0.2473250299	0.2477566875	0.2481676367	0.2485573510	0.2489253099	0.2492710000	0.2495939158	0.2498935604	0.2501694462	0.2504210962	0.2506480443	0.2508498361	0.2510260304	0.2511761990	0.2512999285	0.2513968204	0.2514664922	0.2515085781	0.2515227297	0.2515086170	0.2514659286	0.2513943729	0.2512936787	0.2511635954	0.2510038943	0.2508143684	0.2505948337	0.2503451291	0.2500651172	0.2497546846	0.2494137425	0.2490422266	0.2486400977	0.2482073419	0.2477439708	0.2472500216	0.2467255571	0.2461706661	0.2455854629	0.2449700876	0.2443247057	0.2436495084	0.2429447117	0.2422105568	0.2414473094	0.2406552593	0.2398347203	0.2389860293	0.2381095463	0.2372056532	0.2362747540	0.2353172733	0.2343336563	0.2333243677	0.2322898913	0.2312307286	0.2301473987	0.2290404370	0.2279103946	0.2267578371	0.2255833441	0.2243875078	0.2231709327	0.2219342339	0.2206780369	0.2194029758	0.2181096934	0.2167988391	0.2154710689	0.2141270439	0.2127674295	0.2113928943	0.2100041097	0.2086017483	0.2071864836	0.2057589887	0.2043199357	0.2028699947	0.2014098333	0.1999401152	0.1984615004	0.1969746434	0.1954801933	0.1939787928	0.1924710777	0.1909576760	0.1894392076	0.1879162838	0.1863895065	0.1848594681	0.1833267506	0.1817919256	0.1802555536	0.1787181839	0.1771803541	0.1756425899	0.1741054048	0.1725692998	0.1710347635	0.1695022714	0.1679722863	0.1664452579	0.1649216227	0.1634018039	0.1618862117	0.1603752427	0.1588692805	0.1573686953	0.1558738440	0.1543850707	0.1529027059	0.1514270677	0.1499584609	0.1484971778	0.1470434981	0.1455976889	0.1441600053	0.1427306902	0.1413099746	0.1398980777	0.1384952074	0.1371015603	0.1357173220	0.1343426670	0.1329777596	0.1316227536	0.1302777925	0.1289430103	0.1276185312	0.1263044700	0.1250009325	0.1237080157	0.1224258077	0.1211543886	0.1198938302	0.1186441965	0.1174055440	0.1161779217	0.1149613716	0.1137559287	0.1125616216	0.1113784723	0.1102064968	0.1090457050	0.1078961014	0.1067576847	0.1056304485	0.1045143814	0.1034094671	0.1023156848	0.1012330090	0.1001614102	0.0991008550	0.0980513057	0.0970127214	0.0959850574	0.0949682658	0.0939622957	0.0929670929	0.0919826007	0.0910087595	0.0900455073	0.0890927797	0.0881505101	0.0872186297	0.0862970678	0.0853857519	0.0844846078	0.0835935595	0.0827125299	0.0818414401	0.0809802102	0.0801287591	0.0792870046
0.1845996856	0.1852606494	0.1859289753	0.1866045853	0.1872873982	0.1879773294	0.1886742909	0.1893781911	0.1900889346	0.1908064220	0.1915305500	0.1922612111	0.1929982934	0.1937416804	0.1944912512	0.1952468797	0.1960084351	0.1967757814	0.1975487774	0.1983272763	0.1991111257	0.1999001676	0.2006942379	0.2014931664	0.2022967768	0.2031048863	0.2039173055	0.2047338384	0.2055542820	0.2063784262	0.2072060540	0.2080369408	0.2088708547	0.2097075560	0.2105467974	0.2113883236	0.2122318714	0.2130771694	0.2139239379	0.2147718888	0.2156207257	0.2164701435	0.2173198284	0.2181694578	0.2190187006	0.2198672165	0.2207146564	0.2215606621	0.2224048667	0.2232468941	0.2240863591	0.2249228676	0.2257560167	0.2265853943	0.2274105795	0.2282311427	0.2290466456	0.2298566413	0.2306606743	0.2314582809	0.2322489894	0.2330323200	0.2338077852	0.2345748901	0.2353331323	0.2360820028	0.2368209858	0.2375495591	0.2382671947	0.2389733589	0.2396675130	0.2403491133	0.2410176119	0.2416724573	0.2423130945	0.2429389656	0.2435495107	0.2441441683	0.2447223757	0.2452835699	0.2458271881	0.2463526685	0.2468594507	0.2473469769	0.2478146923	0.2482620459	0.2486884912	0.2490934873	0.2494764992	0.2498369992	0.2501744673	0.2504883921	0.2507782717	0.2510436146	0.2512839406	0.2514987814	0.2516876816	0.2518501997	0.2519859084	0.2520943963	0.2521752679	0.2522281449	0.2522526666	0.2522484912	0.2522152960	0.2521527784	0.2520606566	0.2519386703	0.2517865811	0.2516041735	0.2513912549	0.2511476567	0.2508732346	0.2505678688	0.2502314647	0.2498639531	0.2494652906	0.2490354597	0.2485744693	0.2480823545	0.2475591770	0.2470050248	0.2464200126	0.2458042816	0.2451579991	0.2444813587	0.2437745799	0.2430379080	0.2422716135	0.2414759918	0.2406513629	0.2397980710	0.2389164835	0.2380069909	0.2370700060	0.2361059633	0.2351153182	0.2340985462	0.2330561424	0.2319886203	0.2308965114	0.2297803641	0.2286407425	0.2274782260	0.2262934083	0.2250868961	0.2238593082	0.2226112749	0.2213434368	0.2200564434	0.2187509528	0.2174276302	0.2160871473	0.2147301808	0.2133574120	0.2119695254	0.2105672080	0.2091511480	0.2077220345	0.2062805561	0.2048274000	0.2033632517	0.2018887933	0.2004047035	0.1989116564	0.1974103208	0.1959013597	0.1943854292	0.1928631782	0.1913352477	0.1898022702	0.1882648689	0.1867236576	0.1851792400	0.1836322090	0.1820831469	0.1805326242	0.1789812001	0.1774294214	0.1758778226	0.1743269259	0.1727772403	0.1712292618	0.1696834735	0.1681403447	0.1666003317	0.1650638768	0.1635314090	0.1620033435	0.1604800819	0.1589620121	0.1574495083	0.1559429314	0.1544426284	0.1529489333	0.1514621664	0.1499826352	0.1485106337	0.1470464436	0.1455903333	0.1441425590	0.1427033644	0.1412729813	0.1398516291	0.1384395160	0.1370368383	0.1356437811	0.1342605188	0.1328872145	0.1315240213	0.1301710816	0.1288285280	0.1274964832	0.1261750606	0.1248643641	0.1235644888	0.1222755210	0.1209975386	0.1197306111	0.1184748003	0.1172301603	0.1159967375	0.1147745714	0.1135636945	0.1123641325	0.1111759048	0.1099990245	0.1088334989	0.1076793293	0.1065365118	0.1054050370	0.1042848904	0.1031760529	0.1020785006	0.1009922052	0.0999171341	0.0988532508	0.0978005149	0.0967588822	0.0957283053	0.0947087333	0.0937001122	0.0927023851	0.0917154922	0.0907393712	0.0897739571	0.0888191828	0.0878749789	0.0869412738	0.0860179941	0.0851050646	0.0842024084	0.0833099470	0.0824276006	0.0815552877	0.0806929261	0.0798404320	0.0789977209
0.1839425403	0.1846108226	0.1852865957	0.1859697839	0.1866603085	0.1873580874	0.1880630350	0.1887750622	0.1894940758	0.1902199791	0.1909526710	0.1916920462	0.1924379950	0.1931904034	0.1939491524	0.1947141182	0.1954851720	0.1962621799	0.1970450024	0.1978334948	0.1986275064	0.1994268808	0.2002314557	0.2010410624	0.2018555261	0.2026746651	0.2034982914	0.2043262101	0.2051582190	0.2059941091	0.2068336640	0.2076766596	0.2085228645	0.2093720392	0.2102239365	0.2110783011	0.2119348695	0.2127933697	0.2136535214	0.2145150357	0.2153776151	0.2162409531	0.2171047345	0.2179686349	0.2188323210	0.2196954503	0.2205576713	0.2214186229	0.2222779351	0.2231352282	0.2239901137	0.2248421933	0.2256910597	0.2265362964	0.2273774775	0.2282141681	0.2290459244	0.2298722933	0.2306928133	0.2315070140	0.2323144166	0.2331145340	0.2339068711	0.2346909248	0.2354661844	0.2362321321	0.2369882429	0.2377339851	0.2384688209	0.2391922064	0.2399035923	0.2406024240	0.2412881424	0.2419601844	0.2426179830	0.2432609684	0.2438885681	0.2445002077	0.2450953115	0.2456733032	0.2462336065	0.2467756458	0.2472988468	0.2478026374	0.2482864486	0.2487497148	0.2491918750	0.2496123736	0.2500106610	0.2503861944	0.2507384392	0.2510668691	0.2513709676	0.2516502285	0.2519041569	0.2521322701	0.2523340985	0.2525091864	0.2526570929	0.2527773927	0.2528696773	0.2529335553	0.2529686536	0.2529746180	0.2529511142	0.2528978282	0.2528144675	0.2527007615	0.2525564620	0.2523813443	0.2521752074	0.2519378748	0.2516691947	0.2513690409	0.2510373128	0.2506739361	0.2502788630	0.2498520722	0.2493935697	0.2489033885	0.2483815888	0.2478282581	0.2472435113	0.2466274904	0.2459803648	0.2453023305	0.2445936105	0.2438544541	0.2430851368	0.2422859597	0.2414572493	0.2405993567	0.2397126574	0.2387975503	0.2378544577	0.2368838237	0.2358861142	0.2348618159	0.2338114356	0.2327354990	0.2316345501	0.2305091506	0.2293598782	0.2281873264	0.2269921032	0.2257748298	0.2245361404	0.2232766805	0.2219971058	0.2206980820	0.2193802829	0.2180443897	0.2166910900	0.2153210768	0.2139350474	0.2125337026	0.2111177452	0.2096878797	0.2082448109	0.2067892432	0.2053218794	0.2038434203	0.2023545633	0.2008560020	0.1993484251	0.1978325159	0.1963089514	0.1947784014	0.1932415283	0.1916989861	0.1901514200	0.1885994656	0.1870437485	0.1854848838	0.1839234758	0.1823601173	0.1807953891	0.1792298601	0.1776640866	0.1760986122	0.1745339673	0.1729706693	0.1714092219	0.1698501152	0.1682938255	0.1667408153	0.1651915331	0.1636464134	0.1621058766	0.1605703290	0.1590401629	0.1575157565	0.1559974744	0.1544856669	0.1529806707	0.1514828090	0.1499923912	0.1485097136	0.1470350593	0.1455686980	0.1441108871	0.1426618710	0.1412218818	0.1397911395	0.1383698519	0.1369582153	0.1355564143	0.1341646226	0.1327830025	0.1314117059	0.1300508740	0.1287006381	0.1273611193	0.1260324292	0.1247146699	0.1234079345	0.1221123071	0.1208278635	0.1195546709	0.1182927887	0.1170422682	0.1158031535	0.1145754814	0.1133592816	0.1121545771	0.1109613843	0.1097797136	0.1086095692	0.1074509497	0.1063038479	0.1051682515	0.1040441431	0.1029315004	0.1018302965	0.1007405000	0.0996620754	0.0985949830	0.0975391792	0.0964946172	0.0954612461	0.0944390123	0.0934278587	0.0924277254	0.0914385497	0.0904602664	0.0894928075	0.0885361032	0.0875900811	0.0866546668	0.0857297843	0.0848153556	0.0839113009	0.0830175394	0.0821339883	0.0812605639	0.0803971811	0.0795437540	0.0787001953
0.1832657046	0.1839411876	0.1846242902	0.1853149397	0.1860130596	0.1867185706	0.1874313895	0.1881514296	0.1888786005	0.1896128076	0.1903539523	0.1911019319	0.1918566390	0.1926179618	0.1933857835	0.1941599827	0.1949404328	0.1957270017	0.1965195523	0.1973179417	0.1981220212	0.1989316361	0.1997466259	0.2005668236	0.2013920558	0.2022221424	0.2030568968	0.2038961250	0.2047396263	0.2055871925	0.2064386079	0.2072936493	0.2081520857	0.2090136781	0.2098781795	0.2107453346	0.2116148796	0.2124865424	0.2133600421	0.2142350891	0.2151113847	0.2159886215	0.2168664827	0.2177446424	0.2186227653	0.2195005068	0.2203775128	0.2212534196	0.2221278542	0.2230004336	0.2238707656	0.2247384482	0.2256030698	0.2264642093	0.2273214360	0.2281743098	0.2290223812	0.2298651914	0.2307022726	0.2315331478	0.2323573313	0.2331743285	0.2339836366	0.2347847446	0.2355771333	0.2363602759	0.2371336385	0.2378966797	0.2386488517	0.2393896004	0.2401183658	0.2408345824	0.2415376796	0.2422270827	0.2429022127	0.2435624873	0.2442073214	0.2448361276	0.2454483171	0.2460432999	0.2466204860	0.2471792857	0.2477191105	0.2482393741	0.2487394925	0.2492188856	0.2496769774	0.2501131973	0.2505269806	0.2509177696	0.2512850142	0.2516281731	0.2519467148	0.2522401179	0.2525078726	0.2527494813	0.2529644599	0.2531523382	0.2533126611	0.2534449893	0.2535489006	0.2536239904	0.2536698724	0.2536861802	0.2536725670	0.2536287075	0.2535542979	0.2534490569	0.2533127263	0.2531450720	0.2529458841	0.2527149778	0.2524521940	0.2521573994	0.2518304874	0.2514713783	0.2510800196	0.2506563863	0.2502004811	0.2497123347	0.2491920060	0.2486395817	0.2480551768	0.2474389345	0.2467910256	0.2461116490	0.2454010309	0.2446594249	0.2438871115	0.2430843975	0.2422516160	0.2413891255	0.2404973094	0.2395765754	0.2386273552	0.2376501030	0.2366452955	0.2356134307	0.2345550272	0.2334706234	0.2323607762	0.2312260607	0.2300670688	0.2288844080	0.2276787011	0.2264505846	0.2252007079	0.2239297320	0.2226383288	0.2213271798	0.2199969750	0.2186484122	0.2172821953	0.2158990337	0.2144996413	0.2130847353	0.2116550350	0.2102112611	0.2087541348	0.2072843764	0.2058027048	0.2043098362	0.2028064838	0.2012933561	0.1997711570	0.1982405842	0.1967023292	0.1951570757	0.1936054998	0.1920482687	0.1904860405	0.1889194632	0.1873491745	0.1857758014	0.1841999591	0.1826222512	0.1810432691	0.1794635915	0.1778837842	0.1763043998	0.1747259774	0.1731490424	0.1715741061	0.1700016661	0.1684322054	0.1668661930	0.1653040832	0.1637463162	0.1621933173	0.1606454978	0.1591032542	0.1575669688	0.1560370096	0.1545137300	0.1529974699	0.1514885546	0.1499872960	0.1484939921	0.1470089273	0.1455323730	0.1440645871	0.1426058148	0.1411562886	0.1397162285	0.1382858423	0.1368653259	0.1354548634	0.1340546275	0.1326647798	0.1312854707	0.1299168403	0.1285590182	0.1272121239	0.1258762671	0.1245515479	0.1232380574	0.1219358774	0.1206450814	0.1193657341	0.1180978923	0.1168416049	0.1155969131	0.1143638510	0.1131424455	0.1119327166	0.1107346780	0.1095483369	0.1083736945	0.1072107463	0.1060594822	0.1049198867	0.1037919394	0.1026756146	0.1015708826	0.1004777086	0.0993960540	0.0983258761	0.0972671282	0.0962197602	0.0951837183	0.0941589457	0.0931453823	0.0921429652	0.0911516287	0.0901713045	0.0892019220	0.0882434080	0.0872956875	0.0863586834	0.0854323166	0.0845165064	0.0836111705	0.0827162250	0.0818315848	0.0809571635	0.0800928734	0.0792386260	0.0783943317
0.1825689372	0.1832514972	0.1839418063	0.1846397941	0.1853453872	0.1860585086	0.1867790778	0.1875070107	0.1882422194	0.1889846119	0.1897340922	0.1904905599	0.1912539102	0.1920240336	0.1928008157	0.1935841375	0.1943738745	0.1951698971	0.1959720701	0.1967802527	0.1975942983	0.1984140542	0.1992393617	0.2000700554	0.2009059638	0.2017469083	0.2025927037	0.2034431575	0.2042980701	0.2051572344	0.2060204357	0.2068874516	0.2077580519	0.2086319979	0.2095090431	0.2103889322	0.2112714017	0.2121561790	0.2130429829	0.2139315233	0.2148215005	0.2157126061	0.2166045220	0.2174969208	0.2183894653	0.2192818090	0.2201735954	0.2210644582	0.2219540215	0.2228418992	0.2237276955	0.2246110046	0.2254914108	0.2263684885	0.2272418023	0.2281109069	0.2289753474	0.2298346591	0.2306883679	0.2315359903	0.2323770337	0.2332109961	0.2340373672	0.2348556276	0.2356652499	0.2364656985	0.2372564299	0.2380368935	0.2388065314	0.2395647790	0.2403110656	0.2410448146	0.2417654441	0.2424723673	0.2431649931	0.2438427268	0.2445049704	0.2451511233	0.2457805832	0.2463927465	0.2469870090	0.2475627670	0.2481194173	0.2486563589	0.2491729930	0.2496687244	0.2501429619	0.2505951195	0.2510246173	0.2514308818	0.2518133477	0.2521714581	0.2525046659	0.2528124344	0.2530942385	0.2533495654	0.2535779158	0.2537788048	0.2539517626	0.2540963357	0.2542120878	0.2542986004	0.2543554742	0.2543823295	0.2543788073	0.2543445702	0.2542793028	0.2541827129	0.2540545320	0.2538945160	0.2537024460	0.2534781286	0.2532213970	0.2529321107	0.2526101568	0.2522554500	0.2518679328	0.2514475763	0.2509943800	0.2505083720	0.2499896097	0.2494381790	0.2488541950	0.2482378017	0.2475891718	0.2469085068	0.2461960362	0.2454520179	0.2446767375	0.2438705077	0.2430336682	0.2421665850	0.2412696496	0.2403432788	0.2393879138	0.2384040192	0.2373920826	0.2363526137	0.2352861433	0.2341932224	0.2330744215	0.2319303292	0.2307615517	0.2295687114	0.2283524460	0.2271134075	0.2258522608	0.2245696832	0.2232663628	0.2219429974	0.2206002937	0.2192389661	0.2178597353	0.2164633278	0.2150504741	0.2136219082	0.2121783664	0.2107205859	0.2092493044	0.2077652588	0.2062691840	0.2047618124	0.2032438728	0.2017160893	0.2001791809	0.1986338604	0.1970808335	0.1955207984	0.1939544450	0.1923824539	0.1908054963	0.1892242328	0.1876393135	0.1860513769	0.1844610498	0.1828689467	0.1812756694	0.1796818065	0.1780879336	0.1764946121	0.1749023900	0.1733118006	0.1717233633	0.1701375826	0.1685549486	0.1669759364	0.1654010066	0.1638306045	0.1622651609	0.1607050915	0.1591507972	0.1576026641	0.1560610637	0.1545263528	0.1529988736	0.1514789542	0.1499669083	0.1484630357	0.1469676223	0.1454809405	0.1440032490	0.1425347937	0.1410758072	0.1396265096	0.1381871084	0.1367577990	0.1353387648	0.1339301776	0.1325321978	0.1311449747	0.1297686466	0.1284033417	0.1270491775	0.1257062619	0.1243746928	0.1230545590	0.1217459402	0.1204489072	0.1191635222	0.1178898394	0.1166279050	0.1153777573	0.1141394276	0.1129129397	0.1116983108	0.1104955514	0.1093046657	0.1081256518	0.1069585021	0.1058032032	0.1046597366	0.1035280784	0.1024082000	0.1013000683	0.1002036454	0.0991188895	0.0980457545	0.0969841908	0.0959341450	0.0948955601	0.0938683762	0.0928525302	0.0918479559	0.0908545848	0.0898723454	0.0889011640	0.0879409648	0.0869916696	0.0860531985	0.0851254696	0.0842083993	0.0833019026	0.0824058929	0.0815202824	0.0806449820	0.0797799016	0.0789249499	0.0780800349
0.1818519982	0.1825415059	0.1832388923	0.1839440899	0.1846570279	0.1853776319	0.1861058243	0.1868415235	0.1875846443	0.1883350974	0.1890927892	0.1898576221	0.1906294937	0.1914082970	0.1921939202	0.1929862467	0.1937851542	0.1945905156	0.1954021979	0.1962200626	0.1970439650	0.1978737546	0.1987092747	0.1995503618	0.2003968461	0.2012485507	0.2021052921	0.2029668792	0.2038331137	0.2047037898	0.2055786940	0.2064576048	0.2073402927	0.2082265197	0.2091160398	0.2100085980	0.2109039309	0.2118017659	0.2127018215	0.2136038070	0.2145074222	0.2154123577	0.2163182942	0.2172249029	0.2181318451	0.2190387721	0.2199453253	0.2208511360	0.2217558255	0.2226590045	0.2235602740	0.2244592243	0.2253554359	0.2262484787	0.2271379125	0.2280232870	0.2289041420	0.2297800068	0.2306504014	0.2315148356	0.2323728099	0.2332238151	0.2340673331	0.2349028366	0.2357297895	0.2365476474	0.2373558577	0.2381538600	0.2389410864	0.2397169619	0.2404809049	0.2412323276	0.2419706365	0.2426952329	0.2434055134	0.2441008704	0.2447806932	0.2454443677	0.2460912780	0.2467208064	0.2473323347	0.2479252445	0.2484989180	0.2490527390	0.2495860938	0.2500983716	0.2505889659	0.2510572750	0.2515027031	0.2519246610	0.2523225676	0.2526958500	0.2530439454	0.2533663012	0.2536623765	0.2539316431	0.2541735863	0.2543877057	0.2545735168	0.2547305511	0.2548583580	0.2549565048	0.2550245786	0.2550621863	0.2550689561	0.2550445380	0.2549886049	0.2549008534	0.2547810040	0.2546288027	0.2544440209	0.2542264567	0.2539759349	0.2536923078	0.2533754559	0.2530252880	0.2526417415	0.2522247833	0.2517744095	0.2512906457	0.2507735474	0.2502231998	0.2496397179	0.2490232467	0.2483739605	0.2476920633	0.2469777883	0.2462313975	0.2454531818	0.2446434598	0.2438025780	0.2429309100	0.2420288557	0.2410968409	0.2401353167	0.2391447583	0.2381256645	0.2370785569	0.2360039787	0.2349024940	0.2337746869	0.2326211602	0.2314425346	0.2302394476	0.2290125522	0.2277625162	0.2264900208	0.2251957595	0.2238804369	0.2225447678	0.2211894759	0.2198152925	0.2184229557	0.2170132089	0.2155868002	0.2141444805	0.2126870032	0.2112151228	0.2097295937	0.2082311694	0.2067206016	0.2051986389	0.2036660260	0.2021235030	0.2005718042	0.1990116576	0.1974437838	0.1958688954	0.1942876962	0.1927008807	0.1911091331	0.1895131271	0.1879135249	0.1863109771	0.1847061219	0.1830995849	0.1814919784	0.1798839012	0.1782759383	0.1766686605	0.1750626242	0.1734583712	0.1718564285	0.1702573078	0.1686615061	0.1670695049	0.1654817706	0.1638987541	0.1623208912	0.1607486022	0.1591822922	0.1576223512	0.1560691540	0.1545230605	0.1529844156	0.1514535496	0.1499307782	0.1484164030	0.1469107110	0.1454139755	0.1439264563	0.1424483992	0.1409800373	0.1395215905	0.1380732658	0.1366352580	0.1352077498	0.1337909119	0.1323849034	0.1309898721	0.1296059549	0.1282332779	0.1268719570	0.1255220976	0.1241837958	0.1228571379	0.1215422009	0.1202390533	0.1189477545	0.1176683560	0.1164009010	0.1151454251	0.1139019564	0.1126705158	0.1114511174	0.1102437684	0.1090484701	0.1078652171	0.1066939987	0.1055347983	0.1043875939	0.1032523585	0.1021290603	0.1010176627	0.0999181246	0.0988304010	0.0977544425	0.0966901961	0.0956376052	0.0945966098	0.0935671467	0.0925491495	0.0915425491	0.0905472736	0.0895632487	0.0885903976	0.0876286414	0.0866778991	0.0857380877	0.0848091224	0.0838909170	0.0829833836	0.0820864328	0.0811999741	0.0803239157	0.0794581649	0.0786026280	0.0777572103
0.1811146493	0.1818109696	0.1825152985	0.1832275712	0.1839477197	0.1846756725	0.1854113545	0.1861546872	0.1869055878	0.1876639699	0.1884297426	0.1892028108	0.1899830749	0.1907704305	0.1915647683	0.1923659742	0.1931739286	0.1939885065	0.1948095775	0.1956370052	0.1964706475	0.1973103558	0.1981559755	0.1990073452	0.1998642969	0.2007266557	0.2015942397	0.2024668594	0.2033443181	0.2042264113	0.2051129267	0.2060036439	0.2068983343	0.2077967608	0.2086986780	0.2096038313	0.2105119576	0.2114227843	0.2123360299	0.2132514032	0.2141686037	0.2150873209	0.2160072347	0.2169280149	0.2178493213	0.2187708035	0.2196921007	0.2206128420	0.2215326458	0.2224511200	0.2233678623	0.2242824595	0.2251944880	0.2261035135	0.2270090911	0.2279107658	0.2288080716	0.2297005326	0.2305876623	0.2314689642	0.2323439319	0.2332120490	0.2340727897	0.2349256185	0.2357699910	0.2366053540	0.2374311454	0.2382467952	0.2390517253	0.2398453504	0.2406270779	0.2413963086	0.2421524375	0.2428948537	0.2436229413	0.2443360801	0.2450336459	0.2457150114	0.2463795466	0.2470266198	0.2476555983	0.2482658488	0.2488567386	0.2494276365	0.2499779129	0.2505069417	0.2510141004	0.2514987713	0.2519603426	0.2523982091	0.2528117732	0.2532004461	0.2535636484	0.2539008115	0.2542113785	0.2544948051	0.2547505608	0.2549781296	0.2551770115	0.2553467229	0.2554867984	0.2555967908	0.2556762729	0.2557248381	0.2557421012	0.2557276996	0.2556812939	0.2556025687	0.2554912339	0.2553470248	0.2551697031	0.2549590576	0.2547149048	0.2544370895	0.2541254852	0.2537799946	0.2534005499	0.2529871136	0.2525396781	0.2520582664	0.2515429320	0.2509937593	0.2504108632	0.2497943894	0.2491445140	0.2484614435	0.2477454147	0.2469966941	0.2462155774	0.2454023896	0.2445574840	0.2436812418	0.2427740718	0.2418364088	0.2408687141	0.2398714735	0.2388451975	0.2377904197	0.2367076961	0.2355976043	0.2344607420	0.2332977268	0.2321091940	0.2308957967	0.2296582036	0.2283970987	0.2271131796	0.2258071565	0.2244797512	0.2231316954	0.2217637304	0.2203766048	0.2189710743	0.2175478999	0.2161078472	0.2146516848	0.2131801835	0.2116941151	0.2101942514	0.2086813628	0.2071562179	0.2056195818	0.2040722157	0.2025148757	0.2009483118	0.1993732675	0.1977904783	0.1962006716	0.1946045654	0.1930028681	0.1913962772	0.1897854794	0.1881711496	0.1865539504	0.1849345316	0.1833135298	0.1816915681	0.1800692554	0.1784471864	0.1768259411	0.1752060847	0.1735881670	0.1719727229	0.1703602714	0.1687513162	0.1671463452	0.1655458306	0.1639502290	0.1623599808	0.1607755111	0.1591972292	0.1576255287	0.1560607878	0.1545033692	0.1529536206	0.1514118743	0.1498784480	0.1483536447	0.1468377526	0.1453310460	0.1438337851	0.1423462161	0.1408685720	0.1394010724	0.1379439240	0.1364973208	0.1350614445	0.1336364644	0.1322225385	0.1308198129	0.1294284228	0.1280484923	0.1266801353	0.1253234550	0.1239785450	0.1226454892	0.1213243621	0.1200152293	0.1187181476	0.1174331655	0.1161603233	0.1148996535	0.1136511812	0.1124149240	0.1111908929	0.1099790919	0.1087795188	0.1075921652	0.1064170168	0.1052540538	0.1041032508	0.1029645776	0.1018379987	0.1007234743	0.0996209601	0.0985304074	0.0974517638	0.0963849728	0.0953299746	0.0942867058	0.0932551001	0.0922350877	0.0912265965	0.0902295514	0.0892438749	0.0882694872	0.0873063063	0.0863542481	0.0854132269	0.0844831550	0.0835639430	0.0826555004	0.0817577350	0.0808705535	0.0799938615	0.0791275637	0.0782715636	0.0774257642
0.1803566541	0.1810596460	0.1817707765	0.1824899837	0.1832172022	0.1839523635	0.1846953953	0.1854462220	0.1862047636	0.1869709364	0.1877446524	0.1885258193	0.1893143400	0.1901101130	0.1909130318	0.1917229845	0.1925398544	0.1933635190	0.1941938503	0.1950307145	0.1958739716	0.1967234754	0.1975790736	0.1984406069	0.1993079093	0.2001808079	0.2010591226	0.2019426657	0.2028312420	0.2037246487	0.2046226747	0.2055251009	0.2064316997	0.2073422352	0.2082564624	0.2091741276	0.2100949679	0.2110187110	0.2119450754	0.2128737698	0.2138044932	0.2147369344	0.2156707725	0.2166056762	0.2175413038	0.2184773033	0.2194133121	0.2203489568	0.2212838534	0.2222176071	0.2231498122	0.2240800522	0.2250078995	0.2259329158	0.2268546517	0.2277726472	0.2286864311	0.2295955217	0.2304994268	0.2313976432	0.2322896578	0.2331749469	0.2340529772	0.2349232050	0.2357850777	0.2366380328	0.2374814993	0.2383148972	0.2391376386	0.2399491272	0.2407487597	0.2415359255	0.2423100078	0.2430703834	0.2438164239	0.2445474961	0.2452629626	0.2459621822	0.2466445110	0.2473093029	0.2479559105	0.2485836855	0.2491919801	0.2497801472	0.2503475420	0.2508935220	0.2514174488	0.2519186884	0.2523966126	0.2528505995	0.2532800352	0.2536843141	0.2540628403	0.2544150287	0.2547403059	0.2550381111	0.2553078976	0.2555491334	0.2557613027	0.2559439064	0.2560964636	0.2562185125	0.2563096112	0.2563693390	0.2563972971	0.2563931097	0.2563564248	0.2562869150	0.2561842786	0.2560482402	0.2558785514	0.2556749916	0.2554373686	0.2551655192	0.2548593097	0.2545186367	0.2541434268	0.2537336379	0.2532892586	0.2528103090	0.2522968408	0.2517489371	0.2511667128	0.2505503142	0.2498999193	0.2492157371	0.2484980079	0.2477470025	0.2469630220	0.2461463976	0.2452974896	0.2444166872	0.2435044075	0.2425610953	0.2415872218	0.2405832841	0.2395498042	0.2384873282	0.2373964252	0.2362776863	0.2351317237	0.2339591695	0.2327606745	0.2315369073	0.2302885530	0.2290163118	0.2277208984	0.2264030400	0.2250634758	0.2237029551	0.2223222368	0.2209220876	0.2195032808	0.2180665957	0.2166128156	0.2151427271	0.2136571189	0.2121567804	0.2106425009	0.2091150685	0.2075752686	0.2060238834	0.2044616907	0.2028894629	0.2013079662	0.1997179594	0.1981201936	0.1965154109	0.1949043439	0.1932877148	0.1916662350	0.1900406043	0.1884115101	0.1867796273	0.1851456174	0.1835101283	0.1818737937	0.1802372329	0.1786010502	0.1769658350	0.1753321609	0.1737005864	0.1720716537	0.1704458894	0.1688238039	0.1672058913	0.1655926298	0.1639844812	0.1623818910	0.1607852888	0.1591950878	0.1576116853	0.1560354627	0.1544667858	0.1529060044	0.1513534532	0.1498094515	0.1482743036	0.1467482990	0.1452317126	0.1437248049	0.1422278225	0.1407409982	0.1392645511	0.1377986874	0.1363436001	0.1348994697	0.1334664645	0.1320447407	0.1306344428	0.1292357041	0.1278486466	0.1264733820	0.1251100112	0.1237586252	0.1224193054	0.1210921236	0.1197771425	0.1184744160	0.1171839895	0.1159059003	0.1146401779	0.1133868439	0.1121459129	0.1109173924	0.1097012831	0.1084975796	0.1073062699	0.1061273364	0.1049607556	0.1038064991	0.1026645328	0.1015348180	0.1004173115	0.0993119653	0.0982187276	0.0971375424	0.0960683499	0.0950110869	0.0939656867	0.0929320795	0.0919101926	0.0908999503	0.0899012746	0.0889140846	0.0879382975	0.0869738282	0.0860205897	0.0850784930	0.0841474476	0.0832273613	0.0823181406	0.0814196906	0.0805319152	0.0796547173	0.0787879988	0.0779316609	0.0770856037
0.1795777783	0.1802872950	0.1810050802	0.1817310748	0.1824652165	0.1832074398	0.1839576751	0.1847158498	0.1854818868	0.1862557052	0.1870372201	0.1878263418	0.1886229762	0.1894270244	0.1902383828	0.1910569424	0.1918825888	0.1927152025	0.1935546579	0.1944008238	0.1952535626	0.1961127308	0.1969781780	0.1978497474	0.1987272752	0.1996105906	0.2004995153	0.2013938636	0.2022934421	0.2031980496	0.2041074764	0.2050215050	0.2059399090	0.2068624533	0.2077888941	0.2087189783	0.2096524436	0.2105890182	0.2115284205	0.2124703594	0.2134145333	0.2143606310	0.2153083305	0.2162572996	0.2172071954	0.2181576643	0.2191083420	0.2200588530	0.2210088108	0.2219578181	0.2229054660	0.2238513346	0.2247949928	0.2257359980	0.2266738966	0.2276082237	0.2285385029	0.2294642471	0.2303849579	0.2313001261	0.2322092315	0.2331117435	0.2340071209	0.2348948124	0.2357742565	0.2366448821	0.2375061089	0.2383573471	0.2391979984	0.2400274564	0.2408451063	0.2416503263	0.2424424875	0.2432209546	0.2439850866	0.2447342369	0.2454677546	0.2461849849	0.2468852696	0.2475679480	0.2482323577	0.2488778353	0.2495037175	0.2501093414	0.2506940462	0.2512571731	0.2517980673	0.2523160782	0.2528105609	0.2532808766	0.2537263945	0.2541464920	0.2545405563	0.2549079853	0.2552481887	0.2555605890	0.2558446228	0.2560997417	0.2563254136	0.2565211235	0.2566863749	0.2568206905	0.2569236135	0.2569947088	0.2570335635	0.2570397881	0.2570130178	0.2569529127	0.2568591593	0.2567314711	0.2565695891	0.2563732830	0.2561423517	0.2558766237	0.2555759581	0.2552402445	0.2548694043	0.2544633901	0.2540221869	0.2535458117	0.2530343140	0.2524877758	0.2519063117	0.2512900689	0.2506392267	0.2499539970	0.2492346234	0.2484813813	0.2476945772	0.2468745484	0.2460216626	0.2451363167	0.2442189370	0.2432699778	0.2422899208	0.2412792745	0.2402385726	0.2391683741	0.2380692614	0.2369418396	0.2357867353	0.2346045959	0.2333960877	0.2321618955	0.2309027207	0.2296192806	0.2283123069	0.2269825445	0.2256307503	0.2242576915	0.2228641452	0.2214508962	0.2200187363	0.2185684629	0.2171008778	0.2156167858	0.2141169938	0.2126023094	0.2110735396	0.2095314903	0.2079769644	0.2064107612	0.2048336757	0.2032464966	0.2016500065	0.2000449801	0.1984321841	0.1968123755	0.1951863017	0.1935546993	0.1919182932	0.1902777965	0.1886339096	0.1869873196	0.1853386999	0.1836887097	0.1820379935	0.1803871809	0.1787368860	0.1770877074	0.1754402276	0.1737950132	0.1721526142	0.1705135646	0.1688783812	0.1672475648	0.1656215991	0.1640009513	0.1623860719	0.1607773946	0.1591753368	0.1575802994	0.1559926669	0.1544128076	0.1528410741	0.1512778027	0.1497233145	0.1481779149	0.1466418945	0.1451155288	0.1435990785	0.1420927904	0.1405968967	0.1391116164	0.1376371545	0.1361737032	0.1347214418	0.1332805369	0.1318511432	0.1304334034	0.1290274486	0.1276333989	0.1262513632	0.1248814403	0.1235237185	0.1221782763	0.1208451827	0.1195244975	0.1182162716	0.1169205473	0.1156373586	0.1143667317	0.1131086850	0.1118632296	0.1106303698	0.1094101027	0.1082024193	0.1070073043	0.1058247365	0.1046546891	0.1034971297	0.1023520210	0.1012193209	0.1000989823	0.0989909539	0.0978951804	0.0968116023	0.0957401564	0.0946807760	0.0936333912	0.0925979286	0.0915743123	0.0905624633	0.0895623003	0.0885737393	0.0875966943	0.0866310770	0.0856767974	0.0847337635	0.0838018817	0.0828810570	0.0819711929	0.0810721917	0.0801839546	0.0793063818	0.0784393724	0.0775828249	0.0767366371
0.1787777897	0.1794936783	0.1802179652	0.1809505942	0.1816915061	0.1824406382	0.1831979242	0.1839632941	0.1847366740	0.1855179862	0.1863071483	0.1871040738	0.1879086715	0.1887208455	0.1895404948	0.1903675133	0.1912017897	0.1920432069	0.1928916421	0.1937469668	0.1946090461	0.1954777388	0.1963528971	0.1972343666	0.1981219858	0.1990155859	0.1999149910	0.2008200174	0.2017304735	0.2026461597	0.2035668684	0.2044923832	0.2054224793	0.2063569228	0.2072954710	0.2082378715	0.2091838629	0.2101331738	0.2110855231	0.2120406196	0.2129981618	0.2139578379	0.2149193256	0.2158822917	0.2168463922	0.2178112723	0.2187765658	0.2197418954	0.2207068724	0.2216710968	0.2226341569	0.2235956296	0.2245550801	0.2255120620	0.2264661173	0.2274167764	0.2283635579	0.2293059693	0.2302435062	0.2311756531	0.2321018833	0.2330216590	0.2339344314	0.2348396412	0.2357367186	0.2366250836	0.2375041465	0.2383733078	0.2392319592	0.2400794832	0.2409152544	0.2417386392	0.2425489967	0.2433456794	0.2441280332	0.2448953986	0.2456471110	0.2463825014	0.2471008972	0.2478016231	0.2484840014	0.2491473535	0.2497910002	0.2504142626	0.2510164635	0.2515969278	0.2521549838	0.2526899640	0.2532012064	0.2536880552	0.2541498621	0.2545859872	0.2549958004	0.2553786823	0.2557340252	0.2560612346	0.2563597299	0.2566289460	0.2568683340	0.2570773626	0.2572555191	0.2574023106	0.2575172649	0.2575999320	0.2576498844	0.2576667188	0.2576500569	0.2575995462	0.2575148608	0.2573957027	0.2572418022	0.2570529189	0.2568288424	0.2565693927	0.2562744211	0.2559438107	0.2555774765	0.2551753665	0.2547374613	0.2542637748	0.2537543542	0.2532092803	0.2526286674	0.2520126631	0.2513614487	0.2506752384	0.2499542795	0.2491988517	0.2484092671	0.2475858694	0.2467290334	0.2458391644	0.2449166976	0.2439620973	0.2429758557	0.2419584929	0.2409105550	0.2398326136	0.2387252650	0.2375891285	0.2364248457	0.2352330792	0.2340145115	0.2327698437	0.2314997941	0.2302050974	0.2288865027	0.2275447728	0.2261806828	0.2247950183	0.2233885748	0.2219621558	0.2205165717	0.2190526388	0.2175711774	0.2160730111	0.2145589652	0.2130298657	0.2114865380	0.2099298059	0.2083604902	0.2067794078	0.2051873706	0.2035851845	0.2019736484	0.2003535534	0.1987256817	0.1970908058	0.1954496878	0.1938030788	0.1921517177	0.1904963311	0.1888376321	0.1871763205	0.1855130815	0.1838485857	0.1821834886	0.1805184300	0.1788540339	0.1771909081	0.1755296442	0.1738708167	0.1722149835	0.1705626857	0.1689144471	0.1672707745	0.1656321573	0.1639990680	0.1623719619	0.1607512771	0.1591374349	0.1575308395	0.1559318786	0.1543409231	0.1527583277	0.1511844307	0.1496195545	0.1480640060	0.1465180762	0.1449820412	0.1434561620	0.1419406851	0.1404358425	0.1389418522	0.1374589186	0.1359872325	0.1345269719	0.1330783019	0.1316413751	0.1302163324	0.1288033027	0.1274024037	0.1260137419	0.1246374135	0.1232735039	0.1219220889	0.1205832344	0.1192569972	0.1179434249	0.1166425566	0.1153544231	0.1140790471	0.1128164437	0.1115666204	0.1103295779	0.1091053100	0.1078938040	0.1066950409	0.1055089961	0.1043356389	0.1031749336	0.1020268391	0.1008913097	0.0997682948	0.0986577395	0.0975595848	0.0964737678	0.0954002218	0.0943388765	0.0932896586	0.0922524915	0.0912272956	0.0902139888	0.0892124863	0.0882227011	0.0872445438	0.0862779231	0.0853227457	0.0843789166	0.0834463393	0.0825249158	0.0816145467	0.0807151314	0.0798265683	0.0789487548	0.0780815874	0.0772249620	0.0763787737
0.1779564590	0.1786785606	0.1794091899	0.1801482939	0.1808958164	0.1816516977	0.1824158746	0.1831882803	0.1839688440	0.1847574907	0.1855541413	0.1863587123	0.1871711156	0.1879912582	0.1888190420	0.1896543640	0.1904971156	0.1913471827	0.1922044453	0.1930687777	0.1939400476	0.1948181165	0.1957028393	0.1965940640	0.1974916315	0.1983953755	0.1993051223	0.2002206901	0.2011418897	0.2020685233	0.2030003850	0.2039372602	0.2048789256	0.2058251487	0.2067756878	0.2077302919	0.2086887002	0.2096506421	0.2106158370	0.2115839938	0.2125548113	0.2135279774	0.2145031692	0.2154800532	0.2164582842	0.2174375063	0.2184173517	0.2193974414	0.2203773846	0.2213567788	0.2223352096	0.2233122508	0.2242874641	0.2252603995	0.2262305946	0.2271975752	0.2281608552	0.2291199365	0.2300743091	0.2310234513	0.2319668296	0.2329038993	0.2338341042	0.2347568768	0.2356716392	0.2365778024	0.2374747674	0.2383619251	0.2392386568	0.2401043344	0.2409583213	0.2417999724	0.2426286349	0.2434436484	0.2442443463	0.2450300555	0.2458000977	0.2465537897	0.2472904444	0.2480093715	0.2487098780	0.2493912696	0.2500528511	0.2506939274	0.2513138047	0.2519117910	0.2524871977	0.2530393401	0.2535675386	0.2540711199	0.2545494182	0.2550017758	0.2554275450	0.2558260885	0.2561967811	0.2565390105	0.2568521789	0.2571357038	0.2573890191	0.2576115770	0.2578028480	0.2579623232	0.2580895147	0.2581839568	0.2582452075	0.2582728490	0.2582664892	0.2582257624	0.2581503301	0.2580398826	0.2578941389	0.2577128483	0.2574957906	0.2572427771	0.2569536513	0.2566282889	0.2562665990	0.2558685242	0.2554340408	0.2549631594	0.2544559248	0.2539124164	0.2533327479	0.2527170679	0.2520655588	0.2513784377	0.2506559554	0.2498983961	0.2491060774	0.2482793495	0.2474185946	0.2465242263	0.2455966890	0.2446364571	0.2436440338	0.2426199507	0.2415647667	0.2404790665	0.2393634602	0.2382185819	0.2370450882	0.2358436577	0.2346149891	0.2333598003	0.2320788268	0.2307728210	0.2294425500	0.2280887949	0.2267123492	0.2253140174	0.2238946137	0.2224549608	0.2209958881	0.2195182309	0.2180228288	0.2165105242	0.2149821614	0.2134385851	0.2118806394	0.2103091664	0.2087250050	0.2071289898	0.2055219504	0.2039047098	0.2022780837	0.2006428796	0.1989998955	0.1973499197	0.1956937293	0.1940320898	0.1923657543	0.1906954630	0.1890219423	0.1873459042	0.1856680462	0.1839890502	0.1823095827	0.1806302939	0.1789518178	0.1772747714	0.1755997550	0.1739273515	0.1722581265	0.1705926283	0.1689313872	0.1672749163	0.1656237108	0.1639782482	0.1623389885	0.1607063742	0.1590808302	0.1574627643	0.1558525668	0.1542506113	0.1526572546	0.1510728367	0.1494976815	0.1479320966	0.1463763739	0.1448307897	0.1432956051	0.1417710662	0.1402574046	0.1387548374	0.1372635679	0.1357837856	0.1343156669	0.1328593752	0.1314150612	0.1299828635	0.1285629088	0.1271553123	0.1257601779	0.1243775989	0.1230076580	0.1216504278	0.1203059713	0.1189743419	0.1176555840	0.1163497334	0.1150568173	0.1137768549	0.1125098579	0.1112558302	0.1100147688	0.1087866638	0.1075714990	0.1063692516	0.1051798933	0.1040033897	0.1028397014	0.1016887837	0.1005505870	0.0994250572	0.0983121358	0.0972117600	0.0961238634	0.0950483757	0.0939852232	0.0929343289	0.0918956128	0.0908689919	0.0898543807	0.0888516912	0.0878608329	0.0868817132	0.0859142377	0.0849583099	0.0840138318	0.0830807038	0.0821588248	0.0812480926	0.0803484038	0.0794596538	0.0785817373	0.0777145482	0.0768579795	0.0760119239
0.1771135591	0.1778417086	0.1785785149	0.1793239282	0.1800778952	0.1808403595	0.1816112611	0.1823905362	0.1831781172	0.1839739323	0.1847779055	0.1855899564	0.1864099999	0.1872379462	0.1880737003	0.1889171622	0.1897682263	0.1906267815	0.1914927108	0.1923658912	0.1932461933	0.1941334814	0.1950276132	0.1959284392	0.1968358029	0.1977495406	0.1986694807	0.1995954440	0.2005272434	0.2014646831	0.2024075592	0.2033556590	0.2043087606	0.2052666334	0.2062290368	0.2071957212	0.2081664268	0.2091408837	0.2101188120	0.2110999211	0.2120839099	0.2130704665	0.2140592676	0.2150499791	0.2160422553	0.2170357389	0.2180300610	0.2190248410	0.2200196860	0.2210141912	0.2220079399	0.2230005026	0.2239914380	0.2249802921	0.2259665987	0.2269498792	0.2279296425	0.2289053853	0.2298765919	0.2308427346	0.2318032734	0.2327576565	0.2337053202	0.2346456895	0.2355781778	0.2365021875	0.2374171101	0.2383223270	0.2392172091	0.2401011178	0.2409734051	0.2418334144	0.2426804808	0.2435139313	0.2443330863	0.2451372592	0.2459257578	0.2466978846	0.2474529378	0.2481902118	0.2489089984	0.2496085871	0.2502882666	0.2509473253	0.2515850526	0.2522007394	0.2527936796	0.2533631711	0.2539085166	0.2544290249	0.2549240121	0.2553928026	0.2558347304	0.2562491402	0.2566353888	0.2569928458	0.2573208956	0.2576189380	0.2578863895	0.2581226847	0.2583272777	0.2584996426	0.2586392753	0.2587456947	0.2588184431	0.2588570882	0.2588612236	0.2588304700	0.2587644760	0.2586629196	0.2585255084	0.2583519808	0.2581421068	0.2578956885	0.2576125611	0.2572925931	0.2569356872	0.2565417804	0.2561108445	0.2556428866	0.2551379490	0.2545961095	0.2540174815	0.2534022138	0.2527504906	0.2520625314	0.2513385906	0.2505789572	0.2497839541	0.2489539382	0.2480892991	0.2471904591	0.2462578719	0.2452920220	0.2442934240	0.2432626213	0.2422001855	0.2411067150	0.2399828341	0.2388291915	0.2376464598	0.2364353334	0.2351965278	0.2339307780	0.2326388373	0.2313214759	0.2299794793	0.2286136473	0.2272247923	0.2258137380	0.2243813179	0.2229283740	0.2214557552	0.2199643163	0.2184549163	0.2169284170	0.2153856820	0.2138275752	0.2122549594	0.2106686955	0.2090696407	0.2074586480	0.2058365646	0.2042042310	0.2025624799	0.2009121353	0.1992540116	0.1975889128	0.1959176311	0.1942409470	0.1925596277	0.1908744272	0.1891860850	0.1874953259	0.1858028593	0.1841093790	0.1824155622	0.1807220697	0.1790295453	0.1773386155	0.1756498892	0.1739639576	0.1722813940	0.1706027538	0.1689285740	0.1672593738	0.1655956539	0.1639378971	0.1622865679	0.1606421128	0.1590049607	0.1573755223	0.1557541909	0.1541413425	0.1525373358	0.1509425124	0.1493571974	0.1477816992	0.1462163104	0.1446613073	0.1431169510	0.1415834871	0.1400611464	0.1385501451	0.1370506853	0.1355629551	0.1340871290	0.1326233686	0.1311718225	0.1297326270	0.1283059063	0.1268917730	0.1254903282	0.1241016623	0.1227258549	0.1213629757	0.1200130841	0.1186762305	0.1173524557	0.1160417920	0.1147442632	0.1134598847	0.1121886646	0.1109306032	0.1096856937	0.1084539224	0.1072352693	0.1060297080	0.1048372062	0.1036577259	0.1024912238	0.1013376515	0.1001969555	0.0990690781	0.0979539570	0.0968515258	0.0957617144	0.0946844488	0.0936196517	0.0925672426	0.0915271380	0.0904992515	0.0894834941	0.0884797744	0.0874879985	0.0865080708	0.0855398933	0.0845833667	0.0836383896	0.0827048594	0.0817826721	0.0808717225	0.0799719042	0.0790831099	0.0782052315	0.0773381601	0.0764817861	0.0756359996
0.1762488663	0.1769828925	0.1777257040	0.1784772542	0.1792374932	0.1800063677	0.1807838208	0.1815697919	0.1823642168	0.1831670268	0.1839781492	0.1847975067	0.1856250175	0.1864605950	0.1873041473	0.1881555775	0.1890147833	0.1898816564	0.1907560830	0.1916379430	0.1925271102	0.1934234517	0.1943268278	0.1952370920	0.1961540905	0.1970776620	0.1980076377	0.1989438408	0.1998860863	0.2008341809	0.2017879227	0.2027471008	0.2037114955	0.2046808775	0.2056550081	0.2066336387	0.2076165109	0.2086033559	0.2095938944	0.2105878366	0.2115848817	0.2125847178	0.2135870219	0.2145914591	0.2155976834	0.2166053366	0.2176140486	0.2186234372	0.2196331078	0.2206426537	0.2216516554	0.2226596809	0.2236662855	0.2246710119	0.2256733899	0.2266729366	0.2276691562	0.2286615402	0.2296495675	0.2306327042	0.2316104041	0.2325821083	0.2335472460	0.2345052342	0.2354554781	0.2363973713	0.2373302961	0.2382536241	0.2391667160	0.2400689225	0.2409595845	0.2418380337	0.2427035928	0.2435555766	0.2443932920	0.2452160390	0.2460231113	0.2468137971	0.2475873795	0.2483431377	0.2490803478	0.2497982832	0.2504962162	0.2511734184	0.2518291620	0.2524627207	0.2530733707	0.2536603920	0.2542230692	0.2547606931	0.2552725612	0.2557579797	0.2562162640	0.2566467403	0.2570487470	0.2574216352	0.2577647711	0.2580775363	0.2583593295	0.2586095677	0.2588276873	0.2590131457	0.2591654221	0.2592840191	0.2593684634	0.2594183075	0.2594331302	0.2594125385	0.2593561676	0.2592636827	0.2591347797	0.2589691859	0.2587666609	0.2585269976	0.2582500224	0.2579355964	0.2575836155	0.2571940110	0.2567667502	0.2563018362	0.2557993088	0.2552592441	0.2546817548	0.2540669903	0.2534151363	0.2527264148	0.2520010838	0.2512394367	0.2504418025	0.2496085444	0.2487400599	0.2478367797	0.2468991672	0.2459277173	0.2449229559	0.2438854387	0.2428157504	0.2417145030	0.2405823353	0.2394199116	0.2382279200	0.2370070715	0.2357580986	0.2344817538	0.2331788084	0.2318500511	0.2304962860	0.2291183321	0.2277170211	0.2262931962	0.2248477105	0.2233814258	0.2218952111	0.2203899407	0.2188664936	0.2173257514	0.2157685972	0.2141959144	0.2126085851	0.2110074891	0.2093935025	0.2077674967	0.2061303367	0.2044828810	0.2028259794	0.2011604730	0.1994871924	0.1978069575	0.1961205761	0.1944288435	0.1927325415	0.1910324378	0.1893292852	0.1876238213	0.1859167677	0.1842088298	0.1825006960	0.1807930374	0.1790865078	0.1773817429	0.1756793606	0.1739799601	0.1722841226	0.1705924103	0.1689053670	0.1672235178	0.1655473690	0.1638774084	0.1622141050	0.1605579094	0.1589092539	0.1572685525	0.1556362011	0.1540125780	0.1523980435	0.1507929410	0.1491975964	0.1476123190	0.1460374016	0.1444731206	0.1429197368	0.1413774952	0.1398466258	0.1383273436	0.1368198493	0.1353243293	0.1338409564	0.1323698900	0.1309112765	0.1294652497	0.1280319312	0.1266114309	0.1252038469	0.1238092666	0.1224277665	0.1210594128	0.1197042618	0.1183623601	0.1170337452	0.1157184458	0.1144164818	0.1131278652	0.1118526001	0.1105906830	0.1093421033	0.1081068435	0.1068848797	0.1056761816	0.1044807130	0.1032984321	0.1021292917	0.1009732395	0.0998302183	0.0987001665	0.0975830179	0.0964787025	0.0953871464	0.0943082720	0.0932419983	0.0921882412	0.0911469137	0.0901179257	0.0891011849	0.0880965964	0.0871040630	0.0861234857	0.0851547635	0.0841977936	0.0832524716	0.0823186918	0.0813963471	0.0804853294	0.0795855293	0.0786968368	0.0778191409	0.0769523300	0.0760962918	0.0752509138
0.1753621598	0.1761018852	0.1768505239	0.1776080324	0.1783743641	0.1791494689	0.1799332934	0.1807257803	0.1815268684	0.1823364926	0.1831545833	0.1839810667	0.1848158641	0.1856588923	0.1865100626	0.1873692813	0.1882364494	0.1891114618	0.1899942078	0.1908845705	0.1917824266	0.1926876463	0.1936000930	0.1945196229	0.1954460852	0.1963793213	0.1973191650	0.1982654420	0.1992179700	0.2001765580	0.2011410063	0.2021111061	0.2030866398	0.2040673799	0.2050530894	0.2060435213	0.2070384184	0.2080375133	0.2090405275	0.2100471720	0.2110571467	0.2120701399	0.2130858286	0.2141038780	0.2151239415	0.2161456602	0.2171686630	0.2181925665	0.2192169744	0.2202414781	0.2212656558	0.2222890729	0.2233112817	0.2243318215	0.2253502184	0.2263659852	0.2273786217	0.2283876144	0.2293924366	0.2303925487	0.2313873980	0.2323764191	0.2333590337	0.2343346511	0.2353026683	0.2362624703	0.2372134301	0.2381549096	0.2390862593	0.2400068192	0.2409159191	0.2418128787	0.2426970089	0.2435676114	0.2444239802	0.2452654015	0.2460911550	0.2469005142	0.2476927471	0.2484671177	0.2492228858	0.2499593088	0.2506756423	0.2513711408	0.2520450593	0.2526966537	0.2533251824	0.2539299072	0.2545100943	0.2550650160	0.2555939511	0.2560961869	0.2565710201	0.2570177580	0.2574357199	0.2578242385	0.2581826610	0.2585103505	0.2588066874	0.2590710707	0.2593029188	0.2595016719	0.2596667919	0.2597977648	0.2598941013	0.2599553382	0.2599810394	0.2599707973	0.2599242335	0.2598410002	0.2597207810	0.2595632918	0.2593682816	0.2591355335	0.2588648652	0.2585561298	0.2582092163	0.2578240501	0.2574005934	0.2569388456	0.2564388437	0.2559006619	0.2553244123	0.2547102446	0.2540583460	0.2533689410	0.2526422911	0.2518786947	0.2510784861	0.2502420356	0.2493697482	0.2484620635	0.2475194546	0.2465424271	0.2455315185	0.2444872969	0.2434103602	0.2423013346	0.2411608738	0.2399896574	0.2387883898	0.2375577989	0.2362986345	0.2350116671	0.2336976864	0.2323574995	0.2309919302	0.2296018165	0.2281880100	0.2267513738	0.2252927811	0.2238131139	0.2223132613	0.2207941181	0.2192565832	0.2177015584	0.2161299469	0.2145426518	0.2129405749	0.2113246152	0.2096956678	0.2080546229	0.2064023639	0.2047397671	0.2030677000	0.2013870207	0.1996985765	0.1980032033	0.1963017246	0.1945949508	0.1928836782	0.1911686884	0.1894507478	0.1877306068	0.1860089994	0.1842866423	0.1825642353	0.1808424600	0.1791219799	0.1774034404	0.1756874677	0.1739746696	0.1722656345	0.1705609321	0.1688611124	0.1671667065	0.1654782262	0.1637961641	0.1621209938	0.1604531697	0.1587931275	0.1571412842	0.1554980384	0.1538637702	0.1522388419	0.1506235981	0.1490183655	0.1474234541	0.1458391568	0.1442657499	0.1427034938	0.1411526327	0.1396133955	0.1380859960	0.1365706333	0.1350674921	0.1335767430	0.1320985433	0.1306330369	0.1291803551	0.1277406167	0.1263139286	0.1249003859	0.1235000728	0.1221130625	0.1207394177	0.1193791913	0.1180324263	0.1166991565	0.1153794067	0.1140731933	0.1127805243	0.1115013998	0.1102358125	0.1089837480	0.1077451847	0.1065200947	0.1053084438	0.1041101919	0.1029252931	0.1017536963	0.1005953453	0.0994501789	0.0983181317	0.0971991338	0.0960931112	0.0949999862	0.0939196774	0.0928521004	0.0917971671	0.0907547871	0.0897248667	0.0887073101	0.0877020188	0.0867088926	0.0857278288	0.0847587231	0.0838014696	0.0828559608	0.0819220877	0.0809997404	0.0800888076	0.0791891772	0.0783007360	0.0774233705	0.0765569661	0.0757014081	0.0748565810
0.1744532223	0.1751984632	0.1759527445	0.1767160260	0.1774882645	0.1782694132	0.1790594221	0.1798582371	0.1806658007	0.1814820508	0.1823069215	0.1831403422	0.1839822377	0.1848325280	0.1856911280	0.1865579472	0.1874328898	0.1883158542	0.1892067329	0.1901054123	0.1910117721	0.1919256858	0.1928470198	0.1937756335	0.1947113788	0.1956541002	0.1966036342	0.1975598094	0.1985224459	0.1994913553	0.2004663403	0.2014471945	0.2024337023	0.2034256382	0.2044227673	0.2054248441	0.2064316130	0.2074428078	0.2084581515	0.2094773558	0.2105001213	0.2115261370	0.2125550801	0.2135866158	0.2146203972	0.2156560649	0.2166932471	0.2177315591	0.2187706033	0.2198099693	0.2208492332	0.2218879579	0.2229256930	0.2239619745	0.2249963248	0.2260282529	0.2270572540	0.2280828097	0.2291043883	0.2301214443	0.2311334188	0.2321397396	0.2331398213	0.2341330657	0.2351188615	0.2360965851	0.2370656004	0.2380252595	0.2389749030	0.2399138600	0.2408414490	0.2417569782	0.2426597461	0.2435490419	0.2444241460	0.2452843311	0.2461288626	0.2469569992	0.2477679939	0.2485610948	0.2493355459	0.2500905881	0.2508254599	0.2515393989	0.2522316422	0.2529014280	0.2535479963	0.2541705906	0.2547684585	0.2553408532	0.2558870345	0.2564062707	0.2568978391	0.2573610278	0.2577951369	0.2581994798	0.2585733847	0.2589161956	0.2592272742	0.2595060008	0.2597517760	0.2599640217	0.2601421825	0.2602857272	0.2603941500	0.2604669717	0.2605037408	0.2605040347	0.2604674611	0.2603936587	0.2602822985	0.2601330846	0.2599457550	0.2597200828	0.2594558766	0.2591529813	0.2588112786	0.2584306879	0.2580111662	0.2575527088	0.2570553497	0.2565191613	0.2559442548	0.2553307803	0.2546789262	0.2539889196	0.2532610258	0.2524955476	0.2516928253	0.2508532360	0.2499771926	0.2490651435	0.2481175718	0.2471349940	0.2461179593	0.2450670485	0.2439828731	0.2428660737	0.2417173189	0.2405373044	0.2393267511	0.2380864040	0.2368170306	0.2355194198	0.2341943798	0.2328427372	0.2314653351	0.2300630315	0.2286366979	0.2271872179	0.2257154851	0.2242224021	0.2227088785	0.2211758299	0.2196241756	0.2180548381	0.2164687407	0.2148668067	0.2132499578	0.2116191127	0.2099751860	0.2083190865	0.2066517166	0.2049739706	0.2032867339	0.2015908818	0.1998872784	0.1981767761	0.1964602141	0.1947384179	0.1930121986	0.1912823520	0.1895496578	0.1878148795	0.1860787633	0.1843420378	0.1826054138	0.1808695834	0.1791352202	0.1774029786	0.1756734939	0.1739473817	0.1722252383	0.1705076400	0.1687951435	0.1670882858	0.1653875838	0.1636935350	0.1620066173	0.1603272890	0.1586559890	0.1569931373	0.1553391346	0.1536943632	0.1520591870	0.1504339514	0.1488189842	0.1472145956	0.1456210786	0.1440387093	0.1424677473	0.1409084360	0.1393610030	0.1378256608	0.1363026066	0.1347920231	0.1332940790	0.1318089289	0.1303367144	0.1288775638	0.1274315932	0.1259989061	0.1245795947	0.1231737398	0.1217814110	0.1204026676	0.1190375587	0.1176861236	0.1163483925	0.1150243861	0.1137141170	0.1124175892	0.1111347989	0.1098657347	0.1086103781	0.1073687036	0.1061406791	0.1049262664	0.1037254213	0.1025380940	0.1013642292	0.1002037668	0.0990566417	0.0979227843	0.0968021210	0.0956945738	0.0946000612	0.0935184982	0.0924497962	0.0913938639	0.0903506069	0.0893199281	0.0883017280	0.0872959049	0.0863023547	0.0853209717	0.0843516483	0.0833942752	0.0824487417	0.0815149358	0.0805927444	0.0796820533	0.0787827473	0.0778947106	0.0770178267	0.0761519782	0.0752970479	0.0744529176
0.1735218402	0.1742724065	0.1750321394	0.1758010021	0.1765789547	0.1773659540	0.1781619531	0.1789669017	0.1797807454	0.1806034259	0.1814348805	0.1822750422	0.1831238393	0.1839811951	0.1848470281	0.1857212513	0.1866037721	0.1874944925	0.1883933083	0.1893001092	0.1902147784	0.1911371924	0.1920672210	0.1930047266	0.1939495644	0.1949015818	0.1958606183	0.1968265053	0.1977990657	0.1987781138	0.1997634549	0.2007548850	0.2017521909	0.2027551492	0.2037635269	0.2047770807	0.2057955565	0.2068186896	0.2078462044	0.2088778138	0.2099132193	0.2109521104	0.2119941650	0.2130390484	0.2140864137	0.2151359011	0.2161871382	0.2172397393	0.2182933058	0.2193474254	0.2204016724	0.2214556075	0.2225087776	0.2235607156	0.2246109405	0.2256589575	0.2267042575	0.2277463175	0.2287846004	0.2298185553	0.2308476171	0.2318712072	0.2328887331	0.2338995889	0.2349031555	0.2358988004	0.2368858788	0.2378637330	0.2388316933	0.2397890784	0.2407351956	0.2416693413	0.2425908016	0.2434988529	0.2443927626	0.2452717895	0.2461351844	0.2469821914	0.2478120481	0.2486239870	0.2494172357	0.2501910184	0.2509445568	0.2516770707	0.2523877796	0.2530759034	0.2537406638	0.2543812854	0.2549969968	0.2555870319	0.2561506315	0.2566870440	0.2571955273	0.2576753498	0.2581257919	0.2585461474	0.2589357250	0.2592938493	0.2596198629	0.2599131271	0.2601730237	0.2603989563	0.2605903517	0.2607466612	0.2608673618	0.2609519580	0.2609999823	0.2610109970	0.2609845953	0.2609204021	0.2608180753	0.2606773069	0.2604978237	0.2602793882	0.2600217997	0.2597248946	0.2593885473	0.2590126705	0.2585972161	0.2581421751	0.2576475783	0.2571134959	0.2565400385	0.2559273561	0.2552756388	0.2545851159	0.2538560564	0.2530887679	0.2522835966	0.2514409263	0.2505611781	0.2496448094	0.2486923134	0.2477042175	0.2466810831	0.2456235040	0.2445321053	0.2434075423	0.2422504991	0.2410616875	0.2398418453	0.2385917350	0.2373121423	0.2360038745	0.2346677592	0.2333046423	0.2319153870	0.2305008714	0.2290619877	0.2275996400	0.2261147429	0.2246082199	0.2230810016	0.2215340245	0.2199682291	0.2183845584	0.2167839567	0.2151673676	0.2135357331	0.2118899918	0.2102310780	0.2085599197	0.2068774383	0.2051845465	0.2034821476	0.2017711345	0.2000523885	0.1983267783	0.1965951590	0.1948583717	0.1931172421	0.1913725803	0.1896251796	0.1878758165	0.1861252496	0.1843742192	0.1826234473	0.1808736366	0.1791254705	0.1773796127	0.1756367072	0.1738973778	0.1721622281	0.1704318415	0.1687067809	0.1669875890	0.1652747881	0.1635688805	0.1618703479	0.1601796525	0.1584972364	0.1568235222	0.1551589129	0.1535037927	0.1518585266	0.1502234613	0.1485989250	0.1469852282	0.1453826636	0.1437915071	0.1422120172	0.1406444365	0.1390889912	0.1375458919	0.1360153341	0.1344974984	0.1329925511	0.1315006443	0.1300219166	0.1285564938	0.1271044885	0.1256660013	0.1242411209	0.1228299245	0.1214324783	0.1200488378	0.1186790484	0.1173231455	0.1159811552	0.1146530946	0.1133389718	0.1120387871	0.1107525324	0.1094801922	0.1082217440	0.1069771579	0.1057463979	0.1045294215	0.1033261805	0.1021366207	0.1009606830	0.0997983030	0.0986494117	0.0975139355	0.0963917967	0.0952829134	0.0941872003	0.0931045684	0.0920349256	0.0909781765	0.0899342231	0.0889029648	0.0878842985	0.0868781189	0.0858843185	0.0849027882	0.0839334169	0.0829760923	0.0820307003	0.0810971260	0.0801752529	0.0792649639	0.0783661410	0.0774786654	0.0766024176	0.0757372779	0.0748831259	0.0740398411
0.1725678039	0.1733234992	0.1740884862	0.1748627316	0.1756461988	0.1764388482	0.1772406364	0.1780515166	0.1788714379	0.1797003454	0.1805381803	0.1813848788	0.1822403729	0.1831045895	0.1839774505	0.1848588725	0.1857487666	0.1866470381	0.1875535864	0.1884683045	0.1893910791	0.1903217903	0.1912603109	0.1922065068	0.1931602364	0.1941213502	0.1950896909	0.1960650929	0.1970473820	0.1980363752	0.1990318807	0.2000336971	0.2010416135	0.2020554090	0.2030748529	0.2040997037	0.2051297094	0.2061646070	0.2072041223	0.2082479695	0.2092958513	0.2103474582	0.2114024685	0.2124605481	0.2135213500	0.2145845146	0.2156496687	0.2167164262	0.2177843872	0.2188531381	0.2199222515	0.2209912860	0.2220597858	0.2231272813	0.2241932881	0.2252573076	0.2263188268	0.2273773181	0.2284322394	0.2294830342	0.2305291317	0.2315699466	0.2326048798	0.2336333177	0.2346546333	0.2356681858	0.2366733211	0.2376693722	0.2386556592	0.2396314903	0.2405961613	0.2415489572	0.2424891518	0.2434160086	0.2443287817	0.2452267158	0.2461090476	0.2469750062	0.2478238138	0.2486546867	0.2494668365	0.2502594705	0.2510317929	0.2517830060	0.2525123112	0.2532189101	0.2539020056	0.2545608031	0.2551945121	0.2558023469	0.2563835286	0.2569372857	0.2574628561	0.2579594883	0.2584264426	0.2588629927	0.2592684275	0.2596420518	0.2599831884	0.2602911793	0.2605653873	0.2608051970	0.2610100170	0.2611792806	0.2613124475	0.2614090050	0.2614684696	0.2614903878	0.2614743379	0.2614199307	0.2613268107	0.2611946573	0.2610231856	0.2608121476	0.2605613327	0.2602705685	0.2599397217	0.2595686986	0.2591574451	0.2587059481	0.2582142349	0.2576823737	0.2571104737	0.2564986854	0.2558472000	0.2551562495	0.2544261063	0.2536570828	0.2528495310	0.2520038420	0.2511204448	0.2501998062	0.2492424294	0.2482488533	0.2472196513	0.2461554305	0.2450568300	0.2439245201	0.2427592007	0.2415615999	0.2403324727	0.2390725996	0.2377827847	0.2364638544	0.2351166556	0.2337420543	0.2323409339	0.2309141933	0.2294627454	0.2279875154	0.2264894393	0.2249694618	0.2234285350	0.2218676168	0.2202876688	0.2186896554	0.2170745417	0.2154432924	0.2137968698	0.2121362329	0.2104623359	0.2087761265	0.2070785449	0.2053705228	0.2036529816	0.2019268320	0.2001929725	0.1984522883	0.1967056509	0.1949539167	0.1931979264	0.1914385043	0.1896764575	0.1879125755	0.1861476294	0.1843823713	0.1826175342	0.1808538315	0.1790919564	0.1773325820	0.1755763607	0.1738239245	0.1720758844	0.1703328305	0.1685953321	0.1668639375	0.1651391741	0.1634215487	0.1617115473	0.1600096353	0.1583162580	0.1566318405	0.1549567880	0.1532914861	0.1516363012	0.1499915808	0.1483576535	0.1467348298	0.1451234022	0.1435236457	0.1419358182	0.1403601607	0.1387968981	0.1372462390	0.1357083770	0.1341834903	0.1326717426	0.1311732834	0.1296882484	0.1282167602	0.1267589283	0.1253148499	0.1238846101	0.1224682825	0.1210659295	0.1196776029	0.1183033441	0.1169431846	0.1155971463	0.1142652421	0.1129474764	0.1116438448	0.1103543352	0.1090789280	0.1078175962	0.1065703059	0.1053370167	0.1041176819	0.1029122490	0.1017206599	0.1005428509	0.0993787538	0.0982282953	0.0970913977	0.0959679794	0.0948579545	0.0937612336	0.0926777239	0.0916073295	0.0905499512	0.0895054873	0.0884738334	0.0874548829	0.0864485269	0.0854546546	0.0844731532	0.0835039084	0.0825468046	0.0816017245	0.0806685499	0.0797471615	0.0788374389	0.0779392612	0.0770525067	0.0761770533	0.0753127782	0.0744595586	0.0736172712
0.1715909079	0.1723515293	0.1731215664	0.1739009892	0.1746897648	0.1754878570	0.1762952260	0.1771118284	0.1779376172	0.1787725411	0.1796165446	0.1804695678	0.1813315462	0.1822024104	0.1830820860	0.1839704932	0.1848675467	0.1857731554	0.1866872222	0.1876096439	0.1885403107	0.1894791060	0.1904259064	0.1913805809	0.1923429914	0.1933129917	0.1942904277	0.1952751370	0.1962669484	0.1972656821	0.1982711489	0.1992831503	0.2003014781	0.2013259140	0.2023562294	0.2033921852	0.2044335314	0.2054800070	0.2065313395	0.2075872445	0.2086474261	0.2097115758	0.2107793728	0.2118504836	0.2129245615	0.2140012470	0.2150801666	0.2161609337	0.2172431475	0.2183263933	0.2194102421	0.2204942506	0.2215779608	0.2226609003	0.2237425817	0.2248225030	0.2259001471	0.2269749821	0.2280464612	0.2291140224	0.2301770892	0.2312350701	0.2322873590	0.2333333352	0.2343723637	0.2354037954	0.2364269673	0.2374412029	0.2384458123	0.2394400931	0.2404233300	0.2413947962	0.2423537533	0.2432994521	0.2442311330	0.2451480271	0.2460493565	0.2469343352	0.2478021699	0.2486520611	0.2494832036	0.2502947878	0.2510860005	0.2518560262	0.2526040478	0.2533292483	0.2540308117	0.2547079241	0.2553597753	0.2559855599	0.2565844787	0.2571557403	0.2576985621	0.2582121722	0.2586958104	0.2591487303	0.2595702001	0.2599595045	0.2603159464	0.2606388477	0.2609275518	0.2611814242	0.2613998545	0.2615822576	0.2617280755	0.2618367780	0.2619078650	0.2619408669	0.2619353467	0.2618909005	0.2618071592	0.2616837892	0.2615204936	0.2613170134	0.2610731278	0.2607886555	0.2604634552	0.2600974261	0.2596905087	0.2592426848	0.2587539785	0.2582244555	0.2576542241	0.2570434346	0.2563922795	0.2557009933	0.2549698519	0.2541991727	0.2533893136	0.2525406726	0.2516536872	0.2507288334	0.2497666249	0.2487676119	0.2477323804	0.2466615508	0.2455557767	0.2444157433	0.2432421668	0.2420357920	0.2407973915	0.2395277639	0.2382277322	0.2368981420	0.2355398603	0.2341537734	0.2327407852	0.2313018158	0.2298377993	0.2283496825	0.2268384229	0.2253049869	0.2237503485	0.2221754872	0.2205813864	0.2189690319	0.2173394104	0.2156935074	0.2140323063	0.2123567867	0.2106679229	0.2089666823	0.2072540248	0.2055309008	0.2037982504	0.2020570019	0.2003080713	0.1985523608	0.1967907580	0.1950241348	0.1932533472	0.1914792337	0.1897026153	0.1879242945	0.1861450549	0.1843656604	0.1825868552	0.1808093631	0.1790338873	0.1772611100	0.1754916924	0.1737262741	0.1719654737	0.1702098879	0.1684600922	0.1667166405	0.1649800651	0.1632508773	0.1615295668	0.1598166026	0.1581124328	0.1564174848	0.1547321658	0.1530568630	0.1513919437	0.1497377559	0.1480946287	0.1464628724	0.1448427789	0.1432346225	0.1416386598	0.1400551305	0.1384842576	0.1369262480	0.1353812927	0.1338495676	0.1323312338	0.1308264377	0.1293353122	0.1278579763	0.1263945364	0.1249450860	0.1235097066	0.1220884680	0.1206814287	0.1192886366	0.1179101289	0.1165459330	0.1151960668	0.1138605389	0.1125393492	0.1112324893	0.1099399427	0.1086616854	0.1073976860	0.1061479064	0.1049123018	0.1036908212	0.1024834078	0.1012899991	0.1001105275	0.0989449202	0.0977930998	0.0966549847	0.0955304889	0.0944195227	0.0933219926	0.0922378019	0.0911668506	0.0901090360	0.0890642525	0.0880323921	0.0870133443	0.0860069969	0.0850132354	0.0840319437	0.0830630041	0.0821062976	0.0811617038	0.0802291013	0.0793083675	0.0783993793	0.0775020127	0.0766161430	0.0757416454	0.0748783943	0.0740262642	0.0731851292
0.1705909510	0.1713562894	0.1721311659	0.1729155542	0.1737094250	0.1745127456	0.1753254798	0.1761475880	0.1769790267	0.1778197483	0.1786697010	0.1795288287	0.1803970706	0.1812743610	0.1821606292	0.1830557991	0.1839597892	0.1848725121	0.1857938744	0.1867237766	0.1876621126	0.1886087693	0.1895636269	0.1905265581	0.1914974281	0.1924760943	0.1934624060	0.1944562039	0.1954573203	0.1964655783	0.1974807919	0.1985027654	0.1995312935	0.2005661606	0.2016071407	0.2026539970	0.2037064818	0.2047643362	0.2058272895	0.2068950591	0.2079673506	0.2090438568	0.2101242578	0.2112082210	0.2122954003	0.2133854363	0.2144779556	0.2155725713	0.2166688818	0.2177664715	0.2188649100	0.2199637524	0.2210625387	0.2221607938	0.2232580276	0.2243537347	0.2254473944	0.2265384705	0.2276264115	0.2287106504	0.2297906049	0.2308656776	0.2319352555	0.2329987110	0.2340554012	0.2351046687	0.2361458419	0.2371782347	0.2382011474	0.2392138669	0.2402156671	0.2412058093	0.2421835429	0.2431481059	0.2440987253	0.2450346182	0.2459549922	0.2468590462	0.2477459714	0.2486149520	0.2494651662	0.2502957873	0.2511059845	0.2518949240	0.2526617706	0.2534056882	0.2541258415	0.2548213971	0.2554915249	0.2561353994	0.2567522010	0.2573411177	0.2579013463	0.2584320940	0.2589325801	0.2594020370	0.2598397124	0.2602448703	0.2606167930	0.2609547825	0.2612581618	0.2615262769	0.2617584982	0.2619542218	0.2621128712	0.2622338987	0.2623167868	0.2623610497	0.2623662344	0.2623319221	0.2622577296	0.2621433099	0.2619883539	0.2617925911	0.2615557904	0.2612777610	0.2609583534	0.2605974597	0.2601950143	0.2597509943	0.2592654199	0.2587383546	0.2581699052	0.2575602220	0.2569094988	0.2562179724	0.2554859223	0.2547136708	0.2539015818	0.2530500605	0.2521595527	0.2512305439	0.2502635584	0.2492591580	0.2482179414	0.2471405426	0.2460276297	0.2448799036	0.2436980967	0.2424829709	0.2412353168	0.2399559514	0.2386457168	0.2373054786	0.2359361239	0.2345385596	0.2331137108	0.2316625189	0.2301859399	0.2286849422	0.2271605053	0.2256136181	0.2240452763	0.2224564817	0.2208482396	0.2192215579	0.2175774448	0.2159169073	0.2142409502	0.2125505736	0.2108467724	0.2091305343	0.2074028385	0.2056646548	0.2039169419	0.2021606462	0.2003967013	0.1986260262	0.1968495250	0.1950680855	0.1932825786	0.1914938573	0.1897027566	0.1879100919	0.1861166593	0.1843232347	0.1825305734	0.1807394096	0.1789504564	0.1771644050	0.1753819253	0.1736036647	0.1718302490	0.1700622817	0.1683003441	0.1665449955	0.1647967733	0.1630561928	0.1613237477	0.1595999100	0.1578851306	0.1561798392	0.1544844447	0.1527993355	0.1511248798	0.1494614262	0.1478093036	0.1461688221	0.1445402731	0.1429239296	0.1413200470	0.1397288633	0.1381505997	0.1365854608	0.1350336353	0.1334952964	0.1319706022	0.1304596963	0.1289627080	0.1274797533	0.1260109348	0.1245563422	0.1231160534	0.1216901342	0.1202786391	0.1188816118	0.1174990853	0.1161310829	0.1147776180	0.1134386949	0.1121143092	0.1108044481	0.1095090906	0.1082282082	0.1069617652	0.1057097191	0.1044720205	0.1032486141	0.1020394387	0.1008444275	0.0996635085	0.0984966046	0.0973436344	0.0962045117	0.0950791467	0.0939674455	0.0928693105	0.0917846411	0.0907133334	0.0896552808	0.0886103738	0.0875785008	0.0865595477	0.0855533985	0.0845599353	0.0835790385	0.0826105872	0.0816544588	0.0807105298	0.0797786756	0.0788587705	0.0779506884	0.0770543023	0.0761694846	0.0752961076	0.0744340432	0.0735831629	0.0727433385
0.1695677369	0.1703375765	0.1711170753	0.1719062105	0.1727049564	0.1735132839	0.1743311606	0.1751585506	0.1759954140	0.1768417070	0.1776973816	0.1785623856	0.1794366618	0.1803201484	0.1812127785	0.1821144798	0.1830251748	0.1839447797	0.1848732051	0.1858103551	0.1867561273	0.1877104127	0.1886730949	0.1896440505	0.1906231482	0.1916102490	0.1926052057	0.1936078625	0.1946180550	0.1956356097	0.1966603437	0.1976920645	0.1987305697	0.1997756466	0.2008270718	0.2018846114	0.2029480199	0.2040170407	0.2050914052	0.2061708328	0.2072550306	0.2083436930	0.2094365014	0.2105331241	0.2116332158	0.2127364175	0.2138423561	0.2149506444	0.2160608806	0.2171726482	0.2182855157	0.2193990367	0.2205127492	0.2216261761	0.2227388246	0.2238501860	0.2249597361	0.2260669349	0.2271712262	0.2282720382	0.2293687831	0.2304608575	0.2315476421	0.2326285019	0.2337027867	0.2347698310	0.2358289543	0.2368794614	0.2379206427	0.2389517747	0.2399721201	0.2409809287	0.2419774377	0.2429608722	0.2439304460	0.2448853619	0.2458248132	0.2467479836	0.2476540485	0.2485421760	0.2494115275	0.2502612589	0.2510905218	0.2518984641	0.2526842318	0.2534469698	0.2541858233	0.2548999391	0.2555884669	0.2562505607	0.2568853803	0.2574920929	0.2580698741	0.2586179102	0.2591353990	0.2596215519	0.2600755954	0.2604967726	0.2608843447	0.2612375929	0.2615558202	0.2618383522	0.2620845397	0.2622937596	0.2624654165	0.2625989445	0.2626938087	0.2627495063	0.2627655681	0.2627415600	0.2626770841	0.2625717799	0.2624253256	0.2622374388	0.2620078778	0.2617364421	0.2614229738	0.2610673574	0.2606695211	0.2602294370	0.2597471214	0.2592226352	0.2586560837	0.2580476173	0.2573974307	0.2567057632	0.2559728978	0.2551991618	0.2543849249	0.2535305999	0.2526366409	0.2517035430	0.2507318411	0.2497221091	0.2486749585	0.2475910370	0.2464710278	0.2453156474	0.2441256448	0.2429017994	0.2416449199	0.2403558423	0.2390354283	0.2376845633	0.2363041552	0.2348951320	0.2334584402	0.2319950430	0.2305059184	0.2289920571	0.2274544610	0.2258941414	0.2243121167	0.2227094109	0.2210870519	0.2194460696	0.2177874943	0.2161123549	0.2144216774	0.2127164834	0.2109977884	0.2092666003	0.2075239184	0.2057707317	0.2040080176	0.2022367412	0.2004578536	0.1986722909	0.1968809737	0.1950848056	0.1932846728	0.1914814429	0.1896759644	0.1878690663	0.1860615571	0.1842542244	0.1824478346	0.1806431324	0.1788408407	0.1770416599	0.1752462680	0.1734553205	0.1716694501	0.1698892670	0.1681153582	0.1663482885	0.1645885998	0.1628368117	0.1610934213	0.1593589039	0.1576337127	0.1559182796	0.1542130149	0.1525183082	0.1508345285	0.1491620244	0.1475011250	0.1458521395	0.1442153587	0.1425910543	0.1409794802	0.1393808726	0.1377954506	0.1362234163	0.1346649560	0.1331202399	0.1315894231	0.1300726459	0.1285700344	0.1270817009	0.1256077441	0.1241482502	0.1227032928	0.1212729338	0.1198572235	0.1184562012	0.1170698958	0.1156983261	0.1143415011	0.1129994207	0.1116720758	0.1103594492	0.1090615154	0.1077782414	0.1065095869	0.1052555047	0.1040159412	0.1027908366	0.1015801250	0.1003837354	0.0992015912	0.0980336112	0.0968797095	0.0957397958	0.0946137761	0.0935015521	0.0924030225	0.0913180825	0.0902466243	0.0891885372	0.0881437082	0.0871120217	0.0860933600	0.0850876035	0.0840946308	0.0831143187	0.0821465430	0.0811911778	0.0802480962	0.0793171705	0.0783982720	0.0774912714	0.0765960388	0.0757124439	0.0748403559	0.0739796440	0.0731301772	0.0722918245
0.1685210742	0.1692951929	0.1700790902	0.1708727468	0.1716761408	0.1724892467	0.1733120359	0.1741444761	0.1749865314	0.1758381618	0.1766993231	0.1775699668	0.1784500398	0.1793394841	0.1802382368	0.1811462295	0.1820633883	0.1829896338	0.1839248802	0.1848690356	0.1858220015	0.1867836727	0.1877539367	0.1887326738	0.1897197566	0.1907150497	0.1917184096	0.1927296841	0.1937487124	0.1947753243	0.1958093404	0.1968505714	0.1978988181	0.1989538707	0.2000155090	0.2010835015	0.2021576056	0.2032375670	0.2043231195	0.2054139846	0.2065098712	0.2076104754	0.2087154801	0.2098245548	0.2109373552	0.2120535230	0.2131726854	0.2142944553	0.2154184308	0.2165441947	0.2176713148	0.2187993432	0.2199278165	0.2210562553	0.2221841644	0.2233110325	0.2244363317	0.2255595183	0.2266800320	0.2277972961	0.2289107176	0.2300196872	0.2311235793	0.2322217521	0.2333135480	0.2343982935	0.2354752995	0.2365438615	0.2376032604	0.2386527622	0.2396916187	0.2407190682	0.2417343356	0.2427366333	0.2437251616	0.2446991096	0.2456576556	0.2465999684	0.2475252076	0.2484325249	0.2493210648	0.2501899660	0.2510383620	0.2518653823	0.2526701542	0.2534518031	0.2542094546	0.2549422353	0.2556492746	0.2563297057	0.2569826675	0.2576073058	0.2582027752	0.2587682401	0.2593028771	0.2598058758	0.2602764413	0.2607137950	0.2611171770	0.2614858474	0.2618190883	0.2621162048	0.2623765275	0.2625994136	0.2627842486	0.2629304480	0.2630374588	0.2631047608	0.2631318684	0.2631183316	0.2630637376	0.2629677120	0.2628299196	0.2626500661	0.2624278988	0.2621632073	0.2618558246	0.2615056278	0.2611125385	0.2606765236	0.2601975952	0.2596758116	0.2591112765	0.2585041401	0.2578545982	0.2571628922	0.2564293091	0.2556541806	0.2548378829	0.2539808359	0.2530835024	0.2521463872	0.2511700362	0.2501550351	0.2491020086	0.2480116185	0.2468845631	0.2457215749	0.2445234198	0.2432908950	0.2420248277	0.2407260731	0.2393955127	0.2380340525	0.2366426212	0.2352221684	0.2337736623	0.2322980884	0.2307964469	0.2292697513	0.2277190264	0.2261453060	0.2245496316	0.2229330499	0.2212966116	0.2196413690	0.2179683749	0.2162786803	0.2145733328	0.2128533755	0.2111198448	0.2093737694	0.2076161685	0.2058480507	0.2040704126	0.2022842376	0.2004904945	0.1986901370	0.1968841021	0.1950733094	0.1932586603	0.1914410370	0.1896213020	0.1878002973	0.1859788440	0.1841577415	0.1823377674	0.1805196766	0.1787042017	0.1768920523	0.1750839145	0.1732804517	0.1714823036	0.1696900865	0.1679043934	0.1661257942	0.1643548353	0.1625920402	0.1608379097	0.1590929216	0.1573575317	0.1556321737	0.1539172593	0.1522131789	0.1505203021	0.1488389776	0.1471695340	0.1455122800	0.1438675051	0.1422354797	0.1406164561	0.1390106683	0.1374183331	0.1358396503	0.1342748031	0.1327239589	0.1311872694	0.1296648717	0.1281568882	0.1266634273	0.1251845840	0.1237204405	0.1222710662	0.1208365188	0.1194168443	0.1180120776	0.1166222431	0.1152473551	0.1138874181	0.1125424273	0.1112123691	0.1098972217	0.1085969548	0.1073115309	0.1060409051	0.1047850256	0.1035438341	0.1023172662	0.1011052516	0.0999077148	0.0987245747	0.0975557458	0.0964011377	0.0952606560	0.0941342021	0.0930216740	0.0919229659	0.0908379691	0.0897665717	0.0887086593	0.0876641148	0.0866328190	0.0856146505	0.0846094860	0.0836172005	0.0826376675	0.0816707591	0.0807163463	0.0797742989	0.0788444860	0.0779267758	0.0770210359	0.0761271336	0.0752449355	0.0743743082	0.0735151181	0.0726672314	0.0718305147
0.1674507767	0.1682289460	0.1690170112	0.1698149571	0.1706227651	0.1714404138	0.1722678781	0.1731051298	0.1739521365	0.1748088623	0.1756752670	0.1765513058	0.1774369298	0.1783320848	0.1792367118	0.1801507466	0.1810741194	0.1820067545	0.1829485703	0.1838994789	0.1848593858	0.1858281897	0.1868057821	0.1877920473	0.1887868617	0.1897900938	0.1908016038	0.1918212434	0.1928488554	0.1938842732	0.1949273208	0.1959778126	0.1970355525	0.1981003340	0.1991719399	0.2002501418	0.2013346999	0.2024253625	0.2035218659	0.2046239338	0.2057312773	0.2068435944	0.2079605697	0.2090818741	0.2102071644	0.2113360832	0.2124682584	0.2136033033	0.2147408159	0.2158803787	0.2170215587	0.2181639072	0.2193069592	0.2204502336	0.2215932329	0.2227354430	0.2238763332	0.2250153560	0.2261519471	0.2272855252	0.2284154922	0.2295412333	0.2306621167	0.2317774940	0.2328867002	0.2339890541	0.2350838580	0.2361703987	0.2372479471	0.2383157591	0.2393730757	0.2404191237	0.2414531158	0.2424742518	0.2434817185	0.2444746910	0.2454523332	0.2464137985	0.2473582308	0.2482847655	0.2491925300	0.2500806454	0.2509482272	0.2517943866	0.2526182315	0.2534188681	0.2541954019	0.2549469392	0.2556725887	0.2563714627	0.2570426788	0.2576853613	0.2582986430	0.2588816666	0.2594335867	0.2599535710	0.2604408026	0.2608944811	0.2613138250	0.2616980727	0.2620464850	0.2623583462	0.2626329663	0.2628696823	0.2630678601	0.2632268962	0.2633462191	0.2634252908	0.2634636089	0.2634607070	0.2634161571	0.2633295702	0.2632005979	0.2630289334	0.2628143126	0.2625565148	0.2622553639	0.2619107292	0.2615225254	0.2610907139	0.2606153028	0.2600963473	0.2595339495	0.2589282593	0.2582794733	0.2575878354	0.2568536360	0.2560772119	0.2552589454	0.2543992637	0.2534986383	0.2525575839	0.2515766575	0.2505564569	0.2494976201	0.2484008234	0.2472667801	0.2460962393	0.2448899839	0.2436488294	0.2423736215	0.2410652352	0.2397245720	0.2383525589	0.2369501459	0.2355183042	0.2340580245	0.2325703145	0.2310561975	0.2295167099	0.2279528995	0.2263658234	0.2247565462	0.2231261379	0.2214756722	0.2198062243	0.2181188695	0.2164146812	0.2146947292	0.2129600781	0.2112117857	0.2094509014	0.2076784647	0.2058955040	0.2041030351	0.2023020599	0.2004935655	0.1986785227	0.1968578852	0.1950325887	0.1932035498	0.1913716655	0.1895378121	0.1877028449	0.1858675973	0.1840328806	0.1821994833	0.1803681709	0.1785396854	0.1767147452	0.1748940450	0.1730782554	0.1712680231	0.1694639707	0.1676666969	0.1658767763	0.1640947600	0.1623211750	0.1605565255	0.1588012920	0.1570559324	0.1553208819	0.1535965537	0.1518833389	0.1501816071	0.1484917071	0.1468139667	0.1451486940	0.1434961771	0.1418566848	0.1402304674	0.1386177569	0.1370187674	0.1354336959	0.1338627229	0.1323060123	0.1307637127	0.1292359573	0.1277228649	0.1262245400	0.1247410735	0.1232725435	0.1218190151	0.1203805415	0.1189571643	0.1175489140	0.1161558103	0.1147778629	0.1134150715	0.1120674268	0.1107349104	0.1094174956	0.1081151477	0.1068278243	0.1055554756	0.1042980454	0.1030554706	0.1018276822	0.1006146054	0.0994161598	0.0982322602	0.0970628164	0.0959077337	0.0947669133	0.0936402523	0.0925276445	0.0914289800	0.0903441460	0.0892730265	0.0882155033	0.0871714553	0.0861407595	0.0851232909	0.0841189224	0.0831275256	0.0821489704	0.0811831255	0.0802298586	0.0792890362	0.0783605243	0.0774441879	0.0765398918	0.0756474999	0.0747668764	0.0738978849	0.0730403890	0.0721942524	0.0713593390
0.1663566638	0.1671386486	0.1679306448	0.1687326409	0.1695446221	0.1703665706	0.1711984655	0.1720402821	0.1728919922	0.1737535637	0.1746249603	0.1755061414	0.1763970619	0.1772976719	0.1782079163	0.1791277351	0.1800570624	0.1809958268	0.1819439508	0.1829013505	0.1838679356	0.1848436088	0.1858282658	0.1868217948	0.1878240763	0.1888349828	0.1898543784	0.1908821187	0.1919180503	0.1929620104	0.1940138268	0.1950733173	0.1961402893	0.1972145398	0.1982958548	0.1993840091	0.2004787657	0.2015798761	0.2026870789	0.2038001006	0.2049186546	0.2060424408	0.2071711458	0.2083044421	0.2094419880	0.2105834272	0.2117283885	0.2128764856	0.2140273167	0.2151804644	0.2163354953	0.2174919597	0.2186493915	0.2198073081	0.2209652099	0.2221225803	0.2232788859	0.2244335756	0.2255860814	0.2267358177	0.2278821815	0.2290245526	0.2301622932	0.2312947485	0.2324212464	0.2335410978	0.2346535972	0.2357580221	0.2368536341	0.2379396790	0.2390153870	0.2400799735	0.2411326391	0.2421725710	0.2431989427	0.2442109154	0.2452076382	0.2461882495	0.2471518773	0.2480976403	0.2490246493	0.2499320076	0.2508188126	0.2516841567	0.2525271286	0.2533468149	0.2541423010	0.2549126726	0.2556570175	0.2563744267	0.2570639963	0.2577248288	0.2583560350	0.2589567354	0.2595260623	0.2600631612	0.2605671928	0.2610373345	0.2614727826	0.2618727537	0.2622364868	0.2625632449	0.2628523169	0.2631030194	0.2633146982	0.2634867301	0.2636185250	0.2637095267	0.2637592152	0.2637671078	0.2637327605	0.2636557697	0.2635357731	0.2633724511	0.2631655279	0.2629147724	0.2626199990	0.2622810686	0.2618978893	0.2614704166	0.2609986542	0.2604826541	0.2599225169	0.2593183918	0.2586704764	0.2579790169	0.2572443073	0.2564666890	0.2556465508	0.2547843273	0.2538804988	0.2529355899	0.2519501688	0.2509248458	0.2498602723	0.2487571390	0.2476161751	0.2464381460	0.2452238522	0.2439741274	0.2426898367	0.2413718746	0.2400211635	0.2386386514	0.2372253099	0.2357821325	0.2343101323	0.2328103400	0.2312838021	0.2297315781	0.2281547396	0.2265543670	0.2249315486	0.2232873778	0.2216229517	0.2199393686	0.2182377268	0.2165191224	0.2147846475	0.2130353885	0.2112724248	0.2094968267	0.2077096543	0.2059119560	0.2041047668	0.2022891074	0.2004659831	0.1986363820	0.1968012748	0.1949616130	0.1931183288	0.1912723338	0.1894245181	0.1875757502	0.1857268761	0.1838787187	0.1820320774	0.1801877281	0.1783464222	0.1765088870	0.1746758254	0.1728479153	0.1710258101	0.1692101386	0.1674015048	0.1656004883	0.1638076442	0.1620235033	0.1602485727	0.1584833355	0.1567282515	0.1549837575	0.1532502675	0.1515281730	0.1498178440	0.1481196288	0.1464338545	0.1447608279	0.1431008357	0.1414541450	0.1398210040	0.1382016420	0.1365962708	0.1350050842	0.1334282595	0.1318659575	0.1303183228	0.1287854853	0.1272675594	0.1257646458	0.1242768313	0.1228041893	0.1213467807	0.1199046542	0.1184778467	0.1170663841	0.1156702814	0.1142895434	0.1129241652	0.1115741325	0.1102394223	0.1089200029	0.1076158347	0.1063268706	0.1050530561	0.1037943300	0.1025506246	0.1013218661	0.1001079751	0.0989088668	0.0977244510	0.0965546333	0.0953993144	0.0942583912	0.0931317565	0.0920192997	0.0909209069	0.0898364610	0.0887658421	0.0877089279	0.0866655936	0.0856357123	0.0846191552	0.0836157917	0.0826254896	0.0816481155	0.0806835347	0.0797316114	0.0787922091	0.0778651903	0.0769504172	0.0760477513	0.0751570539	0.0742781861	0.0734110088	0.0725553828	0.0717111694	0.0708782297
0.1652385606	0.1660241194	0.1668198030	0.1676256034	0.1684415099	0.1692675084	0.1701035818	0.1709497094	0.1718058671	0.1726720266	0.1735481557	0.1744342179	0.1753301722	0.1762359727	0.1771515687	0.1780769040	0.1790119173	0.1799565411	0.1809107022	0.1818743209	0.1828473112	0.1838295799	0.1848210269	0.1858215446	0.1868310176	0.1878493225	0.1888763277	0.1899118925	0.1909558676	0.1920080943	0.1930684039	0.1941366182	0.1952125481	0.1962959944	0.1973867464	0.1984845822	0.1995892681	0.2007005584	0.2018181950	0.2029419067	0.2040714096	0.2052064060	0.2063465844	0.2074916194	0.2086411707	0.2097948835	0.2109523876	0.2121132977	0.2132772123	0.2144437141	0.2156123696	0.2167827286	0.2179543239	0.2191266716	0.2202992704	0.2214716015	0.2226431287	0.2238132980	0.2249815377	0.2261472580	0.2273098515	0.2284686924	0.2296231376	0.2307725258	0.2319161780	0.2330533978	0.2341834712	0.2353056674	0.2364192386	0.2375234204	0.2386174325	0.2397004789	0.2407717486	0.2418304158	0.2428756410	0.2439065713	0.2449223415	0.2459220745	0.2469048826	0.2478698681	0.2488161245	0.2497427376	0.2506487864	0.2515333446	0.2523954817	0.2532342641	0.2540487571	0.2548380258	0.2556011366	0.2563371592	0.2570451677	0.2577242426	0.2583734724	0.2589919551	0.2595788005	0.2601331312	0.2606540854	0.2611408179	0.2615925023	0.2620083331	0.2623875271	0.2627293255	0.2630329957	0.2632978335	0.2635231640	0.2637083443	0.2638527649	0.2639558510	0.2640170649	0.2640359068	0.2640119166	0.2639446756	0.2638338072	0.2636789789	0.2634799026	0.2632363365	0.2629480853	0.2626150014	0.2622369856	0.2618139877	0.2613460067	0.2608330913	0.2602753402	0.2596729021	0.2590259755	0.2583348085	0.2575996989	0.2568209930	0.2559990856	0.2551344191	0.2542274826	0.2532788109	0.2522889833	0.2512586228	0.2501883943	0.2490790035	0.2479311953	0.2467457519	0.2455234917	0.2442652668	0.2429719618	0.2416444916	0.2402837991	0.2388908540	0.2374666499	0.2360122028	0.2345285488	0.2330167417	0.2314778514	0.2299129614	0.2283231668	0.2267095722	0.2250732895	0.2234154361	0.2217371325	0.2200395007	0.2183236623	0.2165907360	0.2148418367	0.2130780729	0.2113005457	0.2095103466	0.2077085565	0.2058962436	0.2040744628	0.2022442534	0.2004066390	0.1985626252	0.1967131996	0.1948593298	0.1930019634	0.1911420265	0.1892804234	0.1874180355	0.1855557213	0.1836943154	0.1818346281	0.1799774453	0.1781235280	0.1762736122	0.1744284085	0.1725886024	0.1707548538	0.1689277974	0.1671080425	0.1652961733	0.1634927488	0.1616983035	0.1599133471	0.1581383651	0.1563738190	0.1546201469	0.1528777635	0.1511470607	0.1494284083	0.1477221539	0.1460286239	0.1443481237	0.1426809382	0.1410273326	0.1393875525	0.1377618250	0.1361503586	0.1345533443	0.1329709558	0.1314033504	0.1298506691	0.1283130375	0.1267905663	0.1252833516	0.1237914760	0.1223150083	0.1208540051	0.1194085101	0.1179785556	0.1165641627	0.1151653415	0.1137820921	0.1124144044	0.1110622595	0.1097256291	0.1084044769	0.1070987582	0.1058084210	0.1045334060	0.1032736471	0.1020290718	0.1007996016	0.0995851523	0.0983856342	0.0972009530	0.0960310092	0.0948756994	0.0937349158	0.0926085471	0.0914964782	0.0903985911	0.0893147645	0.0882448745	0.0871887948	0.0861463967	0.0851175494	0.0841021205	0.0830999756	0.0821109790	0.0811349939	0.0801718820	0.0792215043	0.0782837210	0.0773583915	0.0764453749	0.0755445296	0.0746557142	0.0737787866	0.0729136052	0.0720600282	0.0712179140	0.0703871214
0.1640962985	0.1648851833	0.1656843040	0.1664936562	0.1673132330	0.1681430244	0.1689830170	0.1698331943	0.1706935360	0.1715640179	0.1724446119	0.1733352858	0.1742360025	0.1751467204	0.1760673931	0.1769979686	0.1779383897	0.1788885935	0.1798485109	0.1808180665	0.1817971786	0.1827857585	0.1837837101	0.1847909304	0.1858073081	0.1868327241	0.1878670508	0.1889101520	0.1899618824	0.1910220872	0.1920906019	0.1931672521	0.1942518527	0.1953442080	0.1964441110	0.1975513435	0.1986656750	0.1997868631	0.2009146527	0.2020487757	0.2031889508	0.2043348828	0.2054862627	0.2066427669	0.2078040573	0.2089697805	0.2101395677	0.2113130345	0.2124897803	0.2136693881	0.2148514245	0.2160354388	0.2172209634	0.2184075131	0.2195945851	0.2207816588	0.2219681955	0.2231536383	0.2243374121	0.2255189234	0.2266975601	0.2278726918	0.2290436696	0.2302098263	0.2313704761	0.2325249153	0.2336724222	0.2348122573	0.2359436636	0.2370658669	0.2381780765	0.2392794852	0.2403692700	0.2414465929	0.2425106010	0.2435604277	0.2445951931	0.2456140050	0.2466159599	0.2476001436	0.2485656325	0.2495114946	0.2504367905	0.2513405752	0.2522218984	0.2530798070	0.2539133454	0.2547215579	0.2555034896	0.2562581885	0.2569847066	0.2576821020	0.2583494406	0.2589857977	0.2595902599	0.2601619272	0.2606999145	0.2612033537	0.2616713955	0.2621032116	0.2624979963	0.2628549687	0.2631733744	0.2634524876	0.2636916127	0.2638900864	0.2640472795	0.2641625983	0.2642354866	0.2642654275	0.2642519443	0.2641946027	0.2640930117	0.2639468251	0.2637557428	0.2635195115	0.2632379260	0.2629108301	0.2625381171	0.2621197305	0.2616556647	0.2611459649	0.2605907278	0.2599901014	0.2593442849	0.2586535287	0.2579181339	0.2571384519	0.2563148836	0.2554478792	0.2545379365	0.2535856006	0.2525914625	0.2515561576	0.2504803648	0.2493648048	0.2482102384	0.2470174650	0.2457873209	0.2445206773	0.2432184384	0.2418815394	0.2405109448	0.2391076457	0.2376726584	0.2362070215	0.2347117943	0.2331880544	0.2316368955	0.2300594250	0.2284567621	0.2268300358	0.2251803820	0.2235089423	0.2218168612	0.2201052845	0.2183753571	0.2166282210	0.2148650138	0.2130868665	0.2112949020	0.2094902334	0.2076739621	0.2058471768	0.2040109519	0.2021663459	0.2003144004	0.1984561389	0.1965925657	0.1947246646	0.1928533986	0.1909797085	0.1891045123	0.1872287048	0.1853531566	0.1834787139	0.1816061980	0.1797364046	0.1778701042	0.1760080412	0.1741509342	0.1722994757	0.1704543321	0.1686161438	0.1667855252	0.1649630648	0.1631493258	0.1613448455	0.1595501364	0.1577656862	0.1559919578	0.1542293903	0.1524783990	0.1507393760	0.1490126905	0.1472986895	0.1455976982	0.1439100202	0.1422359389	0.1405757169	0.1389295976	0.1372978049	0.1356805445	0.1340780040	0.1324903535	0.1309177465	0.1293603201	0.1278181958	0.1262914799	0.1247802642	0.1232846267	0.1218046318	0.1203403309	0.1188917632	0.1174589562	0.1160419258	0.1146406774	0.1132552058	0.1118854962	0.1105315244	0.1091932573	0.1078706533	0.1065636630	0.1052722291	0.1039962876	0.1027357673	0.1014905909	0.1002606751	0.0990459307	0.0978462636	0.0966615746	0.0954917598	0.0943367110	0.0931963162	0.0920704594	0.0909590216	0.0898618802	0.0887789099	0.0877099827	0.0866549684	0.0856137342	0.0845861457	0.0835720665	0.0825713587	0.0815838831	0.0806094992	0.0796480655	0.0786994395	0.0777634784	0.0768400382	0.0759289751	0.0750301445	0.0741434019	0.0732686027	0.0724056023	0.0715542564	0.0707144207	0.0698859515
0.1629297150	0.1637216715	0.1645239723	0.1653366170	0.1661596024	0.1669929224	0.1678365677	0.1686905256	0.1695547800	0.1704293109	0.1713140942	0.1722091019	0.1731143011	0.1740296546	0.1749551201	0.1758906502	0.1768361918	0.1777916863	0.1787570692	0.1797322696	0.1807172099	0.1817118059	0.1827159661	0.1837295917	0.1847525758	0.1857848038	0.1868261525	0.1878764898	0.1889356747	0.1900035566	0.1910799754	0.1921647604	0.1932577308	0.1943586947	0.1954674490	0.1965837790	0.1977074580	0.1988382469	0.1999758939	0.2011201341	0.2022706890	0.2034272663	0.2045895595	0.2057572474	0.2069299938	0.2081074473	0.2092892407	0.2104749908	0.2116642979	0.2128567458	0.2140519012	0.2152493135	0.2164485147	0.2176490187	0.2188503214	0.2200519006	0.2212532153	0.2224537062	0.2236527949	0.2248498844	0.2260443584	0.2272355817	0.2284229003	0.2296056409	0.2307831115	0.2319546013	0.2331193808	0.2342767021	0.2354257992	0.2365658885	0.2376961688	0.2388158218	0.2399240130	0.2410198918	0.2421025923	0.2431712342	0.2442249231	0.2452627517	0.2462838006	0.2472871391	0.2482718265	0.2492369130	0.2501814409	0.2511044461	0.2520049589	0.2528820058	0.2537346108	0.2545617971	0.2553625883	0.2561360102	0.2568810927	0.2575968713	0.2582823890	0.2589366979	0.2595588617	0.2601479566	0.2607030744	0.2612233236	0.2617078317	0.2621557472	0.2625662416	0.2629385113	0.2632717798	0.2635652993	0.2638183531	0.2640302571	0.2642003618	0.2643280543	0.2644127599	0.2644539436	0.2644511120	0.2644038149	0.2643116464	0.2641742465	0.2639913022	0.2637625490	0.2634877714	0.2631668040	0.2627995326	0.2623858944	0.2619258786	0.2614195270	0.2608669340	0.2602682469	0.2596236654	0.2589334422	0.2581978817	0.2574173402	0.2565922252	0.2557229941	0.2548101541	0.2538542605	0.2528559158	0.2518157684	0.2507345111	0.2496128799	0.2484516517	0.2472516434	0.2460137095	0.2447387403	0.2434276600	0.2420814247	0.2407010203	0.2392874601	0.2378417829	0.2363650507	0.2348583462	0.2333227710	0.2317594427	0.2301694934	0.2285540667	0.2269143159	0.2252514016	0.2235664896	0.2218607488	0.2201353490	0.2183914587	0.2166302435	0.2148528639	0.2130604735	0.2112542173	0.2094352299	0.2076046338	0.2057635381	0.2039130368	0.2020542076	0.2001881104	0.1983157864	0.1964382567	0.1945565215	0.1926715590	0.1907843246	0.1888957504	0.1870067439	0.1851181882	0.1832309409	0.1813458340	0.1794636732	0.1775852380	0.1757112814	0.1738425296	0.1719796821	0.1701234115	0.1682743637	0.1664331580	0.1646003874	0.1627766183	0.1609623913	0.1591582212	0.1573645975	0.1555819846	0.1538108223	0.1520515262	0.1503044882	0.1485700771	0.1468486387	0.1451404967	0.1434459533	0.1417652894	0.1400987654	0.1384466218	0.1368090796	0.1351863411	0.1335785903	0.1319859937	0.1304087008	0.1288468444	0.1273005419	0.1257698952	0.1242549913	0.1227559037	0.1212726917	0.1198054022	0.1183540693	0.1169187154	0.1154993514	0.1140959776	0.1127085837	0.1113371498	0.1099816465	0.1086420355	0.1073182703	0.1060102962	0.1047180510	0.1034414655	0.1021804636	0.1009349631	0.0997048756	0.0984901074	0.0972905593	0.0961061276	0.0949367036	0.0937821746	0.0926424242	0.0915173320	0.0904067744	0.0893106248	0.0882287536	0.0871610289	0.0861073162	0.0850674790	0.0840413790	0.0830288761	0.0820298287	0.0810440941	0.0800715282	0.0791119862	0.0781653225	0.0772313905	0.0763100437	0.0754011348	0.0745045166	0.0736200414	0.0727475620	0.0718869310	0.0710380014	0.0702006265	0.0693746600
0.1617386544	0.1625334219	0.1633386395	0.1641543105	0.1649804357	0.1658170129	0.1666640369	0.1675214991	0.1683893873	0.1692676857	0.1701563746	0.1710554299	0.1719648232	0.1728845217	0.1738144873	0.1747546769	0.1757050421	0.1766655286	0.1776360764	0.1786166190	0.1796070834	0.1806073900	0.1816174516	0.1826371741	0.1836664551	0.1847051844	0.1857532432	0.1868105041	0.1878768303	0.1889520757	0.1900360843	0.1911286899	0.1922297157	0.1933389739	0.1944562654	0.1955813794	0.1967140929	0.1978541706	0.1990013641	0.2001554117	0.2013160383	0.2024829545	0.2036558565	0.2048344256	0.2060183282	0.2072072148	0.2084007199	0.2095984620	0.2108000426	0.2120050464	0.2132130406	0.2144235749	0.2156361810	0.2168503724	0.2180656439	0.2192814718	0.2204973135	0.2217126071	0.2229267715	0.2241392061	0.2253492909	0.2265563863	0.2277598331	0.2289589525	0.2301530462	0.2313413966	0.2325232667	0.2336979006	0.2348645234	0.2360223420	0.2371705450	0.2383083034	0.2394347711	0.2405490852	0.2416503669	0.2427377221	0.2438102421	0.2448670046	0.2459070743	0.2469295041	0.2479333362	0.2489176029	0.2498813283	0.2508235289	0.2517432155	0.2526393945	0.2535110692	0.2543572412	0.2551769127	0.2559690873	0.2567327723	0.2574669805	0.2581707315	0.2588430544	0.2594829891	0.2600895883	0.2606619200	0.2611990691	0.2617001393	0.2621642559	0.2625905670	0.2629782460	0.2633264937	0.2636345404	0.2639016473	0.2641271094	0.2643102567	0.2644504564	0.2645471148	0.2645996788	0.2646076377	0.2645705250	0.2644879196	0.2643594473	0.2641847822	0.2639636479	0.2636958183	0.2633811190	0.2630194276	0.2626106748	0.2621548447	0.2616519752	0.2611021586	0.2605055410	0.2598623230	0.2591727590	0.2584371571	0.2576558784	0.2568293366	0.2559579970	0.2550423758	0.2540830387	0.2530805999	0.2520357209	0.2509491088	0.2498215146	0.2486537320	0.2474465953	0.2462009774	0.2449177883	0.2435979722	0.2422425065	0.2408523988	0.2394286847	0.2379724262	0.2364847085	0.2349666384	0.2334193416	0.2318439602	0.2302416510	0.2286135822	0.2269609320	0.2252848859	0.2235866342	0.2218673703	0.2201282883	0.2183705807	0.2165954368	0.2148040401	0.2129975672	0.2111771853	0.2093440505	0.2074993067	0.2056440834	0.2037794944	0.2019066365	0.2000265881	0.1981404080	0.1962491344	0.1943537835	0.1924553490	0.1905548008	0.1886530846	0.1867511213	0.1848498058	0.1829500073	0.1810525681	0.1791583040	0.1772680034	0.1753824276	0.1735023102	0.1716283574	0.1697612481	0.1679016334	0.1660501374	0.1642073569	0.1623738619	0.1605501957	0.1587368753	0.1569343917	0.1551432106	0.1533637723	0.1515964924	0.1498417626	0.1480999506	0.1463714012	0.1446564363	0.1429553562	0.1412684395	0.1395959438	0.1379381066	0.1362951458	0.1346672601	0.1330546298	0.1314574175	0.1298757684	0.1283098112	0.1267596587	0.1252254080	0.1237071417	0.1222049282	0.1207188220	0.1192488648	0.1177950857	0.1163575020	0.1149361195	0.1135309330	0.1121419272	0.1107690769	0.1094123474	0.1080716954	0.1067470689	0.1054384081	0.1041456458	0.1028687076	0.1016075124	0.1003619728	0.0991319957	0.0979174824	0.0967183290	0.0955344267	0.0943656625	0.0932119191	0.0920730753	0.0909490065	0.0898395847	0.0887446789	0.0876641555	0.0865978784	0.0855457091	0.0845075073	0.0834831307	0.0824724356	0.0814752767	0.0804915077	0.0795209811	0.0785635487	0.0776190615	0.0766873701	0.0757683244	0.0748617743	0.0739675696	0.0730855599	0.0722155950	0.0713575250	0.0705112002	0.0696764714	0.0688531898
0.1605229681	0.1613202794	0.1621281437	0.1629465683	0.1637755577	0.1646151137	0.1654652353	0.1663259177	0.1671971531	0.1680789297	0.1689712321	0.1698740406	0.1707873312	0.1717110751	0.1726452390	0.1735897841	0.1745446665	0.1755098365	0.1764852385	0.1774708107	0.1784664847	0.1794721854	0.1804878305	0.1815133302	0.1825485868	0.1835934949	0.1846479402	0.1857117997	0.1867849414	0.1878672235	0.1889584947	0.1900585929	0.1911673459	0.1922845700	0.1934100703	0.1945436401	0.1956850604	0.1968340996	0.1979905131	0.1991540427	0.2003244167	0.2015013488	0.2026845384	0.2038736695	0.2050684110	0.2062684158	0.2074733205	0.2086827452	0.2098962931	0.2111135499	0.2123340838	0.2135574448	0.2147831648	0.2160107570	0.2172397155	0.2184695155	0.2196996126	0.2209294430	0.2221584230	0.2233859488	0.2246113970	0.2258341236	0.2270534647	0.2282687362	0.2294792338	0.2306842333	0.2318829904	0.2330747413	0.2342587026	0.2354340719	0.2366000279	0.2377557309	0.2389003232	0.2400329301	0.2411526599	0.2422586049	0.2433498422	0.2444254343	0.2454844304	0.2465258669	0.2475487689	0.2485521510	0.2495350186	0.2504963693	0.2514351943	0.2523504795	0.2532412073	0.2541063581	0.2549449122	0.2557558508	0.2565381586	0.2572908252	0.2580128470	0.2587032294	0.2593609884	0.2599851529	0.2605747669	0.2611288911	0.2616466056	0.2621270114	0.2625692334	0.2629724214	0.2633357534	0.2636584368	0.2639397111	0.2641788494	0.2643751610	0.2645279929	0.2646367319	0.2647008065	0.2647196884	0.2646928942	0.2646199875	0.2645005794	0.2643343309	0.2641209533	0.2638602098	0.2635519164	0.2631959426	0.2627922123	0.2623407041	0.2618414522	0.2612945462	0.2607001314	0.2600584086	0.2593696344	0.2586341201	0.2578522319	0.2570243897	0.2561510666	0.2552327879	0.2542701299	0.2532637185	0.2522142285	0.2511223811	0.2499889431	0.2488147248	0.2476005782	0.2463473950	0.2450561047	0.2437276723	0.2423630964	0.2409634065	0.2395296613	0.2380629456	0.2365643688	0.2350350615	0.2334761740	0.2318888734	0.2302743411	0.2286337706	0.2269683651	0.2252793350	0.2235678956	0.2218352652	0.2200826622	0.2183113033	0.2165224017	0.2147171643	0.2128967906	0.2110624702	0.2092153811	0.2073566883	0.2054875420	0.2036090758	0.2017224059	0.1998286290	0.1979288216	0.1960240388	0.1941153130	0.1922036532	0.1902900438	0.1883754443	0.1864607883	0.1845469830	0.1826349085	0.1807254179	0.1788193365	0.1769174615	0.1750205622	0.1731293798	0.1712446269	0.1693669881	0.1674971199	0.1656356508	0.1637831813	0.1619402846	0.1601075065	0.1582853661	0.1564743558	0.1546749419	0.1528875652	0.1511126412	0.1493505607	0.1476016907	0.1458663742	0.1441449315	0.1424376605	0.1407448372	0.1390667165	0.1374035325	0.1357554997	0.1341228132	0.1325056493	0.1309041664	0.1293185054	0.1277487905	0.1261951298	0.1246576156	0.1231363258	0.1216313234	0.1201426582	0.1186703665	0.1172144723	0.1157749875	0.1143519126	0.1129452372	0.1115549406	0.1101809921	0.1088233520	0.1074819714	0.1061567931	0.1048477521	0.1035547760	0.1022777850	0.1010166932	0.0997714080	0.0985418313	0.0973278594	0.0961293836	0.0949462905	0.0937784622	0.0926257767	0.0914881085	0.0903653284	0.0892573040	0.0881639001	0.0870849790	0.0860204003	0.0849700217	0.0839336987	0.0829112856	0.0819026346	0.0809075969	0.0799260228	0.0789577612	0.0780026605	0.0770605686	0.0761313327	0.0752147998	0.0743108168	0.0734192305	0.0725398877	0.0716726355	0.0708173213	0.0699737928	0.0691418984	0.0683214868
0.1592825143	0.1600820962	0.1608923308	0.1617132294	0.1625448005	0.1633870499	0.1642399805	0.1651035918	0.1659778800	0.1668628378	0.1677584538	0.1686647127	0.1695815949	0.1705090761	0.1714471274	0.1723957147	0.1733547984	0.1743243335	0.1753042691	0.1762945481	0.1772951067	0.1783058744	0.1793267738	0.1803577197	0.1813986193	0.1824493717	0.1835098675	0.1845799884	0.1856596070	0.1867485862	0.1878467792	0.1889540287	0.1900701666	0.1911950141	0.1923283803	0.1934700629	0.1946198469	0.1957775049	0.1969427961	0.1981154661	0.1992952468	0.2004818553	0.2016749942	0.2028743507	0.2040795963	0.2052903865	0.2065063602	0.2077271398	0.2089523299	0.2101815178	0.2114142728	0.2126501458	0.2138886688	0.2151293550	0.2163716983	0.2176151728	0.2188592331	0.2201033133	0.2213468275	0.2225891693	0.2238297115	0.2250678067	0.2263027862	0.2275339608	0.2287606207	0.2299820352	0.2311974531	0.2324061029	0.2336071930	0.2347999117	0.2359834280	0.2371568918	0.2383194344	0.2394701689	0.2406081910	0.2417325796	0.2428423976	0.2439366927	0.2450144985	0.2460748350	0.2471167101	0.2481391208	0.2491410541	0.2501214883	0.2510793950	0.2520137397	0.2529234839	0.2538075865	0.2546650056	0.2554947003	0.2562956322	0.2570667677	0.2578070796	0.2585155493	0.2591911690	0.2598329433	0.2604398918	0.2610110510	0.2615454767	0.2620422457	0.2625004589	0.2629192425	0.2632977511	0.2636351691	0.2639307134	0.2641836355	0.2643932233	0.2645588031	0.2646797421	0.2647554498	0.2647853799	0.2647690322	0.2647059541	0.2645957421	0.2644380433	0.2642325570	0.2639790350	0.2636772835	0.2633271638	0.2629285926	0.2624815432	0.2619860454	0.2614421863	0.2608501100	0.2602100179	0.2595221681	0.2587868757	0.2580045114	0.2571755016	0.2563003272	0.2553795227	0.2544136748	0.2534034217	0.2523494511	0.2512524990	0.2501133477	0.2489328245	0.2477117992	0.2464511825	0.2451519238	0.2438150090	0.2424414580	0.2410323230	0.2395886853	0.2381116535	0.2366023609	0.2350619626	0.2334916337	0.2318925663	0.2302659669	0.2286130544	0.2269350574	0.2252332114	0.2235087571	0.2217629375	0.2199969958	0.2182121733	0.2164097068	0.2145908270	0.2127567565	0.2109087072	0.2090478794	0.2071754592	0.2052926174	0.2034005077	0.2015002654	0.1995930058	0.1976798230	0.1957617890	0.1938399524	0.1919153372	0.1899889426	0.1880617414	0.1861346801	0.1842086777	0.1822846257	0.1803633872	0.1784457970	0.1765326611	0.1746247566	0.1727228318	0.1708276057	0.1689397685	0.1670599817	0.1651888779	0.1633270613	0.1614751079	0.1596335660	0.1578029561	0.1559837718	0.1541764802	0.1523815221	0.1505993124	0.1488302414	0.1470746744	0.1453329530	0.1436053952	0.1418922965	0.1401939300	0.1385105475	0.1368423800	0.1351896379	0.1335525126	0.1319311763	0.1303257829	0.1287364689	0.1271633537	0.1256065407	0.1240661172	0.1225421560	0.1210347149	0.1195438385	0.1180695579	0.1166118915	0.1151708460	0.1137464164	0.1123385869	0.1109473312	0.1095726135	0.1082143883	0.1068726016	0.1055471906	0.1042380852	0.1029452075	0.1016684727	0.1004077894	0.0991630602	0.0979341819	0.0967210458	0.0955235383	0.0943415412	0.0931749318	0.0920235837	0.0908873665	0.0897661467	0.0886597877	0.0875681498	0.0864910912	0.0854284673	0.0843801320	0.0833459368	0.0823257320	0.0813193665	0.0803266876	0.0793475421	0.0783817755	0.0774292330	0.0764897590	0.0755631977	0.0746493932	0.0737481891	0.0728594296	0.0719829585	0.0711186204	0.0702662599	0.0694257224	0.0685968535	0.0677794997
0.1580171594	0.1588187321	0.1596310542	0.1604541407	0.1612880042	0.1621326545	0.1629880984	0.1638543397	0.1647313789	0.1656192127	0.1665178342	0.1674272325	0.1683473923	0.1692782939	0.1702199129	0.1711722196	0.1721351793	0.1731087516	0.1740928902	0.1750875427	0.1760926503	0.1771081472	0.1781339606	0.1791700104	0.1802162086	0.1812724590	0.1823386571	0.1834146895	0.1845004336	0.1855957571	0.1867005178	0.1878145633	0.1889377301	0.1900698438	0.1912107183	0.1923601556	0.1935179451	0.1946838635	0.1958576742	0.1970391267	0.1982279568	0.1994238852	0.2006266179	0.2018358454	0.2030512423	0.2042724669	0.2054991608	0.2067309484	0.2079674366	0.2092082143	0.2104528521	0.2117009019	0.2129518966	0.2142053496	0.2154607545	0.2167175850	0.2179752946	0.2192333160	0.2204910611	0.2217479212	0.2230032661	0.2242564444	0.2255067836	0.2267535897	0.2279961472	0.2292337195	0.2304655487	0.2316908558	0.2329088411	0.2341186843	0.2353195448	0.2365105622	0.2376908567	0.2388595298	0.2400156648	0.2411583272	0.2422865660	0.2433994141	0.2444958894	0.2455749959	0.2466357245	0.2476770543	0.2486979539	0.2496973828	0.2506742925	0.2516276282	0.2525563304	0.2534593366	0.2543355826	0.2551840049	0.2560035421	0.2567931372	0.2575517393	0.2582783058	0.2589718043	0.2596312151	0.2602555333	0.2608437707	0.2613949585	0.2619081492	0.2623824191	0.2628168708	0.2632106347	0.2635628722	0.2638727774	0.2641395793	0.2643625442	0.2645409778	0.2646742268	0.2647616816	0.2648027775	0.2647969970	0.2647438712	0.2646429815	0.2644939612	0.2642964967	0.2640503286	0.2637552530	0.2634111224	0.2630178465	0.2625753927	0.2620837866	0.2615431125	0.2609535134	0.2603151906	0.2596284045	0.2588934730	0.2581107721	0.2572807342	0.2564038482	0.2554806577	0.2545117603	0.2534978060	0.2524394959	0.2513375807	0.2501928586	0.2490061738	0.2477784143	0.2465105100	0.2452034303	0.2438581821	0.2424758073	0.2410573805	0.2396040062	0.2381168170	0.2365969701	0.2350456457	0.2334640437	0.2318533814	0.2302148910	0.2285498169	0.2268594130	0.2251449406	0.2234076657	0.2216488563	0.2198697806	0.2180717044	0.2162558887	0.2144235880	0.2125760478	0.2107145030	0.2088401756	0.2069542733	0.2050579876	0.2031524920	0.2012389412	0.1993184688	0.1973921868	0.1954611839	0.1935265246	0.1915892483	0.1896503684	0.1877108713	0.1857717160	0.1838338334	0.1818981258	0.1799654665	0.1780366996	0.1761126396	0.1741940712	0.1722817495	0.1703763999	0.1684787179	0.1665893695	0.1647089914	0.1628381912	0.1609775475	0.1591276105	0.1572889025	0.1554619177	0.1536471236	0.1518449607	0.1500558436	0.1482801611	0.1465182772	0.1447705313	0.1430372393	0.1413186937	0.1396151649	0.1379269012	0.1362541298	0.1345970576	0.1329558715	0.1313307395	0.1297218110	0.1281292178	0.1265530745	0.1249934792	0.1234505144	0.1219242474	0.1204147309	0.1189220041	0.1174460924	0.1159870091	0.1145447551	0.1131193199	0.1117106823	0.1103188104	0.1089436627	0.1075851884	0.1062433279	0.1049180131	0.1036091683	0.1023167105	0.1010405494	0.0997805886	0.0985367254	0.0973088514	0.0960968532	0.0949006121	0.0937200051	0.0925549049	0.0914051802	0.0902706962	0.0891513149	0.0880468953	0.0869572935	0.0858823633	0.0848219563	0.0837759222	0.0827441088	0.0817263625	0.0807225285	0.0797324506	0.0787559719	0.0777929348	0.0768431809	0.0759065516	0.0749828880	0.0740720310	0.0731738214	0.0722881005	0.0714147094	0.0705534900	0.0697042843	0.0688669352	0.0680412859	0.0672271807
0.1567267771	0.1575300549	0.1583441752	0.1591691570	0.1600050168	0.1608517684	0.1617094229	0.1625779881	0.1634574686	0.1643478657	0.1652491767	0.1661613950	0.1670845099	0.1680185062	0.1689633640	0.1699190584	0.1708855593	0.1718628310	0.1728508320	0.1738495147	0.1748588250	0.1758787023	0.1769090785	0.1779498784	0.1790010191	0.1800624092	0.1811339493	0.1822155307	0.1833070360	0.1844083376	0.1855192985	0.1866397708	0.1877695961	0.1889086046	0.1900566150	0.1912134337	0.1923788549	0.1935526595	0.1947346152	0.1959244759	0.1971219811	0.1983268556	0.1995388091	0.2007575356	0.2019827128	0.2032140023	0.2044510484	0.2056934781	0.2069409005	0.2081929067	0.2094490688	0.2107089401	0.2119720543	0.2132379255	0.2145060476	0.2157758938	0.2170469169	0.2183185485	0.2195901988	0.2208612569	0.2221310898	0.2233990429	0.2246644397	0.2259265817	0.2271847484	0.2284381973	0.2296861641	0.2309278628	0.2321624857	0.2333892040	0.2346071678	0.2358155068	0.2370133305	0.2381997288	0.2393737725	0.2405345144	0.2416809894	0.2428122158	0.2439271964	0.2450249187	0.2461043569	0.2471644724	0.2482042155	0.2492225266	0.2502183373	0.2511905727	0.2521381520	0.2530599911	0.2539550037	0.2548221036	0.2556602063	0.2564682312	0.2572451033	0.2579897558	0.2587011319	0.2593781873	0.2600198920	0.2606252332	0.2611932170	0.2617228713	0.2622132478	0.2626634246	0.2630725083	0.2634396364	0.2637639800	0.2640447454	0.2642811770	0.2644725590	0.2646182180	0.2647175245	0.2647698953	0.2647747951	0.2647317385	0.2646402915	0.2645000731	0.2643107567	0.2640720713	0.2637838028	0.2634457947	0.2630579493	0.2626202281	0.2621326523	0.2615953031	0.2610083222	0.2603719112	0.2596863320	0.2589519060	0.2581690138	0.2573380944	0.2564596442	0.2555342162	0.2545624188	0.2535449140	0.2524824166	0.2513756917	0.2502255538	0.2490328641	0.2477985289	0.2465234975	0.2452087596	0.2438553433	0.2424643125	0.2410367646	0.2395738276	0.2380766580	0.2365464376	0.2349843715	0.2333916848	0.2317696205	0.2301194363	0.2284424023	0.2267397983	0.2250129113	0.2232630326	0.2214914559	0.2196994743	0.2178883781	0.2160594529	0.2142139768	0.2123532187	0.2104784361	0.2085908732	0.2066917590	0.2047823058	0.2028637071	0.2009371368	0.1990037469	0.1970646670	0.1951210026	0.1931738341	0.1912242161	0.1892731760	0.1873217137	0.1853708006	0.1834213793	0.1814743628	0.1795306344	0.1775910471	0.1756564238	0.1737275566	0.1718052074	0.1698901072	0.1679829569	0.1660844269	0.1641951576	0.1623157595	0.1604468138	0.1585888725	0.1567424588	0.1549080679	0.1530861671	0.1512771967	0.1494815701	0.1476996749	0.1459318732	0.1441785023	0.1424398753	0.1407162821	0.1390079895	0.1373152423	0.1356382640	0.1339772572	0.1323324047	0.1307038697	0.1290917971	0.1274963136	0.1259175288	0.1243555358	0.1228104116	0.1212822182	0.1197710030	0.1182767993	0.1167996273	0.1153394945	0.1138963962	0.1124703162	0.1110612277	0.1096690932	0.1082938656	0.1069354884	0.1055938965	0.1042690164	0.1029607668	0.1016690594	0.1003937985	0.0991348825	0.0978922035	0.0966656481	0.0954550976	0.0942604287	0.0930815132	0.0919182193	0.0907704110	0.0896379489	0.0885206906	0.0874184905	0.0863312007	0.0852586708	0.0842007482	0.0831572787	0.0821281062	0.0811130735	0.0801120218	0.0791247917	0.0781512226	0.0771911536	0.0762444232	0.0753108693	0.0743903302	0.0734826436	0.0725876476	0.0717051806	0.0708350810	0.0699771881	0.0691313413	0.0682973811	0.0674751484	0.0666644851
0.1554112495	0.1562159404	0.1570315634	0.1578581413	0.1586956947	0.1595442414	0.1604037965	0.1612743721	0.1621559770	0.1630486168	0.1639522931	0.1648670039	0.1657927430	0.1667294996	0.1676772586	0.1686359997	0.1696056974	0.1705863210	0.1715778338	0.1725801930	0.1735933495	0.1746172475	0.1756518241	0.1766970090	0.1777527243	0.1788188838	0.1798953930	0.1809821485	0.1820790376	0.1831859382	0.1843027179	0.1854292341	0.1865653332	0.1877108503	0.1888656091	0.1900294208	0.1912020840	0.1923833846	0.1935730946	0.1947709722	0.1959767614	0.1971901909	0.1984109743	0.1996388094	0.2008733775	0.2021143434	0.2033613546	0.2046140409	0.2058720140	0.2071348671	0.2084021744	0.2096734907	0.2109483512	0.2122262706	0.2135067432	0.2147892426	0.2160732210	0.2173581090	0.2186433158	0.2199282281	0.2212122109	0.2224946065	0.2237747347	0.2250518929	0.2263253558	0.2275943754	0.2288581813	0.2301159806	0.2313669582	0.2326102769	0.2338450780	0.2350704813	0.2362855857	0.2374894700	0.2386811929	0.2398597942	0.2410242954	0.2421737003	0.2433069962	0.2444231549	0.2455211337	0.2465998766	0.2476583155	0.2486953716	0.2497099572	0.2507009766	0.2516673283	0.2526079063	0.2535216022	0.2544073070	0.2552639129	0.2560903156	0.2568854161	0.2576481231	0.2583773553	0.2590720431	0.2597311319	0.2603535835	0.2609383791	0.2614845214	0.2619910374	0.2624569803	0.2628814325	0.2632635076	0.2636023530	0.2638971522	0.2641471274	0.2643515411	0.2645096990	0.2646209518	0.2646846972	0.2647003820	0.2646675040	0.2645856133	0.2644543144	0.2642732676	0.2640421899	0.2637608566	0.2634291023	0.2630468216	0.2626139697	0.2621305632	0.2615966805	0.2610124615	0.2603781081	0.2596938837	0.2589601130	0.2581771812	0.2573455337	0.2564656748	0.2555381669	0.2545636288	0.2535427351	0.2524762137	0.2513648450	0.2502094593	0.2490109353	0.2477701977	0.2464882152	0.2451659981	0.2438045958	0.2424050945	0.2409686145	0.2394963075	0.2379893541	0.2364489610	0.2348763583	0.2332727966	0.2316395446	0.2299778858	0.2282891165	0.2265745422	0.2248354757	0.2230732343	0.2212891369	0.2194845018	0.2176606444	0.2158188743	0.2139604937	0.2120867948	0.2101990579	0.2082985493	0.2063865195	0.2044642014	0.2025328085	0.2005935339	0.1986475480	0.1966959978	0.1947400056	0.1927806676	0.1908190533	0.1888562042	0.1868931334	0.1849308246	0.1829702318	0.1810122786	0.1790578579	0.1771078317	0.1751630308	0.1732242546	0.1712922713	0.1693678178	0.1674515996	0.1655442914	0.1636465370	0.1617589498	0.1598821131	0.1580165802	0.1561628755	0.1543214943	0.1524929039	0.1506775438	0.1488758262	0.1470881371	0.1453148364	0.1435562592	0.1418127156	0.1400844922	0.1383718524	0.1366750373	0.1349942662	0.1333297375	0.1316816293	0.1300501002	0.1284352900	0.1268373205	0.1252562961	0.1236923044	0.1221454171	0.1206156906	0.1191031666	0.1176078729	0.1161298239	0.1146690213	0.1132254549	0.1117991026	0.1103899318	0.1089978994	0.1076229525	0.1062650291	0.1049240583	0.1035999611	0.1022926508	0.1010020334	0.0997280081	0.0984704679	0.0972292996	0.0960043848	0.0947955998	0.0936028161	0.0924259010	0.0912647177	0.0901191255	0.0889889806	0.0878741359	0.0867744418	0.0856897459	0.0846198936	0.0835647285	0.0825240922	0.0814978250	0.0804857657	0.0794877521	0.0785036211	0.0775332088	0.0765763509	0.0756328826	0.0747026389	0.0737854548	0.0728811652	0.0719896054	0.0711106109	0.0702440176	0.0693896621	0.0685473814	0.0677170135	0.0668983970	0.0660913716
0.1540704672	0.1548762733	0.1556930972	0.1565209657	0.1573599033	0.1582099318	0.1590710706	0.1599433359	0.1608267407	0.1617212949	0.1626270047	0.1635438723	0.1644718962	0.1654110702	0.1663613837	0.1673228212	0.1682953622	0.1692789805	0.1702736445	0.1712793163	0.1722959518	0.1733235002	0.1743619036	0.1754110970	0.1764710074	0.1775415539	0.1786226471	0.1797141888	0.1808160716	0.1819281783	0.1830503819	0.1841825449	0.1853245188	0.1864761438	0.1876372485	0.1888076490	0.1899871491	0.1911755392	0.1923725962	0.1935780828	0.1947917474	0.1960133230	0.1972425275	0.1984790625	0.1997226133	0.2009728481	0.2022294178	0.2034919553	0.2047600751	0.2060333730	0.2073114254	0.2085937891	0.2098800007	0.2111695762	0.2124620107	0.2137567780	0.2150533303	0.2163510978	0.2176494884	0.2189478875	0.2202456577	0.2215421389	0.2228366476	0.2241284772	0.2254168981	0.2267011571	0.2279804779	0.2292540611	0.2305210845	0.2317807029	0.2330320488	0.2342742326	0.2355063430	0.2367274477	0.2379365936	0.2391328079	0.2403150986	0.2414824554	0.2426338505	0.2437682398	0.2448845641	0.2459817498	0.2470587107	0.2481143493	0.2491475579	0.2501572206	0.2511422149	0.2521014132	0.2530336847	0.2539378977	0.2548129211	0.2556576266	0.2564708912	0.2572515991	0.2579986439	0.2587109312	0.2593873810	0.2600269298	0.2606285335	0.2611911696	0.2617138397	0.2621955724	0.2626354253	0.2630324878	0.2633858835	0.2636947727	0.2639583548	0.2641758706	0.2643466047	0.2644698874	0.2645450972	0.2645716626	0.2645490642	0.2644768362	0.2643545682	0.2641819070	0.2639585575	0.2636842843	0.2633589125	0.2629823289	0.2625544826	0.2620753852	0.2615451120	0.2609638012	0.2603316546	0.2596489373	0.2589159770	0.2581331638	0.2573009492	0.2564198454	0.2554904241	0.2545133150	0.2534892048	0.2524188352	0.2513030013	0.2501425497	0.2489383766	0.2476914252	0.2464026838	0.2450731834	0.2437039950	0.2422962271	0.2408510231	0.2393695586	0.2378530385	0.2363026945	0.2347197820	0.2331055773	0.2314613747	0.2297884841	0.2280882276	0.2263619369	0.2246109509	0.2228366125	0.2210402664	0.2192232561	0.2173869218	0.2155325978	0.2136616101	0.2117752743	0.2098748934	0.2079617560	0.2060371338	0.2041022805	0.2021584297	0.2002067933	0.1982485601	0.1962848946	0.1943169356	0.1923457950	0.1903725570	0.1883982771	0.1864239813	0.1844506656	0.1824792950	0.1805108035	0.1785460936	0.1765860358	0.1746314688	0.1726831988	0.1707420002	0.1688086152	0.1668837541	0.1649680954	0.1630622860	0.1611669419	0.1592826481	0.1574099594	0.1555494006	0.1537014671	0.1518666258	0.1500453151	0.1482379458	0.1464449020	0.1446665414	0.1429031961	0.1411551734	0.1394227562	0.1377062044	0.1360057549	0.1343216228	0.1326540018	0.1310030655	0.1293689674	0.1277518423	0.1261518067	0.1245689595	0.1230033830	0.1214551431	0.1199242906	0.1184108615	0.1169148777	0.1154363479	0.1139752680	0.1125316217	0.1111053813	0.1096965083	0.1083049538	0.1069306590	0.1055735563	0.1042335692	0.1029106129	0.1016045953	0.1003154168	0.0990429714	0.0977871464	0.0965478238	0.0953248798	0.0941181856	0.0929276079	0.0917530091	0.0905942475	0.0894511779	0.0883236520	0.0872115181	0.0861146223	0.0850328080	0.0839659165	0.0829137873	0.0818762582	0.0808531655	0.0798443444	0.0788496292	0.0778688532	0.0769018492	0.0759484496	0.0750084863	0.0740817913	0.0731681965	0.0722675342	0.0713796365	0.0705043365	0.0696414674	0.0687908632	0.0679523587	0.0671257892	0.0663109914	0.0655078025
0.1527043294	0.1535109468	0.1543286637	0.1551575110	0.1559975169	0.1568487075	0.1577111060	0.1585847330	0.1594696059	0.1603657387	0.1612731421	0.1621918228	0.1631217838	0.1640630236	0.1650155362	0.1659793110	0.1669543322	0.1679405785	0.1689380232	0.1699466335	0.1709663703	0.1719971879	0.1730390336	0.1740918474	0.1751555617	0.1762301008	0.1773153805	0.1784113080	0.1795177810	0.1806346879	0.1817619068	0.1828993054	0.1840467405	0.1852040577	0.1863710906	0.1875476606	0.1887335764	0.1899286334	0.1911326133	0.1923452838	0.1935663978	0.1947956929	0.1960328914	0.1972776991	0.1985298053	0.1997888820	0.2010545838	0.2023265469	0.2036043890	0.2048877086	0.2061760848	0.2074690764	0.2087662220	0.2100670390	0.2113710237	0.2126776506	0.2139863720	0.2152966180	0.2166077957	0.2179192894	0.2192304600	0.2205406448	0.2218491576	0.2231552883	0.2244583030	0.2257574438	0.2270519289	0.2283409528	0.2296236863	0.2308992766	0.2321668478	0.2334255011	0.2346743154	0.2359123474	0.2371386327	0.2383521860	0.2395520021	0.2407370567	0.2419063072	0.2430586940	0.2441931411	0.2453085580	0.2464038403	0.2474778716	0.2485295248	0.2495576638	0.2505611449	0.2515388189	0.2524895329	0.2534121323	0.2543054625	0.2551683717	0.2559997122	0.2567983438	0.2575631351	0.2582929664	0.2589867324	0.2596433441	0.2602617318	0.2608408475	0.2613796676	0.2618771953	0.2623324634	0.2627445368	0.2631125150	0.2634355350	0.2637127730	0.2639434478	0.2641268225	0.2642622069	0.2643489600	0.2643864917	0.2643742651	0.2643117982	0.2641986655	0.2640345000	0.2638189943	0.2635519019	0.2632330386	0.2628622830	0.2624395776	0.2619649293	0.2614384098	0.2608601558	0.2602303688	0.2595493154	0.2588173263	0.2580347963	0.2572021832	0.2563200070	0.2553888486	0.2544093487	0.2533822062	0.2523081764	0.2511880694	0.2500227483	0.2488131265	0.2475601661	0.2462648751	0.2449283052	0.2435515490	0.2421357377	0.2406820380	0.2391916493	0.2376658012	0.2361057503	0.2345127775	0.2328881849	0.2312332929	0.2295494374	0.2278379667	0.2261002390	0.2243376190	0.2225514757	0.2207431793	0.2189140989	0.2170655994	0.2151990397	0.2133157698	0.2114171287	0.2095044422	0.2075790208	0.2056421579	0.2036951276	0.2017391834	0.1997755561	0.1978054528	0.1958300553	0.1938505187	0.1918679705	0.1898835095	0.1878982049	0.1859130956	0.1839291892	0.1819474620	0.1799688581	0.1779942890	0.1760246337	0.1740607383	0.1721034159	0.1701534465	0.1682115776	0.1662785238	0.1643549670	0.1624415572	0.1605389126	0.1586476196	0.1567682340	0.1549012809	0.1530472557	0.1512066243	0.1493798238	0.1475672636	0.1457693253	0.1439863640	0.1422187090	0.1404666642	0.1387305088	0.1370104987	0.1353068666	0.1336198230	0.1319495571	0.1302962372	0.1286600119	0.1270410106	0.1254393445	0.1238551068	0.1222883740	0.1207392066	0.1192076494	0.1176937325	0.1161974720	0.1147188706	0.1132579181	0.1118145925	0.1103888600	0.1089806763	0.1075899864	0.1062167261	0.1048608216	0.1035221907	0.1022007432	0.1008963812	0.0996089996	0.0983384870	0.0970847255	0.0958475917	0.0946269565	0.0934226863	0.0922346428	0.0910626833	0.0899066617	0.0887664280	0.0876418292	0.0865327095	0.0854389104	0.0843602712	0.0832966292	0.0822478197	0.0812136768	0.0801940329	0.0791887198	0.0781975679	0.0772204073	0.0762570674	0.0753073772	0.0743711656	0.0734482617	0.0725384943	0.0716416928	0.0707576868	0.0698863064	0.0690273826	0.0681807467	0.0673462311	0.0665236691	0.0657128949	0.0649137437
0.1513127444	0.1521198634	0.1529381595	0.1537676674	0.1546084194	0.1554604455	0.1563237731	0.1571984270	0.1580844287	0.1589817968	0.1598905462	0.1608106883	0.1617422305	0.1626851760	0.1636395236	0.1646052674	0.1655823964	0.1665708944	0.1675707395	0.1685819040	0.1696043540	0.1706380488	0.1716829411	0.1727389760	0.1738060913	0.1748842165	0.1759732730	0.1770731730	0.1781838200	0.1793051076	0.1804369193	0.1815791283	0.1827315968	0.1838941757	0.1850667039	0.1862490082	0.1874409024	0.1886421871	0.1898526493	0.1910720614	0.1923001812	0.1935367513	0.1947814982	0.1960341325	0.1972943476	0.1985618198	0.1998362072	0.2011171499	0.2024042689	0.2036971660	0.2049954228	0.2062986009	0.2076062409	0.2089178621	0.2102329621	0.2115510165	0.2128714783	0.2141937774	0.2155173209	0.2168414920	0.2181656502	0.2194891310	0.2208112455	0.2221312805	0.2234484982	0.2247621365	0.2260714082	0.2273755022	0.2286735825	0.2299647891	0.2312482381	0.2325230219	0.2337882095	0.2350428475	0.2362859600	0.2375165498	0.2387335986	0.2399360684	0.2411229022	0.2422930246	0.2434453438	0.2445787518	0.2456921266	0.2467843331	0.2478542247	0.2489006451	0.2499224298	0.2509184081	0.2518874047	0.2528282423	0.2537397429	0.2546207308	0.2554700341	0.2562864876	0.2570689351	0.2578162316	0.2585272460	0.2592008638	0.2598359897	0.2604315499	0.2609864953	0.2614998036	0.2619704826	0.2623975725	0.2627801484	0.2631173235	0.2634082510	0.2636521271	0.2638481933	0.2639957387	0.2640941022	0.2641426752	0.2641409029	0.2640882867	0.2639843861	0.2638288198	0.2636212680	0.2633614730	0.2630492407	0.2626844417	0.2622670117	0.2617969525	0.2612743323	0.2606992859	0.2600720147	0.2593927864	0.2586619349	0.2578798596	0.2570470244	0.2561639571	0.2552312480	0.2542495485	0.2532195698	0.2521420810	0.2510179072	0.2498479278	0.2486330738	0.2473743260	0.2460727124	0.2447293054	0.2433452195	0.2419216083	0.2404596621	0.2389606043	0.2374256893	0.2358561987	0.2342534389	0.2326187381	0.2309534427	0.2292589148	0.2275365291	0.2257876701	0.2240137286	0.2222160997	0.2203961792	0.2185553617	0.2166950370	0.2148165885	0.2129213901	0.2110108043	0.2090861796	0.2071488486	0.2052001258	0.2032413060	0.2012736623	0.1992984445	0.1973168778	0.1953301609	0.1933394653	0.1913459337	0.1893506795	0.1873547853	0.1853593025	0.1833652506	0.1813736163	0.1793853537	0.1774013832	0.1754225921	0.1734498334	0.1714839267	0.1695256578	0.1675757787	0.1656350081	0.1637040313	0.1617835008	0.1598740366	0.1579762265	0.1560906269	0.1542177630	0.1523581296	0.1505121915	0.1486803844	0.1468631154	0.1450607640	0.1432736824	0.1415021964	0.1397466064	0.1380071878	0.1362841923	0.1345778479	0.1328883606	0.1312159144	0.1295606727	0.1279227787	0.1263023564	0.1246995111	0.1231143305	0.1215468854	0.1199972302	0.1184654037	0.1169514302	0.1154553196	0.1139770687	0.1125166611	0.1110740689	0.1096492522	0.1082421607	0.1068527336	0.1054809005	0.1041265821	0.1027896903	0.1014701291	0.1001677951	0.0988825776	0.0976143598	0.0963630183	0.0951284245	0.0939104444	0.0927089390	0.0915237651	0.0903547754	0.0892018187	0.0880647407	0.0869433838	0.0858375877	0.0847471897	0.0836720249	0.0826119264	0.0815667259	0.0805362533	0.0795203377	0.0785188067	0.0775314877	0.0765582072	0.0755987913	0.0746530658	0.0737208567	0.0728019899	0.0718962914	0.0710035879	0.0701237061	0.0692564739	0.0684017193	0.0675592716	0.0667289608	0.0659106178	0.0651040747	0.0643091649
0.1498956301	0.1507029352	0.1515214906	0.1523513349	0.1531925044	0.1540450329	0.1549089522	0.1557842911	0.1566710754	0.1575693280	0.1584790682	0.1594003121	0.1603330715	0.1612773542	0.1622331640	0.1632004995	0.1641793549	0.1651697186	0.1661715741	0.1671848986	0.1682096632	0.1692458327	0.1702933649	0.1713522103	0.1724223119	0.1735036049	0.1745960158	0.1756994627	0.1768138542	0.1779390896	0.1790750580	0.1802216380	0.1813786974	0.1825460925	0.1837236679	0.1849112556	0.1861086750	0.1873157320	0.1885322187	0.1897579128	0.1909925772	0.1922359594	0.1934877908	0.1947477866	0.1960156448	0.1972910459	0.1985736523	0.1998631080	0.2011590375	0.2024610461	0.2037687185	0.2050816192	0.2063992911	0.2077212559	0.2090470127	0.2103760386	0.2117077874	0.2130416897	0.2143771523	0.2157135580	0.2170502654	0.2183866081	0.2197218953	0.2210554108	0.2223864136	0.2237141373	0.2250377901	0.2263565553	0.2276695908	0.2289760296	0.2302749801	0.2315655262	0.2328467277	0.2341176210	0.2353772192	0.2366245134	0.2378584727	0.2390780457	0.2402821608	0.2414697277	0.2426396384	0.2437907682	0.2449219773	0.2460321122	0.2471200070	0.2481844854	0.2492243620	0.2502384447	0.2512255362	0.2521844361	0.2531139435	0.2540128584	0.2548799849	0.2557141329	0.2565141209	0.2572787788	0.2580069497	0.2586974934	0.2593492887	0.2599612361	0.2605322606	0.2610613144	0.2615473801	0.2619894728	0.2623866433	0.2627379806	0.2630426146	0.2632997188	0.2635085127	0.2636682646	0.2637782933	0.2638379709	0.2638467248	0.2638040398	0.2637094597	0.2635625891	0.2633630953	0.2631107093	0.2628052270	0.2624465105	0.2620344889	0.2615691587	0.2610505843	0.2604788987	0.2598543027	0.2591770655	0.2584475237	0.2576660814	0.2568332086	0.2559494408	0.2550153776	0.2540316812	0.2529990750	0.2519183420	0.2507903222	0.2496159114	0.2483960584	0.2471317626	0.2458240719	0.2444740797	0.2430829224	0.2416517762	0.2401818548	0.2386744059	0.2371307085	0.2355520696	0.2339398212	0.2322953172	0.2306199305	0.2289150495	0.2271820752	0.2254224183	0.2236374960	0.2218287292	0.2199975397	0.2181453473	0.2162735668	0.2143836060	0.2124768630	0.2105547233	0.2086185581	0.2066697220	0.2047095507	0.2027393595	0.2007604410	0.1987740637	0.1967814705	0.1947838774	0.1927824716	0.1907784113	0.1887728237	0.1867668048	0.1847614184	0.1827576951	0.1807566325	0.1787591939	0.1767663086	0.1747788714	0.1727977426	0.1708237476	0.1688576775	0.1669002889	0.1649523040	0.1630144113	0.1610872655	0.1591714881	0.1572676679	0.1553763617	0.1534980943	0.1516333596	0.1497826213	0.1479463131	0.1461248400	0.1443185785	0.1425278778	0.1407530602	0.1389944222	0.1372522353	0.1355267463	0.1338181788	0.1321267337	0.1304525901	0.1287959058	0.1271568185	0.1255354466	0.1239318897	0.1223462296	0.1207785310	0.1192288423	0.1176971964	0.1161836112	0.1146880907	0.1132106254	0.1117511929	0.1103097590	0.1088862779	0.1074806931	0.1060929379	0.1047229359	0.1033706018	0.1020358419	0.1007185543	0.0994186300	0.0981359529	0.0968704005	0.0956218442	0.0943901501	0.0931751789	0.0919767868	0.0907948255	0.0896291428	0.0884795831	0.0873459872	0.0862281931	0.0851260361	0.0840393495	0.0829679639	0.0819117088	0.0808704116	0.0798438986	0.0788319951	0.0778345254	0.0768513133	0.0758821818	0.0749269540	0.0739854526	0.0730575003	0.0721429203	0.0712415359	0.0703531707	0.0694776492	0.0686147964	0.0677644382	0.0669264014	0.0661005137	0.0652866039	0.0644845021	0.0636940395
0.1484529136	0.1492600838	0.1500785731	0.1509084236	0.1517496757	0.1526023673	0.1534665342	0.1543422093	0.1552294228	0.1561282018	0.1570385703	0.1579605484	0.1588941529	0.1598393963	0.1607962867	0.1617648281	0.1627450191	0.1637368534	0.1647403195	0.1657553996	0.1667820701	0.1678203011	0.1688700556	0.1699312895	0.1710039514	0.1720879817	0.1731833127	0.1742898679	0.1754075616	0.1765362986	0.1776759737	0.1788264713	0.1799876646	0.1811594157	0.1823415747	0.1835339794	0.1847364545	0.1859488116	0.1871708482	0.1884023473	0.1896430773	0.1908927905	0.1921512237	0.1934180969	0.1946931127	0.1959759563	0.1972662945	0.1985637754	0.1998680277	0.2011786601	0.2024952609	0.2038173975	0.2051446159	0.2064764400	0.2078123712	0.2091518880	0.2104944458	0.2118394757	0.2131863851	0.2145345567	0.2158833480	0.2172320919	0.2185800955	0.2199266403	0.2212709822	0.2226123510	0.2239499508	0.2252829595	0.2266105294	0.2279317869	0.2292458331	0.2305517436	0.2318485694	0.2331353371	0.2344110493	0.2356746854	0.2369252025	0.2381615358	0.2393825998	0.2405872894	0.2417744806	0.2429430322	0.2440917871	0.2452195733	0.2463252059	0.2474074887	0.2484652159	0.2494971738	0.2505021431	0.2514789009	0.2524262228	0.2533428851	0.2542276675	0.2550793553	0.2558967417	0.2566786311	0.2574238412	0.2581312057	0.2587995776	0.2594278313	0.2600148660	0.2605596084	0.2610610154	0.2615180771	0.2619298195	0.2622953075	0.2626136474	0.2628839900	0.2631055325	0.2632775219	0.2633992568	0.2634700901	0.2634894311	0.2634567475	0.2633715673	0.2632334810	0.2630421427	0.2627972718	0.2624986542	0.2621461435	0.2617396616	0.2612791997	0.2607648186	0.2601966489	0.2595748910	0.2588998153	0.2581717613	0.2573911373	0.2565584196	0.2556741514	0.2547389414	0.2537534626	0.2527184509	0.2516347025	0.2505030730	0.2493244742	0.2480998726	0.2468302866	0.2455167839	0.2441604788	0.2427625295	0.2413241353	0.2398465330	0.2383309948	0.2367788243	0.2351913537	0.2335699409	0.2319159658	0.2302308273	0.2285159401	0.2267727318	0.2250026393	0.2232071061	0.2213875791	0.2195455057	0.2176823310	0.2157994948	0.2138984294	0.2119805565	0.2100472850	0.2081000085	0.2061401036	0.2041689270	0.2021878140	0.2001980769	0.1982010026	0.1961978518	0.1941898570	0.1921782214	0.1901641179	0.1881486878	0.1861330400	0.1841182502	0.1821053604	0.1800953782	0.1780892761	0.1760879919	0.1740924278	0.1721034505	0.1701218915	0.1681485466	0.1661841767	0.1642295073	0.1622852295	0.1603520000	0.1584304416	0.1565211437	0.1546246629	0.1527415238	0.1508722189	0.1490172103	0.1471769297	0.1453517793	0.1435421328	0.1417483358	0.1399707070	0.1382095388	0.1364650981	0.1347376273	0.1330273449	0.1313344466	0.1296591062	0.1280014760	0.1263616880	0.1247398547	0.1231360698	0.1215504091	0.1199829311	0.1184336782	0.1169026769	0.1153899391	0.1138954623	0.1124192309	0.1109612163	0.1095213780	0.1080996641	0.1066960120	0.1053103489	0.1039425924	0.1025926514	0.1012604262	0.0999458094	0.0986486860	0.0973689345	0.0961064269	0.0948610293	0.0936326025	0.0924210021	0.0912260792	0.0900476807	0.0888856496	0.0877398253	0.0866100444	0.0854961404	0.0843979443	0.0833152850	0.0822479892	0.0811958823	0.0801587879	0.0791365287	0.0781289262	0.0771358014	0.0761569744	0.0751922653	0.0742414937	0.0733044793	0.0723810422	0.0714710023	0.0705741802	0.0696903972	0.0688194750	0.0679612361	0.0671155042	0.0662821036	0.0654608600	0.0646516002	0.0638541521	0.0630683450
0.1469845323	0.1477912412	0.1486093329	0.1494388537	0.1502798476	0.1511323567	0.1519964206	0.1528720765	0.1537593589	0.1546582992	0.1555689256	0.1564912631	0.1574253327	0.1583711517	0.1593287331	0.1602980855	0.1612792125	0.1622721130	0.1632767802	0.1642932018	0.1653213593	0.1663612280	0.1674127764	0.1684759658	0.1695507502	0.1706370757	0.1717348802	0.1728440926	0.1739646332	0.1750964123	0.1762393305	0.1773932780	0.1785581337	0.1797337656	0.1809200295	0.1821167688	0.1833238142	0.1845409827	0.1857680775	0.1870048873	0.1882511858	0.1895067308	0.1907712642	0.1920445112	0.1933261794	0.1946159590	0.1959135212	0.1972185187	0.1985305843	0.1998493308	0.2011743501	0.2025052132	0.2038414690	0.2051826443	0.2065282429	0.2078777455	0.2092306087	0.2105862653	0.2119441231	0.2133035649	0.2146639484	0.2160246052	0.2173848411	0.2187439357	0.2201011421	0.2214556870	0.2228067703	0.2241535655	0.2254952191	0.2268308517	0.2281595572	0.2294804035	0.2307924332	0.2320946634	0.2333860864	0.2346656707	0.2359323613	0.2371850807	0.2384227295	0.2396441881	0.2408483172	0.2420339591	0.2431999395	0.2443450685	0.2454681423	0.2465679450	0.2476432503	0.2486928235	0.2497154233	0.2507098043	0.2516747188	0.2526089196	0.2535111619	0.2543802063	0.2552148211	0.2560137850	0.2567758901	0.2574999442	0.2581847743	0.2588292288	0.2594321811	0.2599925318	0.2605092124	0.2609811877	0.2614074590	0.2617870667	0.2621190934	0.2624026668	0.2626369621	0.2628212045	0.2629546725	0.2630366993	0.2630666760	0.2630440530	0.2629683427	0.2628391208	0.2626560283	0.2624187728	0.2621271301	0.2617809448	0.2613801320	0.2609246772	0.2604146372	0.2598501405	0.2592313869	0.2585586477	0.2578322653	0.2570526523	0.2562202911	0.2553357322	0.2543995938	0.2534125596	0.2523753775	0.2512888576	0.2501538702	0.2489713438	0.2477422624	0.2464676632	0.2451486337	0.2437863092	0.2423818699	0.2409365376	0.2394515730	0.2379282720	0.2363679633	0.2347720043	0.2331417785	0.2314786918	0.2297841693	0.2280596522	0.2263065941	0.2245264585	0.2227207148	0.2208908360	0.2190382951	0.2171645624	0.2152711026	0.2133593722	0.2114308166	0.2094868679	0.2075289421	0.2055584372	0.2035767310	0.2015851789	0.1995851122	0.1975778362	0.1955646290	0.1935467396	0.1915253868	0.1895017580	0.1874770082	0.1854522590	0.1834285978	0.1814070774	0.1793887152	0.1773744928	0.1753653557	0.1733622135	0.1713659391	0.1693773694	0.1673973049	0.1654265100	0.1634657135	0.1615156088	0.1595768541	0.1576500732	0.1557358558	0.1538347582	0.1519473039	0.1500739842	0.1482152591	0.1463715579	0.1445432801	0.1427307959	0.1409344473	0.1391545489	0.1373913889	0.1356452295	0.1339163080	0.1322048381	0.1305110099	0.1288349917	0.1271769300	0.1255369510	0.1239151612	0.1223116482	0.1207264816	0.1191597138	0.1176113806	0.1160815025	0.1145700849	0.1130771190	0.1116025829	0.1101464416	0.1087086485	0.1072891453	0.1058878634	0.1045047237	0.1031396381	0.1017925092	0.1004632316	0.0991516920	0.0978577701	0.0965813385	0.0953222638	0.0940804068	0.0928556230	0.0916477630	0.0904566728	0.0892821944	0.0881241661	0.0869824227	0.0858567962	0.0847471157	0.0836532079	0.0825748976	0.0815120075	0.0804643591	0.0794317722	0.0784140657	0.0774110578	0.0764225657	0.0754484066	0.0744883970	0.0735423537	0.0726100934	0.0716914330	0.0707861900	0.0698941822	0.0690152281	0.0681491472	0.0672957596	0.0664548866	0.0656263504	0.0648099746	0.0640055838	0.0632130041	0.0624320631
0.1454904339	0.1462963495	0.1471137070	0.1479425563	0.1487829452	0.1496349199	0.1504985240	0.1513737988	0.1522607830	0.1531595123	0.1540700193	0.1549923335	0.1559264805	0.1568724823	0.1578303565	0.1588001166	0.1597817713	0.1607753242	0.1617807738	0.1627981129	0.1638273283	0.1648684006	0.1659213038	0.1669860045	0.1680624625	0.1691506292	0.1702504483	0.1713618545	0.1724847737	0.1736191222	0.1747648063	0.1759217220	0.1770897543	0.1782687769	0.1794586515	0.1806592276	0.1818703415	0.1830918161	0.1843234606	0.1855650691	0.1868164211	0.1880772801	0.1893473933	0.1906264913	0.1919142871	0.1932104757	0.1945147334	0.1958267174	0.1971460652	0.1984723937	0.1998052991	0.2011443558	0.2024891164	0.2038391106	0.2051938451	0.2065528029	0.2079154427	0.2092811986	0.2106494797	0.2120196695	0.2133911255	0.2147631791	0.2161351350	0.2175062712	0.2188758386	0.2202430609	0.2216071345	0.2229672286	0.2243224849	0.2256720179	0.2270149152	0.2283502375	0.2296770189	0.2309942677	0.2323009664	0.2335960728	0.2348785202	0.2361472187	0.2374010556	0.2386388971	0.2398595886	0.2410619566	0.2422448097	0.2434069403	0.2445471261	0.2456641318	0.2467567108	0.2478236074	0.2488635588	0.2498752969	0.2508575513	0.2518090509	0.2527285269	0.2536147152	0.2544663591	0.2552822118	0.2560610398	0.2568016250	0.2575027683	0.2581632923	0.2587820440	0.2593578986	0.2598897616	0.2603765726	0.2608173078	0.2612109834	0.2615566581	0.2618534363	0.2621004708	0.2622969654	0.2624421778	0.2625354218	0.2625760699	0.2625635552	0.2624973742	0.2623770877	0.2622023234	0.2619727771	0.2616882142	0.2613484705	0.2609534536	0.2605031436	0.2599975931	0.2594369283	0.2588213483	0.2581511254	0.2574266044	0.2566482025	0.2558164076	0.2549317782	0.2539949412	0.2530065911	0.2519674879	0.2508784554	0.2497403788	0.2485542029	0.2473209292	0.2460416137	0.2447173638	0.2433493357	0.2419387313	0.2404867952	0.2389948115	0.2374641004	0.2358960151	0.2342919384	0.2326532793	0.2309814697	0.2292779608	0.2275442199	0.2257817271	0.2239919719	0.2221764500	0.2203366600	0.2184741005	0.2165902669	0.2146866487	0.2127647263	0.2108259689	0.2088718312	0.2069037517	0.2049231497	0.2029314237	0.2009299488	0.1989200754	0.1969031268	0.1948803983	0.1928531549	0.1908226309	0.1887900278	0.1867565141	0.1847232236	0.1826912553	0.1806616722	0.1786355014	0.1766137330	0.1745973202	0.1725871794	0.1705841894	0.1685891920	0.1666029921	0.1646263576	0.1626600199	0.1607046743	0.1587609803	0.1568295622	0.1549110099	0.1530058787	0.1511146912	0.1492379368	0.1473760733	0.1455295272	0.1436986948	0.1418839427	0.1400856092	0.1383040045	0.1365394121	0.1347920893	0.1330622685	0.1313501578	0.1296559418	0.1279797830	0.1263218221	0.1246821792	0.1230609547	0.1214582298	0.1198740679	0.1183085150	0.1167616006	0.1152333386	0.1137237280	0.1122327537	0.1107603873	0.1093065875	0.1078713013	0.1064544642	0.1050560013	0.1036758275	0.1023138485	0.1009699611	0.0996440539	0.0983360080	0.0970456971	0.0957729886	0.0945177435	0.0932798173	0.0920590602	0.0908553178	0.0896684311	0.0884982373	0.0873445700	0.0862072593	0.0850861328	0.0839810152	0.0828917291	0.0818180952	0.0807599321	0.0797170575	0.0786892876	0.0776764376	0.0766783222	0.0756947553	0.0747255508	0.0737705222	0.0728294830	0.0719022472	0.0709886290	0.0700884429	0.0692015043	0.0683276292	0.0674666346	0.0666183385	0.0657825597	0.0649591185	0.0641478364	0.0633485361	0.0625610419	0.0617851794
0.1439705763	0.1447753618	0.1455916430	0.1464194734	0.1472589049	0.1481099874	0.1489727686	0.1498472939	0.1507336061	0.1516317454	0.1525417486	0.1534636496	0.1543974786	0.1553432623	0.1563010231	0.1572707792	0.1582525443	0.1592463270	0.1602521309	0.1612699540	0.1622997884	0.1633416200	0.1643954281	0.1654611851	0.1665388562	0.1676283986	0.1687297615	0.1698428856	0.1709677025	0.1721041344	0.1732520936	0.1744114820	0.1755821905	0.1767640990	0.1779570751	0.1791609742	0.1803756388	0.1816008979	0.1828365662	0.1840824441	0.1853383168	0.1866039535	0.1878791072	0.1891635141	0.1904568925	0.1917589427	0.1930693464	0.1943877656	0.1957138425	0.1970471988	0.1983874347	0.1997341289	0.2010868375	0.2024450939	0.2038084078	0.2051762648	0.2065481262	0.2079234279	0.2093015804	0.2106819682	0.2120639494	0.2134468553	0.2148299901	0.2162126304	0.2175940254	0.2189733964	0.2203499366	0.2217228114	0.2230911578	0.2244540852	0.2258106749	0.2271599808	0.2285010294	0.2298328202	0.2311543265	0.2324644956	0.2337622498	0.2350464870	0.2363160817	0.2375698861	0.2388067309	0.2400254268	0.2412247661	0.2424035235	0.2435604586	0.2446943169	0.2458038318	0.2468877269	0.2479447180	0.2489735148	0.2499728239	0.2509413510	0.2518778031	0.2527808916	0.2536493348	0.2544818608	0.2552772102	0.2560341394	0.2567514230	0.2574278577	0.2580622646	0.2586534927	0.2592004221	0.2597019670	0.2601570785	0.2605647484	0.2609240113	0.2612339484	0.2614936901	0.2617024185	0.2618593704	0.2619638402	0.2620151815	0.2620128103	0.2619562066	0.2618449167	0.2616785547	0.2614568044	0.2611794206	0.2608462302	0.2604571336	0.2600121047	0.2595111924	0.2589545200	0.2583422861	0.2576747636	0.2569523001	0.2561753166	0.2553443072	0.2544598374	0.2535225435	0.2525331303	0.2514923699	0.2504010996	0.2492602195	0.2480706905	0.2468335318	0.2455498177	0.2442206757	0.2428472827	0.2414308623	0.2399726818	0.2384740485	0.2369363068	0.2353608344	0.2337490394	0.2321023561	0.2304222423	0.2287101753	0.2269676484	0.2251961679	0.2233972493	0.2215724143	0.2197231871	0.2178510916	0.2159576483	0.2140443710	0.2121127643	0.2101643204	0.2082005170	0.2062228144	0.2042326531	0.2022314520	0.2002206058	0.1982014834	0.1961754262	0.1941437459	0.1921077238	0.1900686088	0.1880276167	0.1859859286	0.1839446905	0.1819050125	0.1798679677	0.1778345921	0.1758058843	0.1737828047	0.1717662760	0.1697571826	0.1677563711	0.1657646501	0.1637827906	0.1618115263	0.1598515542	0.1579035347	0.1559680922	0.1540458162	0.1521372612	0.1502429481	0.1483633642	0.1464989648	0.1446501734	0.1428173827	0.1410009557	0.1392012263	0.1374185002	0.1356530559	0.1339051459	0.1321749970	0.1304628117	0.1287687691	0.1270930254	0.1254357155	0.1237969531	0.1221768324	0.1205754282	0.1189927975	0.1174289796	0.1158839978	0.1143578593	0.1128505566	0.1113620681	0.1098923589	0.1084413814	0.1070090760	0.1055953722	0.1042001886	0.1028234340	0.1014650082	0.1001248018	0.0988026977	0.0974985711	0.0962122902	0.0949437167	0.0936927063	0.0924591092	0.0912427704	0.0900435304	0.0888612253	0.0876956876	0.0865467460	0.0854142264	0.0842979517	0.0831977425	0.0821134171	0.0810447923	0.0799916828	0.0789539025	0.0779312639	0.0769235787	0.0759306583	0.0749523132	0.0739883541	0.0730385916	0.0721028363	0.0711808991	0.0702725916	0.0693777258	0.0684961144	0.0676275713	0.0667719109	0.0659289489	0.0650985023	0.0642803893	0.0634744292	0.0626804431	0.0618982534	0.0611276842
0.1424249286	0.1432282419	0.1440430994	0.1448695584	0.1457076743	0.1465575011	0.1474190904	0.1482924916	0.1491777517	0.1500749151	0.1509840230	0.1519051137	0.1528382220	0.1537833791	0.1547406123	0.1557099444	0.1566913942	0.1576849752	0.1586906962	0.1597085603	0.1607385648	0.1617807012	0.1628349542	0.1639013017	0.1649797144	0.1660701553	0.1671725794	0.1682869332	0.1694131543	0.1705511706	0.1717009006	0.1728622522	0.1740351225	0.1752193973	0.1764149504	0.1776216434	0.1788393249	0.1800678299	0.1813069794	0.1825565799	0.1838164224	0.1850862822	0.1863659182	0.1876550722	0.1889534684	0.1902608126	0.1915767918	0.1929010732	0.1942333043	0.1955731113	0.1969200992	0.1982738510	0.1996339270	0.2009998642	0.2023711757	0.2037473504	0.2051278521	0.2065121191	0.2078995638	0.2092895721	0.2106815028	0.2120746878	0.2134684309	0.2148620082	0.2162546674	0.2176456276	0.2190340797	0.2204191853	0.2218000776	0.2231758610	0.2245456111	0.2259083755	0.2272631733	0.2286089959	0.2299448078	0.2312695462	0.2325821229	0.2338814241	0.2351663116	0.2364356243	0.2376881783	0.2389227694	0.2401381734	0.2413331481	0.2425064349	0.2436567607	0.2447828393	0.2458833738	0.2469570586	0.2480025818	0.2490186272	0.2500038771	0.2509570150	0.2518767278	0.2527617090	0.2536106615	0.2544223005	0.2551953564	0.2559285782	0.2566207364	0.2572706263	0.2578770710	0.2584389249	0.2589550768	0.2594244528	0.2598460201	0.2602187896	0.2605418190	0.2608142160	0.2610351411	0.2612038105	0.2613194985	0.2613815404	0.2613893344	0.2613423444	0.2612401016	0.2610822068	0.2608683316	0.2605982201	0.2602716903	0.2598886348	0.2594490220	0.2589528963	0.2584003785	0.2577916661	0.2571270329	0.2564068288	0.2556314790	0.2548014831	0.2539174141	0.2529799169	0.2519897070	0.2509475683	0.2498543513	0.2487109712	0.2475184047	0.2462776884	0.2449899153	0.2436562323	0.2422778371	0.2408559748	0.2393919353	0.2378870490	0.2363426842	0.2347602432	0.2331411589	0.2314868912	0.2297989233	0.2280787584	0.2263279158	0.2245479277	0.2227403356	0.2209066867	0.2190485308	0.2171674169	0.2152648903	0.2133424890	0.2114017411	0.2094441623	0.2074712523	0.2054844932	0.2034853466	0.2014752512	0.1994556212	0.1974278438	0.1953932775	0.1933532510	0.1913090608	0.1892619705	0.1872132093	0.1851639711	0.1831154136	0.1810686574	0.1790247854	0.1769848423	0.1749498345	0.1729207294	0.1708984555	0.1688839026	0.1668779213	0.1648813239	0.1628948841	0.1609193374	0.1589553821	0.1570036790	0.1550648527	0.1531394916	0.1512281490	0.1493313438	0.1474495612	0.1455832534	0.1437328405	0.1418987116	0.1400812256	0.1382807117	0.1364974709	0.1347317768	0.1329838764	0.1312539908	0.1295423170	0.1278490278	0.1261742736	0.1245181827	0.1228808628	0.1212624014	0.1196628669	0.1180823096	0.1165207625	0.1149782419	0.1134547486	0.1119502685	0.1104647735	0.1089982220	0.1075505600	0.1061217217	0.1047116299	0.1033201971	0.1019473261	0.1005929103	0.0992568347	0.0979389761	0.0966392040	0.0953573809	0.0940933632	0.0928470010	0.0916181393	0.0904066181	0.0892122727	0.0880349345	0.0868744311	0.0857305867	0.0846032227	0.0834921577	0.0823972081	0.0813181881	0.0802549105	0.0792071863	0.0781748255	0.0771576372	0.0761554298	0.0751680110	0.0741951885	0.0732367697	0.0722925622	0.0713623738	0.0704460128	0.0695432880	0.0686540090	0.0677779860	0.0669150304	0.0660649547	0.0652275725	0.0644026984	0.0635901489	0.0627897415	0.0620012954	0.0612246314	0.0604595718
0.1408534708	0.1416549652	0.1424680467	0.1432927762	0.1441292132	0.1449774150	0.1458374375	0.1467093340	0.1475931555	0.1484889507	0.1493967652	0.1503166415	0.1512486191	0.1521927336	0.1531490170	0.1541174972	0.1550981975	0.1560911367	0.1570963285	0.1581137813	0.1591434978	0.1601854746	0.1612397019	0.1623061634	0.1633848353	0.1644756863	0.1655786773	0.1666937606	0.1678208796	0.1689599686	0.1701109519	0.1712737435	0.1724482468	0.1736343537	0.1748319444	0.1760408866	0.1772610351	0.1784922313	0.1797343025	0.1809870612	0.1822503048	0.1835238147	0.1848073558	0.1861006760	0.1874035052	0.1887155551	0.1900365182	0.1913660676	0.1927038555	0.1940495137	0.1954026519	0.1967628578	0.1981296960	0.1995027077	0.2008814098	0.2022652946	0.2036538290	0.2050464539	0.2064425840	0.2078416069	0.2092428829	0.2106457445	0.2120494959	0.2134534128	0.2148567419	0.2162587010	0.2176584784	0.2190552331	0.2204480945	0.2218361625	0.2232185079	0.2245941719	0.2259621670	0.2273214770	0.2286710578	0.2300098374	0.2313367172	0.2326505721	0.2339502520	0.2352345826	0.2365023663	0.2377523838	0.2389833951	0.2401941416	0.2413833469	0.2425497195	0.2436919538	0.2448087330	0.2458987305	0.2469606127	0.2479930411	0.2489946752	0.2499641746	0.2509002022	0.2518014270	0.2526665268	0.2534941915	0.2542831258	0.2550320531	0.2557397180	0.2564048897	0.2570263659	0.2576029751	0.2581335808	0.2586170843	0.2590524282	0.2594385993	0.2597746322	0.2600596119	0.2602926774	0.2604730238	0.2605999057	0.2606726397	0.2606906065	0.2606532536	0.2605600974	0.2604107249	0.2602047956	0.2599420429	0.2596222757	0.2592453789	0.2588113151	0.2583201241	0.2577719242	0.2571669118	0.2565053613	0.2557876249	0.2550141317	0.2541853868	0.2533019705	0.2523645363	0.2513738100	0.2503305873	0.2492357320	0.2480901736	0.2468949051	0.2456509799	0.2443595095	0.2430216603	0.2416386503	0.2402117463	0.2387422602	0.2372315456	0.2356809945	0.2340920333	0.2324661199	0.2308047390	0.2291093995	0.2273816301	0.2256229759	0.2238349948	0.2220192537	0.2201773256	0.2183107853	0.2164212068	0.2145101596	0.2125792059	0.2106298971	0.2086637716	0.2066823514	0.2046871398	0.2026796190	0.2006612475	0.1986334582	0.1965976565	0.1945552179	0.1925074872	0.1904557760	0.1884013620	0.1863454879	0.1842893596	0.1822341460	0.1801809780	0.1781309477	0.1760851084	0.1740444735	0.1720100172	0.1699826736	0.1679633369	0.1659528620	0.1639520640	0.1619617189	0.1599825639	0.1580152980	0.1560605822	0.1541190405	0.1521912604	0.1502777935	0.1483791563	0.1464958313	0.1446282676	0.1427768816	0.1409420585	0.1391241525	0.1373234884	0.1355403620	0.1337750415	0.1320277683	0.1302987579	0.1285882011	0.1268962647	0.1252230926	0.1235688071	0.1219335089	0.1203172792	0.1187201798	0.1171422541	0.1155835286	0.1140440128	0.1125237009	0.1110225720	0.1095405915	0.1080777112	0.1066338706	0.1052089973	0.1038030080	0.1024158088	0.1010472964	0.0996973581	0.0983658728	0.0970527117	0.0957577384	0.0944808101	0.0932217773	0.0919804850	0.0907567731	0.0895504762	0.0883614249	0.0871894458	0.0860343618	0.0848959925	0.0837741549	0.0826686635	0.0815793303	0.0805059658	0.0794483786	0.0784063763	0.0773797652	0.0763683509	0.0753719384	0.0743903322	0.0734233369	0.0724707570	0.0715323971	0.0706080623	0.0696975583	0.0688006913	0.0679172684	0.0670470977	0.0661899883	0.0653457504	0.0645141957	0.0636951370	0.0628883886	0.0620937666	0.0613110883	0.0605401729	0.0597808415
0.1392561945	0.1400555184	0.1408664668	0.1416891041	0.1425234932	0.1433696956	0.1442277707	0.1450977759	0.1459797664	0.1468737948	0.1477799111	0.1486981621	0.1496285918	0.1505712404	0.1515261445	0.1524933368	0.1534728454	0.1544646942	0.1554689019	0.1564854821	0.1575144427	0.1585557858	0.1596095070	0.1606755956	0.1617540334	0.1628447950	0.1639478469	0.1650631475	0.1661906462	0.1673302833	0.1684819891	0.1696456841	0.1708212776	0.1720086681	0.1732077419	0.1744183731	0.1756404231	0.1768737395	0.1781181559	0.1793734913	0.1806395495	0.1819161181	0.1832029683	0.1844998541	0.1858065116	0.1871226585	0.1884479932	0.1897821943	0.1911249200	0.1924758070	0.1938344706	0.1952005032	0.1965734741	0.1979529291	0.1993383892	0.2007293503	0.2021252829	0.2035256310	0.2049298118	0.2063372153	0.2077472033	0.2091591096	0.2105722392	0.2119858678	0.2133992416	0.2148115774	0.2162220617	0.2176298510	0.2190340717	0.2204338197	0.2218281610	0.2232161315	0.2245967373	0.2259689553	0.2273317331	0.2286839899	0.2300246173	0.2313524796	0.2326664151	0.2339652368	0.2352477337	0.2365126721	0.2377587966	0.2389848324	0.2401894860	0.2413714477	0.2425293932	0.2436619858	0.2447678784	0.2458457162	0.2468941386	0.2479117824	0.2488972839	0.2498492823	0.2507664220	0.2516473562	0.2524907496	0.2532952816	0.2540596499	0.2547825734	0.2554627958	0.2560990888	0.2566902557	0.2572351346	0.2577326021	0.2581815761	0.2585810198	0.2589299443	0.2592274124	0.2594725410	0.2596645046	0.2598025382	0.2598859394	0.2599140715	0.2598863657	0.2598023234	0.2596615178	0.2594635964	0.2592082818	0.2588953735	0.2585247491	0.2580963648	0.2576102563	0.2570665388	0.2564654076	0.2558071378	0.2550920835	0.2543206777	0.2534934310	0.2526109304	0.2516738384	0.2506828905	0.2496388942	0.2485427262	0.2473953305	0.2461977156	0.2449509520	0.2436561694	0.2423145532	0.2409273418	0.2394958231	0.2380213310	0.2365052419	0.2349489712	0.2333539694	0.2317217188	0.2300537290	0.2283515340	0.2266166878	0.2248507610	0.2230553368	0.2212320076	0.2193823714	0.2175080279	0.2156105757	0.2136916084	0.2117527117	0.2097954603	0.2078214147	0.2058321188	0.2038290969	0.2018138513	0.1997878599	0.1977525742	0.1957094169	0.1936597805	0.1916050252	0.1895464775	0.1874854288	0.1854231345	0.1833608123	0.1812996420	0.1792407642	0.1771852798	0.1751342501	0.1730886955	0.1710495961	0.1690178912	0.1669944794	0.1649802189	0.1629759276	0.1609823832	0.1590003243	0.1570304502	0.1550734217	0.1531298619	0.1512003567	0.1492854558	0.1473856732	0.1455014883	0.1436333466	0.1417816607	0.1399468113	0.1381291481	0.1363289907	0.1345466297	0.1327823278	0.1310363205	0.1293088174	0.1276000030	0.1259100378	0.1242390594	0.1225871833	0.1209545037	0.1193410950	0.1177470123	0.1161722923	0.1146169545	0.1130810018	0.1115644216	0.1100671864	0.1085892546	0.1071305718	0.1056910706	0.1042706725	0.1028692876	0.1014868159	0.1001231477	0.0987781644	0.0974517391	0.0961437369	0.0948540161	0.0935824279	0.0923288177	0.0910930252	0.0898748850	0.0886742268	0.0874908764	0.0863246554	0.0851753822	0.0840428722	0.0829269379	0.0818273895	0.0807440352	0.0796766815	0.0786251332	0.0775891943	0.0765686675	0.0755633551	0.0745730589	0.0735975803	0.0726367207	0.0716902819	0.0707580657	0.0698398745	0.0689355114	0.0680447803	0.0671674860	0.0663034342	0.0654524320	0.0646142876	0.0637888106	0.0629758121	0.0621751047	0.0613865027	0.0606098219	0.0598448801	0.0590914967
0.1376331027	0.1384299004	0.1392383538	0.1400585311	0.1408904987	0.1417343218	0.1425900636	0.1434577855	0.1443375465	0.1452294034	0.1461334104	0.1470496187	0.1479780765	0.1489188288	0.1498719166	0.1508373774	0.1518152442	0.1528055457	0.1538083058	0.1548235431	0.1558512709	0.1568914967	0.1579442215	0.1590094401	0.1600871400	0.1611773016	0.1622798973	0.1633948913	0.1645222392	0.1656618872	0.1668137720	0.1679778201	0.1691539474	0.1703420586	0.1715420464	0.1727537915	0.1739771615	0.1752120108	0.1764581794	0.1777154928	0.1789837613	0.1802627790	0.1815523235	0.1828521552	0.1841620165	0.1854816313	0.1868107041	0.1881489194	0.1894959413	0.1908514123	0.1922149529	0.1935861609	0.1949646108	0.1963498527	0.1977414124	0.1991387899	0.2005414595	0.2019488686	0.2033604375	0.2047755587	0.2061935963	0.2076138857	0.2090357329	0.2104584143	0.2118811762	0.2133032346	0.2147237747	0.2161419513	0.2175568878	0.2189676770	0.2203733806	0.2217730296	0.2231656243	0.2245501349	0.2259255017	0.2272906354	0.2286444184	0.2299857048	0.2313133217	0.2326260702	0.2339227263	0.2352020423	0.2364627480	0.2377035528	0.2389231466	0.2401202019	0.2412933761	0.2424413131	0.2435626458	0.2446559984	0.2457199886	0.2467532310	0.2477543389	0.2487219278	0.2496546184	0.2505510391	0.2514098299	0.2522296450	0.2530091568	0.2537470587	0.2544420689	0.2550929336	0.2556984308	0.2562573737	0.2567686139	0.2572310451	0.2576436068	0.2580052870	0.2583151258	0.2585722188	0.2587757198	0.2589248438	0.2590188699	0.2590571439	0.2590390808	0.2589641668	0.2588319618	0.2586421007	0.2583942955	0.2580883366	0.2577240938	0.2573015171	0.2568206377	0.2562815680	0.2556845021	0.2550297153	0.2543175639	0.2535484843	0.2527229925	0.2518416825	0.2509052247	0.2499143650	0.2488699219	0.2477727850	0.2466239123	0.2454243280	0.2441751192	0.2428774333	0.2415324747	0.2401415018	0.2387058232	0.2372267947	0.2357058151	0.2341443228	0.2325437922	0.2309057294	0.2292316688	0.2275231691	0.2257818093	0.2240091850	0.2222069044	0.2203765851	0.2185198495	0.2166383222	0.2147336257	0.2128073774	0.2108611861	0.2088966493	0.2069153495	0.2049188518	0.2029087011	0.2008864194	0.1988535037	0.1968114234	0.1947616184	0.1927054973	0.1906444356	0.1885797741	0.1865128175	0.1844448333	0.1823770507	0.1803106598	0.1782468104	0.1761866121	0.1741311332	0.1720814009	0.1700384008	0.1680030769	0.1659763317	0.1639590264	0.1619519810	0.1599559749	0.1579717472	0.1559999973	0.1540413855	0.1520965335	0.1501660254	0.1482504085	0.1463501940	0.1444658577	0.1425978415	0.1407465536	0.1389123702	0.1370956359	0.1352966651	0.1335157430	0.1317531263	0.1300090446	0.1282837012	0.1265772744	0.1248899181	0.1232217633	0.1215729187	0.1199434719	0.1183334904	0.1167430223	0.1151720976	0.1136207289	0.1120889123	0.1105766283	0.1090838427	0.1076105073	0.1061565608	0.1047219295	0.1033065283	0.1019102611	0.1005330215	0.0991746937	0.0978351532	0.0965142670	0.0952118947	0.0939278886	0.0926620948	0.0914143531	0.0901844981	0.0889723592	0.0877777613	0.0866005252	0.0854404681	0.0842974039	0.0831711433	0.0820614949	0.0809682648	0.0798912571	0.0788302745	0.0777851184	0.0767555889	0.0757414857	0.0747426075	0.0737587530	0.0727897207	0.0718353091	0.0708953171	0.0699695440	0.0690577895	0.0681598544	0.0672755402	0.0664046495	0.0655469859	0.0647023544	0.0638705613	0.0630514145	0.0622447233	0.0614502986	0.0606679532	0.0598975015	0.0591387597	0.0583915460
0.1359842106	0.1367781219	0.1375837143	0.1384010592	0.1392302268	0.1400712858	0.1409243031	0.1417893440	0.1426664715	0.1435557464	0.1444572269	0.1453709687	0.1462970242	0.1472354427	0.1481862701	0.1491495484	0.1501253155	0.1511136049	0.1521144456	0.1531278613	0.1541538705	0.1551924859	0.1562437143	0.1573075559	0.1583840038	0.1594730442	0.1605746554	0.1616888075	0.1628154621	0.1639545716	0.1651060791	0.1662699171	0.1674460081	0.1686342629	0.1698345811	0.1710468498	0.1722709431	0.1735067220	0.1747540332	0.1760127089	0.1772825659	0.1785634050	0.1798550104	0.1811571491	0.1824695699	0.1837920031	0.1851241597	0.1864657303	0.1878163850	0.1891757722	0.1905435183	0.1919192266	0.1933024768	0.1946928244	0.1960897997	0.1974929073	0.1989016256	0.2003154060	0.2017336721	0.2031558195	0.2045812148	0.2060091955	0.2074390692	0.2088701134	0.2103015748	0.2117326693	0.2131625814	0.2145904643	0.2160154393	0.2174365965	0.2188529937	0.2202636577	0.2216675836	0.2230637354	0.2244510463	0.2258284196	0.2271947286	0.2285488180	0.2298895043	0.2312155770	0.2325257997	0.2338189114	0.2350936276	0.2363486422	0.2375826290	0.2387942436	0.2399821252	0.2411448990	0.2422811781	0.2433895661	0.2444686599	0.2455170518	0.2465333327	0.2475160950	0.2484639355	0.2493754587	0.2502492800	0.2510840287	0.2518783523	0.2526309188	0.2533404212	0.2540055807	0.2546251501	0.2551979176	0.2557227104	0.2561983982	0.2566238968	0.2569981712	0.2573202394	0.2575891753	0.2578041122	0.2579642456	0.2580688360	0.2581172118	0.2581087717	0.2580429870	0.2579194041	0.2577376457	0.2574974130	0.2571984872	0.2568407303	0.2564240863	0.2559485816	0.2554143259	0.2548215118	0.2541704148	0.2534613932	0.2526948869	0.2518714168	0.2509915836	0.2500560659	0.2490656191	0.2480210730	0.2469233296	0.2457733608	0.2445722058	0.2433209681	0.2420208126	0.2406729624	0.2392786953	0.2378393406	0.2363562753	0.2348309202	0.2332647365	0.2316592219	0.2300159062	0.2283363479	0.2266221301	0.2248748563	0.2230961468	0.2212876344	0.2194509611	0.2175877739	0.2156997212	0.2137884493	0.2118555989	0.2099028016	0.2079316768	0.2059438289	0.2039408436	0.2019242860	0.1998956974	0.1978565930	0.1958084600	0.1937527549	0.1916909020	0.1896242914	0.1875542778	0.1854821786	0.1834092733	0.1813368017	0.1792659637	0.1771979180	0.1751337822	0.1730746314	0.1710214989	0.1689753753	0.1669372089	0.1649079057	0.1628883293	0.1608793015	0.1588816028	0.1568959726	0.1549231099	0.1529636738	0.1510182847	0.1490875243	0.1471719371	0.1452720311	0.1433882785	0.1415211168	0.1396709499	0.1378381489	0.1360230534	0.1342259722	0.1324471846	0.1306869413	0.1289454659	0.1272229551	0.1255195807	0.1238354901	0.1221708073	0.1205256342	0.1189000517	0.1172941201	0.1157078808	0.1141413568	0.1125945536	0.1110674606	0.1095600513	0.1080722848	0.1066041062	0.1051554475	0.1037262286	0.1023163578	0.1009257326	0.0995542405	0.0982017597	0.0968681595	0.0955533012	0.0942570386	0.0929792186	0.0917196816	0.0904782624	0.0892547903	0.0880490896	0.0868609806	0.0856902793	0.0845367984	0.0834003471	0.0822807323	0.0811777582	0.0800912268	0.0790209387	0.0779666927	0.0769282866	0.0759055173	0.0748981809	0.0739060732	0.0729289898	0.0719667263	0.0710190784	0.0700858423	0.0691668148	0.0682617933	0.0673705760	0.0664929624	0.0656287529	0.0647777491	0.0639397542	0.0631145726	0.0623020105	0.0615018756	0.0607139773	0.0599381268	0.0591741372	0.0584218235	0.0576810026
0.1343095456	0.1351002064	0.1359025673	0.1367167031	0.1375426876	0.1383805929	0.1392304897	0.1400924469	0.1409665315	0.1418528081	0.1427513391	0.1436621844	0.1445854006	0.1455210415	0.1464691575	0.1474297952	0.1484029972	0.1493888020	0.1503872433	0.1513983502	0.1524221463	0.1534586496	0.1545078722	0.1555698199	0.1566444917	0.1577318792	0.1588319667	0.1599447303	0.1610701377	0.1622081474	0.1633587086	0.1645217604	0.1656972315	0.1668850393	0.1680850900	0.1692972771	0.1705214816	0.1717575711	0.1730053992	0.1742648046	0.1755356109	0.1768176259	0.1781106404	0.1794144281	0.1807287445	0.1820533266	0.1833878918	0.1847321372	0.1860857392	0.1874483525	0.1888196094	0.1901991190	0.1915864668	0.1929812134	0.1943828945	0.1957910195	0.1972050714	0.1986245056	0.2000487498	0.2014772028	0.2029092344	0.2043441845	0.2057813628	0.2072200483	0.2086594887	0.2100989002	0.2115374670	0.2129743415	0.2144086434	0.2158394603	0.2172658472	0.2186868268	0.2201013896	0.2215084940	0.2229070672	0.2242960048	0.2256741723	0.2270404051	0.2283935099	0.2297322653	0.2310554229	0.2323617089	0.2336498250	0.2349184506	0.2361662436	0.2373918432	0.2385938711	0.2397709341	0.2409216261	0.2420445310	0.2431382247	0.2442012780	0.2452322600	0.2462297401	0.2471922919	0.2481184963	0.2490069443	0.2498562410	0.2506650090	0.2514318917	0.2521555570	0.2528347012	0.2534680523	0.2540543741	0.2545924695	0.2550811843	0.2555194110	0.2559060917	0.2562402226	0.2565208562	0.2567471055	0.2569181464	0.2570332212	0.2570916409	0.2570927881	0.2570361195	0.2569211677	0.2567475435	0.2565149374	0.2562231213	0.2558719495	0.2554613598	0.2549913741	0.2544620990	0.2538737256	0.2532265297	0.2525208711	0.2517571932	0.2509360217	0.2500579636	0.2491237056	0.2481340123	0.2470897243	0.2459917559	0.2448410924	0.2436387878	0.2423859616	0.2410837958	0.2397335317	0.2383364662	0.2368939487	0.2354073769	0.2338781935	0.2323078819	0.2306979623	0.2290499881	0.2273655414	0.2256462289	0.2238936784	0.2221095342	0.2202954534	0.2184531019	0.2165841505	0.2146902711	0.2127731334	0.2108344006	0.2088757267	0.2068987528	0.2049051041	0.2028963868	0.2008741854	0.1988400601	0.1967955440	0.1947421411	0.1926813242	0.1906145327	0.1885431709	0.1864686067	0.1843921699	0.1823151510	0.1802388003	0.1781643268	0.1760928978	0.1740256379	0.1719636290	0.1699079096	0.1678594751	0.1658192775	0.1637882256	0.1617671852	0.1597569795	0.1577583895	0.1557721544	0.1537989724	0.1518395013	0.1498943593	0.1479641256	0.1460493417	0.1441505119	0.1422681043	0.1404025520	0.1385542541	0.1367235764	0.1349108532	0.1331163873	0.1313404522	0.1295832924	0.1278451248	0.1261261398	0.1244265024	0.1227463530	0.1210858091	0.1194449654	0.1178238957	0.1162226536	0.1146412732	0.1130797705	0.1115381442	0.1100163766	0.1085144344	0.1070322699	0.1055698214	0.1041270144	0.1027037620	0.1012999664	0.0999155186	0.0985503000	0.0972041827	0.0958770301	0.0945686978	0.0932790338	0.0920078796	0.0907550702	0.0895204353	0.0883037989	0.0871049808	0.0859237962	0.0847600566	0.0836135703	0.0824841422	0.0813715750	0.0802756689	0.0791962221	0.0781330314	0.0770858921	0.0760545985	0.0750389443	0.0740387223	0.0730537253	0.0720837461	0.0711285773	0.0701880122	0.0692618443	0.0683498680	0.0674518783	0.0665676715	0.0656970448	0.0648397965	0.0639957266	0.0631646362	0.0623463284	0.0615406074	0.0607472796	0.0599661529	0.0591970373	0.0584397445	0.0576940883	0.0569598847
0.1326091475	0.1333961898	0.1341949449	0.1350054909	0.1358279048	0.1366622624	0.1375086377	0.1383671036	0.1392377306	0.1401205874	0.1410157403	0.1419232532	0.1428431872	0.1437756003	0.1447205472	0.1456780792	0.1466482437	0.1476310838	0.1486266383	0.1496349411	0.1506560211	0.1516899016	0.1527366001	0.1537961278	0.1548684893	0.1559536821	0.1570516963	0.1581625140	0.1592861087	0.1604224453	0.1615714793	0.1627331561	0.1639074107	0.1650941673	0.1662933384	0.1675048245	0.1687285131	0.1699642787	0.1712119816	0.1724714676	0.1737425672	0.1750250948	0.1763188483	0.1776236082	0.1789391370	0.1802651784	0.1816014565	0.1829476752	0.1843035173	0.1856686439	0.1870426937	0.1884252820	0.1898160000	0.1912144142	0.1926200656	0.1940324690	0.1954511122	0.1968754553	0.1983049300	0.1997389391	0.2011768558	0.2026180231	0.2040617531	0.2055073268	0.2069539933	0.2084009698	0.2098474408	0.2112925581	0.2127354405	0.2141751737	0.2156108104	0.2170413698	0.2184658383	0.2198831697	0.2212922851	0.2226920737	0.2240813933	0.2254590711	0.2268239042	0.2281746608	0.2295100816	0.2308288802	0.2321297455	0.2334113425	0.2346723142	0.2359112837	0.2371268560	0.2383176199	0.2394821510	0.2406190134	0.2417267630	0.2428039498	0.2438491210	0.2448608239	0.2458376095	0.2467780351	0.2476806682	0.2485440899	0.2493668985	0.2501477130	0.2508851766	0.2515779613	0.2522247707	0.2528243442	0.2533754609	0.2538769431	0.2543276601	0.2547265319	0.2550725326	0.2553646940	0.2556021086	0.2557839335	0.2559093925	0.2559777797	0.2559884618	0.2559408808	0.2558345559	0.2556690860	0.2554441510	0.2551595135	0.2548150203	0.2544106029	0.2539462787	0.2534221511	0.2528384096	0.2521953302	0.2514932742	0.2507326880	0.2499141022	0.2490381297	0.2481054650	0.2471168817	0.2460732309	0.2449754386	0.2438245033	0.2426214933	0.2413675437	0.2400638531	0.2387116804	0.2373123414	0.2358672049	0.2343776890	0.2328452574	0.2312714153	0.2296577051	0.2280057030	0.2263170139	0.2245932682	0.2228361169	0.2210472280	0.2192282820	0.2173809684	0.2155069811	0.2136080152	0.2116857627	0.2097419092	0.2077781302	0.2057960880	0.2037974282	0.2017837766	0.1997567369	0.1977178872	0.1956687781	0.1936109300	0.1915458311	0.1894749354	0.1873996610	0.1853213883	0.1832414587	0.1811611736	0.1790817928	0.1770045342	0.1749305727	0.1728610399	0.1707970234	0.1687395669	0.1666896697	0.1646482872	0.1626163304	0.1605946669	0.1585841207	0.1565854728	0.1545994620	0.1526267852	0.1506680984	0.1487240173	0.1467951183	0.1448819392	0.1429849803	0.1411047056	0.1392415434	0.1373958875	0.1355680984	0.1337585045	0.1319674028	0.1301950604	0.1284417153	0.1267075780	0.1249928322	0.1232976357	0.1216221224	0.1199664023	0.1183305635	0.1167146724	0.1151187755	0.1135428999	0.1119870546	0.1104512312	0.1089354050	0.1074395359	0.1059635693	0.1045074369	0.1030710574	0.1016543376	0.1002571731	0.0988794489	0.0975210401	0.0961818127	0.0948616245	0.0935603252	0.0922777574	0.0910137570	0.0897681539	0.0885407726	0.0873314323	0.0861399478	0.0849661298	0.0838097853	0.0826707181	0.0815487292	0.0804436170	0.0793551779	0.0782832065	0.0772274959	0.0761878379	0.0751640236	0.0741558434	0.0731630872	0.0721855449	0.0712230063	0.0702752617	0.0693421015	0.0684233171	0.0675187004	0.0666280444	0.0657511431	0.0648877918	0.0640377872	0.0632009272	0.0623770115	0.0615658413	0.0607672197	0.0599809515	0.0592068434	0.0584447040	0.0576943440	0.0569555762	0.0562282154
0.1308830689	0.1316661212	0.1324608925	0.1332674639	0.1340859157	0.1349163271	0.1357587758	0.1366133380	0.1374800879	0.1383590982	0.1392504391	0.1401541784	0.1410703813	0.1419991102	0.1429404241	0.1438943789	0.1448610264	0.1458404146	0.1468325871	0.1478375829	0.1488554358	0.1498861745	0.1509298216	0.1519863941	0.1530559019	0.1541383484	0.1552337294	0.1563420329	0.1574632386	0.1585973176	0.1597442314	0.1609039320	0.1620763608	0.1632614486	0.1644591146	0.1656692658	0.1668917968	0.1681265887	0.1693735089	0.1706324101	0.1719031297	0.1731854893	0.1744792938	0.1757843307	0.1771003695	0.1784271608	0.1797644357	0.1811119051	0.1824692584	0.1838361635	0.1852122654	0.1865971860	0.1879905227	0.1893918481	0.1908007089	0.1922166254	0.1936390907	0.1950675698	0.1965014993	0.1979402860	0.1993833071	0.2008299090	0.2022794067	0.2037310838	0.2051841913	0.2066379478	0.2080915385	0.2095441155	0.2109947970	0.2124426677	0.2138867780	0.2153261447	0.2167597508	0.2181865455	0.2196054450	0.2210153324	0.2224150587	0.2238034431	0.2251792742	0.2265413105	0.2278882820	0.2292188908	0.2305318132	0.2318257007	0.2330991821	0.2343508649	0.2355793379	0.2367831730	0.2379609274	0.2391111468	0.2402323671	0.2413231181	0.2423819260	0.2434073165	0.2443978180	0.2453519655	0.2462683031	0.2471453885	0.2479817960	0.2487761208	0.2495269822	0.2502330278	0.2508929374	0.2515054266	0.2520692511	0.2525832099	0.2530461499	0.2534569687	0.2538146193	0.2541181125	0.2543665213	0.2545589837	0.2546947057	0.2547729646	0.2547931115	0.2547545738	0.2546568577	0.2544995501	0.2542823204	0.2540049224	0.2536671950	0.2532690639	0.2528105415	0.2522917282	0.2517128121	0.2510740687	0.2503758611	0.2496186385	0.2488029357	0.2479293719	0.2469986485	0.2460115480	0.2449689315	0.2438717365	0.2427209741	0.2415177266	0.2402631439	0.2389584409	0.2376048937	0.2362038360	0.2347566556	0.2332647905	0.2317297248	0.2301529847	0.2285361345	0.2268807720	0.2251885250	0.2234610462	0.2217000096	0.2199071061	0.2180840392	0.2162325210	0.2143542681	0.2124509979	0.2105244243	0.2085762545	0.2066081850	0.2046218984	0.2026190601	0.2006013152	0.1985702854	0.1965275666	0.1944747259	0.1924132996	0.1903447907	0.1882706672	0.1861923602	0.1841112621	0.1820287254	0.1799460615	0.1778645394	0.1757853851	0.1737097807	0.1716388640	0.1695737280	0.1675154208	0.1654649452	0.1634232593	0.1613912762	0.1593698644	0.1573598483	0.1553620086	0.1533770831	0.1514057670	0.1494487141	0.1475065371	0.1455798093	0.1436690645	0.1417747988	0.1398974714	0.1380375056	0.1361952898	0.1343711788	0.1325654948	0.1307785288	0.1290105414	0.1272617640	0.1255324002	0.1238226268	0.1221325948	0.1204624307	0.1188122377	0.1171820965	0.1155720664	0.1139821868	0.1124124777	0.1108629408	0.1093335607	0.1078243059	0.1063351293	0.1048659694	0.1034167513	0.1019873871	0.1005777773	0.0991878109	0.0978173667	0.0964663140	0.0951345127	0.0938218148	0.0925280645	0.0912530988	0.0899967484	0.0887588381	0.0875391871	0.0863376101	0.0851539170	0.0839879142	0.0828394041	0.0817081865	0.0805940582	0.0794968137	0.0784162458	0.0773521453	0.0763043020	0.0752725043	0.0742565402	0.0732561969	0.0722712616	0.0713015213	0.0703467633	0.0694067752	0.0684813452	0.0675702623	0.0666733163	0.0657902981	0.0649209998	0.0640652149	0.0632227383	0.0623933663	0.0615768971	0.0607731305	0.0599818681	0.0592029135	0.0584360723	0.0576811519	0.0569379620	0.0562063145	0.0554860232
0.1291313753	0.1299100629	0.1307004688	0.1315026772	0.1323167717	0.1331428347	0.1339809471	0.1348311888	0.1356936377	0.1365683700	0.1374554598	0.1383549789	0.1392669964	0.1401915790	0.1411287901	0.1420786896	0.1430413343	0.1440167766	0.1450050649	0.1460062431	0.1470203502	0.1480474198	0.1490874801	0.1501405532	0.1512066548	0.1522857938	0.1533779717	0.1544831827	0.1556014124	0.1567326379	0.1578768272	0.1590339384	0.1602039198	0.1613867084	0.1625822301	0.1637903988	0.1650111159	0.1662442696	0.1674897340	0.1687473690	0.1700170191	0.1712985130	0.1725916628	0.1738962631	0.1752120906	0.1765389031	0.1778764388	0.1792244154	0.1805825297	0.1819504562	0.1833278470	0.1847143303	0.1861095102	0.1875129655	0.1889242492	0.1903428874	0.1917683788	0.1932001939	0.1946377740	0.1960805309	0.1975278460	0.1989790695	0.2004335200	0.2018904839	0.2033492148	0.2048089330	0.2062688254	0.2077280445	0.2091857087	0.2106409020	0.2120926736	0.2135400382	0.2149819758	0.2164174322	0.2178453190	0.2192645139	0.2206738617	0.2220721745	0.2234582328	0.2248307863	0.2261885547	0.2275302296	0.2288544752	0.2301599304	0.2314452102	0.2327089074	0.2339495953	0.2351658292	0.2363561490	0.2375190822	0.2386531459	0.2397568500	0.2408287003	0.2418672015	0.2428708604	0.2438381897	0.2447677112	0.2456579593	0.2465074855	0.2473148611	0.2480786822	0.2487975728	0.2494701892	0.2500952238	0.2506714091	0.2511975217	0.2516723861	0.2520948784	0.2524639304	0.2527785330	0.2530377395	0.2532406694	0.2533865113	0.2534745258	0.2535040489	0.2534744936	0.2533853533	0.2532362032	0.2530267026	0.2527565961	0.2524257153	0.2520339796	0.2515813971	0.2510680649	0.2504941693	0.2498599857	0.2491658785	0.2484122995	0.2475997878	0.2467289679	0.2458005485	0.2448153203	0.2437741541	0.2426779981	0.2415278758	0.2403248827	0.2390701834	0.2377650080	0.2364106493	0.2350084584	0.2335598415	0.2320662556	0.2305292046	0.2289502350	0.2273309321	0.2256729150	0.2239778332	0.2222473613	0.2204831956	0.2186870489	0.2168606470	0.2150057240	0.2131240185	0.2112172693	0.2092872118	0.2073355736	0.2053640718	0.2033744086	0.2013682686	0.1993473150	0.1973131874	0.1952674983	0.1932118309	0.1911477365	0.1890767325	0.1870003001	0.1849198826	0.1828368839	0.1807526669	0.1786685523	0.1765858178	0.1745056968	0.1724293779	0.1703580047	0.1682926749	0.1662344403	0.1641843069	0.1621432349	0.1601121387	0.1580918876	0.1560833056	0.1540871728	0.1521042254	0.1501351566	0.1481806174	0.1462412175	0.1443175261	0.1424100731	0.1405193499	0.1386458107	0.1367898733	0.1349519205	0.1331323012	0.1313313313	0.1295492952	0.1277864470	0.1260430113	0.1243191847	0.1226151369	0.1209310119	0.1192669290	0.1176229840	0.1159992504	0.1143957805	0.1128126062	0.1112497403	0.1097071776	0.1081848956	0.1066828557	0.1052010040	0.1037392723	0.1022975789	0.1008758294	0.0994739179	0.0980917272	0.0967291300	0.0953859893	0.0940621596	0.0927574869	0.0914718100	0.0902049606	0.0889567641	0.0877270403	0.0865156036	0.0853222639	0.0841468266	0.0829890936	0.0818488632	0.0807259311	0.0796200901	0.0785311312	0.0774588433	0.0764030138	0.0753634292	0.0743398749	0.0733321357	0.0723399959	0.0713632401	0.0704016526	0.0694550181	0.0685231219	0.0676057500	0.0667026893	0.0658137274	0.0649386535	0.0640772579	0.0632293323	0.0623946700	0.0615730660	0.0607643168	0.0599682211	0.0591845792	0.0584131937	0.0576538689	0.0569064114	0.0561706300	0.0554463357	0.0547333416
0.1273541454	0.1281280906	0.1289137464	0.1297112002	0.1305205385	0.1313418469	0.1321752097	0.1330207101	0.1338784296	0.1347484479	0.1356308429	0.1365256901	0.1374330629	0.1383530316	0.1392856641	0.1402310246	0.1411891743	0.1421601701	0.1431440652	0.1441409084	0.1451507434	0.1461736091	0.1472095389	0.1482585602	0.1493206941	0.1503959552	0.1514843509	0.1525858810	0.1537005373	0.1548283029	0.1559691520	0.1571230493	0.1582899492	0.1594697957	0.1606625211	0.1618680463	0.1630862794	0.1643171156	0.1655604362	0.1668161080	0.1680839829	0.1693638967	0.1706556687	0.1719591010	0.1732739774	0.1746000631	0.1759371036	0.1772848239	0.1786429278	0.1800110971	0.1813889908	0.1827762441	0.1841724679	0.1855772476	0.1869901426	0.1884106852	0.1898383801	0.1912727035	0.1927131022	0.1941589931	0.1956097622	0.1970647641	0.1985233213	0.1999847238	0.2014482280	0.2029130568	0.2043783988	0.2058434079	0.2073072031	0.2087688685	0.2102274525	0.2116819683	0.2131313939	0.2145746719	0.2160107101	0.2174383817	0.2188565259	0.2202639484	0.2216594222	0.2230416888	0.2244094589	0.2257614136	0.2270962064	0.2284124638	0.2297087878	0.2309837575	0.2322359312	0.2334638484	0.2346660325	0.2358409934	0.2369872301	0.2381032333	0.2391874892	0.2402384820	0.2412546977	0.2422346274	0.2431767710	0.2440796407	0.2449417651	0.2457616931	0.2465379976	0.2472692799	0.2479541732	0.2485913473	0.2491795122	0.2497174225	0.2502038808	0.2506377424	0.2510179185	0.2513433800	0.2516131616	0.2518263645	0.2519821602	0.2520797933	0.2521185846	0.2520979336	0.2520173207	0.2518763101	0.2516745508	0.2514117787	0.2510878181	0.2507025823	0.2502560749	0.2497483899	0.2491797118	0.2485503157	0.2478605670	0.2471109201	0.2463019179	0.2454341903	0.2445084524	0.2435255029	0.2424862217	0.2413915675	0.2402425754	0.2390403535	0.2377860802	0.2364810007	0.2351264234	0.2337237163	0.2322743031	0.2307796590	0.2292413069	0.2276608130	0.2260397826	0.2243798556	0.2226827019	0.2209500176	0.2191835201	0.2173849437	0.2155560354	0.2136985507	0.2118142491	0.2099048903	0.2079722300	0.2060180160	0.2040439847	0.2020518573	0.2000433366	0.1980201037	0.1959838147	0.1939360984	0.1918785531	0.1898127447	0.1877402038	0.1856624242	0.1835808609	0.1814969285	0.1794119995	0.1773274036	0.1752444260	0.1731643071	0.1710882415	0.1690173777	0.1669528176	0.1648956163	0.1628467822	0.1608072771	0.1587780162	0.1567598688	0.1547536585	0.1527601639	0.1507801193	0.1488142154	0.1468631001	0.1449273794	0.1430076185	0.1411043427	0.1392180384	0.1373491544	0.1354981031	0.1336652610	0.1318509709	0.1300555423	0.1282792529	0.1265223499	0.1247850509	0.1230675455	0.1213699961	0.1196925395	0.1180352877	0.1163983293	0.1147817303	0.1131855357	0.1116097704	0.1100544398	0.1085195316	0.1070050162	0.1055108482	0.1040369667	0.1025832968	0.1011497502	0.0997362261	0.0983426122	0.0969687850	0.0956146113	0.0942799483	0.0929646445	0.0916685406	0.0903914698	0.0891332587	0.0878937276	0.0866726913	0.0854699595	0.0842853376	0.0831186265	0.0819696239	0.0808381241	0.0797239187	0.0786267969	0.0775465460	0.0764829514	0.0754357974	0.0744048671	0.0733899430	0.0723908070	0.0714072409	0.0704390263	0.0694859452	0.0685477801	0.0676243140	0.0667153307	0.0658206152	0.0649399533	0.0640731323	0.0632199410	0.0623801695	0.0615536095	0.0607400549	0.0599393008	0.0591511448	0.0583753860	0.0576118261	0.0568602684	0.0561205188	0.0553923852	0.0546756779	0.0539702094
0.1255514716	0.1263202938	0.1271008119	0.1278931162	0.1286972962	0.1295134405	0.1303416368	0.1311819713	0.1320345290	0.1328993931	0.1337766451	0.1346663643	0.1355686279	0.1364835102	0.1374110831	0.1383514152	0.1393045717	0.1402706144	0.1412496009	0.1422415847	0.1432466144	0.1442647340	0.1452959819	0.1463403908	0.1473979874	0.1484687916	0.1495528166	0.1506500680	0.1517605435	0.1528842324	0.1540211151	0.1551711625	0.1563343357	0.1575105849	0.1586998494	0.1599020568	0.1611171222	0.1623449477	0.1635854216	0.1648384182	0.1661037964	0.1673813993	0.1686710537	0.1699725690	0.1712857365	0.1726103288	0.1739460988	0.1752927789	0.1766500804	0.1780176925	0.1793952812	0.1807824891	0.1821789340	0.1835842083	0.1849978780	0.1864194821	0.1878485316	0.1892845087	0.1907268660	0.1921750260	0.1936283798	0.1950862869	0.1965480741	0.1980130353	0.1994804305	0.2009494856	0.2024193914	0.2038893039	0.2053583433	0.2068255941	0.2082901050	0.2097508882	0.2112069201	0.2126571412	0.2141004560	0.2155357338	0.2169618089	0.2183774815	0.2197815179	0.2211726520	0.2225495862	0.2239109922	0.2252555130	0.2265817639	0.2278883348	0.2291737915	0.2304366782	0.2316755195	0.2328888229	0.2340750816	0.2352327771	0.2363603819	0.2374563631	0.2385191854	0.2395473145	0.2405392209	0.2414933830	0.2424082916	0.2432824535	0.2441143953	0.2449026679	0.2456458500	0.2463425529	0.2469914243	0.2475911523	0.2481404699	0.2486381590	0.2490830541	0.2494740465	0.2498100881	0.2500901950	0.2503134510	0.2504790108	0.2505861035	0.2506340352	0.2506221921	0.2505500424	0.2504171391	0.2502231214	0.2499677168	0.2496507424	0.2492721058	0.2488318058	0.2483299333	0.2477666711	0.2471422940	0.2464571681	0.2457117502	0.2449065867	0.2440423124	0.2431196486	0.2421394013	0.2411024593	0.2400097909	0.2388624422	0.2376615335	0.2364082562	0.2351038696	0.2337496972	0.2323471229	0.2308975869	0.2294025821	0.2278636495	0.2262823740	0.2246603800	0.2229993270	0.2213009050	0.2195668304	0.2177988406	0.2159986907	0.2141681481	0.2123089885	0.2104229917	0.2085119372	0.2065776003	0.2046217479	0.2026461351	0.2006525012	0.1986425663	0.1966180283	0.1945805595	0.1925318038	0.1904733740	0.1884068495	0.1863337738	0.1842556523	0.1821739509	0.1800900941	0.1780054635	0.1759213966	0.1738391861	0.1717600783	0.1696852731	0.1676159235	0.1655531347	0.1634979646	0.1614514235	0.1594144739	0.1573880317	0.1553729654	0.1533700976	0.1513802052	0.1494040200	0.1474422296	0.1454954785	0.1435643687	0.1416494608	0.1397512752	0.1378702931	0.1360069577	0.1341616751	0.1323348160	0.1305267165	0.1287376794	0.1269679755	0.1252178451	0.1234874985	0.1217771182	0.1200868593	0.1184168511	0.1167671984	0.1151379821	0.1135292613	0.1119410733	0.1103734358	0.1088263472	0.1072997879	0.1057937213	0.1043080950	0.1028428414	0.1013978790	0.0999731128	0.0985684357	0.0971837290	0.0958188633	0.0944736993	0.0931480885	0.0918418739	0.0905548906	0.0892869665	0.0880379232	0.0868075760	0.0855957350	0.0844022053	0.0832267878	0.0820692793	0.0809294733	0.0798071601	0.0787021277	0.0776141616	0.0765430456	0.0754885620	0.0744504918	0.0734286153	0.0724227119	0.0714325609	0.0704579414	0.0694986329	0.0685544149	0.0676250676	0.0667103722	0.0658101104	0.0649240653	0.0640520212	0.0631937637	0.0623490800	0.0615177589	0.0606995910	0.0598943686	0.0591018860	0.0583219396	0.0575543278	0.0567988510	0.0560553122	0.0553235162	0.0546032705	0.0538943847	0.0531966708
0.1237234596	0.1244867758	0.1252617659	0.1260485232	0.1268471399	0.1276577076	0.1284803170	0.1293150575	0.1301620174	0.1310212833	0.1318929401	0.1327770708	0.1336737562	0.1345830748	0.1355051021	0.1364399110	0.1373875709	0.1383481480	0.1393217044	0.1403082981	0.1413079827	0.1423208070	0.1433468143	0.1443860428	0.1454385243	0.1465042843	0.1475833415	0.1486757073	0.1497813853	0.1509003708	0.1520326504	0.1531782013	0.1543369909	0.1555089762	0.1566941031	0.1578923059	0.1591035067	0.1603276145	0.1615645250	0.1628141195	0.1640762641	0.1653508096	0.1666375900	0.1679364223	0.1692471053	0.1705694192	0.1719031245	0.1732479612	0.1746036480	0.1759698818	0.1773463361	0.1787326607	0.1801284809	0.1815333961	0.1829469795	0.1843687770	0.1857983060	0.1872350554	0.1886784840	0.1901280200	0.1915830603	0.1930429694	0.1945070792	0.1959746879	0.1974450596	0.1989174236	0.2003909739	0.2018648687	0.2033382303	0.2048101444	0.2062796600	0.2077457894	0.2092075082	0.2106637551	0.2121134324	0.2135554060	0.2149885063	0.2164115284	0.2178232330	0.2192223471	0.2206075654	0.2219775512	0.2233309378	0.2246663302	0.2259823067	0.2272774208	0.2285502036	0.2297991654	0.2310227988	0.2322195810	0.2333879768	0.2345264414	0.2356334237	0.2367073695	0.2377467252	0.2387499412	0.2397154757	0.2406417986	0.2415273956	0.2423707719	0.2431704569	0.2439250081	0.2446330150	0.2452931040	0.2459039424	0.2464642422	0.2469727649	0.2474283253	0.2478297955	0.2481761088	0.2484662635	0.2486993263	0.2488744360	0.2489908066	0.2490477303	0.2490445800	0.2489808124	0.2488559696	0.2486696815	0.2484216673	0.2481117372	0.2477397930	0.2473058292	0.2468099337	0.2462522872	0.2456331642	0.2449529313	0.2442120475	0.2434110626	0.2425506156	0.2416314337	0.2406543298	0.2396202005	0.2385300237	0.2373848555	0.2361858276	0.2349341437	0.2336310763	0.2322779632	0.2308762031	0.2294272522	0.2279326199	0.2263938642	0.2248125877	0.2231904332	0.2215290786	0.2198302331	0.2180956321	0.2163270325	0.2145262088	0.2126949479	0.2108350448	0.2089482986	0.2070365076	0.2051014657	0.2031449581	0.2011687574	0.1991746203	0.1971642833	0.1951394602	0.1931018385	0.1910530764	0.1889948004	0.1869286025	0.1848560380	0.1827786235	0.1806978349	0.1786151058	0.1765318260	0.1744493404	0.1723689478	0.1702919003	0.1682194023	0.1661526104	0.1640926327	0.1620405291	0.1599973110	0.1579639416	0.1559413362	0.1539303626	0.1519318417	0.1499465478	0.1479752101	0.1460185127	0.1440770961	0.1421515578	0.1402424537	0.1383502990	0.1364755690	0.1346187011	0.1327800952	0.1309601155	0.1291590912	0.1273773184	0.1256150608	0.1238725514	0.1221499934	0.1204475618	0.1187654042	0.1171036427	0.1154623743	0.1138416729	0.1122415898	0.1106621553	0.1091033796	0.1075652539	0.1060477515	0.1045508290	0.1030744270	0.1016184711	0.1001828732	0.0987675320	0.0973723340	0.0959971543	0.0946418576	0.0933062987	0.0919903235	0.0906937695	0.0894164665	0.0881582373	0.0869188985	0.0856982607	0.0844961293	0.0833123051	0.0821465845	0.0809987604	0.0798686223	0.0787559568	0.0776605483	0.0765821789	0.0755206291	0.0744756781	0.0734471038	0.0724346838	0.0714381949	0.0704574138	0.0694921172	0.0685420822	0.0676070864	0.0666869079	0.0657813259	0.0648901205	0.0640130731	0.0631499663	0.0623005845	0.0614647135	0.0606421408	0.0598326557	0.0590360498	0.0582521162	0.0574806505	0.0567214501	0.0559743151	0.0552390475	0.0545154516	0.0538033345	0.0531025053	0.0524127756
0.1218702292	0.1226276541	0.1233967238	0.1241775340	0.1249701797	0.1257747554	0.1265913546	0.1274200699	0.1282609926	0.1291142127	0.1299798184	0.1308578962	0.1317485305	0.1326518035	0.1335677947	0.1344965808	0.1354382356	0.1363928292	0.1373604283	0.1383410954	0.1393348887	0.1403418619	0.1413620633	0.1423955360	0.1434423171	0.1445024376	0.1455759217	0.1466627864	0.1477630411	0.1488766871	0.1500037171	0.1511441146	0.1522978534	0.1534648969	0.1546451978	0.1558386970	0.1570453237	0.1582649939	0.1594976103	0.1607430615	0.1620012211	0.1632719472	0.1645550813	0.1658504480	0.1671578538	0.1684770866	0.1698079144	0.1711500852	0.1725033254	0.1738673394	0.1752418085	0.1766263902	0.1780207172	0.1794243965	0.1808370085	0.1822581063	0.1836872144	0.1851238283	0.1865674135	0.1880174045	0.1894732041	0.1909341827	0.1923996774	0.1938689914	0.1953413932	0.1968161163	0.1982923583	0.1997692803	0.2012460071	0.2027216263	0.2041951882	0.2056657056	0.2071321539	0.2085934709	0.2100485573	0.2114962766	0.2129354559	0.2143648860	0.2157833226	0.2171894870	0.2185820669	0.2199597179	0.2213210647	0.2226647026	0.2239891994	0.2252930971	0.2265749144	0.2278331485	0.2290662776	0.2302727641	0.2314510570	0.2325995949	0.2337168094	0.2348011284	0.2358509798	0.2368647948	0.2378410122	0.2387780819	0.2396744693	0.2405286592	0.2413391605	0.2421045097	0.2428232760	0.2434940651	0.2441155240	0.2446863449	0.2452052698	0.2456710942	0.2460826718	0.2464389180	0.2467388141	0.2469814107	0.2471658310	0.2472912746	0.2473570201	0.2473624283	0.2473069442	0.2471901000	0.2470115164	0.2467709048	0.2464680685	0.2461029040	0.2456754016	0.2451856459	0.2446338161	0.2440201857	0.2433451221	0.2426090860	0.2418126300	0.2409563974	0.2400411205	0.2390676186	0.2380367957	0.2369496381	0.2358072115	0.2346106579	0.2333611927	0.2320601007	0.2307087326	0.2293085015	0.2278608782	0.2263673874	0.2248296034	0.2232491454	0.2216276732	0.2199668823	0.2182684998	0.2165342790	0.2147659954	0.2129654417	0.2111344230	0.2092747529	0.2073882484	0.2054767257	0.2035419964	0.2015858628	0.1996101142	0.1976165233	0.1956068425	0.1935828002	0.1915460982	0.1894984082	0.1874413693	0.1853765854	0.1833056227	0.1812300081	0.1791512265	0.1770707199	0.1749898856	0.1729100749	0.1708325923	0.1687586946	0.1666895900	0.1646264381	0.1625703492	0.1605223846	0.1584835562	0.1564548271	0.1544371117	0.1524312763	0.1504381394	0.1484584728	0.1464930022	0.1445424077	0.1426073256	0.1406883485	0.1387860271	0.1369008707	0.1350333492	0.1331838933	0.1313528966	0.1295407163	0.1277476751	0.1259740616	0.1242201325	0.1224861133	0.1207721999	0.1190785597	0.1174053329	0.1157526339	0.1141205525	0.1125091548	0.1109184849	0.1093485657	0.1077994001	0.1062709722	0.1047632483	0.1032761778	0.1018096947	0.1003637180	0.0989381530	0.0975328919	0.0961478152	0.0947827919	0.0934376809	0.0921123313	0.0908065834	0.0895202694	0.0882532140	0.0870052351	0.0857761443	0.0845657477	0.0833738463	0.0822002366	0.0810447110	0.0799070583	0.0787870644	0.0776845124	0.0765991831	0.0755308555	0.0744793070	0.0734443137	0.0724256510	0.0714230936	0.0704364160	0.0694653924	0.0685097975	0.0675694061	0.0666439939	0.0657333372	0.0648372135	0.0639554013	0.0630876804	0.0622338323	0.0613936399	0.0605668878	0.0597533625	0.0589528525	0.0581651481	0.0573900419	0.0566273287	0.0558768054	0.0551382712	0.0544115277	0.0536963791	0.0529926317	0.0523000945	0.0516185789
0.1199919142	0.1207430608	0.1215058154	0.1222802763	0.1230665410	0.1238647068	0.1246748700	0.1254971261	0.1263315693	0.1271782928	0.1280373881	0.1289089450	0.1297930515	0.1306897931	0.1315992534	0.1325215127	0.1334566489	0.1344047363	0.1353658457	0.1363400441	0.1373273944	0.1383279546	0.1393417782	0.1403689131	0.1414094016	0.1424632799	0.1435305777	0.1446113176	0.1457055147	0.1468131763	0.1479343009	0.1490688784	0.1502168888	0.1513783020	0.1525530773	0.1537411625	0.1549424934	0.1561569933	0.1573845719	0.1586251251	0.1598785339	0.1611446638	0.1624233640	0.1637144665	0.1650177858	0.1663331174	0.1676602372	0.1689989011	0.1703488432	0.1717097761	0.1730813887	0.1744633465	0.1758552898	0.1772568334	0.1786675654	0.1800870461	0.1815148075	0.1829503524	0.1843931529	0.1858426504	0.1872982541	0.1887593405	0.1902252525	0.1916952989	0.1931687531	0.1946448532	0.1961228008	0.1976017610	0.1990808615	0.2005591924	0.2020358058	0.2035097159	0.2049798987	0.2064452917	0.2079047949	0.2093572699	0.2108015414	0.2122363970	0.2136605881	0.2150728309	0.2164718073	0.2178561659	0.2192245236	0.2205754671	0.2219075546	0.2232193175	0.2245092630	0.2257758760	0.2270176216	0.2282329480	0.2294202895	0.2305780689	0.2317047017	0.2327985988	0.2338581703	0.2348818295	0.2358679964	0.2368151020	0.2377215924	0.2385859330	0.2394066127	0.2401821485	0.2409110898	0.2415920227	0.2422235748	0.2428044193	0.2433332793	0.2438089324	0.2442302145	0.2445960241	0.2449053261	0.2451571555	0.2453506211	0.2454849087	0.2455592840	0.2455730961	0.2455257793	0.2454168559	0.2452459381	0.2450127299	0.2447170283	0.2443587244	0.2439378044	0.2434543499	0.2429085383	0.2423006425	0.2416310302	0.2409001635	0.2401085976	0.2392569796	0.2383460462	0.2373766227	0.2363496196	0.2352660311	0.2341269314	0.2329334722	0.2316868792	0.2303884486	0.2290395435	0.2276415895	0.2261960713	0.2247045278	0.2231685482	0.2215897672	0.2199698603	0.2183105397	0.2166135488	0.2148806581	0.2131136599	0.2113143642	0.2094845935	0.2076261781	0.2057409523	0.2038307490	0.2018973962	0.1999427121	0.1979685019	0.1959765532	0.1939686329	0.1919464834	0.1899118197	0.1878663259	0.1858116528	0.1837494152	0.1816811894	0.1796085113	0.1775328745	0.1754557281	0.1733784762	0.1713024757	0.1692290359	0.1671594175	0.1650948320	0.1630364410	0.1609853566	0.1589426405	0.1569093047	0.1548863114	0.1528745737	0.1508749556	0.1488882730	0.1469152943	0.1449567413	0.1430132900	0.1410855716	0.1391741738	0.1372796414	0.1354024779	0.1335431469	0.1317020725	0.1298796416	0.1280762045	0.1262920766	0.1245275392	0.1227828418	0.1210582022	0.1193538088	0.1176698214	0.1160063727	0.1143635696	0.1127414941	0.1111402051	0.1095597392	0.1080001118	0.1064613187	0.1049433368	0.1034461255	0.1019696274	0.1005137696	0.0990784647	0.0976636114	0.0962690958	0.0948947923	0.0935405641	0.0922062643	0.0908917364	0.0895968155	0.0883213285	0.0870650951	0.0858279285	0.0846096357	0.0834100183	0.0822288730	0.0810659923	0.0799211647	0.0787941754	0.0776848066	0.0765928380	0.0755180473	0.0744602104	0.0734191017	0.0723944948	0.0713861623	0.0703938766	0.0694174098	0.0684565340	0.0675110218	0.0665806463	0.0656651811	0.0647644012	0.0638780824	0.0630060017	0.0621479379	0.0613036709	0.0604729828	0.0596556570	0.0588514793	0.0580602372	0.0572817205	0.0565157209	0.0557620327	0.0550204523	0.0542907786	0.0535728128	0.0528663587	0.0521712225	0.0514872130	0.0508141415
0.1180886625	0.1188331422	0.1195891855	0.1203568930	0.1211363649	0.1219277008	0.1227309998	0.1235463601	0.1243738790	0.1252136524	0.1260657750	0.1269303398	0.1278074382	0.1286971593	0.1295995900	0.1305148145	0.1314429145	0.1323839683	0.1333380509	0.1343052336	0.1352855835	0.1362791634	0.1372860313	0.1383062401	0.1393398372	0.1403868638	0.1414473549	0.1425213388	0.1436088360	0.1447098597	0.1458244144	0.1469524960	0.1480940908	0.1492491751	0.1504177147	0.1515996643	0.1527949664	0.1540035513	0.1552253359	0.1564602233	0.1577081019	0.1589688446	0.1602423083	0.1615283328	0.1628267402	0.1641373339	0.1654598979	0.1667941958	0.1681399701	0.1694969410	0.1708648058	0.1722432378	0.1736318855	0.1750303715	0.1764382917	0.1778552143	0.1792806789	0.1807141957	0.1821552442	0.1836032728	0.1850576975	0.1865179016	0.1879832341	0.1894530096	0.1909265074	0.1924029705	0.1938816054	0.1953615812	0.1968420295	0.1983220435	0.1998006779	0.2012769490	0.2027498338	0.2042182707	0.2056811593	0.2071373607	0.2085856976	0.2100249552	0.2114538817	0.2128711891	0.2142755542	0.2156656197	0.2170399956	0.2183972609	0.2197359650	0.2210546300	0.2223517525	0.2236258059	0.2248752434	0.2260985000	0.2272939960	0.2284601399	0.2295953318	0.2306979665	0.2317664377	0.2327991415	0.2337944803	0.2347508673	0.2356667301	0.2365405157	0.2373706942	0.2381557639	0.2388942555	0.2395847366	0.2402258163	0.2408161496	0.2413544421	0.2418394540	0.2422700046	0.2426449763	0.2429633185	0.2432240517	0.2434262709	0.2435691488	0.2436519393	0.2436739801	0.2436346956	0.2435335991	0.2433702946	0.2431444790	0.2428559434	0.2425045739	0.2420903529	0.2416133591	0.2410737681	0.2404718518	0.2398079783	0.2390826110	0.2382963071	0.2374497167	0.2365435811	0.2355787301	0.2345560805	0.2334766332	0.2323414702	0.2311517518	0.2299087132	0.2286136607	0.2272679683	0.2258730736	0.2244304734	0.2229417198	0.2214084155	0.2198322094	0.2182147917	0.2165578894	0.2148632615	0.2131326938	0.2113679948	0.2095709900	0.2077435179	0.2058874250	0.2040045608	0.2020967742	0.2001659080	0.1982137957	0.1962422567	0.1942530926	0.1922480838	0.1902289854	0.1881975244	0.1861553966	0.1841042632	0.1820457491	0.1799814395	0.1779128787	0.1758415675	0.1737689618	0.1716964712	0.1696254575	0.1675572340	0.1654930645	0.1634341629	0.1613816923	0.1593367654	0.1573004441	0.1552737397	0.1532576128	0.1512529745	0.1492606862	0.1472815604	0.1453163617	0.1433658077	0.1414305695	0.1395112731	0.1376085005	0.1357227906	0.1338546407	0.1320045076	0.1301728088	0.1283599241	0.1265661966	0.1247919342	0.1230374111	0.1213028688	0.1195885179	0.1178945389	0.1162210840	0.1145682783	0.1129362210	0.1113249866	0.1097346266	0.1081651699	0.1066166250	0.1050889802	0.1035822055	0.1020962534	0.1006310596	0.0991865447	0.0977626147	0.0963591623	0.0949760673	0.0936131982	0.0922704124	0.0909475575	0.0896444716	0.0883609847	0.0870969187	0.0858520885	0.0846263026	0.0834193637	0.0822310690	0.0810612114	0.0799095793	0.0787759576	0.0776601279	0.0765618692	0.0754809580	0.0744171689	0.0733702750	0.0723400480	0.0713262590	0.0703286783	0.0693470759	0.0683812218	0.0674308863	0.0664958400	0.0655758544	0.0646707017	0.0637801551	0.0629039891	0.0620419798	0.0611939045	0.0603595425	0.0595386745	0.0587310835	0.0579365542	0.0571548738	0.0563858312	0.0556292179	0.0548848277	0.0541524566	0.0534319033	0.0527229688	0.0520254568	0.0513391733	0.0506639273	0.0499995299
0.1161606366	0.1168980595	0.1176469939	0.1184075425	0.1191798080	0.1199638923	0.1207598970	0.1215679230	0.1223880703	0.1232204377	0.1240651227	0.1249222217	0.1257918289	0.1266740368	0.1275689360	0.1284766141	0.1293971565	0.1303306453	0.1312771597	0.1322367748	0.1332095623	0.1341955892	0.1351949183	0.1362076071	0.1372337078	0.1382732668	0.1393263242	0.1403929137	0.1414730613	0.1425667859	0.1436740979	0.1447949991	0.1459294821	0.1470775294	0.1482391135	0.1494141954	0.1506027247	0.1518046386	0.1530198610	0.1542483023	0.1554898582	0.1567444092	0.1580118198	0.1592919376	0.1605845924	0.1618895957	0.1632067393	0.1645357951	0.1658765136	0.1672286233	0.1685918295	0.1699658140	0.1713502333	0.1727447181	0.1741488726	0.1755622729	0.1769844666	0.1784149717	0.1798532753	0.1812988333	0.1827510690	0.1842093726	0.1856730999	0.1871415719	0.1886140740	0.1900898549	0.1915681264	0.1930480624	0.1945287989	0.1960094329	0.1974890225	0.1989665864	0.2004411039	0.2019115148	0.2033767192	0.2048355782	0.2062869138	0.2077295096	0.2091621113	0.2105834276	0.2119921313	0.2133868600	0.2147662180	0.2161287774	0.2174730801	0.2187976394	0.2201009427	0.2213814530	0.2226376123	0.2238678438	0.2250705549	0.2262441407	0.2273869868	0.2284974735	0.2295739788	0.2306148827	0.2316185715	0.2325834410	0.2335079020	0.2343903839	0.2352293392	0.2360232487	0.2367706253	0.2374700192	0.2381200221	0.2387192721	0.2392664580	0.2397603239	0.2401996733	0.2405833737	0.2409103600	0.2411796391	0.2413902930	0.2415414825	0.2416324502	0.2416625235	0.2416311176	0.2415377371	0.2413819787	0.2411635328	0.2408821849	0.2405378165	0.2401304064	0.2396600305	0.2391268626	0.2385311739	0.2378733323	0.2371538021	0.2363731425	0.2355320061	0.2346311376	0.2336713713	0.2326536290	0.2315789176	0.2304483258	0.2292630215	0.2280242480	0.2267333207	0.2253916234	0.2240006039	0.2225617703	0.2210766862	0.2195469666	0.2179742731	0.2163603091	0.2147068152	0.2130155642	0.2112883563	0.2095270142	0.2077333781	0.2059093009	0.2040566436	0.2021772702	0.2002730438	0.1983458211	0.1963974493	0.1944297609	0.1924445704	0.1904436703	0.1884288273	0.1864017795	0.1843642329	0.1823178584	0.1802642895	0.1782051198	0.1761419005	0.1740761390	0.1720092968	0.1699427881	0.1678779789	0.1658161855	0.1637586741	0.1617066599	0.1596613070	0.1576237280	0.1555949841	0.1535760852	0.1515679899	0.1495716065	0.1475877931	0.1456173586	0.1436610632	0.1417196195	0.1397936935	0.1378839055	0.1359908316	0.1341150042	0.1322569141	0.1304170112	0.1285957060	0.1267933709	0.1250103417	0.1232469187	0.1215033684	0.1197799248	0.1180767905	0.1163941386	0.1147321134	0.1130908324	0.1114703870	0.1098708443	0.1082922482	0.1067346204	0.1051979620	0.1036822543	0.1021874603	0.1007135256	0.0992603793	0.0978279355	0.0964160939	0.0950247409	0.0936537507	0.0923029857	0.0909722979	0.0896615294	0.0883705134	0.0870990746	0.0858470301	0.0846141905	0.0834003596	0.0822053359	0.0810289129	0.0798708792	0.0787310199	0.0776091162	0.0765049466	0.0754182868	0.0743489104	0.0732965892	0.0722610937	0.0712421931	0.0702396563	0.0692532512	0.0682827460	0.0673279087	0.0663885078	0.0654643125	0.0645550926	0.0636606189	0.0627806635	0.0619149998	0.0610634026	0.0602256485	0.0594015158	0.0585907847	0.0577932373	0.0570086581	0.0562368333	0.0554775519	0.0547306049	0.0539957858	0.0532728906	0.0525617178	0.0518620683	0.0511737459	0.0504965567	0.0498303096	0.0491748163
0.1142080135	0.1149379888	0.1156794156	0.1164323987	0.1171970429	0.1179734524	0.1187617313	0.1195619828	0.1203743095	0.1211988128	0.1220355934	0.1228847501	0.1237463805	0.1246205802	0.1255074428	0.1264070597	0.1273195197	0.1282449087	0.1291833094	0.1301348013	0.1310994599	0.1320773568	0.1330685589	0.1340731285	0.1350911224	0.1361225921	0.1371675826	0.1382261328	0.1392982743	0.1403840314	0.1414834203	0.1425964487	0.1437231151	0.1448634086	0.1460173077	0.1471847803	0.1483657826	0.1495602586	0.1507681395	0.1519893426	0.1532237712	0.1544713132	0.1557318407	0.1570052091	0.1582912560	0.1595898009	0.1609006439	0.1622235648	0.1635583224	0.1649046535	0.1662622720	0.1676308677	0.1690101057	0.1703996251	0.1717990383	0.1732079299	0.1746258555	0.1760523413	0.1774868824	0.1789289426	0.1803779528	0.1818333105	0.1832943789	0.1847604858	0.1862309232	0.1877049461	0.1891817721	0.1906605807	0.1921405127	0.1936206696	0.1951001137	0.1965778669	0.1980529114	0.1995241891	0.2009906017	0.2024510110	0.2039042392	0.2053490691	0.2067842449	0.2082084731	0.2096204233	0.2110187291	0.2124019899	0.2137687722	0.2151176112	0.2164470128	0.2177554560	0.2190413946	0.2203032606	0.2215394663	0.2227484076	0.2239284670	0.2250780173	0.2261954248	0.2272790534	0.2283272682	0.2293384400	0.2303109493	0.2312431905	0.2321335768	0.2329805446	0.2337825579	0.2345381132	0.2352457445	0.2359040272	0.2365115837	0.2370670872	0.2375692668	0.2380169114	0.2384088745	0.2387440779	0.2390215157	0.2392402581	0.2393994547	0.2394983381	0.2395362261	0.2395125254	0.2394267330	0.2392784387	0.2390673271	0.2387931785	0.2384558703	0.2380553778	0.2375917745	0.2370652324	0.2364760218	0.2358245104	0.2351111632	0.2343365405	0.2335012973	0.2326061809	0.2316520292	0.2306397683	0.2295704098	0.2284450484	0.2272648580	0.2260310892	0.2247450651	0.2234081776	0.2220218837	0.2205877009	0.2191072032	0.2175820162	0.2160138126	0.2144043077	0.2127552540	0.2110684367	0.2093456688	0.2075887858	0.2057996408	0.2039801000	0.2021320374	0.2002573300	0.1983578535	0.1964354776	0.1944920613	0.1925294494	0.1905494677	0.1885539195	0.1865445822	0.1845232036	0.1824914986	0.1804511468	0.1784037894	0.1763510268	0.1742944166	0.1722354715	0.1701756575	0.1681163929	0.1660590465	0.1640049368	0.1619553316	0.1599114467	0.1578744463	0.1558454421	0.1538254940	0.1518156095	0.1498167449	0.1478298050	0.1458556440	0.1438950665	0.1419488278	0.1400176352	0.1381021491	0.1362029837	0.1343207085	0.1324558496	0.1306088906	0.1287802743	0.1269704038	0.1251796442	0.1234083234	0.1216567343	0.1199251354	0.1182137530	0.1165227820	0.1148523874	0.1132027060	0.1115738474	0.1099658955	0.1083789099	0.1068129269	0.1052679611	0.1037440062	0.1022410366	0.1007590083	0.0992978603	0.0978575153	0.0964378808	0.0950388505	0.0936603048	0.0923021120	0.0909641290	0.0896462025	0.0883481693	0.0870698576	0.0858110874	0.0845716712	0.0833514151	0.0821501189	0.0809675771	0.0798035791	0.0786579103	0.0775303520	0.0764206824	0.0753286768	0.0742541080	0.0731967470	0.0721563630	0.0711327240	0.0701255971	0.0691347488	0.0681599455	0.0672009532	0.0662575385	0.0653294684	0.0644165104	0.0635184332	0.0626350064	0.0617660011	0.0609111898	0.0600703464	0.0592432468	0.0584296686	0.0576293915	0.0568421972	0.0560678696	0.0553061950	0.0545569620	0.0538199613	0.0530949866	0.0523818337	0.0516803013	0.0509901904	0.0503113048	0.0496434511	0.0489864384	0.0483400785
0.1122309849	0.1129531212	0.1136866411	0.1144316513	0.1151882584	0.1159565690	0.1167366892	0.1175287247	0.1183327803	0.1191489602	0.1199773674	0.1208181038	0.1216712696	0.1225369635	0.1234152823	0.1243063206	0.1252101705	0.1261269215	0.1270566600	0.1279994693	0.1289554289	0.1299246145	0.1309070972	0.1319029437	0.1329122156	0.1339349689	0.1349712538	0.1360211140	0.1370845866	0.1381617012	0.1392524796	0.1403569353	0.1414750728	0.1426068873	0.1437523637	0.1449114762	0.1460841877	0.1472704491	0.1484701985	0.1496833605	0.1509098455	0.1521495490	0.1534023507	0.1546681137	0.1559466837	0.1572378879	0.1585415347	0.1598574122	0.1611852875	0.1625249058	0.1638759894	0.1652382367	0.1666113213	0.1679948910	0.1693885667	0.1707919415	0.1722045795	0.1736260154	0.1750557526	0.1764932629	0.1779379855	0.1793893257	0.1808466542	0.1823093064	0.1837765811	0.1852477404	0.1867220082	0.1881985700	0.1896765724	0.1911551220	0.1926332857	0.1941100898	0.1955845198	0.1970555207	0.1985219966	0.1999828109	0.2014367868	0.2028827072	0.2043193159	0.2057453181	0.2071593811	0.2085601357	0.2099461776	0.2113160684	0.2126683379	0.2140014858	0.2153139836	0.2166042773	0.2178707899	0.2191119241	0.2203260653	0.2215115849	0.2226668439	0.2237901959	0.2248799919	0.2259345834	0.2269523271	0.2279315889	0.2288707487	0.2297682045	0.2306223776	0.2314317168	0.2321947036	0.2329098567	0.2335757368	0.2341909514	0.2347541598	0.2352640771	0.2357194790	0.2361192061	0.2364621682	0.2367473479	0.2369738046	0.2371406781	0.2372471915	0.2372926546	0.2372764660	0.2371981161	0.2370571887	0.2368533629	0.2365864148	0.2362562178	0.2358627444	0.2354060656	0.2348863518	0.2343038723	0.2336589946	0.2329521837	0.2321840010	0.2313551029	0.2304662389	0.2295182494	0.2285120639	0.2274486980	0.2263292507	0.2251549010	0.2239269052	0.2226465927	0.2213153622	0.2199346783	0.2185060664	0.2170311090	0.2155114409	0.2139487444	0.2123447447	0.2107012048	0.2090199207	0.2073027163	0.2055514385	0.2037679519	0.2019541341	0.2001118706	0.1982430500	0.1963495592	0.1944332791	0.1924960797	0.1905398161	0.1885663242	0.1865774171	0.1845748811	0.1825604726	0.1805359146	0.1785028937	0.1764630577	0.1744180129	0.1723693220	0.1703185020	0.1682670226	0.1662163047	0.1641677192	0.1621225862	0.1600821737	0.1580476977	0.1560203212	0.1540011546	0.1519912555	0.1499916288	0.1480032272	0.1460269516	0.1440636519	0.1421141276	0.1401791287	0.1382593568	0.1363554660	0.1344680641	0.1325977139	0.1307449343	0.1289102019	0.1270939518	0.1252965798	0.1235184430	0.1217598617	0.1200211209	0.1183024713	0.1166041310	0.1149262873	0.1132690972	0.1116326898	0.1100171669	0.1084226049	0.1068490558	0.1052965485	0.1037650904	0.1022546681	0.1007652492	0.0992967829	0.0978492015	0.0964224213	0.0950163438	0.0936308565	0.0922658342	0.0909211395	0.0895966240	0.0882921291	0.0870074867	0.0857425201	0.0844970449	0.0832708693	0.0820637951	0.0808756181	0.0797061291	0.0785551140	0.0774223548	0.0763076295	0.0752107135	0.0741313791	0.0730693965	0.0720245341	0.0709965590	0.0699852368	0.0689903328	0.0680116117	0.0670488378	0.0661017759	0.0651701910	0.0642538488	0.0633525156	0.0624659592	0.0615939481	0.0607362527	0.0598926445	0.0590628970	0.0582467855	0.0574440873	0.0566545816	0.0558780498	0.0551142759	0.0543630458	0.0536241482	0.0528973739	0.0521825165	0.0514793722	0.0507877397	0.0501074206	0.0494382188	0.0487799413	0.0481323978	0.0474954005
0.1102297572	0.1109436631	0.1116688764	0.1124055057	0.1131536596	0.1139134465	0.1146849745	0.1154683515	0.1162636846	0.1170710803	0.1178906441	0.1187224804	0.1195666923	0.1204233811	0.1212926467	0.1221745868	0.1230692965	0.1239768689	0.1248973939	0.1258309583	0.1267776454	0.1277375348	0.1287107019	0.1296972176	0.1306971478	0.1317105532	0.1327374887	0.1337780030	0.1348321383	0.1358999294	0.1369814037	0.1380765802	0.1391854694	0.1403080723	0.1414443802	0.1425943735	0.1437580217	0.1449352825	0.1461261008	0.1473304083	0.1485481228	0.1497791471	0.1510233685	0.1522806578	0.1535508687	0.1548338364	0.1561293774	0.1574372881	0.1587573441	0.1600892990	0.1614328837	0.1627878054	0.1641537462	0.1655303629	0.1669172849	0.1683141143	0.1697204239	0.1711357570	0.1725596258	0.1739915106	0.1754308589	0.1768770842	0.1783295656	0.1797876461	0.1812506322	0.1827177933	0.1841883603	0.1856615256	0.1871364417	0.1886122215	0.1900879369	0.1915626192	0.1930352584	0.1945048032	0.1959701610	0.1974301976	0.1988837381	0.2003295667	0.2017664277	0.2031930257	0.2046080271	0.2060100609	0.2073977199	0.2087695624	0.2101241137	0.2114598682	0.2127752916	0.2140688230	0.2153388777	0.2165838500	0.2178021162	0.2189920377	0.2201519649	0.2212802403	0.2223752031	0.2234351926	0.2244585525	0.2254436358	0.2263888089	0.2272924562	0.2281529852	0.2289688308	0.2297384607	0.2304603799	0.2311331355	0.2317553220	0.2323255855	0.2328426288	0.2333052155	0.2337121750	0.2340624059	0.2343548809	0.2345886498	0.2347628436	0.2348766773	0.2349294533	0.2349205637	0.2348494928	0.2347158194	0.2345192181	0.2342594608	0.2339364179	0.2335500592	0.2331004537	0.2325877703	0.2320122771	0.2313743411	0.2306744273	0.2299130977	0.2290910093	0.2282089130	0.2272676510	0.2262681551	0.2252114436	0.2240986186	0.2229308630	0.2217094371	0.2204356752	0.2191109813	0.2177368256	0.2163147400	0.2148463139	0.2133331893	0.2117770563	0.2101796485	0.2085427375	0.2068681283	0.2051576542	0.2034131715	0.2016365546	0.1998296910	0.1979944761	0.1961328084	0.1942465845	0.1923376949	0.1904080190	0.1884594209	0.1864937452	0.1845128133	0.1825184191	0.1805123264	0.1784962645	0.1764719263	0.1744409649	0.1724049911	0.1703655717	0.1683242268	0.1662824288	0.1642416003	0.1622031133	0.1601682882	0.1581383927	0.1561146417	0.1540981966	0.1520901655	0.1500916029	0.1481035104	0.1461268365	0.1441624777	0.1422112786	0.1402740334	0.1383514861	0.1364443322	0.1345532190	0.1326787476	0.1308214736	0.1289819086	0.1271605214	0.1253577398	0.1235739514	0.1218095057	0.1200647149	0.1183398559	0.1166351715	0.1149508720	0.1132871363	0.1116441140	0.1100219261	0.1084206669	0.1068404050	0.1052811851	0.1037430288	0.1022259363	0.1007298872	0.0992548424	0.0978007444	0.0963675191	0.0949550766	0.0935633125	0.0921921083	0.0908413333	0.0895108447	0.0882004889	0.0869101024	0.0856395123	0.0843885375	0.0831569891	0.0819446712	0.0807513818	0.0795769129	0.0784210518	0.0772835812	0.0761642797	0.0750629228	0.0739792827	0.0729131293	0.0718642305	0.0708323524	0.0698172599	0.0688187169	0.0678364868	0.0668703326	0.0659200174	0.0649853044	0.0640659576	0.0631617414	0.0622724215	0.0613977644	0.0605375384	0.0596915128	0.0588594589	0.0580411497	0.0572363602	0.0564448674	0.0556664504	0.0549008907	0.0541479720	0.0534074806	0.0526792051	0.0519629367	0.0512584693	0.0505655993	0.0498841259	0.0492138511	0.0485545795	0.0479061184	0.0472682782	0.0466408717
0.1082045520	0.1089098360	0.1096263432	0.1103541838	0.1110934680	0.1118443060	0.1126068080	0.1133810836	0.1141672421	0.1149653922	0.1157756417	0.1165980973	0.1174328647	0.1182800479	0.1191397494	0.1200120699	0.1208971077	0.1217949588	0.1227057165	0.1236294711	0.1245663095	0.1255163151	0.1264795672	0.1274561408	0.1284461060	0.1294495279	0.1304664660	0.1314969739	0.1325410986	0.1335988801	0.1346703510	0.1357555360	0.1368544511	0.1379671032	0.1390934895	0.1402335970	0.1413874015	0.1425548672	0.1437359459	0.1449305763	0.1461386834	0.1473601773	0.1485949529	0.1498428887	0.1511038462	0.1523776688	0.1536641810	0.1549631877	0.1562744727	0.1575977984	0.1589329044	0.1602795065	0.1616372960	0.1630059381	0.1643850716	0.1657743074	0.1671732274	0.1685813837	0.1699982976	0.1714234583	0.1728563219	0.1742963108	0.1757428124	0.1771951781	0.1786527227	0.1801147231	0.1815804182	0.1830490073	0.1845196502	0.1859914659	0.1874635328	0.1889348877	0.1904045259	0.1918714006	0.1933344232	0.1947924631	0.1962443482	0.1976888648	0.1991247585	0.2005507350	0.2019654605	0.2033675632	0.2047556343	0.2061282298	0.2074838718	0.2088210508	0.2101382276	0.2114338358	0.2127062843	0.2139539603	0.2151752323	0.2163684530	0.2175319637	0.2186640971	0.2197631818	0.2208275463	0.2218555230	0.2228454533	0.2237956913	0.2247046094	0.2255706027	0.2263920937	0.2271675377	0.2278954274	0.2285742979	0.2292027318	0.2297793638	0.2303028857	0.2307720505	0.2311856775	0.2315426561	0.2318419499	0.2320826007	0.2322637318	0.2323845516	0.2324443561	0.2324425319	0.2323785585	0.2322520104	0.2320625583	0.2318099713	0.2314941169	0.2311149627	0.2306725759	0.2301671240	0.2295988741	0.2289681926	0.2282755441	0.2275214902	0.2267066885	0.2258318901	0.2248979383	0.2239057658	0.2228563925	0.2217509223	0.2205905404	0.2193765097	0.2181101676	0.2167929218	0.2154262463	0.2140116778	0.2125508104	0.2110452917	0.2094968178	0.2079071286	0.2062780026	0.2046112518	0.2029087170	0.2011722624	0.1994037703	0.1976051362	0.1957782637	0.1939250595	0.1920474284	0.1901472687	0.1882264678	0.1862868971	0.1843304085	0.1823588301	0.1803739622	0.1783775743	0.1763714012	0.1743571402	0.1723364486	0.1703109408	0.1682821861	0.1662517069	0.1642209768	0.1621914193	0.1601644065	0.1581412579	0.1561232402	0.1541115663	0.1521073950	0.1501118313	0.1481259261	0.1461506765	0.1441870265	0.1422358672	0.1402980377	0.1383743261	0.1364654701	0.1345721582	0.1326950309	0.1308346820	0.1289916595	0.1271664673	0.1253595666	0.1235713769	0.1218022781	0.1200526114	0.1183226810	0.1166127557	0.1149230700	0.1132538263	0.1116051956	0.1099773194	0.1083703110	0.1067842571	0.1052192187	0.1036752332	0.1021523149	0.1006504570	0.0991696324	0.0977097950	0.0962708813	0.0948528107	0.0934554873	0.0920788008	0.0907226273	0.0893868306	0.0880712627	0.0867757652	0.0855001697	0.0842442989	0.0830079675	0.0817909823	0.0805931438	0.0794142461	0.0782540780	0.0771124234	0.0759890619	0.0748837695	0.0737963187	0.0727264794	0.0716740192	0.0706387038	0.0696202974	0.0686185629	0.0676332628	0.0666641588	0.0657110126	0.0647735861	0.0638516415	0.0629449416	0.0620532503	0.0611763322	0.0603139536	0.0594658820	0.0586318865	0.0578117380	0.0570052094	0.0562120755	0.0554321134	0.0546651022	0.0539108235	0.0531690614	0.0524396022	0.0517222350	0.0510167515	0.0503229460	0.0496406154	0.0489695596	0.0483095810	0.0476604850	0.0470220797	0.0463941760	0.0457765878
0.1061556058	0.1068518769	0.1075592788	0.1082779231	0.1090079215	0.1097493859	0.1105024279	0.1112671592	0.1120436910	0.1128321337	0.1136325975	0.1144451912	0.1152700229	0.1161071990	0.1169568247	0.1178190032	0.1186938357	0.1195814214	0.1204818565	0.1213952346	0.1223216461	0.1232611779	0.1242139130	0.1251799303	0.1261593041	0.1271521036	0.1281583929	0.1291782299	0.1302116665	0.1312587477	0.1323195112	0.1333939869	0.1344821965	0.1355841526	0.1366998583	0.1378293066	0.1389724797	0.1401293482	0.1412998708	0.1424839930	0.1436816467	0.1448927496	0.1461172039	0.1473548958	0.1486056945	0.1498694516	0.1511459998	0.1524351522	0.1537367012	0.1550504177	0.1563760502	0.1577133233	0.1590619372	0.1604215665	0.1617918588	0.1631724342	0.1645628841	0.1659627697	0.1673716214	0.1687889376	0.1702141838	0.1716467913	0.1730861564	0.1745316392	0.1759825632	0.1774382139	0.1788978380	0.1803606430	0.1818257961	0.1832924236	0.1847596107	0.1862264007	0.1876917947	0.1891547515	0.1906141875	0.1920689764	0.1935179498	0.1949598973	0.1963935670	0.1978176662	0.1992308624	0.2006317841	0.2020190220	0.2033911311	0.2047466315	0.2060840110	0.2074017268	0.2086982084	0.2099718596	0.2112210618	0.2124441769	0.2136395507	0.2148055166	0.2159403988	0.2170425171	0.2181101904	0.2191417413	0.2201355010	0.2210898131	0.2220030393	0.2228735637	0.2236997981	0.2244801868	0.2252132119	0.2258973979	0.2265313172	0.2271135945	0.2276429121	0.2281180141	0.2285377111	0.2289008847	0.2292064910	0.2294535652	0.2296412244	0.2297686714	0.2298351974	0.2298401847	0.2297831090	0.2296635414	0.2294811500	0.2292357013	0.2289270609	0.2285551946	0.2281201683	0.2276221482	0.2270614003	0.2264382903	0.2257532818	0.2250069361	0.2241999100	0.2233329544	0.2224069124	0.2214227165	0.2203813869	0.2192840279	0.2181318253	0.2169260431	0.2156680199	0.2143591651	0.2130009550	0.2115949287	0.2101426835	0.2086458705	0.2071061896	0.2055253851	0.2039052403	0.2022475726	0.2005542281	0.1988270768	0.1970680072	0.1952789210	0.1934617282	0.1916183418	0.1897506731	0.1878606267	0.1859500959	0.1840209582	0.1820750711	0.1801142678	0.1781403536	0.1761551023	0.1741602525	0.1721575050	0.1701485197	0.1681349132	0.1661182564	0.1641000726	0.1620818357	0.1600649687	0.1580508428	0.1560407759	0.1540360323	0.1520378221	0.1500473009	0.1480655695	0.1460936743	0.1441326076	0.1421833078	0.1402466603	0.1383234978	0.1364146019	0.1345207032	0.1326424832	0.1307805749	0.1289355642	0.1271079916	0.1252983528	0.1235071008	0.1217346472	0.1199813635	0.1182475825	0.1165336004	0.1148396775	0.1131660405	0.1115128834	0.1098803693	0.1082686317	0.1066777764	0.1051078822	0.1035590029	0.1020311684	0.1005243862	0.0990386423	0.0975739031	0.0961301160	0.0947072111	0.0933051018	0.0919236866	0.0905628493	0.0892224608	0.0879023796	0.0866024530	0.0853225178	0.0840624011	0.0828219214	0.0816008893	0.0803991080	0.0792163742	0.0780524788	0.0769072073	0.0757803407	0.0746716558	0.0735809259	0.0725079213	0.0714524097	0.0704141565	0.0693929257	0.0683884796	0.0674005798	0.0664289872	0.0654734624	0.0645337660	0.0636096589	0.0627009024	0.0618072587	0.0609284910	0.0600643637	0.0592146425	0.0583790946	0.0575574891	0.0567495969	0.0559551908	0.0551740457	0.0544059390	0.0536506500	0.0529079608	0.0521776557	0.0514595216	0.0507533483	0.0500589278	0.0493760552	0.0487045282	0.0480441473	0.0473947158	0.0467560399	0.0461279286	0.0455101938	0.0449026502
0.1040831701	0.1047700384	0.1054679367	0.1061769779	0.1068972750	0.1076289413	0.1083720901	0.1091268346	0.1098932875	0.1106715615	0.1114617683	0.1122640189	0.1130784234	0.1139050907	0.1147441282	0.1155956417	0.1164597350	0.1173365101	0.1182260661	0.1191284996	0.1200439044	0.1209723707	0.1219139850	0.1228688298	0.1238369834	0.1248185191	0.1258135050	0.1268220035	0.1278440711	0.1288797575	0.1299291054	0.1309921499	0.1320689179	0.1331594277	0.1342636880	0.1353816979	0.1365134457	0.1376589084	0.1388180511	0.1399908262	0.1411771727	0.1423770153	0.1435902637	0.1448168116	0.1460565362	0.1473092968	0.1485749344	0.1498532703	0.1511441057	0.1524472200	0.1537623703	0.1550892906	0.1564276898	0.1577772518	0.1591376337	0.1605084649	0.1618893460	0.1632798479	0.1646795105	0.1660878417	0.1675043164	0.1689283753	0.1703594241	0.1717968322	0.1732399322	0.1746880184	0.1761403463	0.1775961319	0.1790545506	0.1805147366	0.1819757828	0.1834367395	0.1848966147	0.1863543736	0.1878089382	0.1892591877	0.1907039584	0.1921420441	0.1935721965	0.1949931257	0.1964035015	0.1978019538	0.1991870743	0.2005574180	0.2019115042	0.2032478195	0.2045648189	0.2058609289	0.2071345497	0.2083840584	0.2096078119	0.2108041502	0.2119714002	0.2131078796	0.2142119004	0.2152817738	0.2163158141	0.2173123436	0.2182696972	0.2191862273	0.2200603089	0.2208903444	0.2216747690	0.2224120556	0.2231007198	0.2237393253	0.2243264886	0.2248608841	0.2253412485	0.2257663855	0.2261351703	0.2264465534	0.2266995645	0.2268933162	0.2270270073	0.2270999254	0.2271114497	0.2270610534	0.2269483055	0.2267728721	0.2265345183	0.2262331085	0.2258686071	0.2254410792	0.2249506897	0.2243977039	0.2237824861	0.2231054991	0.2223673029	0.2215685532	0.2207099994	0.2197924834	0.2188169365	0.2177843774	0.2166959093	0.2155527171	0.2143560640	0.2131072879	0.2118077981	0.2104590711	0.2090626463	0.2076201220	0.2061331507	0.2046034343	0.2030327191	0.2014227913	0.1997754712	0.1980926086	0.1963760773	0.1946277697	0.1928495920	0.1910434584	0.1892112867	0.1873549926	0.1854764853	0.1835776624	0.1816604057	0.1797265767	0.1777780121	0.1758165206	0.1738438788	0.1718618279	0.1698720704	0.1678762678	0.1658760374	0.1638729503	0.1618685296	0.1598642483	0.1578615279	0.1558617375	0.1538661922	0.1518761533	0.1498928270	0.1479173645	0.1459508619	0.1439943603	0.1420488463	0.1401152521	0.1381944566	0.1362872857	0.1343945137	0.1325168639	0.1306550101	0.1288095772	0.1269811434	0.1251702407	0.1233773567	0.1216029360	0.1198473818	0.1181110569	0.1163942861	0.1146973569	0.1130205215	0.1113639983	0.1097279731	0.1081126010	0.1065180079	0.1049442916	0.1033915235	0.1018597500	0.1003489938	0.0988592555	0.0973905145	0.0959427305	0.0945158447	0.0931097810	0.0917244472	0.0903597360	0.0890155259	0.0876916826	0.0863880599	0.0851045003	0.0838408361	0.0825968904	0.0813724776	0.0801674047	0.0789814712	0.0778144707	0.0766661908	0.0755364143	0.0744249194	0.0733314805	0.0722558687	0.0711978520	0.0701571963	0.0691336652	0.0681270211	0.0671370250	0.0661634371	0.0652060173	0.0642645252	0.0633387206	0.0624283636	0.0615332150	0.0606530367	0.0597875914	0.0589366432	0.0580999579	0.0572773027	0.0564684466	0.0556731608	0.0548912184	0.0541223946	0.0533664672	0.0526232160	0.0518924237	0.0511738751	0.0504673581	0.0497726628	0.0490895824	0.0484179127	0.0477574522	0.0471080025	0.0464693678	0.0458413553	0.0452237751	0.0446164401	0.0440191663
0.1019875119	0.1026645886	0.1033525861	0.1040516185	0.1047617999	0.1054832448	0.1062160679	0.1069603838	0.1077163068	0.1084839511	0.1092634301	0.1100548568	0.1108583432	0.1116740001	0.1125019372	0.1133422625	0.1141950825	0.1150605014	0.1159386214	0.1168295417	0.1177333592	0.1186501671	0.1195800554	0.1205231101	0.1214794131	0.1224490414	0.1234320673	0.1244285573	0.1254385722	0.1264621664	0.1274993872	0.1285502748	0.1296148613	0.1306931702	0.1317852158	0.1328910031	0.1340105263	0.1351437686	0.1362907016	0.1374512843	0.1386254625	0.1398131681	0.1410143180	0.1422288134	0.1434565392	0.1446973627	0.1459511330	0.1472176797	0.1484968124	0.1497883193	0.1510919664	0.1524074966	0.1537346281	0.1550730540	0.1564224409	0.1577824277	0.1591526247	0.1605326125	0.1619219406	0.1633201270	0.1647266561	0.1661409786	0.1675625099	0.1689906291	0.1704246782	0.1718639611	0.1733077426	0.1747552477	0.1762056607	0.1776581245	0.1791117401	0.1805655660	0.1820186176	0.1834698674	0.1849182441	0.1863626332	0.1878018768	0.1892347738	0.1906600806	0.1920765114	0.1934827392	0.1948773968	0.1962590779	0.1976263387	0.1989776996	0.2003116467	0.2016266344	0.2029210876	0.2041934045	0.2054419592	0.2066651050	0.2078611778	0.2090284998	0.2101653831	0.2112701341	0.2123410575	0.2133764611	0.2143746599	0.2153339817	0.2162527714	0.2171293964	0.2179622516	0.2187497644	0.2194904005	0.2201826683	0.2208251245	0.2214163791	0.2219551004	0.2224400192	0.2228699343	0.2232437160	0.2235603107	0.2238187447	0.2240181275	0.2241576552	0.2242366135	0.2242543800	0.2242104266	0.2241043213	0.2239357296	0.2237044158	0.2234102438	0.2230531777	0.2226332817	0.2221507202	0.2216057574	0.2209987563	0.2203301785	0.2196005820	0.2188106204	0.2179610413	0.2170526837	0.2160864763	0.2150634352	0.2139846607	0.2128513348	0.2116647180	0.2104261458	0.2091370251	0.2077988303	0.2064130993	0.2049814290	0.2035054711	0.2019869270	0.2004275432	0.1988291063	0.1971934375	0.1955223880	0.1938178331	0.1920816675	0.1903157993	0.1885221456	0.1867026265	0.1848591604	0.1829936592	0.1811080231	0.1792041364	0.1772838628	0.1753490410	0.1734014815	0.1714429620	0.1694752247	0.1674999727	0.1655188674	0.1635335254	0.1615455171	0.1595563638	0.1575675363	0.1555804536	0.1535964815	0.1516169315	0.1496430605	0.1476760700	0.1457171059	0.1437672588	0.1418275637	0.1398990006	0.1379824949	0.1360789183	0.1341890893	0.1323137744	0.1304536890	0.1286094986	0.1267818201	0.1249712230	0.1231782309	0.1214033227	0.1196469346	0.1179094608	0.1161912560	0.1144926360	0.1128138801	0.1111552320	0.1095169018	0.1078990672	0.1063018755	0.1047254446	0.1031698646	0.1016351996	0.1001214887	0.0986287478	0.0971569704	0.0957061295	0.0942761784	0.0928670523	0.0914786692	0.0901109313	0.0887637259	0.0874369265	0.0861303940	0.0848439773	0.0835775147	0.0823308344	0.0811037555	0.0798960889	0.0787076379	0.0775381990	0.0763875626	0.0752555138	0.0741418326	0.0730462950	0.0719686731	0.0709087359	0.0698662499	0.0688409791	0.0678326859	0.0668411312	0.0658660750	0.0649072766	0.0639644949	0.0630374889	0.0621260178	0.0612298414	0.0603487202	0.0594824158	0.0586306909	0.0577933098	0.0569700382	0.0561606436	0.0553648955	0.0545825653	0.0538134267	0.0530572556	0.0523138302	0.0515829312	0.0508643420	0.0501578484	0.0494632389	0.0487803048	0.0481088402	0.0474486419	0.0467995096	0.0461612459	0.0455336563	0.0449165490	0.0443097355	0.0437130299	0.0431262494
0.0998689131	0.1005358111	0.1012135123	0.1019021317	0.1026017845	0.1033125862	0.1040346525	0.1047680994	0.1055130425	0.1062695973	0.1070378790	0.1078180019	0.1086100798	0.1094142255	0.1102305506	0.1110591652	0.1119001780	0.1127536956	0.1136198225	0.1144986609	0.1153903101	0.1162948665	0.1172124231	0.1181430692	0.1190868901	0.1200439664	0.1210143741	0.1219981839	0.1229954606	0.1240062629	0.1250306429	0.1260686453	0.1271203071	0.1281856571	0.1292647151	0.1303574915	0.1314639864	0.1325841890	0.1337180772	0.1348656165	0.1360267594	0.1372014447	0.1383895965	0.1395911235	0.1408059181	0.1420338554	0.1432747926	0.1445285677	0.1457949986	0.1470738824	0.1483649938	0.1496680847	0.1509828828	0.1523090905	0.1536463838	0.1549944114	0.1563527935	0.1577211205	0.1590989521	0.1604858160	0.1618812072	0.1632845862	0.1646953785	0.1661129735	0.1675367232	0.1689659413	0.1703999027	0.1718378419	0.1732789528	0.1747223875	0.1761672561	0.1776126258	0.1790575205	0.1805009207	0.1819417627	0.1833789394	0.1848112995	0.1862376484	0.1876567479	0.1890673176	0.1904680351	0.1918575371	0.1932344207	0.1945972447	0.1959445315	0.1972747685	0.1985864110	0.1998778837	0.2011475840	0.2023938848	0.2036151374	0.2048096750	0.2059758167	0.2071118708	0.2082161396	0.2092869230	0.2103225238	0.2113212519	0.2122814293	0.2132013953	0.2140795113	0.2149141664	0.2157037824	0.2164468191	0.2171417797	0.2177872159	0.2183817327	0.2189239941	0.2194127271	0.2198467270	0.2202248614	0.2205460742	0.2208093898	0.2210139166	0.2211588497	0.2212434743	0.2212671680	0.2212294027	0.2211297468	0.2209678663	0.2207435260	0.2204565900	0.2201070226	0.2196948878	0.2192203496	0.2186836713	0.2180852147	0.2174254393	0.2167049009	0.2159242503	0.2150842317	0.2141856804	0.2132295211	0.2122167654	0.2111485090	0.2100259294	0.2088502821	0.2076228981	0.2063451797	0.2050185970	0.2036446839	0.2022250338	0.2007612951	0.1992551665	0.1977083922	0.1961227568	0.1945000804	0.1928422130	0.1911510297	0.1894284247	0.1876763066	0.1858965925	0.1840912033	0.1822620582	0.1804110696	0.1785401386	0.1766511501	0.1747459682	0.1728264320	0.1708943520	0.1689515057	0.1669996346	0.1650404406	0.1630755837	0.1611066787	0.1591352935	0.1571629465	0.1551911052	0.1532211846	0.1512545463	0.1492924970	0.1473362881	0.1453871156	0.1434461192	0.1415143829	0.1395929348	0.1376827476	0.1357847392	0.1338997735	0.1320286609	0.1301721596	0.1283309765	0.1265057686	0.1246971440	0.1229056634	0.1211318414	0.1193761484	0.1176390114	0.1159208160	0.1142219080	0.1125425947	0.1108831467	0.1092437993	0.1076247542	0.1060261813	0.1044482196	0.1028909794	0.1013545433	0.0998389682	0.0983442859	0.0968705054	0.0954176138	0.0939855776	0.0925743441	0.0911838425	0.0898139853	0.0884646692	0.0871357766	0.0858271761	0.0845387239	0.0832702647	0.0820216327	0.0807926523	0.0795831390	0.0783929002	0.0772217362	0.0760694407	0.0749358012	0.0738206005	0.0727236162	0.0716446223	0.0705833891	0.0695396840	0.0685132719	0.0675039154	0.0665113760	0.0655354134	0.0645757869	0.0636322551	0.0627045764	0.0617925094	0.0608958130	0.0600142469	0.0591475717	0.0582955489	0.0574579415	0.0566345142	0.0558250329	0.0550292658	0.0542469829	0.0534779562	0.0527219603	0.0519787717	0.0512481697	0.0505299358	0.0498238544	0.0491297125	0.0484472995	0.0477764081	0.0471168334	0.0464683735	0.0458308294	0.0452040050	0.0445877070	0.0439817453	0.0433859325	0.0428000842	0.0422240190
0.0977276711	0.0983840052	0.0990510167	0.0997288209	0.1004175340	0.1011172724	0.1018281528	0.1025502920	0.1032838069	0.1040288141	0.1047854302	0.1055537709	0.1063339516	0.1071260866	0.1079302893	0.1087466717	0.1095753444	0.1104164162	0.1112699940	0.1121361821	0.1130150827	0.1139067946	0.1148114139	0.1157290329	0.1166597399	0.1176036191	0.1185607500	0.1195312070	0.1205150588	0.1215123684	0.1225231919	0.1235475788	0.1245855708	0.1256372016	0.1267024962	0.1277814703	0.1288741297	0.1299804696	0.1311004738	0.1322341142	0.1333813498	0.1345421262	0.1357163745	0.1369040108	0.1381049349	0.1393190297	0.1405461604	0.1417861732	0.1430388944	0.1443041297	0.1455816629	0.1468712549	0.1481726425	0.1494855378	0.1508096264	0.1521445669	0.1534899893	0.1548454942	0.1562106516	0.1575849995	0.1589680432	0.1603592538	0.1617580673	0.1631638836	0.1645760651	0.1659939362	0.1674167820	0.1688438473	0.1702743361	0.1717074105	0.1731421905	0.1745777526	0.1760131302	0.1774473124	0.1788792446	0.1803078274	0.1817319176	0.1831503278	0.1845618268	0.1859651405	0.1873589522	0.1887419040	0.1901125975	0.1914695957	0.1928114243	0.1941365735	0.1954435006	0.1967306320	0.1979963659	0.1992390752	0.2004571110	0.2016488056	0.2028124765	0.2039464299	0.2050489657	0.2061183808	0.2071529748	0.2081510540	0.2091109365	0.2100309578	0.2109094754	0.2117448741	0.2125355720	0.2132800251	0.2139767330	0.2146242441	0.2152211607	0.2157661442	0.2162579198	0.2166952811	0.2170770947	0.2174023043	0.2176699340	0.2178790928	0.2180289767	0.2181188720	0.2181481580	0.2181163081	0.2180228926	0.2178675791	0.2176501340	0.2173704227	0.2170284103	0.2166241614	0.2161578398	0.2156297080	0.2150401262	0.2143895519	0.2136785378	0.2129077311	0.2120778714	0.2111897892	0.2102444035	0.2092427198	0.2081858274	0.2070748969	0.2059111772	0.2046959920	0.2034307370	0.2021168757	0.2007559354	0.1993495034	0.1978992225	0.1964067861	0.1948739338	0.1933024458	0.1916941385	0.1900508588	0.1883744787	0.1866668901	0.1849299995	0.1831657223	0.1813759779	0.1795626841	0.1777277521	0.1758730819	0.1740005570	0.1721120402	0.1702093693	0.1682943529	0.1663687666	0.1644343496	0.1624928014	0.1605457788	0.1585948933	0.1566417090	0.1546877401	0.1527344495	0.1507832470	0.1488354887	0.1468924754	0.1449554522	0.1430256082	0.1411040762	0.1391919327	0.1372901980	0.1353998369	0.1335217589	0.1316568195	0.1298058203	0.1279695108	0.1261485888	0.1243437022	0.1225554501	0.1207843840	0.1190310095	0.1172957875	0.1155791362	0.1138814322	0.1122030123	0.1105441751	0.1089051824	0.1072862613	0.1056876051	0.1041093755	0.1025517038	0.1010146926	0.0994984171	0.0980029268	0.0965282468	0.0950743795	0.0936413053	0.0922289847	0.0908373592	0.0894663522	0.0881158711	0.0867858073	0.0854760385	0.0841864287	0.0829168299	0.0816670828	0.0804370177	0.0792264555	0.0780352085	0.0768630812	0.0757098708	0.0745753686	0.0734593598	0.0723616249	0.0712819398	0.0702200766	0.0691758041	0.0681488884	0.0671390931	0.0661461802	0.0651699099	0.0642100416	0.0632663339	0.0623385451	0.0614264333	0.0605297572	0.0596482756	0.0587817484	0.0579299363	0.0570926015	0.0562695073	0.0554604189	0.0546651031	0.0538833288	0.0531148666	0.0523594898	0.0516169736	0.0508870958	0.0501696367	0.0494643791	0.0487711085	0.0480896131	0.0474196840	0.0467611148	0.0461137022	0.0454772459	0.0448515481	0.0442364143	0.0436316528	0.0430370750	0.0424524950	0.0418777300	0.0413126003
0.0955640984	0.0962094861	0.0968654166	0.0975320059	0.0982093707	0.0988976280	0.0995968954	0.1003072905	0.1010289310	0.1017619347	0.1025064191	0.1032625013	0.1040302977	0.1048099244	0.1056014960	0.1064051263	0.1072209277	0.1080490108	0.1088894845	0.1097424555	0.1106080281	0.1114863037	0.1123773809	0.1132813548	0.1141983168	0.1151283541	0.1160715496	0.1170279811	0.1179977212	0.1189808364	0.1199773873	0.1209874275	0.1220110032	0.1230481529	0.1240989066	0.1251632851	0.1262412995	0.1273329508	0.1284382287	0.1295571112	0.1306895636	0.1318355383	0.1329949732	0.1341677914	0.1353539003	0.1365531903	0.1377655345	0.1389907872	0.1402287833	0.1414793369	0.1427422407	0.1440172647	0.1453041552	0.1466026335	0.1479123953	0.1492331088	0.1505644144	0.1519059228	0.1532572145	0.1546178382	0.1559873097	0.1573651110	0.1587506890	0.1601434545	0.1615427808	0.1629480032	0.1643584178	0.1657732803	0.1671918054	0.1686131660	0.1700364923	0.1714608713	0.1728853465	0.1743089169	0.1757305371	0.1771491173	0.1785635230	0.1799725751	0.1813750507	0.1827696829	0.1841551623	0.1855301375	0.1868932160	0.1882429663	0.1895779189	0.1908965683	0.1921973755	0.1934787697	0.1947391518	0.1959768965	0.1971903562	0.1983778637	0.1995377369	0.2006682817	0.2017677972	0.2028345793	0.2038669260	0.2048631418	0.2058215432	0.2067404633	0.2076182575	0.2084533087	0.2092440327	0.2099888839	0.2106863602	0.2113350087	0.2119334309	0.2124802876	0.2129743040	0.2134142742	0.2137990659	0.2141276239	0.2143989747	0.2146122294	0.2147665867	0.2148613363	0.2148958602	0.2148696356	0.2147822357	0.2146333313	0.2144226915	0.2141501842	0.2138157761	0.2134195329	0.2129616187	0.2124422951	0.2118619211	0.2112209512	0.2105199348	0.2097595144	0.2089404240	0.2080634877	0.2071296174	0.2061398104	0.2050951479	0.2039967915	0.2028459808	0.2016440304	0.2003923266	0.1990923237	0.1977455399	0.1963535541	0.1949180006	0.1934405651	0.1919229798	0.1903670184	0.1887744908	0.1871472382	0.1854871275	0.1837960458	0.1820758954	0.1803285876	0.1785560381	0.1767601613	0.1749428653	0.1731060466	0.1712515857	0.1693813423	0.1674971507	0.1656008161	0.1636941105	0.1617787691	0.1598564873	0.1579289173	0.1559976658	0.1540642915	0.1521303032	0.1501971578	0.1482662587	0.1463389553	0.1444165412	0.1425002543	0.1405912759	0.1386907307	0.1367996868	0.1349191559	0.1330500942	0.1311934021	0.1293499258	0.1275204577	0.1257057379	0.1239064548	0.1221232468	0.1203567033	0.1186073664	0.1168757322	0.1151622523	0.1134673356	0.1117913495	0.1101346217	0.1084974420	0.1068800637	0.1052827052	0.1037055517	0.1021487567	0.1006124439	0.0990967080	0.0976016173	0.0961272141	0.0946735169	0.0932405213	0.0918282019	0.0904365130	0.0890653905	0.0877147527	0.0863845016	0.0850745241	0.0837846932	0.0825148688	0.0812648989	0.0800346203	0.0788238602	0.0776324361	0.0764601575	0.0753068260	0.0741722366	0.0730561781	0.0719584340	0.0708787829	0.0698169989	0.0687728531	0.0677461128	0.0667365433	0.0657439073	0.0647679660	0.0638084793	0.0628652063	0.0619379052	0.0610263344	0.0601302522	0.0592494172	0.0583835889	0.0575325274	0.0566959942	0.0558737519	0.0550655647	0.0542711987	0.0534904216	0.0527230032	0.0519687155	0.0512273326	0.0504986313	0.0497823904	0.0490783918	0.0483864195	0.0477062605	0.0470377046	0.0463805443	0.0457345749	0.0450995947	0.0444754048	0.0438618094	0.0432586156	0.0426656333	0.0420826755	0.0415095584	0.0409461008	0.0403921248
0.0933785230	0.0940125844	0.0946570456	0.0953120230	0.0959776335	0.0966539949	0.0973412250	0.0980394422	0.0987487649	0.0994693117	0.1002012009	0.1009445506	0.1016994784	0.1024661014	0.1032445356	0.1040348963	0.1048372973	0.1056518508	0.1064786677	0.1073178564	0.1081695234	0.1090337724	0.1099107043	0.1108004167	0.1117030037	0.1126185555	0.1135471580	0.1144888922	0.1154438341	0.1164120540	0.1173936163	0.1183885785	0.1193969913	0.1204188975	0.1214543319	0.1225033202	0.1235658789	0.1246420141	0.1257317214	0.1268349847	0.1279517755	0.1290820526	0.1302257606	0.1313828296	0.1325531743	0.1337366925	0.1349332651	0.1361427545	0.1373650038	0.1385998358	0.1398470520	0.1411064314	0.1423777296	0.1436606776	0.1449549807	0.1462603175	0.1475763383	0.1489026644	0.1502388869	0.1515845653	0.1529392264	0.1543023633	0.1556734340	0.1570518607	0.1584370281	0.1598282830	0.1612249328	0.1626262446	0.1640314447	0.1654397171	0.1668502035	0.1682620018	0.1696741664	0.1710857071	0.1724955890	0.1739027325	0.1753060129	0.1767042607	0.1780962621	0.1794807593	0.1808564508	0.1822219933	0.1835760016	0.1849170511	0.1862436786	0.1875543844	0.1888476345	0.1901218631	0.1913754749	0.1926068482	0.1938143384	0.1949962810	0.1961509954	0.1972767895	0.1983719631	0.1994348130	0.2004636377	0.2014567418	0.2024124417	0.2033290704	0.2042049831	0.2050385625	0.2058282246	0.2065724236	0.2072696579	0.2079184755	0.2085174789	0.2090653305	0.2095607574	0.2100025565	0.2103895982	0.2107208310	0.2109952854	0.2112120767	0.2113704086	0.2114695754	0.2115089644	0.2114880576	0.2114064332	0.2112637666	0.2110598309	0.2107944975	0.2104677358	0.2100796132	0.2096302943	0.2091200406	0.2085492090	0.2079182513	0.2072277125	0.2064782296	0.2056705298	0.2048054294	0.2038838312	0.2029067231	0.2018751752	0.2007903384	0.1996534405	0.1984657845	0.1972287446	0.1959437632	0.1946123471	0.1932360636	0.1918165361	0.1903554399	0.1888544972	0.1873154723	0.1857401663	0.1841304123	0.1824880694	0.1808150176	0.1791131525	0.1773843793	0.1756306077	0.1738537465	0.1720556983	0.1702383546	0.1684035907	0.1665532610	0.1646891948	0.1628131920	0.1609270191	0.1590324058	0.1571310414	0.1552245723	0.1533145987	0.1514026726	0.1494902958	0.1475789177	0.1456699344	0.1437646871	0.1418644613	0.1399704863	0.1380839346	0.1362059219	0.1343375070	0.1324796924	0.1306334244	0.1287995939	0.1269790371	0.1251725366	0.1233808225	0.1216045732	0.1198444171	0.1181009338	0.1163746556	0.1146660688	0.1129756153	0.1113036946	0.1096506648	0.1080168444	0.1064025144	0.1048079193	0.1032332689	0.1016787404	0.1001444793	0.0986306015	0.0971371945	0.0956643191	0.0942120111	0.0927802822	0.0913691220	0.0899784989	0.0886083618	0.0872586411	0.0859292499	0.0846200857	0.0833310308	0.0820619540	0.0808127113	0.0795831470	0.0783730948	0.0771823785	0.0760108130	0.0748582050	0.0737243540	0.0726090528	0.0715120884	0.0704332425	0.0693722922	0.0683290108	0.0673031679	0.0662945302	0.0653028623	0.0643279265	0.0633694836	0.0624272933	0.0615011148	0.0605907065	0.0596958269	0.0588162348	0.0579516893	0.0571019506	0.0562667796	0.0554459386	0.0546391911	0.0538463026	0.0530670401	0.0523011725	0.0515484710	0.0508087090	0.0500816620	0.0493671082	0.0486648281	0.0479746049	0.0472962246	0.0466294758	0.0459741498	0.0453300410	0.0446969465	0.0440746664	0.0434630037	0.0428617644	0.0422707574	0.0416897947	0.0411186911	0.0405572646	0.0400053362	0.0394627296
0.0911712879	0.0917936464	0.0924262532	0.0930692249	0.0937226785	0.0943867321	0.0950615039	0.0957471127	0.0964436773	0.0971513169	0.0978701505	0.0986002969	0.0993418747	0.1000950017	0.1008597952	0.1016363715	0.1024248457	0.1032253317	0.1040379415	0.1048627856	0.1056999720	0.1065496064	0.1074117920	0.1082866286	0.1091742128	0.1100746374	0.1109879910	0.1119143576	0.1128538165	0.1138064414	0.1147723001	0.1157514541	0.1167439579	0.1177498588	0.1187691958	0.1198019995	0.1208482913	0.1219080826	0.1229813742	0.1240681558	0.1251684051	0.1262820869	0.1274091525	0.1285495387	0.1297031672	0.1308699433	0.1320497555	0.1332424742	0.1344479505	0.1356660158	0.1368964804	0.1381391323	0.1393937365	0.1406600335	0.1419377386	0.1432265402	0.1445260992	0.1458360476	0.1471559870	0.1484854880	0.1498240888	0.1511712937	0.1525265723	0.1538893585	0.1552590489	0.1566350020	0.1580165372	0.1594029338	0.1607934298	0.1621872216	0.1635834624	0.1649812624	0.1663796875	0.1677777591	0.1691744540	0.1705687034	0.1719593939	0.1733453667	0.1747254181	0.1760983004	0.1774627220	0.1788173484	0.1801608034	0.1814916707	0.1828084949	0.1841097836	0.1853940097	0.1866596136	0.1879050058	0.1891285700	0.1903286662	0.1915036341	0.1926517971	0.1937714663	0.1948609447	0.1959185315	0.1969425277	0.1979312399	0.1988829864	0.1997961022	0.2006689442	0.2014998970	0.2022873786	0.2030298453	0.2037257981	0.2043737877	0.2049724197	0.2055203604	0.2060163409	0.2064591627	0.2068477015	0.2071809114	0.2074578288	0.2076775757	0.2078393624	0.2079424901	0.2079863531	0.2079704404	0.2078943368	0.2077577236	0.2075603797	0.2073021809	0.2069831004	0.2066032080	0.2061626696	0.2056617463	0.2051007934	0.2044802592	0.2038006838	0.2030626976	0.2022670199	0.2014144574	0.2005059024	0.1995423308	0.1985248001	0.1974544474	0.1963324868	0.1951602065	0.1939389663	0.1926701939	0.1913553816	0.1899960826	0.1885939066	0.1871505155	0.1856676189	0.1841469689	0.1825903554	0.1809996005	0.1793765533	0.1777230841	0.1760410794	0.1743324358	0.1725990549	0.1708428378	0.1690656794	0.1672694640	0.1654560595	0.1636273135	0.1617850480	0.1599310558	0.1580670962	0.1561948916	0.1543161237	0.1524324312	0.1505454062	0.1486565927	0.1467674840	0.1448795207	0.1429940901	0.1411125240	0.1392360987	0.1373660337	0.1355034918	0.1336495785	0.1318053426	0.1299717762	0.1281498152	0.1263403400	0.1245441765	0.1227620966	0.1209948198	0.1192430143	0.1175072981	0.1157882403	0.1140863631	0.1124021428	0.1107360116	0.1090883591	0.1074595340	0.1058498458	0.1042595663	0.1026889313	0.1011381423	0.0996073682	0.0980967467	0.0966063861	0.0951363666	0.0936867421	0.0922575417	0.0908487709	0.0894604131	0.0880924311	0.0867447685	0.0854173504	0.0841100855	0.0828228665	0.0815555718	0.0803080662	0.0790802022	0.0778718209	0.0766827528	0.0755128192	0.0743618324	0.0732295969	0.0721159102	0.0710205634	0.0699433421	0.0688840266	0.0678423930	0.0668182137	0.0658112577	0.0648212913	0.0638480785	0.0628913817	0.0619509617	0.0610265786	0.0601179915	0.0592249596	0.0583472419	0.0574845980	0.0566367880	0.0558035727	0.0549847143	0.0541799762	0.0533891233	0.0526119223	0.0518481416	0.0510975518	0.0503599255	0.0496350377	0.0489226657	0.0482225893	0.0475345910	0.0468584558	0.0461939714	0.0455409284	0.0448991201	0.0442683429	0.0436483958	0.0430390810	0.0424402035	0.0418515713	0.0412729956	0.0407042902	0.0401452723	0.0395957618	0.0390555817	0.0385245581
0.0889427513	0.0895530340	0.0901734050	0.0908039808	0.0914448786	0.0920962164	0.0927581125	0.0934306858	0.0941140557	0.0948083415	0.0955136628	0.0962301387	0.0969578886	0.0976970309	0.0984476838	0.0992099646	0.0999839892	0.1007698729	0.1015677289	0.1023776690	0.1031998030	0.1040342383	0.1048810797	0.1057404292	0.1066123856	0.1074970439	0.1083944954	0.1093048268	0.1102281203	0.1111644526	0.1121138949	0.1130765122	0.1140523628	0.1150414979	0.1160439609	0.1170597866	0.1180890012	0.1191316211	0.1201876524	0.1212570901	0.1223399177	0.1234361061	0.1245456128	0.1256683814	0.1268043403	0.1279534022	0.1291154629	0.1302904005	0.1314780745	0.1326783245	0.1338909695	0.1351158066	0.1363526100	0.1376011299	0.1388610912	0.1401321928	0.1414141059	0.1427064731	0.1440089071	0.1453209897	0.1466422705	0.1479722654	0.1493104561	0.1506562883	0.1520091709	0.1533684748	0.1547335318	0.1561036338	0.1574780315	0.1588559337	0.1602365066	0.1616188729	0.1630021111	0.1643852552	0.1657672942	0.1671471718	0.1685237864	0.1698959911	0.1712625940	0.1726223583	0.1739740035	0.1753162057	0.1766475991	0.1779667768	0.1792722931	0.1805626644	0.1818363721	0.1830918645	0.1843275598	0.1855418486	0.1867330974	0.1878996522	0.1890398420	0.1901519831	0.1912343835	0.1922853472	0.1933031790	0.1942861901	0.1952327026	0.1961410553	0.1970096090	0.1978367523	0.1986209070	0.1993605340	0.2000541387	0.2007002766	0.2012975590	0.2018446576	0.2023403102	0.2027833247	0.2031725844	0.2035070512	0.2037857697	0.2040078705	0.2041725728	0.2042791869	0.2043271162	0.2043158582	0.2042450062	0.2041142496	0.2039233741	0.2036722615	0.2033608898	0.2029893321	0.2025577561	0.2020664228	0.2015156857	0.2009059894	0.2002378682	0.1995119451	0.1987289300	0.1978896186	0.1969948905	0.1960457076	0.1950431125	0.1939882262	0.1928822460	0.1917264429	0.1905221592	0.1892708052	0.1879738559	0.1866328471	0.1852493721	0.1838250767	0.1823616548	0.1808608439	0.1793244197	0.1777541907	0.1761519934	0.1745196861	0.1728591435	0.1711722515	0.1694609012	0.1677269834	0.1659723835	0.1641989763	0.1624086205	0.1606031544	0.1587843911	0.1569541144	0.1551140744	0.1532659844	0.1514115169	0.1495523010	0.1476899195	0.1458259066	0.1439617455	0.1420988670	0.1402386477	0.1383824094	0.1365314174	0.1346868805	0.1328499506	0.1310217223	0.1292032331	0.1273954640	0.1255993398	0.1238157296	0.1220454481	0.1202892561	0.1185478622	0.1168219234	0.1151120469	0.1134187914	0.1117426684	0.1100841440	0.1084436403	0.1068215371	0.1052181736	0.1036338498	0.1020688287	0.1005233373	0.0989975688	0.0974916839	0.0960058125	0.0945400556	0.0930944862	0.0916691515	0.0902640742	0.0888792535	0.0875146674	0.0861702731	0.0848460090	0.0835417957	0.0822575372	0.0809931223	0.0797484254	0.0785233081	0.0773176194	0.0761311976	0.0749638707	0.0738154574	0.0726857680	0.0715746053	0.0704817652	0.0694070373	0.0683502062	0.0673110512	0.0662893479	0.0652848680	0.0642973804	0.0633266511	0.0623724444	0.0614345228	0.0605126476	0.0596065792	0.0587160777	0.0578409030	0.0569808150	0.0561355744	0.0553049425	0.0544886814	0.0536865547	0.0528983272	0.0521237654	0.0513626376	0.0506147141	0.0498797670	0.0491575710	0.0484479028	0.0477505419	0.0470652699	0.0463918713	0.0457301333	0.0450798457	0.0444408013	0.0438127955	0.0431956269	0.0425890968	0.0419930095	0.0414071723	0.0408313957	0.0402654927	0.0397092798	0.0391625762	0.0386252043	0.0380969893	0.0375777595
0.0866932867	0.0872911247	0.0878988826	0.0885166765	0.0891446236	0.0897828415	0.0904314486	0.0910905639	0.0917603066	0.0924407962	0.0931321524	0.0938344949	0.0945479431	0.0952726163	0.0960086329	0.0967561109	0.0975151673	0.0982859180	0.0990684774	0.0998629584	0.1006694721	0.1014881273	0.1023190305	0.1031622854	0.1040179926	0.1048862493	0.1057671490	0.1066607809	0.1075672297	0.1084865751	0.1094188912	0.1103642463	0.1113227023	0.1122943139	0.1132791284	0.1142771851	0.1152885143	0.1163131373	0.1173510650	0.1184022979	0.1194668248	0.1205446224	0.1216356544	0.1227398708	0.1238572066	0.1249875815	0.1261308988	0.1272870441	0.1284558849	0.1296372691	0.1308310242	0.1320369563	0.1332548488	0.1344844615	0.1357255292	0.1369777610	0.1382408386	0.1395144154	0.1407981152	0.1420915313	0.1433942247	0.1447057235	0.1460255214	0.1473530765	0.1486878104	0.1500291067	0.1513763102	0.1527287259	0.1540856178	0.1554462079	0.1568096760	0.1581751580	0.1595417460	0.1609084873	0.1622743844	0.1636383941	0.1649994281	0.1663563524	0.1677079878	0.1690531102	0.1703904513	0.1717186992	0.1730364998	0.1743424576	0.1756351377	0.1769130672	0.1781747375	0.1794186069	0.1806431025	0.1818466241	0.1830275464	0.1841842236	0.1853149922	0.1864181759	0.1874920894	0.1885350433	0.1895453490	0.1905213237	0.1914612954	0.1923636090	0.1932266313	0.1940487567	0.1948284133	0.1955640685	0.1962542342	0.1968974733	0.1974924042	0.1980377068	0.1985321274	0.1989744831	0.1993636664	0.1996986495	0.1999784875	0.2002023218	0.2003693827	0.2004789918	0.2005305634	0.2005236061	0.2004577236	0.2003326146	0.2001480737	0.1999039900	0.1996003476	0.1992372238	0.1988147886	0.1983333033	0.1977931195	0.1971946778	0.1965385060	0.1958252186	0.1950555147	0.1942301771	0.1933500711	0.1924161422	0.1914294155	0.1903909933	0.1893020534	0.1881638468	0.1869776953	0.1857449886	0.1844671814	0.1831457895	0.1817823864	0.1803785989	0.1789361027	0.1774566174	0.1759419019	0.1743937488	0.1728139788	0.1712044358	0.1695669806	0.1679034855	0.1662158289	0.1645058893	0.1627755401	0.1610266444	0.1592610496	0.1574805829	0.1556870462	0.1538822124	0.1520678207	0.1502455732	0.1484171317	0.1465841140	0.1447480919	0.1429105879	0.1410730742	0.1392369697	0.1374036396	0.1355743938	0.1337504857	0.1319331123	0.1301234133	0.1283224713	0.1265313120	0.1247509040	0.1229821603	0.1212259379	0.1194830398	0.1177542151	0.1160401606	0.1143415221	0.1126588954	0.1109928282	0.1093438213	0.1077123302	0.1060987668	0.1045035008	0.1029268618	0.1013691406	0.0998305910	0.0983114313	0.0968118464	0.0953319890	0.0938719815	0.0924319174	0.0910118630	0.0896118590	0.0882319215	0.0868720444	0.0855321999	0.0842123401	0.0829123987	0.0816322919	0.0803719196	0.0791311667	0.0779099044	0.0767079909	0.0755252726	0.0743615852	0.0732167545	0.0720905971	0.0709829218	0.0698935298	0.0688222158	0.0677687686	0.0667329718	0.0657146046	0.0647134421	0.0637292558	0.0627618148	0.0618108855	0.0608762324	0.0599576188	0.0590548067	0.0581675574	0.0572956320	0.0564387916	0.0555967976	0.0547694118	0.0539563972	0.0531575174	0.0523725378	0.0516012250	0.0508433473	0.0500986750	0.0493669803	0.0486480375	0.0479416233	0.0472475167	0.0465654993	0.0458953551	0.0452368708	0.0445898360	0.0439540428	0.0433292864	0.0427153646	0.0421120784	0.0415192316	0.0409366309	0.0403640862	0.0398014101	0.0392484185	0.0387049301	0.0381707667	0.0376457530	0.0371297167	0.0366224887
0.0844232825	0.0850083114	0.0856030832	0.0862077139	0.0868223199	0.0874470186	0.0880819282	0.0887271672	0.0893828549	0.0900491106	0.0907260539	0.0914138046	0.0921124823	0.0928222064	0.0935430958	0.0942752688	0.0950188429	0.0957739347	0.0965406594	0.0973191308	0.0981094610	0.0989117600	0.0997261355	0.1005526927	0.1013915339	0.1022427582	0.1031064608	0.1039827331	0.1048716624	0.1057733306	0.1066878148	0.1076151862	0.1085555097	0.1095088437	0.1104752390	0.1114547388	0.1124473777	0.1134531813	0.1144721652	0.1155043348	0.1165496844	0.1176081961	0.1186798395	0.1197645706	0.1208623312	0.1219730477	0.1230966304	0.1242329725	0.1253819492	0.1265434167	0.1277172109	0.1289031467	0.1301010167	0.1313105903	0.1325316122	0.1337638016	0.1350068508	0.1362604240	0.1375241565	0.1387976528	0.1400804860	0.1413721964	0.1426722899	0.1439802375	0.1452954737	0.1466173954	0.1479453609	0.1492786888	0.1506166568	0.1519585011	0.1533034154	0.1546505500	0.1559990111	0.1573478605	0.1586961148	0.1600427454	0.1613866780	0.1627267928	0.1640619246	0.1653908632	0.1667123539	0.1680250984	0.1693277555	0.1706189428	0.1718972378	0.1731611799	0.1744092725	0.1756399852	0.1768517564	0.1780429964	0.1792120906	0.1803574027	0.1814772792	0.1825700529	0.1836340474	0.1846675821	0.1856689767	0.1866365566	0.1875686581	0.1884636340	0.1893198592	0.1901357363	0.1909097018	0.1916402314	0.1923258462	0.1929651181	0.1935566754	0.1940992081	0.1945914731	0.1950322989	0.1954205900	0.1957553307	0.1960355890	0.1962605194	0.1964293657	0.1965414629	0.1965962386	0.1965932144	0.1965320065	0.1964123251	0.1962339750	0.1959968547	0.1957009551	0.1953463589	0.1949332391	0.1944618579	0.1939325649	0.1933457960	0.1927020723	0.1920019982	0.1912462608	0.1904356284	0.1895709494	0.1886531510	0.1876832379	0.1866622912	0.1855914661	0.1844719906	0.1833051630	0.1820923494	0.1808349809	0.1795345502	0.1781926082	0.1768107595	0.1753906585	0.1739340045	0.1724425365	0.1709180282	0.1693622825	0.1677771260	0.1661644029	0.1645259700	0.1628636901	0.1611794272	0.1594750406	0.1577523795	0.1560132777	0.1542595492	0.1524929829	0.1507153385	0.1489283426	0.1471336845	0.1453330129	0.1435279330	0.1417200035	0.1399107343	0.1381015843	0.1362939597	0.1344892124	0.1326886392	0.1308934806	0.1291049202	0.1273240847	0.1255520437	0.1237898096	0.1220383385	0.1202985302	0.1185712294	0.1168572261	0.1151572574	0.1134720078	0.1118021113	0.1101481520	0.1085106662	0.1068901437	0.1052870291	0.1037017240	0.1021345879	0.1005859407	0.0990560638	0.0975452019	0.0960535648	0.0945813290	0.0931286394	0.0916956109	0.0902823299	0.0888888560	0.0875152234	0.0861614427	0.0848275019	0.0835133681	0.0822189887	0.0809442929	0.0796891927	0.0784535844	0.0772373496	0.0760403562	0.0748624597	0.0737035043	0.0725633233	0.0714417406	0.0703385716	0.0692536236	0.0681866967	0.0671375849	0.0661060765	0.0650919548	0.0640949988	0.0631149836	0.0621516813	0.0612048612	0.0602742905	0.0593597347	0.0584609577	0.0575777229	0.0567097928	0.0558569301	0.0550188971	0.0541954571	0.0533863735	0.0525914112	0.0518103358	0.0510429147	0.0502889165	0.0495481119	0.0488202732	0.0481051750	0.0474025940	0.0467123094	0.0460341024	0.0453677573	0.0447130605	0.0440698013	0.0434377719	0.0428167670	0.0422065843	0.0416070245	0.0410178910	0.0404389904	0.0398701320	0.0393111283	0.0387617947	0.0382219496	0.0376914146	0.0371700138	0.0366575749	0.0361539281	0.0356589068
0.0821331420	0.0827050022	0.0832864202	0.0838775110	0.0844783906	0.0850891759	0.0857099844	0.0863409343	0.0869821443	0.0876337336	0.0882958214	0.0889685273	0.0896519709	0.0903462714	0.0910515479	0.0917679190	0.0924955023	0.0932344147	0.0939847721	0.0947466888	0.0955202777	0.0963056496	0.0971029134	0.0979121754	0.0987335392	0.0995671053	0.1004129708	0.1012712289	0.1021419687	0.1030252748	0.1039212263	0.1048298973	0.1057513556	0.1066856627	0.1076328727	0.1085930324	0.1095661804	0.1105523462	0.1115515502	0.1125638022	0.1135891015	0.1146274357	0.1156787798	0.1167430960	0.1178203321	0.1189104212	0.1200132805	0.1211288105	0.1222568941	0.1233973954	0.1245501588	0.1257150078	0.1268917441	0.1280801467	0.1292799700	0.1304909434	0.1317127699	0.1329451247	0.1341876543	0.1354399750	0.1367016719	0.1379722975	0.1392513707	0.1405383755	0.1418327596	0.1431339336	0.1444412698	0.1457541008	0.1470717189	0.1483933750	0.1497182774	0.1510455914	0.1523744385	0.1537038956	0.1550329946	0.1563607222	0.1576860195	0.1590077820	0.1603248598	0.1616360578	0.1629401365	0.1642358122	0.1655217587	0.1667966079	0.1680589515	0.1693073429	0.1705402991	0.1717563030	0.1729538061	0.1741312312	0.1752869760	0.1764194164	0.1775269102	0.1786078017	0.1796604255	0.1806831117	0.1816741906	0.1826319979	0.1835548803	0.1844412007	0.1852893443	0.1860977240	0.1868647867	0.1875890189	0.1882689528	0.1889031716	0.1894903157	0.1900290874	0.1905182566	0.1909566653	0.1913432322	0.1916769562	0.1919569204	0.1921822948	0.1923523390	0.1924664037	0.1925239322	0.1925244615	0.1924676219	0.1923531376	0.1921808254	0.1919505945	0.1916624444	0.1913164642	0.1909128308	0.1904518073	0.1899337417	0.1893590650	0.1887282904	0.1880420114	0.1873009014	0.1865057123	0.1856572735	0.1847564913	0.1838043476	0.1828018989	0.1817502753	0.1806506783	0.1795043797	0.1783127187	0.1770770996	0.1757989890	0.1744799118	0.1731214477	0.1717252267	0.1702929247	0.1688262582	0.1673269794	0.1657968705	0.1642377382	0.1626514078	0.1610397177	0.1594045134	0.1577476417	0.1560709453	0.1543762575	0.1526653965	0.1509401607	0.1492023241	0.1474536313	0.1456957940	0.1439304868	0.1421593439	0.1403839558	0.1386058667	0.1368265718	0.1350475154	0.1332700894	0.1314956312	0.1297254229	0.1279606908	0.1262026042	0.1244522755	0.1227107601	0.1209790565	0.1192581070	0.1175487976	0.1158519597	0.1141683701	0.1124987528	0.1108437799	0.1092040727	0.1075802035	0.1059726969	0.1043820311	0.1028086399	0.1012529141	0.0997152032	0.0981958171	0.0966950279	0.0952130711	0.0937501481	0.0923064273	0.0908820457	0.0894771108	0.0880917023	0.0867258733	0.0853796519	0.0840530430	0.0827460293	0.0814585731	0.0801906174	0.0789420872	0.0777128909	0.0765029213	0.0753120570	0.0741401633	0.0729870934	0.0718526893	0.0707367827	0.0696391961	0.0685597437	0.0674982318	0.0664544601	0.0654282222	0.0644193062	0.0634274955	0.0624525693	0.0614943035	0.0605524707	0.0596268411	0.0587171830	0.0578232631	0.0569448467	0.0560816987	0.0552335833	0.0544002648	0.0535815077	0.0527770769	0.0519867383	0.0512102587	0.0504474061	0.0496979502	0.0489616622	0.0482383149	0.0475276836	0.0468295453	0.0461436793	0.0454698675	0.0448078940	0.0441575455	0.0435186116	0.0428908842	0.0422741583	0.0416682316	0.0410729046	0.0404879807	0.0399132664	0.0393485710	0.0387937069	0.0382484892	0.0377127364	0.0371862696	0.0366689132	0.0361604943	0.0356608433	0.0351697933	0.0346871804
0.0798232835	0.0803816207	0.0809493222	0.0815265021	0.0821132756	0.0827097586	0.0833160681	0.0839323216	0.0845586371	0.0851951331	0.0858419286	0.0864991426	0.0871668943	0.0878453028	0.0885344869	0.0892345650	0.0899456549	0.0906678736	0.0914013372	0.0921461603	0.0929024562	0.0936703366	0.0944499108	0.0952412861	0.0960445672	0.0968598558	0.0976872503	0.0985268456	0.0993787324	0.1002429972	0.1011197215	0.1020089815	0.1029108478	0.1038253844	0.1047526488	0.1056926910	0.1066455530	0.1076112685	0.1085898616	0.1095813469	0.1105857283	0.1116029982	0.1126331374	0.1136761133	0.1147318801	0.1158003770	0.1168815281	0.1179752410	0.1190814059	0.1201998948	0.1213305603	0.1224732345	0.1236277283	0.1247938297	0.1259713032	0.1271598884	0.1283592988	0.1295692206	0.1307893117	0.1320192003	0.1332584837	0.1345067270	0.1357634619	0.1370281859	0.1383003604	0.1395794101	0.1408647215	0.1421556421	0.1434514791	0.1447514985	0.1460549244	0.1473609378	0.1486686760	0.1499772322	0.1512856544	0.1525929458	0.1538980639	0.1551999208	0.1564973830	0.1577892720	0.1590743647	0.1603513938	0.1616190493	0.1628759791	0.1641207909	0.1653520538	0.1665683002	0.1677680282	0.1689497040	0.1701117653	0.1712526239	0.1723706697	0.1734642743	0.1745317954	0.1755715806	0.1765819731	0.1775613158	0.1785079570	0.1794202557	0.1802965874	0.1811353495	0.1819349675	0.1826939010	0.1834106494	0.1840837580	0.1847118238	0.1852935011	0.1858275070	0.1863126267	0.1867477179	0.1871317155	0.1874636356	0.1877425788	0.1879677328	0.1881383754	0.1882538754	0.1883136942	0.1883173863	0.1882645988	0.1881550716	0.1879886358	0.1877652128	0.1874848124	0.1871475312	0.1867535510	0.1863031363	0.1857966334	0.1852344682	0.1846171451	0.1839452458	0.1832194282	0.1824404258	0.1816090469	0.1807261740	0.1797927634	0.1788098444	0.1777785183	0.1766999572	0.1755754028	0.1744061644	0.1731936163	0.1719391954	0.1706443978	0.1693107750	0.1679399298	0.1665335116	0.1650932119	0.1636207583	0.1621179099	0.1605864509	0.1590281852	0.1574449303	0.1558385117	0.1542107571	0.1525634903	0.1508985262	0.1492176652	0.1475226883	0.1458153521	0.1440973843	0.1423704797	0.1406362964	0.1388964519	0.1371525204	0.1354060296	0.1336584587	0.1319112359	0.1301657368	0.1284232830	0.1266851408	0.1249525207	0.1232265765	0.1215084052	0.1197990471	0.1180994857	0.1164106484	0.1147334070	0.1130685784	0.1114169258	0.1097791596	0.1081559385	0.1065478711	0.1049555173	0.1033793895	0.1018199544	0.1002776345	0.0987528099	0.0972458197	0.0957569639	0.0942865052	0.0928346701	0.0914016516	0.0899876099	0.0885926744	0.0872169457	0.0858604966	0.0845233739	0.0832056001	0.0819071746	0.0806280752	0.0793682598	0.0781276670	0.0769062182	0.0757038185	0.0745203577	0.0733557118	0.0722097438	0.0710823050	0.0699732356	0.0688823663	0.0678095185	0.0667545055	0.0657171334	0.0646972016	0.0636945037	0.0627088281	0.0617399588	0.0607876758	0.0598517557	0.0589319724	0.0580280974	0.0571399004	0.0562671496	0.0554096123	0.0545670551	0.0537392443	0.0529259464	0.0521269280	0.0513419566	0.0505708004	0.0498132286	0.0490690122	0.0483379232	0.0476197356	0.0469142253	0.0462211701	0.0455403500	0.0448715474	0.0442145470	0.0435691360	0.0429351042	0.0423122440	0.0417003507	0.0410992221	0.0405086591	0.0399284653	0.0393584473	0.0387984145	0.0382481795	0.0377075575	0.0371763669	0.0366544292	0.0361415687	0.0356376126	0.0351423912	0.0346557377	0.0341774884	0.0337074822
0.0774941396	0.0780386054	0.0785922336	0.0791551373	0.0797274307	0.0803092288	0.0809006475	0.0815018033	0.0821128136	0.0827337960	0.0833648686	0.0840061500	0.0846577586	0.0853198131	0.0859924317	0.0866757327	0.0873698334	0.0880748508	0.0887909009	0.0895180983	0.0902565567	0.0910063877	0.0917677015	0.0925406058	0.0933252060	0.0941216047	0.0949299016	0.0957501925	0.0965825698	0.0974271215	0.0982839310	0.0991530766	0.1000346309	0.1009286607	0.1018352262	0.1027543803	0.1036861683	0.1046306275	0.1055877858	0.1065576618	0.1075402640	0.1085355896	0.1095436242	0.1105643409	0.1115976995	0.1126436454	0.1137021091	0.1147730052	0.1158562310	0.1169516663	0.1180591716	0.1191785876	0.1203097340	0.1214524082	0.1226063844	0.1237714123	0.1249472160	0.1261334929	0.1273299122	0.1285361141	0.1297517082	0.1309762723	0.1322093517	0.1334504571	0.1346990641	0.1359546118	0.1372165016	0.1384840962	0.1397567183	0.1410336499	0.1423141312	0.1435973597	0.1448824896	0.1461686310	0.1474548493	0.1487401650	0.1500235533	0.1513039438	0.1525802211	0.1538512243	0.1551157482	0.1563725435	0.1576203179	0.1588577370	0.1600834262	0.1612959719	0.1624939239	0.1636757972	0.1648400751	0.1659852117	0.1671096353	0.1682117517	0.1692899484	0.1703425986	0.1713680653	0.1723647068	0.1733308808	0.1742649504	0.1751652892	0.1760302873	0.1768583567	0.1776479377	0.1783975046	0.1791055720	0.1797707004	0.1803915029	0.1809666498	0.1814948753	0.1819749818	0.1824058450	0.1827864187	0.1831157380	0.1833929234	0.1836171830	0.1837878149	0.1839042085	0.1839658458	0.1839723011	0.1839232407	0.1838184224	0.1836576937	0.1834409901	0.1831683333	0.1828398290	0.1824556643	0.1820161063	0.1815214995	0.1809722644	0.1803688959	0.1797119623	0.1790021047	0.1782400360	0.1774265410	0.1765624757	0.1756487679	0.1746864163	0.1736764901	0.1726201290	0.1715185411	0.1703730021	0.1691848533	0.1679554988	0.1666864024	0.1653790844	0.1640351174	0.1626561217	0.1612437606	0.1597997348	0.1583257773	0.1568236473	0.1552951249	0.1537420044	0.1521660889	0.1505691842	0.1489530934	0.1473196106	0.1456705162	0.1440075715	0.1423325137	0.1406470516	0.1389528610	0.1372515814	0.1355448120	0.1338341085	0.1321209809	0.1304068902	0.1286932468	0.1269814088	0.1252726803	0.1235683105	0.1218694928	0.1201773642	0.1184930052	0.1168174397	0.1151516354	0.1134965040	0.1118529019	0.1102216312	0.1086034405	0.1069990259	0.1054090326	0.1038340558	0.1022746425	0.1007312928	0.0992044614	0.0976945594	0.0962019560	0.0947269799	0.0932699212	0.0918310330	0.0904105332	0.0890086060	0.0876254038	0.0862610488	0.0849156344	0.0835892270	0.0822818675	0.0809935729	0.0797243373	0.0784741342	0.0772429170	0.0760306209	0.0748371637	0.0736624475	0.0725063597	0.0713687739	0.0702495514	0.0691485419	0.0680655846	0.0670005091	0.0659531363	0.0649232792	0.0639107440	0.0629153302	0.0619368320	0.0609750386	0.0600297347	0.0591007017	0.0581877174	0.0572905572	0.0564089944	0.0555428006	0.0546917459	0.0538555999	0.0530341314	0.0522271092	0.0514343021	0.0506554795	0.0498904116	0.0491388693	0.0484006249	0.0476754521	0.0469631261	0.0462634238	0.0455761244	0.0449010087	0.0442378600	0.0435864640	0.0429466085	0.0423180841	0.0417006838	0.0410942034	0.0404984415	0.0399131993	0.0393382810	0.0387734934	0.0382186466	0.0376735533	0.0371380293	0.0366118932	0.0360949667	0.0355870745	0.0350880440	0.0345977060	0.0341158937	0.0336424436	0.0331771950	0.0327199901
0.0751461577	0.0756764096	0.0762156139	0.0767638825	0.0773213284	0.0778880652	0.0784642078	0.0790498715	0.0796451726	0.0802502276	0.0808651539	0.0814900689	0.0821250903	0.0827703359	0.0834259234	0.0840919702	0.0847685934	0.0854559094	0.0861540338	0.0868630811	0.0875831648	0.0883143968	0.0890568870	0.0898107438	0.0905760729	0.0913529774	0.0921415578	0.0929419110	0.0937541304	0.0945783053	0.0954145205	0.0962628563	0.0971233871	0.0979961819	0.0988813032	0.0997788068	0.1006887410	0.1016111459	0.1025460534	0.1034934858	0.1044534555	0.1054259644	0.1064110028	0.1074085489	0.1084185680	0.1094410115	0.1104758160	0.1115229028	0.1125821762	0.1136535235	0.1147368130	0.1158318939	0.1169385945	0.1180567213	0.1191860583	0.1203263653	0.1214773770	0.1226388018	0.1238103205	0.1249915853	0.1261822181	0.1273818100	0.1285899193	0.1298060710	0.1310297549	0.1322604249	0.1334974977	0.1347403516	0.1359883256	0.1372407181	0.1384967861	0.1397557447	0.1410167654	0.1422789762	0.1435414610	0.1448032586	0.1460633629	0.1473207226	0.1485742410	0.1498227769	0.1510651441	0.1523001126	0.1535264097	0.1547427204	0.1559476892	0.1571399220	0.1583179876	0.1594804202	0.1606257216	0.1617523647	0.1628587962	0.1639434403	0.1650047023	0.1660409730	0.1670506332	0.1680320583	0.1689836232	0.1699037080	0.1707907032	0.1716430155	0.1724590740	0.1732373356	0.1739762918	0.1746744743	0.1753304615	0.1759428840	0.1765104308	0.1770318550	0.1775059785	0.1779316973	0.1783079861	0.1786339015	0.1789085860	0.1791312703	0.1793012755	0.1794180141	0.1794809909	0.1794898025	0.1794441370	0.1793437724	0.1791885747	0.1789784957	0.1787135707	0.1783939157	0.1780197249	0.1775912679	0.1771088880	0.1765729998	0.1759840881	0.1753427067	0.1746494778	0.1739050916	0.1731103068	0.1722659503	0.1713729179	0.1704321746	0.1694447544	0.1684117606	0.1673343646	0.1662138051	0.1650513869	0.1638484778	0.1626065065	0.1613269592	0.1600113750	0.1586613423	0.1572784935	0.1558644997	0.1544210653	0.1529499222	0.1514528237	0.1499315387	0.1483878456	0.1468235262	0.1452403601	0.1436401187	0.1420245601	0.1403954236	0.1387544251	0.1371032520	0.1354435596	0.1337769664	0.1321050515	0.1304293504	0.1287513532	0.1270725011	0.1253941854	0.1237177447	0.1220444644	0.1203755748	0.1187122511	0.1170556121	0.1154067208	0.1137665836	0.1121361513	0.1105163190	0.1089079269	0.1073117615	0.1057285560	0.1041589920	0.1026037001	0.1010632621	0.0995382115	0.0980290357	0.0965361775	0.0950600362	0.0936009699	0.0921592968	0.0907352972	0.0893292145	0.0879412580	0.0865716035	0.0852203957	0.0838877493	0.0825737512	0.0812784615	0.0800019155	0.0787441248	0.0775050790	0.0762847470	0.0750830787	0.0739000056	0.0727354427	0.0715892897	0.0704614316	0.0693517403	0.0682600756	0.0671862863	0.0661302106	0.0650916779	0.0640705088	0.0630665167	0.0620795079	0.0611092829	0.0601556367	0.0592183596	0.0582972378	0.0573920542	0.0565025884	0.0556286178	0.0547699179	0.0539262623	0.0530974238	0.0522831744	0.0514832856	0.0506975290	0.0499256763	0.0491675000	0.0484227732	0.0476912701	0.0469727662	0.0462670383	0.0455738652	0.0448930271	0.0442243066	0.0435674880	0.0429223582	0.0422887061	0.0416663235	0.0410550042	0.0404545450	0.0398647453	0.0392854070	0.0387163352	0.0381573374	0.0376082243	0.0370688093	0.0365389087	0.0360183418	0.0355069308	0.0350045009	0.0345108801	0.0340258995	0.0335493929	0.0330811974	0.0326211525	0.0321691009	0.0317248882
0.0727797993	0.0732955014	0.0738199378	0.0743532192	0.0748954568	0.0754467630	0.0760072512	0.0765770355	0.0771562306	0.0777449521	0.0783433159	0.0789514383	0.0795694360	0.0801974257	0.0808355241	0.0814838479	0.0821425132	0.0828116358	0.0834913306	0.0841817118	0.0848828923	0.0855949837	0.0863180961	0.0870523375	0.0877978139	0.0885546288	0.0893228830	0.0901026740	0.0908940961	0.0916972396	0.0925121905	0.0933390302	0.0941778352	0.0950286761	0.0958916175	0.0967667176	0.0976540273	0.0985535898	0.0994654399	0.1003896035	0.1013260969	0.1022749261	0.1032360859	0.1042095594	0.1051953170	0.1061933158	0.1072034983	0.1082257922	0.1092601089	0.1103063425	0.1113643693	0.1124340464	0.1135152109	0.1146076784	0.1157112423	0.1168256726	0.1179507144	0.1190860872	0.1202314834	0.1213865672	0.1225509732	0.1237243056	0.1249061364	0.1260960046	0.1272934148	0.1284978360	0.1297087006	0.1309254032	0.1321472992	0.1333737044	0.1346038933	0.1358370989	0.1370725112	0.1383092772	0.1395464998	0.1407832373	0.1420185036	0.1432512674	0.1444804525	0.1457049381	0.1469235590	0.1481351060	0.1493383273	0.1505319291	0.1517145771	0.1528848981	0.1540414819	0.1551828838	0.1563076265	0.1574142036	0.1585010822	0.1595667069	0.1606095032	0.1616278821	0.1626202438	0.1635849834	0.1645204953	0.1654251787	0.1662974433	0.1671357148	0.1679384412	0.1687040987	0.1694311978	0.1701182896	0.1707639722	0.1713668963	0.1719257714	0.1724393716	0.1729065404	0.1733261963	0.1736973367	0.1740190423	0.1742904797	0.1745109046	0.1746796633	0.1747961939	0.1748600264	0.1748707825	0.1748281743	0.1747320026	0.1745821541	0.1743785993	0.1741213889	0.1738106509	0.1734465875	0.1730294720	0.1725596465	0.1720375197	0.1714635653	0.1708383211	0.1701623888	0.1694364338	0.1686611857	0.1678374392	0.1669660553	0.1660479616	0.1650841534	0.1640756940	0.1630237145	0.1619294135	0.1607940555	0.1596189691	0.1584055447	0.1571552310	0.1558695312	0.1545499989	0.1531982329	0.1518158721	0.1504045897	0.1489660877	0.1475020907	0.1460143394	0.1445045852	0.1429745835	0.1414260884	0.1398608461	0.1382805903	0.1366870361	0.1350818758	0.1334667736	0.1318433616	0.1302132361	0.1285779535	0.1269390275	0.1252979263	0.1236560698	0.1220148280	0.1203755190	0.1187394074	0.1171077036	0.1154815629	0.1138620850	0.1122503138	0.1106472375	0.1090537885	0.1074708447	0.1058992293	0.1043397121	0.1027930107	0.1012597911	0.0997406692	0.0982362125	0.0967469411	0.0952733293	0.0938158073	0.0923747628	0.0909505427	0.0895434546	0.0881537687	0.0867817193	0.0854275066	0.0840912983	0.0827732315	0.0814734140	0.0801919259	0.0789288217	0.0776841309	0.0764578604	0.0752499953	0.0740605008	0.0728893231	0.0717363907	0.0706016163	0.0694848971	0.0683861165	0.0673051452	0.0662418419	0.0651960546	0.0641676215	0.0631563717	0.0621621265	0.0611846996	0.0602238983	0.0592795242	0.0583513737	0.0574392388	0.0565429074	0.0556621644	0.0547967918	0.0539465693	0.0531112747	0.0522906846	0.0514845745	0.0506927193	0.0499148937	0.0491508724	0.0484004305	0.0476633437	0.0469393886	0.0462283429	0.0455299856	0.0448440974	0.0441704604	0.0435088588	0.0428590788	0.0422209086	0.0415941388	0.0409785623	0.0403739744	0.0397801731	0.0391969588	0.0386241348	0.0380615070	0.0375088841	0.0369660776	0.0364329018	0.0359091740	0.0353947144	0.0348893459	0.0343928944	0.0339051889	0.0334260610	0.0329553454	0.0324928795	0.0320385040	0.0315920619	0.0311533995	0.0307223656
0.0703955401	0.0708963633	0.0714056951	0.0719236440	0.0724503200	0.0729858336	0.0735302967	0.0740838218	0.0746465221	0.0752185116	0.0757999047	0.0763908166	0.0769913623	0.0776016574	0.0782218174	0.0788519577	0.0794921935	0.0801426395	0.0808034099	0.0814746179	0.0821563759	0.0828487948	0.0835519843	0.0842660521	0.0849911040	0.0857272435	0.0864745716	0.0872331860	0.0880031815	0.0887846491	0.0895776757	0.0903823437	0.0911987309	0.0920269095	0.0928669458	0.0937189001	0.0945828255	0.0954587677	0.0963467647	0.0972468453	0.0981590294	0.0990833268	0.1000197365	0.1009682462	0.1019288312	0.1029014538	0.1038860624	0.1048825908	0.1058909568	0.1069110618	0.1079427894	0.1089860048	0.1100405534	0.1111062597	0.1121829267	0.1132703342	0.1143682380	0.1154763685	0.1165944297	0.1177220980	0.1188590207	0.1200048152	0.1211590673	0.1223213304	0.1234911241	0.1246679330	0.1258512055	0.1270403529	0.1282347478	0.1294337237	0.1306365734	0.1318425486	0.1330508586	0.1342606701	0.1354711061	0.1366812457	0.1378901235	0.1390967297	0.1403000099	0.1414988650	0.1426921522	0.1438786848	0.1450572335	0.1462265273	0.1473852549	0.1485320660	0.1496655735	0.1507843554	0.1518869575	0.1529718962	0.1540376614	0.1550827201	0.1561055204	0.1571044952	0.1580780672	0.1590246531	0.1599426689	0.1608305355	0.1616866838	0.1625095609	0.1632976361	0.1640494066	0.1647634045	0.1654382023	0.1660724197	0.1666647296	0.1672138641	0.1677186201	0.1681778650	0.1685905415	0.1689556722	0.1692723633	0.1695398082	0.1697572896	0.1699241814	0.1700399496	0.1701041520	0.1701164379	0.1700765461	0.1699843023	0.1698396170	0.1696424812	0.1693929634	0.1690912052	0.1687374183	0.1683318804	0.1678749329	0.1673669783	0.1668084785	0.1661999541	0.1655419841	0.1648352065	0.1640803193	0.1632780820	0.1624293169	0.1615349110	0.1605958170	0.1596130549	0.1585877119	0.1575209426	0.1564139683	0.1552680751	0.1540846118	0.1528649870	0.1516106651	0.1503231621	0.1490040407	0.1476549050	0.1462773948	0.1448731798	0.1434439530	0.1419914252	0.1405173182	0.1390233589	0.1375112733	0.1359827806	0.1344395873	0.1328833827	0.1313158328	0.1297385767	0.1281532214	0.1265613384	0.1249644599	0.1233640757	0.1217616301	0.1201585201	0.1185560927	0.1169556435	0.1153584151	0.1137655965	0.1121783216	0.1105976697	0.1090246644	0.1074602744	0.1059054132	0.1043609400	0.1028276604	0.1013063269	0.0997976404	0.0983022510	0.0968207594	0.0953537183	0.0939016337	0.0924649668	0.0910441352	0.0896395145	0.0882514402	0.0868802095	0.0855260823	0.0841892838	0.0828700054	0.0815684069	0.0802846178	0.0790187390	0.0777708445	0.0765409829	0.0753291788	0.0741354343	0.0729597307	0.0718020294	0.0706622736	0.0695403893	0.0684362868	0.0673498618	0.0662809964	0.0652295602	0.0641954115	0.0631783981	0.0621783583	0.0611951218	0.0602285104	0.0592783392	0.0583444167	0.0574265461	0.0565245257	0.0556381493	0.0547672074	0.0539114872	0.0530707733	0.0522448483	0.0514334929	0.0506364869	0.0498536090	0.0490846374	0.0483293502	0.0475875259	0.0468589430	0.0461433811	0.0454406206	0.0447504429	0.0440726311	0.0434069698	0.0427532451	0.0421112453	0.0414807606	0.0408615833	0.0402535081	0.0396563321	0.0390698546	0.0384938777	0.0379282061	0.0373726470	0.0368270105	0.0362911093	0.0357647591	0.0352477782	0.0347399878	0.0342412121	0.0337512781	0.0332700156	0.0327972572	0.0323328388	0.0318765986	0.0314283780	0.0309880213	0.0305553752	0.0301302897	0.0297126173
0.0679938696	0.0684794923	0.0689733898	0.0694756689	0.0699864375	0.0705058045	0.0710338798	0.0715707740	0.0721165988	0.0726714663	0.0732354892	0.0738087811	0.0743914554	0.0749836262	0.0755854074	0.0761969132	0.0768182573	0.0774495532	0.0780909138	0.0787424515	0.0794042775	0.0800765020	0.0807592338	0.0814525802	0.0821566463	0.0828715354	0.0835973482	0.0843341825	0.0850821332	0.0858412916	0.0866117452	0.0873935773	0.0881868663	0.0889916858	0.0898081036	0.0906361815	0.0914759748	0.0923275313	0.0931908914	0.0940660870	0.0949531411	0.0958520670	0.0967628676	0.0976855348	0.0986200485	0.0995663761	0.1005244715	0.1014942742	0.1024757085	0.1034686824	0.1044730870	0.1054887951	0.1065156603	0.1075535161	0.1086021747	0.1096614258	0.1107310355	0.1118107455	0.1129002711	0.1139993010	0.1151074954	0.1162244848	0.1173498692	0.1184832167	0.1196240620	0.1207719056	0.1219262125	0.1230864109	0.1242518913	0.1254220054	0.1265960649	0.1277733411	0.1289530635	0.1301344191	0.1313165522	0.1324985634	0.1336795097	0.1348584037	0.1360342139	0.1372058648	0.1383722370	0.1395321681	0.1406844530	0.1418278453	0.1429610582	0.1440827664	0.1451916078	0.1462861852	0.1473650697	0.1484268023	0.1494698981	0.1504928490	0.1514941275	0.1524721913	0.1534254873	0.1543524564	0.1552515386	0.1561211787	0.1569598312	0.1577659668	0.1585380781	0.1592746859	0.1599743455	0.1606356531	0.1612572523	0.1618378397	0.1623761721	0.1628710712	0.1633214301	0.1637262175	0.1640844831	0.1643953609	0.1646580726	0.1648719303	0.1650363377	0.1651507910	0.1652148785	0.1652282792	0.1651907613	0.1651021785	0.1649624672	0.1647716416	0.1645297900	0.1642370700	0.1638937038	0.1634999751	0.1630562247	0.1625628487	0.1620202966	0.1614290700	0.1607897236	0.1601028654	0.1593691588	0.1585893244	0.1577641427	0.1568944561	0.1559811712	0.1550252608	0.1540277647	0.1529897902	0.1519125119	0.1507971703	0.1496450698	0.1484575759	0.1472361115	0.1459821526	0.1446972233	0.1433828905	0.1420407583	0.1406724615	0.1392796599	0.1378640315	0.1364272665	0.1349710609	0.1334971106	0.1320071051	0.1305027221	0.1289856221	0.1274574435	0.1259197974	0.1243742638	0.1228223875	0.1212656742	0.1197055877	0.1181435472	0.1165809242	0.1150190413	0.1134591699	0.1119025290	0.1103502845	0.1088035479	0.1072633764	0.1057307724	0.1042066837	0.1026920038	0.1011875727	0.0996941771	0.0982125516	0.0967433797	0.0952872950	0.0938448823	0.0924166794	0.0910031778	0.0896048251	0.0882220259	0.0868551438	0.0855045030	0.0841703897	0.0828530542	0.0815527120	0.0802695463	0.0790037086	0.0777553213	0.0765244788	0.0753112489	0.0741156749	0.0729377765	0.0717775517	0.0706349778	0.0695100133	0.0684025985	0.0673126574	0.0662400986	0.0651848162	0.0641466917	0.0631255941	0.0621213816	0.0611339024	0.0601629953	0.0592084910	0.0582702127	0.0573479766	0.0564415934	0.0555508682	0.0546756015	0.0538155899	0.0529706263	0.0521405009	0.0513250014	0.0505239137	0.0497370218	0.0489641090	0.0482049577	0.0474593498	0.0467270675	0.0460078929	0.0453016088	0.0446079988	0.0439268473	0.0432579402	0.0426010648	0.0419560099	0.0413225660	0.0407005258	0.0400896838	0.0394898367	0.0389007837	0.0383223261	0.0377542679	0.0371964154	0.0366485777	0.0361105664	0.0355821958	0.0350632832	0.0345536483	0.0340531139	0.0335615054	0.0330786511	0.0326043822	0.0321385326	0.0316809393	0.0312314417	0.0307898825	0.0303561069	0.0299299629	0.0295113015	0.0290999761	0.0286958433
0.0655752907	0.0660453990	0.0665235407	0.0670098205	0.0675043443	0.0680072189	0.0685185520	0.0690384524	0.0695670297	0.0701043941	0.0706506564	0.0712059281	0.0717703210	0.0723439473	0.0729269192	0.0735193492	0.0741213494	0.0747330317	0.0753545078	0.0759858885	0.0766272839	0.0772788029	0.0779405534	0.0786126416	0.0792951720	0.0799882472	0.0806919673	0.0814064299	0.0821317296	0.0828679578	0.0836152022	0.0843735464	0.0851430696	0.0859238461	0.0867159449	0.0875194291	0.0883343556	0.0891607742	0.0899987274	0.0908482497	0.0917093669	0.0925820955	0.0934664419	0.0943624019	0.0952699599	0.0961890880	0.0971197451	0.0980618764	0.0990154123	0.0999802673	0.1009563395	0.1019435093	0.1029416385	0.1039505690	0.1049701223	0.1060000978	0.1070402721	0.1080903977	0.1091502016	0.1102193846	0.1112976197	0.1123845512	0.1134797931	0.1145829282	0.1156935069	0.1168110458	0.1179350268	0.1190648956	0.1202000610	0.1213398936	0.1224837247	0.1236308457	0.1247805070	0.1259319172	0.1270842426	0.1282366066	0.1293880894	0.1305377273	0.1316845132	0.1328273963	0.1339652826	0.1350970351	0.1362214747	0.1373373814	0.1384434948	0.1395385164	0.1406211110	0.1416899087	0.1427435074	0.1437804756	0.1447993553	0.1457986656	0.1467769061	0.1477325613	0.1486641048	0.1495700041	0.1504487256	0.1512987400	0.1521185280	0.1529065861	0.1536614323	0.1543816133	0.1550657097	0.1557123434	0.1563201834	0.1568879527	0.1574144340	0.1578984758	0.1583389984	0.1587349987	0.1590855548	0.1593898303	0.1596470775	0.1598566394	0.1600179518	0.1601305432	0.1601940346	0.1602081378	0.1601726526	0.1600874635	0.1599525353	0.1597679085	0.1595336934	0.1592500655	0.1589172599	0.1585355666	0.1581053270	0.1576269307	0.1571008136	0.1565274574	0.1559073897	0.1552411862	0.1545294723	0.1537729264	0.1529722834	0.1521283373	0.1512419448	0.1503140278	0.1493455749	0.1483376429	0.1472913563	0.1462079072	0.1450885526	0.1439346125	0.1427474657	0.1415285457	0.1402793358	0.1390013635	0.1376961947	0.1363654276	0.1350106861	0.1336336135	0.1322358661	0.1308191069	0.1293849992	0.1279352009	0.1264713583	0.1249951012	0.1235080378	0.1220117493	0.1205077866	0.1189976653	0.1174828630	0.1159648154	0.1144449142	0.1129245041	0.1114048811	0.1098872909	0.1083729274	0.1068629317	0.1053583914	0.1038603404	0.1023697585	0.1008875717	0.0994146525	0.0979518204	0.0964998424	0.0950594346	0.0936312624	0.0922159423	0.0908140427	0.0894260858	0.0880525484	0.0866938643	0.0853504249	0.0840225816	0.0827106470	0.0814148965	0.0801355705	0.0788728754	0.0776269857	0.0763980453	0.0751861695	0.0739914461	0.0728139374	0.0716536814	0.0705106934	0.0693849675	0.0682764777	0.0671851794	0.0661110110	0.0650538945	0.0640137372	0.0629904325	0.0619838612	0.0609938925	0.0600203850	0.0590631875	0.0581221399	0.0571970744	0.0562878157	0.0553941823	0.0545159869	0.0536530372	0.0528051365	0.0519720842	0.0511536766	0.0503497071	0.0495599670	0.0487842457	0.0480223311	0.0472740105	0.0465390703	0.0458172966	0.0451084758	0.0444123943	0.0437288394	0.0430575991	0.0423984624	0.0417512198	0.0411156631	0.0404915857	0.0398787829	0.0392770521	0.0386861923	0.0381060052	0.0375362944	0.0369768661	0.0364275288	0.0358880936	0.0353583741	0.0348381867	0.0343273503	0.0338256866	0.0333330199	0.0328491775	0.0323739893	0.0319072880	0.0314489092	0.0309986912	0.0305564750	0.0301221046	0.0296954267	0.0292762906	0.0288645486	0.0284600554	0.0280626688	0.0276722490
0.0631403199	0.0635946080	0.0640566806	0.0645266401	0.0650045901	0.0654906351	0.0659848808	0.0664874335	0.0669984006	0.0675178902	0.0680460110	0.0685828722	0.0691285836	0.0696832554	0.0702469978	0.0708199212	0.0714021360	0.0719937524	0.0725948802	0.0732056285	0.0738261060	0.0744564202	0.0750966774	0.0757469829	0.0764074399	0.0770781500	0.0777592127	0.0784507248	0.0791527804	0.0798654705	0.0805888828	0.0813231010	0.0820682045	0.0828242681	0.0835913616	0.0843695492	0.0851588888	0.0859594321	0.0867712232	0.0875942990	0.0884286876	0.0892744084	0.0901314712	0.0909998753	0.0918796090	0.0927706490	0.0936729590	0.0945864895	0.0955111766	0.0964469414	0.0973936885	0.0983513058	0.0993196628	0.1002986101	0.1012879780	0.1022875758	0.1032971902	0.1043165845	0.1053454974	0.1063836420	0.1074307041	0.1084863416	0.1095501828	0.1106218256	0.1117008362	0.1127867476	0.1138790590	0.1149772341	0.1160807003	0.1171888478	0.1183010281	0.1194165535	0.1205346961	0.1216546868	0.1227757151	0.1238969281	0.1250174302	0.1261362830	0.1272525048	0.1283650712	0.1294729146	0.1305749255	0.1316699524	0.1327568031	0.1338342459	0.1349010109	0.1359557918	0.1369972479	0.1380240064	0.1390346653	0.1400277960	0.1410019469	0.1419556471	0.1428874104	0.1437957393	0.1446791305	0.1455360789	0.1463650840	0.1471646546	0.1479333151	0.1486696117	0.1493721184	0.1500394438	0.1506702371	0.1512631949	0.1518170678	0.1523306666	0.1528028682	0.1532326215	0.1536189530	0.1539609712	0.1542578706	0.1545089355	0.1547135420	0.1548711596	0.1549813514	0.1550437733	0.1550581720	0.1550243819	0.1549423210	0.1548119855	0.1546334445	0.1544068335	0.1541323480	0.1538102377	0.1534408009	0.1530243799	0.1525613578	0.1520521562	0.1514972351	0.1508970932	0.1502522705	0.1495633514	0.1488309684	0.1480558066	0.1472386079	0.1463801752	0.1454813756	0.1445431431	0.1435664804	0.1425524594	0.1415022203	0.1404169706	0.1392979820	0.1381465870	0.1369641746	0.1357521851	0.1345121045	0.1332454585	0.1319538064	0.1306387342	0.1293018486	0.1279447697	0.1265691251	0.1251765437	0.1237686491	0.1223470543	0.1209133562	0.1194691302	0.1180159258	0.1165552621	0.1150886239	0.1136174581	0.1121431706	0.1106671234	0.1091906327	0.1077149661	0.1062413417	0.1047709266	0.1033048357	0.1018441312	0.1003898224	0.0989428653	0.0975041629	0.0960745653	0.0946548709	0.0932458263	0.0918481279	0.0904624225	0.0890893087	0.0877293383	0.0863830173	0.0850508077	0.0837331288	0.0824303588	0.0811428367	0.0798708633	0.0786147036	0.0773745877	0.0761507130	0.0749432456	0.0737523218	0.0725780500	0.0714205119	0.0702797642	0.0691558402	0.0680487510	0.0669584870	0.0658850194	0.0648283012	0.0637882688	0.0627648429	0.0617579298	0.0607674226	0.0597932022	0.0588351382	0.0578930899	0.0569669074	0.0560564321	0.0551614981	0.0542819323	0.0534175557	0.0525681836	0.0517336268	0.0509136917	0.0501081812	0.0493168951	0.0485396307	0.0477761831	0.0470263459	0.0462899114	0.0455666710	0.0448564155	0.0441589359	0.0434740229	0.0428014678	0.0421410627	0.0414926003	0.0408558746	0.0402306810	0.0396168162	0.0390140787	0.0384222687	0.0378411885	0.0372706423	0.0367104367	0.0361603803	0.0356202842	0.0350899619	0.0345692295	0.0340579055	0.0335558111	0.0330627701	0.0325786089	0.0321031568	0.0316362456	0.0311777099	0.0307273872	0.0302851174	0.0298507436	0.0294241112	0.0290050686	0.0285934668	0.0281891596	0.0277920034	0.0274018573	0.0270185831	0.0266420450
0.0606894866	0.0611276571	0.0615733559	0.0620266829	0.0624877392	0.0629566269	0.0634334492	0.0639183099	0.0644113139	0.0649125670	0.0654221755	0.0659402462	0.0664668866	0.0670022045	0.0675463080	0.0680993053	0.0686613047	0.0692324142	0.0698127415	0.0704023942	0.0710014787	0.0716101011	0.0722283659	0.0728563769	0.0734942359	0.0741420433	0.0747998973	0.0754678938	0.0761461261	0.0768346846	0.0775336565	0.0782431251	0.0789631699	0.0796938659	0.0804352833	0.0811874867	0.0819505354	0.0827244819	0.0835093721	0.0843052445	0.0851121296	0.0859300493	0.0867590161	0.0875990327	0.0884500912	0.0893121722	0.0901852442	0.0910692626	0.0919641690	0.0928698906	0.0937863385	0.0947134078	0.0956509755	0.0965989007	0.0975570224	0.0985251595	0.0995031088	0.1004906445	0.1014875169	0.1024934510	0.1035081459	0.1045312730	0.1055624752	0.1066013656	0.1076475262	0.1087005071	0.1097598248	0.1108249616	0.1118953642	0.1129704425	0.1140495692	0.1151320779	0.1162172634	0.1173043798	0.1183926406	0.1194812176	0.1205692408	0.1216557980	0.1227399347	0.1238206537	0.1248969159	0.1259676404	0.1270317051	0.1280879478	0.1291351669	0.1301721232	0.1311975415	0.1322101123	0.1332084944	0.1341913172	0.1351571842	0.1361046754	0.1370323518	0.1379387586	0.1388224302	0.1396818944	0.1405156775	0.1413223096	0.1421003303	0.1428482944	0.1435647781	0.1442483853	0.1448977539	0.1455115628	0.1460885379	0.1466274592	0.1471271670	0.1475865680	0.1480046415	0.1483804446	0.1487131173	0.1490018868	0.1492460705	0.1494450792	0.1495984177	0.1497056855	0.1497665754	0.1497808717	0.1497484457	0.1496692516	0.1495433203	0.1493707523	0.1491517110	0.1488864147	0.1485751300	0.1482181649	0.1478158636	0.1473686026	0.1468767887	0.1463408583	0.1457612789	0.1451385518	0.1444732166	0.1437658561	0.1430171016	0.1422276388	0.1413982126	0.1405296317	0.1396227722	0.1386785795	0.1376980696	0.1366823288	0.1356325123	0.1345498416	0.1334356008	0.1322911324	0.1311178316	0.1299171412	0.1286905450	0.1274395612	0.1261657362	0.1248706375	0.1235558473	0.1222229558	0.1208735549	0.1195092321	0.1181315645	0.1167421138	0.1153424206	0.1139340003	0.1125183381	0.1110968855	0.1096710569	0.1082422261	0.1068117237	0.1053808349	0.1039507974	0.1025228002	0.1010979815	0.0996774286	0.0982621769	0.0968532095	0.0954514575	0.0940577995	0.0926730627	0.0912980228	0.0899334054	0.0885798864	0.0872380934	0.0859086066	0.0845919602	0.0832886440	0.0819991045	0.0807237466	0.0794629350	0.0782169958	0.0769862186	0.0757708571	0.0745711319	0.0733872311	0.0722193125	0.0710675052	0.0699319107	0.0688126049	0.0677096393	0.0666230427	0.0655528222	0.0644989652	0.0634614401	0.0624401981	0.0614351739	0.0604462873	0.0594734444	0.0585165381	0.0575754499	0.0566500501	0.0557401995	0.0548457497	0.0539665444	0.0531024197	0.0522532054	0.0514187252	0.0505987978	0.0497932373	0.0490018538	0.0482244541	0.0474608420	0.0467108191	0.0459741848	0.0452507372	0.0445402733	0.0438425892	0.0431574808	0.0424847437	0.0418241739	0.0411755678	0.0405387224	0.0399134359	0.0392995074	0.0386967375	0.0381049283	0.0375238835	0.0369534088	0.0363933116	0.0358434016	0.0353034905	0.0347733922	0.0342529233	0.0337419022	0.0332401504	0.0327474915	0.0322637518	0.0317887602	0.0313223482	0.0308643500	0.0304146024	0.0299729450	0.0295392199	0.0291132720	0.0286949489	0.0282841010	0.0278805810	0.0274842447	0.0270949502	0.0267125584	0.0263369328	0.0259679394	0.0256054468
0.0582233327	0.0586450972	0.0590741267	0.0595105183	0.0599543705	0.0604057827	0.0608648553	0.0613316897	0.0618063880	0.0622890533	0.0627797893	0.0632787004	0.0637858913	0.0643014674	0.0648255342	0.0653581976	0.0658995633	0.0664497372	0.0670088246	0.0675769309	0.0681541604	0.0687406171	0.0693364038	0.0699416222	0.0705563725	0.0711807536	0.0718148621	0.0724587927	0.0731126376	0.0737764862	0.0744504247	0.0751345360	0.0758288993	0.0765335892	0.0772486760	0.0779742249	0.0787102954	0.0794569412	0.0802142093	0.0809821395	0.0817607644	0.0825501078	0.0833501851	0.0841610017	0.0849825532	0.0858148239	0.0866577867	0.0875114016	0.0883756156	0.0892503614	0.0901355567	0.0910311033	0.0919368858	0.0928527711	0.0937786073	0.0947142224	0.0956594233	0.0966139950	0.0975776992	0.0985502733	0.0995314292	0.1005208521	0.1015181996	0.1025231000	0.1035351517	0.1045539217	0.1055789447	0.1066097216	0.1076457188	0.1086863669	0.1097310599	0.1107791539	0.1118299668	0.1128827769	0.1139368226	0.1149913015	0.1160453704	0.1170981445	0.1181486974	0.1191960611	0.1202392261	0.1212771420	0.1223087178	0.1233328227	0.1243482875	0.1253539056	0.1263484347	0.1273305991	0.1282990910	0.1292525740	0.1301896854	0.1311090397	0.1320092319	0.1328888415	0.1337464368	0.1345805795	0.1353898295	0.1361727502	0.1369279142	0.1376539090	0.1383493429	0.1390128518	0.1396431053	0.1402388135	0.1407987335	0.1413216761	0.1418065126	0.1422521809	0.1426576916	0.1430221338	0.1433446801	0.1436245911	0.1438612188	0.1440540094	0.1442025046	0.1443063417	0.1443652526	0.1443790609	0.1443476777	0.1442710961	0.1441493844	0.1439826780	0.1437711711	0.1435151081	0.1432147746	0.1428704902	0.1424826021	0.1420514808	0.1415775170	0.1410611221	0.1405027294	0.1399027987	0.1392618206	0.1385803241	0.1378588825	0.1370981209	0.1362987225	0.1354614339	0.1345870697	0.1336765151	0.1327307278	0.1317507378	0.1307376460	0.1296926216	0.1286168988	0.1275117718	0.1263785893	0.1252187489	0.1240336907	0.1228248905	0.1215938527	0.1203421041	0.1190711868	0.1177826512	0.1164780503	0.1151589331	0.1138268388	0.1124832913	0.1111297944	0.1097678268	0.1083988376	0.1070242431	0.1056454226	0.1042637159	0.1028804199	0.1014967874	0.1001140239	0.0987332873	0.0973556856	0.0959822768	0.0946140679	0.0932520147	0.0918970217	0.0905499424	0.0892115794	0.0878826853	0.0865639635	0.0852560688	0.0839596086	0.0826751444	0.0814031924	0.0801442255	0.0788986744	0.0776669293	0.0764493412	0.0752462235	0.0740578539	0.0728844754	0.0717262986	0.0705835028	0.0694562376	0.0683446248	0.0672487594	0.0661687116	0.0651045282	0.0640562335	0.0630238314	0.0620073062	0.0610066242	0.0600217349	0.0590525720	0.0580990550	0.0571610895	0.0562385693	0.0553313766	0.0544393832	0.0535624516	0.0527004356	0.0518531812	0.0510205274	0.0502023072	0.0493983476	0.0486084710	0.0478324953	0.0470702349	0.0463215006	0.0455861011	0.0448638422	0.0441545285	0.0434579629	0.0427739474	0.0421022834	0.0414427719	0.0407952141	0.0401594111	0.0395351650	0.0389222782	0.0383205546	0.0377297987	0.0371498169	0.0365804168	0.0360214078	0.0354726012	0.0349338100	0.0344048495	0.0338855369	0.0333756919	0.0328751363	0.0323836944	0.0319011928	0.0314274607	0.0309623296	0.0305056340	0.0300572104	0.0296168984	0.0291845399	0.0287599795	0.0283430646	0.0279336448	0.0275315729	0.0271367038	0.0267488954	0.0263680079	0.0259939043	0.0256264499	0.0252655128	0.0249109635	0.0245626750
0.0557424127	0.0561474921	0.0565595661	0.0569787290	0.0574050765	0.0578387050	0.0582797122	0.0587281964	0.0591842570	0.0596479942	0.0601195088	0.0605989024	0.0610862771	0.0615817352	0.0620853797	0.0625973136	0.0631176402	0.0636464625	0.0641838836	0.0647300061	0.0652849322	0.0658487634	0.0664216003	0.0670035426	0.0675946884	0.0681951346	0.0688049762	0.0694243062	0.0700532154	0.0706917918	0.0713401207	0.0719982839	0.0726663597	0.0733444226	0.0740325423	0.0747307842	0.0754392079	0.0761578676	0.0768868113	0.0776260799	0.0783757074	0.0791357196	0.0799061339	0.0806869586	0.0814781922	0.0822798225	0.0830918262	0.0839141681	0.0847467999	0.0855896599	0.0864426718	0.0873057440	0.0881787684	0.0890616199	0.0899541549	0.0908562106	0.0917676041	0.0926881309	0.0936175641	0.0945556534	0.0955021235	0.0964566738	0.0974189762	0.0983886748	0.0993653844	0.1003486893	0.1013381425	0.1023332641	0.1033335406	0.1043384238	0.1053473296	0.1063596374	0.1073746888	0.1083917873	0.1094101970	0.1104291425	0.1114478083	0.1124653383	0.1134808356	0.1144933628	0.1155019415	0.1165055533	0.1175031400	0.1184936042	0.1194758109	0.1204485881	0.1214107287	0.1223609924	0.1232981076	0.1242207741	0.1251276658	0.1260174336	0.1268887093	0.1277401091	0.1285702378	0.1293776934	0.1301610719	0.1309189726	0.1316500033	0.1323527866	0.1330259652	0.1336682091	0.1342782215	0.1348547454	0.1353965708	0.1359025410	0.1363715595	0.1368025964	0.1371946948	0.1375469765	0.1378586474	0.1381290023	0.1383574283	0.1385434080	0.1386865208	0.1387864434	0.1388429478	0.1388558991	0.1388252504	0.1387510365	0.1386333662	0.1384724131	0.1382684059	0.1380216177	0.1377323563	0.1374009553	0.1370277662	0.1366131533	0.1361574910	0.1356611635	0.1351245675	0.1345481170	0.1339322501	0.1332774373	0.1325841895	0.1318530669	0.1310846869	0.1302797305	0.1294389476	0.1285631608	0.1276532670	0.1267102378	0.1257351184	0.1247290243	0.1236931382	0.1226287045	0.1215370243	0.1204194487	0.1192773723	0.1181122266	0.1169254728	0.1157185948	0.1144930924	0.1132504745	0.1119922530	0.1107199359	0.1094350222	0.1081389961	0.1068333218	0.1055194390	0.1041987589	0.1028726597	0.1015424838	0.1002095345	0.0988750734	0.0975403183	0.0962064411	0.0948745665	0.0935457707	0.0922210808	0.0909014738	0.0895878767	0.0882811664	0.0869821697	0.0856916639	0.0844103775	0.0831389905	0.0818781361	0.0806284008	0.0793903266	0.0781644113	0.0769511105	0.0757508389	0.0745639715	0.0733908454	0.0722317613	0.0710869848	0.0699567484	0.0688412526	0.0677406678	0.0666551358	0.0655847711	0.0645296627	0.0634898753	0.0624654508	0.0614564100	0.0604627534	0.0594844629	0.0585215029	0.0575738217	0.0566413525	0.0557240144	0.0548217137	0.0539343450	0.0530617919	0.0522039281	0.0513606182	0.0505317187	0.0497170784	0.0489165398	0.0481299392	0.0473571076	0.0465978715	0.0458520532	0.0451194715	0.0443999423	0.0436932787	0.0429992920	0.0423177919	0.0416485867	0.0409914838	0.0403462903	0.0397128127	0.0390908580	0.0384802332	0.0378807461	0.0372922051	0.0367144198	0.0361472010	0.0355903606	0.0350437125	0.0345070719	0.0339802560	0.0334630839	0.0329553765	0.0324569572	0.0319676513	0.0314872865	0.0310156928	0.0305527026	0.0300981507	0.0296518743	0.0292137132	0.0287835097	0.0283611086	0.0279463574	0.0275391059	0.0271392066	0.0267465146	0.0263608875	0.0259821854	0.0256102711	0.0252450098	0.0248862692	0.0245339195	0.0241878334	0.0238478860	0.0235139547
0.0532472930	0.0536354177	0.0540302599	0.0544319110	0.0548404634	0.0552560106	0.0556786471	0.0561084682	0.0565455703	0.0569900505	0.0574420065	0.0579015367	0.0583687403	0.0588437168	0.0593265659	0.0598173879	0.0603162829	0.0608233514	0.0613386935	0.0618624091	0.0623945977	0.0629353581	0.0634847887	0.0640429864	0.0646100473	0.0651860661	0.0657711356	0.0663653469	0.0669687890	0.0675815483	0.0682037086	0.0688353506	0.0694765515	0.0701273849	0.0707879199	0.0714582215	0.0721383494	0.0728283578	0.0735282951	0.0742382033	0.0749581174	0.0756880647	0.0764280645	0.0771781275	0.0779382547	0.0787084374	0.0794886557	0.0802788786	0.0810790625	0.0818891509	0.0827090733	0.0835387444	0.0843780633	0.0852269124	0.0860851565	0.0869526420	0.0878291957	0.0887146236	0.0896087103	0.0905112175	0.0914218832	0.0923404203	0.0932665158	0.0941998294	0.0951399925	0.0960866071	0.0970392447	0.0979974450	0.0989607152	0.0999285286	0.1009003239	0.1018755039	0.1028534353	0.1038334471	0.1048148304	0.1057968377	0.1067786823	0.1077595380	0.1087385388	0.1097147790	0.1106873132	0.1116551564	0.1126172850	0.1135726369	0.1145201129	0.1154585777	0.1163868617	0.1173037621	0.1182080458	0.1190984511	0.1199736907	0.1208324548	0.1216734143	0.1224952245	0.1232965293	0.1240759658	0.1248321685	0.1255637750	0.1262694309	0.1269477960	0.1275975500	0.1282173987	0.1288060810	0.1293623749	0.1298851046	0.1303731473	0.1308254398	0.1312409857	0.1316188609	0.1319582208	0.1322583049	0.1325184424	0.1327380561	0.1329166651	0.1330538873	0.1331494389	0.1332031338	0.1332148799	0.1331846743	0.1331125962	0.1329987981	0.1328434952	0.1326469541	0.1324094807	0.1321314082	0.1318130864	0.1314548730	0.1310571267	0.1306202047	0.1301444621	0.1296302557	0.1290779501	0.1284879262	0.1278605911	0.1271963889	0.1264958104	0.1257594032	0.1249877793	0.1241816213	0.1233416865	0.1224688095	0.1215639022	0.1206279524	0.1196620211	0.1186672385	0.1176447984	0.1165959528	0.1155220051	0.1144243034	0.1133042333	0.1121632109	0.1110026755	0.1098240828	0.1086288980	0.1074185895	0.1061946225	0.1049584532	0.1037115236	0.1024552561	0.1011910494	0.0999202736	0.0986442671	0.0973643330	0.0960817361	0.0947977001	0.0935134062	0.0922299905	0.0909485428	0.0896701058	0.0883956738	0.0871261925	0.0858625588	0.0846056204	0.0833561764	0.0821149777	0.0808827275	0.0796600819	0.0784476512	0.0772460009	0.0760556524	0.0748770849	0.0737107363	0.0725570046	0.0714162498	0.0702887946	0.0691749269	0.0680749003	0.0669889365	0.0659172262	0.0648599311	0.0638171850	0.0627890956	0.0617757458	0.0607771951	0.0597934813	0.0588246213	0.0578706130	0.0569314361	0.0560070536	0.0550974129	0.0542024468	0.0533220751	0.0524562048	0.0516047318	0.0507675416	0.0499445102	0.0491355048	0.0483403849	0.0475590029	0.0467912049	0.0460368313	0.0452957173	0.0445676941	0.0438525887	0.0431502249	0.0424604237	0.0417830038	0.0411177819	0.0404645733	0.0398231922	0.0391934517	0.0385751650	0.0379681447	0.0373722037	0.0367871554	0.0362128136	0.0356489930	0.0350955096	0.0345521803	0.0340188234	0.0334952589	0.0329813084	0.0324767954	0.0319815449	0.0314953844	0.0310181432	0.0305496527	0.0300897468	0.0296382614	0.0291950348	0.0287599079	0.0283327236	0.0279133276	0.0275015678	0.0270972947	0.0267003614	0.0263106231	0.0259279379	0.0255521662	0.0251831709	0.0248208173	0.0244649733	0.0241155093	0.0237722978	0.0234352140	0.0231041355	0.0227789420	0.0224595159
0.0507385517	0.0511094621	0.0514868064	0.0518706728	0.0522611504	0.0526583295	0.0530623013	0.0534731579	0.0538909923	0.0543158983	0.0547479704	0.0551873039	0.0556339945	0.0560881385	0.0565498325	0.0570191735	0.0574962586	0.0579811849	0.0584740497	0.0589749499	0.0594839819	0.0600012418	0.0605268250	0.0610608260	0.0616033381	0.0621544534	0.0627142626	0.0632828545	0.0638603159	0.0644467314	0.0650421829	0.0656467496	0.0662605073	0.0668835283	0.0675158811	0.0681576297	0.0688088334	0.0694695464	0.0701398172	0.0708196882	0.0715091953	0.0722083670	0.0729172241	0.0736357792	0.0743640360	0.0751019882	0.0758496197	0.0766069030	0.0773737991	0.0781502563	0.0789362097	0.0797315802	0.0805362736	0.0813501798	0.0821731718	0.0830051048	0.0838458153	0.0846951198	0.0855528143	0.0864186724	0.0872924453	0.0881738598	0.0890626177	0.0899583947	0.0908608389	0.0917695701	0.0926841789	0.0936042247	0.0945292359	0.0954587079	0.0963921025	0.0973288472	0.0982683338	0.0992099181	0.1001529189	0.1010966176	0.1020402575	0.1029830434	0.1039241416	0.1048626795	0.1057977460	0.1067283914	0.1076536281	0.1085724313	0.1094837395	0.1103864564	0.1112794513	0.1121615619	0.1130315952	0.1138883308	0.1147305226	0.1155569024	0.1163661828	0.1171570610	0.1179282225	0.1186783459	0.1194061070	0.1201101840	0.1207892630	0.1214420433	0.1220672438	0.1226636086	0.1232299139	0.1237649744	0.1242676502	0.1247368538	0.1251715564	0.1255707956	0.1259336810	0.1262594016	0.1265472308	0.1267965321	0.1270067636	0.1271774811	0.1273083404	0.1273990981	0.1274496099	0.1274598281	0.1274297953	0.1273596376	0.1272495541	0.1270998053	0.1269107000	0.1266825805	0.1264158092	0.1261107556	0.1257677852	0.1253872521	0.1249694952	0.1245148386	0.1240235958	0.1234960775	0.1229326024	0.1223335095	0.1216991706	0.1210300032	0.1203264811	0.1195891442	0.1188186052	0.1180155548	0.1171807636	0.1163150828	0.1154194425	0.1144948484	0.1135423776	0.1125631727	0.1115584359	0.1105294219	0.1094774310	0.1084038016	0.1073099032	0.1061971286	0.1050668876	0.1039205996	0.1027596873	0.1015855707	0.1003996609	0.0992033552	0.0979980320	0.0967850462	0.0955657249	0.0943413641	0.0931132252	0.0918825322	0.0906504692	0.0894181784	0.0881867580	0.0869572613	0.0857306955	0.0845080208	0.0832901498	0.0820779477	0.0808722321	0.0796737731	0.0784832939	0.0773014714	0.0761289372	0.0749662779	0.0738140369	0.0726727149	0.0715427717	0.0704246271	0.0693186623	0.0682252217	0.0671446138	0.0660771132	0.0650229617	0.0639823700	0.0629555192	0.0619425622	0.0609436252	0.0599588091	0.0589881911	0.0580318258	0.0570897467	0.0561619677	0.0552484841	0.0543492738	0.0534642988	0.0525935060	0.0517368286	0.0508941868	0.0500654891	0.0492506333	0.0484495070	0.0476619889	0.0468879495	0.0461272517	0.0453797518	0.0446453000	0.0439237413	0.0432149156	0.0425186591	0.0418348040	0.0411631796	0.0405036126	0.0398559273	0.0392199464	0.0385954913	0.0379823823	0.0373804390	0.0367894806	0.0362093264	0.0356397958	0.0350807085	0.0345318850	0.0339931467	0.0334643159	0.0329452163	0.0324356728	0.0319355120	0.0314445620	0.0309626527	0.0304896159	0.0300252854	0.0295694968	0.0291220882	0.0286828995	0.0282517730	0.0278285532	0.0274130871	0.0270052238	0.0266048148	0.0262117141	0.0258257781	0.0254468654	0.0250748372	0.0247095571	0.0243508910	0.0239987074	0.0236528769	0.0233132728	0.0229797706	0.0226522480	0.0223305853	0.0220146650	0.0217043718	0.0213995927
0.0482167779	0.0485702248	0.0489298157	0.0492956353	0.0496677695	0.0500463049	0.0504313295	0.0508229318	0.0512212014	0.0516262285	0.0520381043	0.0524569204	0.0528827692	0.0533157434	0.0537559362	0.0542034413	0.0546583523	0.0551207630	0.0555907674	0.0560684589	0.0565539311	0.0570472767	0.0575485881	0.0580579568	0.0585754733	0.0591012269	0.0596353055	0.0601777955	0.0607287813	0.0612883452	0.0618565671	0.0624335242	0.0630192907	0.0636139375	0.0642175315	0.0648301360	0.0654518094	0.0660826054	0.0667225724	0.0673717530	0.0680301834	0.0686978930	0.0693749040	0.0700612305	0.0707568781	0.0714618435	0.0721761133	0.0728996637	0.0736324597	0.0743744544	0.0751255880	0.0758857873	0.0766549648	0.0774330175	0.0782198265	0.0790152558	0.0798191513	0.0806313399	0.0814516286	0.0822798035	0.0831156286	0.0839588446	0.0848091684	0.0856662915	0.0865298791	0.0873995693	0.0882749715	0.0891556657	0.0900412015	0.0909310971	0.0918248381	0.0927218768	0.0936216315	0.0945234852	0.0954267855	0.0963308435	0.0972349336	0.0981382930	0.0990401213	0.0999395806	0.1008357955	0.1017278532	0.1026148039	0.1034956617	0.1043694050	0.1052349780	0.1060912918	0.1069372260	0.1077716307	0.1085933286	0.1094011177	0.1101937737	0.1109700536	0.1117286989	0.1124684395	0.1131879982	0.1138860945	0.1145614500	0.1152127937	0.1158388671	0.1164384303	0.1170102678	0.1175531954	0.1180660662	0.1185477777	0.1189972788	0.1194135764	0.1197957424	0.1201429208	0.1204543340	0.1207292890	0.1209671833	0.1211675094	0.1213298592	0.1214539258	0.1215395055	0.1215864961	0.1215948942	0.1215647897	0.1214963573	0.1213898459	0.1212455649	0.1210638694	0.1208451429	0.1205897816	0.1202981777	0.1199707075	0.1196077212	0.1192095391	0.1187764515	0.1183087247	0.1178066109	0.1172703611	0.1167002406	0.1160965441	0.1154596109	0.1147898378	0.1140876897	0.1133537078	0.1125885145	0.1117928163	0.1109674033	0.1101131478	0.1092310003	0.1083219845	0.1073871916	0.1064277735	0.1054449356	0.1044399293	0.1034140445	0.1023686025	0.1013049481	0.1002244431	0.0991284589	0.0980183704	0.0968955499	0.0957613613	0.0946171547	0.0934642617	0.0923039911	0.0911376246	0.0899664134	0.0887915749	0.0876142899	0.0864357007	0.0852569083	0.0840789714	0.0829029048	0.0817296782	0.0805602160	0.0793953965	0.0782360517	0.0770829674	0.0759368838	0.0747984952	0.0736684516	0.0725473585	0.0714357786	0.0703342323	0.0692431992	0.0681631190	0.0670943929	0.0660373852	0.0649924244	0.0639598045	0.0629397868	0.0619326011	0.0609384474	0.0599574969	0.0589898940	0.0580357574	0.0570951813	0.0561682375	0.0552549758	0.0543554261	0.0534695993	0.0525974884	0.0517390700	0.0508943054	0.0500631415	0.0492455120	0.0484413383	0.0476505307	0.0468729892	0.0461086040	0.0453572571	0.0446188225	0.0438931672	0.0431801516	0.0424796306	0.0417914542	0.0411154674	0.0404515119	0.0397994256	0.0391590436	0.0385301985	0.0379127211	0.0373064403	0.0367111840	0.0361267789	0.0355530515	0.0349898276	0.0344369333	0.0338941949	0.0333614389	0.0328384928	0.0323251849	0.0318213444	0.0313268019	0.0308413893	0.0303649400	0.0298972889	0.0294382729	0.0289877304	0.0285455020	0.0281114302	0.0276853593	0.0272671362	0.0268566094	0.0264536301	0.0260580514	0.0256697288	0.0252885201	0.0249142854	0.0245468870	0.0241861897	0.0238320605	0.0234843688	0.0231429863	0.0228077870	0.0224786473	0.0221554457	0.0218380631	0.0215263828	0.0212202900	0.0209196723	0.0206244197	0.0203344239
0.0456825718	0.0460183165	0.0463599093	0.0467074313	0.0470609647	0.0474205927	0.0477863994	0.0481584699	0.0485368900	0.0489217463	0.0493131262	0.0497111177	0.0501158095	0.0505272906	0.0509456507	0.0513709795	0.0518033673	0.0522429042	0.0526896805	0.0531437864	0.0536053118	0.0540743461	0.0545509783	0.0550352967	0.0555273887	0.0560273404	0.0565352370	0.0570511618	0.0575751966	0.0581074213	0.0586479132	0.0591967475	0.0597539961	0.0603197283	0.0608940095	0.0614769014	0.0620684616	0.0626687428	0.0632777930	0.0638956544	0.0645223636	0.0651579505	0.0658024381	0.0664558419	0.0671181694	0.0677894193	0.0684695810	0.0691586340	0.0698565471	0.0705632777	0.0712787712	0.0720029600	0.0727357627	0.0734770837	0.0742268116	0.0749848190	0.0757509613	0.0765250757	0.0773069803	0.0780964730	0.0788933310	0.0796973091	0.0805081390	0.0813255284	0.0821491598	0.0829786893	0.0838137460	0.0846539305	0.0854988142	0.0863479384	0.0872008131	0.0880569163	0.0889156929	0.0897765544	0.0906388778	0.0915020051	0.0923652428	0.0932278614	0.0940890955	0.0949481430	0.0958041657	0.0966562892	0.0975036034	0.0983451630	0.0991799882	0.1000070658	0.1008253505	0.1016337664	0.1024312087	0.1032165460	0.1039886223	0.1047462602	0.1054882636	0.1062134209	0.1069205091	0.1076082977	0.1082755528	0.1089210422	0.1095435401	0.1101418326	0.1107147234	0.1112610400	0.1117796395	0.1122694153	0.1127293040	0.1131582919	0.1135554225	0.1139198028	0.1142506111	0.1145471032	0.1148086191	0.1150345893	0.1152245397	0.1153780964	0.1154949890	0.1155750520	0.1156182242	0.1156245468	0.1155941569	0.1155272798	0.1154242165	0.1152853294	0.1151110243	0.1149017312	0.1146578847	0.1143799048	0.1140681812	0.1137230617	0.1133448471	0.1129337914	0.1124901094	0.1120139890	0.1115056078	0.1109651512	0.1103928316	0.1097889058	0.1091536902	0.1084875729	0.1077910222	0.1070645922	0.1063089252	0.1055247507	0.1047128839	0.1038742205	0.1030097314	0.1021204565	0.1012074972	0.1002720087	0.0993151929	0.0983382902	0.0973425720	0.0963293334	0.0952998861	0.0942555515	0.0931976544	0.0921275170	0.0910464534	0.0899557640	0.0888567313	0.0877506153	0.0866386498	0.0855220386	0.0844019529	0.0832795281	0.0821558623	0.0810320134	0.0799089983	0.0787877913	0.0776693234	0.0765544811	0.0754441068	0.0743389979	0.0732399075	0.0721475441	0.0710625725	0.0699856143	0.0689172487	0.0678580131	0.0668084046	0.0657688808	0.0647398610	0.0637217277	0.0627148276	0.0617194730	0.0607359433	0.0597644866	0.0588053205	0.0578586340	0.0569245890	0.0560033211	0.0550949417	0.0541995387	0.0533171785	0.0524479066	0.0515917492	0.0507487147	0.0499187943	0.0491019636	0.0482981834	0.0475074010	0.0467295511	0.0459645567	0.0452123303	0.0444727743	0.0437457825	0.0430312401	0.0423290253	0.0416390093	0.0409610575	0.0402950298	0.0396407814	0.0389981631	0.0383670223	0.0377472031	0.0371385469	0.0365408928	0.0359540780	0.0353779383	0.0348123084	0.0342570221	0.0337119126	0.0331768132	0.0326515569	0.0321359771	0.0316299079	0.0311331838	0.0306456403	0.0301671140	0.0296974427	0.0292364653	0.0287840226	0.0283399567	0.0279041114	0.0274763324	0.0270564670	0.0266443648	0.0262398771	0.0258428574	0.0254531611	0.0250706459	0.0246951716	0.0243266002	0.0239647960	0.0236096252	0.0232609566	0.0229186611	0.0225826117	0.0222526839	0.0219287552	0.0216107055	0.0212984168	0.0209917733	0.0206906615	0.0203949699	0.0201045893	0.0198194125	0.0195393345	0.0192642523
0.0431365437	0.0434543586	0.0437777199	0.0441067048	0.0444413919	0.0447818607	0.0451281913	0.0454804650	0.0458387638	0.0462031705	0.0465737686	0.0469506421	0.0473338759	0.0477235551	0.0481197654	0.0485225929	0.0489321238	0.0493484445	0.0497716416	0.0502018013	0.0506390100	0.0510833534	0.0515349169	0.0519937853	0.0524600425	0.0529337714	0.0534150538	0.0539039701	0.0544005991	0.0549050176	0.0554173005	0.0559375204	0.0564657470	0.0570020472	0.0575464847	0.0580991196	0.0586600078	0.0592292013	0.0598067470	0.0603926867	0.0609870568	0.0615898873	0.0622012020	0.0628210174	0.0634493423	0.0640861774	0.0647315146	0.0653853364	0.0660476149	0.0667183119	0.0673973774	0.0680847491	0.0687803520	0.0694840970	0.0701958805	0.0709155836	0.0716430707	0.0723781892	0.0731207682	0.0738706179	0.0746275280	0.0753912677	0.0761615836	0.0769381997	0.0777208157	0.0785091063	0.0793027203	0.0801012793	0.0809043770	0.0817115782	0.0825224176	0.0833363996	0.0841529968	0.0849716495	0.0857917651	0.0866127174	0.0874338460	0.0882544563	0.0890738184	0.0898911678	0.0907057050	0.0915165955	0.0923229704	0.0931239269	0.0939185288	0.0947058076	0.0954847638	0.0962543680	0.0970135630	0.0977612654	0.0984963681	0.0992177429	0.0999242430	0.1006147068	0.1012879609	0.1019428244	0.1025781125	0.1031926418	0.1037852346	0.1043547241	0.1048999603	0.1054198155	0.1059131904	0.1063790207	0.1068162833	0.1072240038	0.1076012627	0.1079472029	0.1082610369	0.1085420535	0.1087896249	0.1090032130	0.1091823756	0.1093267713	0.1094361634	0.1095104226	0.1095495274	0.1095535615	0.1095227095	0.1094572477	0.1093575317	0.1092239802	0.1090570549	0.1088572380	0.1086250083	0.1083608189	0.1080650768	0.1077381294	0.1073802570	0.1069916743	0.1065725395	0.1061229701	0.1056430630	0.1051329179	0.1045926592	0.1040224572	0.1034225452	0.1027932331	0.1021349163	0.1014480811	0.1007333066	0.0999912636	0.0992227111	0.0984284912	0.0976095231	0.0967667956	0.0959013595	0.0950143200	0.0941068283	0.0931800741	0.0922352775	0.0912736820	0.0902965474	0.0893051427	0.0883007404	0.0872846100	0.0862580132	0.0852221982	0.0841783958	0.0831278146	0.0820716379	0.0810110197	0.0799470825	0.0788809141	0.0778135659	0.0767460508	0.0756793419	0.0746143711	0.0735520284	0.0724931615	0.0714385748	0.0703890301	0.0693452459	0.0683078984	0.0672776215	0.0662550076	0.0652406084	0.0642349356	0.0632384622	0.0622516232	0.0612748173	0.0603084073	0.0593527223	0.0584080584	0.0574746800	0.0565528217	0.0556426891	0.0547444603	0.0538582876	0.0529842982	0.0521225962	0.0512732636	0.0504363613	0.0496119307	0.0487999951	0.0480005603	0.0472136160	0.0464391371	0.0456770846	0.0449274064	0.0441900385	0.0434649061	0.0427519240	0.0420509979	0.0413620249	0.0406848946	0.0400194892	0.0393656851	0.0387233526	0.0380923572	0.0374725598	0.0368638174	0.0362659836	0.0356789090	0.0351024416	0.0345364274	0.0339807107	0.0334351343	0.0328995402	0.0323737694	0.0318576628	0.0313510608	0.0308538041	0.0303657338	0.0298866911	0.0294165185	0.0289550588	0.0285021563	0.0280576562	0.0276214051	0.0271932511	0.0267730438	0.0263606344	0.0259558757	0.0255586226	0.0251687316	0.0247860613	0.0244104721	0.0240418265	0.0236799890	0.0233248263	0.0229762070	0.0226340020	0.0222980841	0.0219683286	0.0216446126	0.0213268156	0.0210148190	0.0207085064	0.0204077638	0.0201124790	0.0198225419	0.0195378448	0.0192582817	0.0189837489	0.0187141447	0.0184493692	0.0181893247
0.0405793140	0.0408789827	0.0411838905	0.0414941108	0.0418097182	0.0421307882	0.0424573972	0.0427896222	0.0431275413	0.0434712332	0.0438207773	0.0441762537	0.0445377430	0.0449053264	0.0452790855	0.0456591021	0.0460454586	0.0464382373	0.0468375206	0.0472433909	0.0476559305	0.0480752214	0.0485013451	0.0489343826	0.0493744142	0.0498215191	0.0502757757	0.0507372609	0.0512060502	0.0516822176	0.0521658347	0.0526569714	0.0531556949	0.0536620696	0.0541761569	0.0546980151	0.0552276984	0.0557652571	0.0563107373	0.0568641799	0.0574256207	0.0579950898	0.0585726111	0.0591582019	0.0597518722	0.0603536242	0.0609634521	0.0615813409	0.0622072662	0.0628411935	0.0634830772	0.0641328604	0.0647904737	0.0654558349	0.0661288478	0.0668094014	0.0674973695	0.0681926095	0.0688949614	0.0696042471	0.0703202697	0.0710428121	0.0717716362	0.0725064821	0.0732470672	0.0739930849	0.0747442038	0.0755000669	0.0762602906	0.0770244634	0.0777921458	0.0785628686	0.0793361329	0.0801114087	0.0808881345	0.0816657170	0.0824435299	0.0832209141	0.0839971772	0.0847715932	0.0855434026	0.0863118125	0.0870759969	0.0878350973	0.0885882228	0.0893344517	0.0900728323	0.0908023840	0.0915220993	0.0922309454	0.0929278664	0.0936117859	0.0942816093	0.0949362273	0.0955745191	0.0961953559	0.0967976052	0.0973801348	0.0979418179	0.0984815374	0.0989981922	0.0994907017	0.0999580125	0.1003991044	0.1008129967	0.1011987550	0.1015554983	0.1018824056	0.1021787236	0.1024437738	0.1026769592	0.1028777718	0.1030457987	0.1031807284	0.1032823551	0.1033505824	0.1033854251	0.1033870077	0.1033555602	0.1032914099	0.1031949685	0.1030667143	0.1029071698	0.1027168758	0.1024963626	0.1022461225	0.1019665850	0.1016580990	0.1013209240	0.1009552318	0.1005611178	0.1001386217	0.0996877524	0.0992085167	0.0987009456	0.0981651194	0.0976011865	0.0970093783	0.0963900183	0.0957435269	0.0950704225	0.0943713188	0.0936469213	0.0928980203	0.0921254843	0.0913302518	0.0905133236	0.0896757541	0.0888186433	0.0879431289	0.0870503782	0.0861415813	0.0852179439	0.0842806803	0.0833310081	0.0823701418	0.0813992878	0.0804196397	0.0794323736	0.0784386444	0.0774395821	0.0764362886	0.0754298349	0.0744212590	0.0734115635	0.0724017140	0.0713926377	0.0703852223	0.0693803153	0.0683787233	0.0673812117	0.0663885049	0.0654012859	0.0644201970	0.0634458403	0.0624787781	0.0615195338	0.0605685925	0.0596264025	0.0586933758	0.0577698895	0.0568562869	0.0559528790	0.0550599453	0.0541777352	0.0533064697	0.0524463421	0.0515975199	0.0507601457	0.0499343385	0.0491201953	0.0483177919	0.0475271845	0.0467484106	0.0459814904	0.0452264278	0.0444832113	0.0437518154	0.0430322014	0.0423243184	0.0416281042	0.0409434863	0.0402703824	0.0396087018	0.0389583455	0.0383192074	0.0376911749	0.0370741292	0.0364679465	0.0358724981	0.0352876510	0.0347132688	0.0341492117	0.0335953371	0.0330515003	0.0325175544	0.0319933510	0.0314787405	0.0309735725	0.0304776957	0.0299909586	0.0295132097	0.0290442973	0.0285840703	0.0281323780	0.0276890706	0.0272539990	0.0268270151	0.0264079720	0.0259967242	0.0255931275	0.0251970390	0.0248083177	0.0244268240	0.0240524202	0.0236849703	0.0233243402	0.0229703976	0.0226230121	0.0222820555	0.0219474012	0.0216189249	0.0212965043	0.0209800191	0.0206693508	0.0203643834	0.0200650025	0.0197710961	0.0194825540	0.0191992681	0.0189211324	0.0186480427	0.0183798970	0.0181165951	0.0178580390	0.0176041322	0.0173547806	0.0171098916
0.0380115124	0.0382928302	0.0385790744	0.0388703146	0.0391666213	0.0394680659	0.0397747205	0.0400866582	0.0404039528	0.0407266787	0.0410549112	0.0413887260	0.0417281995	0.0420734086	0.0424244306	0.0427813431	0.0431442241	0.0435131517	0.0438882041	0.0442694596	0.0446569961	0.0450508916	0.0454512236	0.0458580689	0.0462715039	0.0466916042	0.0471184442	0.0475520972	0.0479926353	0.0484401289	0.0488946466	0.0493562550	0.0498250185	0.0503009988	0.0507842549	0.0512748426	0.0517728144	0.0522782187	0.0527911002	0.0533114986	0.0538394491	0.0543749813	0.0549181191	0.0554688802	0.0560272754	0.0565933085	0.0571669754	0.0577482634	0.0583371513	0.0589336080	0.0595375923	0.0601490521	0.0607679238	0.0613941315	0.0620275862	0.0626681851	0.0633158110	0.0639703309	0.0646315958	0.0652994397	0.0659736783	0.0666541086	0.0673405078	0.0680326325	0.0687302175	0.0694329751	0.0701405942	0.0708527393	0.0715690498	0.0722891388	0.0730125923	0.0737389689	0.0744677982	0.0751985809	0.0759307876	0.0766638582	0.0773972019	0.0781301964	0.0788621875	0.0795924891	0.0803203834	0.0810451205	0.0817659187	0.0824819655	0.0831924174	0.0838964013	0.0845930153	0.0852813299	0.0859603894	0.0866292142	0.0872868020	0.0879321306	0.0885641604	0.0891818371	0.0897840950	0.0903698605	0.0909380560	0.0914876034	0.0920174296	0.0925264700	0.0930136746	0.0934780129	0.0939184796	0.0943341006	0.0947239392	0.0950871028	0.0954227497	0.0957300958	0.0960084221	0.0962570818	0.0964755079	0.0966632202	0.0968198329	0.0969450607	0.0970387248	0.0971007578	0.0971312064	0.0971302318	0.0970981064	0.0970352071	0.0969420016	0.0968190308	0.0966668833	0.0964861652	0.0962774667	0.0960413271	0.0957782045	0.0954884526	0.0951723095	0.0948298995	0.0944612484	0.0940663090	0.0936449939	0.0931972092	0.0927228878	0.0922220167	0.0916946591	0.0911409689	0.0905612004	0.0899557113	0.0893249626	0.0886695148	0.0879900223	0.0872872259	0.0865619452	0.0858150696	0.0850475497	0.0842603892	0.0834546359	0.0826313742	0.0817917171	0.0809367992	0.0800677696	0.0791857859	0.0782920080	0.0773875926	0.0764736884	0.0755514313	0.0746219403	0.0736863137	0.0727456256	0.0718009231	0.0708532237	0.0699035129	0.0689527422	0.0680018277	0.0670516489	0.0661030473	0.0651568261	0.0642137492	0.0632745414	0.0623398884	0.0614104362	0.0604867924	0.0595695260	0.0586591682	0.0577562133	0.0568611192	0.0559743087	0.0550961702	0.0542270591	0.0533672986	0.0525171811	0.0516769695	0.0508468979	0.0500271736	0.0492179779	0.0484194672	0.0476317747	0.0468550114	0.0460892670	0.0453346116	0.0445910968	0.0438587564	0.0431376079	0.0424276533	0.0417288804	0.0410412637	0.0403647651	0.0396993352	0.0390449140	0.0384014315	0.0377688091	0.0371469596	0.0365357886	0.0359351948	0.0353450707	0.0347653033	0.0341957747	0.0336363624	0.0330869403	0.0325473784	0.0320175443	0.0314973025	0.0309865158	0.0304850449	0.0299927492	0.0295094869	0.0290351155	0.0285694918	0.0281124724	0.0276639138	0.0272236727	0.0267916060	0.0263675712	0.0259514268	0.0255430316	0.0251422459	0.0247489309	0.0243629490	0.0239841639	0.0236124410	0.0232476469	0.0228896499	0.0225383201	0.0221935291	0.0218551502	0.0215230588	0.0211971319	0.0208772484	0.0205632891	0.0202551367	0.0199526759	0.0196557932	0.0193643771	0.0190783181	0.0187975086	0.0185218428	0.0182512171	0.0179855295	0.0177246802	0.0174685712	0.0172171063	0.0169701911	0.0167277334	0.0164896424	0.0162558294	0.0160262073
0.0354337778	0.0356965516	0.0359639343	0.0362359913	0.0365127890	0.0367943945	0.0370808756	0.0373723011	0.0376687403	0.0379702635	0.0382769413	0.0385888451	0.0389060469	0.0392286190	0.0395566344	0.0398901661	0.0402292876	0.0405740727	0.0409245950	0.0412809284	0.0416431466	0.0420113230	0.0423855309	0.0427658430	0.0431523313	0.0435450674	0.0439441218	0.0443495639	0.0447614618	0.0451798825	0.0456048909	0.0460365505	0.0464749222	0.0469200650	0.0473720350	0.0478308855	0.0482966667	0.0487694251	0.0492492034	0.0497360402	0.0502299695	0.0507310203	0.0512392161	0.0517545748	0.0522771078	0.0528068199	0.0533437086	0.0538877635	0.0544389658	0.0549972880	0.0555626928	0.0561351330	0.0567145502	0.0573008748	0.0578940248	0.0584939054	0.0591004081	0.0597134098	0.0603327722	0.0609583410	0.0615899450	0.0622273952	0.0628704839	0.0635189843	0.0641726488	0.0648312089	0.0654943739	0.0661618302	0.0668332405	0.0675082425	0.0681864489	0.0688674460	0.0695507930	0.0702360216	0.0709226352	0.0716101084	0.0722978864	0.0729853847	0.0736719885	0.0743570532	0.0750399035	0.0757198341	0.0763961095	0.0770679646	0.0777346052	0.0783952086	0.0790489248	0.0796948774	0.0803321652	0.0809598635	0.0815770263	0.0821826883	0.0827758672	0.0833555666	0.0839207788	0.0844704881	0.0850036743	0.0855193169	0.0860163986	0.0864939106	0.0869508568	0.0873862591	0.0877991627	0.0881886420	0.0885538063	0.0888938066	0.0892078414	0.0894951643	0.0897550909	0.0899870056	0.0901903700	0.0903647300	0.0905097235	0.0906250877	0.0907106663	0.0907664154	0.0907924080	0.0907888363	0.0907560103	0.0906943527	0.0906043863	0.0904867160	0.0903420009	0.0901709208	0.0899741347	0.0897522392	0.0895057289	0.0892349663	0.0889401675	0.0886214040	0.0882786230	0.0879116804	0.0875203823	0.0871045268	0.0866639434	0.0861985247	0.0857082493	0.0851931975	0.0846535583	0.0840896316	0.0835018260	0.0828906528	0.0822567191	0.0816007192	0.0809234254	0.0802256789	0.0795083808	0.0787724834	0.0780189815	0.0772489046	0.0764633096	0.0756632733	0.0748498861	0.0740242459	0.0731874524	0.0723406019	0.0714847823	0.0706210692	0.0697505215	0.0688741782	0.0679930550	0.0671081416	0.0662203994	0.0653307589	0.0644401186	0.0635493429	0.0626592614	0.0617706676	0.0608843185	0.0600009340	0.0591211966	0.0582457518	0.0573752076	0.0565101356	0.0556510706	0.0547985120	0.0539529240	0.0531147366	0.0522843465	0.0514621181	0.0506483844	0.0498434482	0.0490475832	0.0482610351	0.0474840230	0.0467167403	0.0459593557	0.0452120152	0.0444748424	0.0437479401	0.0430313914	0.0423252606	0.0416295947	0.0409444242	0.0402697641	0.0396056151	0.0389519643	0.0383087864	0.0376760445	0.0370536909	0.0364416680	0.0358399091	0.0352483392	0.0346668753	0.0340954279	0.0335339007	0.0329821920	0.0324401947	0.0319077972	0.0313848839	0.0308713353	0.0303670290	0.0298718398	0.0293856399	0.0289082999	0.0284396885	0.0279796731	0.0275281202	0.0270848955	0.0266498642	0.0262228912	0.0258038416	0.0253925805	0.0249889733	0.0245928861	0.0242041855	0.0238227392	0.0234484155	0.0230810842	0.0227206159	0.0223668827	0.0220197580	0.0216791167	0.0213448350	0.0210167910	0.0206948641	0.0203789356	0.0200688883	0.0197646069	0.0194659779	0.0191728893	0.0188852311	0.0186028953	0.0183257754	0.0180537669	0.0177867670	0.0175246749	0.0172673915	0.0170148196	0.0167668637	0.0165234303	0.0162844274	0.0160497650	0.0158193548	0.0155931102	0.0153709462	0.0151527798	0.0149385295
0.0328467573	0.0330908062	0.0333391419	0.0335918255	0.0338489189	0.0341104849	0.0343765870	0.0346472893	0.0349226568	0.0352027551	0.0354876503	0.0357774093	0.0360720992	0.0363717880	0.0366765438	0.0369864350	0.0373015306	0.0376218996	0.0379476110	0.0382787340	0.0386153378	0.0389574913	0.0393052631	0.0396587216	0.0400179345	0.0403829688	0.0407538909	0.0411307661	0.0415136585	0.0419026311	0.0422977453	0.0426990605	0.0431066347	0.0435205234	0.0439407797	0.0443674541	0.0448005942	0.0452402443	0.0456864451	0.0461392335	0.0465986421	0.0470646991	0.0475374273	0.0480168445	0.0485029624	0.0489957867	0.0494953160	0.0500015420	0.0505144484	0.0510340107	0.0515601954	0.0520929596	0.0526322505	0.0531780042	0.0537301458	0.0542885881	0.0548532313	0.0554239620	0.0560006526	0.0565831604	0.0571713272	0.0577649779	0.0583639203	0.0589679439	0.0595768192	0.0601902967	0.0608081065	0.0614299571	0.0620555347	0.0626845024	0.0633164995	0.0639511408	0.0645880157	0.0652266877	0.0658666936	0.0665075433	0.0671487191	0.0677896753	0.0684298378	0.0690686043	0.0697053438	0.0703393966	0.0709700751	0.0715966632	0.0722184177	0.0728345682	0.0734443186	0.0740468477	0.0746413106	0.0752268403	0.0758025493	0.0763675317	0.0769208653	0.0774616140	0.0779888308	0.0785015609	0.0789988445	0.0794797211	0.0799432327	0.0803884287	0.0808143698	0.0812201331	0.0816048169	0.0819675466	0.0823074796	0.0826238121	0.0829157848	0.0831826898	0.0834238774	0.0836387635	0.0838268368	0.0839876673	0.0841209135	0.0842263313	0.0843037812	0.0843532365	0.0843747895	0.0843686557	0.0843351756	0.0842748117	0.0841881382	0.0840758238	0.0839386022	0.0837772346	0.0835924604	0.0833849456	0.0831552312	0.0829036947	0.0826305292	0.0823357469	0.0820192052	0.0816806507	0.0813197716	0.0809362504	0.0805298096	0.0801002476	0.0796474623	0.0791714653	0.0786723874	0.0781504774	0.0776060974	0.0770397149	0.0764518939	0.0758432850	0.0752146152	0.0745666787	0.0739003269	0.0732164602	0.0725160191	0.0717999767	0.0710693314	0.0703250999	0.0695683114	0.0688000014	0.0680212065	0.0672329593	0.0664362846	0.0656321944	0.0648216850	0.0640057332	0.0631852935	0.0623612958	0.0615346426	0.0607062075	0.0598768334	0.0590473311	0.0582184782	0.0573910184	0.0565656609	0.0557430796	0.0549239137	0.0541087669	0.0532982082	0.0524927716	0.0516929572	0.0508992314	0.0501120277	0.0493317474	0.0485587605	0.0477934069	0.0470359967	0.0462868121	0.0455461076	0.0448141119	0.0440910284	0.0433770366	0.0426722931	0.0419769328	0.0412910701	0.0406147997	0.0399481981	0.0392913240	0.0386442203	0.0380069140	0.0373794180	0.0367617319	0.0361538424	0.0355557249	0.0349673437	0.0343886534	0.0338195992	0.0332601177	0.0327101380	0.0321695818	0.0316383645	0.0311163956	0.0306035793	0.0300998148	0.0296049973	0.0291190182	0.0286417654	0.0281731240	0.0277129764	0.0272612031	0.0268176826	0.0263822920	0.0259549072	0.0255354031	0.0251236540	0.0247195339	0.0243229163	0.0239336750	0.0235516839	0.0231768172	0.0228089497	0.0224479569	0.0220937149	0.0217461011	0.0214049934	0.0210702714	0.0207418154	0.0204195073	0.0201032303	0.0197928690	0.0194883095	0.0191894394	0.0188961478	0.0186083256	0.0183258651	0.0180486604	0.0177766073	0.0175096033	0.0172475473	0.0169903403	0.0167378849	0.0164900854	0.0162468476	0.0160080794	0.0157736901	0.0155435908	0.0153176944	0.0150959153	0.0148781695	0.0146643749	0.0144544507	0.0142483181	0.0140458994	0.0138471190
0.0302511060	0.0304762616	0.0307053774	0.0309385102	0.0311757174	0.0314170573	0.0316625888	0.0319123714	0.0321664654	0.0324249317	0.0326878319	0.0329552279	0.0332271822	0.0335037578	0.0337850181	0.0340710268	0.0343618479	0.0346575455	0.0349581839	0.0352638276	0.0355745408	0.0358903878	0.0362114325	0.0365377384	0.0368693688	0.0372063862	0.0375488524	0.0378968285	0.0382503742	0.0386095484	0.0389744085	0.0393450103	0.0397214078	0.0401036531	0.0404917961	0.0408858842	0.0412859622	0.0416920718	0.0421042516	0.0425225365	0.0429469575	0.0433775414	0.0438143104	0.0442572818	0.0447064675	0.0451618736	0.0456234998	0.0460913395	0.0465653786	0.0470455954	0.0475319601	0.0480244341	0.0485229694	0.0490275082	0.0495379821	0.0500543116	0.0505764054	0.0511041596	0.0516374573	0.0521761674	0.0527201445	0.0532692277	0.0538232400	0.0543819874	0.0549452585	0.0555128231	0.0560844323	0.0566598168	0.0572386868	0.0578207310	0.0584056159	0.0589929852	0.0595824588	0.0601736328	0.0607660783	0.0613593412	0.0619529416	0.0625463738	0.0631391053	0.0637305773	0.0643202041	0.0649073735	0.0654914467	0.0660717586	0.0666476183	0.0672183099	0.0677830927	0.0683412029	0.0688918542	0.0694342393	0.0699675317	0.0704908872	0.0710034461	0.0715043355	0.0719926720	0.0724675640	0.0729281153	0.0733734281	0.0738026069	0.0742147620	0.0746090139	0.0749844976	0.0753403676	0.0756758025	0.0759900105	0.0762822351	0.0765517608	0.0767979196	0.0770200976	0.0772177418	0.0773903678	0.0775375675	0.0776590174	0.0777544874	0.0778238497	0.0778670873	0.0778843031	0.0778757266	0.0778417191	0.0777827735	0.0776995088	0.0775926542	0.0774630204	0.0773114576	0.0771387990	0.0769457946	0.0767330461	0.0765009532	0.0762496855	0.0759791871	0.0756892116	0.0753793810	0.0750492532	0.0746983875	0.0743263979	0.0739329919	0.0735179934	0.0730813542	0.0726231556	0.0721436039	0.0716430222	0.0711218400	0.0705805828	0.0700198603	0.0694403563	0.0688428182	0.0682280478	0.0675968925	0.0669502368	0.0662889954	0.0656141058	0.0649265222	0.0642272094	0.0635171377	0.0627972776	0.0620685954	0.0613320492	0.0605885849	0.0598391331	0.0590846056	0.0583258933	0.0575638634	0.0567993574	0.0560331894	0.0552661447	0.0544989781	0.0537324136	0.0529671432	0.0522038264	0.0514430900	0.0506855280	0.0499317013	0.0491821383	0.0484373350	0.0476977553	0.0469638319	0.0462359669	0.0455145321	0.0447998704	0.0440922964	0.0433920972	0.0426995338	0.0420148415	0.0413382314	0.0406698914	0.0400099870	0.0393586624	0.0387160417	0.0380822299	0.0374573140	0.0368413636	0.0362344323	0.0356365587	0.0350477670	0.0344680680	0.0338974604	0.0333359309	0.0327834556	0.0322400008	0.0317055232	0.0311799713	0.0306632855	0.0301553991	0.0296562390	0.0291657258	0.0286837751	0.0282102972	0.0277451983	0.0272883805	0.0268397426	0.0263991801	0.0259665860	0.0255418509	0.0251248636	0.0247155110	0.0243136789	0.0239192518	0.0235321135	0.0231521473	0.0227792359	0.0224132621	0.0220541085	0.0217016581	0.0213557943	0.0210164007	0.0206833618	0.0203565628	0.0200358897	0.0197212297	0.0194124708	0.0191095022	0.0188122143	0.0185204991	0.0182342493	0.0179533596	0.0176777258	0.0174072452	0.0171418167	0.0168813406	0.0166257188	0.0163748548	0.0161286536	0.0158870218	0.0156498677	0.0154171011	0.0151886334	0.0149643775	0.0147442482	0.0145281615	0.0143160352	0.0141077886	0.0139033427	0.0137026197	0.0135055437	0.0133120401	0.0131220357	0.0129354590	0.0127522399
0.0276474866	0.0278535929	0.0280633289	0.0282767468	0.0284938994	0.0287148404	0.0289396239	0.0291683048	0.0294009386	0.0296375814	0.0298782898	0.0301231209	0.0303721322	0.0306253819	0.0308829284	0.0311448302	0.0314111465	0.0316819364	0.0319572592	0.0322371743	0.0325217411	0.0328110187	0.0331050664	0.0334039427	0.0337077062	0.0340164145	0.0343301248	0.0346488936	0.0349727763	0.0353018273	0.0356360998	0.0359756455	0.0363205147	0.0366707555	0.0370264145	0.0373875358	0.0377541610	0.0381263291	0.0385040762	0.0388874350	0.0392764348	0.0396711007	0.0400714541	0.0404775115	0.0408892845	0.0413067797	0.0417299977	0.0421589332	0.0425935740	0.0430339013	0.0434798885	0.0439315010	0.0443886958	0.0448514208	0.0453196140	0.0457932034	0.0462721060	0.0467562275	0.0472454614	0.0477396884	0.0482387757	0.0487425764	0.0492509290	0.0497636560	0.0502805642	0.0508014429	0.0513260641	0.0518541813	0.0523855288	0.0529198212	0.0534567526	0.0539959961	0.0545372028	0.0550800018	0.0556239991	0.0561687774	0.0567138956	0.0572588887	0.0578032668	0.0583465157	0.0588880965	0.0594274454	0.0599639739	0.0604970694	0.0610260951	0.0615503909	0.0620692738	0.0625820391	0.0630879610	0.0635862943	0.0640762755	0.0645571247	0.0650280472	0.0654882359	0.0659368733	0.0663731343	0.0667961887	0.0672052047	0.0675993517	0.0679778043	0.0683397456	0.0686843717	0.0690108957	0.0693185527	0.0696066041	0.0698743431	0.0701211005	0.0703462497	0.0705492138	0.0707294718	0.0708865656	0.0710201082	0.0711297914	0.0712153954	0.0712767979	0.0713139844	0.0713270588	0.0713162532	0.0712819366	0.0712246201	0.0711449560	0.0710437267	0.0709218188	0.0707801786	0.0706197471	0.0704413779	0.0702457509	0.0700332990	0.0698041679	0.0695582216	0.0692950915	0.0690142563	0.0687151302	0.0683971433	0.0680598031	0.0677027335	0.0673256956	0.0669285935	0.0665114708	0.0660745013	0.0656179775	0.0651422972	0.0646479514	0.0641355120	0.0636056205	0.0630589780	0.0624963355	0.0619184860	0.0613262562	0.0607204997	0.0601020906	0.0594719173	0.0588308776	0.0581798732	0.0575198055	0.0568515713	0.0561760592	0.0554941459	0.0548066933	0.0541145458	0.0534185277	0.0527194410	0.0520180640	0.0513151488	0.0506114209	0.0499075774	0.0492042867	0.0485021872	0.0478018873	0.0471039650	0.0464089677	0.0457174125	0.0450297860	0.0443465448	0.0436681161	0.0429948980	0.0423272602	0.0416655446	0.0410100664	0.0403611145	0.0397189526	0.0390838199	0.0384559326	0.0378354839	0.0372226459	0.0366175701	0.0360203882	0.0354312137	0.0348501422	0.0342772527	0.0337126086	0.0331562582	0.0326082361	0.0320685637	0.0315372502	0.0310142934	0.0304996803	0.0299933883	0.0294953854	0.0290056311	0.0285240774	0.0280506687	0.0275853431	0.0271280326	0.0266786638	0.0262371582	0.0258034331	0.0253774015	0.0249589730	0.0245480539	0.0241445479	0.0237483561	0.0233593776	0.0229775098	0.0226026483	0.0222346877	0.0218735218	0.0215190434	0.0211711448	0.0208297182	0.0204946555	0.0201658487	0.0198431901	0.0195265721	0.0192158879	0.0189110311	0.0186118960	0.0183183780	0.0180303730	0.0177477781	0.0174704916	0.0171984127	0.0169314419	0.0166694808	0.0164124325	0.0161602012	0.0159126928	0.0156698141	0.0154314736	0.0151975813	0.0149680485	0.0147427880	0.0145217140	0.0143047422	0.0140917899	0.0138827757	0.0136776197	0.0134762437	0.0132785705	0.0130845248	0.0128940325	0.0127070210	0.0125234191	0.0123431570	0.0121661663	0.0119923800	0.0118217323	0.0116541589
0.0250365685	0.0252234824	0.0254136918	0.0256072441	0.0258041876	0.0260045710	0.0262084438	0.0264158560	0.0266268581	0.0268415013	0.0270598372	0.0272819180	0.0275077960	0.0277375243	0.0279711562	0.0282087452	0.0284503452	0.0286960101	0.0289457943	0.0291997518	0.0294579369	0.0297204038	0.0299872065	0.0302583985	0.0305340334	0.0308141640	0.0310988426	0.0313881209	0.0316820497	0.0319806787	0.0322840568	0.0325922315	0.0329052487	0.0332231529	0.0335459868	0.0338737910	0.0342066038	0.0345444614	0.0348873969	0.0352354407	0.0355886200	0.0359469584	0.0363104757	0.0366791878	0.0370531058	0.0374322363	0.0378165807	0.0382061346	0.0386008880	0.0390008243	0.0394059202	0.0398161448	0.0402314600	0.0406518189	0.0410771661	0.0415074369	0.0419425566	0.0423824401	0.0428269914	0.0432761028	0.0437296542	0.0441875128	0.0446495323	0.0451155521	0.0455853970	0.0460588761	0.0465357825	0.0470158925	0.0474989650	0.0479847407	0.0484729417	0.0489632709	0.0494554111	0.0499490248	0.0504437538	0.0509392181	0.0514350163	0.0519307248	0.0524258975	0.0529200657	0.0534127381	0.0539034009	0.0543915172	0.0548765281	0.0553578526	0.0558348880	0.0563070106	0.0567735766	0.0572339229	0.0576873683	0.0581332147	0.0585707485	0.0589992425	0.0594179578	0.0598261456	0.0602230497	0.0606079090	0.0609799602	0.0613384409	0.0616825927	0.0620116644	0.0623249163	0.0626216232	0.0629010794	0.0631626026	0.0634055386	0.0636292666	0.0638332040	0.0640168128	0.0641796050	0.0643211497	0.0644410803	0.0645391026	0.0646150035	0.0646686614	0.0647000566	0.0647092839	0.0646965652	0.0646622621	0.0646068868	0.0645311081	0.0644357484	0.0643217635	0.0641901997	0.0640421209	0.0638785082	0.0637001443	0.0635075103	0.0633007273	0.0630795631	0.0628435026	0.0625918582	0.0623238865	0.0620388864	0.0617362657	0.0614155790	0.0610765405	0.0607190226	0.0603430452	0.0599487613	0.0595364410	0.0591064566	0.0586592686	0.0581954125	0.0577154882	0.0572201496	0.0567100958	0.0561860630	0.0556488173	0.0550991486	0.0545378643	0.0539657841	0.0533837353	0.0527925479	0.0521930510	0.0515860688	0.0509724171	0.0503529006	0.0497283097	0.0490994185	0.0484669823	0.0478317355	0.0471943903	0.0465556353	0.0459161337	0.0452765232	0.0446374145	0.0439993909	0.0433630082	0.0427287941	0.0420972483	0.0414688425	0.0408440206	0.0402231990	0.0396067671	0.0389950876	0.0383884973	0.0377873076	0.0371918052	0.0366022531	0.0360188910	0.0354419365	0.0348715857	0.0343080142	0.0337513782	0.0332018149	0.0326594438	0.0321243673	0.0315966720	0.0310764290	0.0305636953	0.0300585143	0.0295609166	0.0290709212	0.0285885357	0.0281137573	0.0276465736	0.0271869633	0.0267348967	0.0262903363	0.0258532376	0.0254235496	0.0250012153	0.0245861723	0.0241783532	0.0237776861	0.0233840951	0.0229975007	0.0226178200	0.0222449676	0.0218788551	0.0215193924	0.0211664871	0.0208200455	0.0204799724	0.0201461716	0.0198185460	0.0194969978	0.0191814290	0.0188717410	0.0185678353	0.0182696134	0.0179769772	0.0176898286	0.0174080703	0.0171316052	0.0168603373	0.0165941709	0.0163330116	0.0160767655	0.0158253399	0.0155786432	0.0153365847	0.0150990749	0.0148660256	0.0146373496	0.0144129612	0.0141927757	0.0139767098	0.0137646817	0.0135566106	0.0133524172	0.0131520235	0.0129553529	0.0127623301	0.0125728811	0.0123869334	0.0122044156	0.0120252578	0.0118493915	0.0116767492	0.0115072651	0.0113408743	0.0111775135	0.0110171206	0.0108596345	0.0107049956	0.0105531455
0.0224190275	0.0225866189	0.0227571682	0.0229307180	0.0231073117	0.0232869934	0.0234698074	0.0236557989	0.0238450134	0.0240374970	0.0242332962	0.0244324579	0.0246350294	0.0248410586	0.0250505933	0.0252636820	0.0254803732	0.0257007156	0.0259247581	0.0261525496	0.0263841391	0.0266195754	0.0268589073	0.0271021833	0.0273494515	0.0276007598	0.0278561556	0.0281156854	0.0283793952	0.0286473302	0.0289195345	0.0291960510	0.0294769216	0.0297621866	0.0300518846	0.0303460526	0.0306447254	0.0309479359	0.0312557145	0.0315680888	0.0318850838	0.0322067211	0.0325330192	0.0328639926	0.0331996521	0.0335400041	0.0338850503	0.0342347875	0.0345892071	0.0349482949	0.0353120305	0.0356803868	0.0360533301	0.0364308190	0.0368128042	0.0371992283	0.0375900246	0.0379851175	0.0383844210	0.0387878391	0.0391952645	0.0396065783	0.0400216496	0.0404403346	0.0408624762	0.0412879035	0.0417164308	0.0421478574	0.0425819669	0.0430185267	0.0434572870	0.0438979809	0.0443403234	0.0447840111	0.0452287218	0.0456741138	0.0461198258	0.0465654766	0.0470106646	0.0474549677	0.0478979435	0.0483391287	0.0487780397	0.0492141726	0.0496470033	0.0500759882	0.0505005646	0.0509201514	0.0513341499	0.0517419448	0.0521429054	0.0525363868	0.0529217315	0.0532982711	0.0536653280	0.0540222175	0.0543682503	0.0547027345	0.0550249786	0.0553342942	0.0556299991	0.0559114202	0.0561778978	0.0564287882	0.0566634685	0.0568813402	0.0570818339	0.0572644139	0.0574285832	0.0575738892	0.0576999295	0.0578063587	0.0578928958	0.0579593331	0.0580055451	0.0580315009	0.0580372765	0.0580230701	0.0579892184	0.0579362138	0.0578647189	0.0577755742	0.0576697894	0.0575485081	0.0574129315	0.0572641970	0.0571032236	0.0569305631	0.0567463113	0.0565501162	0.0563412833	0.0561189315	0.0558821481	0.0556301046	0.0553621260	0.0550777186	0.0547765720	0.0544585468	0.0541236549	0.0537720399	0.0534039579	0.0530197604	0.0526198796	0.0522048159	0.0517751264	0.0513314163	0.0508743302	0.0504045446	0.0499227623	0.0494297057	0.0489261124	0.0484127298	0.0478903113	0.0473596119	0.0468213851	0.0462763792	0.0457253344	0.0451689803	0.0446080332	0.0440431941	0.0434751466	0.0429045553	0.0423320644	0.0417582962	0.0411838504	0.0406093027	0.0400352048	0.0394620833	0.0388904398	0.0383207505	0.0377534659	0.0371890115	0.0366277874	0.0360701689	0.0355165066	0.0349671273	0.0344223341	0.0338824073	0.0333476048	0.0328181631	0.0322942977	0.0317762040	0.0312640583	0.0307580182	0.0302582237	0.0297647977	0.0292778474	0.0287974644	0.0283237259	0.0278566956	0.0273964240	0.0269429496	0.0264962996	0.0260564902	0.0256235278	0.0251974094	0.0247781233	0.0243656497	0.0239599613	0.0235610239	0.0231687971	0.0227832345	0.0224042842	0.0220318898	0.0216659901	0.0213065200	0.0209534109	0.0206065909	0.0202659851	0.0199315161	0.0196031045	0.0192806685	0.0189641249	0.0186533892	0.0183483754	0.0180489968	0.0177551657	0.0174667942	0.0171837936	0.0169060753	0.0166335505	0.0163661305	0.0161037267	0.0158462510	0.0155936156	0.0153457332	0.0151025172	0.0148638817	0.0146297414	0.0144000121	0.0141746103	0.0139534534	0.0137364600	0.0135235494	0.0133146424	0.0131096606	0.0129085268	0.0127111649	0.0125175000	0.0123274584	0.0121409677	0.0119579564	0.0117783545	0.0116020931	0.0114291046	0.0112593224	0.0110926812	0.0109291172	0.0107685674	0.0106109701	0.0104562649	0.0103043925	0.0101552948	0.0100089147	0.0098651966	0.0097240855	0.0095855280	0.0094494716
0.0197955450	0.0199436971	0.0200944663	0.0202478905	0.0204040082	0.0205628584	0.0207244807	0.0208889150	0.0210562017	0.0212263817	0.0213994964	0.0215755874	0.0217546968	0.0219368669	0.0221221404	0.0223105603	0.0225021696	0.0226970117	0.0228951300	0.0230965681	0.0233013693	0.0235095773	0.0237212354	0.0239363866	0.0241550740	0.0243773400	0.0246032268	0.0248327760	0.0250660285	0.0253030245	0.0255438034	0.0257884036	0.0260368622	0.0262892154	0.0265454977	0.0268057421	0.0270699799	0.0273382404	0.0276105509	0.0278869364	0.0281674192	0.0284520190	0.0287407524	0.0290336329	0.0293306703	0.0296318707	0.0299372361	0.0302467642	0.0305604477	0.0308782745	0.0312002271	0.0315262819	0.0318564096	0.0321905738	0.0325287317	0.0328708325	0.0332168180	0.0335666215	0.0339201674	0.0342773710	0.0346381377	0.0350023628	0.0353699307	0.0357407143	0.0361145750	0.0364913615	0.0368709098	0.0372530425	0.0376375679	0.0380242801	0.0384129582	0.0388033657	0.0391952501	0.0395883426	0.0399823576	0.0403769921	0.0407719258	0.0411668206	0.0415613200	0.0419550495	0.0423476164	0.0427386093	0.0431275988	0.0435141370	0.0438977585	0.0442779799	0.0446543011	0.0450262051	0.0453931595	0.0457546166	0.0461100152	0.0464587810	0.0468003283	0.0471340614	0.0474593764	0.0477756627	0.0480823049	0.0483786855	0.0486641867	0.0489381928	0.0492000934	0.0494492858	0.0496851780	0.0499071923	0.0501147681	0.0503073659	0.0504844711	0.0506455979	0.0507902937	0.0509181440	0.0510287774	0.0511218718	0.0511971607	0.0512544408	0.0512935817	0.0513145361	0.0513173534	0.0513021958	0.0512693573	0.0512192865	0.0511526103	0.0510701554	0.0509729575	0.0508622425	0.0507393574	0.0506056295	0.0504621609	0.0503096078	0.0501480394	0.0499769498	0.0497954194	0.0496023431	0.0493966330	0.0491773507	0.0489437663	0.0486953697	0.0484318540	0.0481530894	0.0478590962	0.0475500192	0.0472261064	0.0468876917	0.0465351796	0.0461690338	0.0457897672	0.0453979329	0.0449941177	0.0445789353	0.0441530207	0.0437170258	0.0432716141	0.0428174575	0.0423552317	0.0418856135	0.0414092775	0.0409268928	0.0404391213	0.0399466145	0.0394500118	0.0389499386	0.0384470047	0.0379418023	0.0374349055	0.0369268685	0.0364182252	0.0359094882	0.0354011483	0.0348936740	0.0343875113	0.0338830834	0.0333807909	0.0328810118	0.0323841014	0.0318903931	0.0314001981	0.0309138064	0.0304314870	0.0299534885	0.0294800396	0.0290113498	0.0285476102	0.0280889938	0.0276356567	0.0271877382	0.0267453623	0.0263086376	0.0258776586	0.0254525063	0.0250332488	0.0246199419	0.0242126302	0.0238113472	0.0234161167	0.0230269525	0.0226438599	0.0222668357	0.0218958693	0.0215309425	0.0211720308	0.0208191036	0.0204721244	0.0201310518	0.0197958395	0.0194664370	0.0191427898	0.0188248399	0.0185125260	0.0182057842	0.0179045477	0.0176087478	0.0173183135	0.0170331724	0.0167532504	0.0164784723	0.0162087617	0.0159440415	0.0156842339	0.0154292607	0.0151790432	0.0149335027	0.0146925603	0.0144561372	0.0142241549	0.0139965351	0.0137731999	0.0135540719	0.0133390742	0.0131281306	0.0129211655	0.0127181041	0.0125188723	0.0123233971	0.0121316060	0.0119434278	0.0117587920	0.0115776292	0.0113998710	0.0112254499	0.0110542995	0.0108863546	0.0107215508	0.0105598250	0.0104011151	0.0102453600	0.0100924998	0.0099424756	0.0097952295	0.0096507050	0.0095088462	0.0093695986	0.0092329087	0.0090987239	0.0089669927	0.0088376648	0.0087106906	0.0085860217	0.0084636108	0.0083434112
0.0171668077	0.0172954170	0.0174262998	0.0175594894	0.0176950192	0.0178329232	0.0179732358	0.0181159919	0.0182612266	0.0184089757	0.0185592750	0.0187121609	0.0188676701	0.0190258395	0.0191867063	0.0193503079	0.0195166819	0.0196858662	0.0198578985	0.0200328169	0.0202106593	0.0203914637	0.0205752678	0.0207621094	0.0209520259	0.0211450544	0.0213412319	0.0215405945	0.0217431782	0.0219490180	0.0221581484	0.0223706030	0.0225864143	0.0228056140	0.0230282322	0.0232542980	0.0234838389	0.0237168805	0.0239534470	0.0241935601	0.0244372398	0.0246845033	0.0249353656	0.0251898384	0.0254479308	0.0257096484	0.0259749933	0.0262439636	0.0265165536	0.0267927531	0.0270725470	0.0273559155	0.0276428331	0.0279332689	0.0282271857	0.0285245400	0.0288252813	0.0291293521	0.0294366870	0.0297472127	0.0300608473	0.0303775001	0.0306970707	0.0310194491	0.0313445149	0.0316721370	0.0320021728	0.0323344683	0.0326688569	0.0330051598	0.0333431849	0.0336827265	0.0340235652	0.0343654670	0.0347081834	0.0350514508	0.0353949904	0.0357385075	0.0360816920	0.0364242176	0.0367657419	0.0371059066	0.0374443373	0.0377806436	0.0381144195	0.0384452435	0.0387726790	0.0390962751	0.0394155668	0.0397300761	0.0400393126	0.0403427747	0.0406399504	0.0409303190	0.0412133522	0.0414885156	0.0417552707	0.0420130765	0.0422613914	0.0424996756	0.0427273932	0.0429440146	0.0431490191	0.0433418977	0.0435221557	0.0436893161	0.0438429225	0.0439825428	0.0441077723	0.0442182384	0.0443136043	0.0443935742	0.0444578990	0.0445063821	0.0445388883	0.0445553527	0.0445557934	0.0445403270	0.0445091892	0.0444627603	0.0444015978	0.0443264717	0.0442383981	0.0441386497	0.0440287123	0.0439101383	0.0437842775	0.0436519434	0.0435131770	0.0433672651	0.0432130011	0.0430490249	0.0428740850	0.0426871696	0.0424875400	0.0422747104	0.0420484089	0.0418085380	0.0415551397	0.0412883672	0.0410084639	0.0407157454	0.0404105871	0.0400934129	0.0397646873	0.0394249077	0.0390745986	0.0387143064	0.0383445947	0.0379660402	0.0375792290	0.0371847533	0.0367832079	0.0363751879	0.0359612855	0.0355420882	0.0351181761	0.0346901202	0.0342584806	0.0338238046	0.0333866256	0.0329474618	0.0325068149	0.0320651694	0.0316229917	0.0311807295	0.0307388113	0.0302976460	0.0298576230	0.0294191114	0.0289824607	0.0285480004	0.0281160404	0.0276868711	0.0272607639	0.0268379713	0.0264187276	0.0260032492	0.0255917352	0.0251843679	0.0247813135	0.0243827226	0.0239887306	0.0235994588	0.0232150146	0.0228354926	0.0224609746	0.0220915307	0.0217272200	0.0213680907	0.0210141812	0.0206655205	0.0203221287	0.0199840178	0.0196511919	0.0193236479	0.0190013761	0.0186843607	0.0183725797	0.0180660063	0.0177646085	0.0174683498	0.0171771899	0.0168910842	0.0166099854	0.0163338424	0.0160626020	0.0157962080	0.0155346023	0.0152777247	0.0150255135	0.0147779052	0.0145348353	0.0142962382	0.0140620472	0.0138321951	0.0136066141	0.0133852359	0.0131679920	0.0129548137	0.0127456324	0.0125403793	0.0123389861	0.0121413846	0.0119475069	0.0117572855	0.0115706535	0.0113875446	0.0112078929	0.0110316333	0.0108587014	0.0106890335	0.0105225666	0.0103592386	0.0101989882	0.0100417551	0.0098874796	0.0097361031	0.0095875679	0.0094418171	0.0092987948	0.0091584461	0.0090207169	0.0088855541	0.0087529055	0.0086227201	0.0084949475	0.0083695383	0.0082464442	0.0081256177	0.0080070123	0.0078905822	0.0077762827	0.0076640700	0.0075539011	0.0074457339	0.0073395271	0.0072352403
0.0145335070	0.0146424833	0.0147533875	0.0148662477	0.0149810923	0.0150979502	0.0152168506	0.0153378232	0.0154608980	0.0155861051	0.0157134752	0.0158430391	0.0159748281	0.0161088735	0.0162452070	0.0163838604	0.0165248657	0.0166682550	0.0168140606	0.0169623147	0.0171130497	0.0172662978	0.0174220913	0.0175804622	0.0177414425	0.0179050637	0.0180713573	0.0182403542	0.0184120849	0.0185865794	0.0187638670	0.0189439764	0.0191269354	0.0193127709	0.0195015089	0.0196931741	0.0198877899	0.0200853784	0.0202859602	0.0204895541	0.0206961771	0.0209058441	0.0211185679	0.0213343590	0.0215532250	0.0217751711	0.0220001992	0.0222283081	0.0224594931	0.0226937457	0.0229310536	0.0231714000	0.0234147638	0.0236611188	0.0239104338	0.0241626722	0.0244177914	0.0246757429	0.0249364713	0.0251999149	0.0254660042	0.0257346626	0.0260058052	0.0262793387	0.0265551613	0.0268331618	0.0271132194	0.0273952035	0.0276789730	0.0279643761	0.0282512498	0.0285394198	0.0288286996	0.0291188908	0.0294097823	0.0297011503	0.0299927579	0.0302843548	0.0305756775	0.0308664486	0.0311563772	0.0314451586	0.0317324744	0.0320179925	0.0323013675	0.0325822409	0.0328602410	0.0331349840	0.0334060740	0.0336731038	0.0339356557	0.0341933023	0.0344456072	0.0346921264	0.0349324093	0.0351660000	0.0353924386	0.0356112632	0.0358220110	0.0360242203	0.0362174325	0.0364011940	0.0365750583	0.0367385883	0.0368913586	0.0370329580	0.0371629921	0.0372810862	0.0373868879	0.0374800704	0.0375603362	0.0376274204	0.0376810954	0.0377211760	0.0377475257	0.0377600642	0.0377587782	0.0377437350	0.0377151011	0.0376731690	0.0376183924	0.0375514350	0.0374732275	0.0373850226	0.0372884044	0.0371851739	0.0370770173	0.0369649910	0.0368491062	0.0367283551	0.0366011610	0.0364658934	0.0363211803	0.0361660051	0.0359996834	0.0358218013	0.0356321529	0.0354306901	0.0352174847	0.0349927009	0.0347565751	0.0345094016	0.0342515216	0.0339833143	0.0337051903	0.0334175858	0.0331209585	0.0328157824	0.0325025452	0.0321817445	0.0318538847	0.0315194746	0.0311790249	0.0308330453	0.0304820431	0.0301265209	0.0297669746	0.0294038922	0.0290377518	0.0286690207	0.0282981540	0.0279255936	0.0275517674	0.0271770882	0.0268019535	0.0264267447	0.0260518266	0.0256775476	0.0253042388	0.0249322148	0.0245617726	0.0241931926	0.0238267385	0.0234626570	0.0231011790	0.0227425191	0.0223868763	0.0220344344	0.0216853627	0.0213398158	0.0209979349	0.0206598477	0.0203256692	0.0199955022	0.0196694377	0.0193475558	0.0190299258	0.0187166071	0.0184076496	0.0181030940	0.0178029727	0.0175073100	0.0172161228	0.0169294210	0.0166472078	0.0163694805	0.0160962305	0.0158274441	0.0155631025	0.0153031826	0.0150476570	0.0147964947	0.0145496610	0.0143071180	0.0140688252	0.0138347393	0.0136048146	0.0133790035	0.0131572563	0.0129395219	0.0127257475	0.0125158794	0.0123098625	0.0121076409	0.0119091579	0.0117143565	0.0115231789	0.0113355669	0.0111514625	0.0109708072	0.0107935425	0.0106196101	0.0104489519	0.0102815100	0.0101172265	0.0099560443	0.0097979064	0.0096427564	0.0094905385	0.0093411974	0.0091946782	0.0090509268	0.0089098900	0.0087715148	0.0086357492	0.0085025420	0.0083718425	0.0082436010	0.0081177685	0.0079942966	0.0078731379	0.0077542459	0.0076375745	0.0075230788	0.0074107145	0.0073004381	0.0071922069	0.0070859792	0.0069817138	0.0068793705	0.0067789097	0.0066802927	0.0065834815	0.0064884390	0.0063951286	0.0063035147	0.0062135622	0.0061252369
0.0118963381	0.0119856051	0.0120764522	0.0121689025	0.0122629793	0.0123587063	0.0124561076	0.0125552075	0.0126560305	0.0127586016	0.0128629458	0.0129690886	0.0130770554	0.0131868723	0.0132985650	0.0134121598	0.0135276830	0.0136451610	0.0137646202	0.0138860872	0.0140095887	0.0141351510	0.0142628008	0.0143925643	0.0145244679	0.0146585375	0.0147947990	0.0149332779	0.0150739992	0.0152169876	0.0153622674	0.0155098621	0.0156597946	0.0158120872	0.0159667611	0.0161238368	0.0162833338	0.0164452701	0.0166096628	0.0167765276	0.0169458784	0.0171177276	0.0172920860	0.0174689621	0.0176483626	0.0178302917	0.0180147512	0.0182017403	0.0183912553	0.0185832894	0.0187778327	0.0189748717	0.0191743891	0.0193763637	0.0195807701	0.0197875785	0.0199967540	0.0202082571	0.0204220426	0.0206380599	0.0208562524	0.0210765573	0.0212989051	0.0215232195	0.0217494171	0.0219774068	0.0222070898	0.0224383589	0.0226710985	0.0229051842	0.0231404823	0.0233768499	0.0236141341	0.0238521719	0.0240907903	0.0243298056	0.0245690232	0.0248082379	0.0250472331	0.0252857811	0.0255236429	0.0257605683	0.0259962956	0.0262305521	0.0264630537	0.0266935057	0.0269216027	0.0271470289	0.0273694587	0.0275885573	0.0278039808	0.0280153774	0.0282223880	0.0284246469	0.0286217829	0.0288134204	0.0289991803	0.0291786816	0.0293515424	0.0295173817	0.0296758205	0.0298264838	0.0299690020	0.0301030129	0.0302281634	0.0303441117	0.0304505289	0.0305471017	0.0306335340	0.0307095499	0.0307748958	0.0308293434	0.0308726928	0.0309047760	0.0309254619	0.0309346615	0.0309323355	0.0309185051	0.0308932665	0.0308568142	0.0308094738	0.0307517541	0.0306844217	0.0306086022	0.0305258768	0.0304382717	0.0303479191	0.0302562666	0.0301632912	0.0300675435	0.0299669776	0.0298597246	0.0297443971	0.0296200779	0.0294862120	0.0293425015	0.0291888279	0.0290251998	0.0288517180	0.0286685521	0.0284759252	0.0282741028	0.0280633842	0.0278440967	0.0276165906	0.0273812352	0.0271384153	0.0268885280	0.0266319802	0.0263691861	0.0261005648	0.0258265384	0.0255475295	0.0252639602	0.0249762496	0.0246848129	0.0243900595	0.0240923918	0.0237922043	0.0234898821	0.0231858001	0.0228803224	0.0225738013	0.0222665767	0.0219589757	0.0216513120	0.0213438860	0.0210369840	0.0207308784	0.0204258278	0.0201220763	0.0198198545	0.0195193789	0.0192208524	0.0189244644	0.0186303913	0.0183387964	0.0180498308	0.0177636332	0.0174803306	0.0172000388	0.0169228625	0.0166488960	0.0163782236	0.0161109199	0.0158470505	0.0155866720	0.0153298332	0.0150765747	0.0148269298	0.0145809250	0.0143385801	0.0140999087	0.0138649187	0.0136336128	0.0134059884	0.0131820383	0.0129617511	0.0127451113	0.0125320998	0.0123226939	0.0121168679	0.0119145934	0.0117158391	0.0115205716	0.0113287551	0.0111403523	0.0109553237	0.0107736287	0.0105952250	0.0104200694	0.0102481175	0.0100793242	0.0099136434	0.0097510288	0.0095914331	0.0094348091	0.0092811089	0.0091302849	0.0089822889	0.0088370731	0.0086945894	0.0085547901	0.0084176277	0.0082830547	0.0081510242	0.0080214893	0.0078944039	0.0077697220	0.0076473982	0.0075273876	0.0074096457	0.0072941288	0.0071807934	0.0070695970	0.0069604974	0.0068534531	0.0067484233	0.0066453676	0.0065442467	0.0064450214	0.0063476536	0.0062521055	0.0061583404	0.0060663217	0.0059760140	0.0058873822	0.0058003919	0.0057150095	0.0056312020	0.0055489369	0.0054681826	0.0053889077	0.0053110819	0.0052346753	0.0051596585	0.0050860028	0.0050136802
0.0092559996	0.0093254947	0.0093962204	0.0094681948	0.0095414360	0.0096159627	0.0096917935	0.0097689473	0.0098474435	0.0099273013	0.0100085404	0.0100911805	0.0101752417	0.0102607441	0.0103477079	0.0104361536	0.0105261017	0.0106175728	0.0107105876	0.0108051668	0.0109013312	0.0109991014	0.0110984982	0.0111995422	0.0113022538	0.0114066534	0.0115127612	0.0116205970	0.0117301806	0.0118415311	0.0119546675	0.0120696082	0.0121863713	0.0123049739	0.0124254330	0.0125477643	0.0126719832	0.0127981039	0.0129261397	0.0130561029	0.0131880045	0.0133218543	0.0134576606	0.0135954304	0.0137351688	0.0138768792	0.0140205632	0.0141662203	0.0143138476	0.0144634400	0.0146149899	0.0147684869	0.0149239175	0.0150812655	0.0152405111	0.0154016312	0.0155645988	0.0157293830	0.0158959490	0.0160642573	0.0162342639	0.0164059199	0.0165791715	0.0167539591	0.0169302178	0.0171078768	0.0172868591	0.0174670812	0.0176484532	0.0178308781	0.0180142517	0.0181984626	0.0183833918	0.0185689121	0.0187548888	0.0189411784	0.0191276295	0.0193140818	0.0195003665	0.0196863059	0.0198717136	0.0200563943	0.0202401438	0.0204227492	0.0206039889	0.0207836326	0.0209614420	0.0211371704	0.0213105636	0.0214813598	0.0216492906	0.0218140809	0.0219754499	0.0221331119	0.0222867765	0.0224361498	0.0225809353	0.0227208347	0.0228555489	0.0229847793	0.0231082290	0.0232256036	0.0233366129	0.0234409722	0.0235384037	0.0236286378	0.0237114147	0.0237864861	0.0238536166	0.0239125855	0.0239631886	0.0240052399	0.0240385740	0.0240630483	0.0240785455	0.0240849779	0.0240822912	0.0240704716	0.0240495556	0.0240196452	0.0239809332	0.0239337454	0.0238786141	0.0238164031	0.0237484986	0.0236770046	0.0236045888	0.0235333526	0.0234632314	0.0233920754	0.0233173012	0.0232369584	0.0231498332	0.0230552362	0.0229528060	0.0228423841	0.0227239410	0.0225975338	0.0224632802	0.0223213432	0.0221719205	0.0220152377	0.0218515431	0.0216811037	0.0215042024	0.0213211351	0.0211322081	0.0209377368	0.0207380430	0.0205334535	0.0203242986	0.0201109101	0.0198936203	0.0196727604	0.0194486591	0.0192216420	0.0189920296	0.0187601373	0.0185262737	0.0182907401	0.0180538300	0.0178158279	0.0175770093	0.0173376399	0.0170979754	0.0168582608	0.0166187309	0.0163796092	0.0161411085	0.0159034307	0.0156667664	0.0154312955	0.0151971871	0.0149645995	0.0147336805	0.0145045676	0.0142773883	0.0140522603	0.0138292919	0.0136085821	0.0133902211	0.0131742904	0.0129608637	0.0127500065	0.0125417769	0.0123362260	0.0121333980	0.0119333305	0.0117360553	0.0115415983	0.0113499799	0.0111612155	0.0109753156	0.0107922864	0.0106121296	0.0104348432	0.0102604217	0.0100888558	0.0099201335	0.0097542397	0.0095911567	0.0094308644	0.0092733404	0.0091185604	0.0089664982	0.0088171258	0.0086704140	0.0085263320	0.0083848481	0.0082459293	0.0081095417	0.0079756507	0.0078442211	0.0077152170	0.0075886020	0.0074643395	0.0073423924	0.0072227235	0.0071052955	0.0069900710	0.0068770124	0.0067660825	0.0066572439	0.0065504595	0.0064456924	0.0063429058	0.0062420635	0.0061431292	0.0060460671	0.0059508419	0.0058574185	0.0057657622	0.0056758390	0.0055876150	0.0055010569	0.0054161319	0.0053328077	0.0052510524	0.0051708347	0.0050921237	0.0050148890	0.0049391008	0.0048647298	0.0047917472	0.0047201247	0.0046498345	0.0045808494	0.0045131425	0.0044466877	0.0043814592	0.0043174317	0.0042545806	0.0041928814	0.0041323106	0.0040728446	0.0040144609	0.0039571369	0.0039008509
0.0066131931	0.0066628674	0.0067134216	0.0067648686	0.0068172216	0.0068704937	0.0069246983	0.0069798491	0.0070359597	0.0070930441	0.0071511162	0.0072101903	0.0072702806	0.0073314016	0.0073935678	0.0074567939	0.0075210944	0.0075864842	0.0076529781	0.0077205909	0.0077893375	0.0078592327	0.0079302914	0.0080025282	0.0080759580	0.0081505953	0.0082264545	0.0083035499	0.0083818955	0.0084615052	0.0085423926	0.0086245709	0.0087080529	0.0087928511	0.0088789776	0.0089664437	0.0090552603	0.0091454379	0.0092369858	0.0093299130	0.0094242273	0.0095199358	0.0096170446	0.0097155586	0.0098154815	0.0099168160	0.0100195631	0.0101237225	0.0102292923	0.0103362688	0.0104446467	0.0105544186	0.0106655749	0.0107781040	0.0108919920	0.0110072222	0.0111237754	0.0112416298	0.0113607603	0.0114811387	0.0116027338	0.0117255105	0.0118494303	0.0119744509	0.0121005256	0.0122276041	0.0123556311	0.0124845470	0.0126142875	0.0127447833	0.0128759599	0.0130077375	0.0131400309	0.0132727494	0.0134057963	0.0135390692	0.0136724595	0.0138058526	0.0139391275	0.0140721573	0.0142048083	0.0143369407	0.0144684083	0.0145990587	0.0147287330	0.0148572665	0.0149844882	0.0151102215	0.0152342842	0.0153564887	0.0154766426	0.0155945488	0.0157100058	0.0158228088	0.0159327495	0.0160396171	0.0161431988	0.0162432805	0.0163396474	0.0164320851	0.0165203800	0.0166043207	0.0166836982	0.0167583077	0.0168279487	0.0168924267	0.0169515539	0.0170051502	0.0170530445	0.0170950757	0.0171310938	0.0171609611	0.0171845533	0.0172017610	0.0172124910	0.0172166685	0.0172142388	0.0172051708	0.0171894618	0.0171671447	0.0171383019	0.0171030888	0.0170617827	0.0170148822	0.0169633219	0.0169088917	0.0168546688	0.0168038674	0.0167563635	0.0167088714	0.0166584294	0.0166033954	0.0165429733	0.0164767938	0.0164047038	0.0163266678	0.0162427208	0.0161529433	0.0160574485	0.0159563742	0.0158498778	0.0157381328	0.0156213261	0.0154996562	0.0153733313	0.0152425677	0.0151075887	0.0149686230	0.0148259037	0.0146796668	0.0145301505	0.0143775941	0.0142222367	0.0140643166	0.0139040701	0.0137417311	0.0135775299	0.0134116929	0.0132444416	0.0130759922	0.0129065552	0.0127363348	0.0125655285	0.0123943267	0.0122229128	0.0120514625	0.0118801439	0.0117091172	0.0115385349	0.0113685416	0.0111992740	0.0110308607	0.0108634230	0.0106970740	0.0105319198	0.0103680587	0.0102055820	0.0100445740	0.0098851121	0.0097272672	0.0095711037	0.0094166802	0.0092640491	0.0091132574	0.0089643466	0.0088173533	0.0086723088	0.0085292404	0.0083881705	0.0082491176	0.0081120963	0.0079771175	0.0078441889	0.0077133145	0.0075844958	0.0074577311	0.0073330164	0.0072103452	0.0070897087	0.0069710961	0.0068544946	0.0067398898	0.0066272657	0.0065166048	0.0064078883	0.0063010962	0.0061962075	0.0060932001	0.0059920513	0.0058927375	0.0057952344	0.0056995172	0.0056055606	0.0055133390	0.0054228263	0.0053339962	0.0052468223	0.0051612778	0.0050773361	0.0049949703	0.0049141536	0.0048348593	0.0047570607	0.0046807311	0.0046058442	0.0045323737	0.0044602936	0.0043895779	0.0043202010	0.0042521377	0.0041853628	0.0041198516	0.0040555795	0.0039925225	0.0039306567	0.0038699587	0.0038104051	0.0037519734	0.0036946411	0.0036383860	0.0035831864	0.0035290211	0.0034758690	0.0034237096	0.0033725225	0.0033222880	0.0032729865	0.0032245988	0.0031771063	0.0031304904	0.0030847332	0.0030398168	0.0029957241	0.0029524379	0.0029099416	0.0028682189	0.0028272537	0.0027870306
0.0039686221	0.0039984406	0.0040287875	0.0040596705	0.0040910974	0.0041230761	0.0041556149	0.0041887217	0.0042224048	0.0042566727	0.0042915337	0.0043269963	0.0043630692	0.0043997610	0.0044370804	0.0044750362	0.0045136373	0.0045528925	0.0045928107	0.0046334009	0.0046746720	0.0047166329	0.0047592925	0.0048026597	0.0048467434	0.0048915522	0.0049370949	0.0049833800	0.0050304161	0.0050782115	0.0051267742	0.0051761123	0.0052262335	0.0052771452	0.0053288548	0.0053813692	0.0054346948	0.0054888379	0.0055438042	0.0055995991	0.0056562273	0.0057136930	0.0057720000	0.0058311513	0.0058911491	0.0059519949	0.0060136894	0.0060762326	0.0061396232	0.0062038591	0.0062689371	0.0063348528	0.0064016004	0.0064691730	0.0065375623	0.0066067583	0.0066767495	0.0067475227	0.0068190630	0.0068913534	0.0069643753	0.0070381075	0.0071125270	0.0071876083	0.0072633236	0.0073396424	0.0074165317	0.0074939557	0.0075718758	0.0076502503	0.0077290345	0.0078081805	0.0078876372	0.0079673500	0.0080472609	0.0081273083	0.0082074270	0.0082875481	0.0083675990	0.0084475033	0.0085271808	0.0086065474	0.0086855154	0.0087639929	0.0088418846	0.0089190914	0.0089955105	0.0090710358	0.0091455577	0.0092189634	0.0092911372	0.0093619604	0.0094313121	0.0094990688	0.0095651054	0.0096292948	0.0096915092	0.0097516195	0.0098094964	0.0098650109	0.0099180343	0.0099684390	0.0100160992	0.0100608911	0.0101026939	0.0101413899	0.0101768655	0.0102090115	0.0102377241	0.0102629051	0.0102844628	0.0103023122	0.0103163764	0.0103265862	0.0103328816	0.0103352119	0.0103335370	0.0103278279	0.0103180682	0.0103042565	0.0102864099	0.0102645713	0.0102388254	0.0102093372	0.0101764608	0.0101410930	0.0101058023	0.0100754266	0.0100497430	0.0100239105	0.0099955235	0.0099637922	0.0099284464	0.0098893976	0.0098466347	0.0098001863	0.0097501054	0.0096964614	0.0096393368	0.0095788247	0.0095150269	0.0094480532	0.0093780201	0.0093050500	0.0092292705	0.0091508137	0.0090698152	0.0089864139	0.0089007508	0.0088129687	0.0087232116	0.0086316238	0.0085383496	0.0084435325	0.0083473152	0.0082498384	0.0081512408	0.0080516588	0.0079512256	0.0078500716	0.0077483232	0.0076461033	0.0075435308	0.0074407202	0.0073377818	0.0072348213	0.0071319397	0.0070292334	0.0069267940	0.0068247086	0.0067230591	0.0066219232	0.0065213734	0.0064214779	0.0063223004	0.0062239001	0.0061263316	0.0060296458	0.0059338890	0.0058391039	0.0057453292	0.0056526000	0.0055609479	0.0054704010	0.0053809843	0.0052927197	0.0052056260	0.0051197196	0.0050350139	0.0049515201	0.0048692468	0.0047882007	0.0047083862	0.0046298058	0.0045524604	0.0044763489	0.0044014689	0.0043278164	0.0042553862	0.0041841718	0.0041141654	0.0040453583	0.0039777410	0.0039113029	0.0038460327	0.0037819184	0.0037189473	0.0036571062	0.0035963814	0.0035367586	0.0034782233	0.0034207606	0.0033643553	0.0033089920	0.0032546550	0.0032013285	0.0031489965	0.0030976431	0.0030472522	0.0029978077	0.0029492935	0.0029016934	0.0028549915	0.0028091717	0.0027642183	0.0027201154	0.0026768473	0.0026343985	0.0025927537	0.0025518975	0.0025118150	0.0024724913	0.0024339116	0.0023960614	0.0023589265	0.0023224927	0.0022867461	0.0022516730	0.0022172600	0.0021834937	0.0021503612	0.0021178497	0.0020859464	0.0020546392	0.0020239157	0.0019937640	0.0019641725	0.0019351297	0.0019066242	0.0018786451	0.0018511814	0.0018242225	0.0017977581	0.0017717779	0.0017462718	0.0017212302	0.0016966433	0.0016725019
0.0013229918	0.0013329336	0.0013430516	0.0013533484	0.0013638266	0.0013744887	0.0013853376	0.0013963760	0.0014076065	0.0014190320	0.0014306553	0.0014424792	0.0014545066	0.0014667404	0.0014791834	0.0014918388	0.0015047093	0.0015177979	0.0015311076	0.0015446414	0.0015584023	0.0015723932	0.0015866172	0.0016010771	0.0016157759	0.0016307166	0.0016459021	0.0016613351	0.0016770186	0.0016929553	0.0017091479	0.0017255991	0.0017423115	0.0017592876	0.0017765298	0.0017940403	0.0018118215	0.0018298753	0.0018482036	0.0018668084	0.0018856910	0.0019048531	0.0019242957	0.0019440199	0.0019640265	0.0019843160	0.0020048886	0.0020257442	0.0020468825	0.0020683029	0.0020900041	0.0021119847	0.0021342429	0.0021567763	0.0021795822	0.0022026571	0.0022259974	0.0022495986	0.0022734557	0.0022975631	0.0023219145	0.0023465030	0.0023713207	0.0023963594	0.0024216095	0.0024470611	0.0024727031	0.0024985235	0.0025245095	0.0025506472	0.0025769216	0.0026033169	0.0026298159	0.0026564005	0.0026830512	0.0027097476	0.0027364680	0.0027631892	0.0027898872	0.0028165364	0.0028431101	0.0028695802	0.0028959174	0.0029220911	0.0029480695	0.0029738196	0.0029993070	0.0030244963	0.0030493510	0.0030738334	0.0030979049	0.0031215260	0.0031446561	0.0031672541	0.0031892783	0.0032106863	0.0032314353	0.0032514823	0.0032707841	0.0032892975	0.0033069797	0.0033237879	0.0033396802	0.0033546152	0.0033685524	0.0033814525	0.0033932775	0.0034039908	0.0034135575	0.0034219446	0.0034291214	0.0034350591	0.0034397315	0.0034431151	0.0034451891	0.0034459355	0.0034453396	0.0034433899	0.0034400780	0.0034353992	0.0034293526	0.0034219411	0.0034131726	0.0034030618	0.0033916365	0.0033789693	0.0033654767	0.0033554492	0.0033485833	0.0033408198	0.0033318062	0.0033214979	0.0033098921	0.0032969985	0.0032828333	0.0032674171	0.0032507741	0.0032329317	0.0032139202	0.0031937725	0.0031725240	0.0031502121	0.0031268766	0.0031025588	0.0030773018	0.0030511500	0.0030241488	0.0029963448	0.0029677853	0.0029385180	0.0029085911	0.0028780529	0.0028469515	0.0028153351	0.0027832511	0.0027507466	0.0027178679	0.0026846606	0.0026511692	0.0026174371	0.0025835066	0.0025494187	0.0025152131	0.0024809279	0.0024466001	0.0024122649	0.0023779559	0.0023437054	0.0023095440	0.0022755006	0.0022416026	0.0022078759	0.0021743448	0.0021410319	0.0021079586	0.0020751445	0.0020426080	0.0020103658	0.0019784336	0.0019468255	0.0019155545	0.0018846323	0.0018540693	0.0018238750	0.0017940577	0.0017646247	0.0017355824	0.0017069360	0.0016786901	0.0016508485	0.0016234140	0.0015963888	0.0015697744	0.0015435716	0.0015177808	0.0014924015	0.0014674330	0.0014428738	0.0014187224	0.0013949764	0.0013716334	0.0013486903	0.0013261441	0.0013039911	0.0012822277	0.0012608497	0.0012398530	0.0012192332	0.0011989856	0.0011791056	0.0011595883	0.0011404287	0.0011216217	0.0011031622	0.0010850449	0.0010672647	0.0010498161	0.0010326938	0.0010158926	0.0009994069	0.0009832314	0.0009673608	0.0009517897	0.0009365128	0.0009215248	0.0009068204	0.0008923943	0.0008782415	0.0008643568	0.0008507350	0.0008373713	0.0008242605	0.0008113979	0.0007987785	0.0007863976	0.0007742505	0.0007623325	0.0007506392	0.0007391659	0.0007279083	0.0007168620	0.0007060228	0.0006953863	0.0006849486	0.0006747056	0.0006646532	0.0006547876	0.0006451050	0.0006356015	0.0006262735	0.0006171174	0.0006081296	0.0005993067	0.0005906452	0.0005821418	0.0005737932	0.0005655963	0.0005575479
-0.0013229918	-0.0013329336	-0.0013430516	-0.0013533484	-0.0013638266	-0.0013744887	-0.0013853376	-0.0013963760	-0.0014076065	-0.0014190320	-0.0014306553	-0.0014424792	-0.0014545066	-0.0014667404	-0.0014791834	-0.0014918388	-0.0015047093	-0.0015177979	-0.0015311076	-0.0015446414	-0.0015584023	-0.0015723932	-0.0015866172	-0.0016010771	-0.0016157759	-0.0016307166	-0.0016459021	-0.0016613351	-0.0016770186	-0.0016929553	-0.0017091479	-0.0017255991	-0.0017423115	-0.0017592876	-0.0017765298	-0.0017940403	-0.0018118215	-0.0018298753	-0.0018482036	-0.0018668084	-0.0018856910	-0.0019048531	-0.0019242957	-0.0019440199	-0.0019640265	-0.0019843160	-0.0020048886	-0.0020257442	-0.0020468825	-0.0020683029	-0.0020900041	-0.0021119847	-0.0021342429	-0.0021567763	-0.0021795822	-0.0022026571	-0.0022259974	-0.0022495986	-0.0022734557	-0.0022975631	-0.0023219145	-0.0023465030	-0.0023713207	-0.0023963594	-0.0024216095	-0.0024470611	-0.0024727031	-0.0024985235	-0.0025245095	-0.0025506472	-0.0025769216	-0.0026033169	-0.0026298159	-0.0026564005	-0.0026830512	-0.0027097476	-0.0027364680	-0.0027631892	-0.0027898872	-0.0028165364	-0.0028431101	-0.0028695802	-0.0028959174	-0.0029220911	-0.0029480695	-0.0029738196	-0.0029993070	-0.0030244963	-0.0030493510	-0.0030738334	-0.0030979049	-0.0031215260	-0.0031446561	-0.0031672541	-0.0031892783	-0.0032106863	-0.0032314353	-0.0032514823	-0.0032707841	-0.0032892975	-0.0033069797	-0.0033237879	-0.0033396802	-0.0033546152	-0.0033685524	-0.0033814525	-0.0033932775	-0.0034039908	-0.0034135575	-0.0034219446	-0.0034291214	-0.0034350591	-0.0034397315	-0.0034431151	-0.0034451891	-0.0034459355	-0.0034453396	-0.0034433899	-0.0034400780	-0.0034353992	-0.0034293526	-0.0034219411	-0.0034131726	-0.0034030618	-0.0033916365	-0.0033789693	-0.0033654767	-0.0033554492	-0.0033485833	-0.0033408198	-0.0033318062	-0.0033214979	-0.0033098921	-0.0032969985	-0.0032828333	-0.0032674171	-0.0032507741	-0.0032329317	-0.0032139202	-0.0031937725	-0.0031725240	-0.0031502121	-0.0031268766	-0.0031025588	-0.0030773018	-0.0030511500	-0.0030241488	-0.0029963448	-0.0029677853	-0.0029385180	-0.0029085911	-0.0028780529	-0.0028469515	-0.0028153351	-0.0027832511	-0.0027507466	-0.0027178679	-0.0026846606	-0.0026511692	-0.0026174371	-0.0025835066	-0.0025494187	-0.0025152131	-0.0024809279	-0.0024466001	-0.0024122649	-0.0023779559	-0.0023437054	-0.0023095440	-0.0022755006	-0.0022416026	-0.0022078759	-0.0021743448	-0.0021410319	-0.0021079586	-0.0020751445	-0.0020426080	-0.0020103658	-0.0019784336	-0.0019468255	-0.0019155545	-0.0018846323	-0.0018540693	-0.0018238750	-0.0017940577	-0.0017646247	-0.0017355824	-0.0017069360	-0.0016786901	-0.0016508485	-0.0016234140	-0.0015963888	-0.0015697744	-0.0015435716	-0.0015177808	-0.0014924015	-0.0014674330	-0.0014428738	-0.0014187224	-0.0013949764	-0.0013716334	-0.0013486903	-0.0013261441	-0.0013039911	-0.0012822277	-0.0012608497	-0.0012398530	-0.0012192332	-0.0011989856	-0.0011791056	-0.0011595883	-0.0011404287	-0.0011216217	-0.0011031622	-0.0010850449	-0.0010672647	-0.0010498161	-0.0010326938	-0.0010158926	-0.0009994069	-0.0009832314	-0.0009673608	-0.0009517897	-0.0009365128	-0.0009215248	-0.0009068204	-0.0008923943	-0.0008782415	-0.0008643568	-0.0008507350	-0.0008373713	-0.0008242605	-0.0008113979	-0.0007987785	-0.0007863976	-0.0007742505	-0.0007623325	-0.0007506392	-0.0007391659	-0.0007279083	-0.0007168620	-0.0007060228	-0.0006953863	-0.0006849486	-0.0006747056	-0.0006646532	-0.0006547876	-0.0006451050	-0.0006356015	-0.0006262735	-0.0006171174	-0.0006081296	-0.0005993067	-0.0005906452	-0.0005821418	-0.0005737932	-0.0005655963	-0.0005575479
-0.0039686221	-0.0039984406	-0.0040287875	-0.0040596705	-0.0040910974	-0.0041230761	-0.0041556149	-0.0041887217	-0.0042224048	-0.0042566727	-0.0042915337	-0.0043269963	-0.0043630692	-0.0043997610	-0.0044370804	-0.0044750362	-0.0045136373	-0.0045528925	-0.0045928107	-0.0046334009	-0.0046746720	-0.0047166329	-0.0047592925	-0.0048026597	-0.0048467434	-0.0048915522	-0.0049370949	-0.0049833800	-0.0050304161	-0.0050782115	-0.0051267742	-0.0051761123	-0.0052262335	-0.0052771452	-0.0053288548	-0.0053813692	-0.0054346948	-0.0054888379	-0.0055438042	-0.0055995991	-0.0056562273	-0.0057136930	-0.0057720000	-0.0058311513	-0.0058911491	-0.0059519949	-0.0060136894	-0.0060762326	-0.0061396232	-0.0062038591	-0.0062689371	-0.0063348528	-0.0064016004	-0.0064691730	-0.0065375623	-0.0066067583	-0.0066767495	-0.0067475227	-0.0068190630	-0.0068913534	-0.0069643753	-0.0070381075	-0.0071125270	-0.0071876083	-0.0072633236	-0.0073396424	-0.0074165317	-0.0074939557	-0.0075718758	-0.0076502503	-0.0077290345	-0.0078081805	-0.0078876372	-0.0079673500	-0.0080472609	-0.0081273083	-0.0082074270	-0.0082875481	-0.0083675990	-0.0084475033	-0.0085271808	-0.0086065474	-0.0086855154	-0.0087639929	-0.0088418846	-0.0089190914	-0.0089955105	-0.0090710358	-0.0091455577	-0.0092189634	-0.0092911372	-0.0093619604	-0.0094313121	-0.0094990688	-0.0095651054	-0.0096292948	-0.0096915092	-0.0097516195	-0.0098094964	-0.0098650109	-0.0099180343	-0.0099684390	-0.0100160992	-0.0100608911	-0.0101026939	-0.0101413899	-0.0101768655	-0.0102090115	-0.0102377241	-0.0102629051	-0.0102844628	-0.0103023122	-0.0103163764	-0.0103265862	-0.0103328816	-0.0103352119	-0.0103335370	-0.0103278279	-0.0103180682	-0.0103042565	-0.0102864099	-0.0102645713	-0.0102388254	-0.0102093372	-0.0101764608	-0.0101410930	-0.0101058023	-0.0100754266	-0.0100497430	-0.0100239105	-0.0099955235	-0.0099637922	-0.0099284464	-0.0098893976	-0.0098466347	-0.0098001863	-0.0097501054	-0.0096964614	-0.0096393368	-0.0095788247	-0.0095150269	-0.0094480532	-0.0093780201	-0.0093050500	-0.0092292705	-0.0091508137	-0.0090698152	-0.0089864139	-0.0089007508	-0.0088129687	-0.0087232116	-0.0086316238	-0.0085383496	-0.0084435325	-0.0083473152	-0.0082498384	-0.0081512408	-0.0080516588	-0.0079512256	-0.0078500716	-0.0077483232	-0.0076461033	-0.0075435308	-0.0074407202	-0.0073377818	-0.0072348213	-0.0071319397	-0.0070292334	-0.0069267940	-0.0068247086	-0.0067230591	-0.0066219232	-0.0065213734	-0.0064214779	-0.0063223004	-0.0062239001	-0.0061263316	-0.0060296458	-0.0059338890	-0.0058391039	-0.0057453292	-0.0056526000	-0.0055609479	-0.0054704010	-0.0053809843	-0.0052927197	-0.0052056260	-0.0051197196	-0.0050350139	-0.0049515201	-0.0048692468	-0.0047882007	-0.0047083862	-0.0046298058	-0.0045524604	-0.0044763489	-0.0044014689	-0.0043278164	-0.0042553862	-0.0041841718	-0.0041141654	-0.0040453583	-0.0039777410	-0.0039113029	-0.0038460327	-0.0037819184	-0.0037189473	-0.0036571062	-0.0035963814	-0.0035367586	-0.0034782233	-0.0034207606	-0.0033643553	-0.0033089920	-0.0032546550	-0.0032013285	-0.0031489965	-0.0030976431	-0.0030472522	-0.0029978077	-0.0029492935	-0.0029016934	-0.0028549915	-0.0028091717	-0.0027642183	-0.0027201154	-0.0026768473	-0.0026343985	-0.0025927537	-0.0025518975	-0.0025118150	-0.0024724913	-0.0024339116	-0.0023960614	-0.0023589265	-0.0023224927	-0.0022867461	-0.0022516730	-0.0022172600	-0.0021834937	-0.0021503612	-0.0021178497	-0.0020859464	-0.0020546392	-0.0020239157	-0.0019937640	-0.0019641725	-0.0019351297	-0.0019066242	-0.0018786451	-0.0018511814	-0.0018242225	-0.0017977581	-0.0017717779	-0.0017462718	-0.0017212302	-0.0016966433	-0.0016725019
-0.0066131931	-0.0066628674	-0.0067134216	-0.0067648686	-0.0068172216	-0.0068704937	-0.0069246983	-0.0069798491	-0.0070359597	-0.0070930441	-0.0071511162	-0.0072101903	-0.0072702806	-0.0073314016	-0.0073935678	-0.0074567939	-0.0075210944	-0.0075864842	-0.0076529781	-0.0077205909	-0.0077893375	-0.0078592327	-0.0079302914	-0.0080025282	-0.0080759580	-0.0081505953	-0.0082264545	-0.0083035499	-0.0083818955	-0.0084615052	-0.0085423926	-0.0086245709	-0.0087080529	-0.0087928511	-0.0088789776	-0.0089664437	-0.0090552603	-0.0091454379	-0.0092369858	-0.0093299130	-0.0094242273	-0.0095199358	-0.0096170446	-0.0097155586	-0.0098154815	-0.0099168160	-0.0100195631	-0.0101237225	-0.0102292923	-0.0103362688	-0.0104446467	-0.0105544186	-0.0106655749	-0.0107781040	-0.0108919920	-0.0110072222	-0.0111237754	-0.0112416298	-0.0113607603	-0.0114811387	-0.0116027338	-0.0117255105	-0.0118494303	-0.0119744509	-0.0121005256	-0.0122276041	-0.0123556311	-0.0124845470	-0.0126142875	-0.0127447833	-0.0128759599	-0.0130077375	-0.0131400309	-0.0132727494	-0.0134057963	-0.0135390692	-0.0136724595	-0.0138058526	-0.0139391275	-0.0140721573	-0.0142048083	-0.0143369407	-0.0144684083	-0.0145990587	-0.0147287330	-0.0148572665	-0.0149844882	-0.0151102215	-0.0152342842	-0.0153564887	-0.0154766426	-0.0155945488	-0.0157100058	-0.0158228088	-0.0159327495	-0.0160396171	-0.0161431988	-0.0162432805	-0.0163396474	-0.0164320851	-0.0165203800	-0.0166043207	-0.0166836982	-0.0167583077	-0.0168279487	-0.0168924267	-0.0169515539	-0.0170051502	-0.0170530445	-0.0170950757	-0.0171310938	-0.0171609611	-0.0171845533	-0.0172017610	-0.0172124910	-0.0172166685	-0.0172142388	-0.0172051708	-0.0171894618	-0.0171671447	-0.0171383019	-0.0171030888	-0.0170617827	-0.0170148822	-0.0169633219	-0.0169088917	-0.0168546688	-0.0168038674	-0.0167563635	-0.0167088714	-0.0166584294	-0.0166033954	-0.0165429733	-0.0164767938	-0.0164047038	-0.0163266678	-0.0162427208	-0.0161529433	-0.0160574485	-0.0159563742	-0.0158498778	-0.0157381328	-0.0156213261	-0.0154996562	-0.0153733313	-0.0152425677	-0.0151075887	-0.0149686230	-0.0148259037	-0.0146796668	-0.0145301505	-0.0143775941	-0.0142222367	-0.0140643166	-0.0139040701	-0.0137417311	-0.0135775299	-0.0134116929	-0.0132444416	-0.0130759922	-0.0129065552	-0.0127363348	-0.0125655285	-0.0123943267	-0.0122229128	-0.0120514625	-0.0118801439	-0.0117091172	-0.0115385349	-0.0113685416	-0.0111992740	-0.0110308607	-0.0108634230	-0.0106970740	-0.0105319198	-0.0103680587	-0.0102055820	-0.0100445740	-0.0098851121	-0.0097272672	-0.0095711037	-0.0094166802	-0.0092640491	-0.0091132574	-0.0089643466	-0.0088173533	-0.0086723088	-0.0085292404	-0.0083881705	-0.0082491176	-0.0081120963	-0.0079771175	-0.0078441889	-0.0077133145	-0.0075844958	-0.0074577311	-0.0073330164	-0.0072103452	-0.0070897087	-0.0069710961	-0.0068544946	-0.0067398898	-0.0066272657	-0.0065166048	-0.0064078883	-0.0063010962	-0.0061962075	-0.0060932001	-0.0059920513	-0.0058927375	-0.0057952344	-0.0056995172	-0.0056055606	-0.0055133390	-0.0054228263	-0.0053339962	-0.0052468223	-0.0051612778	-0.0050773361	-0.0049949703	-0.0049141536	-0.0048348593	-0.0047570607	-0.0046807311	-0.0046058442	-0.0045323737	-0.0044602936	-0.0043895779	-0.0043202010	-0.0042521377	-0.0041853628	-0.0041198516	-0.0040555795	-0.0039925225	-0.0039306567	-0.0038699587	-0.0038104051	-0.0037519734	-0.0036946411	-0.0036383860	-0.0035831864	-0.0035290211	-0.0034758690	-0.0034237096	-0.0033725225	-0.0033222880	-0.0032729865	-0.0032245988	-0.0031771063	-0.0031304904	-0.0030847332	-0.0030398168	-0.0029957241	-0.0029524379	-0.0029099416	-0.0028682189	-0.0028272537	-0.0027870306
-0.0092559996	-0.0093254947	-0.0093962204	-0.0094681948	-0.0095414360	-0.0096159627	-0.0096917935	-0.0097689473	-0.0098474435	-0.0099273013	-0.0100085404	-0.0100911805	-0.0101752417	-0.0102607441	-0.0103477079	-0.0104361536	-0.0105261017	-0.0106175728	-0.0107105876	-0.0108051668	-0.0109013312	-0.0109991014	-0.0110984982	-0.0111995422	-0.0113022538	-0.0114066534	-0.0115127612	-0.0116205970	-0.0117301806	-0.0118415311	-0.0119546675	-0.0120696082	-0.0121863713	-0.0123049739	-0.0124254330	-0.0125477643	-0.0126719832	-0.0127981039	-0.0129261397	-0.0130561029	-0.0131880045	-0.0133218543	-0.0134576606	-0.0135954304	-0.0137351688	-0.0138768792	-0.0140205632	-0.0141662203	-0.0143138476	-0.0144634400	-0.0146149899	-0.0147684869	-0.0149239175	-0.0150812655	-0.0152405111	-0.0154016312	-0.0155645988	-0.0157293830	-0.0158959490	-0.0160642573	-0.0162342639	-0.0164059199	-0.0165791715	-0.0167539591	-0.0169302178	-0.0171078768	-0.0172868591	-0.0174670812	-0.0176484532	-0.0178308781	-0.0180142517	-0.0181984626	-0.0183833918	-0.0185689121	-0.0187548888	-0.0189411784	-0.0191276295	-0.0193140818	-0.0195003665	-0.0196863059	-0.0198717136	-0.0200563943	-0.0202401438	-0.0204227492	-0.0206039889	-0.0207836326	-0.0209614420	-0.0211371704	-0.0213105636	-0.0214813598	-0.0216492906	-0.0218140809	-0.0219754499	-0.0221331119	-0.0222867765	-0.0224361498	-0.0225809353	-0.0227208347	-0.0228555489	-0.0229847793	-0.0231082290	-0.0232256036	-0.0233366129	-0.0234409722	-0.0235384037	-0.0236286378	-0.0237114147	-0.0237864861	-0.0238536166	-0.0239125855	-0.0239631886	-0.0240052399	-0.0240385740	-0.0240630483	-0.0240785455	-0.0240849779	-0.0240822912	-0.0240704716	-0.0240495556	-0.0240196452	-0.0239809332	-0.0239337454	-0.0238786141	-0.0238164031	-0.0237484986	-0.0236770046	-0.0236045888	-0.0235333526	-0.0234632314	-0.0233920754	-0.0233173012	-0.0232369584	-0.0231498332	-0.0230552362	-0.0229528060	-0.0228423841	-0.0227239410	-0.0225975338	-0.0224632802	-0.0223213432	-0.0221719205	-0.0220152377	-0.0218515431	-0.0216811037	-0.0215042024	-0.0213211351	-0.0211322081	-0.0209377368	-0.0207380430	-0.0205334535	-0.0203242986	-0.0201109101	-0.0198936203	-0.0196727604	-0.0194486591	-0.0192216420	-0.0189920296	-0.0187601373	-0.0185262737	-0.0182907401	-0.0180538300	-0.0178158279	-0.0175770093	-0.0173376399	-0.0170979754	-0.0168582608	-0.0166187309	-0.0163796092	-0.0161411085	-0.0159034307	-0.0156667664	-0.0154312955	-0.0151971871	-0.0149645995	-0.0147336805	-0.0145045676	-0.0142773883	-0.0140522603	-0.0138292919	-0.0136085821	-0.0133902211	-0.0131742904	-0.0129608637	-0.0127500065	-0.0125417769	-0.0123362260	-0.0121333980	-0.0119333305	-0.0117360553	-0.0115415983	-0.0113499799	-0.0111612155	-0.0109753156	-0.0107922864	-0.0106121296	-0.0104348432	-0.0102604217	-0.0100888558	-0.0099201335	-0.0097542397	-0.0095911567	-0.0094308644	-0.0092733404	-0.0091185604	-0.0089664982	-0.0088171258	-0.0086704140	-0.0085263320	-0.0083848481	-0.0082459293	-0.0081095417	-0.0079756507	-0.0078442211	-0.0077152170	-0.0075886020	-0.0074643395	-0.0073423924	-0.0072227235	-0.0071052955	-0.0069900710	-0.0068770124	-0.0067660825	-0.0066572439	-0.0065504595	-0.0064456924	-0.0063429058	-0.0062420635	-0.0061431292	-0.0060460671	-0.0059508419	-0.0058574185	-0.0057657622	-0.0056758390	-0.0055876150	-0.0055010569	-0.0054161319	-0.0053328077	-0.0052510524	-0.0051708347	-0.0050921237	-0.0050148890	-0.0049391008	-0.0048647298	-0.0047917472	-0.0047201247	-0.0046498345	-0.0045808494	-0.0045131425	-0.0044466877	-0.0043814592	-0.0043174317	-0.0042545806	-0.0041928814	-0.0041323106	-0.0040728446	-0.0040144609	-0.0039571369	-0.0039008509
-0.0118963381	-0.0119856051	-0.0120764522	-0.0121689025	-0.0122629793	-0.0123587063	-0.0124561076	-0.0125552075	-0.0126560305	-0.0127586016	-0.0128629458	-0.0129690886	-0.0130770554	-0.0131868723	-0.0132985650	-0.0134121598	-0.0135276830	-0.0136451610	-0.0137646202	-0.0138860872	-0.0140095887	-0.0141351510	-0.0142628008	-0.0143925643	-0.0145244679	-0.0146585375	-0.0147947990	-0.0149332779	-0.0150739992	-0.0152169876	-0.0153622674	-0.0155098621	-0.0156597946	-0.0158120872	-0.0159667611	-0.0161238368	-0.0162833338	-0.0164452701	-0.0166096628	-0.0167765276	-0.0169458784	-0.0171177276	-0.0172920860	-0.0174689621	-0.0176483626	-0.0178302917	-0.0180147512	-0.0182017403	-0.0183912553	-0.0185832894	-0.0187778327	-0.0189748717	-0.0191743891	-0.0193763637	-0.0195807701	-0.0197875785	-0.0199967540	-0.0202082571	-0.0204220426	-0.0206380599	-0.0208562524	-0.0210765573	-0.0212989051	-0.0215232195	-0.0217494171	-0.0219774068	-0.0222070898	-0.0224383589	-0.0226710985	-0.0229051842	-0.0231404823	-0.0233768499	-0.0236141341	-0.0238521719	-0.0240907903	-0.0243298056	-0.0245690232	-0.0248082379	-0.0250472331	-0.0252857811	-0.0255236429	-0.0257605683	-0.0259962956	-0.0262305521	-0.0264630537	-0.0266935057	-0.0269216027	-0.0271470289	-0.0273694587	-0.0275885573	-0.0278039808	-0.0280153774	-0.0282223880	-0.0284246469	-0.0286217829	-0.0288134204	-0.0289991803	-0.0291786816	-0.0293515424	-0.0295173817	-0.0296758205	-0.0298264838	-0.0299690020	-0.0301030129	-0.0302281634	-0.0303441117	-0.0304505289	-0.0305471017	-0.0306335340	-0.0307095499	-0.0307748958	-0.0308293434	-0.0308726928	-0.0309047760	-0.0309254619	-0.0309346615	-0.0309323355	-0.0309185051	-0.0308932665	-0.0308568142	-0.0308094738	-0.0307517541	-0.0306844217	-0.0306086022	-0.0305258768	-0.0304382717	-0.0303479191	-0.0302562666	-0.0301632912	-0.0300675435	-0.0299669776	-0.0298597246	-0.0297443971	-0.0296200779	-0.0294862120	-0.0293425015	-0.0291888279	-0.0290251998	-0.0288517180	-0.0286685521	-0.0284759252	-0.0282741028	-0.0280633842	-0.0278440967	-0.0276165906	-0.0273812352	-0.0271384153	-0.0268885280	-0.0266319802	-0.0263691861	-0.0261005648	-0.0258265384	-0.0255475295	-0.0252639602	-0.0249762496	-0.0246848129	-0.0243900595	-0.0240923918	-0.0237922043	-0.0234898821	-0.0231858001	-0.0228803224	-0.0225738013	-0.0222665767	-0.0219589757	-0.0216513120	-0.0213438860	-0.0210369840	-0.0207308784	-0.0204258278	-0.0201220763	-0.0198198545	-0.0195193789	-0.0192208524	-0.0189244644	-0.0186303913	-0.0183387964	-0.0180498308	-0.0177636332	-0.0174803306	-0.0172000388	-0.0169228625	-0.0166488960	-0.0163782236	-0.0161109199	-0.0158470505	-0.0155866720	-0.0153298332	-0.0150765747	-0.0148269298	-0.0145809250	-0.0143385801	-0.0140999087	-0.0138649187	-0.0136336128	-0.0134059884	-0.0131820383	-0.0129617511	-0.0127451113	-0.0125320998	-0.0123226939	-0.0121168679	-0.0119145934	-0.0117158391	-0.0115205716	-0.0113287551	-0.0111403523	-0.0109553237	-0.0107736287	-0.0105952250	-0.0104200694	-0.0102481175	-0.0100793242	-0.0099136434	-0.0097510288	-0.0095914331	-0.0094348091	-0.0092811089	-0.0091302849	-0.0089822889	-0.0088370731	-0.0086945894	-0.0085547901	-0.0084176277	-0.0082830547	-0.0081510242	-0.0080214893	-0.0078944039	-0.0077697220	-0.0076473982	-0.0075273876	-0.0074096457	-0.0072941288	-0.0071807934	-0.0070695970	-0.0069604974	-0.0068534531	-0.0067484233	-0.0066453676	-0.0065442467	-0.0064450214	-0.0063476536	-0.0062521055	-0.0061583404	-0.0060663217	-0.0059760140	-0.0058873822	-0.0058003919	-0.0057150095	-0.0056312020	-0.0055489369	-0.0054681826	-0.0053889077	-0.0053110819	-0.0052346753	-0.0051596585	-0.0050860028	-0.0050136802
-0.0145335070	-0.0146424833	-0.0147533875	-0.0148662477	-0.0149810923	-0.0150979502	-0.0152168506	-0.0153378232	-0.0154608980	-0.0155861051	-0.0157134752	-0.0158430391	-0.0159748281	-0.0161088735	-0.0162452070	-0.0163838604	-0.0165248657	-0.0166682550	-0.0168140606	-0.0169623147	-0.0171130497	-0.0172662978	-0.0174220913	-0.0175804622	-0.0177414425	-0.0179050637	-0.0180713573	-0.0182403542	-0.0184120849	-0.0185865794	-0.0187638670	-0.0189439764	-0.0191269354	-0.0193127709	-0.0195015089	-0.0196931741	-0.0198877899	-0.0200853784	-0.0202859602	-0.0204895541	-0.0206961771	-0.0209058441	-0.0211185679	-0.0213343590	-0.0215532250	-0.0217751711	-0.0220001992	-0.0222283081	-0.0224594931	-0.0226937457	-0.0229310536	-0.0231714000	-0.0234147638	-0.0236611188	-0.0239104338	-0.0241626722	-0.0244177914	-0.0246757429	-0.0249364713	-0.0251999149	-0.0254660042	-0.0257346626	-0.0260058052	-0.0262793387	-0.0265551613	-0.0268331618	-0.0271132194	-0.0273952035	-0.0276789730	-0.0279643761	-0.0282512498	-0.0285394198	-0.0288286996	-0.0291188908	-0.0294097823	-0.0297011503	-0.0299927579	-0.0302843548	-0.0305756775	-0.0308664486	-0.0311563772	-0.0314451586	-0.0317324744	-0.0320179925	-0.0323013675	-0.0325822409	-0.0328602410	-0.0331349840	-0.0334060740	-0.0336731038	-0.0339356557	-0.0341933023	-0.0344456072	-0.0346921264	-0.0349324093	-0.0351660000	-0.0353924386	-0.0356112632	-0.0358220110	-0.0360242203	-0.0362174325	-0.0364011940	-0.0365750583	-0.0367385883	-0.0368913586	-0.0370329580	-0.0371629921	-0.0372810862	-0.0373868879	-0.0374800704	-0.0375603362	-0.0376274204	-0.0376810954	-0.0377211760	-0.0377475257	-0.0377600642	-0.0377587782	-0.0377437350	-0.0377151011	-0.0376731690	-0.0376183924	-0.0375514350	-0.0374732275	-0.0373850226	-0.0372884044	-0.0371851739	-0.0370770173	-0.0369649910	-0.0368491062	-0.0367283551	-0.0366011610	-0.0364658934	-0.0363211803	-0.0361660051	-0.0359996834	-0.0358218013	-0.0356321529	-0.0354306901	-0.0352174847	-0.0349927009	-0.0347565751	-0.0345094016	-0.0342515216	-0.0339833143	-0.0337051903	-0.0334175858	-0.0331209585	-0.0328157824	-0.0325025452	-0.0321817445	-0.0318538847	-0.0315194746	-0.0311790249	-0.0308330453	-0.0304820431	-0.0301265209	-0.0297669746	-0.0294038922	-0.0290377518	-0.0286690207	-0.0282981540	-0.0279255936	-0.0275517674	-0.0271770882	-0.0268019535	-0.0264267447	-0.0260518266	-0.0256775476	-0.0253042388	-0.0249322148	-0.0245617726	-0.0241931926	-0.0238267385	-0.0234626570	-0.0231011790	-0.0227425191	-0.0223868763	-0.0220344344	-0.0216853627	-0.0213398158	-0.0209979349	-0.0206598477	-0.0203256692	-0.0199955022	-0.0196694377	-0.0193475558	-0.0190299258	-0.0187166071	-0.0184076496	-0.0181030940	-0.0178029727	-0.0175073100	-0.0172161228	-0.0169294210	-0.0166472078	-0.0163694805	-0.0160962305	-0.0158274441	-0.0155631025	-0.0153031826	-0.0150476570	-0.0147964947	-0.0145496610	-0.0143071180	-0.0140688252	-0.0138347393	-0.0136048146	-0.0133790035	-0.0131572563	-0.0129395219	-0.0127257475	-0.0125158794	-0.0123098625	-0.0121076409	-0.0119091579	-0.0117143565	-0.0115231789	-0.0113355669	-0.0111514625	-0.0109708072	-0.0107935425	-0.0106196101	-0.0104489519	-0.0102815100	-0.0101172265	-0.0099560443	-0.0097979064	-0.0096427564	-0.0094905385	-0.0093411974	-0.0091946782	-0.0090509268	-0.0089098900	-0.0087715148	-0.0086357492	-0.0085025420	-0.0083718425	-0.0082436010	-0.0081177685	-0.0079942966	-0.0078731379	-0.0077542459	-0.0076375745	-0.0075230788	-0.0074107145	-0.0073004381	-0.0071922069	-0.0070859792	-0.0069817138	-0.0068793705	-0.0067789097	-0.0066802927	-0.0065834815	-0.0064884390	-0.0063951286	-0.0063035147	-0.0062135622	-0.0061252369
-0.0171668077	-0.0172954170	-0.0174262998	-0.0175594894	-0.0176950192	-0.0178329232	-0.0179732358	-0.0181159919	-0.0182612266	-0.0184089757	-0.0185592750	-0.0187121609	-0.0188676701	-0.0190258395	-0.0191867063	-0.0193503079	-0.0195166819	-0.0196858662	-0.0198578985	-0.0200328169	-0.0202106593	-0.0203914637	-0.0205752678	-0.0207621094	-0.0209520259	-0.0211450544	-0.0213412319	-0.0215405945	-0.0217431782	-0.0219490180	-0.0221581484	-0.0223706030	-0.0225864143	-0.0228056140	-0.0230282322	-0.0232542980	-0.0234838389	-0.0237168805	-0.0239534470	-0.0241935601	-0.0244372398	-0.0246845033	-0.0249353656	-0.0251898384	-0.0254479308	-0.0257096484	-0.0259749933	-0.0262439636	-0.0265165536	-0.0267927531	-0.0270725470	-0.0273559155	-0.0276428331	-0.0279332689	-0.0282271857	-0.0285245400	-0.0288252813	-0.0291293521	-0.0294366870	-0.0297472127	-0.0300608473	-0.0303775001	-0.0306970707	-0.0310194491	-0.0313445149	-0.0316721370	-0.0320021728	-0.0323344683	-0.0326688569	-0.0330051598	-0.0333431849	-0.0336827265	-0.0340235652	-0.0343654670	-0.0347081834	-0.0350514508	-0.0353949904	-0.0357385075	-0.0360816920	-0.0364242176	-0.0367657419	-0.0371059066	-0.0374443373	-0.0377806436	-0.0381144195	-0.0384452435	-0.0387726790	-0.0390962751	-0.0394155668	-0.0397300761	-0.0400393126	-0.0403427747	-0.0406399504	-0.0409303190	-0.0412133522	-0.0414885156	-0.0417552707	-0.0420130765	-0.0422613914	-0.0424996756	-0.0427273932	-0.0429440146	-0.0431490191	-0.0433418977	-0.0435221557	-0.0436893161	-0.0438429225	-0.0439825428	-0.0441077723	-0.0442182384	-0.0443136043	-0.0443935742	-0.0444578990	-0.0445063821	-0.0445388883	-0.0445553527	-0.0445557934	-0.0445403270	-0.0445091892	-0.0444627603	-0.0444015978	-0.0443264717	-0.0442383981	-0.0441386497	-0.0440287123	-0.0439101383	-0.0437842775	-0.0436519434	-0.0435131770	-0.0433672651	-0.0432130011	-0.0430490249	-0.0428740850	-0.0426871696	-0.0424875400	-0.0422747104	-0.0420484089	-0.0418085380	-0.0415551397	-0.0412883672	-0.0410084639	-0.0407157454	-0.0404105871	-0.0400934129	-0.0397646873	-0.0394249077	-0.0390745986	-0.0387143064	-0.0383445947	-0.0379660402	-0.0375792290	-0.0371847533	-0.0367832079	-0.0363751879	-0.0359612855	-0.0355420882	-0.0351181761	-0.0346901202	-0.0342584806	-0.0338238046	-0.0333866256	-0.0329474618	-0.0325068149	-0.0320651694	-0.0316229917	-0.0311807295	-0.0307388113	-0.0302976460	-0.0298576230	-0.0294191114	-0.0289824607	-0.0285480004	-0.0281160404	-0.0276868711	-0.0272607639	-0.0268379713	-0.0264187276	-0.0260032492	-0.0255917352	-0.0251843679	-0.0247813135	-0.0243827226	-0.0239887306	-0.0235994588	-0.0232150146	-0.0228354926	-0.0224609746	-0.0220915307	-0.0217272200	-0.0213680907	-0.0210141812	-0.0206655205	-0.0203221287	-0.0199840178	-0.0196511919	-0.0193236479	-0.0190013761	-0.0186843607	-0.0183725797	-0.0180660063	-0.0177646085	-0.0174683498	-0.0171771899	-0.0168910842	-0.0166099854	-0.0163338424	-0.0160626020	-0.0157962080	-0.0155346023	-0.0152777247	-0.0150255135	-0.0147779052	-0.0145348353	-0.0142962382	-0.0140620472	-0.0138321951	-0.0136066141	-0.0133852359	-0.0131679920	-0.0129548137	-0.0127456324	-0.0125403793	-0.0123389861	-0.0121413846	-0.0119475069	-0.0117572855	-0.0115706535	-0.0113875446	-0.0112078929	-0.0110316333	-0.0108587014	-0.0106890335	-0.0105225666	-0.0103592386	-0.0101989882	-0.0100417551	-0.0098874796	-0.0097361031	-0.0095875679	-0.0094418171	-0.0092987948	-0.0091584461	-0.0090207169	-0.0088855541	-0.0087529055	-0.0086227201	-0.0084949475	-0.0083695383	-0.0082464442	-0.0081256177	-0.0080070123	-0.0078905822	-0.0077762827	-0.0076640700	-0.0075539011	-0.0074457339	-0.0073395271	-0.0072352403
-0.0197955450	-0.0199436971	-0.0200944663	-0.0202478905	-0.0204040082	-0.0205628584	-0.0207244807	-0.0208889150	-0.0210562017	-0.0212263817	-0.0213994964	-0.0215755874	-0.0217546968	-0.0219368669	-0.0221221404	-0.0223105603	-0.0225021696	-0.0226970117	-0.0228951300	-0.0230965681	-0.0233013693	-0.0235095773	-0.0237212354	-0.0239363866	-0.0241550740	-0.0243773400	-0.0246032268	-0.0248327760	-0.0250660285	-0.0253030245	-0.0255438034	-0.0257884036	-0.0260368622	-0.0262892154	-0.0265454977	-0.0268057421	-0.0270699799	-0.0273382404	-0.0276105509	-0.0278869364	-0.0281674192	-0.0284520190	-0.0287407524	-0.0290336329	-0.0293306703	-0.0296318707	-0.0299372361	-0.0302467642	-0.0305604477	-0.0308782745	-0.0312002271	-0.0315262819	-0.0318564096	-0.0321905738	-0.0325287317	-0.0328708325	-0.0332168180	-0.0335666215	-0.0339201674	-0.0342773710	-0.0346381377	-0.0350023628	-0.0353699307	-0.0357407143	-0.0361145750	-0.0364913615	-0.0368709098	-0.0372530425	-0.0376375679	-0.0380242801	-0.0384129582	-0.0388033657	-0.0391952501	-0.0395883426	-0.0399823576	-0.0403769921	-0.0407719258	-0.0411668206	-0.0415613200	-0.0419550495	-0.0423476164	-0.0427386093	-0.0431275988	-0.0435141370	-0.0438977585	-0.0442779799	-0.0446543011	-0.0450262051	-0.0453931595	-0.0457546166	-0.0461100152	-0.0464587810	-0.0468003283	-0.0471340614	-0.0474593764	-0.0477756627	-0.0480823049	-0.0483786855	-0.0486641867	-0.0489381928	-0.0492000934	-0.0494492858	-0.0496851780	-0.0499071923	-0.0501147681	-0.0503073659	-0.0504844711	-0.0506455979	-0.0507902937	-0.0509181440	-0.0510287774	-0.0511218718	-0.0511971607	-0.0512544408	-0.0512935817	-0.0513145361	-0.0513173534	-0.0513021958	-0.0512693573	-0.0512192865	-0.0511526103	-0.0510701554	-0.0509729575	-0.0508622425	-0.0507393574	-0.0506056295	-0.0504621609	-0.0503096078	-0.0501480394	-0.0499769498	-0.0497954194	-0.0496023431	-0.0493966330	-0.0491773507	-0.0489437663	-0.0486953697	-0.0484318540	-0.0481530894	-0.0478590962	-0.0475500192	-0.0472261064	-0.0468876917	-0.0465351796	-0.0461690338	-0.0457897672	-0.0453979329	-0.0449941177	-0.0445789353	-0.0441530207	-0.0437170258	-0.0432716141	-0.0428174575	-0.0423552317	-0.0418856135	-0.0414092775	-0.0409268928	-0.0404391213	-0.0399466145	-0.0394500118	-0.0389499386	-0.0384470047	-0.0379418023	-0.0374349055	-0.0369268685	-0.0364182252	-0.0359094882	-0.0354011483	-0.0348936740	-0.0343875113	-0.0338830834	-0.0333807909	-0.0328810118	-0.0323841014	-0.0318903931	-0.0314001981	-0.0309138064	-0.0304314870	-0.0299534885	-0.0294800396	-0.0290113498	-0.0285476102	-0.0280889938	-0.0276356567	-0.0271877382	-0.0267453623	-0.0263086376	-0.0258776586	-0.0254525063	-0.0250332488	-0.0246199419	-0.0242126302	-0.0238113472	-0.0234161167	-0.0230269525	-0.0226438599	-0.0222668357	-0.0218958693	-0.0215309425	-0.0211720308	-0.0208191036	-0.0204721244	-0.0201310518	-0.0197958395	-0.0194664370	-0.0191427898	-0.0188248399	-0.0185125260	-0.0182057842	-0.0179045477	-0.0176087478	-0.0173183135	-0.0170331724	-0.0167532504	-0.0164784723	-0.0162087617	-0.0159440415	-0.0156842339	-0.0154292607	-0.0151790432	-0.0149335027	-0.0146925603	-0.0144561372	-0.0142241549	-0.0139965351	-0.0137731999	-0.0135540719	-0.0133390742	-0.0131281306	-0.0129211655	-0.0127181041	-0.0125188723	-0.0123233971	-0.0121316060	-0.0119434278	-0.0117587920	-0.0115776292	-0.0113998710	-0.0112254499	-0.0110542995	-0.0108863546	-0.0107215508	-0.0105598250	-0.0104011151	-0.0102453600	-0.0100924998	-0.0099424756	-0.0097952295	-0.0096507050	-0.0095088462	-0.0093695986	-0.0092329087	-0.0090987239	-0.0089669927	-0.0088376648	-0.0087106906	-0.0085860217	-0.0084636108	-0.0083434112
-0.0224190275	-0.0225866189	-0.0227571682	-0.0229307180	-0.0231073117	-0.0232869934	-0.0234698074	-0.0236557989	-0.0238450134	-0.0240374970	-0.0242332962	-0.0244324579	-0.0246350294	-0.0248410586	-0.0250505933	-0.0252636820	-0.0254803732	-0.0257007156	-0.0259247581	-0.0261525496	-0.0263841391	-0.0266195754	-0.0268589073	-0.0271021833	-0.0273494515	-0.0276007598	-0.0278561556	-0.0281156854	-0.0283793952	-0.0286473302	-0.0289195345	-0.0291960510	-0.0294769216	-0.0297621866	-0.0300518846	-0.0303460526	-0.0306447254	-0.0309479359	-0.0312557145	-0.0315680888	-0.0318850838	-0.0322067211	-0.0325330192	-0.0328639926	-0.0331996521	-0.0335400041	-0.0338850503	-0.0342347875	-0.0345892071	-0.0349482949	-0.0353120305	-0.0356803868	-0.0360533301	-0.0364308190	-0.0368128042	-0.0371992283	-0.0375900246	-0.0379851175	-0.0383844210	-0.0387878391	-0.0391952645	-0.0396065783	-0.0400216496	-0.0404403346	-0.0408624762	-0.0412879035	-0.0417164308	-0.0421478574	-0.0425819669	-0.0430185267	-0.0434572870	-0.0438979809	-0.0443403234	-0.0447840111	-0.0452287218	-0.0456741138	-0.0461198258	-0.0465654766	-0.0470106646	-0.0474549677	-0.0478979435	-0.0483391287	-0.0487780397	-0.0492141726	-0.0496470033	-0.0500759882	-0.0505005646	-0.0509201514	-0.0513341499	-0.0517419448	-0.0521429054	-0.0525363868	-0.0529217315	-0.0532982711	-0.0536653280	-0.0540222175	-0.0543682503	-0.0547027345	-0.0550249786	-0.0553342942	-0.0556299991	-0.0559114202	-0.0561778978	-0.0564287882	-0.0566634685	-0.0568813402	-0.0570818339	-0.0572644139	-0.0574285832	-0.0575738892	-0.0576999295	-0.0578063587	-0.0578928958	-0.0579593331	-0.0580055451	-0.0580315009	-0.0580372765	-0.0580230701	-0.0579892184	-0.0579362138	-0.0578647189	-0.0577755742	-0.0576697894	-0.0575485081	-0.0574129315	-0.0572641970	-0.0571032236	-0.0569305631	-0.0567463113	-0.0565501162	-0.0563412833	-0.0561189315	-0.0558821481	-0.0556301046	-0.0553621260	-0.0550777186	-0.0547765720	-0.0544585468	-0.0541236549	-0.0537720399	-0.0534039579	-0.0530197604	-0.0526198796	-0.0522048159	-0.0517751264	-0.0513314163	-0.0508743302	-0.0504045446	-0.0499227623	-0.0494297057	-0.0489261124	-0.0484127298	-0.0478903113	-0.0473596119	-0.0468213851	-0.0462763792	-0.0457253344	-0.0451689803	-0.0446080332	-0.0440431941	-0.0434751466	-0.0429045553	-0.0423320644	-0.0417582962	-0.0411838504	-0.0406093027	-0.0400352048	-0.0394620833	-0.0388904398	-0.0383207505	-0.0377534659	-0.0371890115	-0.0366277874	-0.0360701689	-0.0355165066	-0.0349671273	-0.0344223341	-0.0338824073	-0.0333476048	-0.0328181631	-0.0322942977	-0.0317762040	-0.0312640583	-0.0307580182	-0.0302582237	-0.0297647977	-0.0292778474	-0.0287974644	-0.0283237259	-0.0278566956	-0.0273964240	-0.0269429496	-0.0264962996	-0.0260564902	-0.0256235278	-0.0251974094	-0.0247781233	-0.0243656497	-0.0239599613	-0.0235610239	-0.0231687971	-0.0227832345	-0.0224042842	-0.0220318898	-0.0216659901	-0.0213065200	-0.0209534109	-0.0206065909	-0.0202659851	-0.0199315161	-0.0196031045	-0.0192806685	-0.0189641249	-0.0186533892	-0.0183483754	-0.0180489968	-0.0177551657	-0.0174667942	-0.0171837936	-0.0169060753	-0.0166335505	-0.0163661305	-0.0161037267	-0.0158462510	-0.0155936156	-0.0153457332	-0.0151025172	-0.0148638817	-0.0146297414	-0.0144000121	-0.0141746103	-0.0139534534	-0.0137364600	-0.0135235494	-0.0133146424	-0.0131096606	-0.0129085268	-0.0127111649	-0.0125175000	-0.0123274584	-0.0121409677	-0.0119579564	-0.0117783545	-0.0116020931	-0.0114291046	-0.0112593224	-0.0110926812	-0.0109291172	-0.0107685674	-0.0106109701	-0.0104562649	-0.0103043925	-0.0101552948	-0.0100089147	-0.0098651966	-0.0097240855	-0.0095855280	-0.0094494716
-0.0250365685	-0.0252234824	-0.0254136918	-0.0256072441	-0.0258041876	-0.0260045710	-0.0262084438	-0.0264158560	-0.0266268581	-0.0268415013	-0.0270598372	-0.0272819180	-0.0275077960	-0.0277375243	-0.0279711562	-0.0282087452	-0.0284503452	-0.0286960101	-0.0289457943	-0.0291997518	-0.0294579369	-0.0297204038	-0.0299872065	-0.0302583985	-0.0305340334	-0.0308141640	-0.0310988426	-0.0313881209	-0.0316820497	-0.0319806787	-0.0322840568	-0.0325922315	-0.0329052487	-0.0332231529	-0.0335459868	-0.0338737910	-0.0342066038	-0.0345444614	-0.0348873969	-0.0352354407	-0.0355886200	-0.0359469584	-0.0363104757	-0.0366791878	-0.0370531058	-0.0374322363	-0.0378165807	-0.0382061346	-0.0386008880	-0.0390008243	-0.0394059202	-0.0398161448	-0.0402314600	-0.0406518189	-0.0410771661	-0.0415074369	-0.0419425566	-0.0423824401	-0.0428269914	-0.0432761028	-0.0437296542	-0.0441875128	-0.0446495323	-0.0451155521	-0.0455853970	-0.0460588761	-0.0465357825	-0.0470158925	-0.0474989650	-0.0479847407	-0.0484729417	-0.0489632709	-0.0494554111	-0.0499490248	-0.0504437538	-0.0509392181	-0.0514350163	-0.0519307248	-0.0524258975	-0.0529200657	-0.0534127381	-0.0539034009	-0.0543915172	-0.0548765281	-0.0553578526	-0.0558348880	-0.0563070106	-0.0567735766	-0.0572339229	-0.0576873683	-0.0581332147	-0.0585707485	-0.0589992425	-0.0594179578	-0.0598261456	-0.0602230497	-0.0606079090	-0.0609799602	-0.0613384409	-0.0616825927	-0.0620116644	-0.0623249163	-0.0626216232	-0.0629010794	-0.0631626026	-0.0634055386	-0.0636292666	-0.0638332040	-0.0640168128	-0.0641796050	-0.0643211497	-0.0644410803	-0.0645391026	-0.0646150035	-0.0646686614	-0.0647000566	-0.0647092839	-0.0646965652	-0.0646622621	-0.0646068868	-0.0645311081	-0.0644357484	-0.0643217635	-0.0641901997	-0.0640421209	-0.0638785082	-0.0637001443	-0.0635075103	-0.0633007273	-0.0630795631	-0.0628435026	-0.0625918582	-0.0623238865	-0.0620388864	-0.0617362657	-0.0614155790	-0.0610765405	-0.0607190226	-0.0603430452	-0.0599487613	-0.0595364410	-0.0591064566	-0.0586592686	-0.0581954125	-0.0577154882	-0.0572201496	-0.0567100958	-0.0561860630	-0.0556488173	-0.0550991486	-0.0545378643	-0.0539657841	-0.0533837353	-0.0527925479	-0.0521930510	-0.0515860688	-0.0509724171	-0.0503529006	-0.0497283097	-0.0490994185	-0.0484669823	-0.0478317355	-0.0471943903	-0.0465556353	-0.0459161337	-0.0452765232	-0.0446374145	-0.0439993909	-0.0433630082	-0.0427287941	-0.0420972483	-0.0414688425	-0.0408440206	-0.0402231990	-0.0396067671	-0.0389950876	-0.0383884973	-0.0377873076	-0.0371918052	-0.0366022531	-0.0360188910	-0.0354419365	-0.0348715857	-0.0343080142	-0.0337513782	-0.0332018149	-0.0326594438	-0.0321243673	-0.0315966720	-0.0310764290	-0.0305636953	-0.0300585143	-0.0295609166	-0.0290709212	-0.0285885357	-0.0281137573	-0.0276465736	-0.0271869633	-0.0267348967	-0.0262903363	-0.0258532376	-0.0254235496	-0.0250012153	-0.0245861723	-0.0241783532	-0.0237776861	-0.0233840951	-0.0229975007	-0.0226178200	-0.0222449676	-0.0218788551	-0.0215193924	-0.0211664871	-0.0208200455	-0.0204799724	-0.0201461716	-0.0198185460	-0.0194969978	-0.0191814290	-0.0188717410	-0.0185678353	-0.0182696134	-0.0179769772	-0.0176898286	-0.0174080703	-0.0171316052	-0.0168603373	-0.0165941709	-0.0163330116	-0.0160767655	-0.0158253399	-0.0155786432	-0.0153365847	-0.0150990749	-0.0148660256	-0.0146373496	-0.0144129612	-0.0141927757	-0.0139767098	-0.0137646817	-0.0135566106	-0.0133524172	-0.0131520235	-0.0129553529	-0.0127623301	-0.0125728811	-0.0123869334	-0.0122044156	-0.0120252578	-0.0118493915	-0.0116767492	-0.0115072651	-0.0113408743	-0.0111775135	-0.0110171206	-0.0108596345	-0.0107049956	-0.0105531455
-0.0276474866	-0.0278535929	-0.0280633289	-0.0282767468	-0.0284938994	-0.0287148404	-0.0289396239	-0.0291683048	-0.0294009386	-0.0296375814	-0.0298782898	-0.0301231209	-0.0303721322	-0.0306253819	-0.0308829284	-0.0311448302	-0.0314111465	-0.0316819364	-0.0319572592	-0.0322371743	-0.0325217411	-0.0328110187	-0.0331050664	-0.0334039427	-0.0337077062	-0.0340164145	-0.0343301248	-0.0346488936	-0.0349727763	-0.0353018273	-0.0356360998	-0.0359756455	-0.0363205147	-0.0366707555	-0.0370264145	-0.0373875358	-0.0377541610	-0.0381263291	-0.0385040762	-0.0388874350	-0.0392764348	-0.0396711007	-0.0400714541	-0.0404775115	-0.0408892845	-0.0413067797	-0.0417299977	-0.0421589332	-0.0425935740	-0.0430339013	-0.0434798885	-0.0439315010	-0.0443886958	-0.0448514208	-0.0453196140	-0.0457932034	-0.0462721060	-0.0467562275	-0.0472454614	-0.0477396884	-0.0482387757	-0.0487425764	-0.0492509290	-0.0497636560	-0.0502805642	-0.0508014429	-0.0513260641	-0.0518541813	-0.0523855288	-0.0529198212	-0.0534567526	-0.0539959961	-0.0545372028	-0.0550800018	-0.0556239991	-0.0561687774	-0.0567138956	-0.0572588887	-0.0578032668	-0.0583465157	-0.0588880965	-0.0594274454	-0.0599639739	-0.0604970694	-0.0610260951	-0.0615503909	-0.0620692738	-0.0625820391	-0.0630879610	-0.0635862943	-0.0640762755	-0.0645571247	-0.0650280472	-0.0654882359	-0.0659368733	-0.0663731343	-0.0667961887	-0.0672052047	-0.0675993517	-0.0679778043	-0.0683397456	-0.0686843717	-0.0690108957	-0.0693185527	-0.0696066041	-0.0698743431	-0.0701211005	-0.0703462497	-0.0705492138	-0.0707294718	-0.0708865656	-0.0710201082	-0.0711297914	-0.0712153954	-0.0712767979	-0.0713139844	-0.0713270588	-0.0713162532	-0.0712819366	-0.0712246201	-0.0711449560	-0.0710437267	-0.0709218188	-0.0707801786	-0.0706197471	-0.0704413779	-0.0702457509	-0.0700332990	-0.0698041679	-0.0695582216	-0.0692950915	-0.0690142563	-0.0687151302	-0.0683971433	-0.0680598031	-0.0677027335	-0.0673256956	-0.0669285935	-0.0665114708	-0.0660745013	-0.0656179775	-0.0651422972	-0.0646479514	-0.0641355120	-0.0636056205	-0.0630589780	-0.0624963355	-0.0619184860	-0.0613262562	-0.0607204997	-0.0601020906	-0.0594719173	-0.0588308776	-0.0581798732	-0.0575198055	-0.0568515713	-0.0561760592	-0.0554941459	-0.0548066933	-0.0541145458	-0.0534185277	-0.0527194410	-0.0520180640	-0.0513151488	-0.0506114209	-0.0499075774	-0.0492042867	-0.0485021872	-0.0478018873	-0.0471039650	-0.0464089677	-0.0457174125	-0.0450297860	-0.0443465448	-0.0436681161	-0.0429948980	-0.0423272602	-0.0416655446	-0.0410100664	-0.0403611145	-0.0397189526	-0.0390838199	-0.0384559326	-0.0378354839	-0.0372226459	-0.0366175701	-0.0360203882	-0.0354312137	-0.0348501422	-0.0342772527	-0.0337126086	-0.0331562582	-0.0326082361	-0.0320685637	-0.0315372502	-0.0310142934	-0.0304996803	-0.0299933883	-0.0294953854	-0.0290056311	-0.0285240774	-0.0280506687	-0.0275853431	-0.0271280326	-0.0266786638	-0.0262371582	-0.0258034331	-0.0253774015	-0.0249589730	-0.0245480539	-0.0241445479	-0.0237483561	-0.0233593776	-0.0229775098	-0.0226026483	-0.0222346877	-0.0218735218	-0.0215190434	-0.0211711448	-0.0208297182	-0.0204946555	-0.0201658487	-0.0198431901	-0.0195265721	-0.0192158879	-0.0189110311	-0.0186118960	-0.0183183780	-0.0180303730	-0.0177477781	-0.0174704916	-0.0171984127	-0.0169314419	-0.0166694808	-0.0164124325	-0.0161602012	-0.0159126928	-0.0156698141	-0.0154314736	-0.0151975813	-0.0149680485	-0.0147427880	-0.0145217140	-0.0143047422	-0.0140917899	-0.0138827757	-0.0136776197	-0.0134762437	-0.0132785705	-0.0130845248	-0.0128940325	-0.0127070210	-0.0125234191	-0.0123431570	-0.0121661663	-0.0119923800	-0.0118217323	-0.0116541589
-0.0302511060	-0.0304762616	-0.0307053774	-0.0309385102	-0.0311757174	-0.0314170573	-0.0316625888	-0.0319123714	-0.0321664654	-0.0324249317	-0.0326878319	-0.0329552279	-0.0332271822	-0.0335037578	-0.0337850181	-0.0340710268	-0.0343618479	-0.0346575455	-0.0349581839	-0.0352638276	-0.0355745408	-0.0358903878	-0.0362114325	-0.0365377384	-0.0368693688	-0.0372063862	-0.0375488524	-0.0378968285	-0.0382503742	-0.0386095484	-0.0389744085	-0.0393450103	-0.0397214078	-0.0401036531	-0.0404917961	-0.0408858842	-0.0412859622	-0.0416920718	-0.0421042516	-0.0425225365	-0.0429469575	-0.0433775414	-0.0438143104	-0.0442572818	-0.0447064675	-0.0451618736	-0.0456234998	-0.0460913395	-0.0465653786	-0.0470455954	-0.0475319601	-0.0480244341	-0.0485229694	-0.0490275082	-0.0495379821	-0.0500543116	-0.0505764054	-0.0511041596	-0.0516374573	-0.0521761674	-0.0527201445	-0.0532692277	-0.0538232400	-0.0543819874	-0.0549452585	-0.0555128231	-0.0560844323	-0.0566598168	-0.0572386868	-0.0578207310	-0.0584056159	-0.0589929852	-0.0595824588	-0.0601736328	-0.0607660783	-0.0613593412	-0.0619529416	-0.0625463738	-0.0631391053	-0.0637305773	-0.0643202041	-0.0649073735	-0.0654914467	-0.0660717586	-0.0666476183	-0.0672183099	-0.0677830927	-0.0683412029	-0.0688918542	-0.0694342393	-0.0699675317	-0.0704908872	-0.0710034461	-0.0715043355	-0.0719926720	-0.0724675640	-0.0729281153	-0.0733734281	-0.0738026069	-0.0742147620	-0.0746090139	-0.0749844976	-0.0753403676	-0.0756758025	-0.0759900105	-0.0762822351	-0.0765517608	-0.0767979196	-0.0770200976	-0.0772177418	-0.0773903678	-0.0775375675	-0.0776590174	-0.0777544874	-0.0778238497	-0.0778670873	-0.0778843031	-0.0778757266	-0.0778417191	-0.0777827735	-0.0776995088	-0.0775926542	-0.0774630204	-0.0773114576	-0.0771387990	-0.0769457946	-0.0767330461	-0.0765009532	-0.0762496855	-0.0759791871	-0.0756892116	-0.0753793810	-0.0750492532	-0.0746983875	-0.0743263979	-0.0739329919	-0.0735179934	-0.0730813542	-0.0726231556	-0.0721436039	-0.0716430222	-0.0711218400	-0.0705805828	-0.0700198603	-0.0694403563	-0.0688428182	-0.0682280478	-0.0675968925	-0.0669502368	-0.0662889954	-0.0656141058	-0.0649265222	-0.0642272094	-0.0635171377	-0.0627972776	-0.0620685954	-0.0613320492	-0.0605885849	-0.0598391331	-0.0590846056	-0.0583258933	-0.0575638634	-0.0567993574	-0.0560331894	-0.0552661447	-0.0544989781	-0.0537324136	-0.0529671432	-0.0522038264	-0.0514430900	-0.0506855280	-0.0499317013	-0.0491821383	-0.0484373350	-0.0476977553	-0.0469638319	-0.0462359669	-0.0455145321	-0.0447998704	-0.0440922964	-0.0433920972	-0.0426995338	-0.0420148415	-0.0413382314	-0.0406698914	-0.0400099870	-0.0393586624	-0.0387160417	-0.0380822299	-0.0374573140	-0.0368413636	-0.0362344323	-0.0356365587	-0.0350477670	-0.0344680680	-0.0338974604	-0.0333359309	-0.0327834556	-0.0322400008	-0.0317055232	-0.0311799713	-0.0306632855	-0.0301553991	-0.0296562390	-0.0291657258	-0.0286837751	-0.0282102972	-0.0277451983	-0.0272883805	-0.0268397426	-0.0263991801	-0.0259665860	-0.0255418509	-0.0251248636	-0.0247155110	-0.0243136789	-0.0239192518	-0.0235321135	-0.0231521473	-0.0227792359	-0.0224132621	-0.0220541085	-0.0217016581	-0.0213557943	-0.0210164007	-0.0206833618	-0.0203565628	-0.0200358897	-0.0197212297	-0.0194124708	-0.0191095022	-0.0188122143	-0.0185204991	-0.0182342493	-0.0179533596	-0.0176777258	-0.0174072452	-0.0171418167	-0.0168813406	-0.0166257188	-0.0163748548	-0.0161286536	-0.0158870218	-0.0156498677	-0.0154171011	-0.0151886334	-0.0149643775	-0.0147442482	-0.0145281615	-0.0143160352	-0.0141077886	-0.0139033427	-0.0137026197	-0.0135055437	-0.0133120401	-0.0131220357	-0.0129354590	-0.0127522399
-0.0328467573	-0.0330908062	-0.0333391419	-0.0335918255	-0.0338489189	-0.0341104849	-0.0343765870	-0.0346472893	-0.0349226568	-0.0352027551	-0.0354876503	-0.0357774093	-0.0360720992	-0.0363717880	-0.0366765438	-0.0369864350	-0.0373015306	-0.0376218996	-0.0379476110	-0.0382787340	-0.0386153378	-0.0389574913	-0.0393052631	-0.0396587216	-0.0400179345	-0.0403829688	-0.0407538909	-0.0411307661	-0.0415136585	-0.0419026311	-0.0422977453	-0.0426990605	-0.0431066347	-0.0435205234	-0.0439407797	-0.0443674541	-0.0448005942	-0.0452402443	-0.0456864451	-0.0461392335	-0.0465986421	-0.0470646991	-0.0475374273	-0.0480168445	-0.0485029624	-0.0489957867	-0.0494953160	-0.0500015420	-0.0505144484	-0.0510340107	-0.0515601954	-0.0520929596	-0.0526322505	-0.0531780042	-0.0537301458	-0.0542885881	-0.0548532313	-0.0554239620	-0.0560006526	-0.0565831604	-0.0571713272	-0.0577649779	-0.0583639203	-0.0589679439	-0.0595768192	-0.0601902967	-0.0608081065	-0.0614299571	-0.0620555347	-0.0626845024	-0.0633164995	-0.0639511408	-0.0645880157	-0.0652266877	-0.0658666936	-0.0665075433	-0.0671487191	-0.0677896753	-0.0684298378	-0.0690686043	-0.0697053438	-0.0703393966	-0.0709700751	-0.0715966632	-0.0722184177	-0.0728345682	-0.0734443186	-0.0740468477	-0.0746413106	-0.0752268403	-0.0758025493	-0.0763675317	-0.0769208653	-0.0774616140	-0.0779888308	-0.0785015609	-0.0789988445	-0.0794797211	-0.0799432327	-0.0803884287	-0.0808143698	-0.0812201331	-0.0816048169	-0.0819675466	-0.0823074796	-0.0826238121	-0.0829157848	-0.0831826898	-0.0834238774	-0.0836387635	-0.0838268368	-0.0839876673	-0.0841209135	-0.0842263313	-0.0843037812	-0.0843532365	-0.0843747895	-0.0843686557	-0.0843351756	-0.0842748117	-0.0841881382	-0.0840758238	-0.0839386022	-0.0837772346	-0.0835924604	-0.0833849456	-0.0831552312	-0.0829036947	-0.0826305292	-0.0823357469	-0.0820192052	-0.0816806507	-0.0813197716	-0.0809362504	-0.0805298096	-0.0801002476	-0.0796474623	-0.0791714653	-0.0786723874	-0.0781504774	-0.0776060974	-0.0770397149	-0.0764518939	-0.0758432850	-0.0752146152	-0.0745666787	-0.0739003269	-0.0732164602	-0.0725160191	-0.0717999767	-0.0710693314	-0.0703250999	-0.0695683114	-0.0688000014	-0.0680212065	-0.0672329593	-0.0664362846	-0.0656321944	-0.0648216850	-0.0640057332	-0.0631852935	-0.0623612958	-0.0615346426	-0.0607062075	-0.0598768334	-0.0590473311	-0.0582184782	-0.0573910184	-0.0565656609	-0.0557430796	-0.0549239137	-0.0541087669	-0.0532982082	-0.0524927716	-0.0516929572	-0.0508992314	-0.0501120277	-0.0493317474	-0.0485587605	-0.0477934069	-0.0470359967	-0.0462868121	-0.0455461076	-0.0448141119	-0.0440910284	-0.0433770366	-0.0426722931	-0.0419769328	-0.0412910701	-0.0406147997	-0.0399481981	-0.0392913240	-0.0386442203	-0.0380069140	-0.0373794180	-0.0367617319	-0.0361538424	-0.0355557249	-0.0349673437	-0.0343886534	-0.0338195992	-0.0332601177	-0.0327101380	-0.0321695818	-0.0316383645	-0.0311163956	-0.0306035793	-0.0300998148	-0.0296049973	-0.0291190182	-0.0286417654	-0.0281731240	-0.0277129764	-0.0272612031	-0.0268176826	-0.0263822920	-0.0259549072	-0.0255354031	-0.0251236540	-0.0247195339	-0.0243229163	-0.0239336750	-0.0235516839	-0.0231768172	-0.0228089497	-0.0224479569	-0.0220937149	-0.0217461011	-0.0214049934	-0.0210702714	-0.0207418154	-0.0204195073	-0.0201032303	-0.0197928690	-0.0194883095	-0.0191894394	-0.0188961478	-0.0186083256	-0.0183258651	-0.0180486604	-0.0177766073	-0.0175096033	-0.0172475473	-0.0169903403	-0.0167378849	-0.0164900854	-0.0162468476	-0.0160080794	-0.0157736901	-0.0155435908	-0.0153176944	-0.0150959153	-0.0148781695	-0.0146643749	-0.0144544507	-0.0142483181	-0.0140458994	-0.0138471190
-0.0354337778	-0.0356965516	-0.0359639343	-0.0362359913	-0.0365127890	-0.0367943945	-0.0370808756	-0.0373723011	-0.0376687403	-0.0379702635	-0.0382769413	-0.0385888451	-0.0389060469	-0.0392286190	-0.0395566344	-0.0398901661	-0.0402292876	-0.0405740727	-0.0409245950	-0.0412809284	-0.0416431466	-0.0420113230	-0.0423855309	-0.0427658430	-0.0431523313	-0.0435450674	-0.0439441218	-0.0443495639	-0.0447614618	-0.0451798825	-0.0456048909	-0.0460365505	-0.0464749222	-0.0469200650	-0.0473720350	-0.0478308855	-0.0482966667	-0.0487694251	-0.0492492034	-0.0497360402	-0.0502299695	-0.0507310203	-0.0512392161	-0.0517545748	-0.0522771078	-0.0528068199	-0.0533437086	-0.0538877635	-0.0544389658	-0.0549972880	-0.0555626928	-0.0561351330	-0.0567145502	-0.0573008748	-0.0578940248	-0.0584939054	-0.0591004081	-0.0597134098	-0.0603327722	-0.0609583410	-0.0615899450	-0.0622273952	-0.0628704839	-0.0635189843	-0.0641726488	-0.0648312089	-0.0654943739	-0.0661618302	-0.0668332405	-0.0675082425	-0.0681864489	-0.0688674460	-0.0695507930	-0.0702360216	-0.0709226352	-0.0716101084	-0.0722978864	-0.0729853847	-0.0736719885	-0.0743570532	-0.0750399035	-0.0757198341	-0.0763961095	-0.0770679646	-0.0777346052	-0.0783952086	-0.0790489248	-0.0796948774	-0.0803321652	-0.0809598635	-0.0815770263	-0.0821826883	-0.0827758672	-0.0833555666	-0.0839207788	-0.0844704881	-0.0850036743	-0.0855193169	-0.0860163986	-0.0864939106	-0.0869508568	-0.0873862591	-0.0877991627	-0.0881886420	-0.0885538063	-0.0888938066	-0.0892078414	-0.0894951643	-0.0897550909	-0.0899870056	-0.0901903700	-0.0903647300	-0.0905097235	-0.0906250877	-0.0907106663	-0.0907664154	-0.0907924080	-0.0907888363	-0.0907560103	-0.0906943527	-0.0906043863	-0.0904867160	-0.0903420009	-0.0901709208	-0.0899741347	-0.0897522392	-0.0895057289	-0.0892349663	-0.0889401675	-0.0886214040	-0.0882786230	-0.0879116804	-0.0875203823	-0.0871045268	-0.0866639434	-0.0861985247	-0.0857082493	-0.0851931975	-0.0846535583	-0.0840896316	-0.0835018260	-0.0828906528	-0.0822567191	-0.0816007192	-0.0809234254	-0.0802256789	-0.0795083808	-0.0787724834	-0.0780189815	-0.0772489046	-0.0764633096	-0.0756632733	-0.0748498861	-0.0740242459	-0.0731874524	-0.0723406019	-0.0714847823	-0.0706210692	-0.0697505215	-0.0688741782	-0.0679930550	-0.0671081416	-0.0662203994	-0.0653307589	-0.0644401186	-0.0635493429	-0.0626592614	-0.0617706676	-0.0608843185	-0.0600009340	-0.0591211966	-0.0582457518	-0.0573752076	-0.0565101356	-0.0556510706	-0.0547985120	-0.0539529240	-0.0531147366	-0.0522843465	-0.0514621181	-0.0506483844	-0.0498434482	-0.0490475832	-0.0482610351	-0.0474840230	-0.0467167403	-0.0459593557	-0.0452120152	-0.0444748424	-0.0437479401	-0.0430313914	-0.0423252606	-0.0416295947	-0.0409444242	-0.0402697641	-0.0396056151	-0.0389519643	-0.0383087864	-0.0376760445	-0.0370536909	-0.0364416680	-0.0358399091	-0.0352483392	-0.0346668753	-0.0340954279	-0.0335339007	-0.0329821920	-0.0324401947	-0.0319077972	-0.0313848839	-0.0308713353	-0.0303670290	-0.0298718398	-0.0293856399	-0.0289082999	-0.0284396885	-0.0279796731	-0.0275281202	-0.0270848955	-0.0266498642	-0.0262228912	-0.0258038416	-0.0253925805	-0.0249889733	-0.0245928861	-0.0242041855	-0.0238227392	-0.0234484155	-0.0230810842	-0.0227206159	-0.0223668827	-0.0220197580	-0.0216791167	-0.0213448350	-0.0210167910	-0.0206948641	-0.0203789356	-0.0200688883	-0.0197646069	-0.0194659779	-0.0191728893	-0.0188852311	-0.0186028953	-0.0183257754	-0.0180537669	-0.0177867670	-0.0175246749	-0.0172673915	-0.0170148196	-0.0167668637	-0.0165234303	-0.0162844274	-0.0160497650	-0.0158193548	-0.0155931102	-0.0153709462	-0.0151527798	-0.0149385295
-0.0380115124	-0.0382928302	-0.0385790744	-0.0388703146	-0.0391666213	-0.0394680659	-0.0397747205	-0.0400866582	-0.0404039528	-0.0407266787	-0.0410549112	-0.0413887260	-0.0417281995	-0.0420734086	-0.0424244306	-0.0427813431	-0.0431442241	-0.0435131517	-0.0438882041	-0.0442694596	-0.0446569961	-0.0450508916	-0.0454512236	-0.0458580689	-0.0462715039	-0.0466916042	-0.0471184442	-0.0475520972	-0.0479926353	-0.0484401289	-0.0488946466	-0.0493562550	-0.0498250185	-0.0503009988	-0.0507842549	-0.0512748426	-0.0517728144	-0.0522782187	-0.0527911002	-0.0533114986	-0.0538394491	-0.0543749813	-0.0549181191	-0.0554688802	-0.0560272754	-0.0565933085	-0.0571669754	-0.0577482634	-0.0583371513	-0.0589336080	-0.0595375923	-0.0601490521	-0.0607679238	-0.0613941315	-0.0620275862	-0.0626681851	-0.0633158110	-0.0639703309	-0.0646315958	-0.0652994397	-0.0659736783	-0.0666541086	-0.0673405078	-0.0680326325	-0.0687302175	-0.0694329751	-0.0701405942	-0.0708527393	-0.0715690498	-0.0722891388	-0.0730125923	-0.0737389689	-0.0744677982	-0.0751985809	-0.0759307876	-0.0766638582	-0.0773972019	-0.0781301964	-0.0788621875	-0.0795924891	-0.0803203834	-0.0810451205	-0.0817659187	-0.0824819655	-0.0831924174	-0.0838964013	-0.0845930153	-0.0852813299	-0.0859603894	-0.0866292142	-0.0872868020	-0.0879321306	-0.0885641604	-0.0891818371	-0.0897840950	-0.0903698605	-0.0909380560	-0.0914876034	-0.0920174296	-0.0925264700	-0.0930136746	-0.0934780129	-0.0939184796	-0.0943341006	-0.0947239392	-0.0950871028	-0.0954227497	-0.0957300958	-0.0960084221	-0.0962570818	-0.0964755079	-0.0966632202	-0.0968198329	-0.0969450607	-0.0970387248	-0.0971007578	-0.0971312064	-0.0971302318	-0.0970981064	-0.0970352071	-0.0969420016	-0.0968190308	-0.0966668833	-0.0964861652	-0.0962774667	-0.0960413271	-0.0957782045	-0.0954884526	-0.0951723095	-0.0948298995	-0.0944612484	-0.0940663090	-0.0936449939	-0.0931972092	-0.0927228878	-0.0922220167	-0.0916946591	-0.0911409689	-0.0905612004	-0.0899557113	-0.0893249626	-0.0886695148	-0.0879900223	-0.0872872259	-0.0865619452	-0.0858150696	-0.0850475497	-0.0842603892	-0.0834546359	-0.0826313742	-0.0817917171	-0.0809367992	-0.0800677696	-0.0791857859	-0.0782920080	-0.0773875926	-0.0764736884	-0.0755514313	-0.0746219403	-0.0736863137	-0.0727456256	-0.0718009231	-0.0708532237	-0.0699035129	-0.0689527422	-0.0680018277	-0.0670516489	-0.0661030473	-0.0651568261	-0.0642137492	-0.0632745414	-0.0623398884	-0.0614104362	-0.0604867924	-0.0595695260	-0.0586591682	-0.0577562133	-0.0568611192	-0.0559743087	-0.0550961702	-0.0542270591	-0.0533672986	-0.0525171811	-0.0516769695	-0.0508468979	-0.0500271736	-0.0492179779	-0.0484194672	-0.0476317747	-0.0468550114	-0.0460892670	-0.0453346116	-0.0445910968	-0.0438587564	-0.0431376079	-0.0424276533	-0.0417288804	-0.0410412637	-0.0403647651	-0.0396993352	-0.0390449140	-0.0384014315	-0.0377688091	-0.0371469596	-0.0365357886	-0.0359351948	-0.0353450707	-0.0347653033	-0.0341957747	-0.0336363624	-0.0330869403	-0.0325473784	-0.0320175443	-0.0314973025	-0.0309865158	-0.0304850449	-0.0299927492	-0.0295094869	-0.0290351155	-0.0285694918	-0.0281124724	-0.0276639138	-0.0272236727	-0.0267916060	-0.0263675712	-0.0259514268	-0.0255430316	-0.0251422459	-0.0247489309	-0.0243629490	-0.0239841639	-0.0236124410	-0.0232476469	-0.0228896499	-0.0225383201	-0.0221935291	-0.0218551502	-0.0215230588	-0.0211971319	-0.0208772484	-0.0205632891	-0.0202551367	-0.0199526759	-0.0196557932	-0.0193643771	-0.0190783181	-0.0187975086	-0.0185218428	-0.0182512171	-0.0179855295	-0.0177246802	-0.0174685712	-0.0172171063	-0.0169701911	-0.0167277334	-0.0164896424	-0.0162558294	-0.0160262073
-0.0405793140	-0.0408789827	-0.0411838905	-0.0414941108	-0.0418097182	-0.0421307882	-0.0424573972	-0.0427896222	-0.0431275413	-0.0434712332	-0.0438207773	-0.0441762537	-0.0445377430	-0.0449053264	-0.0452790855	-0.0456591021	-0.0460454586	-0.0464382373	-0.0468375206	-0.0472433909	-0.0476559305	-0.0480752214	-0.0485013451	-0.0489343826	-0.0493744142	-0.0498215191	-0.0502757757	-0.0507372609	-0.0512060502	-0.0516822176	-0.0521658347	-0.0526569714	-0.0531556949	-0.0536620696	-0.0541761569	-0.0546980151	-0.0552276984	-0.0557652571	-0.0563107373	-0.0568641799	-0.0574256207	-0.0579950898	-0.0585726111	-0.0591582019	-0.0597518722	-0.0603536242	-0.0609634521	-0.0615813409	-0.0622072662	-0.0628411935	-0.0634830772	-0.0641328604	-0.0647904737	-0.0654558349	-0.0661288478	-0.0668094014	-0.0674973695	-0.0681926095	-0.0688949614	-0.0696042471	-0.0703202697	-0.0710428121	-0.0717716362	-0.0725064821	-0.0732470672	-0.0739930849	-0.0747442038	-0.0755000669	-0.0762602906	-0.0770244634	-0.0777921458	-0.0785628686	-0.0793361329	-0.0801114087	-0.0808881345	-0.0816657170	-0.0824435299	-0.0832209141	-0.0839971772	-0.0847715932	-0.0855434026	-0.0863118125	-0.0870759969	-0.0878350973	-0.0885882228	-0.0893344517	-0.0900728323	-0.0908023840	-0.0915220993	-0.0922309454	-0.0929278664	-0.0936117859	-0.0942816093	-0.0949362273	-0.0955745191	-0.0961953559	-0.0967976052	-0.0973801348	-0.0979418179	-0.0984815374	-0.0989981922	-0.0994907017	-0.0999580125	-0.1003991044	-0.1008129967	-0.1011987550	-0.1015554983	-0.1018824056	-0.1021787236	-0.1024437738	-0.1026769592	-0.1028777718	-0.1030457987	-0.1031807284	-0.1032823551	-0.1033505824	-0.1033854251	-0.1033870077	-0.1033555602	-0.1032914099	-0.1031949685	-0.1030667143	-0.1029071698	-0.1027168758	-0.1024963626	-0.1022461225	-0.1019665850	-0.1016580990	-0.1013209240	-0.1009552318	-0.1005611178	-0.1001386217	-0.0996877524	-0.0992085167	-0.0987009456	-0.0981651194	-0.0976011865	-0.0970093783	-0.0963900183	-0.0957435269	-0.0950704225	-0.0943713188	-0.0936469213	-0.0928980203	-0.0921254843	-0.0913302518	-0.0905133236	-0.0896757541	-0.0888186433	-0.0879431289	-0.0870503782	-0.0861415813	-0.0852179439	-0.0842806803	-0.0833310081	-0.0823701418	-0.0813992878	-0.0804196397	-0.0794323736	-0.0784386444	-0.0774395821	-0.0764362886	-0.0754298349	-0.0744212590	-0.0734115635	-0.0724017140	-0.0713926377	-0.0703852223	-0.0693803153	-0.0683787233	-0.0673812117	-0.0663885049	-0.0654012859	-0.0644201970	-0.0634458403	-0.0624787781	-0.0615195338	-0.0605685925	-0.0596264025	-0.0586933758	-0.0577698895	-0.0568562869	-0.0559528790	-0.0550599453	-0.0541777352	-0.0533064697	-0.0524463421	-0.0515975199	-0.0507601457	-0.0499343385	-0.0491201953	-0.0483177919	-0.0475271845	-0.0467484106	-0.0459814904	-0.0452264278	-0.0444832113	-0.0437518154	-0.0430322014	-0.0423243184	-0.0416281042	-0.0409434863	-0.0402703824	-0.0396087018	-0.0389583455	-0.0383192074	-0.0376911749	-0.0370741292	-0.0364679465	-0.0358724981	-0.0352876510	-0.0347132688	-0.0341492117	-0.0335953371	-0.0330515003	-0.0325175544	-0.0319933510	-0.0314787405	-0.0309735725	-0.0304776957	-0.0299909586	-0.0295132097	-0.0290442973	-0.0285840703	-0.0281323780	-0.0276890706	-0.0272539990	-0.0268270151	-0.0264079720	-0.0259967242	-0.0255931275	-0.0251970390	-0.0248083177	-0.0244268240	-0.0240524202	-0.0236849703	-0.0233243402	-0.0229703976	-0.0226230121	-0.0222820555	-0.0219474012	-0.0216189249	-0.0212965043	-0.0209800191	-0.0206693508	-0.0203643834	-0.0200650025	-0.0197710961	-0.0194825540	-0.0191992681	-0.0189211324	-0.0186480427	-0.0183798970	-0.0181165951	-0.0178580390	-0.0176041322	-0.0173547806	-0.0171098916
-0.0431365437	-0.0434543586	-0.0437777199	-0.0441067048	-0.0444413919	-0.0447818607	-0.0451281913	-0.0454804650	-0.0458387638	-0.0462031705	-0.0465737686	-0.0469506421	-0.0473338759	-0.0477235551	-0.0481197654	-0.0485225929	-0.0489321238	-0.0493484445	-0.0497716416	-0.0502018013	-0.0506390100	-0.0510833534	-0.0515349169	-0.0519937853	-0.0524600425	-0.0529337714	-0.0534150538	-0.0539039701	-0.0544005991	-0.0549050176	-0.0554173005	-0.0559375204	-0.0564657470	-0.0570020472	-0.0575464847	-0.0580991196	-0.0586600078	-0.0592292013	-0.0598067470	-0.0603926867	-0.0609870568	-0.0615898873	-0.0622012020	-0.0628210174	-0.0634493423	-0.0640861774	-0.0647315146	-0.0653853364	-0.0660476149	-0.0667183119	-0.0673973774	-0.0680847491	-0.0687803520	-0.0694840970	-0.0701958805	-0.0709155836	-0.0716430707	-0.0723781892	-0.0731207682	-0.0738706179	-0.0746275280	-0.0753912677	-0.0761615836	-0.0769381997	-0.0777208157	-0.0785091063	-0.0793027203	-0.0801012793	-0.0809043770	-0.0817115782	-0.0825224176	-0.0833363996	-0.0841529968	-0.0849716495	-0.0857917651	-0.0866127174	-0.0874338460	-0.0882544563	-0.0890738184	-0.0898911678	-0.0907057050	-0.0915165955	-0.0923229704	-0.0931239269	-0.0939185288	-0.0947058076	-0.0954847638	-0.0962543680	-0.0970135630	-0.0977612654	-0.0984963681	-0.0992177429	-0.0999242430	-0.1006147068	-0.1012879609	-0.1019428244	-0.1025781125	-0.1031926418	-0.1037852346	-0.1043547241	-0.1048999603	-0.1054198155	-0.1059131904	-0.1063790207	-0.1068162833	-0.1072240038	-0.1076012627	-0.1079472029	-0.1082610369	-0.1085420535	-0.1087896249	-0.1090032130	-0.1091823756	-0.1093267713	-0.1094361634	-0.1095104226	-0.1095495274	-0.1095535615	-0.1095227095	-0.1094572477	-0.1093575317	-0.1092239802	-0.1090570549	-0.1088572380	-0.1086250083	-0.1083608189	-0.1080650768	-0.1077381294	-0.1073802570	-0.1069916743	-0.1065725395	-0.1061229701	-0.1056430630	-0.1051329179	-0.1045926592	-0.1040224572	-0.1034225452	-0.1027932331	-0.1021349163	-0.1014480811	-0.1007333066	-0.0999912636	-0.0992227111	-0.0984284912	-0.0976095231	-0.0967667956	-0.0959013595	-0.0950143200	-0.0941068283	-0.0931800741	-0.0922352775	-0.0912736820	-0.0902965474	-0.0893051427	-0.0883007404	-0.0872846100	-0.0862580132	-0.0852221982	-0.0841783958	-0.0831278146	-0.0820716379	-0.0810110197	-0.0799470825	-0.0788809141	-0.0778135659	-0.0767460508	-0.0756793419	-0.0746143711	-0.0735520284	-0.0724931615	-0.0714385748	-0.0703890301	-0.0693452459	-0.0683078984	-0.0672776215	-0.0662550076	-0.0652406084	-0.0642349356	-0.0632384622	-0.0622516232	-0.0612748173	-0.0603084073	-0.0593527223	-0.0584080584	-0.0574746800	-0.0565528217	-0.0556426891	-0.0547444603	-0.0538582876	-0.0529842982	-0.0521225962	-0.0512732636	-0.0504363613	-0.0496119307	-0.0487999951	-0.0480005603	-0.0472136160	-0.0464391371	-0.0456770846	-0.0449274064	-0.0441900385	-0.0434649061	-0.0427519240	-0.0420509979	-0.0413620249	-0.0406848946	-0.0400194892	-0.0393656851	-0.0387233526	-0.0380923572	-0.0374725598	-0.0368638174	-0.0362659836	-0.0356789090	-0.0351024416	-0.0345364274	-0.0339807107	-0.0334351343	-0.0328995402	-0.0323737694	-0.0318576628	-0.0313510608	-0.0308538041	-0.0303657338	-0.0298866911	-0.0294165185	-0.0289550588	-0.0285021563	-0.0280576562	-0.0276214051	-0.0271932511	-0.0267730438	-0.0263606344	-0.0259558757	-0.0255586226	-0.0251687316	-0.0247860613	-0.0244104721	-0.0240418265	-0.0236799890	-0.0233248263	-0.0229762070	-0.0226340020	-0.0222980841	-0.0219683286	-0.0216446126	-0.0213268156	-0.0210148190	-0.0207085064	-0.0204077638	-0.0201124790	-0.0198225419	-0.0195378448	-0.0192582817	-0.0189837489	-0.0187141447	-0.0184493692	-0.0181893247
-0.0456825718	-0.0460183165	-0.0463599093	-0.0467074313	-0.0470609647	-0.0474205927	-0.0477863994	-0.0481584699	-0.0485368900	-0.0489217463	-0.0493131262	-0.0497111177	-0.0501158095	-0.0505272906	-0.0509456507	-0.0513709795	-0.0518033673	-0.0522429042	-0.0526896805	-0.0531437864	-0.0536053118	-0.0540743461	-0.0545509783	-0.0550352967	-0.0555273887	-0.0560273404	-0.0565352370	-0.0570511618	-0.0575751966	-0.0581074213	-0.0586479132	-0.0591967475	-0.0597539961	-0.0603197283	-0.0608940095	-0.0614769014	-0.0620684616	-0.0626687428	-0.0632777930	-0.0638956544	-0.0645223636	-0.0651579505	-0.0658024381	-0.0664558419	-0.0671181694	-0.0677894193	-0.0684695810	-0.0691586340	-0.0698565471	-0.0705632777	-0.0712787712	-0.0720029600	-0.0727357627	-0.0734770837	-0.0742268116	-0.0749848190	-0.0757509613	-0.0765250757	-0.0773069803	-0.0780964730	-0.0788933310	-0.0796973091	-0.0805081390	-0.0813255284	-0.0821491598	-0.0829786893	-0.0838137460	-0.0846539305	-0.0854988142	-0.0863479384	-0.0872008131	-0.0880569163	-0.0889156929	-0.0897765544	-0.0906388778	-0.0915020051	-0.0923652428	-0.0932278614	-0.0940890955	-0.0949481430	-0.0958041657	-0.0966562892	-0.0975036034	-0.0983451630	-0.0991799882	-0.1000070658	-0.1008253505	-0.1016337664	-0.1024312087	-0.1032165460	-0.1039886223	-0.1047462602	-0.1054882636	-0.1062134209	-0.1069205091	-0.1076082977	-0.1082755528	-0.1089210422	-0.1095435401	-0.1101418326	-0.1107147234	-0.1112610400	-0.1117796395	-0.1122694153	-0.1127293040	-0.1131582919	-0.1135554225	-0.1139198028	-0.1142506111	-0.1145471032	-0.1148086191	-0.1150345893	-0.1152245397	-0.1153780964	-0.1154949890	-0.1155750520	-0.1156182242	-0.1156245468	-0.1155941569	-0.1155272798	-0.1154242165	-0.1152853294	-0.1151110243	-0.1149017312	-0.1146578847	-0.1143799048	-0.1140681812	-0.1137230617	-0.1133448471	-0.1129337914	-0.1124901094	-0.1120139890	-0.1115056078	-0.1109651512	-0.1103928316	-0.1097889058	-0.1091536902	-0.1084875729	-0.1077910222	-0.1070645922	-0.1063089252	-0.1055247507	-0.1047128839	-0.1038742205	-0.1030097314	-0.1021204565	-0.1012074972	-0.1002720087	-0.0993151929	-0.0983382902	-0.0973425720	-0.0963293334	-0.0952998861	-0.0942555515	-0.0931976544	-0.0921275170	-0.0910464534	-0.0899557640	-0.0888567313	-0.0877506153	-0.0866386498	-0.0855220386	-0.0844019529	-0.0832795281	-0.0821558623	-0.0810320134	-0.0799089983	-0.0787877913	-0.0776693234	-0.0765544811	-0.0754441068	-0.0743389979	-0.0732399075	-0.0721475441	-0.0710625725	-0.0699856143	-0.0689172487	-0.0678580131	-0.0668084046	-0.0657688808	-0.0647398610	-0.0637217277	-0.0627148276	-0.0617194730	-0.0607359433	-0.0597644866	-0.0588053205	-0.0578586340	-0.0569245890	-0.0560033211	-0.0550949417	-0.0541995387	-0.0533171785	-0.0524479066	-0.0515917492	-0.0507487147	-0.0499187943	-0.0491019636	-0.0482981834	-0.0475074010	-0.0467295511	-0.0459645567	-0.0452123303	-0.0444727743	-0.0437457825	-0.0430312401	-0.0423290253	-0.0416390093	-0.0409610575	-0.0402950298	-0.0396407814	-0.0389981631	-0.0383670223	-0.0377472031	-0.0371385469	-0.0365408928	-0.0359540780	-0.0353779383	-0.0348123084	-0.0342570221	-0.0337119126	-0.0331768132	-0.0326515569	-0.0321359771	-0.0316299079	-0.0311331838	-0.0306456403	-0.0301671140	-0.0296974427	-0.0292364653	-0.0287840226	-0.0283399567	-0.0279041114	-0.0274763324	-0.0270564670	-0.0266443648	-0.0262398771	-0.0258428574	-0.0254531611	-0.0250706459	-0.0246951716	-0.0243266002	-0.0239647960	-0.0236096252	-0.0232609566	-0.0229186611	-0.0225826117	-0.0222526839	-0.0219287552	-0.0216107055	-0.0212984168	-0.0209917733	-0.0206906615	-0.0203949699	-0.0201045893	-0.0198194125	-0.0195393345	-0.0192642523
-0.0482167779	-0.0485702248	-0.0489298157	-0.0492956353	-0.0496677695	-0.0500463049	-0.0504313295	-0.0508229318	-0.0512212014	-0.0516262285	-0.0520381043	-0.0524569204	-0.0528827692	-0.0533157434	-0.0537559362	-0.0542034413	-0.0546583523	-0.0551207630	-0.0555907674	-0.0560684589	-0.0565539311	-0.0570472767	-0.0575485881	-0.0580579568	-0.0585754733	-0.0591012269	-0.0596353055	-0.0601777955	-0.0607287813	-0.0612883452	-0.0618565671	-0.0624335242	-0.0630192907	-0.0636139375	-0.0642175315	-0.0648301360	-0.0654518094	-0.0660826054	-0.0667225724	-0.0673717530	-0.0680301834	-0.0686978930	-0.0693749040	-0.0700612305	-0.0707568781	-0.0714618435	-0.0721761133	-0.0728996637	-0.0736324597	-0.0743744544	-0.0751255880	-0.0758857873	-0.0766549648	-0.0774330175	-0.0782198265	-0.0790152558	-0.0798191513	-0.0806313399	-0.0814516286	-0.0822798035	-0.0831156286	-0.0839588446	-0.0848091684	-0.0856662915	-0.0865298791	-0.0873995693	-0.0882749715	-0.0891556657	-0.0900412015	-0.0909310971	-0.0918248381	-0.0927218768	-0.0936216315	-0.0945234852	-0.0954267855	-0.0963308435	-0.0972349336	-0.0981382930	-0.0990401213	-0.0999395806	-0.1008357955	-0.1017278532	-0.1026148039	-0.1034956617	-0.1043694050	-0.1052349780	-0.1060912918	-0.1069372260	-0.1077716307	-0.1085933286	-0.1094011177	-0.1101937737	-0.1109700536	-0.1117286989	-0.1124684395	-0.1131879982	-0.1138860945	-0.1145614500	-0.1152127937	-0.1158388671	-0.1164384303	-0.1170102678	-0.1175531954	-0.1180660662	-0.1185477777	-0.1189972788	-0.1194135764	-0.1197957424	-0.1201429208	-0.1204543340	-0.1207292890	-0.1209671833	-0.1211675094	-0.1213298592	-0.1214539258	-0.1215395055	-0.1215864961	-0.1215948942	-0.1215647897	-0.1214963573	-0.1213898459	-0.1212455649	-0.1210638694	-0.1208451429	-0.1205897816	-0.1202981777	-0.1199707075	-0.1196077212	-0.1192095391	-0.1187764515	-0.1183087247	-0.1178066109	-0.1172703611	-0.1167002406	-0.1160965441	-0.1154596109	-0.1147898378	-0.1140876897	-0.1133537078	-0.1125885145	-0.1117928163	-0.1109674033	-0.1101131478	-0.1092310003	-0.1083219845	-0.1073871916	-0.1064277735	-0.1054449356	-0.1044399293	-0.1034140445	-0.1023686025	-0.1013049481	-0.1002244431	-0.0991284589	-0.0980183704	-0.0968955499	-0.0957613613	-0.0946171547	-0.0934642617	-0.0923039911	-0.0911376246	-0.0899664134	-0.0887915749	-0.0876142899	-0.0864357007	-0.0852569083	-0.0840789714	-0.0829029048	-0.0817296782	-0.0805602160	-0.0793953965	-0.0782360517	-0.0770829674	-0.0759368838	-0.0747984952	-0.0736684516	-0.0725473585	-0.0714357786	-0.0703342323	-0.0692431992	-0.0681631190	-0.0670943929	-0.0660373852	-0.0649924244	-0.0639598045	-0.0629397868	-0.0619326011	-0.0609384474	-0.0599574969	-0.0589898940	-0.0580357574	-0.0570951813	-0.0561682375	-0.0552549758	-0.0543554261	-0.0534695993	-0.0525974884	-0.0517390700	-0.0508943054	-0.0500631415	-0.0492455120	-0.0484413383	-0.0476505307	-0.0468729892	-0.0461086040	-0.0453572571	-0.0446188225	-0.0438931672	-0.0431801516	-0.0424796306	-0.0417914542	-0.0411154674	-0.0404515119	-0.0397994256	-0.0391590436	-0.0385301985	-0.0379127211	-0.0373064403	-0.0367111840	-0.0361267789	-0.0355530515	-0.0349898276	-0.0344369333	-0.0338941949	-0.0333614389	-0.0328384928	-0.0323251849	-0.0318213444	-0.0313268019	-0.0308413893	-0.0303649400	-0.0298972889	-0.0294382729	-0.0289877304	-0.0285455020	-0.0281114302	-0.0276853593	-0.0272671362	-0.0268566094	-0.0264536301	-0.0260580514	-0.0256697288	-0.0252885201	-0.0249142854	-0.0245468870	-0.0241861897	-0.0238320605	-0.0234843688	-0.0231429863	-0.0228077870	-0.0224786473	-0.0221554457	-0.0218380631	-0.0215263828	-0.0212202900	-0.0209196723	-0.0206244197	-0.0203344239
-0.0507385517	-0.0511094621	-0.0514868064	-0.0518706728	-0.0522611504	-0.0526583295	-0.0530623013	-0.0534731579	-0.0538909923	-0.0543158983	-0.0547479704	-0.0551873039	-0.0556339945	-0.0560881385	-0.0565498325	-0.0570191735	-0.0574962586	-0.0579811849	-0.0584740497	-0.0589749499	-0.0594839819	-0.0600012418	-0.0605268250	-0.0610608260	-0.0616033381	-0.0621544534	-0.0627142626	-0.0632828545	-0.0638603159	-0.0644467314	-0.0650421829	-0.0656467496	-0.0662605073	-0.0668835283	-0.0675158811	-0.0681576297	-0.0688088334	-0.0694695464	-0.0701398172	-0.0708196882	-0.0715091953	-0.0722083670	-0.0729172241	-0.0736357792	-0.0743640360	-0.0751019882	-0.0758496197	-0.0766069030	-0.0773737991	-0.0781502563	-0.0789362097	-0.0797315802	-0.0805362736	-0.0813501798	-0.0821731718	-0.0830051048	-0.0838458153	-0.0846951198	-0.0855528143	-0.0864186724	-0.0872924453	-0.0881738598	-0.0890626177	-0.0899583947	-0.0908608389	-0.0917695701	-0.0926841789	-0.0936042247	-0.0945292359	-0.0954587079	-0.0963921025	-0.0973288472	-0.0982683338	-0.0992099181	-0.1001529189	-0.1010966176	-0.1020402575	-0.1029830434	-0.1039241416	-0.1048626795	-0.1057977460	-0.1067283914	-0.1076536281	-0.1085724313	-0.1094837395	-0.1103864564	-0.1112794513	-0.1121615619	-0.1130315952	-0.1138883308	-0.1147305226	-0.1155569024	-0.1163661828	-0.1171570610	-0.1179282225	-0.1186783459	-0.1194061070	-0.1201101840	-0.1207892630	-0.1214420433	-0.1220672438	-0.1226636086	-0.1232299139	-0.1237649744	-0.1242676502	-0.1247368538	-0.1251715564	-0.1255707956	-0.1259336810	-0.1262594016	-0.1265472308	-0.1267965321	-0.1270067636	-0.1271774811	-0.1273083404	-0.1273990981	-0.1274496099	-0.1274598281	-0.1274297953	-0.1273596376	-0.1272495541	-0.1270998053	-0.1269107000	-0.1266825805	-0.1264158092	-0.1261107556	-0.1257677852	-0.1253872521	-0.1249694952	-0.1245148386	-0.1240235958	-0.1234960775	-0.1229326024	-0.1223335095	-0.1216991706	-0.1210300032	-0.1203264811	-0.1195891442	-0.1188186052	-0.1180155548	-0.1171807636	-0.1163150828	-0.1154194425	-0.1144948484	-0.1135423776	-0.1125631727	-0.1115584359	-0.1105294219	-0.1094774310	-0.1084038016	-0.1073099032	-0.1061971286	-0.1050668876	-0.1039205996	-0.1027596873	-0.1015855707	-0.1003996609	-0.0992033552	-0.0979980320	-0.0967850462	-0.0955657249	-0.0943413641	-0.0931132252	-0.0918825322	-0.0906504692	-0.0894181784	-0.0881867580	-0.0869572613	-0.0857306955	-0.0845080208	-0.0832901498	-0.0820779477	-0.0808722321	-0.0796737731	-0.0784832939	-0.0773014714	-0.0761289372	-0.0749662779	-0.0738140369	-0.0726727149	-0.0715427717	-0.0704246271	-0.0693186623	-0.0682252217	-0.0671446138	-0.0660771132	-0.0650229617	-0.0639823700	-0.0629555192	-0.0619425622	-0.0609436252	-0.0599588091	-0.0589881911	-0.0580318258	-0.0570897467	-0.0561619677	-0.0552484841	-0.0543492738	-0.0534642988	-0.0525935060	-0.0517368286	-0.0508941868	-0.0500654891	-0.0492506333	-0.0484495070	-0.0476619889	-0.0468879495	-0.0461272517	-0.0453797518	-0.0446453000	-0.0439237413	-0.0432149156	-0.0425186591	-0.0418348040	-0.0411631796	-0.0405036126	-0.0398559273	-0.0392199464	-0.0385954913	-0.0379823823	-0.0373804390	-0.0367894806	-0.0362093264	-0.0356397958	-0.0350807085	-0.0345318850	-0.0339931467	-0.0334643159	-0.0329452163	-0.0324356728	-0.0319355120	-0.0314445620	-0.0309626527	-0.0304896159	-0.0300252854	-0.0295694968	-0.0291220882	-0.0286828995	-0.0282517730	-0.0278285532	-0.0274130871	-0.0270052238	-0.0266048148	-0.0262117141	-0.0258257781	-0.0254468654	-0.0250748372	-0.0247095571	-0.0243508910	-0.0239987074	-0.0236528769	-0.0233132728	-0.0229797706	-0.0226522480	-0.0223305853	-0.0220146650	-0.0217043718	-0.0213995927
-0.0532472930	-0.0536354177	-0.0540302599	-0.0544319110	-0.0548404634	-0.0552560106	-0.0556786471	-0.0561084682	-0.0565455703	-0.0569900505	-0.0574420065	-0.0579015367	-0.0583687403	-0.0588437168	-0.0593265659	-0.0598173879	-0.0603162829	-0.0608233514	-0.0613386935	-0.0618624091	-0.0623945977	-0.0629353581	-0.0634847887	-0.0640429864	-0.0646100473	-0.0651860661	-0.0657711356	-0.0663653469	-0.0669687890	-0.0675815483	-0.0682037086	-0.0688353506	-0.0694765515	-0.0701273849	-0.0707879199	-0.0714582215	-0.0721383494	-0.0728283578	-0.0735282951	-0.0742382033	-0.0749581174	-0.0756880647	-0.0764280645	-0.0771781275	-0.0779382547	-0.0787084374	-0.0794886557	-0.0802788786	-0.0810790625	-0.0818891509	-0.0827090733	-0.0835387444	-0.0843780633	-0.0852269124	-0.0860851565	-0.0869526420	-0.0878291957	-0.0887146236	-0.0896087103	-0.0905112175	-0.0914218832	-0.0923404203	-0.0932665158	-0.0941998294	-0.0951399925	-0.0960866071	-0.0970392447	-0.0979974450	-0.0989607152	-0.0999285286	-0.1009003239	-0.1018755039	-0.1028534353	-0.1038334471	-0.1048148304	-0.1057968377	-0.1067786823	-0.1077595380	-0.1087385388	-0.1097147790	-0.1106873132	-0.1116551564	-0.1126172850	-0.1135726369	-0.1145201129	-0.1154585777	-0.1163868617	-0.1173037621	-0.1182080458	-0.1190984511	-0.1199736907	-0.1208324548	-0.1216734143	-0.1224952245	-0.1232965293	-0.1240759658	-0.1248321685	-0.1255637750	-0.1262694309	-0.1269477960	-0.1275975500	-0.1282173987	-0.1288060810	-0.1293623749	-0.1298851046	-0.1303731473	-0.1308254398	-0.1312409857	-0.1316188609	-0.1319582208	-0.1322583049	-0.1325184424	-0.1327380561	-0.1329166651	-0.1330538873	-0.1331494389	-0.1332031338	-0.1332148799	-0.1331846743	-0.1331125962	-0.1329987981	-0.1328434952	-0.1326469541	-0.1324094807	-0.1321314082	-0.1318130864	-0.1314548730	-0.1310571267	-0.1306202047	-0.1301444621	-0.1296302557	-0.1290779501	-0.1284879262	-0.1278605911	-0.1271963889	-0.1264958104	-0.1257594032	-0.1249877793	-0.1241816213	-0.1233416865	-0.1224688095	-0.1215639022	-0.1206279524	-0.1196620211	-0.1186672385	-0.1176447984	-0.1165959528	-0.1155220051	-0.1144243034	-0.1133042333	-0.1121632109	-0.1110026755	-0.1098240828	-0.1086288980	-0.1074185895	-0.1061946225	-0.1049584532	-0.1037115236	-0.1024552561	-0.1011910494	-0.0999202736	-0.0986442671	-0.0973643330	-0.0960817361	-0.0947977001	-0.0935134062	-0.0922299905	-0.0909485428	-0.0896701058	-0.0883956738	-0.0871261925	-0.0858625588	-0.0846056204	-0.0833561764	-0.0821149777	-0.0808827275	-0.0796600819	-0.0784476512	-0.0772460009	-0.0760556524	-0.0748770849	-0.0737107363	-0.0725570046	-0.0714162498	-0.0702887946	-0.0691749269	-0.0680749003	-0.0669889365	-0.0659172262	-0.0648599311	-0.0638171850	-0.0627890956	-0.0617757458	-0.0607771951	-0.0597934813	-0.0588246213	-0.0578706130	-0.0569314361	-0.0560070536	-0.0550974129	-0.0542024468	-0.0533220751	-0.0524562048	-0.0516047318	-0.0507675416	-0.0499445102	-0.0491355048	-0.0483403849	-0.0475590029	-0.0467912049	-0.0460368313	-0.0452957173	-0.0445676941	-0.0438525887	-0.0431502249	-0.0424604237	-0.0417830038	-0.0411177819	-0.0404645733	-0.0398231922	-0.0391934517	-0.0385751650	-0.0379681447	-0.0373722037	-0.0367871554	-0.0362128136	-0.0356489930	-0.0350955096	-0.0345521803	-0.0340188234	-0.0334952589	-0.0329813084	-0.0324767954	-0.0319815449	-0.0314953844	-0.0310181432	-0.0305496527	-0.0300897468	-0.0296382614	-0.0291950348	-0.0287599079	-0.0283327236	-0.0279133276	-0.0275015678	-0.0270972947	-0.0267003614	-0.0263106231	-0.0259279379	-0.0255521662	-0.0251831709	-0.0248208173	-0.0244649733	-0.0241155093	-0.0237722978	-0.0234352140	-0.0231041355	-0.0227789420	-0.0224595159
-0.0557424127	-0.0561474921	-0.0565595661	-0.0569787290	-0.0574050765	-0.0578387050	-0.0582797122	-0.0587281964	-0.0591842570	-0.0596479942	-0.0601195088	-0.0605989024	-0.0610862771	-0.0615817352	-0.0620853797	-0.0625973136	-0.0631176402	-0.0636464625	-0.0641838836	-0.0647300061	-0.0652849322	-0.0658487634	-0.0664216003	-0.0670035426	-0.0675946884	-0.0681951346	-0.0688049762	-0.0694243062	-0.0700532154	-0.0706917918	-0.0713401207	-0.0719982839	-0.0726663597	-0.0733444226	-0.0740325423	-0.0747307842	-0.0754392079	-0.0761578676	-0.0768868113	-0.0776260799	-0.0783757074	-0.0791357196	-0.0799061339	-0.0806869586	-0.0814781922	-0.0822798225	-0.0830918262	-0.0839141681	-0.0847467999	-0.0855896599	-0.0864426718	-0.0873057440	-0.0881787684	-0.0890616199	-0.0899541549	-0.0908562106	-0.0917676041	-0.0926881309	-0.0936175641	-0.0945556534	-0.0955021235	-0.0964566738	-0.0974189762	-0.0983886748	-0.0993653844	-0.1003486893	-0.1013381425	-0.1023332641	-0.1033335406	-0.1043384238	-0.1053473296	-0.1063596374	-0.1073746888	-0.1083917873	-0.1094101970	-0.1104291425	-0.1114478083	-0.1124653383	-0.1134808356	-0.1144933628	-0.1155019415	-0.1165055533	-0.1175031400	-0.1184936042	-0.1194758109	-0.1204485881	-0.1214107287	-0.1223609924	-0.1232981076	-0.1242207741	-0.1251276658	-0.1260174336	-0.1268887093	-0.1277401091	-0.1285702378	-0.1293776934	-0.1301610719	-0.1309189726	-0.1316500033	-0.1323527866	-0.1330259652	-0.1336682091	-0.1342782215	-0.1348547454	-0.1353965708	-0.1359025410	-0.1363715595	-0.1368025964	-0.1371946948	-0.1375469765	-0.1378586474	-0.1381290023	-0.1383574283	-0.1385434080	-0.1386865208	-0.1387864434	-0.1388429478	-0.1388558991	-0.1388252504	-0.1387510365	-0.1386333662	-0.1384724131	-0.1382684059	-0.1380216177	-0.1377323563	-0.1374009553	-0.1370277662	-0.1366131533	-0.1361574910	-0.1356611635	-0.1351245675	-0.1345481170	-0.1339322501	-0.1332774373	-0.1325841895	-0.1318530669	-0.1310846869	-0.1302797305	-0.1294389476	-0.1285631608	-0.1276532670	-0.1267102378	-0.1257351184	-0.1247290243	-0.1236931382	-0.1226287045	-0.1215370243	-0.1204194487	-0.1192773723	-0.1181122266	-0.1169254728	-0.1157185948	-0.1144930924	-0.1132504745	-0.1119922530	-0.1107199359	-0.1094350222	-0.1081389961	-0.1068333218	-0.1055194390	-0.1041987589	-0.1028726597	-0.1015424838	-0.1002095345	-0.0988750734	-0.0975403183	-0.0962064411	-0.0948745665	-0.0935457707	-0.0922210808	-0.0909014738	-0.0895878767	-0.0882811664	-0.0869821697	-0.0856916639	-0.0844103775	-0.0831389905	-0.0818781361	-0.0806284008	-0.0793903266	-0.0781644113	-0.0769511105	-0.0757508389	-0.0745639715	-0.0733908454	-0.0722317613	-0.0710869848	-0.0699567484	-0.0688412526	-0.0677406678	-0.0666551358	-0.0655847711	-0.0645296627	-0.0634898753	-0.0624654508	-0.0614564100	-0.0604627534	-0.0594844629	-0.0585215029	-0.0575738217	-0.0566413525	-0.0557240144	-0.0548217137	-0.0539343450	-0.0530617919	-0.0522039281	-0.0513606182	-0.0505317187	-0.0497170784	-0.0489165398	-0.0481299392	-0.0473571076	-0.0465978715	-0.0458520532	-0.0451194715	-0.0443999423	-0.0436932787	-0.0429992920	-0.0423177919	-0.0416485867	-0.0409914838	-0.0403462903	-0.0397128127	-0.0390908580	-0.0384802332	-0.0378807461	-0.0372922051	-0.0367144198	-0.0361472010	-0.0355903606	-0.0350437125	-0.0345070719	-0.0339802560	-0.0334630839	-0.0329553765	-0.0324569572	-0.0319676513	-0.0314872865	-0.0310156928	-0.0305527026	-0.0300981507	-0.0296518743	-0.0292137132	-0.0287835097	-0.0283611086	-0.0279463574	-0.0275391059	-0.0271392066	-0.0267465146	-0.0263608875	-0.0259821854	-0.0256102711	-0.0252450098	-0.0248862692	-0.0245339195	-0.0241878334	-0.0238478860	-0.0235139547
-0.0582233327	-0.0586450972	-0.0590741267	-0.0595105183	-0.0599543705	-0.0604057827	-0.0608648553	-0.0613316897	-0.0618063880	-0.0622890533	-0.0627797893	-0.0632787004	-0.0637858913	-0.0643014674	-0.0648255342	-0.0653581976	-0.0658995633	-0.0664497372	-0.0670088246	-0.0675769309	-0.0681541604	-0.0687406171	-0.0693364038	-0.0699416222	-0.0705563725	-0.0711807536	-0.0718148621	-0.0724587927	-0.0731126376	-0.0737764862	-0.0744504247	-0.0751345360	-0.0758288993	-0.0765335892	-0.0772486760	-0.0779742249	-0.0787102954	-0.0794569412	-0.0802142093	-0.0809821395	-0.0817607644	-0.0825501078	-0.0833501851	-0.0841610017	-0.0849825532	-0.0858148239	-0.0866577867	-0.0875114016	-0.0883756156	-0.0892503614	-0.0901355567	-0.0910311033	-0.0919368858	-0.0928527711	-0.0937786073	-0.0947142224	-0.0956594233	-0.0966139950	-0.0975776992	-0.0985502733	-0.0995314292	-0.1005208521	-0.1015181996	-0.1025231000	-0.1035351517	-0.1045539217	-0.1055789447	-0.1066097216	-0.1076457188	-0.1086863669	-0.1097310599	-0.1107791539	-0.1118299668	-0.1128827769	-0.1139368226	-0.1149913015	-0.1160453704	-0.1170981445	-0.1181486974	-0.1191960611	-0.1202392261	-0.1212771420	-0.1223087178	-0.1233328227	-0.1243482875	-0.1253539056	-0.1263484347	-0.1273305991	-0.1282990910	-0.1292525740	-0.1301896854	-0.1311090397	-0.1320092319	-0.1328888415	-0.1337464368	-0.1345805795	-0.1353898295	-0.1361727502	-0.1369279142	-0.1376539090	-0.1383493429	-0.1390128518	-0.1396431053	-0.1402388135	-0.1407987335	-0.1413216761	-0.1418065126	-0.1422521809	-0.1426576916	-0.1430221338	-0.1433446801	-0.1436245911	-0.1438612188	-0.1440540094	-0.1442025046	-0.1443063417	-0.1443652526	-0.1443790609	-0.1443476777	-0.1442710961	-0.1441493844	-0.1439826780	-0.1437711711	-0.1435151081	-0.1432147746	-0.1428704902	-0.1424826021	-0.1420514808	-0.1415775170	-0.1410611221	-0.1405027294	-0.1399027987	-0.1392618206	-0.1385803241	-0.1378588825	-0.1370981209	-0.1362987225	-0.1354614339	-0.1345870697	-0.1336765151	-0.1327307278	-0.1317507378	-0.1307376460	-0.1296926216	-0.1286168988	-0.1275117718	-0.1263785893	-0.1252187489	-0.1240336907	-0.1228248905	-0.1215938527	-0.1203421041	-0.1190711868	-0.1177826512	-0.1164780503	-0.1151589331	-0.1138268388	-0.1124832913	-0.1111297944	-0.1097678268	-0.1083988376	-0.1070242431	-0.1056454226	-0.1042637159	-0.1028804199	-0.1014967874	-0.1001140239	-0.0987332873	-0.0973556856	-0.0959822768	-0.0946140679	-0.0932520147	-0.0918970217	-0.0905499424	-0.0892115794	-0.0878826853	-0.0865639635	-0.0852560688	-0.0839596086	-0.0826751444	-0.0814031924	-0.0801442255	-0.0788986744	-0.0776669293	-0.0764493412	-0.0752462235	-0.0740578539	-0.0728844754	-0.0717262986	-0.0705835028	-0.0694562376	-0.0683446248	-0.0672487594	-0.0661687116	-0.0651045282	-0.0640562335	-0.0630238314	-0.0620073062	-0.0610066242	-0.0600217349	-0.0590525720	-0.0580990550	-0.0571610895	-0.0562385693	-0.0553313766	-0.0544393832	-0.0535624516	-0.0527004356	-0.0518531812	-0.0510205274	-0.0502023072	-0.0493983476	-0.0486084710	-0.0478324953	-0.0470702349	-0.0463215006	-0.0455861011	-0.0448638422	-0.0441545285	-0.0434579629	-0.0427739474	-0.0421022834	-0.0414427719	-0.0407952141	-0.0401594111	-0.0395351650	-0.0389222782	-0.0383205546	-0.0377297987	-0.0371498169	-0.0365804168	-0.0360214078	-0.0354726012	-0.0349338100	-0.0344048495	-0.0338855369	-0.0333756919	-0.0328751363	-0.0323836944	-0.0319011928	-0.0314274607	-0.0309623296	-0.0305056340	-0.0300572104	-0.0296168984	-0.0291845399	-0.0287599795	-0.0283430646	-0.0279336448	-0.0275315729	-0.0271367038	-0.0267488954	-0.0263680079	-0.0259939043	-0.0256264499	-0.0252655128	-0.0249109635	-0.0245626750
-0.0606894866	-0.0611276571	-0.0615733559	-0.0620266829	-0.0624877392	-0.0629566269	-0.0634334492	-0.0639183099	-0.0644113139	-0.0649125670	-0.0654221755	-0.0659402462	-0.0664668866	-0.0670022045	-0.0675463080	-0.0680993053	-0.0686613047	-0.0692324142	-0.0698127415	-0.0704023942	-0.0710014787	-0.0716101011	-0.0722283659	-0.0728563769	-0.0734942359	-0.0741420433	-0.0747998973	-0.0754678938	-0.0761461261	-0.0768346846	-0.0775336565	-0.0782431251	-0.0789631699	-0.0796938659	-0.0804352833	-0.0811874867	-0.0819505354	-0.0827244819	-0.0835093721	-0.0843052445	-0.0851121296	-0.0859300493	-0.0867590161	-0.0875990327	-0.0884500912	-0.0893121722	-0.0901852442	-0.0910692626	-0.0919641690	-0.0928698906	-0.0937863385	-0.0947134078	-0.0956509755	-0.0965989007	-0.0975570224	-0.0985251595	-0.0995031088	-0.1004906445	-0.1014875169	-0.1024934510	-0.1035081459	-0.1045312730	-0.1055624752	-0.1066013656	-0.1076475262	-0.1087005071	-0.1097598248	-0.1108249616	-0.1118953642	-0.1129704425	-0.1140495692	-0.1151320779	-0.1162172634	-0.1173043798	-0.1183926406	-0.1194812176	-0.1205692408	-0.1216557980	-0.1227399347	-0.1238206537	-0.1248969159	-0.1259676404	-0.1270317051	-0.1280879478	-0.1291351669	-0.1301721232	-0.1311975415	-0.1322101123	-0.1332084944	-0.1341913172	-0.1351571842	-0.1361046754	-0.1370323518	-0.1379387586	-0.1388224302	-0.1396818944	-0.1405156775	-0.1413223096	-0.1421003303	-0.1428482944	-0.1435647781	-0.1442483853	-0.1448977539	-0.1455115628	-0.1460885379	-0.1466274592	-0.1471271670	-0.1475865680	-0.1480046415	-0.1483804446	-0.1487131173	-0.1490018868	-0.1492460705	-0.1494450792	-0.1495984177	-0.1497056855	-0.1497665754	-0.1497808717	-0.1497484457	-0.1496692516	-0.1495433203	-0.1493707523	-0.1491517110	-0.1488864147	-0.1485751300	-0.1482181649	-0.1478158636	-0.1473686026	-0.1468767887	-0.1463408583	-0.1457612789	-0.1451385518	-0.1444732166	-0.1437658561	-0.1430171016	-0.1422276388	-0.1413982126	-0.1405296317	-0.1396227722	-0.1386785795	-0.1376980696	-0.1366823288	-0.1356325123	-0.1345498416	-0.1334356008	-0.1322911324	-0.1311178316	-0.1299171412	-0.1286905450	-0.1274395612	-0.1261657362	-0.1248706375	-0.1235558473	-0.1222229558	-0.1208735549	-0.1195092321	-0.1181315645	-0.1167421138	-0.1153424206	-0.1139340003	-0.1125183381	-0.1110968855	-0.1096710569	-0.1082422261	-0.1068117237	-0.1053808349	-0.1039507974	-0.1025228002	-0.1010979815	-0.0996774286	-0.0982621769	-0.0968532095	-0.0954514575	-0.0940577995	-0.0926730627	-0.0912980228	-0.0899334054	-0.0885798864	-0.0872380934	-0.0859086066	-0.0845919602	-0.0832886440	-0.0819991045	-0.0807237466	-0.0794629350	-0.0782169958	-0.0769862186	-0.0757708571	-0.0745711319	-0.0733872311	-0.0722193125	-0.0710675052	-0.0699319107	-0.0688126049	-0.0677096393	-0.0666230427	-0.0655528222	-0.0644989652	-0.0634614401	-0.0624401981	-0.0614351739	-0.0604462873	-0.0594734444	-0.0585165381	-0.0575754499	-0.0566500501	-0.0557401995	-0.0548457497	-0.0539665444	-0.0531024197	-0.0522532054	-0.0514187252	-0.0505987978	-0.0497932373	-0.0490018538	-0.0482244541	-0.0474608420	-0.0467108191	-0.0459741848	-0.0452507372	-0.0445402733	-0.0438425892	-0.0431574808	-0.0424847437	-0.0418241739	-0.0411755678	-0.0405387224	-0.0399134359	-0.0392995074	-0.0386967375	-0.0381049283	-0.0375238835	-0.0369534088	-0.0363933116	-0.0358434016	-0.0353034905	-0.0347733922	-0.0342529233	-0.0337419022	-0.0332401504	-0.0327474915	-0.0322637518	-0.0317887602	-0.0313223482	-0.0308643500	-0.0304146024	-0.0299729450	-0.0295392199	-0.0291132720	-0.0286949489	-0.0282841010	-0.0278805810	-0.0274842447	-0.0270949502	-0.0267125584	-0.0263369328	-0.0259679394	-0.0256054468
-0.0631403199	-0.0635946080	-0.0640566806	-0.0645266401	-0.0650045901	-0.0654906351	-0.0659848808	-0.0664874335	-0.0669984006	-0.0675178902	-0.0680460110	-0.0685828722	-0.0691285836	-0.0696832554	-0.0702469978	-0.0708199212	-0.0714021360	-0.0719937524	-0.0725948802	-0.0732056285	-0.0738261060	-0.0744564202	-0.0750966774	-0.0757469829	-0.0764074399	-0.0770781500	-0.0777592127	-0.0784507248	-0.0791527804	-0.0798654705	-0.0805888828	-0.0813231010	-0.0820682045	-0.0828242681	-0.0835913616	-0.0843695492	-0.0851588888	-0.0859594321	-0.0867712232	-0.0875942990	-0.0884286876	-0.0892744084	-0.0901314712	-0.0909998753	-0.0918796090	-0.0927706490	-0.0936729590	-0.0945864895	-0.0955111766	-0.0964469414	-0.0973936885	-0.0983513058	-0.0993196628	-0.1002986101	-0.1012879780	-0.1022875758	-0.1032971902	-0.1043165845	-0.1053454974	-0.1063836420	-0.1074307041	-0.1084863416	-0.1095501828	-0.1106218256	-0.1117008362	-0.1127867476	-0.1138790590	-0.1149772341	-0.1160807003	-0.1171888478	-0.1183010281	-0.1194165535	-0.1205346961	-0.1216546868	-0.1227757151	-0.1238969281	-0.1250174302	-0.1261362830	-0.1272525048	-0.1283650712	-0.1294729146	-0.1305749255	-0.1316699524	-0.1327568031	-0.1338342459	-0.1349010109	-0.1359557918	-0.1369972479	-0.1380240064	-0.1390346653	-0.1400277960	-0.1410019469	-0.1419556471	-0.1428874104	-0.1437957393	-0.1446791305	-0.1455360789	-0.1463650840	-0.1471646546	-0.1479333151	-0.1486696117	-0.1493721184	-0.1500394438	-0.1506702371	-0.1512631949	-0.1518170678	-0.1523306666	-0.1528028682	-0.1532326215	-0.1536189530	-0.1539609712	-0.1542578706	-0.1545089355	-0.1547135420	-0.1548711596	-0.1549813514	-0.1550437733	-0.1550581720	-0.1550243819	-0.1549423210	-0.1548119855	-0.1546334445	-0.1544068335	-0.1541323480	-0.1538102377	-0.1534408009	-0.1530243799	-0.1525613578	-0.1520521562	-0.1514972351	-0.1508970932	-0.1502522705	-0.1495633514	-0.1488309684	-0.1480558066	-0.1472386079	-0.1463801752	-0.1454813756	-0.1445431431	-0.1435664804	-0.1425524594	-0.1415022203	-0.1404169706	-0.1392979820	-0.1381465870	-0.1369641746	-0.1357521851	-0.1345121045	-0.1332454585	-0.1319538064	-0.1306387342	-0.1293018486	-0.1279447697	-0.1265691251	-0.1251765437	-0.1237686491	-0.1223470543	-0.1209133562	-0.1194691302	-0.1180159258	-0.1165552621	-0.1150886239	-0.1136174581	-0.1121431706	-0.1106671234	-0.1091906327	-0.1077149661	-0.1062413417	-0.1047709266	-0.1033048357	-0.1018441312	-0.1003898224	-0.0989428653	-0.0975041629	-0.0960745653	-0.0946548709	-0.0932458263	-0.0918481279	-0.0904624225	-0.0890893087	-0.0877293383	-0.0863830173	-0.0850508077	-0.0837331288	-0.0824303588	-0.0811428367	-0.0798708633	-0.0786147036	-0.0773745877	-0.0761507130	-0.0749432456	-0.0737523218	-0.0725780500	-0.0714205119	-0.0702797642	-0.0691558402	-0.0680487510	-0.0669584870	-0.0658850194	-0.0648283012	-0.0637882688	-0.0627648429	-0.0617579298	-0.0607674226	-0.0597932022	-0.0588351382	-0.0578930899	-0.0569669074	-0.0560564321	-0.0551614981	-0.0542819323	-0.0534175557	-0.0525681836	-0.0517336268	-0.0509136917	-0.0501081812	-0.0493168951	-0.0485396307	-0.0477761831	-0.0470263459	-0.0462899114	-0.0455666710	-0.0448564155	-0.0441589359	-0.0434740229	-0.0428014678	-0.0421410627	-0.0414926003	-0.0408558746	-0.0402306810	-0.0396168162	-0.0390140787	-0.0384222687	-0.0378411885	-0.0372706423	-0.0367104367	-0.0361603803	-0.0356202842	-0.0350899619	-0.0345692295	-0.0340579055	-0.0335558111	-0.0330627701	-0.0325786089	-0.0321031568	-0.0316362456	-0.0311777099	-0.0307273872	-0.0302851174	-0.0298507436	-0.0294241112	-0.0290050686	-0.0285934668	-0.0281891596	-0.0277920034	-0.0274018573	-0.0270185831	-0.0266420450
-0.0655752907	-0.0660453990	-0.0665235407	-0.0670098205	-0.0675043443	-0.0680072189	-0.0685185520	-0.0690384524	-0.0695670297	-0.0701043941	-0.0706506564	-0.0712059281	-0.0717703210	-0.0723439473	-0.0729269192	-0.0735193492	-0.0741213494	-0.0747330317	-0.0753545078	-0.0759858885	-0.0766272839	-0.0772788029	-0.0779405534	-0.0786126416	-0.0792951720	-0.0799882472	-0.0806919673	-0.0814064299	-0.0821317296	-0.0828679578	-0.0836152022	-0.0843735464	-0.0851430696	-0.0859238461	-0.0867159449	-0.0875194291	-0.0883343556	-0.0891607742	-0.0899987274	-0.0908482497	-0.0917093669	-0.0925820955	-0.0934664419	-0.0943624019	-0.0952699599	-0.0961890880	-0.0971197451	-0.0980618764	-0.0990154123	-0.0999802673	-0.1009563395	-0.1019435093	-0.1029416385	-0.1039505690	-0.1049701223	-0.1060000978	-0.1070402721	-0.1080903977	-0.1091502016	-0.1102193846	-0.1112976197	-0.1123845512	-0.1134797931	-0.1145829282	-0.1156935069	-0.1168110458	-0.1179350268	-0.1190648956	-0.1202000610	-0.1213398936	-0.1224837247	-0.1236308457	-0.1247805070	-0.1259319172	-0.1270842426	-0.1282366066	-0.1293880894	-0.1305377273	-0.1316845132	-0.1328273963	-0.1339652826	-0.1350970351	-0.1362214747	-0.1373373814	-0.1384434948	-0.1395385164	-0.1406211110	-0.1416899087	-0.1427435074	-0.1437804756	-0.1447993553	-0.1457986656	-0.1467769061	-0.1477325613	-0.1486641048	-0.1495700041	-0.1504487256	-0.1512987400	-0.1521185280	-0.1529065861	-0.1536614323	-0.1543816133	-0.1550657097	-0.1557123434	-0.1563201834	-0.1568879527	-0.1574144340	-0.1578984758	-0.1583389984	-0.1587349987	-0.1590855548	-0.1593898303	-0.1596470775	-0.1598566394	-0.1600179518	-0.1601305432	-0.1601940346	-0.1602081378	-0.1601726526	-0.1600874635	-0.1599525353	-0.1597679085	-0.1595336934	-0.1592500655	-0.1589172599	-0.1585355666	-0.1581053270	-0.1576269307	-0.1571008136	-0.1565274574	-0.1559073897	-0.1552411862	-0.1545294723	-0.1537729264	-0.1529722834	-0.1521283373	-0.1512419448	-0.1503140278	-0.1493455749	-0.1483376429	-0.1472913563	-0.1462079072	-0.1450885526	-0.1439346125	-0.1427474657	-0.1415285457	-0.1402793358	-0.1390013635	-0.1376961947	-0.1363654276	-0.1350106861	-0.1336336135	-0.1322358661	-0.1308191069	-0.1293849992	-0.1279352009	-0.1264713583	-0.1249951012	-0.1235080378	-0.1220117493	-0.1205077866	-0.1189976653	-0.1174828630	-0.1159648154	-0.1144449142	-0.1129245041	-0.1114048811	-0.1098872909	-0.1083729274	-0.1068629317	-0.1053583914	-0.1038603404	-0.1023697585	-0.1008875717	-0.0994146525	-0.0979518204	-0.0964998424	-0.0950594346	-0.0936312624	-0.0922159423	-0.0908140427	-0.0894260858	-0.0880525484	-0.0866938643	-0.0853504249	-0.0840225816	-0.0827106470	-0.0814148965	-0.0801355705	-0.0788728754	-0.0776269857	-0.0763980453	-0.0751861695	-0.0739914461	-0.0728139374	-0.0716536814	-0.0705106934	-0.0693849675	-0.0682764777	-0.0671851794	-0.0661110110	-0.0650538945	-0.0640137372	-0.0629904325	-0.0619838612	-0.0609938925	-0.0600203850	-0.0590631875	-0.0581221399	-0.0571970744	-0.0562878157	-0.0553941823	-0.0545159869	-0.0536530372	-0.0528051365	-0.0519720842	-0.0511536766	-0.0503497071	-0.0495599670	-0.0487842457	-0.0480223311	-0.0472740105	-0.0465390703	-0.0458172966	-0.0451084758	-0.0444123943	-0.0437288394	-0.0430575991	-0.0423984624	-0.0417512198	-0.0411156631	-0.0404915857	-0.0398787829	-0.0392770521	-0.0386861923	-0.0381060052	-0.0375362944	-0.0369768661	-0.0364275288	-0.0358880936	-0.0353583741	-0.0348381867	-0.0343273503	-0.0338256866	-0.0333330199	-0.0328491775	-0.0323739893	-0.0319072880	-0.0314489092	-0.0309986912	-0.0305564750	-0.0301221046	-0.0296954267	-0.0292762906	-0.0288645486	-0.0284600554	-0.0280626688	-0.0276722490
-0.0679938696	-0.0684794923	-0.0689733898	-0.0694756689	-0.0699864375	-0.0705058045	-0.0710338798	-0.0715707740	-0.0721165988	-0.0726714663	-0.0732354892	-0.0738087811	-0.0743914554	-0.0749836262	-0.0755854074	-0.0761969132	-0.0768182573	-0.0774495532	-0.0780909138	-0.0787424515	-0.0794042775	-0.0800765020	-0.0807592338	-0.0814525802	-0.0821566463	-0.0828715354	-0.0835973482	-0.0843341825	-0.0850821332	-0.0858412916	-0.0866117452	-0.0873935773	-0.0881868663	-0.0889916858	-0.0898081036	-0.0906361815	-0.0914759748	-0.0923275313	-0.0931908914	-0.0940660870	-0.0949531411	-0.0958520670	-0.0967628676	-0.0976855348	-0.0986200485	-0.0995663761	-0.1005244715	-0.1014942742	-0.1024757085	-0.1034686824	-0.1044730870	-0.1054887951	-0.1065156603	-0.1075535161	-0.1086021747	-0.1096614258	-0.1107310355	-0.1118107455	-0.1129002711	-0.1139993010	-0.1151074954	-0.1162244848	-0.1173498692	-0.1184832167	-0.1196240620	-0.1207719056	-0.1219262125	-0.1230864109	-0.1242518913	-0.1254220054	-0.1265960649	-0.1277733411	-0.1289530635	-0.1301344191	-0.1313165522	-0.1324985634	-0.1336795097	-0.1348584037	-0.1360342139	-0.1372058648	-0.1383722370	-0.1395321681	-0.1406844530	-0.1418278453	-0.1429610582	-0.1440827664	-0.1451916078	-0.1462861852	-0.1473650697	-0.1484268023	-0.1494698981	-0.1504928490	-0.1514941275	-0.1524721913	-0.1534254873	-0.1543524564	-0.1552515386	-0.1561211787	-0.1569598312	-0.1577659668	-0.1585380781	-0.1592746859	-0.1599743455	-0.1606356531	-0.1612572523	-0.1618378397	-0.1623761721	-0.1628710712	-0.1633214301	-0.1637262175	-0.1640844831	-0.1643953609	-0.1646580726	-0.1648719303	-0.1650363377	-0.1651507910	-0.1652148785	-0.1652282792	-0.1651907613	-0.1651021785	-0.1649624672	-0.1647716416	-0.1645297900	-0.1642370700	-0.1638937038	-0.1634999751	-0.1630562247	-0.1625628487	-0.1620202966	-0.1614290700	-0.1607897236	-0.1601028654	-0.1593691588	-0.1585893244	-0.1577641427	-0.1568944561	-0.1559811712	-0.1550252608	-0.1540277647	-0.1529897902	-0.1519125119	-0.1507971703	-0.1496450698	-0.1484575759	-0.1472361115	-0.1459821526	-0.1446972233	-0.1433828905	-0.1420407583	-0.1406724615	-0.1392796599	-0.1378640315	-0.1364272665	-0.1349710609	-0.1334971106	-0.1320071051	-0.1305027221	-0.1289856221	-0.1274574435	-0.1259197974	-0.1243742638	-0.1228223875	-0.1212656742	-0.1197055877	-0.1181435472	-0.1165809242	-0.1150190413	-0.1134591699	-0.1119025290	-0.1103502845	-0.1088035479	-0.1072633764	-0.1057307724	-0.1042066837	-0.1026920038	-0.1011875727	-0.0996941771	-0.0982125516	-0.0967433797	-0.0952872950	-0.0938448823	-0.0924166794	-0.0910031778	-0.0896048251	-0.0882220259	-0.0868551438	-0.0855045030	-0.0841703897	-0.0828530542	-0.0815527120	-0.0802695463	-0.0790037086	-0.0777553213	-0.0765244788	-0.0753112489	-0.0741156749	-0.0729377765	-0.0717775517	-0.0706349778	-0.0695100133	-0.0684025985	-0.0673126574	-0.0662400986	-0.0651848162	-0.0641466917	-0.0631255941	-0.0621213816	-0.0611339024	-0.0601629953	-0.0592084910	-0.0582702127	-0.0573479766	-0.0564415934	-0.0555508682	-0.0546756015	-0.0538155899	-0.0529706263	-0.0521405009	-0.0513250014	-0.0505239137	-0.0497370218	-0.0489641090	-0.0482049577	-0.0474593498	-0.0467270675	-0.0460078929	-0.0453016088	-0.0446079988	-0.0439268473	-0.0432579402	-0.0426010648	-0.0419560099	-0.0413225660	-0.0407005258	-0.0400896838	-0.0394898367	-0.0389007837	-0.0383223261	-0.0377542679	-0.0371964154	-0.0366485777	-0.0361105664	-0.0355821958	-0.0350632832	-0.0345536483	-0.0340531139	-0.0335615054	-0.0330786511	-0.0326043822	-0.0321385326	-0.0316809393	-0.0312314417	-0.0307898825	-0.0303561069	-0.0299299629	-0.0295113015	-0.0290999761	-0.0286958433
-0.0703955401	-0.0708963633	-0.0714056951	-0.0719236440	-0.0724503200	-0.0729858336	-0.0735302967	-0.0740838218	-0.0746465221	-0.0752185116	-0.0757999047	-0.0763908166	-0.0769913623	-0.0776016574	-0.0782218174	-0.0788519577	-0.0794921935	-0.0801426395	-0.0808034099	-0.0814746179	-0.0821563759	-0.0828487948	-0.0835519843	-0.0842660521	-0.0849911040	-0.0857272435	-0.0864745716	-0.0872331860	-0.0880031815	-0.0887846491	-0.0895776757	-0.0903823437	-0.0911987309	-0.0920269095	-0.0928669458	-0.0937189001	-0.0945828255	-0.0954587677	-0.0963467647	-0.0972468453	-0.0981590294	-0.0990833268	-0.1000197365	-0.1009682462	-0.1019288312	-0.1029014538	-0.1038860624	-0.1048825908	-0.1058909568	-0.1069110618	-0.1079427894	-0.1089860048	-0.1100405534	-0.1111062597	-0.1121829267	-0.1132703342	-0.1143682380	-0.1154763685	-0.1165944297	-0.1177220980	-0.1188590207	-0.1200048152	-0.1211590673	-0.1223213304	-0.1234911241	-0.1246679330	-0.1258512055	-0.1270403529	-0.1282347478	-0.1294337237	-0.1306365734	-0.1318425486	-0.1330508586	-0.1342606701	-0.1354711061	-0.1366812457	-0.1378901235	-0.1390967297	-0.1403000099	-0.1414988650	-0.1426921522	-0.1438786848	-0.1450572335	-0.1462265273	-0.1473852549	-0.1485320660	-0.1496655735	-0.1507843554	-0.1518869575	-0.1529718962	-0.1540376614	-0.1550827201	-0.1561055204	-0.1571044952	-0.1580780672	-0.1590246531	-0.1599426689	-0.1608305355	-0.1616866838	-0.1625095609	-0.1632976361	-0.1640494066	-0.1647634045	-0.1654382023	-0.1660724197	-0.1666647296	-0.1672138641	-0.1677186201	-0.1681778650	-0.1685905415	-0.1689556722	-0.1692723633	-0.1695398082	-0.1697572896	-0.1699241814	-0.1700399496	-0.1701041520	-0.1701164379	-0.1700765461	-0.1699843023	-0.1698396170	-0.1696424812	-0.1693929634	-0.1690912052	-0.1687374183	-0.1683318804	-0.1678749329	-0.1673669783	-0.1668084785	-0.1661999541	-0.1655419841	-0.1648352065	-0.1640803193	-0.1632780820	-0.1624293169	-0.1615349110	-0.1605958170	-0.1596130549	-0.1585877119	-0.1575209426	-0.1564139683	-0.1552680751	-0.1540846118	-0.1528649870	-0.1516106651	-0.1503231621	-0.1490040407	-0.1476549050	-0.1462773948	-0.1448731798	-0.1434439530	-0.1419914252	-0.1405173182	-0.1390233589	-0.1375112733	-0.1359827806	-0.1344395873	-0.1328833827	-0.1313158328	-0.1297385767	-0.1281532214	-0.1265613384	-0.1249644599	-0.1233640757	-0.1217616301	-0.1201585201	-0.1185560927	-0.1169556435	-0.1153584151	-0.1137655965	-0.1121783216	-0.1105976697	-0.1090246644	-0.1074602744	-0.1059054132	-0.1043609400	-0.1028276604	-0.1013063269	-0.0997976404	-0.0983022510	-0.0968207594	-0.0953537183	-0.0939016337	-0.0924649668	-0.0910441352	-0.0896395145	-0.0882514402	-0.0868802095	-0.0855260823	-0.0841892838	-0.0828700054	-0.0815684069	-0.0802846178	-0.0790187390	-0.0777708445	-0.0765409829	-0.0753291788	-0.0741354343	-0.0729597307	-0.0718020294	-0.0706622736	-0.0695403893	-0.0684362868	-0.0673498618	-0.0662809964	-0.0652295602	-0.0641954115	-0.0631783981	-0.0621783583	-0.0611951218	-0.0602285104	-0.0592783392	-0.0583444167	-0.0574265461	-0.0565245257	-0.0556381493	-0.0547672074	-0.0539114872	-0.0530707733	-0.0522448483	-0.0514334929	-0.0506364869	-0.0498536090	-0.0490846374	-0.0483293502	-0.0475875259	-0.0468589430	-0.0461433811	-0.0454406206	-0.0447504429	-0.0440726311	-0.0434069698	-0.0427532451	-0.0421112453	-0.0414807606	-0.0408615833	-0.0402535081	-0.0396563321	-0.0390698546	-0.0384938777	-0.0379282061	-0.0373726470	-0.0368270105	-0.0362911093	-0.0357647591	-0.0352477782	-0.0347399878	-0.0342412121	-0.0337512781	-0.0332700156	-0.0327972572	-0.0323328388	-0.0318765986	-0.0314283780	-0.0309880213	-0.0305553752	-0.0301302897	-0.0297126173
-0.0727797993	-0.0732955014	-0.0738199378	-0.0743532192	-0.0748954568	-0.0754467630	-0.0760072512	-0.0765770355	-0.0771562306	-0.0777449521	-0.0783433159	-0.0789514383	-0.0795694360	-0.0801974257	-0.0808355241	-0.0814838479	-0.0821425132	-0.0828116358	-0.0834913306	-0.0841817118	-0.0848828923	-0.0855949837	-0.0863180961	-0.0870523375	-0.0877978139	-0.0885546288	-0.0893228830	-0.0901026740	-0.0908940961	-0.0916972396	-0.0925121905	-0.0933390302	-0.0941778352	-0.0950286761	-0.0958916175	-0.0967667176	-0.0976540273	-0.0985535898	-0.0994654399	-0.1003896035	-0.1013260969	-0.1022749261	-0.1032360859	-0.1042095594	-0.1051953170	-0.1061933158	-0.1072034983	-0.1082257922	-0.1092601089	-0.1103063425	-0.1113643693	-0.1124340464	-0.1135152109	-0.1146076784	-0.1157112423	-0.1168256726	-0.1179507144	-0.1190860872	-0.1202314834	-0.1213865672	-0.1225509732	-0.1237243056	-0.1249061364	-0.1260960046	-0.1272934148	-0.1284978360	-0.1297087006	-0.1309254032	-0.1321472992	-0.1333737044	-0.1346038933	-0.1358370989	-0.1370725112	-0.1383092772	-0.1395464998	-0.1407832373	-0.1420185036	-0.1432512674	-0.1444804525	-0.1457049381	-0.1469235590	-0.1481351060	-0.1493383273	-0.1505319291	-0.1517145771	-0.1528848981	-0.1540414819	-0.1551828838	-0.1563076265	-0.1574142036	-0.1585010822	-0.1595667069	-0.1606095032	-0.1616278821	-0.1626202438	-0.1635849834	-0.1645204953	-0.1654251787	-0.1662974433	-0.1671357148	-0.1679384412	-0.1687040987	-0.1694311978	-0.1701182896	-0.1707639722	-0.1713668963	-0.1719257714	-0.1724393716	-0.1729065404	-0.1733261963	-0.1736973367	-0.1740190423	-0.1742904797	-0.1745109046	-0.1746796633	-0.1747961939	-0.1748600264	-0.1748707825	-0.1748281743	-0.1747320026	-0.1745821541	-0.1743785993	-0.1741213889	-0.1738106509	-0.1734465875	-0.1730294720	-0.1725596465	-0.1720375197	-0.1714635653	-0.1708383211	-0.1701623888	-0.1694364338	-0.1686611857	-0.1678374392	-0.1669660553	-0.1660479616	-0.1650841534	-0.1640756940	-0.1630237145	-0.1619294135	-0.1607940555	-0.1596189691	-0.1584055447	-0.1571552310	-0.1558695312	-0.1545499989	-0.1531982329	-0.1518158721	-0.1504045897	-0.1489660877	-0.1475020907	-0.1460143394	-0.1445045852	-0.1429745835	-0.1414260884	-0.1398608461	-0.1382805903	-0.1366870361	-0.1350818758	-0.1334667736	-0.1318433616	-0.1302132361	-0.1285779535	-0.1269390275	-0.1252979263	-0.1236560698	-0.1220148280	-0.1203755190	-0.1187394074	-0.1171077036	-0.1154815629	-0.1138620850	-0.1122503138	-0.1106472375	-0.1090537885	-0.1074708447	-0.1058992293	-0.1043397121	-0.1027930107	-0.1012597911	-0.0997406692	-0.0982362125	-0.0967469411	-0.0952733293	-0.0938158073	-0.0923747628	-0.0909505427	-0.0895434546	-0.0881537687	-0.0867817193	-0.0854275066	-0.0840912983	-0.0827732315	-0.0814734140	-0.0801919259	-0.0789288217	-0.0776841309	-0.0764578604	-0.0752499953	-0.0740605008	-0.0728893231	-0.0717363907	-0.0706016163	-0.0694848971	-0.0683861165	-0.0673051452	-0.0662418419	-0.0651960546	-0.0641676215	-0.0631563717	-0.0621621265	-0.0611846996	-0.0602238983	-0.0592795242	-0.0583513737	-0.0574392388	-0.0565429074	-0.0556621644	-0.0547967918	-0.0539465693	-0.0531112747	-0.0522906846	-0.0514845745	-0.0506927193	-0.0499148937	-0.0491508724	-0.0484004305	-0.0476633437	-0.0469393886	-0.0462283429	-0.0455299856	-0.0448440974	-0.0441704604	-0.0435088588	-0.0428590788	-0.0422209086	-0.0415941388	-0.0409785623	-0.0403739744	-0.0397801731	-0.0391969588	-0.0386241348	-0.0380615070	-0.0375088841	-0.0369660776	-0.0364329018	-0.0359091740	-0.0353947144	-0.0348893459	-0.0343928944	-0.0339051889	-0.0334260610	-0.0329553454	-0.0324928795	-0.0320385040	-0.0315920619	-0.0311533995	-0.0307223656
-0.0751461577	-0.0756764096	-0.0762156139	-0.0767638825	-0.0773213284	-0.0778880652	-0.0784642078	-0.0790498715	-0.0796451726	-0.0802502276	-0.0808651539	-0.0814900689	-0.0821250903	-0.0827703359	-0.0834259234	-0.0840919702	-0.0847685934	-0.0854559094	-0.0861540338	-0.0868630811	-0.0875831648	-0.0883143968	-0.0890568870	-0.0898107438	-0.0905760729	-0.0913529774	-0.0921415578	-0.0929419110	-0.0937541304	-0.0945783053	-0.0954145205	-0.0962628563	-0.0971233871	-0.0979961819	-0.0988813032	-0.0997788068	-0.1006887410	-0.1016111459	-0.1025460534	-0.1034934858	-0.1044534555	-0.1054259644	-0.1064110028	-0.1074085489	-0.1084185680	-0.1094410115	-0.1104758160	-0.1115229028	-0.1125821762	-0.1136535235	-0.1147368130	-0.1158318939	-0.1169385945	-0.1180567213	-0.1191860583	-0.1203263653	-0.1214773770	-0.1226388018	-0.1238103205	-0.1249915853	-0.1261822181	-0.1273818100	-0.1285899193	-0.1298060710	-0.1310297549	-0.1322604249	-0.1334974977	-0.1347403516	-0.1359883256	-0.1372407181	-0.1384967861	-0.1397557447	-0.1410167654	-0.1422789762	-0.1435414610	-0.1448032586	-0.1460633629	-0.1473207226	-0.1485742410	-0.1498227769	-0.1510651441	-0.1523001126	-0.1535264097	-0.1547427204	-0.1559476892	-0.1571399220	-0.1583179876	-0.1594804202	-0.1606257216	-0.1617523647	-0.1628587962	-0.1639434403	-0.1650047023	-0.1660409730	-0.1670506332	-0.1680320583	-0.1689836232	-0.1699037080	-0.1707907032	-0.1716430155	-0.1724590740	-0.1732373356	-0.1739762918	-0.1746744743	-0.1753304615	-0.1759428840	-0.1765104308	-0.1770318550	-0.1775059785	-0.1779316973	-0.1783079861	-0.1786339015	-0.1789085860	-0.1791312703	-0.1793012755	-0.1794180141	-0.1794809909	-0.1794898025	-0.1794441370	-0.1793437724	-0.1791885747	-0.1789784957	-0.1787135707	-0.1783939157	-0.1780197249	-0.1775912679	-0.1771088880	-0.1765729998	-0.1759840881	-0.1753427067	-0.1746494778	-0.1739050916	-0.1731103068	-0.1722659503	-0.1713729179	-0.1704321746	-0.1694447544	-0.1684117606	-0.1673343646	-0.1662138051	-0.1650513869	-0.1638484778	-0.1626065065	-0.1613269592	-0.1600113750	-0.1586613423	-0.1572784935	-0.1558644997	-0.1544210653	-0.1529499222	-0.1514528237	-0.1499315387	-0.1483878456	-0.1468235262	-0.1452403601	-0.1436401187	-0.1420245601	-0.1403954236	-0.1387544251	-0.1371032520	-0.1354435596	-0.1337769664	-0.1321050515	-0.1304293504	-0.1287513532	-0.1270725011	-0.1253941854	-0.1237177447	-0.1220444644	-0.1203755748	-0.1187122511	-0.1170556121	-0.1154067208	-0.1137665836	-0.1121361513	-0.1105163190	-0.1089079269	-0.1073117615	-0.1057285560	-0.1041589920	-0.1026037001	-0.1010632621	-0.0995382115	-0.0980290357	-0.0965361775	-0.0950600362	-0.0936009699	-0.0921592968	-0.0907352972	-0.0893292145	-0.0879412580	-0.0865716035	-0.0852203957	-0.0838877493	-0.0825737512	-0.0812784615	-0.0800019155	-0.0787441248	-0.0775050790	-0.0762847470	-0.0750830787	-0.0739000056	-0.0727354427	-0.0715892897	-0.0704614316	-0.0693517403	-0.0682600756	-0.0671862863	-0.0661302106	-0.0650916779	-0.0640705088	-0.0630665167	-0.0620795079	-0.0611092829	-0.0601556367	-0.0592183596	-0.0582972378	-0.0573920542	-0.0565025884	-0.0556286178	-0.0547699179	-0.0539262623	-0.0530974238	-0.0522831744	-0.0514832856	-0.0506975290	-0.0499256763	-0.0491675000	-0.0484227732	-0.0476912701	-0.0469727662	-0.0462670383	-0.0455738652	-0.0448930271	-0.0442243066	-0.0435674880	-0.0429223582	-0.0422887061	-0.0416663235	-0.0410550042	-0.0404545450	-0.0398647453	-0.0392854070	-0.0387163352	-0.0381573374	-0.0376082243	-0.0370688093	-0.0365389087	-0.0360183418	-0.0355069308	-0.0350045009	-0.0345108801	-0.0340258995	-0.0335493929	-0.0330811974	-0.0326211525	-0.0321691009	-0.0317248882
-0.0774941396	-0.0780386054	-0.0785922336	-0.0791551373	-0.0797274307	-0.0803092288	-0.0809006475	-0.0815018033	-0.0821128136	-0.0827337960	-0.0833648686	-0.0840061500	-0.0846577586	-0.0853198131	-0.0859924317	-0.0866757327	-0.0873698334	-0.0880748508	-0.0887909009	-0.0895180983	-0.0902565567	-0.0910063877	-0.0917677015	-0.0925406058	-0.0933252060	-0.0941216047	-0.0949299016	-0.0957501925	-0.0965825698	-0.0974271215	-0.0982839310	-0.0991530766	-0.1000346309	-0.1009286607	-0.1018352262	-0.1027543803	-0.1036861683	-0.1046306275	-0.1055877858	-0.1065576618	-0.1075402640	-0.1085355896	-0.1095436242	-0.1105643409	-0.1115976995	-0.1126436454	-0.1137021091	-0.1147730052	-0.1158562310	-0.1169516663	-0.1180591716	-0.1191785876	-0.1203097340	-0.1214524082	-0.1226063844	-0.1237714123	-0.1249472160	-0.1261334929	-0.1273299122	-0.1285361141	-0.1297517082	-0.1309762723	-0.1322093517	-0.1334504571	-0.1346990641	-0.1359546118	-0.1372165016	-0.1384840962	-0.1397567183	-0.1410336499	-0.1423141312	-0.1435973597	-0.1448824896	-0.1461686310	-0.1474548493	-0.1487401650	-0.1500235533	-0.1513039438	-0.1525802211	-0.1538512243	-0.1551157482	-0.1563725435	-0.1576203179	-0.1588577370	-0.1600834262	-0.1612959719	-0.1624939239	-0.1636757972	-0.1648400751	-0.1659852117	-0.1671096353	-0.1682117517	-0.1692899484	-0.1703425986	-0.1713680653	-0.1723647068	-0.1733308808	-0.1742649504	-0.1751652892	-0.1760302873	-0.1768583567	-0.1776479377	-0.1783975046	-0.1791055720	-0.1797707004	-0.1803915029	-0.1809666498	-0.1814948753	-0.1819749818	-0.1824058450	-0.1827864187	-0.1831157380	-0.1833929234	-0.1836171830	-0.1837878149	-0.1839042085	-0.1839658458	-0.1839723011	-0.1839232407	-0.1838184224	-0.1836576937	-0.1834409901	-0.1831683333	-0.1828398290	-0.1824556643	-0.1820161063	-0.1815214995	-0.1809722644	-0.1803688959	-0.1797119623	-0.1790021047	-0.1782400360	-0.1774265410	-0.1765624757	-0.1756487679	-0.1746864163	-0.1736764901	-0.1726201290	-0.1715185411	-0.1703730021	-0.1691848533	-0.1679554988	-0.1666864024	-0.1653790844	-0.1640351174	-0.1626561217	-0.1612437606	-0.1597997348	-0.1583257773	-0.1568236473	-0.1552951249	-0.1537420044	-0.1521660889	-0.1505691842	-0.1489530934	-0.1473196106	-0.1456705162	-0.1440075715	-0.1423325137	-0.1406470516	-0.1389528610	-0.1372515814	-0.1355448120	-0.1338341085	-0.1321209809	-0.1304068902	-0.1286932468	-0.1269814088	-0.1252726803	-0.1235683105	-0.1218694928	-0.1201773642	-0.1184930052	-0.1168174397	-0.1151516354	-0.1134965040	-0.1118529019	-0.1102216312	-0.1086034405	-0.1069990259	-0.1054090326	-0.1038340558	-0.1022746425	-0.1007312928	-0.0992044614	-0.0976945594	-0.0962019560	-0.0947269799	-0.0932699212	-0.0918310330	-0.0904105332	-0.0890086060	-0.0876254038	-0.0862610488	-0.0849156344	-0.0835892270	-0.0822818675	-0.0809935729	-0.0797243373	-0.0784741342	-0.0772429170	-0.0760306209	-0.0748371637	-0.0736624475	-0.0725063597	-0.0713687739	-0.0702495514	-0.0691485419	-0.0680655846	-0.0670005091	-0.0659531363	-0.0649232792	-0.0639107440	-0.0629153302	-0.0619368320	-0.0609750386	-0.0600297347	-0.0591007017	-0.0581877174	-0.0572905572	-0.0564089944	-0.0555428006	-0.0546917459	-0.0538555999	-0.0530341314	-0.0522271092	-0.0514343021	-0.0506554795	-0.0498904116	-0.0491388693	-0.0484006249	-0.0476754521	-0.0469631261	-0.0462634238	-0.0455761244	-0.0449010087	-0.0442378600	-0.0435864640	-0.0429466085	-0.0423180841	-0.0417006838	-0.0410942034	-0.0404984415	-0.0399131993	-0.0393382810	-0.0387734934	-0.0382186466	-0.0376735533	-0.0371380293	-0.0366118932	-0.0360949667	-0.0355870745	-0.0350880440	-0.0345977060	-0.0341158937	-0.0336424436	-0.0331771950	-0.0327199901
-0.0798232835	-0.0803816207	-0.0809493222	-0.0815265021	-0.0821132756	-0.0827097586	-0.0833160681	-0.0839323216	-0.0845586371	-0.0851951331	-0.0858419286	-0.0864991426	-0.0871668943	-0.0878453028	-0.0885344869	-0.0892345650	-0.0899456549	-0.0906678736	-0.0914013372	-0.0921461603	-0.0929024562	-0.0936703366	-0.0944499108	-0.0952412861	-0.0960445672	-0.0968598558	-0.0976872503	-0.0985268456	-0.0993787324	-0.1002429972	-0.1011197215	-0.1020089815	-0.1029108478	-0.1038253844	-0.1047526488	-0.1056926910	-0.1066455530	-0.1076112685	-0.1085898616	-0.1095813469	-0.1105857283	-0.1116029982	-0.1126331374	-0.1136761133	-0.1147318801	-0.1158003770	-0.1168815281	-0.1179752410	-0.1190814059	-0.1201998948	-0.1213305603	-0.1224732345	-0.1236277283	-0.1247938297	-0.1259713032	-0.1271598884	-0.1283592988	-0.1295692206	-0.1307893117	-0.1320192003	-0.1332584837	-0.1345067270	-0.1357634619	-0.1370281859	-0.1383003604	-0.1395794101	-0.1408647215	-0.1421556421	-0.1434514791	-0.1447514985	-0.1460549244	-0.1473609378	-0.1486686760	-0.1499772322	-0.1512856544	-0.1525929458	-0.1538980639	-0.1551999208	-0.1564973830	-0.1577892720	-0.1590743647	-0.1603513938	-0.1616190493	-0.1628759791	-0.1641207909	-0.1653520538	-0.1665683002	-0.1677680282	-0.1689497040	-0.1701117653	-0.1712526239	-0.1723706697	-0.1734642743	-0.1745317954	-0.1755715806	-0.1765819731	-0.1775613158	-0.1785079570	-0.1794202557	-0.1802965874	-0.1811353495	-0.1819349675	-0.1826939010	-0.1834106494	-0.1840837580	-0.1847118238	-0.1852935011	-0.1858275070	-0.1863126267	-0.1867477179	-0.1871317155	-0.1874636356	-0.1877425788	-0.1879677328	-0.1881383754	-0.1882538754	-0.1883136942	-0.1883173863	-0.1882645988	-0.1881550716	-0.1879886358	-0.1877652128	-0.1874848124	-0.1871475312	-0.1867535510	-0.1863031363	-0.1857966334	-0.1852344682	-0.1846171451	-0.1839452458	-0.1832194282	-0.1824404258	-0.1816090469	-0.1807261740	-0.1797927634	-0.1788098444	-0.1777785183	-0.1766999572	-0.1755754028	-0.1744061644	-0.1731936163	-0.1719391954	-0.1706443978	-0.1693107750	-0.1679399298	-0.1665335116	-0.1650932119	-0.1636207583	-0.1621179099	-0.1605864509	-0.1590281852	-0.1574449303	-0.1558385117	-0.1542107571	-0.1525634903	-0.1508985262	-0.1492176652	-0.1475226883	-0.1458153521	-0.1440973843	-0.1423704797	-0.1406362964	-0.1388964519	-0.1371525204	-0.1354060296	-0.1336584587	-0.1319112359	-0.1301657368	-0.1284232830	-0.1266851408	-0.1249525207	-0.1232265765	-0.1215084052	-0.1197990471	-0.1180994857	-0.1164106484	-0.1147334070	-0.1130685784	-0.1114169258	-0.1097791596	-0.1081559385	-0.1065478711	-0.1049555173	-0.1033793895	-0.1018199544	-0.1002776345	-0.0987528099	-0.0972458197	-0.0957569639	-0.0942865052	-0.0928346701	-0.0914016516	-0.0899876099	-0.0885926744	-0.0872169457	-0.0858604966	-0.0845233739	-0.0832056001	-0.0819071746	-0.0806280752	-0.0793682598	-0.0781276670	-0.0769062182	-0.0757038185	-0.0745203577	-0.0733557118	-0.0722097438	-0.0710823050	-0.0699732356	-0.0688823663	-0.0678095185	-0.0667545055	-0.0657171334	-0.0646972016	-0.0636945037	-0.0627088281	-0.0617399588	-0.0607876758	-0.0598517557	-0.0589319724	-0.0580280974	-0.0571399004	-0.0562671496	-0.0554096123	-0.0545670551	-0.0537392443	-0.0529259464	-0.0521269280	-0.0513419566	-0.0505708004	-0.0498132286	-0.0490690122	-0.0483379232	-0.0476197356	-0.0469142253	-0.0462211701	-0.0455403500	-0.0448715474	-0.0442145470	-0.0435691360	-0.0429351042	-0.0423122440	-0.0417003507	-0.0410992221	-0.0405086591	-0.0399284653	-0.0393584473	-0.0387984145	-0.0382481795	-0.0377075575	-0.0371763669	-0.0366544292	-0.0361415687	-0.0356376126	-0.0351423912	-0.0346557377	-0.0341774884	-0.0337074822
-0.0821331420	-0.0827050022	-0.0832864202	-0.0838775110	-0.0844783906	-0.0850891759	-0.0857099844	-0.0863409343	-0.0869821443	-0.0876337336	-0.0882958214	-0.0889685273	-0.0896519709	-0.0903462714	-0.0910515479	-0.0917679190	-0.0924955023	-0.0932344147	-0.0939847721	-0.0947466888	-0.0955202777	-0.0963056496	-0.0971029134	-0.0979121754	-0.0987335392	-0.0995671053	-0.1004129708	-0.1012712289	-0.1021419687	-0.1030252748	-0.1039212263	-0.1048298973	-0.1057513556	-0.1066856627	-0.1076328727	-0.1085930324	-0.1095661804	-0.1105523462	-0.1115515502	-0.1125638022	-0.1135891015	-0.1146274357	-0.1156787798	-0.1167430960	-0.1178203321	-0.1189104212	-0.1200132805	-0.1211288105	-0.1222568941	-0.1233973954	-0.1245501588	-0.1257150078	-0.1268917441	-0.1280801467	-0.1292799700	-0.1304909434	-0.1317127699	-0.1329451247	-0.1341876543	-0.1354399750	-0.1367016719	-0.1379722975	-0.1392513707	-0.1405383755	-0.1418327596	-0.1431339336	-0.1444412698	-0.1457541008	-0.1470717189	-0.1483933750	-0.1497182774	-0.1510455914	-0.1523744385	-0.1537038956	-0.1550329946	-0.1563607222	-0.1576860195	-0.1590077820	-0.1603248598	-0.1616360578	-0.1629401365	-0.1642358122	-0.1655217587	-0.1667966079	-0.1680589515	-0.1693073429	-0.1705402991	-0.1717563030	-0.1729538061	-0.1741312312	-0.1752869760	-0.1764194164	-0.1775269102	-0.1786078017	-0.1796604255	-0.1806831117	-0.1816741906	-0.1826319979	-0.1835548803	-0.1844412007	-0.1852893443	-0.1860977240	-0.1868647867	-0.1875890189	-0.1882689528	-0.1889031716	-0.1894903157	-0.1900290874	-0.1905182566	-0.1909566653	-0.1913432322	-0.1916769562	-0.1919569204	-0.1921822948	-0.1923523390	-0.1924664037	-0.1925239322	-0.1925244615	-0.1924676219	-0.1923531376	-0.1921808254	-0.1919505945	-0.1916624444	-0.1913164642	-0.1909128308	-0.1904518073	-0.1899337417	-0.1893590650	-0.1887282904	-0.1880420114	-0.1873009014	-0.1865057123	-0.1856572735	-0.1847564913	-0.1838043476	-0.1828018989	-0.1817502753	-0.1806506783	-0.1795043797	-0.1783127187	-0.1770770996	-0.1757989890	-0.1744799118	-0.1731214477	-0.1717252267	-0.1702929247	-0.1688262582	-0.1673269794	-0.1657968705	-0.1642377382	-0.1626514078	-0.1610397177	-0.1594045134	-0.1577476417	-0.1560709453	-0.1543762575	-0.1526653965	-0.1509401607	-0.1492023241	-0.1474536313	-0.1456957940	-0.1439304868	-0.1421593439	-0.1403839558	-0.1386058667	-0.1368265718	-0.1350475154	-0.1332700894	-0.1314956312	-0.1297254229	-0.1279606908	-0.1262026042	-0.1244522755	-0.1227107601	-0.1209790565	-0.1192581070	-0.1175487976	-0.1158519597	-0.1141683701	-0.1124987528	-0.1108437799	-0.1092040727	-0.1075802035	-0.1059726969	-0.1043820311	-0.1028086399	-0.1012529141	-0.0997152032	-0.0981958171	-0.0966950279	-0.0952130711	-0.0937501481	-0.0923064273	-0.0908820457	-0.0894771108	-0.0880917023	-0.0867258733	-0.0853796519	-0.0840530430	-0.0827460293	-0.0814585731	-0.0801906174	-0.0789420872	-0.0777128909	-0.0765029213	-0.0753120570	-0.0741401633	-0.0729870934	-0.0718526893	-0.0707367827	-0.0696391961	-0.0685597437	-0.0674982318	-0.0664544601	-0.0654282222	-0.0644193062	-0.0634274955	-0.0624525693	-0.0614943035	-0.0605524707	-0.0596268411	-0.0587171830	-0.0578232631	-0.0569448467	-0.0560816987	-0.0552335833	-0.0544002648	-0.0535815077	-0.0527770769	-0.0519867383	-0.0512102587	-0.0504474061	-0.0496979502	-0.0489616622	-0.0482383149	-0.0475276836	-0.0468295453	-0.0461436793	-0.0454698675	-0.0448078940	-0.0441575455	-0.0435186116	-0.0428908842	-0.0422741583	-0.0416682316	-0.0410729046	-0.0404879807	-0.0399132664	-0.0393485710	-0.0387937069	-0.0382484892	-0.0377127364	-0.0371862696	-0.0366689132	-0.0361604943	-0.0356608433	-0.0351697933	-0.0346871804
-0.0844232825	-0.0850083114	-0.0856030832	-0.0862077139	-0.0868223199	-0.0874470186	-0.0880819282	-0.0887271672	-0.0893828549	-0.0900491106	-0.0907260539	-0.0914138046	-0.0921124823	-0.0928222064	-0.0935430958	-0.0942752688	-0.0950188429	-0.0957739347	-0.0965406594	-0.0973191308	-0.0981094610	-0.0989117600	-0.0997261355	-0.1005526927	-0.1013915339	-0.1022427582	-0.1031064608	-0.1039827331	-0.1048716624	-0.1057733306	-0.1066878148	-0.1076151862	-0.1085555097	-0.1095088437	-0.1104752390	-0.1114547388	-0.1124473777	-0.1134531813	-0.1144721652	-0.1155043348	-0.1165496844	-0.1176081961	-0.1186798395	-0.1197645706	-0.1208623312	-0.1219730477	-0.1230966304	-0.1242329725	-0.1253819492	-0.1265434167	-0.1277172109	-0.1289031467	-0.1301010167	-0.1313105903	-0.1325316122	-0.1337638016	-0.1350068508	-0.1362604240	-0.1375241565	-0.1387976528	-0.1400804860	-0.1413721964	-0.1426722899	-0.1439802375	-0.1452954737	-0.1466173954	-0.1479453609	-0.1492786888	-0.1506166568	-0.1519585011	-0.1533034154	-0.1546505500	-0.1559990111	-0.1573478605	-0.1586961148	-0.1600427454	-0.1613866780	-0.1627267928	-0.1640619246	-0.1653908632	-0.1667123539	-0.1680250984	-0.1693277555	-0.1706189428	-0.1718972378	-0.1731611799	-0.1744092725	-0.1756399852	-0.1768517564	-0.1780429964	-0.1792120906	-0.1803574027	-0.1814772792	-0.1825700529	-0.1836340474	-0.1846675821	-0.1856689767	-0.1866365566	-0.1875686581	-0.1884636340	-0.1893198592	-0.1901357363	-0.1909097018	-0.1916402314	-0.1923258462	-0.1929651181	-0.1935566754	-0.1940992081	-0.1945914731	-0.1950322989	-0.1954205900	-0.1957553307	-0.1960355890	-0.1962605194	-0.1964293657	-0.1965414629	-0.1965962386	-0.1965932144	-0.1965320065	-0.1964123251	-0.1962339750	-0.1959968547	-0.1957009551	-0.1953463589	-0.1949332391	-0.1944618579	-0.1939325649	-0.1933457960	-0.1927020723	-0.1920019982	-0.1912462608	-0.1904356284	-0.1895709494	-0.1886531510	-0.1876832379	-0.1866622912	-0.1855914661	-0.1844719906	-0.1833051630	-0.1820923494	-0.1808349809	-0.1795345502	-0.1781926082	-0.1768107595	-0.1753906585	-0.1739340045	-0.1724425365	-0.1709180282	-0.1693622825	-0.1677771260	-0.1661644029	-0.1645259700	-0.1628636901	-0.1611794272	-0.1594750406	-0.1577523795	-0.1560132777	-0.1542595492	-0.1524929829	-0.1507153385	-0.1489283426	-0.1471336845	-0.1453330129	-0.1435279330	-0.1417200035	-0.1399107343	-0.1381015843	-0.1362939597	-0.1344892124	-0.1326886392	-0.1308934806	-0.1291049202	-0.1273240847	-0.1255520437	-0.1237898096	-0.1220383385	-0.1202985302	-0.1185712294	-0.1168572261	-0.1151572574	-0.1134720078	-0.1118021113	-0.1101481520	-0.1085106662	-0.1068901437	-0.1052870291	-0.1037017240	-0.1021345879	-0.1005859407	-0.0990560638	-0.0975452019	-0.0960535648	-0.0945813290	-0.0931286394	-0.0916956109	-0.0902823299	-0.0888888560	-0.0875152234	-0.0861614427	-0.0848275019	-0.0835133681	-0.0822189887	-0.0809442929	-0.0796891927	-0.0784535844	-0.0772373496	-0.0760403562	-0.0748624597	-0.0737035043	-0.0725633233	-0.0714417406	-0.0703385716	-0.0692536236	-0.0681866967	-0.0671375849	-0.0661060765	-0.0650919548	-0.0640949988	-0.0631149836	-0.0621516813	-0.0612048612	-0.0602742905	-0.0593597347	-0.0584609577	-0.0575777229	-0.0567097928	-0.0558569301	-0.0550188971	-0.0541954571	-0.0533863735	-0.0525914112	-0.0518103358	-0.0510429147	-0.0502889165	-0.0495481119	-0.0488202732	-0.0481051750	-0.0474025940	-0.0467123094	-0.0460341024	-0.0453677573	-0.0447130605	-0.0440698013	-0.0434377719	-0.0428167670	-0.0422065843	-0.0416070245	-0.0410178910	-0.0404389904	-0.0398701320	-0.0393111283	-0.0387617947	-0.0382219496	-0.0376914146	-0.0371700138	-0.0366575749	-0.0361539281	-0.0356589068
-0.0866932867	-0.0872911247	-0.0878988826	-0.0885166765	-0.0891446236	-0.0897828415	-0.0904314486	-0.0910905639	-0.0917603066	-0.0924407962	-0.0931321524	-0.0938344949	-0.0945479431	-0.0952726163	-0.0960086329	-0.0967561109	-0.0975151673	-0.0982859180	-0.0990684774	-0.0998629584	-0.1006694721	-0.1014881273	-0.1023190305	-0.1031622854	-0.1040179926	-0.1048862493	-0.1057671490	-0.1066607809	-0.1075672297	-0.1084865751	-0.1094188912	-0.1103642463	-0.1113227023	-0.1122943139	-0.1132791284	-0.1142771851	-0.1152885143	-0.1163131373	-0.1173510650	-0.1184022979	-0.1194668248	-0.1205446224	-0.1216356544	-0.1227398708	-0.1238572066	-0.1249875815	-0.1261308988	-0.1272870441	-0.1284558849	-0.1296372691	-0.1308310242	-0.1320369563	-0.1332548488	-0.1344844615	-0.1357255292	-0.1369777610	-0.1382408386	-0.1395144154	-0.1407981152	-0.1420915313	-0.1433942247	-0.1447057235	-0.1460255214	-0.1473530765	-0.1486878104	-0.1500291067	-0.1513763102	-0.1527287259	-0.1540856178	-0.1554462079	-0.1568096760	-0.1581751580	-0.1595417460	-0.1609084873	-0.1622743844	-0.1636383941	-0.1649994281	-0.1663563524	-0.1677079878	-0.1690531102	-0.1703904513	-0.1717186992	-0.1730364998	-0.1743424576	-0.1756351377	-0.1769130672	-0.1781747375	-0.1794186069	-0.1806431025	-0.1818466241	-0.1830275464	-0.1841842236	-0.1853149922	-0.1864181759	-0.1874920894	-0.1885350433	-0.1895453490	-0.1905213237	-0.1914612954	-0.1923636090	-0.1932266313	-0.1940487567	-0.1948284133	-0.1955640685	-0.1962542342	-0.1968974733	-0.1974924042	-0.1980377068	-0.1985321274	-0.1989744831	-0.1993636664	-0.1996986495	-0.1999784875	-0.2002023218	-0.2003693827	-0.2004789918	-0.2005305634	-0.2005236061	-0.2004577236	-0.2003326146	-0.2001480737	-0.1999039900	-0.1996003476	-0.1992372238	-0.1988147886	-0.1983333033	-0.1977931195	-0.1971946778	-0.1965385060	-0.1958252186	-0.1950555147	-0.1942301771	-0.1933500711	-0.1924161422	-0.1914294155	-0.1903909933	-0.1893020534	-0.1881638468	-0.1869776953	-0.1857449886	-0.1844671814	-0.1831457895	-0.1817823864	-0.1803785989	-0.1789361027	-0.1774566174	-0.1759419019	-0.1743937488	-0.1728139788	-0.1712044358	-0.1695669806	-0.1679034855	-0.1662158289	-0.1645058893	-0.1627755401	-0.1610266444	-0.1592610496	-0.1574805829	-0.1556870462	-0.1538822124	-0.1520678207	-0.1502455732	-0.1484171317	-0.1465841140	-0.1447480919	-0.1429105879	-0.1410730742	-0.1392369697	-0.1374036396	-0.1355743938	-0.1337504857	-0.1319331123	-0.1301234133	-0.1283224713	-0.1265313120	-0.1247509040	-0.1229821603	-0.1212259379	-0.1194830398	-0.1177542151	-0.1160401606	-0.1143415221	-0.1126588954	-0.1109928282	-0.1093438213	-0.1077123302	-0.1060987668	-0.1045035008	-0.1029268618	-0.1013691406	-0.0998305910	-0.0983114313	-0.0968118464	-0.0953319890	-0.0938719815	-0.0924319174	-0.0910118630	-0.0896118590	-0.0882319215	-0.0868720444	-0.0855321999	-0.0842123401	-0.0829123987	-0.0816322919	-0.0803719196	-0.0791311667	-0.0779099044	-0.0767079909	-0.0755252726	-0.0743615852	-0.0732167545	-0.0720905971	-0.0709829218	-0.0698935298	-0.0688222158	-0.0677687686	-0.0667329718	-0.0657146046	-0.0647134421	-0.0637292558	-0.0627618148	-0.0618108855	-0.0608762324	-0.0599576188	-0.0590548067	-0.0581675574	-0.0572956320	-0.0564387916	-0.0555967976	-0.0547694118	-0.0539563972	-0.0531575174	-0.0523725378	-0.0516012250	-0.0508433473	-0.0500986750	-0.0493669803	-0.0486480375	-0.0479416233	-0.0472475167	-0.0465654993	-0.0458953551	-0.0452368708	-0.0445898360	-0.0439540428	-0.0433292864	-0.0427153646	-0.0421120784	-0.0415192316	-0.0409366309	-0.0403640862	-0.0398014101	-0.0392484185	-0.0387049301	-0.0381707667	-0.0376457530	-0.0371297167	-0.0366224887
-0.0889427513	-0.0895530340	-0.0901734050	-0.0908039808	-0.0914448786	-0.0920962164	-0.0927581125	-0.0934306858	-0.0941140557	-0.0948083415	-0.0955136628	-0.0962301387	-0.0969578886	-0.0976970309	-0.0984476838	-0.0992099646	-0.0999839892	-0.1007698729	-0.1015677289	-0.1023776690	-0.1031998030	-0.1040342383	-0.1048810797	-0.1057404292	-0.1066123856	-0.1074970439	-0.1083944954	-0.1093048268	-0.1102281203	-0.1111644526	-0.1121138949	-0.1130765122	-0.1140523628	-0.1150414979	-0.1160439609	-0.1170597866	-0.1180890012	-0.1191316211	-0.1201876524	-0.1212570901	-0.1223399177	-0.1234361061	-0.1245456128	-0.1256683814	-0.1268043403	-0.1279534022	-0.1291154629	-0.1302904005	-0.1314780745	-0.1326783245	-0.1338909695	-0.1351158066	-0.1363526100	-0.1376011299	-0.1388610912	-0.1401321928	-0.1414141059	-0.1427064731	-0.1440089071	-0.1453209897	-0.1466422705	-0.1479722654	-0.1493104561	-0.1506562883	-0.1520091709	-0.1533684748	-0.1547335318	-0.1561036338	-0.1574780315	-0.1588559337	-0.1602365066	-0.1616188729	-0.1630021111	-0.1643852552	-0.1657672942	-0.1671471718	-0.1685237864	-0.1698959911	-0.1712625940	-0.1726223583	-0.1739740035	-0.1753162057	-0.1766475991	-0.1779667768	-0.1792722931	-0.1805626644	-0.1818363721	-0.1830918645	-0.1843275598	-0.1855418486	-0.1867330974	-0.1878996522	-0.1890398420	-0.1901519831	-0.1912343835	-0.1922853472	-0.1933031790	-0.1942861901	-0.1952327026	-0.1961410553	-0.1970096090	-0.1978367523	-0.1986209070	-0.1993605340	-0.2000541387	-0.2007002766	-0.2012975590	-0.2018446576	-0.2023403102	-0.2027833247	-0.2031725844	-0.2035070512	-0.2037857697	-0.2040078705	-0.2041725728	-0.2042791869	-0.2043271162	-0.2043158582	-0.2042450062	-0.2041142496	-0.2039233741	-0.2036722615	-0.2033608898	-0.2029893321	-0.2025577561	-0.2020664228	-0.2015156857	-0.2009059894	-0.2002378682	-0.1995119451	-0.1987289300	-0.1978896186	-0.1969948905	-0.1960457076	-0.1950431125	-0.1939882262	-0.1928822460	-0.1917264429	-0.1905221592	-0.1892708052	-0.1879738559	-0.1866328471	-0.1852493721	-0.1838250767	-0.1823616548	-0.1808608439	-0.1793244197	-0.1777541907	-0.1761519934	-0.1745196861	-0.1728591435	-0.1711722515	-0.1694609012	-0.1677269834	-0.1659723835	-0.1641989763	-0.1624086205	-0.1606031544	-0.1587843911	-0.1569541144	-0.1551140744	-0.1532659844	-0.1514115169	-0.1495523010	-0.1476899195	-0.1458259066	-0.1439617455	-0.1420988670	-0.1402386477	-0.1383824094	-0.1365314174	-0.1346868805	-0.1328499506	-0.1310217223	-0.1292032331	-0.1273954640	-0.1255993398	-0.1238157296	-0.1220454481	-0.1202892561	-0.1185478622	-0.1168219234	-0.1151120469	-0.1134187914	-0.1117426684	-0.1100841440	-0.1084436403	-0.1068215371	-0.1052181736	-0.1036338498	-0.1020688287	-0.1005233373	-0.0989975688	-0.0974916839	-0.0960058125	-0.0945400556	-0.0930944862	-0.0916691515	-0.0902640742	-0.0888792535	-0.0875146674	-0.0861702731	-0.0848460090	-0.0835417957	-0.0822575372	-0.0809931223	-0.0797484254	-0.0785233081	-0.0773176194	-0.0761311976	-0.0749638707	-0.0738154574	-0.0726857680	-0.0715746053	-0.0704817652	-0.0694070373	-0.0683502062	-0.0673110512	-0.0662893479	-0.0652848680	-0.0642973804	-0.0633266511	-0.0623724444	-0.0614345228	-0.0605126476	-0.0596065792	-0.0587160777	-0.0578409030	-0.0569808150	-0.0561355744	-0.0553049425	-0.0544886814	-0.0536865547	-0.0528983272	-0.0521237654	-0.0513626376	-0.0506147141	-0.0498797670	-0.0491575710	-0.0484479028	-0.0477505419	-0.0470652699	-0.0463918713	-0.0457301333	-0.0450798457	-0.0444408013	-0.0438127955	-0.0431956269	-0.0425890968	-0.0419930095	-0.0414071723	-0.0408313957	-0.0402654927	-0.0397092798	-0.0391625762	-0.0386252043	-0.0380969893	-0.0375777595
-0.0911712879	-0.0917936464	-0.0924262532	-0.0930692249	-0.0937226785	-0.0943867321	-0.0950615039	-0.0957471127	-0.0964436773	-0.0971513169	-0.0978701505	-0.0986002969	-0.0993418747	-0.1000950017	-0.1008597952	-0.1016363715	-0.1024248457	-0.1032253317	-0.1040379415	-0.1048627856	-0.1056999720	-0.1065496064	-0.1074117920	-0.1082866286	-0.1091742128	-0.1100746374	-0.1109879910	-0.1119143576	-0.1128538165	-0.1138064414	-0.1147723001	-0.1157514541	-0.1167439579	-0.1177498588	-0.1187691958	-0.1198019995	-0.1208482913	-0.1219080826	-0.1229813742	-0.1240681558	-0.1251684051	-0.1262820869	-0.1274091525	-0.1285495387	-0.1297031672	-0.1308699433	-0.1320497555	-0.1332424742	-0.1344479505	-0.1356660158	-0.1368964804	-0.1381391323	-0.1393937365	-0.1406600335	-0.1419377386	-0.1432265402	-0.1445260992	-0.1458360476	-0.1471559870	-0.1484854880	-0.1498240888	-0.1511712937	-0.1525265723	-0.1538893585	-0.1552590489	-0.1566350020	-0.1580165372	-0.1594029338	-0.1607934298	-0.1621872216	-0.1635834624	-0.1649812624	-0.1663796875	-0.1677777591	-0.1691744540	-0.1705687034	-0.1719593939	-0.1733453667	-0.1747254181	-0.1760983004	-0.1774627220	-0.1788173484	-0.1801608034	-0.1814916707	-0.1828084949	-0.1841097836	-0.1853940097	-0.1866596136	-0.1879050058	-0.1891285700	-0.1903286662	-0.1915036341	-0.1926517971	-0.1937714663	-0.1948609447	-0.1959185315	-0.1969425277	-0.1979312399	-0.1988829864	-0.1997961022	-0.2006689442	-0.2014998970	-0.2022873786	-0.2030298453	-0.2037257981	-0.2043737877	-0.2049724197	-0.2055203604	-0.2060163409	-0.2064591627	-0.2068477015	-0.2071809114	-0.2074578288	-0.2076775757	-0.2078393624	-0.2079424901	-0.2079863531	-0.2079704404	-0.2078943368	-0.2077577236	-0.2075603797	-0.2073021809	-0.2069831004	-0.2066032080	-0.2061626696	-0.2056617463	-0.2051007934	-0.2044802592	-0.2038006838	-0.2030626976	-0.2022670199	-0.2014144574	-0.2005059024	-0.1995423308	-0.1985248001	-0.1974544474	-0.1963324868	-0.1951602065	-0.1939389663	-0.1926701939	-0.1913553816	-0.1899960826	-0.1885939066	-0.1871505155	-0.1856676189	-0.1841469689	-0.1825903554	-0.1809996005	-0.1793765533	-0.1777230841	-0.1760410794	-0.1743324358	-0.1725990549	-0.1708428378	-0.1690656794	-0.1672694640	-0.1654560595	-0.1636273135	-0.1617850480	-0.1599310558	-0.1580670962	-0.1561948916	-0.1543161237	-0.1524324312	-0.1505454062	-0.1486565927	-0.1467674840	-0.1448795207	-0.1429940901	-0.1411125240	-0.1392360987	-0.1373660337	-0.1355034918	-0.1336495785	-0.1318053426	-0.1299717762	-0.1281498152	-0.1263403400	-0.1245441765	-0.1227620966	-0.1209948198	-0.1192430143	-0.1175072981	-0.1157882403	-0.1140863631	-0.1124021428	-0.1107360116	-0.1090883591	-0.1074595340	-0.1058498458	-0.1042595663	-0.1026889313	-0.1011381423	-0.0996073682	-0.0980967467	-0.0966063861	-0.0951363666	-0.0936867421	-0.0922575417	-0.0908487709	-0.0894604131	-0.0880924311	-0.0867447685	-0.0854173504	-0.0841100855	-0.0828228665	-0.0815555718	-0.0803080662	-0.0790802022	-0.0778718209	-0.0766827528	-0.0755128192	-0.0743618324	-0.0732295969	-0.0721159102	-0.0710205634	-0.0699433421	-0.0688840266	-0.0678423930	-0.0668182137	-0.0658112577	-0.0648212913	-0.0638480785	-0.0628913817	-0.0619509617	-0.0610265786	-0.0601179915	-0.0592249596	-0.0583472419	-0.0574845980	-0.0566367880	-0.0558035727	-0.0549847143	-0.0541799762	-0.0533891233	-0.0526119223	-0.0518481416	-0.0510975518	-0.0503599255	-0.0496350377	-0.0489226657	-0.0482225893	-0.0475345910	-0.0468584558	-0.0461939714	-0.0455409284	-0.0448991201	-0.0442683429	-0.0436483958	-0.0430390810	-0.0424402035	-0.0418515713	-0.0412729956	-0.0407042902	-0.0401452723	-0.0395957618	-0.0390555817	-0.0385245581
-0.0933785230	-0.0940125844	-0.0946570456	-0.0953120230	-0.0959776335	-0.0966539949	-0.0973412250	-0.0980394422	-0.0987487649	-0.0994693117	-0.1002012009	-0.1009445506	-0.1016994784	-0.1024661014	-0.1032445356	-0.1040348963	-0.1048372973	-0.1056518508	-0.1064786677	-0.1073178564	-0.1081695234	-0.1090337724	-0.1099107043	-0.1108004167	-0.1117030037	-0.1126185555	-0.1135471580	-0.1144888922	-0.1154438341	-0.1164120540	-0.1173936163	-0.1183885785	-0.1193969913	-0.1204188975	-0.1214543319	-0.1225033202	-0.1235658789	-0.1246420141	-0.1257317214	-0.1268349847	-0.1279517755	-0.1290820526	-0.1302257606	-0.1313828296	-0.1325531743	-0.1337366925	-0.1349332651	-0.1361427545	-0.1373650038	-0.1385998358	-0.1398470520	-0.1411064314	-0.1423777296	-0.1436606776	-0.1449549807	-0.1462603175	-0.1475763383	-0.1489026644	-0.1502388869	-0.1515845653	-0.1529392264	-0.1543023633	-0.1556734340	-0.1570518607	-0.1584370281	-0.1598282830	-0.1612249328	-0.1626262446	-0.1640314447	-0.1654397171	-0.1668502035	-0.1682620018	-0.1696741664	-0.1710857071	-0.1724955890	-0.1739027325	-0.1753060129	-0.1767042607	-0.1780962621	-0.1794807593	-0.1808564508	-0.1822219933	-0.1835760016	-0.1849170511	-0.1862436786	-0.1875543844	-0.1888476345	-0.1901218631	-0.1913754749	-0.1926068482	-0.1938143384	-0.1949962810	-0.1961509954	-0.1972767895	-0.1983719631	-0.1994348130	-0.2004636377	-0.2014567418	-0.2024124417	-0.2033290704	-0.2042049831	-0.2050385625	-0.2058282246	-0.2065724236	-0.2072696579	-0.2079184755	-0.2085174789	-0.2090653305	-0.2095607574	-0.2100025565	-0.2103895982	-0.2107208310	-0.2109952854	-0.2112120767	-0.2113704086	-0.2114695754	-0.2115089644	-0.2114880576	-0.2114064332	-0.2112637666	-0.2110598309	-0.2107944975	-0.2104677358	-0.2100796132	-0.2096302943	-0.2091200406	-0.2085492090	-0.2079182513	-0.2072277125	-0.2064782296	-0.2056705298	-0.2048054294	-0.2038838312	-0.2029067231	-0.2018751752	-0.2007903384	-0.1996534405	-0.1984657845	-0.1972287446	-0.1959437632	-0.1946123471	-0.1932360636	-0.1918165361	-0.1903554399	-0.1888544972	-0.1873154723	-0.1857401663	-0.1841304123	-0.1824880694	-0.1808150176	-0.1791131525	-0.1773843793	-0.1756306077	-0.1738537465	-0.1720556983	-0.1702383546	-0.1684035907	-0.1665532610	-0.1646891948	-0.1628131920	-0.1609270191	-0.1590324058	-0.1571310414	-0.1552245723	-0.1533145987	-0.1514026726	-0.1494902958	-0.1475789177	-0.1456699344	-0.1437646871	-0.1418644613	-0.1399704863	-0.1380839346	-0.1362059219	-0.1343375070	-0.1324796924	-0.1306334244	-0.1287995939	-0.1269790371	-0.1251725366	-0.1233808225	-0.1216045732	-0.1198444171	-0.1181009338	-0.1163746556	-0.1146660688	-0.1129756153	-0.1113036946	-0.1096506648	-0.1080168444	-0.1064025144	-0.1048079193	-0.1032332689	-0.1016787404	-0.1001444793	-0.0986306015	-0.0971371945	-0.0956643191	-0.0942120111	-0.0927802822	-0.0913691220	-0.0899784989	-0.0886083618	-0.0872586411	-0.0859292499	-0.0846200857	-0.0833310308	-0.0820619540	-0.0808127113	-0.0795831470	-0.0783730948	-0.0771823785	-0.0760108130	-0.0748582050	-0.0737243540	-0.0726090528	-0.0715120884	-0.0704332425	-0.0693722922	-0.0683290108	-0.0673031679	-0.0662945302	-0.0653028623	-0.0643279265	-0.0633694836	-0.0624272933	-0.0615011148	-0.0605907065	-0.0596958269	-0.0588162348	-0.0579516893	-0.0571019506	-0.0562667796	-0.0554459386	-0.0546391911	-0.0538463026	-0.0530670401	-0.0523011725	-0.0515484710	-0.0508087090	-0.0500816620	-0.0493671082	-0.0486648281	-0.0479746049	-0.0472962246	-0.0466294758	-0.0459741498	-0.0453300410	-0.0446969465	-0.0440746664	-0.0434630037	-0.0428617644	-0.0422707574	-0.0416897947	-0.0411186911	-0.0405572646	-0.0400053362	-0.0394627296
-0.0955640984	-0.0962094861	-0.0968654166	-0.0975320059	-0.0982093707	-0.0988976280	-0.0995968954	-0.1003072905	-0.1010289310	-0.1017619347	-0.1025064191	-0.1032625013	-0.1040302977	-0.1048099244	-0.1056014960	-0.1064051263	-0.1072209277	-0.1080490108	-0.1088894845	-0.1097424555	-0.1106080281	-0.1114863037	-0.1123773809	-0.1132813548	-0.1141983168	-0.1151283541	-0.1160715496	-0.1170279811	-0.1179977212	-0.1189808364	-0.1199773873	-0.1209874275	-0.1220110032	-0.1230481529	-0.1240989066	-0.1251632851	-0.1262412995	-0.1273329508	-0.1284382287	-0.1295571112	-0.1306895636	-0.1318355383	-0.1329949732	-0.1341677914	-0.1353539003	-0.1365531903	-0.1377655345	-0.1389907872	-0.1402287833	-0.1414793369	-0.1427422407	-0.1440172647	-0.1453041552	-0.1466026335	-0.1479123953	-0.1492331088	-0.1505644144	-0.1519059228	-0.1532572145	-0.1546178382	-0.1559873097	-0.1573651110	-0.1587506890	-0.1601434545	-0.1615427808	-0.1629480032	-0.1643584178	-0.1657732803	-0.1671918054	-0.1686131660	-0.1700364923	-0.1714608713	-0.1728853465	-0.1743089169	-0.1757305371	-0.1771491173	-0.1785635230	-0.1799725751	-0.1813750507	-0.1827696829	-0.1841551623	-0.1855301375	-0.1868932160	-0.1882429663	-0.1895779189	-0.1908965683	-0.1921973755	-0.1934787697	-0.1947391518	-0.1959768965	-0.1971903562	-0.1983778637	-0.1995377369	-0.2006682817	-0.2017677972	-0.2028345793	-0.2038669260	-0.2048631418	-0.2058215432	-0.2067404633	-0.2076182575	-0.2084533087	-0.2092440327	-0.2099888839	-0.2106863602	-0.2113350087	-0.2119334309	-0.2124802876	-0.2129743040	-0.2134142742	-0.2137990659	-0.2141276239	-0.2143989747	-0.2146122294	-0.2147665867	-0.2148613363	-0.2148958602	-0.2148696356	-0.2147822357	-0.2146333313	-0.2144226915	-0.2141501842	-0.2138157761	-0.2134195329	-0.2129616187	-0.2124422951	-0.2118619211	-0.2112209512	-0.2105199348	-0.2097595144	-0.2089404240	-0.2080634877	-0.2071296174	-0.2061398104	-0.2050951479	-0.2039967915	-0.2028459808	-0.2016440304	-0.2003923266	-0.1990923237	-0.1977455399	-0.1963535541	-0.1949180006	-0.1934405651	-0.1919229798	-0.1903670184	-0.1887744908	-0.1871472382	-0.1854871275	-0.1837960458	-0.1820758954	-0.1803285876	-0.1785560381	-0.1767601613	-0.1749428653	-0.1731060466	-0.1712515857	-0.1693813423	-0.1674971507	-0.1656008161	-0.1636941105	-0.1617787691	-0.1598564873	-0.1579289173	-0.1559976658	-0.1540642915	-0.1521303032	-0.1501971578	-0.1482662587	-0.1463389553	-0.1444165412	-0.1425002543	-0.1405912759	-0.1386907307	-0.1367996868	-0.1349191559	-0.1330500942	-0.1311934021	-0.1293499258	-0.1275204577	-0.1257057379	-0.1239064548	-0.1221232468	-0.1203567033	-0.1186073664	-0.1168757322	-0.1151622523	-0.1134673356	-0.1117913495	-0.1101346217	-0.1084974420	-0.1068800637	-0.1052827052	-0.1037055517	-0.1021487567	-0.1006124439	-0.0990967080	-0.0976016173	-0.0961272141	-0.0946735169	-0.0932405213	-0.0918282019	-0.0904365130	-0.0890653905	-0.0877147527	-0.0863845016	-0.0850745241	-0.0837846932	-0.0825148688	-0.0812648989	-0.0800346203	-0.0788238602	-0.0776324361	-0.0764601575	-0.0753068260	-0.0741722366	-0.0730561781	-0.0719584340	-0.0708787829	-0.0698169989	-0.0687728531	-0.0677461128	-0.0667365433	-0.0657439073	-0.0647679660	-0.0638084793	-0.0628652063	-0.0619379052	-0.0610263344	-0.0601302522	-0.0592494172	-0.0583835889	-0.0575325274	-0.0566959942	-0.0558737519	-0.0550655647	-0.0542711987	-0.0534904216	-0.0527230032	-0.0519687155	-0.0512273326	-0.0504986313	-0.0497823904	-0.0490783918	-0.0483864195	-0.0477062605	-0.0470377046	-0.0463805443	-0.0457345749	-0.0450995947	-0.0444754048	-0.0438618094	-0.0432586156	-0.0426656333	-0.0420826755	-0.0415095584	-0.0409461008	-0.0403921248
-0.0977276711	-0.0983840052	-0.0990510167	-0.0997288209	-0.1004175340	-0.1011172724	-0.1018281528	-0.1025502920	-0.1032838069	-0.1040288141	-0.1047854302	-0.1055537709	-0.1063339516	-0.1071260866	-0.1079302893	-0.1087466717	-0.1095753444	-0.1104164162	-0.1112699940	-0.1121361821	-0.1130150827	-0.1139067946	-0.1148114139	-0.1157290329	-0.1166597399	-0.1176036191	-0.1185607500	-0.1195312070	-0.1205150588	-0.1215123684	-0.1225231919	-0.1235475788	-0.1245855708	-0.1256372016	-0.1267024962	-0.1277814703	-0.1288741297	-0.1299804696	-0.1311004738	-0.1322341142	-0.1333813498	-0.1345421262	-0.1357163745	-0.1369040108	-0.1381049349	-0.1393190297	-0.1405461604	-0.1417861732	-0.1430388944	-0.1443041297	-0.1455816629	-0.1468712549	-0.1481726425	-0.1494855378	-0.1508096264	-0.1521445669	-0.1534899893	-0.1548454942	-0.1562106516	-0.1575849995	-0.1589680432	-0.1603592538	-0.1617580673	-0.1631638836	-0.1645760651	-0.1659939362	-0.1674167820	-0.1688438473	-0.1702743361	-0.1717074105	-0.1731421905	-0.1745777526	-0.1760131302	-0.1774473124	-0.1788792446	-0.1803078274	-0.1817319176	-0.1831503278	-0.1845618268	-0.1859651405	-0.1873589522	-0.1887419040	-0.1901125975	-0.1914695957	-0.1928114243	-0.1941365735	-0.1954435006	-0.1967306320	-0.1979963659	-0.1992390752	-0.2004571110	-0.2016488056	-0.2028124765	-0.2039464299	-0.2050489657	-0.2061183808	-0.2071529748	-0.2081510540	-0.2091109365	-0.2100309578	-0.2109094754	-0.2117448741	-0.2125355720	-0.2132800251	-0.2139767330	-0.2146242441	-0.2152211607	-0.2157661442	-0.2162579198	-0.2166952811	-0.2170770947	-0.2174023043	-0.2176699340	-0.2178790928	-0.2180289767	-0.2181188720	-0.2181481580	-0.2181163081	-0.2180228926	-0.2178675791	-0.2176501340	-0.2173704227	-0.2170284103	-0.2166241614	-0.2161578398	-0.2156297080	-0.2150401262	-0.2143895519	-0.2136785378	-0.2129077311	-0.2120778714	-0.2111897892	-0.2102444035	-0.2092427198	-0.2081858274	-0.2070748969	-0.2059111772	-0.2046959920	-0.2034307370	-0.2021168757	-0.2007559354	-0.1993495034	-0.1978992225	-0.1964067861	-0.1948739338	-0.1933024458	-0.1916941385	-0.1900508588	-0.1883744787	-0.1866668901	-0.1849299995	-0.1831657223	-0.1813759779	-0.1795626841	-0.1777277521	-0.1758730819	-0.1740005570	-0.1721120402	-0.1702093693	-0.1682943529	-0.1663687666	-0.1644343496	-0.1624928014	-0.1605457788	-0.1585948933	-0.1566417090	-0.1546877401	-0.1527344495	-0.1507832470	-0.1488354887	-0.1468924754	-0.1449554522	-0.1430256082	-0.1411040762	-0.1391919327	-0.1372901980	-0.1353998369	-0.1335217589	-0.1316568195	-0.1298058203	-0.1279695108	-0.1261485888	-0.1243437022	-0.1225554501	-0.1207843840	-0.1190310095	-0.1172957875	-0.1155791362	-0.1138814322	-0.1122030123	-0.1105441751	-0.1089051824	-0.1072862613	-0.1056876051	-0.1041093755	-0.1025517038	-0.1010146926	-0.0994984171	-0.0980029268	-0.0965282468	-0.0950743795	-0.0936413053	-0.0922289847	-0.0908373592	-0.0894663522	-0.0881158711	-0.0867858073	-0.0854760385	-0.0841864287	-0.0829168299	-0.0816670828	-0.0804370177	-0.0792264555	-0.0780352085	-0.0768630812	-0.0757098708	-0.0745753686	-0.0734593598	-0.0723616249	-0.0712819398	-0.0702200766	-0.0691758041	-0.0681488884	-0.0671390931	-0.0661461802	-0.0651699099	-0.0642100416	-0.0632663339	-0.0623385451	-0.0614264333	-0.0605297572	-0.0596482756	-0.0587817484	-0.0579299363	-0.0570926015	-0.0562695073	-0.0554604189	-0.0546651031	-0.0538833288	-0.0531148666	-0.0523594898	-0.0516169736	-0.0508870958	-0.0501696367	-0.0494643791	-0.0487711085	-0.0480896131	-0.0474196840	-0.0467611148	-0.0461137022	-0.0454772459	-0.0448515481	-0.0442364143	-0.0436316528	-0.0430370750	-0.0424524950	-0.0418777300	-0.0413126003
-0.0998689131	-0.1005358111	-0.1012135123	-0.1019021317	-0.1026017845	-0.1033125862	-0.1040346525	-0.1047680994	-0.1055130425	-0.1062695973	-0.1070378790	-0.1078180019	-0.1086100798	-0.1094142255	-0.1102305506	-0.1110591652	-0.1119001780	-0.1127536956	-0.1136198225	-0.1144986609	-0.1153903101	-0.1162948665	-0.1172124231	-0.1181430692	-0.1190868901	-0.1200439664	-0.1210143741	-0.1219981839	-0.1229954606	-0.1240062629	-0.1250306429	-0.1260686453	-0.1271203071	-0.1281856571	-0.1292647151	-0.1303574915	-0.1314639864	-0.1325841890	-0.1337180772	-0.1348656165	-0.1360267594	-0.1372014447	-0.1383895965	-0.1395911235	-0.1408059181	-0.1420338554	-0.1432747926	-0.1445285677	-0.1457949986	-0.1470738824	-0.1483649938	-0.1496680847	-0.1509828828	-0.1523090905	-0.1536463838	-0.1549944114	-0.1563527935	-0.1577211205	-0.1590989521	-0.1604858160	-0.1618812072	-0.1632845862	-0.1646953785	-0.1661129735	-0.1675367232	-0.1689659413	-0.1703999027	-0.1718378419	-0.1732789528	-0.1747223875	-0.1761672561	-0.1776126258	-0.1790575205	-0.1805009207	-0.1819417627	-0.1833789394	-0.1848112995	-0.1862376484	-0.1876567479	-0.1890673176	-0.1904680351	-0.1918575371	-0.1932344207	-0.1945972447	-0.1959445315	-0.1972747685	-0.1985864110	-0.1998778837	-0.2011475840	-0.2023938848	-0.2036151374	-0.2048096750	-0.2059758167	-0.2071118708	-0.2082161396	-0.2092869230	-0.2103225238	-0.2113212519	-0.2122814293	-0.2132013953	-0.2140795113	-0.2149141664	-0.2157037824	-0.2164468191	-0.2171417797	-0.2177872159	-0.2183817327	-0.2189239941	-0.2194127271	-0.2198467270	-0.2202248614	-0.2205460742	-0.2208093898	-0.2210139166	-0.2211588497	-0.2212434743	-0.2212671680	-0.2212294027	-0.2211297468	-0.2209678663	-0.2207435260	-0.2204565900	-0.2201070226	-0.2196948878	-0.2192203496	-0.2186836713	-0.2180852147	-0.2174254393	-0.2167049009	-0.2159242503	-0.2150842317	-0.2141856804	-0.2132295211	-0.2122167654	-0.2111485090	-0.2100259294	-0.2088502821	-0.2076228981	-0.2063451797	-0.2050185970	-0.2036446839	-0.2022250338	-0.2007612951	-0.1992551665	-0.1977083922	-0.1961227568	-0.1945000804	-0.1928422130	-0.1911510297	-0.1894284247	-0.1876763066	-0.1858965925	-0.1840912033	-0.1822620582	-0.1804110696	-0.1785401386	-0.1766511501	-0.1747459682	-0.1728264320	-0.1708943520	-0.1689515057	-0.1669996346	-0.1650404406	-0.1630755837	-0.1611066787	-0.1591352935	-0.1571629465	-0.1551911052	-0.1532211846	-0.1512545463	-0.1492924970	-0.1473362881	-0.1453871156	-0.1434461192	-0.1415143829	-0.1395929348	-0.1376827476	-0.1357847392	-0.1338997735	-0.1320286609	-0.1301721596	-0.1283309765	-0.1265057686	-0.1246971440	-0.1229056634	-0.1211318414	-0.1193761484	-0.1176390114	-0.1159208160	-0.1142219080	-0.1125425947	-0.1108831467	-0.1092437993	-0.1076247542	-0.1060261813	-0.1044482196	-0.1028909794	-0.1013545433	-0.0998389682	-0.0983442859	-0.0968705054	-0.0954176138	-0.0939855776	-0.0925743441	-0.0911838425	-0.0898139853	-0.0884646692	-0.0871357766	-0.0858271761	-0.0845387239	-0.0832702647	-0.0820216327	-0.0807926523	-0.0795831390	-0.0783929002	-0.0772217362	-0.0760694407	-0.0749358012	-0.0738206005	-0.0727236162	-0.0716446223	-0.0705833891	-0.0695396840	-0.0685132719	-0.0675039154	-0.0665113760	-0.0655354134	-0.0645757869	-0.0636322551	-0.0627045764	-0.0617925094	-0.0608958130	-0.0600142469	-0.0591475717	-0.0582955489	-0.0574579415	-0.0566345142	-0.0558250329	-0.0550292658	-0.0542469829	-0.0534779562	-0.0527219603	-0.0519787717	-0.0512481697	-0.0505299358	-0.0498238544	-0.0491297125	-0.0484472995	-0.0477764081	-0.0471168334	-0.0464683735	-0.0458308294	-0.0452040050	-0.0445877070	-0.0439817453	-0.0433859325	-0.0428000842	-0.0422240190
-0.1019875119	-0.1026645886	-0.1033525861	-0.1040516185	-0.1047617999	-0.1054832448	-0.1062160679	-0.1069603838	-0.1077163068	-0.1084839511	-0.1092634301	-0.1100548568	-0.1108583432	-0.1116740001	-0.1125019372	-0.1133422625	-0.1141950825	-0.1150605014	-0.1159386214	-0.1168295417	-0.1177333592	-0.1186501671	-0.1195800554	-0.1205231101	-0.1214794131	-0.1224490414	-0.1234320673	-0.1244285573	-0.1254385722	-0.1264621664	-0.1274993872	-0.1285502748	-0.1296148613	-0.1306931702	-0.1317852158	-0.1328910031	-0.1340105263	-0.1351437686	-0.1362907016	-0.1374512843	-0.1386254625	-0.1398131681	-0.1410143180	-0.1422288134	-0.1434565392	-0.1446973627	-0.1459511330	-0.1472176797	-0.1484968124	-0.1497883193	-0.1510919664	-0.1524074966	-0.1537346281	-0.1550730540	-0.1564224409	-0.1577824277	-0.1591526247	-0.1605326125	-0.1619219406	-0.1633201270	-0.1647266561	-0.1661409786	-0.1675625099	-0.1689906291	-0.1704246782	-0.1718639611	-0.1733077426	-0.1747552477	-0.1762056607	-0.1776581245	-0.1791117401	-0.1805655660	-0.1820186176	-0.1834698674	-0.1849182441	-0.1863626332	-0.1878018768	-0.1892347738	-0.1906600806	-0.1920765114	-0.1934827392	-0.1948773968	-0.1962590779	-0.1976263387	-0.1989776996	-0.2003116467	-0.2016266344	-0.2029210876	-0.2041934045	-0.2054419592	-0.2066651050	-0.2078611778	-0.2090284998	-0.2101653831	-0.2112701341	-0.2123410575	-0.2133764611	-0.2143746599	-0.2153339817	-0.2162527714	-0.2171293964	-0.2179622516	-0.2187497644	-0.2194904005	-0.2201826683	-0.2208251245	-0.2214163791	-0.2219551004	-0.2224400192	-0.2228699343	-0.2232437160	-0.2235603107	-0.2238187447	-0.2240181275	-0.2241576552	-0.2242366135	-0.2242543800	-0.2242104266	-0.2241043213	-0.2239357296	-0.2237044158	-0.2234102438	-0.2230531777	-0.2226332817	-0.2221507202	-0.2216057574	-0.2209987563	-0.2203301785	-0.2196005820	-0.2188106204	-0.2179610413	-0.2170526837	-0.2160864763	-0.2150634352	-0.2139846607	-0.2128513348	-0.2116647180	-0.2104261458	-0.2091370251	-0.2077988303	-0.2064130993	-0.2049814290	-0.2035054711	-0.2019869270	-0.2004275432	-0.1988291063	-0.1971934375	-0.1955223880	-0.1938178331	-0.1920816675	-0.1903157993	-0.1885221456	-0.1867026265	-0.1848591604	-0.1829936592	-0.1811080231	-0.1792041364	-0.1772838628	-0.1753490410	-0.1734014815	-0.1714429620	-0.1694752247	-0.1674999727	-0.1655188674	-0.1635335254	-0.1615455171	-0.1595563638	-0.1575675363	-0.1555804536	-0.1535964815	-0.1516169315	-0.1496430605	-0.1476760700	-0.1457171059	-0.1437672588	-0.1418275637	-0.1398990006	-0.1379824949	-0.1360789183	-0.1341890893	-0.1323137744	-0.1304536890	-0.1286094986	-0.1267818201	-0.1249712230	-0.1231782309	-0.1214033227	-0.1196469346	-0.1179094608	-0.1161912560	-0.1144926360	-0.1128138801	-0.1111552320	-0.1095169018	-0.1078990672	-0.1063018755	-0.1047254446	-0.1031698646	-0.1016351996	-0.1001214887	-0.0986287478	-0.0971569704	-0.0957061295	-0.0942761784	-0.0928670523	-0.0914786692	-0.0901109313	-0.0887637259	-0.0874369265	-0.0861303940	-0.0848439773	-0.0835775147	-0.0823308344	-0.0811037555	-0.0798960889	-0.0787076379	-0.0775381990	-0.0763875626	-0.0752555138	-0.0741418326	-0.0730462950	-0.0719686731	-0.0709087359	-0.0698662499	-0.0688409791	-0.0678326859	-0.0668411312	-0.0658660750	-0.0649072766	-0.0639644949	-0.0630374889	-0.0621260178	-0.0612298414	-0.0603487202	-0.0594824158	-0.0586306909	-0.0577933098	-0.0569700382	-0.0561606436	-0.0553648955	-0.0545825653	-0.0538134267	-0.0530572556	-0.0523138302	-0.0515829312	-0.0508643420	-0.0501578484	-0.0494632389	-0.0487803048	-0.0481088402	-0.0474486419	-0.0467995096	-0.0461612459	-0.0455336563	-0.0449165490	-0.0443097355	-0.0437130299	-0.0431262494
-0.1040831701	-0.1047700384	-0.1054679367	-0.1061769779	-0.1068972750	-0.1076289413	-0.1083720901	-0.1091268346	-0.1098932875	-0.1106715615	-0.1114617683	-0.1122640189	-0.1130784234	-0.1139050907	-0.1147441282	-0.1155956417	-0.1164597350	-0.1173365101	-0.1182260661	-0.1191284996	-0.1200439044	-0.1209723707	-0.1219139850	-0.1228688298	-0.1238369834	-0.1248185191	-0.1258135050	-0.1268220035	-0.1278440711	-0.1288797575	-0.1299291054	-0.1309921499	-0.1320689179	-0.1331594277	-0.1342636880	-0.1353816979	-0.1365134457	-0.1376589084	-0.1388180511	-0.1399908262	-0.1411771727	-0.1423770153	-0.1435902637	-0.1448168116	-0.1460565362	-0.1473092968	-0.1485749344	-0.1498532703	-0.1511441057	-0.1524472200	-0.1537623703	-0.1550892906	-0.1564276898	-0.1577772518	-0.1591376337	-0.1605084649	-0.1618893460	-0.1632798479	-0.1646795105	-0.1660878417	-0.1675043164	-0.1689283753	-0.1703594241	-0.1717968322	-0.1732399322	-0.1746880184	-0.1761403463	-0.1775961319	-0.1790545506	-0.1805147366	-0.1819757828	-0.1834367395	-0.1848966147	-0.1863543736	-0.1878089382	-0.1892591877	-0.1907039584	-0.1921420441	-0.1935721965	-0.1949931257	-0.1964035015	-0.1978019538	-0.1991870743	-0.2005574180	-0.2019115042	-0.2032478195	-0.2045648189	-0.2058609289	-0.2071345497	-0.2083840584	-0.2096078119	-0.2108041502	-0.2119714002	-0.2131078796	-0.2142119004	-0.2152817738	-0.2163158141	-0.2173123436	-0.2182696972	-0.2191862273	-0.2200603089	-0.2208903444	-0.2216747690	-0.2224120556	-0.2231007198	-0.2237393253	-0.2243264886	-0.2248608841	-0.2253412485	-0.2257663855	-0.2261351703	-0.2264465534	-0.2266995645	-0.2268933162	-0.2270270073	-0.2270999254	-0.2271114497	-0.2270610534	-0.2269483055	-0.2267728721	-0.2265345183	-0.2262331085	-0.2258686071	-0.2254410792	-0.2249506897	-0.2243977039	-0.2237824861	-0.2231054991	-0.2223673029	-0.2215685532	-0.2207099994	-0.2197924834	-0.2188169365	-0.2177843774	-0.2166959093	-0.2155527171	-0.2143560640	-0.2131072879	-0.2118077981	-0.2104590711	-0.2090626463	-0.2076201220	-0.2061331507	-0.2046034343	-0.2030327191	-0.2014227913	-0.1997754712	-0.1980926086	-0.1963760773	-0.1946277697	-0.1928495920	-0.1910434584	-0.1892112867	-0.1873549926	-0.1854764853	-0.1835776624	-0.1816604057	-0.1797265767	-0.1777780121	-0.1758165206	-0.1738438788	-0.1718618279	-0.1698720704	-0.1678762678	-0.1658760374	-0.1638729503	-0.1618685296	-0.1598642483	-0.1578615279	-0.1558617375	-0.1538661922	-0.1518761533	-0.1498928270	-0.1479173645	-0.1459508619	-0.1439943603	-0.1420488463	-0.1401152521	-0.1381944566	-0.1362872857	-0.1343945137	-0.1325168639	-0.1306550101	-0.1288095772	-0.1269811434	-0.1251702407	-0.1233773567	-0.1216029360	-0.1198473818	-0.1181110569	-0.1163942861	-0.1146973569	-0.1130205215	-0.1113639983	-0.1097279731	-0.1081126010	-0.1065180079	-0.1049442916	-0.1033915235	-0.1018597500	-0.1003489938	-0.0988592555	-0.0973905145	-0.0959427305	-0.0945158447	-0.0931097810	-0.0917244472	-0.0903597360	-0.0890155259	-0.0876916826	-0.0863880599	-0.0851045003	-0.0838408361	-0.0825968904	-0.0813724776	-0.0801674047	-0.0789814712	-0.0778144707	-0.0766661908	-0.0755364143	-0.0744249194	-0.0733314805	-0.0722558687	-0.0711978520	-0.0701571963	-0.0691336652	-0.0681270211	-0.0671370250	-0.0661634371	-0.0652060173	-0.0642645252	-0.0633387206	-0.0624283636	-0.0615332150	-0.0606530367	-0.0597875914	-0.0589366432	-0.0580999579	-0.0572773027	-0.0564684466	-0.0556731608	-0.0548912184	-0.0541223946	-0.0533664672	-0.0526232160	-0.0518924237	-0.0511738751	-0.0504673581	-0.0497726628	-0.0490895824	-0.0484179127	-0.0477574522	-0.0471080025	-0.0464693678	-0.0458413553	-0.0452237751	-0.0446164401	-0.0440191663
-0.1061556058	-0.1068518769	-0.1075592788	-0.1082779231	-0.1090079215	-0.1097493859	-0.1105024279	-0.1112671592	-0.1120436910	-0.1128321337	-0.1136325975	-0.1144451912	-0.1152700229	-0.1161071990	-0.1169568247	-0.1178190032	-0.1186938357	-0.1195814214	-0.1204818565	-0.1213952346	-0.1223216461	-0.1232611779	-0.1242139130	-0.1251799303	-0.1261593041	-0.1271521036	-0.1281583929	-0.1291782299	-0.1302116665	-0.1312587477	-0.1323195112	-0.1333939869	-0.1344821965	-0.1355841526	-0.1366998583	-0.1378293066	-0.1389724797	-0.1401293482	-0.1412998708	-0.1424839930	-0.1436816467	-0.1448927496	-0.1461172039	-0.1473548958	-0.1486056945	-0.1498694516	-0.1511459998	-0.1524351522	-0.1537367012	-0.1550504177	-0.1563760502	-0.1577133233	-0.1590619372	-0.1604215665	-0.1617918588	-0.1631724342	-0.1645628841	-0.1659627697	-0.1673716214	-0.1687889376	-0.1702141838	-0.1716467913	-0.1730861564	-0.1745316392	-0.1759825632	-0.1774382139	-0.1788978380	-0.1803606430	-0.1818257961	-0.1832924236	-0.1847596107	-0.1862264007	-0.1876917947	-0.1891547515	-0.1906141875	-0.1920689764	-0.1935179498	-0.1949598973	-0.1963935670	-0.1978176662	-0.1992308624	-0.2006317841	-0.2020190220	-0.2033911311	-0.2047466315	-0.2060840110	-0.2074017268	-0.2086982084	-0.2099718596	-0.2112210618	-0.2124441769	-0.2136395507	-0.2148055166	-0.2159403988	-0.2170425171	-0.2181101904	-0.2191417413	-0.2201355010	-0.2210898131	-0.2220030393	-0.2228735637	-0.2236997981	-0.2244801868	-0.2252132119	-0.2258973979	-0.2265313172	-0.2271135945	-0.2276429121	-0.2281180141	-0.2285377111	-0.2289008847	-0.2292064910	-0.2294535652	-0.2296412244	-0.2297686714	-0.2298351974	-0.2298401847	-0.2297831090	-0.2296635414	-0.2294811500	-0.2292357013	-0.2289270609	-0.2285551946	-0.2281201683	-0.2276221482	-0.2270614003	-0.2264382903	-0.2257532818	-0.2250069361	-0.2241999100	-0.2233329544	-0.2224069124	-0.2214227165	-0.2203813869	-0.2192840279	-0.2181318253	-0.2169260431	-0.2156680199	-0.2143591651	-0.2130009550	-0.2115949287	-0.2101426835	-0.2086458705	-0.2071061896	-0.2055253851	-0.2039052403	-0.2022475726	-0.2005542281	-0.1988270768	-0.1970680072	-0.1952789210	-0.1934617282	-0.1916183418	-0.1897506731	-0.1878606267	-0.1859500959	-0.1840209582	-0.1820750711	-0.1801142678	-0.1781403536	-0.1761551023	-0.1741602525	-0.1721575050	-0.1701485197	-0.1681349132	-0.1661182564	-0.1641000726	-0.1620818357	-0.1600649687	-0.1580508428	-0.1560407759	-0.1540360323	-0.1520378221	-0.1500473009	-0.1480655695	-0.1460936743	-0.1441326076	-0.1421833078	-0.1402466603	-0.1383234978	-0.1364146019	-0.1345207032	-0.1326424832	-0.1307805749	-0.1289355642	-0.1271079916	-0.1252983528	-0.1235071008	-0.1217346472	-0.1199813635	-0.1182475825	-0.1165336004	-0.1148396775	-0.1131660405	-0.1115128834	-0.1098803693	-0.1082686317	-0.1066777764	-0.1051078822	-0.1035590029	-0.1020311684	-0.1005243862	-0.0990386423	-0.0975739031	-0.0961301160	-0.0947072111	-0.0933051018	-0.0919236866	-0.0905628493	-0.0892224608	-0.0879023796	-0.0866024530	-0.0853225178	-0.0840624011	-0.0828219214	-0.0816008893	-0.0803991080	-0.0792163742	-0.0780524788	-0.0769072073	-0.0757803407	-0.0746716558	-0.0735809259	-0.0725079213	-0.0714524097	-0.0704141565	-0.0693929257	-0.0683884796	-0.0674005798	-0.0664289872	-0.0654734624	-0.0645337660	-0.0636096589	-0.0627009024	-0.0618072587	-0.0609284910	-0.0600643637	-0.0592146425	-0.0583790946	-0.0575574891	-0.0567495969	-0.0559551908	-0.0551740457	-0.0544059390	-0.0536506500	-0.0529079608	-0.0521776557	-0.0514595216	-0.0507533483	-0.0500589278	-0.0493760552	-0.0487045282	-0.0480441473	-0.0473947158	-0.0467560399	-0.0461279286	-0.0455101938	-0.0449026502
-0.1082045520	-0.1089098360	-0.1096263432	-0.1103541838	-0.1110934680	-0.1118443060	-0.1126068080	-0.1133810836	-0.1141672421	-0.1149653922	-0.1157756417	-0.1165980973	-0.1174328647	-0.1182800479	-0.1191397494	-0.1200120699	-0.1208971077	-0.1217949588	-0.1227057165	-0.1236294711	-0.1245663095	-0.1255163151	-0.1264795672	-0.1274561408	-0.1284461060	-0.1294495279	-0.1304664660	-0.1314969739	-0.1325410986	-0.1335988801	-0.1346703510	-0.1357555360	-0.1368544511	-0.1379671032	-0.1390934895	-0.1402335970	-0.1413874015	-0.1425548672	-0.1437359459	-0.1449305763	-0.1461386834	-0.1473601773	-0.1485949529	-0.1498428887	-0.1511038462	-0.1523776688	-0.1536641810	-0.1549631877	-0.1562744727	-0.1575977984	-0.1589329044	-0.1602795065	-0.1616372960	-0.1630059381	-0.1643850716	-0.1657743074	-0.1671732274	-0.1685813837	-0.1699982976	-0.1714234583	-0.1728563219	-0.1742963108	-0.1757428124	-0.1771951781	-0.1786527227	-0.1801147231	-0.1815804182	-0.1830490073	-0.1845196502	-0.1859914659	-0.1874635328	-0.1889348877	-0.1904045259	-0.1918714006	-0.1933344232	-0.1947924631	-0.1962443482	-0.1976888648	-0.1991247585	-0.2005507350	-0.2019654605	-0.2033675632	-0.2047556343	-0.2061282298	-0.2074838718	-0.2088210508	-0.2101382276	-0.2114338358	-0.2127062843	-0.2139539603	-0.2151752323	-0.2163684530	-0.2175319637	-0.2186640971	-0.2197631818	-0.2208275463	-0.2218555230	-0.2228454533	-0.2237956913	-0.2247046094	-0.2255706027	-0.2263920937	-0.2271675377	-0.2278954274	-0.2285742979	-0.2292027318	-0.2297793638	-0.2303028857	-0.2307720505	-0.2311856775	-0.2315426561	-0.2318419499	-0.2320826007	-0.2322637318	-0.2323845516	-0.2324443561	-0.2324425319	-0.2323785585	-0.2322520104	-0.2320625583	-0.2318099713	-0.2314941169	-0.2311149627	-0.2306725759	-0.2301671240	-0.2295988741	-0.2289681926	-0.2282755441	-0.2275214902	-0.2267066885	-0.2258318901	-0.2248979383	-0.2239057658	-0.2228563925	-0.2217509223	-0.2205905404	-0.2193765097	-0.2181101676	-0.2167929218	-0.2154262463	-0.2140116778	-0.2125508104	-0.2110452917	-0.2094968178	-0.2079071286	-0.2062780026	-0.2046112518	-0.2029087170	-0.2011722624	-0.1994037703	-0.1976051362	-0.1957782637	-0.1939250595	-0.1920474284	-0.1901472687	-0.1882264678	-0.1862868971	-0.1843304085	-0.1823588301	-0.1803739622	-0.1783775743	-0.1763714012	-0.1743571402	-0.1723364486	-0.1703109408	-0.1682821861	-0.1662517069	-0.1642209768	-0.1621914193	-0.1601644065	-0.1581412579	-0.1561232402	-0.1541115663	-0.1521073950	-0.1501118313	-0.1481259261	-0.1461506765	-0.1441870265	-0.1422358672	-0.1402980377	-0.1383743261	-0.1364654701	-0.1345721582	-0.1326950309	-0.1308346820	-0.1289916595	-0.1271664673	-0.1253595666	-0.1235713769	-0.1218022781	-0.1200526114	-0.1183226810	-0.1166127557	-0.1149230700	-0.1132538263	-0.1116051956	-0.1099773194	-0.1083703110	-0.1067842571	-0.1052192187	-0.1036752332	-0.1021523149	-0.1006504570	-0.0991696324	-0.0977097950	-0.0962708813	-0.0948528107	-0.0934554873	-0.0920788008	-0.0907226273	-0.0893868306	-0.0880712627	-0.0867757652	-0.0855001697	-0.0842442989	-0.0830079675	-0.0817909823	-0.0805931438	-0.0794142461	-0.0782540780	-0.0771124234	-0.0759890619	-0.0748837695	-0.0737963187	-0.0727264794	-0.0716740192	-0.0706387038	-0.0696202974	-0.0686185629	-0.0676332628	-0.0666641588	-0.0657110126	-0.0647735861	-0.0638516415	-0.0629449416	-0.0620532503	-0.0611763322	-0.0603139536	-0.0594658820	-0.0586318865	-0.0578117380	-0.0570052094	-0.0562120755	-0.0554321134	-0.0546651022	-0.0539108235	-0.0531690614	-0.0524396022	-0.0517222350	-0.0510167515	-0.0503229460	-0.0496406154	-0.0489695596	-0.0483095810	-0.0476604850	-0.0470220797	-0.0463941760	-0.0457765878
-0.1102297572	-0.1109436631	-0.1116688764	-0.1124055057	-0.1131536596	-0.1139134465	-0.1146849745	-0.1154683515	-0.1162636846	-0.1170710803	-0.1178906441	-0.1187224804	-0.1195666923	-0.1204233811	-0.1212926467	-0.1221745868	-0.1230692965	-0.1239768689	-0.1248973939	-0.1258309583	-0.1267776454	-0.1277375348	-0.1287107019	-0.1296972176	-0.1306971478	-0.1317105532	-0.1327374887	-0.1337780030	-0.1348321383	-0.1358999294	-0.1369814037	-0.1380765802	-0.1391854694	-0.1403080723	-0.1414443802	-0.1425943735	-0.1437580217	-0.1449352825	-0.1461261008	-0.1473304083	-0.1485481228	-0.1497791471	-0.1510233685	-0.1522806578	-0.1535508687	-0.1548338364	-0.1561293774	-0.1574372881	-0.1587573441	-0.1600892990	-0.1614328837	-0.1627878054	-0.1641537462	-0.1655303629	-0.1669172849	-0.1683141143	-0.1697204239	-0.1711357570	-0.1725596258	-0.1739915106	-0.1754308589	-0.1768770842	-0.1783295656	-0.1797876461	-0.1812506322	-0.1827177933	-0.1841883603	-0.1856615256	-0.1871364417	-0.1886122215	-0.1900879369	-0.1915626192	-0.1930352584	-0.1945048032	-0.1959701610	-0.1974301976	-0.1988837381	-0.2003295667	-0.2017664277	-0.2031930257	-0.2046080271	-0.2060100609	-0.2073977199	-0.2087695624	-0.2101241137	-0.2114598682	-0.2127752916	-0.2140688230	-0.2153388777	-0.2165838500	-0.2178021162	-0.2189920377	-0.2201519649	-0.2212802403	-0.2223752031	-0.2234351926	-0.2244585525	-0.2254436358	-0.2263888089	-0.2272924562	-0.2281529852	-0.2289688308	-0.2297384607	-0.2304603799	-0.2311331355	-0.2317553220	-0.2323255855	-0.2328426288	-0.2333052155	-0.2337121750	-0.2340624059	-0.2343548809	-0.2345886498	-0.2347628436	-0.2348766773	-0.2349294533	-0.2349205637	-0.2348494928	-0.2347158194	-0.2345192181	-0.2342594608	-0.2339364179	-0.2335500592	-0.2331004537	-0.2325877703	-0.2320122771	-0.2313743411	-0.2306744273	-0.2299130977	-0.2290910093	-0.2282089130	-0.2272676510	-0.2262681551	-0.2252114436	-0.2240986186	-0.2229308630	-0.2217094371	-0.2204356752	-0.2191109813	-0.2177368256	-0.2163147400	-0.2148463139	-0.2133331893	-0.2117770563	-0.2101796485	-0.2085427375	-0.2068681283	-0.2051576542	-0.2034131715	-0.2016365546	-0.1998296910	-0.1979944761	-0.1961328084	-0.1942465845	-0.1923376949	-0.1904080190	-0.1884594209	-0.1864937452	-0.1845128133	-0.1825184191	-0.1805123264	-0.1784962645	-0.1764719263	-0.1744409649	-0.1724049911	-0.1703655717	-0.1683242268	-0.1662824288	-0.1642416003	-0.1622031133	-0.1601682882	-0.1581383927	-0.1561146417	-0.1540981966	-0.1520901655	-0.1500916029	-0.1481035104	-0.1461268365	-0.1441624777	-0.1422112786	-0.1402740334	-0.1383514861	-0.1364443322	-0.1345532190	-0.1326787476	-0.1308214736	-0.1289819086	-0.1271605214	-0.1253577398	-0.1235739514	-0.1218095057	-0.1200647149	-0.1183398559	-0.1166351715	-0.1149508720	-0.1132871363	-0.1116441140	-0.1100219261	-0.1084206669	-0.1068404050	-0.1052811851	-0.1037430288	-0.1022259363	-0.1007298872	-0.0992548424	-0.0978007444	-0.0963675191	-0.0949550766	-0.0935633125	-0.0921921083	-0.0908413333	-0.0895108447	-0.0882004889	-0.0869101024	-0.0856395123	-0.0843885375	-0.0831569891	-0.0819446712	-0.0807513818	-0.0795769129	-0.0784210518	-0.0772835812	-0.0761642797	-0.0750629228	-0.0739792827	-0.0729131293	-0.0718642305	-0.0708323524	-0.0698172599	-0.0688187169	-0.0678364868	-0.0668703326	-0.0659200174	-0.0649853044	-0.0640659576	-0.0631617414	-0.0622724215	-0.0613977644	-0.0605375384	-0.0596915128	-0.0588594589	-0.0580411497	-0.0572363602	-0.0564448674	-0.0556664504	-0.0549008907	-0.0541479720	-0.0534074806	-0.0526792051	-0.0519629367	-0.0512584693	-0.0505655993	-0.0498841259	-0.0492138511	-0.0485545795	-0.0479061184	-0.0472682782	-0.0466408717
-0.1122309849	-0.1129531212	-0.1136866411	-0.1144316513	-0.1151882584	-0.1159565690	-0.1167366892	-0.1175287247	-0.1183327803	-0.1191489602	-0.1199773674	-0.1208181038	-0.1216712696	-0.1225369635	-0.1234152823	-0.1243063206	-0.1252101705	-0.1261269215	-0.1270566600	-0.1279994693	-0.1289554289	-0.1299246145	-0.1309070972	-0.1319029437	-0.1329122156	-0.1339349689	-0.1349712538	-0.1360211140	-0.1370845866	-0.1381617012	-0.1392524796	-0.1403569353	-0.1414750728	-0.1426068873	-0.1437523637	-0.1449114762	-0.1460841877	-0.1472704491	-0.1484701985	-0.1496833605	-0.1509098455	-0.1521495490	-0.1534023507	-0.1546681137	-0.1559466837	-0.1572378879	-0.1585415347	-0.1598574122	-0.1611852875	-0.1625249058	-0.1638759894	-0.1652382367	-0.1666113213	-0.1679948910	-0.1693885667	-0.1707919415	-0.1722045795	-0.1736260154	-0.1750557526	-0.1764932629	-0.1779379855	-0.1793893257	-0.1808466542	-0.1823093064	-0.1837765811	-0.1852477404	-0.1867220082	-0.1881985700	-0.1896765724	-0.1911551220	-0.1926332857	-0.1941100898	-0.1955845198	-0.1970555207	-0.1985219966	-0.1999828109	-0.2014367868	-0.2028827072	-0.2043193159	-0.2057453181	-0.2071593811	-0.2085601357	-0.2099461776	-0.2113160684	-0.2126683379	-0.2140014858	-0.2153139836	-0.2166042773	-0.2178707899	-0.2191119241	-0.2203260653	-0.2215115849	-0.2226668439	-0.2237901959	-0.2248799919	-0.2259345834	-0.2269523271	-0.2279315889	-0.2288707487	-0.2297682045	-0.2306223776	-0.2314317168	-0.2321947036	-0.2329098567	-0.2335757368	-0.2341909514	-0.2347541598	-0.2352640771	-0.2357194790	-0.2361192061	-0.2364621682	-0.2367473479	-0.2369738046	-0.2371406781	-0.2372471915	-0.2372926546	-0.2372764660	-0.2371981161	-0.2370571887	-0.2368533629	-0.2365864148	-0.2362562178	-0.2358627444	-0.2354060656	-0.2348863518	-0.2343038723	-0.2336589946	-0.2329521837	-0.2321840010	-0.2313551029	-0.2304662389	-0.2295182494	-0.2285120639	-0.2274486980	-0.2263292507	-0.2251549010	-0.2239269052	-0.2226465927	-0.2213153622	-0.2199346783	-0.2185060664	-0.2170311090	-0.2155114409	-0.2139487444	-0.2123447447	-0.2107012048	-0.2090199207	-0.2073027163	-0.2055514385	-0.2037679519	-0.2019541341	-0.2001118706	-0.1982430500	-0.1963495592	-0.1944332791	-0.1924960797	-0.1905398161	-0.1885663242	-0.1865774171	-0.1845748811	-0.1825604726	-0.1805359146	-0.1785028937	-0.1764630577	-0.1744180129	-0.1723693220	-0.1703185020	-0.1682670226	-0.1662163047	-0.1641677192	-0.1621225862	-0.1600821737	-0.1580476977	-0.1560203212	-0.1540011546	-0.1519912555	-0.1499916288	-0.1480032272	-0.1460269516	-0.1440636519	-0.1421141276	-0.1401791287	-0.1382593568	-0.1363554660	-0.1344680641	-0.1325977139	-0.1307449343	-0.1289102019	-0.1270939518	-0.1252965798	-0.1235184430	-0.1217598617	-0.1200211209	-0.1183024713	-0.1166041310	-0.1149262873	-0.1132690972	-0.1116326898	-0.1100171669	-0.1084226049	-0.1068490558	-0.1052965485	-0.1037650904	-0.1022546681	-0.1007652492	-0.0992967829	-0.0978492015	-0.0964224213	-0.0950163438	-0.0936308565	-0.0922658342	-0.0909211395	-0.0895966240	-0.0882921291	-0.0870074867	-0.0857425201	-0.0844970449	-0.0832708693	-0.0820637951	-0.0808756181	-0.0797061291	-0.0785551140	-0.0774223548	-0.0763076295	-0.0752107135	-0.0741313791	-0.0730693965	-0.0720245341	-0.0709965590	-0.0699852368	-0.0689903328	-0.0680116117	-0.0670488378	-0.0661017759	-0.0651701910	-0.0642538488	-0.0633525156	-0.0624659592	-0.0615939481	-0.0607362527	-0.0598926445	-0.0590628970	-0.0582467855	-0.0574440873	-0.0566545816	-0.0558780498	-0.0551142759	-0.0543630458	-0.0536241482	-0.0528973739	-0.0521825165	-0.0514793722	-0.0507877397	-0.0501074206	-0.0494382188	-0.0487799413	-0.0481323978	-0.0474954005
-0.1142080135	-0.1149379888	-0.1156794156	-0.1164323987	-0.1171970429	-0.1179734524	-0.1187617313	-0.1195619828	-0.1203743095	-0.1211988128	-0.1220355934	-0.1228847501	-0.1237463805	-0.1246205802	-0.1255074428	-0.1264070597	-0.1273195197	-0.1282449087	-0.1291833094	-0.1301348013	-0.1310994599	-0.1320773568	-0.1330685589	-0.1340731285	-0.1350911224	-0.1361225921	-0.1371675826	-0.1382261328	-0.1392982743	-0.1403840314	-0.1414834203	-0.1425964487	-0.1437231151	-0.1448634086	-0.1460173077	-0.1471847803	-0.1483657826	-0.1495602586	-0.1507681395	-0.1519893426	-0.1532237712	-0.1544713132	-0.1557318407	-0.1570052091	-0.1582912560	-0.1595898009	-0.1609006439	-0.1622235648	-0.1635583224	-0.1649046535	-0.1662622720	-0.1676308677	-0.1690101057	-0.1703996251	-0.1717990383	-0.1732079299	-0.1746258555	-0.1760523413	-0.1774868824	-0.1789289426	-0.1803779528	-0.1818333105	-0.1832943789	-0.1847604858	-0.1862309232	-0.1877049461	-0.1891817721	-0.1906605807	-0.1921405127	-0.1936206696	-0.1951001137	-0.1965778669	-0.1980529114	-0.1995241891	-0.2009906017	-0.2024510110	-0.2039042392	-0.2053490691	-0.2067842449	-0.2082084731	-0.2096204233	-0.2110187291	-0.2124019899	-0.2137687722	-0.2151176112	-0.2164470128	-0.2177554560	-0.2190413946	-0.2203032606	-0.2215394663	-0.2227484076	-0.2239284670	-0.2250780173	-0.2261954248	-0.2272790534	-0.2283272682	-0.2293384400	-0.2303109493	-0.2312431905	-0.2321335768	-0.2329805446	-0.2337825579	-0.2345381132	-0.2352457445	-0.2359040272	-0.2365115837	-0.2370670872	-0.2375692668	-0.2380169114	-0.2384088745	-0.2387440779	-0.2390215157	-0.2392402581	-0.2393994547	-0.2394983381	-0.2395362261	-0.2395125254	-0.2394267330	-0.2392784387	-0.2390673271	-0.2387931785	-0.2384558703	-0.2380553778	-0.2375917745	-0.2370652324	-0.2364760218	-0.2358245104	-0.2351111632	-0.2343365405	-0.2335012973	-0.2326061809	-0.2316520292	-0.2306397683	-0.2295704098	-0.2284450484	-0.2272648580	-0.2260310892	-0.2247450651	-0.2234081776	-0.2220218837	-0.2205877009	-0.2191072032	-0.2175820162	-0.2160138126	-0.2144043077	-0.2127552540	-0.2110684367	-0.2093456688	-0.2075887858	-0.2057996408	-0.2039801000	-0.2021320374	-0.2002573300	-0.1983578535	-0.1964354776	-0.1944920613	-0.1925294494	-0.1905494677	-0.1885539195	-0.1865445822	-0.1845232036	-0.1824914986	-0.1804511468	-0.1784037894	-0.1763510268	-0.1742944166	-0.1722354715	-0.1701756575	-0.1681163929	-0.1660590465	-0.1640049368	-0.1619553316	-0.1599114467	-0.1578744463	-0.1558454421	-0.1538254940	-0.1518156095	-0.1498167449	-0.1478298050	-0.1458556440	-0.1438950665	-0.1419488278	-0.1400176352	-0.1381021491	-0.1362029837	-0.1343207085	-0.1324558496	-0.1306088906	-0.1287802743	-0.1269704038	-0.1251796442	-0.1234083234	-0.1216567343	-0.1199251354	-0.1182137530	-0.1165227820	-0.1148523874	-0.1132027060	-0.1115738474	-0.1099658955	-0.1083789099	-0.1068129269	-0.1052679611	-0.1037440062	-0.1022410366	-0.1007590083	-0.0992978603	-0.0978575153	-0.0964378808	-0.0950388505	-0.0936603048	-0.0923021120	-0.0909641290	-0.0896462025	-0.0883481693	-0.0870698576	-0.0858110874	-0.0845716712	-0.0833514151	-0.0821501189	-0.0809675771	-0.0798035791	-0.0786579103	-0.0775303520	-0.0764206824	-0.0753286768	-0.0742541080	-0.0731967470	-0.0721563630	-0.0711327240	-0.0701255971	-0.0691347488	-0.0681599455	-0.0672009532	-0.0662575385	-0.0653294684	-0.0644165104	-0.0635184332	-0.0626350064	-0.0617660011	-0.0609111898	-0.0600703464	-0.0592432468	-0.0584296686	-0.0576293915	-0.0568421972	-0.0560678696	-0.0553061950	-0.0545569620	-0.0538199613	-0.0530949866	-0.0523818337	-0.0516803013	-0.0509901904	-0.0503113048	-0.0496434511	-0.0489864384	-0.0483400785
-0.1161606366	-0.1168980595	-0.1176469939	-0.1184075425	-0.1191798080	-0.1199638923	-0.1207598970	-0.1215679230	-0.1223880703	-0.1232204377	-0.1240651227	-0.1249222217	-0.1257918289	-0.1266740368	-0.1275689360	-0.1284766141	-0.1293971565	-0.1303306453	-0.1312771597	-0.1322367748	-0.1332095623	-0.1341955892	-0.1351949183	-0.1362076071	-0.1372337078	-0.1382732668	-0.1393263242	-0.1403929137	-0.1414730613	-0.1425667859	-0.1436740979	-0.1447949991	-0.1459294821	-0.1470775294	-0.1482391135	-0.1494141954	-0.1506027247	-0.1518046386	-0.1530198610	-0.1542483023	-0.1554898582	-0.1567444092	-0.1580118198	-0.1592919376	-0.1605845924	-0.1618895957	-0.1632067393	-0.1645357951	-0.1658765136	-0.1672286233	-0.1685918295	-0.1699658140	-0.1713502333	-0.1727447181	-0.1741488726	-0.1755622729	-0.1769844666	-0.1784149717	-0.1798532753	-0.1812988333	-0.1827510690	-0.1842093726	-0.1856730999	-0.1871415719	-0.1886140740	-0.1900898549	-0.1915681264	-0.1930480624	-0.1945287989	-0.1960094329	-0.1974890225	-0.1989665864	-0.2004411039	-0.2019115148	-0.2033767192	-0.2048355782	-0.2062869138	-0.2077295096	-0.2091621113	-0.2105834276	-0.2119921313	-0.2133868600	-0.2147662180	-0.2161287774	-0.2174730801	-0.2187976394	-0.2201009427	-0.2213814530	-0.2226376123	-0.2238678438	-0.2250705549	-0.2262441407	-0.2273869868	-0.2284974735	-0.2295739788	-0.2306148827	-0.2316185715	-0.2325834410	-0.2335079020	-0.2343903839	-0.2352293392	-0.2360232487	-0.2367706253	-0.2374700192	-0.2381200221	-0.2387192721	-0.2392664580	-0.2397603239	-0.2401996733	-0.2405833737	-0.2409103600	-0.2411796391	-0.2413902930	-0.2415414825	-0.2416324502	-0.2416625235	-0.2416311176	-0.2415377371	-0.2413819787	-0.2411635328	-0.2408821849	-0.2405378165	-0.2401304064	-0.2396600305	-0.2391268626	-0.2385311739	-0.2378733323	-0.2371538021	-0.2363731425	-0.2355320061	-0.2346311376	-0.2336713713	-0.2326536290	-0.2315789176	-0.2304483258	-0.2292630215	-0.2280242480	-0.2267333207	-0.2253916234	-0.2240006039	-0.2225617703	-0.2210766862	-0.2195469666	-0.2179742731	-0.2163603091	-0.2147068152	-0.2130155642	-0.2112883563	-0.2095270142	-0.2077333781	-0.2059093009	-0.2040566436	-0.2021772702	-0.2002730438	-0.1983458211	-0.1963974493	-0.1944297609	-0.1924445704	-0.1904436703	-0.1884288273	-0.1864017795	-0.1843642329	-0.1823178584	-0.1802642895	-0.1782051198	-0.1761419005	-0.1740761390	-0.1720092968	-0.1699427881	-0.1678779789	-0.1658161855	-0.1637586741	-0.1617066599	-0.1596613070	-0.1576237280	-0.1555949841	-0.1535760852	-0.1515679899	-0.1495716065	-0.1475877931	-0.1456173586	-0.1436610632	-0.1417196195	-0.1397936935	-0.1378839055	-0.1359908316	-0.1341150042	-0.1322569141	-0.1304170112	-0.1285957060	-0.1267933709	-0.1250103417	-0.1232469187	-0.1215033684	-0.1197799248	-0.1180767905	-0.1163941386	-0.1147321134	-0.1130908324	-0.1114703870	-0.1098708443	-0.1082922482	-0.1067346204	-0.1051979620	-0.1036822543	-0.1021874603	-0.1007135256	-0.0992603793	-0.0978279355	-0.0964160939	-0.0950247409	-0.0936537507	-0.0923029857	-0.0909722979	-0.0896615294	-0.0883705134	-0.0870990746	-0.0858470301	-0.0846141905	-0.0834003596	-0.0822053359	-0.0810289129	-0.0798708792	-0.0787310199	-0.0776091162	-0.0765049466	-0.0754182868	-0.0743489104	-0.0732965892	-0.0722610937	-0.0712421931	-0.0702396563	-0.0692532512	-0.0682827460	-0.0673279087	-0.0663885078	-0.0654643125	-0.0645550926	-0.0636606189	-0.0627806635	-0.0619149998	-0.0610634026	-0.0602256485	-0.0594015158	-0.0585907847	-0.0577932373	-0.0570086581	-0.0562368333	-0.0554775519	-0.0547306049	-0.0539957858	-0.0532728906	-0.0525617178	-0.0518620683	-0.0511737459	-0.0504965567	-0.0498303096	-0.0491748163
-0.1180886625	-0.1188331422	-0.1195891855	-0.1203568930	-0.1211363649	-0.1219277008	-0.1227309998	-0.1235463601	-0.1243738790	-0.1252136524	-0.1260657750	-0.1269303398	-0.1278074382	-0.1286971593	-0.1295995900	-0.1305148145	-0.1314429145	-0.1323839683	-0.1333380509	-0.1343052336	-0.1352855835	-0.1362791634	-0.1372860313	-0.1383062401	-0.1393398372	-0.1403868638	-0.1414473549	-0.1425213388	-0.1436088360	-0.1447098597	-0.1458244144	-0.1469524960	-0.1480940908	-0.1492491751	-0.1504177147	-0.1515996643	-0.1527949664	-0.1540035513	-0.1552253359	-0.1564602233	-0.1577081019	-0.1589688446	-0.1602423083	-0.1615283328	-0.1628267402	-0.1641373339	-0.1654598979	-0.1667941958	-0.1681399701	-0.1694969410	-0.1708648058	-0.1722432378	-0.1736318855	-0.1750303715	-0.1764382917	-0.1778552143	-0.1792806789	-0.1807141957	-0.1821552442	-0.1836032728	-0.1850576975	-0.1865179016	-0.1879832341	-0.1894530096	-0.1909265074	-0.1924029705	-0.1938816054	-0.1953615812	-0.1968420295	-0.1983220435	-0.1998006779	-0.2012769490	-0.2027498338	-0.2042182707	-0.2056811593	-0.2071373607	-0.2085856976	-0.2100249552	-0.2114538817	-0.2128711891	-0.2142755542	-0.2156656197	-0.2170399956	-0.2183972609	-0.2197359650	-0.2210546300	-0.2223517525	-0.2236258059	-0.2248752434	-0.2260985000	-0.2272939960	-0.2284601399	-0.2295953318	-0.2306979665	-0.2317664377	-0.2327991415	-0.2337944803	-0.2347508673	-0.2356667301	-0.2365405157	-0.2373706942	-0.2381557639	-0.2388942555	-0.2395847366	-0.2402258163	-0.2408161496	-0.2413544421	-0.2418394540	-0.2422700046	-0.2426449763	-0.2429633185	-0.2432240517	-0.2434262709	-0.2435691488	-0.2436519393	-0.2436739801	-0.2436346956	-0.2435335991	-0.2433702946	-0.2431444790	-0.2428559434	-0.2425045739	-0.2420903529	-0.2416133591	-0.2410737681	-0.2404718518	-0.2398079783	-0.2390826110	-0.2382963071	-0.2374497167	-0.2365435811	-0.2355787301	-0.2345560805	-0.2334766332	-0.2323414702	-0.2311517518	-0.2299087132	-0.2286136607	-0.2272679683	-0.2258730736	-0.2244304734	-0.2229417198	-0.2214084155	-0.2198322094	-0.2182147917	-0.2165578894	-0.2148632615	-0.2131326938	-0.2113679948	-0.2095709900	-0.2077435179	-0.2058874250	-0.2040045608	-0.2020967742	-0.2001659080	-0.1982137957	-0.1962422567	-0.1942530926	-0.1922480838	-0.1902289854	-0.1881975244	-0.1861553966	-0.1841042632	-0.1820457491	-0.1799814395	-0.1779128787	-0.1758415675	-0.1737689618	-0.1716964712	-0.1696254575	-0.1675572340	-0.1654930645	-0.1634341629	-0.1613816923	-0.1593367654	-0.1573004441	-0.1552737397	-0.1532576128	-0.1512529745	-0.1492606862	-0.1472815604	-0.1453163617	-0.1433658077	-0.1414305695	-0.1395112731	-0.1376085005	-0.1357227906	-0.1338546407	-0.1320045076	-0.1301728088	-0.1283599241	-0.1265661966	-0.1247919342	-0.1230374111	-0.1213028688	-0.1195885179	-0.1178945389	-0.1162210840	-0.1145682783	-0.1129362210	-0.1113249866	-0.1097346266	-0.1081651699	-0.1066166250	-0.1050889802	-0.1035822055	-0.1020962534	-0.1006310596	-0.0991865447	-0.0977626147	-0.0963591623	-0.0949760673	-0.0936131982	-0.0922704124	-0.0909475575	-0.0896444716	-0.0883609847	-0.0870969187	-0.0858520885	-0.0846263026	-0.0834193637	-0.0822310690	-0.0810612114	-0.0799095793	-0.0787759576	-0.0776601279	-0.0765618692	-0.0754809580	-0.0744171689	-0.0733702750	-0.0723400480	-0.0713262590	-0.0703286783	-0.0693470759	-0.0683812218	-0.0674308863	-0.0664958400	-0.0655758544	-0.0646707017	-0.0637801551	-0.0629039891	-0.0620419798	-0.0611939045	-0.0603595425	-0.0595386745	-0.0587310835	-0.0579365542	-0.0571548738	-0.0563858312	-0.0556292179	-0.0548848277	-0.0541524566	-0.0534319033	-0.0527229688	-0.0520254568	-0.0513391733	-0.0506639273	-0.0499995299
-0.1199919142	-0.1207430608	-0.1215058154	-0.1222802763	-0.1230665410	-0.1238647068	-0.1246748700	-0.1254971261	-0.1263315693	-0.1271782928	-0.1280373881	-0.1289089450	-0.1297930515	-0.1306897931	-0.1315992534	-0.1325215127	-0.1334566489	-0.1344047363	-0.1353658457	-0.1363400441	-0.1373273944	-0.1383279546	-0.1393417782	-0.1403689131	-0.1414094016	-0.1424632799	-0.1435305777	-0.1446113176	-0.1457055147	-0.1468131763	-0.1479343009	-0.1490688784	-0.1502168888	-0.1513783020	-0.1525530773	-0.1537411625	-0.1549424934	-0.1561569933	-0.1573845719	-0.1586251251	-0.1598785339	-0.1611446638	-0.1624233640	-0.1637144665	-0.1650177858	-0.1663331174	-0.1676602372	-0.1689989011	-0.1703488432	-0.1717097761	-0.1730813887	-0.1744633465	-0.1758552898	-0.1772568334	-0.1786675654	-0.1800870461	-0.1815148075	-0.1829503524	-0.1843931529	-0.1858426504	-0.1872982541	-0.1887593405	-0.1902252525	-0.1916952989	-0.1931687531	-0.1946448532	-0.1961228008	-0.1976017610	-0.1990808615	-0.2005591924	-0.2020358058	-0.2035097159	-0.2049798987	-0.2064452917	-0.2079047949	-0.2093572699	-0.2108015414	-0.2122363970	-0.2136605881	-0.2150728309	-0.2164718073	-0.2178561659	-0.2192245236	-0.2205754671	-0.2219075546	-0.2232193175	-0.2245092630	-0.2257758760	-0.2270176216	-0.2282329480	-0.2294202895	-0.2305780689	-0.2317047017	-0.2327985988	-0.2338581703	-0.2348818295	-0.2358679964	-0.2368151020	-0.2377215924	-0.2385859330	-0.2394066127	-0.2401821485	-0.2409110898	-0.2415920227	-0.2422235748	-0.2428044193	-0.2433332793	-0.2438089324	-0.2442302145	-0.2445960241	-0.2449053261	-0.2451571555	-0.2453506211	-0.2454849087	-0.2455592840	-0.2455730961	-0.2455257793	-0.2454168559	-0.2452459381	-0.2450127299	-0.2447170283	-0.2443587244	-0.2439378044	-0.2434543499	-0.2429085383	-0.2423006425	-0.2416310302	-0.2409001635	-0.2401085976	-0.2392569796	-0.2383460462	-0.2373766227	-0.2363496196	-0.2352660311	-0.2341269314	-0.2329334722	-0.2316868792	-0.2303884486	-0.2290395435	-0.2276415895	-0.2261960713	-0.2247045278	-0.2231685482	-0.2215897672	-0.2199698603	-0.2183105397	-0.2166135488	-0.2148806581	-0.2131136599	-0.2113143642	-0.2094845935	-0.2076261781	-0.2057409523	-0.2038307490	-0.2018973962	-0.1999427121	-0.1979685019	-0.1959765532	-0.1939686329	-0.1919464834	-0.1899118197	-0.1878663259	-0.1858116528	-0.1837494152	-0.1816811894	-0.1796085113	-0.1775328745	-0.1754557281	-0.1733784762	-0.1713024757	-0.1692290359	-0.1671594175	-0.1650948320	-0.1630364410	-0.1609853566	-0.1589426405	-0.1569093047	-0.1548863114	-0.1528745737	-0.1508749556	-0.1488882730	-0.1469152943	-0.1449567413	-0.1430132900	-0.1410855716	-0.1391741738	-0.1372796414	-0.1354024779	-0.1335431469	-0.1317020725	-0.1298796416	-0.1280762045	-0.1262920766	-0.1245275392	-0.1227828418	-0.1210582022	-0.1193538088	-0.1176698214	-0.1160063727	-0.1143635696	-0.1127414941	-0.1111402051	-0.1095597392	-0.1080001118	-0.1064613187	-0.1049433368	-0.1034461255	-0.1019696274	-0.1005137696	-0.0990784647	-0.0976636114	-0.0962690958	-0.0948947923	-0.0935405641	-0.0922062643	-0.0908917364	-0.0895968155	-0.0883213285	-0.0870650951	-0.0858279285	-0.0846096357	-0.0834100183	-0.0822288730	-0.0810659923	-0.0799211647	-0.0787941754	-0.0776848066	-0.0765928380	-0.0755180473	-0.0744602104	-0.0734191017	-0.0723944948	-0.0713861623	-0.0703938766	-0.0694174098	-0.0684565340	-0.0675110218	-0.0665806463	-0.0656651811	-0.0647644012	-0.0638780824	-0.0630060017	-0.0621479379	-0.0613036709	-0.0604729828	-0.0596556570	-0.0588514793	-0.0580602372	-0.0572817205	-0.0565157209	-0.0557620327	-0.0550204523	-0.0542907786	-0.0535728128	-0.0528663587	-0.0521712225	-0.0514872130	-0.0508141415
-0.1218702292	-0.1226276541	-0.1233967238	-0.1241775340	-0.1249701797	-0.1257747554	-0.1265913546	-0.1274200699	-0.1282609926	-0.1291142127	-0.1299798184	-0.1308578962	-0.1317485305	-0.1326518035	-0.1335677947	-0.1344965808	-0.1354382356	-0.1363928292	-0.1373604283	-0.1383410954	-0.1393348887	-0.1403418619	-0.1413620633	-0.1423955360	-0.1434423171	-0.1445024376	-0.1455759217	-0.1466627864	-0.1477630411	-0.1488766871	-0.1500037171	-0.1511441146	-0.1522978534	-0.1534648969	-0.1546451978	-0.1558386970	-0.1570453237	-0.1582649939	-0.1594976103	-0.1607430615	-0.1620012211	-0.1632719472	-0.1645550813	-0.1658504480	-0.1671578538	-0.1684770866	-0.1698079144	-0.1711500852	-0.1725033254	-0.1738673394	-0.1752418085	-0.1766263902	-0.1780207172	-0.1794243965	-0.1808370085	-0.1822581063	-0.1836872144	-0.1851238283	-0.1865674135	-0.1880174045	-0.1894732041	-0.1909341827	-0.1923996774	-0.1938689914	-0.1953413932	-0.1968161163	-0.1982923583	-0.1997692803	-0.2012460071	-0.2027216263	-0.2041951882	-0.2056657056	-0.2071321539	-0.2085934709	-0.2100485573	-0.2114962766	-0.2129354559	-0.2143648860	-0.2157833226	-0.2171894870	-0.2185820669	-0.2199597179	-0.2213210647	-0.2226647026	-0.2239891994	-0.2252930971	-0.2265749144	-0.2278331485	-0.2290662776	-0.2302727641	-0.2314510570	-0.2325995949	-0.2337168094	-0.2348011284	-0.2358509798	-0.2368647948	-0.2378410122	-0.2387780819	-0.2396744693	-0.2405286592	-0.2413391605	-0.2421045097	-0.2428232760	-0.2434940651	-0.2441155240	-0.2446863449	-0.2452052698	-0.2456710942	-0.2460826718	-0.2464389180	-0.2467388141	-0.2469814107	-0.2471658310	-0.2472912746	-0.2473570201	-0.2473624283	-0.2473069442	-0.2471901000	-0.2470115164	-0.2467709048	-0.2464680685	-0.2461029040	-0.2456754016	-0.2451856459	-0.2446338161	-0.2440201857	-0.2433451221	-0.2426090860	-0.2418126300	-0.2409563974	-0.2400411205	-0.2390676186	-0.2380367957	-0.2369496381	-0.2358072115	-0.2346106579	-0.2333611927	-0.2320601007	-0.2307087326	-0.2293085015	-0.2278608782	-0.2263673874	-0.2248296034	-0.2232491454	-0.2216276732	-0.2199668823	-0.2182684998	-0.2165342790	-0.2147659954	-0.2129654417	-0.2111344230	-0.2092747529	-0.2073882484	-0.2054767257	-0.2035419964	-0.2015858628	-0.1996101142	-0.1976165233	-0.1956068425	-0.1935828002	-0.1915460982	-0.1894984082	-0.1874413693	-0.1853765854	-0.1833056227	-0.1812300081	-0.1791512265	-0.1770707199	-0.1749898856	-0.1729100749	-0.1708325923	-0.1687586946	-0.1666895900	-0.1646264381	-0.1625703492	-0.1605223846	-0.1584835562	-0.1564548271	-0.1544371117	-0.1524312763	-0.1504381394	-0.1484584728	-0.1464930022	-0.1445424077	-0.1426073256	-0.1406883485	-0.1387860271	-0.1369008707	-0.1350333492	-0.1331838933	-0.1313528966	-0.1295407163	-0.1277476751	-0.1259740616	-0.1242201325	-0.1224861133	-0.1207721999	-0.1190785597	-0.1174053329	-0.1157526339	-0.1141205525	-0.1125091548	-0.1109184849	-0.1093485657	-0.1077994001	-0.1062709722	-0.1047632483	-0.1032761778	-0.1018096947	-0.1003637180	-0.0989381530	-0.0975328919	-0.0961478152	-0.0947827919	-0.0934376809	-0.0921123313	-0.0908065834	-0.0895202694	-0.0882532140	-0.0870052351	-0.0857761443	-0.0845657477	-0.0833738463	-0.0822002366	-0.0810447110	-0.0799070583	-0.0787870644	-0.0776845124	-0.0765991831	-0.0755308555	-0.0744793070	-0.0734443137	-0.0724256510	-0.0714230936	-0.0704364160	-0.0694653924	-0.0685097975	-0.0675694061	-0.0666439939	-0.0657333372	-0.0648372135	-0.0639554013	-0.0630876804	-0.0622338323	-0.0613936399	-0.0605668878	-0.0597533625	-0.0589528525	-0.0581651481	-0.0573900419	-0.0566273287	-0.0558768054	-0.0551382712	-0.0544115277	-0.0536963791	-0.0529926317	-0.0523000945	-0.0516185789
-0.1237234596	-0.1244867758	-0.1252617659	-0.1260485232	-0.1268471399	-0.1276577076	-0.1284803170	-0.1293150575	-0.1301620174	-0.1310212833	-0.1318929401	-0.1327770708	-0.1336737562	-0.1345830748	-0.1355051021	-0.1364399110	-0.1373875709	-0.1383481480	-0.1393217044	-0.1403082981	-0.1413079827	-0.1423208070	-0.1433468143	-0.1443860428	-0.1454385243	-0.1465042843	-0.1475833415	-0.1486757073	-0.1497813853	-0.1509003708	-0.1520326504	-0.1531782013	-0.1543369909	-0.1555089762	-0.1566941031	-0.1578923059	-0.1591035067	-0.1603276145	-0.1615645250	-0.1628141195	-0.1640762641	-0.1653508096	-0.1666375900	-0.1679364223	-0.1692471053	-0.1705694192	-0.1719031245	-0.1732479612	-0.1746036480	-0.1759698818	-0.1773463361	-0.1787326607	-0.1801284809	-0.1815333961	-0.1829469795	-0.1843687770	-0.1857983060	-0.1872350554	-0.1886784840	-0.1901280200	-0.1915830603	-0.1930429694	-0.1945070792	-0.1959746879	-0.1974450596	-0.1989174236	-0.2003909739	-0.2018648687	-0.2033382303	-0.2048101444	-0.2062796600	-0.2077457894	-0.2092075082	-0.2106637551	-0.2121134324	-0.2135554060	-0.2149885063	-0.2164115284	-0.2178232330	-0.2192223471	-0.2206075654	-0.2219775512	-0.2233309378	-0.2246663302	-0.2259823067	-0.2272774208	-0.2285502036	-0.2297991654	-0.2310227988	-0.2322195810	-0.2333879768	-0.2345264414	-0.2356334237	-0.2367073695	-0.2377467252	-0.2387499412	-0.2397154757	-0.2406417986	-0.2415273956	-0.2423707719	-0.2431704569	-0.2439250081	-0.2446330150	-0.2452931040	-0.2459039424	-0.2464642422	-0.2469727649	-0.2474283253	-0.2478297955	-0.2481761088	-0.2484662635	-0.2486993263	-0.2488744360	-0.2489908066	-0.2490477303	-0.2490445800	-0.2489808124	-0.2488559696	-0.2486696815	-0.2484216673	-0.2481117372	-0.2477397930	-0.2473058292	-0.2468099337	-0.2462522872	-0.2456331642	-0.2449529313	-0.2442120475	-0.2434110626	-0.2425506156	-0.2416314337	-0.2406543298	-0.2396202005	-0.2385300237	-0.2373848555	-0.2361858276	-0.2349341437	-0.2336310763	-0.2322779632	-0.2308762031	-0.2294272522	-0.2279326199	-0.2263938642	-0.2248125877	-0.2231904332	-0.2215290786	-0.2198302331	-0.2180956321	-0.2163270325	-0.2145262088	-0.2126949479	-0.2108350448	-0.2089482986	-0.2070365076	-0.2051014657	-0.2031449581	-0.2011687574	-0.1991746203	-0.1971642833	-0.1951394602	-0.1931018385	-0.1910530764	-0.1889948004	-0.1869286025	-0.1848560380	-0.1827786235	-0.1806978349	-0.1786151058	-0.1765318260	-0.1744493404	-0.1723689478	-0.1702919003	-0.1682194023	-0.1661526104	-0.1640926327	-0.1620405291	-0.1599973110	-0.1579639416	-0.1559413362	-0.1539303626	-0.1519318417	-0.1499465478	-0.1479752101	-0.1460185127	-0.1440770961	-0.1421515578	-0.1402424537	-0.1383502990	-0.1364755690	-0.1346187011	-0.1327800952	-0.1309601155	-0.1291590912	-0.1273773184	-0.1256150608	-0.1238725514	-0.1221499934	-0.1204475618	-0.1187654042	-0.1171036427	-0.1154623743	-0.1138416729	-0.1122415898	-0.1106621553	-0.1091033796	-0.1075652539	-0.1060477515	-0.1045508290	-0.1030744270	-0.1016184711	-0.1001828732	-0.0987675320	-0.0973723340	-0.0959971543	-0.0946418576	-0.0933062987	-0.0919903235	-0.0906937695	-0.0894164665	-0.0881582373	-0.0869188985	-0.0856982607	-0.0844961293	-0.0833123051	-0.0821465845	-0.0809987604	-0.0798686223	-0.0787559568	-0.0776605483	-0.0765821789	-0.0755206291	-0.0744756781	-0.0734471038	-0.0724346838	-0.0714381949	-0.0704574138	-0.0694921172	-0.0685420822	-0.0676070864	-0.0666869079	-0.0657813259	-0.0648901205	-0.0640130731	-0.0631499663	-0.0623005845	-0.0614647135	-0.0606421408	-0.0598326557	-0.0590360498	-0.0582521162	-0.0574806505	-0.0567214501	-0.0559743151	-0.0552390475	-0.0545154516	-0.0538033345	-0.0531025053	-0.0524127756
-0.1255514716	-0.1263202938	-0.1271008119	-0.1278931162	-0.1286972962	-0.1295134405	-0.1303416368	-0.1311819713	-0.1320345290	-0.1328993931	-0.1337766451	-0.1346663643	-0.1355686279	-0.1364835102	-0.1374110831	-0.1383514152	-0.1393045717	-0.1402706144	-0.1412496009	-0.1422415847	-0.1432466144	-0.1442647340	-0.1452959819	-0.1463403908	-0.1473979874	-0.1484687916	-0.1495528166	-0.1506500680	-0.1517605435	-0.1528842324	-0.1540211151	-0.1551711625	-0.1563343357	-0.1575105849	-0.1586998494	-0.1599020568	-0.1611171222	-0.1623449477	-0.1635854216	-0.1648384182	-0.1661037964	-0.1673813993	-0.1686710537	-0.1699725690	-0.1712857365	-0.1726103288	-0.1739460988	-0.1752927789	-0.1766500804	-0.1780176925	-0.1793952812	-0.1807824891	-0.1821789340	-0.1835842083	-0.1849978780	-0.1864194821	-0.1878485316	-0.1892845087	-0.1907268660	-0.1921750260	-0.1936283798	-0.1950862869	-0.1965480741	-0.1980130353	-0.1994804305	-0.2009494856	-0.2024193914	-0.2038893039	-0.2053583433	-0.2068255941	-0.2082901050	-0.2097508882	-0.2112069201	-0.2126571412	-0.2141004560	-0.2155357338	-0.2169618089	-0.2183774815	-0.2197815179	-0.2211726520	-0.2225495862	-0.2239109922	-0.2252555130	-0.2265817639	-0.2278883348	-0.2291737915	-0.2304366782	-0.2316755195	-0.2328888229	-0.2340750816	-0.2352327771	-0.2363603819	-0.2374563631	-0.2385191854	-0.2395473145	-0.2405392209	-0.2414933830	-0.2424082916	-0.2432824535	-0.2441143953	-0.2449026679	-0.2456458500	-0.2463425529	-0.2469914243	-0.2475911523	-0.2481404699	-0.2486381590	-0.2490830541	-0.2494740465	-0.2498100881	-0.2500901950	-0.2503134510	-0.2504790108	-0.2505861035	-0.2506340352	-0.2506221921	-0.2505500424	-0.2504171391	-0.2502231214	-0.2499677168	-0.2496507424	-0.2492721058	-0.2488318058	-0.2483299333	-0.2477666711	-0.2471422940	-0.2464571681	-0.2457117502	-0.2449065867	-0.2440423124	-0.2431196486	-0.2421394013	-0.2411024593	-0.2400097909	-0.2388624422	-0.2376615335	-0.2364082562	-0.2351038696	-0.2337496972	-0.2323471229	-0.2308975869	-0.2294025821	-0.2278636495	-0.2262823740	-0.2246603800	-0.2229993270	-0.2213009050	-0.2195668304	-0.2177988406	-0.2159986907	-0.2141681481	-0.2123089885	-0.2104229917	-0.2085119372	-0.2065776003	-0.2046217479	-0.2026461351	-0.2006525012	-0.1986425663	-0.1966180283	-0.1945805595	-0.1925318038	-0.1904733740	-0.1884068495	-0.1863337738	-0.1842556523	-0.1821739509	-0.1800900941	-0.1780054635	-0.1759213966	-0.1738391861	-0.1717600783	-0.1696852731	-0.1676159235	-0.1655531347	-0.1634979646	-0.1614514235	-0.1594144739	-0.1573880317	-0.1553729654	-0.1533700976	-0.1513802052	-0.1494040200	-0.1474422296	-0.1454954785	-0.1435643687	-0.1416494608	-0.1397512752	-0.1378702931	-0.1360069577	-0.1341616751	-0.1323348160	-0.1305267165	-0.1287376794	-0.1269679755	-0.1252178451	-0.1234874985	-0.1217771182	-0.1200868593	-0.1184168511	-0.1167671984	-0.1151379821	-0.1135292613	-0.1119410733	-0.1103734358	-0.1088263472	-0.1072997879	-0.1057937213	-0.1043080950	-0.1028428414	-0.1013978790	-0.0999731128	-0.0985684357	-0.0971837290	-0.0958188633	-0.0944736993	-0.0931480885	-0.0918418739	-0.0905548906	-0.0892869665	-0.0880379232	-0.0868075760	-0.0855957350	-0.0844022053	-0.0832267878	-0.0820692793	-0.0809294733	-0.0798071601	-0.0787021277	-0.0776141616	-0.0765430456	-0.0754885620	-0.0744504918	-0.0734286153	-0.0724227119	-0.0714325609	-0.0704579414	-0.0694986329	-0.0685544149	-0.0676250676	-0.0667103722	-0.0658101104	-0.0649240653	-0.0640520212	-0.0631937637	-0.0623490800	-0.0615177589	-0.0606995910	-0.0598943686	-0.0591018860	-0.0583219396	-0.0575543278	-0.0567988510	-0.0560553122	-0.0553235162	-0.0546032705	-0.0538943847	-0.0531966708
-0.1273541454	-0.1281280906	-0.1289137464	-0.1297112002	-0.1305205385	-0.1313418469	-0.1321752097	-0.1330207101	-0.1338784296	-0.1347484479	-0.1356308429	-0.1365256901	-0.1374330629	-0.1383530316	-0.1392856641	-0.1402310246	-0.1411891743	-0.1421601701	-0.1431440652	-0.1441409084	-0.1451507434	-0.1461736091	-0.1472095389	-0.1482585602	-0.1493206941	-0.1503959552	-0.1514843509	-0.1525858810	-0.1537005373	-0.1548283029	-0.1559691520	-0.1571230493	-0.1582899492	-0.1594697957	-0.1606625211	-0.1618680463	-0.1630862794	-0.1643171156	-0.1655604362	-0.1668161080	-0.1680839829	-0.1693638967	-0.1706556687	-0.1719591010	-0.1732739774	-0.1746000631	-0.1759371036	-0.1772848239	-0.1786429278	-0.1800110971	-0.1813889908	-0.1827762441	-0.1841724679	-0.1855772476	-0.1869901426	-0.1884106852	-0.1898383801	-0.1912727035	-0.1927131022	-0.1941589931	-0.1956097622	-0.1970647641	-0.1985233213	-0.1999847238	-0.2014482280	-0.2029130568	-0.2043783988	-0.2058434079	-0.2073072031	-0.2087688685	-0.2102274525	-0.2116819683	-0.2131313939	-0.2145746719	-0.2160107101	-0.2174383817	-0.2188565259	-0.2202639484	-0.2216594222	-0.2230416888	-0.2244094589	-0.2257614136	-0.2270962064	-0.2284124638	-0.2297087878	-0.2309837575	-0.2322359312	-0.2334638484	-0.2346660325	-0.2358409934	-0.2369872301	-0.2381032333	-0.2391874892	-0.2402384820	-0.2412546977	-0.2422346274	-0.2431767710	-0.2440796407	-0.2449417651	-0.2457616931	-0.2465379976	-0.2472692799	-0.2479541732	-0.2485913473	-0.2491795122	-0.2497174225	-0.2502038808	-0.2506377424	-0.2510179185	-0.2513433800	-0.2516131616	-0.2518263645	-0.2519821602	-0.2520797933	-0.2521185846	-0.2520979336	-0.2520173207	-0.2518763101	-0.2516745508	-0.2514117787	-0.2510878181	-0.2507025823	-0.2502560749	-0.2497483899	-0.2491797118	-0.2485503157	-0.2478605670	-0.2471109201	-0.2463019179	-0.2454341903	-0.2445084524	-0.2435255029	-0.2424862217	-0.2413915675	-0.2402425754	-0.2390403535	-0.2377860802	-0.2364810007	-0.2351264234	-0.2337237163	-0.2322743031	-0.2307796590	-0.2292413069	-0.2276608130	-0.2260397826	-0.2243798556	-0.2226827019	-0.2209500176	-0.2191835201	-0.2173849437	-0.2155560354	-0.2136985507	-0.2118142491	-0.2099048903	-0.2079722300	-0.2060180160	-0.2040439847	-0.2020518573	-0.2000433366	-0.1980201037	-0.1959838147	-0.1939360984	-0.1918785531	-0.1898127447	-0.1877402038	-0.1856624242	-0.1835808609	-0.1814969285	-0.1794119995	-0.1773274036	-0.1752444260	-0.1731643071	-0.1710882415	-0.1690173777	-0.1669528176	-0.1648956163	-0.1628467822	-0.1608072771	-0.1587780162	-0.1567598688	-0.1547536585	-0.1527601639	-0.1507801193	-0.1488142154	-0.1468631001	-0.1449273794	-0.1430076185	-0.1411043427	-0.1392180384	-0.1373491544	-0.1354981031	-0.1336652610	-0.1318509709	-0.1300555423	-0.1282792529	-0.1265223499	-0.1247850509	-0.1230675455	-0.1213699961	-0.1196925395	-0.1180352877	-0.1163983293	-0.1147817303	-0.1131855357	-0.1116097704	-0.1100544398	-0.1085195316	-0.1070050162	-0.1055108482	-0.1040369667	-0.1025832968	-0.1011497502	-0.0997362261	-0.0983426122	-0.0969687850	-0.0956146113	-0.0942799483	-0.0929646445	-0.0916685406	-0.0903914698	-0.0891332587	-0.0878937276	-0.0866726913	-0.0854699595	-0.0842853376	-0.0831186265	-0.0819696239	-0.0808381241	-0.0797239187	-0.0786267969	-0.0775465460	-0.0764829514	-0.0754357974	-0.0744048671	-0.0733899430	-0.0723908070	-0.0714072409	-0.0704390263	-0.0694859452	-0.0685477801	-0.0676243140	-0.0667153307	-0.0658206152	-0.0649399533	-0.0640731323	-0.0632199410	-0.0623801695	-0.0615536095	-0.0607400549	-0.0599393008	-0.0591511448	-0.0583753860	-0.0576118261	-0.0568602684	-0.0561205188	-0.0553923852	-0.0546756779	-0.0539702094
-0.1291313753	-0.1299100629	-0.1307004688	-0.1315026772	-0.1323167717	-0.1331428347	-0.1339809471	-0.1348311888	-0.1356936377	-0.1365683700	-0.1374554598	-0.1383549789	-0.1392669964	-0.1401915790	-0.1411287901	-0.1420786896	-0.1430413343	-0.1440167766	-0.1450050649	-0.1460062431	-0.1470203502	-0.1480474198	-0.1490874801	-0.1501405532	-0.1512066548	-0.1522857938	-0.1533779717	-0.1544831827	-0.1556014124	-0.1567326379	-0.1578768272	-0.1590339384	-0.1602039198	-0.1613867084	-0.1625822301	-0.1637903988	-0.1650111159	-0.1662442696	-0.1674897340	-0.1687473690	-0.1700170191	-0.1712985130	-0.1725916628	-0.1738962631	-0.1752120906	-0.1765389031	-0.1778764388	-0.1792244154	-0.1805825297	-0.1819504562	-0.1833278470	-0.1847143303	-0.1861095102	-0.1875129655	-0.1889242492	-0.1903428874	-0.1917683788	-0.1932001939	-0.1946377740	-0.1960805309	-0.1975278460	-0.1989790695	-0.2004335200	-0.2018904839	-0.2033492148	-0.2048089330	-0.2062688254	-0.2077280445	-0.2091857087	-0.2106409020	-0.2120926736	-0.2135400382	-0.2149819758	-0.2164174322	-0.2178453190	-0.2192645139	-0.2206738617	-0.2220721745	-0.2234582328	-0.2248307863	-0.2261885547	-0.2275302296	-0.2288544752	-0.2301599304	-0.2314452102	-0.2327089074	-0.2339495953	-0.2351658292	-0.2363561490	-0.2375190822	-0.2386531459	-0.2397568500	-0.2408287003	-0.2418672015	-0.2428708604	-0.2438381897	-0.2447677112	-0.2456579593	-0.2465074855	-0.2473148611	-0.2480786822	-0.2487975728	-0.2494701892	-0.2500952238	-0.2506714091	-0.2511975217	-0.2516723861	-0.2520948784	-0.2524639304	-0.2527785330	-0.2530377395	-0.2532406694	-0.2533865113	-0.2534745258	-0.2535040489	-0.2534744936	-0.2533853533	-0.2532362032	-0.2530267026	-0.2527565961	-0.2524257153	-0.2520339796	-0.2515813971	-0.2510680649	-0.2504941693	-0.2498599857	-0.2491658785	-0.2484122995	-0.2475997878	-0.2467289679	-0.2458005485	-0.2448153203	-0.2437741541	-0.2426779981	-0.2415278758	-0.2403248827	-0.2390701834	-0.2377650080	-0.2364106493	-0.2350084584	-0.2335598415	-0.2320662556	-0.2305292046	-0.2289502350	-0.2273309321	-0.2256729150	-0.2239778332	-0.2222473613	-0.2204831956	-0.2186870489	-0.2168606470	-0.2150057240	-0.2131240185	-0.2112172693	-0.2092872118	-0.2073355736	-0.2053640718	-0.2033744086	-0.2013682686	-0.1993473150	-0.1973131874	-0.1952674983	-0.1932118309	-0.1911477365	-0.1890767325	-0.1870003001	-0.1849198826	-0.1828368839	-0.1807526669	-0.1786685523	-0.1765858178	-0.1745056968	-0.1724293779	-0.1703580047	-0.1682926749	-0.1662344403	-0.1641843069	-0.1621432349	-0.1601121387	-0.1580918876	-0.1560833056	-0.1540871728	-0.1521042254	-0.1501351566	-0.1481806174	-0.1462412175	-0.1443175261	-0.1424100731	-0.1405193499	-0.1386458107	-0.1367898733	-0.1349519205	-0.1331323012	-0.1313313313	-0.1295492952	-0.1277864470	-0.1260430113	-0.1243191847	-0.1226151369	-0.1209310119	-0.1192669290	-0.1176229840	-0.1159992504	-0.1143957805	-0.1128126062	-0.1112497403	-0.1097071776	-0.1081848956	-0.1066828557	-0.1052010040	-0.1037392723	-0.1022975789	-0.1008758294	-0.0994739179	-0.0980917272	-0.0967291300	-0.0953859893	-0.0940621596	-0.0927574869	-0.0914718100	-0.0902049606	-0.0889567641	-0.0877270403	-0.0865156036	-0.0853222639	-0.0841468266	-0.0829890936	-0.0818488632	-0.0807259311	-0.0796200901	-0.0785311312	-0.0774588433	-0.0764030138	-0.0753634292	-0.0743398749	-0.0733321357	-0.0723399959	-0.0713632401	-0.0704016526	-0.0694550181	-0.0685231219	-0.0676057500	-0.0667026893	-0.0658137274	-0.0649386535	-0.0640772579	-0.0632293323	-0.0623946700	-0.0615730660	-0.0607643168	-0.0599682211	-0.0591845792	-0.0584131937	-0.0576538689	-0.0569064114	-0.0561706300	-0.0554463357	-0.0547333416
-0.1308830689	-0.1316661212	-0.1324608925	-0.1332674639	-0.1340859157	-0.1349163271	-0.1357587758	-0.1366133380	-0.1374800879	-0.1383590982	-0.1392504391	-0.1401541784	-0.1410703813	-0.1419991102	-0.1429404241	-0.1438943789	-0.1448610264	-0.1458404146	-0.1468325871	-0.1478375829	-0.1488554358	-0.1498861745	-0.1509298216	-0.1519863941	-0.1530559019	-0.1541383484	-0.1552337294	-0.1563420329	-0.1574632386	-0.1585973176	-0.1597442314	-0.1609039320	-0.1620763608	-0.1632614486	-0.1644591146	-0.1656692658	-0.1668917968	-0.1681265887	-0.1693735089	-0.1706324101	-0.1719031297	-0.1731854893	-0.1744792938	-0.1757843307	-0.1771003695	-0.1784271608	-0.1797644357	-0.1811119051	-0.1824692584	-0.1838361635	-0.1852122654	-0.1865971860	-0.1879905227	-0.1893918481	-0.1908007089	-0.1922166254	-0.1936390907	-0.1950675698	-0.1965014993	-0.1979402860	-0.1993833071	-0.2008299090	-0.2022794067	-0.2037310838	-0.2051841913	-0.2066379478	-0.2080915385	-0.2095441155	-0.2109947970	-0.2124426677	-0.2138867780	-0.2153261447	-0.2167597508	-0.2181865455	-0.2196054450	-0.2210153324	-0.2224150587	-0.2238034431	-0.2251792742	-0.2265413105	-0.2278882820	-0.2292188908	-0.2305318132	-0.2318257007	-0.2330991821	-0.2343508649	-0.2355793379	-0.2367831730	-0.2379609274	-0.2391111468	-0.2402323671	-0.2413231181	-0.2423819260	-0.2434073165	-0.2443978180	-0.2453519655	-0.2462683031	-0.2471453885	-0.2479817960	-0.2487761208	-0.2495269822	-0.2502330278	-0.2508929374	-0.2515054266	-0.2520692511	-0.2525832099	-0.2530461499	-0.2534569687	-0.2538146193	-0.2541181125	-0.2543665213	-0.2545589837	-0.2546947057	-0.2547729646	-0.2547931115	-0.2547545738	-0.2546568577	-0.2544995501	-0.2542823204	-0.2540049224	-0.2536671950	-0.2532690639	-0.2528105415	-0.2522917282	-0.2517128121	-0.2510740687	-0.2503758611	-0.2496186385	-0.2488029357	-0.2479293719	-0.2469986485	-0.2460115480	-0.2449689315	-0.2438717365	-0.2427209741	-0.2415177266	-0.2402631439	-0.2389584409	-0.2376048937	-0.2362038360	-0.2347566556	-0.2332647905	-0.2317297248	-0.2301529847	-0.2285361345	-0.2268807720	-0.2251885250	-0.2234610462	-0.2217000096	-0.2199071061	-0.2180840392	-0.2162325210	-0.2143542681	-0.2124509979	-0.2105244243	-0.2085762545	-0.2066081850	-0.2046218984	-0.2026190601	-0.2006013152	-0.1985702854	-0.1965275666	-0.1944747259	-0.1924132996	-0.1903447907	-0.1882706672	-0.1861923602	-0.1841112621	-0.1820287254	-0.1799460615	-0.1778645394	-0.1757853851	-0.1737097807	-0.1716388640	-0.1695737280	-0.1675154208	-0.1654649452	-0.1634232593	-0.1613912762	-0.1593698644	-0.1573598483	-0.1553620086	-0.1533770831	-0.1514057670	-0.1494487141	-0.1475065371	-0.1455798093	-0.1436690645	-0.1417747988	-0.1398974714	-0.1380375056	-0.1361952898	-0.1343711788	-0.1325654948	-0.1307785288	-0.1290105414	-0.1272617640	-0.1255324002	-0.1238226268	-0.1221325948	-0.1204624307	-0.1188122377	-0.1171820965	-0.1155720664	-0.1139821868	-0.1124124777	-0.1108629408	-0.1093335607	-0.1078243059	-0.1063351293	-0.1048659694	-0.1034167513	-0.1019873871	-0.1005777773	-0.0991878109	-0.0978173667	-0.0964663140	-0.0951345127	-0.0938218148	-0.0925280645	-0.0912530988	-0.0899967484	-0.0887588381	-0.0875391871	-0.0863376101	-0.0851539170	-0.0839879142	-0.0828394041	-0.0817081865	-0.0805940582	-0.0794968137	-0.0784162458	-0.0773521453	-0.0763043020	-0.0752725043	-0.0742565402	-0.0732561969	-0.0722712616	-0.0713015213	-0.0703467633	-0.0694067752	-0.0684813452	-0.0675702623	-0.0666733163	-0.0657902981	-0.0649209998	-0.0640652149	-0.0632227383	-0.0623933663	-0.0615768971	-0.0607731305	-0.0599818681	-0.0592029135	-0.0584360723	-0.0576811519	-0.0569379620	-0.0562063145	-0.0554860232
-0.1326091475	-0.1333961898	-0.1341949449	-0.1350054909	-0.1358279048	-0.1366622624	-0.1375086377	-0.1383671036	-0.1392377306	-0.1401205874	-0.1410157403	-0.1419232532	-0.1428431872	-0.1437756003	-0.1447205472	-0.1456780792	-0.1466482437	-0.1476310838	-0.1486266383	-0.1496349411	-0.1506560211	-0.1516899016	-0.1527366001	-0.1537961278	-0.1548684893	-0.1559536821	-0.1570516963	-0.1581625140	-0.1592861087	-0.1604224453	-0.1615714793	-0.1627331561	-0.1639074107	-0.1650941673	-0.1662933384	-0.1675048245	-0.1687285131	-0.1699642787	-0.1712119816	-0.1724714676	-0.1737425672	-0.1750250948	-0.1763188483	-0.1776236082	-0.1789391370	-0.1802651784	-0.1816014565	-0.1829476752	-0.1843035173	-0.1856686439	-0.1870426937	-0.1884252820	-0.1898160000	-0.1912144142	-0.1926200656	-0.1940324690	-0.1954511122	-0.1968754553	-0.1983049300	-0.1997389391	-0.2011768558	-0.2026180231	-0.2040617531	-0.2055073268	-0.2069539933	-0.2084009698	-0.2098474408	-0.2112925581	-0.2127354405	-0.2141751737	-0.2156108104	-0.2170413698	-0.2184658383	-0.2198831697	-0.2212922851	-0.2226920737	-0.2240813933	-0.2254590711	-0.2268239042	-0.2281746608	-0.2295100816	-0.2308288802	-0.2321297455	-0.2334113425	-0.2346723142	-0.2359112837	-0.2371268560	-0.2383176199	-0.2394821510	-0.2406190134	-0.2417267630	-0.2428039498	-0.2438491210	-0.2448608239	-0.2458376095	-0.2467780351	-0.2476806682	-0.2485440899	-0.2493668985	-0.2501477130	-0.2508851766	-0.2515779613	-0.2522247707	-0.2528243442	-0.2533754609	-0.2538769431	-0.2543276601	-0.2547265319	-0.2550725326	-0.2553646940	-0.2556021086	-0.2557839335	-0.2559093925	-0.2559777797	-0.2559884618	-0.2559408808	-0.2558345559	-0.2556690860	-0.2554441510	-0.2551595135	-0.2548150203	-0.2544106029	-0.2539462787	-0.2534221511	-0.2528384096	-0.2521953302	-0.2514932742	-0.2507326880	-0.2499141022	-0.2490381297	-0.2481054650	-0.2471168817	-0.2460732309	-0.2449754386	-0.2438245033	-0.2426214933	-0.2413675437	-0.2400638531	-0.2387116804	-0.2373123414	-0.2358672049	-0.2343776890	-0.2328452574	-0.2312714153	-0.2296577051	-0.2280057030	-0.2263170139	-0.2245932682	-0.2228361169	-0.2210472280	-0.2192282820	-0.2173809684	-0.2155069811	-0.2136080152	-0.2116857627	-0.2097419092	-0.2077781302	-0.2057960880	-0.2037974282	-0.2017837766	-0.1997567369	-0.1977178872	-0.1956687781	-0.1936109300	-0.1915458311	-0.1894749354	-0.1873996610	-0.1853213883	-0.1832414587	-0.1811611736	-0.1790817928	-0.1770045342	-0.1749305727	-0.1728610399	-0.1707970234	-0.1687395669	-0.1666896697	-0.1646482872	-0.1626163304	-0.1605946669	-0.1585841207	-0.1565854728	-0.1545994620	-0.1526267852	-0.1506680984	-0.1487240173	-0.1467951183	-0.1448819392	-0.1429849803	-0.1411047056	-0.1392415434	-0.1373958875	-0.1355680984	-0.1337585045	-0.1319674028	-0.1301950604	-0.1284417153	-0.1267075780	-0.1249928322	-0.1232976357	-0.1216221224	-0.1199664023	-0.1183305635	-0.1167146724	-0.1151187755	-0.1135428999	-0.1119870546	-0.1104512312	-0.1089354050	-0.1074395359	-0.1059635693	-0.1045074369	-0.1030710574	-0.1016543376	-0.1002571731	-0.0988794489	-0.0975210401	-0.0961818127	-0.0948616245	-0.0935603252	-0.0922777574	-0.0910137570	-0.0897681539	-0.0885407726	-0.0873314323	-0.0861399478	-0.0849661298	-0.0838097853	-0.0826707181	-0.0815487292	-0.0804436170	-0.0793551779	-0.0782832065	-0.0772274959	-0.0761878379	-0.0751640236	-0.0741558434	-0.0731630872	-0.0721855449	-0.0712230063	-0.0702752617	-0.0693421015	-0.0684233171	-0.0675187004	-0.0666280444	-0.0657511431	-0.0648877918	-0.0640377872	-0.0632009272	-0.0623770115	-0.0615658413	-0.0607672197	-0.0599809515	-0.0592068434	-0.0584447040	-0.0576943440	-0.0569555762	-0.0562282154
-0.1343095456	-0.1351002064	-0.1359025673	-0.1367167031	-0.1375426876	-0.1383805929	-0.1392304897	-0.1400924469	-0.1409665315	-0.1418528081	-0.1427513391	-0.1436621844	-0.1445854006	-0.1455210415	-0.1464691575	-0.1474297952	-0.1484029972	-0.1493888020	-0.1503872433	-0.1513983502	-0.1524221463	-0.1534586496	-0.1545078722	-0.1555698199	-0.1566444917	-0.1577318792	-0.1588319667	-0.1599447303	-0.1610701377	-0.1622081474	-0.1633587086	-0.1645217604	-0.1656972315	-0.1668850393	-0.1680850900	-0.1692972771	-0.1705214816	-0.1717575711	-0.1730053992	-0.1742648046	-0.1755356109	-0.1768176259	-0.1781106404	-0.1794144281	-0.1807287445	-0.1820533266	-0.1833878918	-0.1847321372	-0.1860857392	-0.1874483525	-0.1888196094	-0.1901991190	-0.1915864668	-0.1929812134	-0.1943828945	-0.1957910195	-0.1972050714	-0.1986245056	-0.2000487498	-0.2014772028	-0.2029092344	-0.2043441845	-0.2057813628	-0.2072200483	-0.2086594887	-0.2100989002	-0.2115374670	-0.2129743415	-0.2144086434	-0.2158394603	-0.2172658472	-0.2186868268	-0.2201013896	-0.2215084940	-0.2229070672	-0.2242960048	-0.2256741723	-0.2270404051	-0.2283935099	-0.2297322653	-0.2310554229	-0.2323617089	-0.2336498250	-0.2349184506	-0.2361662436	-0.2373918432	-0.2385938711	-0.2397709341	-0.2409216261	-0.2420445310	-0.2431382247	-0.2442012780	-0.2452322600	-0.2462297401	-0.2471922919	-0.2481184963	-0.2490069443	-0.2498562410	-0.2506650090	-0.2514318917	-0.2521555570	-0.2528347012	-0.2534680523	-0.2540543741	-0.2545924695	-0.2550811843	-0.2555194110	-0.2559060917	-0.2562402226	-0.2565208562	-0.2567471055	-0.2569181464	-0.2570332212	-0.2570916409	-0.2570927881	-0.2570361195	-0.2569211677	-0.2567475435	-0.2565149374	-0.2562231213	-0.2558719495	-0.2554613598	-0.2549913741	-0.2544620990	-0.2538737256	-0.2532265297	-0.2525208711	-0.2517571932	-0.2509360217	-0.2500579636	-0.2491237056	-0.2481340123	-0.2470897243	-0.2459917559	-0.2448410924	-0.2436387878	-0.2423859616	-0.2410837958	-0.2397335317	-0.2383364662	-0.2368939487	-0.2354073769	-0.2338781935	-0.2323078819	-0.2306979623	-0.2290499881	-0.2273655414	-0.2256462289	-0.2238936784	-0.2221095342	-0.2202954534	-0.2184531019	-0.2165841505	-0.2146902711	-0.2127731334	-0.2108344006	-0.2088757267	-0.2068987528	-0.2049051041	-0.2028963868	-0.2008741854	-0.1988400601	-0.1967955440	-0.1947421411	-0.1926813242	-0.1906145327	-0.1885431709	-0.1864686067	-0.1843921699	-0.1823151510	-0.1802388003	-0.1781643268	-0.1760928978	-0.1740256379	-0.1719636290	-0.1699079096	-0.1678594751	-0.1658192775	-0.1637882256	-0.1617671852	-0.1597569795	-0.1577583895	-0.1557721544	-0.1537989724	-0.1518395013	-0.1498943593	-0.1479641256	-0.1460493417	-0.1441505119	-0.1422681043	-0.1404025520	-0.1385542541	-0.1367235764	-0.1349108532	-0.1331163873	-0.1313404522	-0.1295832924	-0.1278451248	-0.1261261398	-0.1244265024	-0.1227463530	-0.1210858091	-0.1194449654	-0.1178238957	-0.1162226536	-0.1146412732	-0.1130797705	-0.1115381442	-0.1100163766	-0.1085144344	-0.1070322699	-0.1055698214	-0.1041270144	-0.1027037620	-0.1012999664	-0.0999155186	-0.0985503000	-0.0972041827	-0.0958770301	-0.0945686978	-0.0932790338	-0.0920078796	-0.0907550702	-0.0895204353	-0.0883037989	-0.0871049808	-0.0859237962	-0.0847600566	-0.0836135703	-0.0824841422	-0.0813715750	-0.0802756689	-0.0791962221	-0.0781330314	-0.0770858921	-0.0760545985	-0.0750389443	-0.0740387223	-0.0730537253	-0.0720837461	-0.0711285773	-0.0701880122	-0.0692618443	-0.0683498680	-0.0674518783	-0.0665676715	-0.0656970448	-0.0648397965	-0.0639957266	-0.0631646362	-0.0623463284	-0.0615406074	-0.0607472796	-0.0599661529	-0.0591970373	-0.0584397445	-0.0576940883	-0.0569598847
-0.1359842106	-0.1367781219	-0.1375837143	-0.1384010592	-0.1392302268	-0.1400712858	-0.1409243031	-0.1417893440	-0.1426664715	-0.1435557464	-0.1444572269	-0.1453709687	-0.1462970242	-0.1472354427	-0.1481862701	-0.1491495484	-0.1501253155	-0.1511136049	-0.1521144456	-0.1531278613	-0.1541538705	-0.1551924859	-0.1562437143	-0.1573075559	-0.1583840038	-0.1594730442	-0.1605746554	-0.1616888075	-0.1628154621	-0.1639545716	-0.1651060791	-0.1662699171	-0.1674460081	-0.1686342629	-0.1698345811	-0.1710468498	-0.1722709431	-0.1735067220	-0.1747540332	-0.1760127089	-0.1772825659	-0.1785634050	-0.1798550104	-0.1811571491	-0.1824695699	-0.1837920031	-0.1851241597	-0.1864657303	-0.1878163850	-0.1891757722	-0.1905435183	-0.1919192266	-0.1933024768	-0.1946928244	-0.1960897997	-0.1974929073	-0.1989016256	-0.2003154060	-0.2017336721	-0.2031558195	-0.2045812148	-0.2060091955	-0.2074390692	-0.2088701134	-0.2103015748	-0.2117326693	-0.2131625814	-0.2145904643	-0.2160154393	-0.2174365965	-0.2188529937	-0.2202636577	-0.2216675836	-0.2230637354	-0.2244510463	-0.2258284196	-0.2271947286	-0.2285488180	-0.2298895043	-0.2312155770	-0.2325257997	-0.2338189114	-0.2350936276	-0.2363486422	-0.2375826290	-0.2387942436	-0.2399821252	-0.2411448990	-0.2422811781	-0.2433895661	-0.2444686599	-0.2455170518	-0.2465333327	-0.2475160950	-0.2484639355	-0.2493754587	-0.2502492800	-0.2510840287	-0.2518783523	-0.2526309188	-0.2533404212	-0.2540055807	-0.2546251501	-0.2551979176	-0.2557227104	-0.2561983982	-0.2566238968	-0.2569981712	-0.2573202394	-0.2575891753	-0.2578041122	-0.2579642456	-0.2580688360	-0.2581172118	-0.2581087717	-0.2580429870	-0.2579194041	-0.2577376457	-0.2574974130	-0.2571984872	-0.2568407303	-0.2564240863	-0.2559485816	-0.2554143259	-0.2548215118	-0.2541704148	-0.2534613932	-0.2526948869	-0.2518714168	-0.2509915836	-0.2500560659	-0.2490656191	-0.2480210730	-0.2469233296	-0.2457733608	-0.2445722058	-0.2433209681	-0.2420208126	-0.2406729624	-0.2392786953	-0.2378393406	-0.2363562753	-0.2348309202	-0.2332647365	-0.2316592219	-0.2300159062	-0.2283363479	-0.2266221301	-0.2248748563	-0.2230961468	-0.2212876344	-0.2194509611	-0.2175877739	-0.2156997212	-0.2137884493	-0.2118555989	-0.2099028016	-0.2079316768	-0.2059438289	-0.2039408436	-0.2019242860	-0.1998956974	-0.1978565930	-0.1958084600	-0.1937527549	-0.1916909020	-0.1896242914	-0.1875542778	-0.1854821786	-0.1834092733	-0.1813368017	-0.1792659637	-0.1771979180	-0.1751337822	-0.1730746314	-0.1710214989	-0.1689753753	-0.1669372089	-0.1649079057	-0.1628883293	-0.1608793015	-0.1588816028	-0.1568959726	-0.1549231099	-0.1529636738	-0.1510182847	-0.1490875243	-0.1471719371	-0.1452720311	-0.1433882785	-0.1415211168	-0.1396709499	-0.1378381489	-0.1360230534	-0.1342259722	-0.1324471846	-0.1306869413	-0.1289454659	-0.1272229551	-0.1255195807	-0.1238354901	-0.1221708073	-0.1205256342	-0.1189000517	-0.1172941201	-0.1157078808	-0.1141413568	-0.1125945536	-0.1110674606	-0.1095600513	-0.1080722848	-0.1066041062	-0.1051554475	-0.1037262286	-0.1023163578	-0.1009257326	-0.0995542405	-0.0982017597	-0.0968681595	-0.0955533012	-0.0942570386	-0.0929792186	-0.0917196816	-0.0904782624	-0.0892547903	-0.0880490896	-0.0868609806	-0.0856902793	-0.0845367984	-0.0834003471	-0.0822807323	-0.0811777582	-0.0800912268	-0.0790209387	-0.0779666927	-0.0769282866	-0.0759055173	-0.0748981809	-0.0739060732	-0.0729289898	-0.0719667263	-0.0710190784	-0.0700858423	-0.0691668148	-0.0682617933	-0.0673705760	-0.0664929624	-0.0656287529	-0.0647777491	-0.0639397542	-0.0631145726	-0.0623020105	-0.0615018756	-0.0607139773	-0.0599381268	-0.0591741372	-0.0584218235	-0.0576810026
-0.1376331027	-0.1384299004	-0.1392383538	-0.1400585311	-0.1408904987	-0.1417343218	-0.1425900636	-0.1434577855	-0.1443375465	-0.1452294034	-0.1461334104	-0.1470496187	-0.1479780765	-0.1489188288	-0.1498719166	-0.1508373774	-0.1518152442	-0.1528055457	-0.1538083058	-0.1548235431	-0.1558512709	-0.1568914967	-0.1579442215	-0.1590094401	-0.1600871400	-0.1611773016	-0.1622798973	-0.1633948913	-0.1645222392	-0.1656618872	-0.1668137720	-0.1679778201	-0.1691539474	-0.1703420586	-0.1715420464	-0.1727537915	-0.1739771615	-0.1752120108	-0.1764581794	-0.1777154928	-0.1789837613	-0.1802627790	-0.1815523235	-0.1828521552	-0.1841620165	-0.1854816313	-0.1868107041	-0.1881489194	-0.1894959413	-0.1908514123	-0.1922149529	-0.1935861609	-0.1949646108	-0.1963498527	-0.1977414124	-0.1991387899	-0.2005414595	-0.2019488686	-0.2033604375	-0.2047755587	-0.2061935963	-0.2076138857	-0.2090357329	-0.2104584143	-0.2118811762	-0.2133032346	-0.2147237747	-0.2161419513	-0.2175568878	-0.2189676770	-0.2203733806	-0.2217730296	-0.2231656243	-0.2245501349	-0.2259255017	-0.2272906354	-0.2286444184	-0.2299857048	-0.2313133217	-0.2326260702	-0.2339227263	-0.2352020423	-0.2364627480	-0.2377035528	-0.2389231466	-0.2401202019	-0.2412933761	-0.2424413131	-0.2435626458	-0.2446559984	-0.2457199886	-0.2467532310	-0.2477543389	-0.2487219278	-0.2496546184	-0.2505510391	-0.2514098299	-0.2522296450	-0.2530091568	-0.2537470587	-0.2544420689	-0.2550929336	-0.2556984308	-0.2562573737	-0.2567686139	-0.2572310451	-0.2576436068	-0.2580052870	-0.2583151258	-0.2585722188	-0.2587757198	-0.2589248438	-0.2590188699	-0.2590571439	-0.2590390808	-0.2589641668	-0.2588319618	-0.2586421007	-0.2583942955	-0.2580883366	-0.2577240938	-0.2573015171	-0.2568206377	-0.2562815680	-0.2556845021	-0.2550297153	-0.2543175639	-0.2535484843	-0.2527229925	-0.2518416825	-0.2509052247	-0.2499143650	-0.2488699219	-0.2477727850	-0.2466239123	-0.2454243280	-0.2441751192	-0.2428774333	-0.2415324747	-0.2401415018	-0.2387058232	-0.2372267947	-0.2357058151	-0.2341443228	-0.2325437922	-0.2309057294	-0.2292316688	-0.2275231691	-0.2257818093	-0.2240091850	-0.2222069044	-0.2203765851	-0.2185198495	-0.2166383222	-0.2147336257	-0.2128073774	-0.2108611861	-0.2088966493	-0.2069153495	-0.2049188518	-0.2029087011	-0.2008864194	-0.1988535037	-0.1968114234	-0.1947616184	-0.1927054973	-0.1906444356	-0.1885797741	-0.1865128175	-0.1844448333	-0.1823770507	-0.1803106598	-0.1782468104	-0.1761866121	-0.1741311332	-0.1720814009	-0.1700384008	-0.1680030769	-0.1659763317	-0.1639590264	-0.1619519810	-0.1599559749	-0.1579717472	-0.1559999973	-0.1540413855	-0.1520965335	-0.1501660254	-0.1482504085	-0.1463501940	-0.1444658577	-0.1425978415	-0.1407465536	-0.1389123702	-0.1370956359	-0.1352966651	-0.1335157430	-0.1317531263	-0.1300090446	-0.1282837012	-0.1265772744	-0.1248899181	-0.1232217633	-0.1215729187	-0.1199434719	-0.1183334904	-0.1167430223	-0.1151720976	-0.1136207289	-0.1120889123	-0.1105766283	-0.1090838427	-0.1076105073	-0.1061565608	-0.1047219295	-0.1033065283	-0.1019102611	-0.1005330215	-0.0991746937	-0.0978351532	-0.0965142670	-0.0952118947	-0.0939278886	-0.0926620948	-0.0914143531	-0.0901844981	-0.0889723592	-0.0877777613	-0.0866005252	-0.0854404681	-0.0842974039	-0.0831711433	-0.0820614949	-0.0809682648	-0.0798912571	-0.0788302745	-0.0777851184	-0.0767555889	-0.0757414857	-0.0747426075	-0.0737587530	-0.0727897207	-0.0718353091	-0.0708953171	-0.0699695440	-0.0690577895	-0.0681598544	-0.0672755402	-0.0664046495	-0.0655469859	-0.0647023544	-0.0638705613	-0.0630514145	-0.0622447233	-0.0614502986	-0.0606679532	-0.0598975015	-0.0591387597	-0.0583915460
-0.1392561945	-0.1400555184	-0.1408664668	-0.1416891041	-0.1425234932	-0.1433696956	-0.1442277707	-0.1450977759	-0.1459797664	-0.1468737948	-0.1477799111	-0.1486981621	-0.1496285918	-0.1505712404	-0.1515261445	-0.1524933368	-0.1534728454	-0.1544646942	-0.1554689019	-0.1564854821	-0.1575144427	-0.1585557858	-0.1596095070	-0.1606755956	-0.1617540334	-0.1628447950	-0.1639478469	-0.1650631475	-0.1661906462	-0.1673302833	-0.1684819891	-0.1696456841	-0.1708212776	-0.1720086681	-0.1732077419	-0.1744183731	-0.1756404231	-0.1768737395	-0.1781181559	-0.1793734913	-0.1806395495	-0.1819161181	-0.1832029683	-0.1844998541	-0.1858065116	-0.1871226585	-0.1884479932	-0.1897821943	-0.1911249200	-0.1924758070	-0.1938344706	-0.1952005032	-0.1965734741	-0.1979529291	-0.1993383892	-0.2007293503	-0.2021252829	-0.2035256310	-0.2049298118	-0.2063372153	-0.2077472033	-0.2091591096	-0.2105722392	-0.2119858678	-0.2133992416	-0.2148115774	-0.2162220617	-0.2176298510	-0.2190340717	-0.2204338197	-0.2218281610	-0.2232161315	-0.2245967373	-0.2259689553	-0.2273317331	-0.2286839899	-0.2300246173	-0.2313524796	-0.2326664151	-0.2339652368	-0.2352477337	-0.2365126721	-0.2377587966	-0.2389848324	-0.2401894860	-0.2413714477	-0.2425293932	-0.2436619858	-0.2447678784	-0.2458457162	-0.2468941386	-0.2479117824	-0.2488972839	-0.2498492823	-0.2507664220	-0.2516473562	-0.2524907496	-0.2532952816	-0.2540596499	-0.2547825734	-0.2554627958	-0.2560990888	-0.2566902557	-0.2572351346	-0.2577326021	-0.2581815761	-0.2585810198	-0.2589299443	-0.2592274124	-0.2594725410	-0.2596645046	-0.2598025382	-0.2598859394	-0.2599140715	-0.2598863657	-0.2598023234	-0.2596615178	-0.2594635964	-0.2592082818	-0.2588953735	-0.2585247491	-0.2580963648	-0.2576102563	-0.2570665388	-0.2564654076	-0.2558071378	-0.2550920835	-0.2543206777	-0.2534934310	-0.2526109304	-0.2516738384	-0.2506828905	-0.2496388942	-0.2485427262	-0.2473953305	-0.2461977156	-0.2449509520	-0.2436561694	-0.2423145532	-0.2409273418	-0.2394958231	-0.2380213310	-0.2365052419	-0.2349489712	-0.2333539694	-0.2317217188	-0.2300537290	-0.2283515340	-0.2266166878	-0.2248507610	-0.2230553368	-0.2212320076	-0.2193823714	-0.2175080279	-0.2156105757	-0.2136916084	-0.2117527117	-0.2097954603	-0.2078214147	-0.2058321188	-0.2038290969	-0.2018138513	-0.1997878599	-0.1977525742	-0.1957094169	-0.1936597805	-0.1916050252	-0.1895464775	-0.1874854288	-0.1854231345	-0.1833608123	-0.1812996420	-0.1792407642	-0.1771852798	-0.1751342501	-0.1730886955	-0.1710495961	-0.1690178912	-0.1669944794	-0.1649802189	-0.1629759276	-0.1609823832	-0.1590003243	-0.1570304502	-0.1550734217	-0.1531298619	-0.1512003567	-0.1492854558	-0.1473856732	-0.1455014883	-0.1436333466	-0.1417816607	-0.1399468113	-0.1381291481	-0.1363289907	-0.1345466297	-0.1327823278	-0.1310363205	-0.1293088174	-0.1276000030	-0.1259100378	-0.1242390594	-0.1225871833	-0.1209545037	-0.1193410950	-0.1177470123	-0.1161722923	-0.1146169545	-0.1130810018	-0.1115644216	-0.1100671864	-0.1085892546	-0.1071305718	-0.1056910706	-0.1042706725	-0.1028692876	-0.1014868159	-0.1001231477	-0.0987781644	-0.0974517391	-0.0961437369	-0.0948540161	-0.0935824279	-0.0923288177	-0.0910930252	-0.0898748850	-0.0886742268	-0.0874908764	-0.0863246554	-0.0851753822	-0.0840428722	-0.0829269379	-0.0818273895	-0.0807440352	-0.0796766815	-0.0786251332	-0.0775891943	-0.0765686675	-0.0755633551	-0.0745730589	-0.0735975803	-0.0726367207	-0.0716902819	-0.0707580657	-0.0698398745	-0.0689355114	-0.0680447803	-0.0671674860	-0.0663034342	-0.0654524320	-0.0646142876	-0.0637888106	-0.0629758121	-0.0621751047	-0.0613865027	-0.0606098219	-0.0598448801	-0.0590914967
-0.1408534708	-0.1416549652	-0.1424680467	-0.1432927762	-0.1441292132	-0.1449774150	-0.1458374375	-0.1467093340	-0.1475931555	-0.1484889507	-0.1493967652	-0.1503166415	-0.1512486191	-0.1521927336	-0.1531490170	-0.1541174972	-0.1550981975	-0.1560911367	-0.1570963285	-0.1581137813	-0.1591434978	-0.1601854746	-0.1612397019	-0.1623061634	-0.1633848353	-0.1644756863	-0.1655786773	-0.1666937606	-0.1678208796	-0.1689599686	-0.1701109519	-0.1712737435	-0.1724482468	-0.1736343537	-0.1748319444	-0.1760408866	-0.1772610351	-0.1784922313	-0.1797343025	-0.1809870612	-0.1822503048	-0.1835238147	-0.1848073558	-0.1861006760	-0.1874035052	-0.1887155551	-0.1900365182	-0.1913660676	-0.1927038555	-0.1940495137	-0.1954026519	-0.1967628578	-0.1981296960	-0.1995027077	-0.2008814098	-0.2022652946	-0.2036538290	-0.2050464539	-0.2064425840	-0.2078416069	-0.2092428829	-0.2106457445	-0.2120494959	-0.2134534128	-0.2148567419	-0.2162587010	-0.2176584784	-0.2190552331	-0.2204480945	-0.2218361625	-0.2232185079	-0.2245941719	-0.2259621670	-0.2273214770	-0.2286710578	-0.2300098374	-0.2313367172	-0.2326505721	-0.2339502520	-0.2352345826	-0.2365023663	-0.2377523838	-0.2389833951	-0.2401941416	-0.2413833469	-0.2425497195	-0.2436919538	-0.2448087330	-0.2458987305	-0.2469606127	-0.2479930411	-0.2489946752	-0.2499641746	-0.2509002022	-0.2518014270	-0.2526665268	-0.2534941915	-0.2542831258	-0.2550320531	-0.2557397180	-0.2564048897	-0.2570263659	-0.2576029751	-0.2581335808	-0.2586170843	-0.2590524282	-0.2594385993	-0.2597746322	-0.2600596119	-0.2602926774	-0.2604730238	-0.2605999057	-0.2606726397	-0.2606906065	-0.2606532536	-0.2605600974	-0.2604107249	-0.2602047956	-0.2599420429	-0.2596222757	-0.2592453789	-0.2588113151	-0.2583201241	-0.2577719242	-0.2571669118	-0.2565053613	-0.2557876249	-0.2550141317	-0.2541853868	-0.2533019705	-0.2523645363	-0.2513738100	-0.2503305873	-0.2492357320	-0.2480901736	-0.2468949051	-0.2456509799	-0.2443595095	-0.2430216603	-0.2416386503	-0.2402117463	-0.2387422602	-0.2372315456	-0.2356809945	-0.2340920333	-0.2324661199	-0.2308047390	-0.2291093995	-0.2273816301	-0.2256229759	-0.2238349948	-0.2220192537	-0.2201773256	-0.2183107853	-0.2164212068	-0.2145101596	-0.2125792059	-0.2106298971	-0.2086637716	-0.2066823514	-0.2046871398	-0.2026796190	-0.2006612475	-0.1986334582	-0.1965976565	-0.1945552179	-0.1925074872	-0.1904557760	-0.1884013620	-0.1863454879	-0.1842893596	-0.1822341460	-0.1801809780	-0.1781309477	-0.1760851084	-0.1740444735	-0.1720100172	-0.1699826736	-0.1679633369	-0.1659528620	-0.1639520640	-0.1619617189	-0.1599825639	-0.1580152980	-0.1560605822	-0.1541190405	-0.1521912604	-0.1502777935	-0.1483791563	-0.1464958313	-0.1446282676	-0.1427768816	-0.1409420585	-0.1391241525	-0.1373234884	-0.1355403620	-0.1337750415	-0.1320277683	-0.1302987579	-0.1285882011	-0.1268962647	-0.1252230926	-0.1235688071	-0.1219335089	-0.1203172792	-0.1187201798	-0.1171422541	-0.1155835286	-0.1140440128	-0.1125237009	-0.1110225720	-0.1095405915	-0.1080777112	-0.1066338706	-0.1052089973	-0.1038030080	-0.1024158088	-0.1010472964	-0.0996973581	-0.0983658728	-0.0970527117	-0.0957577384	-0.0944808101	-0.0932217773	-0.0919804850	-0.0907567731	-0.0895504762	-0.0883614249	-0.0871894458	-0.0860343618	-0.0848959925	-0.0837741549	-0.0826686635	-0.0815793303	-0.0805059658	-0.0794483786	-0.0784063763	-0.0773797652	-0.0763683509	-0.0753719384	-0.0743903322	-0.0734233369	-0.0724707570	-0.0715323971	-0.0706080623	-0.0696975583	-0.0688006913	-0.0679172684	-0.0670470977	-0.0661899883	-0.0653457504	-0.0645141957	-0.0636951370	-0.0628883886	-0.0620937666	-0.0613110883	-0.0605401729	-0.0597808415
-0.1424249286	-0.1432282419	-0.1440430994	-0.1448695584	-0.1457076743	-0.1465575011	-0.1474190904	-0.1482924916	-0.1491777517	-0.1500749151	-0.1509840230	-0.1519051137	-0.1528382220	-0.1537833791	-0.1547406123	-0.1557099444	-0.1566913942	-0.1576849752	-0.1586906962	-0.1597085603	-0.1607385648	-0.1617807012	-0.1628349542	-0.1639013017	-0.1649797144	-0.1660701553	-0.1671725794	-0.1682869332	-0.1694131543	-0.1705511706	-0.1717009006	-0.1728622522	-0.1740351225	-0.1752193973	-0.1764149504	-0.1776216434	-0.1788393249	-0.1800678299	-0.1813069794	-0.1825565799	-0.1838164224	-0.1850862822	-0.1863659182	-0.1876550722	-0.1889534684	-0.1902608126	-0.1915767918	-0.1929010732	-0.1942333043	-0.1955731113	-0.1969200992	-0.1982738510	-0.1996339270	-0.2009998642	-0.2023711757	-0.2037473504	-0.2051278521	-0.2065121191	-0.2078995638	-0.2092895721	-0.2106815028	-0.2120746878	-0.2134684309	-0.2148620082	-0.2162546674	-0.2176456276	-0.2190340797	-0.2204191853	-0.2218000776	-0.2231758610	-0.2245456111	-0.2259083755	-0.2272631733	-0.2286089959	-0.2299448078	-0.2312695462	-0.2325821229	-0.2338814241	-0.2351663116	-0.2364356243	-0.2376881783	-0.2389227694	-0.2401381734	-0.2413331481	-0.2425064349	-0.2436567607	-0.2447828393	-0.2458833738	-0.2469570586	-0.2480025818	-0.2490186272	-0.2500038771	-0.2509570150	-0.2518767278	-0.2527617090	-0.2536106615	-0.2544223005	-0.2551953564	-0.2559285782	-0.2566207364	-0.2572706263	-0.2578770710	-0.2584389249	-0.2589550768	-0.2594244528	-0.2598460201	-0.2602187896	-0.2605418190	-0.2608142160	-0.2610351411	-0.2612038105	-0.2613194985	-0.2613815404	-0.2613893344	-0.2613423444	-0.2612401016	-0.2610822068	-0.2608683316	-0.2605982201	-0.2602716903	-0.2598886348	-0.2594490220	-0.2589528963	-0.2584003785	-0.2577916661	-0.2571270329	-0.2564068288	-0.2556314790	-0.2548014831	-0.2539174141	-0.2529799169	-0.2519897070	-0.2509475683	-0.2498543513	-0.2487109712	-0.2475184047	-0.2462776884	-0.2449899153	-0.2436562323	-0.2422778371	-0.2408559748	-0.2393919353	-0.2378870490	-0.2363426842	-0.2347602432	-0.2331411589	-0.2314868912	-0.2297989233	-0.2280787584	-0.2263279158	-0.2245479277	-0.2227403356	-0.2209066867	-0.2190485308	-0.2171674169	-0.2152648903	-0.2133424890	-0.2114017411	-0.2094441623	-0.2074712523	-0.2054844932	-0.2034853466	-0.2014752512	-0.1994556212	-0.1974278438	-0.1953932775	-0.1933532510	-0.1913090608	-0.1892619705	-0.1872132093	-0.1851639711	-0.1831154136	-0.1810686574	-0.1790247854	-0.1769848423	-0.1749498345	-0.1729207294	-0.1708984555	-0.1688839026	-0.1668779213	-0.1648813239	-0.1628948841	-0.1609193374	-0.1589553821	-0.1570036790	-0.1550648527	-0.1531394916	-0.1512281490	-0.1493313438	-0.1474495612	-0.1455832534	-0.1437328405	-0.1418987116	-0.1400812256	-0.1382807117	-0.1364974709	-0.1347317768	-0.1329838764	-0.1312539908	-0.1295423170	-0.1278490278	-0.1261742736	-0.1245181827	-0.1228808628	-0.1212624014	-0.1196628669	-0.1180823096	-0.1165207625	-0.1149782419	-0.1134547486	-0.1119502685	-0.1104647735	-0.1089982220	-0.1075505600	-0.1061217217	-0.1047116299	-0.1033201971	-0.1019473261	-0.1005929103	-0.0992568347	-0.0979389761	-0.0966392040	-0.0953573809	-0.0940933632	-0.0928470010	-0.0916181393	-0.0904066181	-0.0892122727	-0.0880349345	-0.0868744311	-0.0857305867	-0.0846032227	-0.0834921577	-0.0823972081	-0.0813181881	-0.0802549105	-0.0792071863	-0.0781748255	-0.0771576372	-0.0761554298	-0.0751680110	-0.0741951885	-0.0732367697	-0.0722925622	-0.0713623738	-0.0704460128	-0.0695432880	-0.0686540090	-0.0677779860	-0.0669150304	-0.0660649547	-0.0652275725	-0.0644026984	-0.0635901489	-0.0627897415	-0.0620012954	-0.0612246314	-0.0604595718
-0.1439705763	-0.1447753618	-0.1455916430	-0.1464194734	-0.1472589049	-0.1481099874	-0.1489727686	-0.1498472939	-0.1507336061	-0.1516317454	-0.1525417486	-0.1534636496	-0.1543974786	-0.1553432623	-0.1563010231	-0.1572707792	-0.1582525443	-0.1592463270	-0.1602521309	-0.1612699540	-0.1622997884	-0.1633416200	-0.1643954281	-0.1654611851	-0.1665388562	-0.1676283986	-0.1687297615	-0.1698428856	-0.1709677025	-0.1721041344	-0.1732520936	-0.1744114820	-0.1755821905	-0.1767640990	-0.1779570751	-0.1791609742	-0.1803756388	-0.1816008979	-0.1828365662	-0.1840824441	-0.1853383168	-0.1866039535	-0.1878791072	-0.1891635141	-0.1904568925	-0.1917589427	-0.1930693464	-0.1943877656	-0.1957138425	-0.1970471988	-0.1983874347	-0.1997341289	-0.2010868375	-0.2024450939	-0.2038084078	-0.2051762648	-0.2065481262	-0.2079234279	-0.2093015804	-0.2106819682	-0.2120639494	-0.2134468553	-0.2148299901	-0.2162126304	-0.2175940254	-0.2189733964	-0.2203499366	-0.2217228114	-0.2230911578	-0.2244540852	-0.2258106749	-0.2271599808	-0.2285010294	-0.2298328202	-0.2311543265	-0.2324644956	-0.2337622498	-0.2350464870	-0.2363160817	-0.2375698861	-0.2388067309	-0.2400254268	-0.2412247661	-0.2424035235	-0.2435604586	-0.2446943169	-0.2458038318	-0.2468877269	-0.2479447180	-0.2489735148	-0.2499728239	-0.2509413510	-0.2518778031	-0.2527808916	-0.2536493348	-0.2544818608	-0.2552772102	-0.2560341394	-0.2567514230	-0.2574278577	-0.2580622646	-0.2586534927	-0.2592004221	-0.2597019670	-0.2601570785	-0.2605647484	-0.2609240113	-0.2612339484	-0.2614936901	-0.2617024185	-0.2618593704	-0.2619638402	-0.2620151815	-0.2620128103	-0.2619562066	-0.2618449167	-0.2616785547	-0.2614568044	-0.2611794206	-0.2608462302	-0.2604571336	-0.2600121047	-0.2595111924	-0.2589545200	-0.2583422861	-0.2576747636	-0.2569523001	-0.2561753166	-0.2553443072	-0.2544598374	-0.2535225435	-0.2525331303	-0.2514923699	-0.2504010996	-0.2492602195	-0.2480706905	-0.2468335318	-0.2455498177	-0.2442206757	-0.2428472827	-0.2414308623	-0.2399726818	-0.2384740485	-0.2369363068	-0.2353608344	-0.2337490394	-0.2321023561	-0.2304222423	-0.2287101753	-0.2269676484	-0.2251961679	-0.2233972493	-0.2215724143	-0.2197231871	-0.2178510916	-0.2159576483	-0.2140443710	-0.2121127643	-0.2101643204	-0.2082005170	-0.2062228144	-0.2042326531	-0.2022314520	-0.2002206058	-0.1982014834	-0.1961754262	-0.1941437459	-0.1921077238	-0.1900686088	-0.1880276167	-0.1859859286	-0.1839446905	-0.1819050125	-0.1798679677	-0.1778345921	-0.1758058843	-0.1737828047	-0.1717662760	-0.1697571826	-0.1677563711	-0.1657646501	-0.1637827906	-0.1618115263	-0.1598515542	-0.1579035347	-0.1559680922	-0.1540458162	-0.1521372612	-0.1502429481	-0.1483633642	-0.1464989648	-0.1446501734	-0.1428173827	-0.1410009557	-0.1392012263	-0.1374185002	-0.1356530559	-0.1339051459	-0.1321749970	-0.1304628117	-0.1287687691	-0.1270930254	-0.1254357155	-0.1237969531	-0.1221768324	-0.1205754282	-0.1189927975	-0.1174289796	-0.1158839978	-0.1143578593	-0.1128505566	-0.1113620681	-0.1098923589	-0.1084413814	-0.1070090760	-0.1055953722	-0.1042001886	-0.1028234340	-0.1014650082	-0.1001248018	-0.0988026977	-0.0974985711	-0.0962122902	-0.0949437167	-0.0936927063	-0.0924591092	-0.0912427704	-0.0900435304	-0.0888612253	-0.0876956876	-0.0865467460	-0.0854142264	-0.0842979517	-0.0831977425	-0.0821134171	-0.0810447923	-0.0799916828	-0.0789539025	-0.0779312639	-0.0769235787	-0.0759306583	-0.0749523132	-0.0739883541	-0.0730385916	-0.0721028363	-0.0711808991	-0.0702725916	-0.0693777258	-0.0684961144	-0.0676275713	-0.0667719109	-0.0659289489	-0.0650985023	-0.0642803893	-0.0634744292	-0.0626804431	-0.0618982534	-0.0611276842
-0.1454904339	-0.1462963495	-0.1471137070	-0.1479425563	-0.1487829452	-0.1496349199	-0.1504985240	-0.1513737988	-0.1522607830	-0.1531595123	-0.1540700193	-0.1549923335	-0.1559264805	-0.1568724823	-0.1578303565	-0.1588001166	-0.1597817713	-0.1607753242	-0.1617807738	-0.1627981129	-0.1638273283	-0.1648684006	-0.1659213038	-0.1669860045	-0.1680624625	-0.1691506292	-0.1702504483	-0.1713618545	-0.1724847737	-0.1736191222	-0.1747648063	-0.1759217220	-0.1770897543	-0.1782687769	-0.1794586515	-0.1806592276	-0.1818703415	-0.1830918161	-0.1843234606	-0.1855650691	-0.1868164211	-0.1880772801	-0.1893473933	-0.1906264913	-0.1919142871	-0.1932104757	-0.1945147334	-0.1958267174	-0.1971460652	-0.1984723937	-0.1998052991	-0.2011443558	-0.2024891164	-0.2038391106	-0.2051938451	-0.2065528029	-0.2079154427	-0.2092811986	-0.2106494797	-0.2120196695	-0.2133911255	-0.2147631791	-0.2161351350	-0.2175062712	-0.2188758386	-0.2202430609	-0.2216071345	-0.2229672286	-0.2243224849	-0.2256720179	-0.2270149152	-0.2283502375	-0.2296770189	-0.2309942677	-0.2323009664	-0.2335960728	-0.2348785202	-0.2361472187	-0.2374010556	-0.2386388971	-0.2398595886	-0.2410619566	-0.2422448097	-0.2434069403	-0.2445471261	-0.2456641318	-0.2467567108	-0.2478236074	-0.2488635588	-0.2498752969	-0.2508575513	-0.2518090509	-0.2527285269	-0.2536147152	-0.2544663591	-0.2552822118	-0.2560610398	-0.2568016250	-0.2575027683	-0.2581632923	-0.2587820440	-0.2593578986	-0.2598897616	-0.2603765726	-0.2608173078	-0.2612109834	-0.2615566581	-0.2618534363	-0.2621004708	-0.2622969654	-0.2624421778	-0.2625354218	-0.2625760699	-0.2625635552	-0.2624973742	-0.2623770877	-0.2622023234	-0.2619727771	-0.2616882142	-0.2613484705	-0.2609534536	-0.2605031436	-0.2599975931	-0.2594369283	-0.2588213483	-0.2581511254	-0.2574266044	-0.2566482025	-0.2558164076	-0.2549317782	-0.2539949412	-0.2530065911	-0.2519674879	-0.2508784554	-0.2497403788	-0.2485542029	-0.2473209292	-0.2460416137	-0.2447173638	-0.2433493357	-0.2419387313	-0.2404867952	-0.2389948115	-0.2374641004	-0.2358960151	-0.2342919384	-0.2326532793	-0.2309814697	-0.2292779608	-0.2275442199	-0.2257817271	-0.2239919719	-0.2221764500	-0.2203366600	-0.2184741005	-0.2165902669	-0.2146866487	-0.2127647263	-0.2108259689	-0.2088718312	-0.2069037517	-0.2049231497	-0.2029314237	-0.2009299488	-0.1989200754	-0.1969031268	-0.1948803983	-0.1928531549	-0.1908226309	-0.1887900278	-0.1867565141	-0.1847232236	-0.1826912553	-0.1806616722	-0.1786355014	-0.1766137330	-0.1745973202	-0.1725871794	-0.1705841894	-0.1685891920	-0.1666029921	-0.1646263576	-0.1626600199	-0.1607046743	-0.1587609803	-0.1568295622	-0.1549110099	-0.1530058787	-0.1511146912	-0.1492379368	-0.1473760733	-0.1455295272	-0.1436986948	-0.1418839427	-0.1400856092	-0.1383040045	-0.1365394121	-0.1347920893	-0.1330622685	-0.1313501578	-0.1296559418	-0.1279797830	-0.1263218221	-0.1246821792	-0.1230609547	-0.1214582298	-0.1198740679	-0.1183085150	-0.1167616006	-0.1152333386	-0.1137237280	-0.1122327537	-0.1107603873	-0.1093065875	-0.1078713013	-0.1064544642	-0.1050560013	-0.1036758275	-0.1023138485	-0.1009699611	-0.0996440539	-0.0983360080	-0.0970456971	-0.0957729886	-0.0945177435	-0.0932798173	-0.0920590602	-0.0908553178	-0.0896684311	-0.0884982373	-0.0873445700	-0.0862072593	-0.0850861328	-0.0839810152	-0.0828917291	-0.0818180952	-0.0807599321	-0.0797170575	-0.0786892876	-0.0776764376	-0.0766783222	-0.0756947553	-0.0747255508	-0.0737705222	-0.0728294830	-0.0719022472	-0.0709886290	-0.0700884429	-0.0692015043	-0.0683276292	-0.0674666346	-0.0666183385	-0.0657825597	-0.0649591185	-0.0641478364	-0.0633485361	-0.0625610419	-0.0617851794
-0.1469845323	-0.1477912412	-0.1486093329	-0.1494388537	-0.1502798476	-0.1511323567	-0.1519964206	-0.1528720765	-0.1537593589	-0.1546582992	-0.1555689256	-0.1564912631	-0.1574253327	-0.1583711517	-0.1593287331	-0.1602980855	-0.1612792125	-0.1622721130	-0.1632767802	-0.1642932018	-0.1653213593	-0.1663612280	-0.1674127764	-0.1684759658	-0.1695507502	-0.1706370757	-0.1717348802	-0.1728440926	-0.1739646332	-0.1750964123	-0.1762393305	-0.1773932780	-0.1785581337	-0.1797337656	-0.1809200295	-0.1821167688	-0.1833238142	-0.1845409827	-0.1857680775	-0.1870048873	-0.1882511858	-0.1895067308	-0.1907712642	-0.1920445112	-0.1933261794	-0.1946159590	-0.1959135212	-0.1972185187	-0.1985305843	-0.1998493308	-0.2011743501	-0.2025052132	-0.2038414690	-0.2051826443	-0.2065282429	-0.2078777455	-0.2092306087	-0.2105862653	-0.2119441231	-0.2133035649	-0.2146639484	-0.2160246052	-0.2173848411	-0.2187439357	-0.2201011421	-0.2214556870	-0.2228067703	-0.2241535655	-0.2254952191	-0.2268308517	-0.2281595572	-0.2294804035	-0.2307924332	-0.2320946634	-0.2333860864	-0.2346656707	-0.2359323613	-0.2371850807	-0.2384227295	-0.2396441881	-0.2408483172	-0.2420339591	-0.2431999395	-0.2443450685	-0.2454681423	-0.2465679450	-0.2476432503	-0.2486928235	-0.2497154233	-0.2507098043	-0.2516747188	-0.2526089196	-0.2535111619	-0.2543802063	-0.2552148211	-0.2560137850	-0.2567758901	-0.2574999442	-0.2581847743	-0.2588292288	-0.2594321811	-0.2599925318	-0.2605092124	-0.2609811877	-0.2614074590	-0.2617870667	-0.2621190934	-0.2624026668	-0.2626369621	-0.2628212045	-0.2629546725	-0.2630366993	-0.2630666760	-0.2630440530	-0.2629683427	-0.2628391208	-0.2626560283	-0.2624187728	-0.2621271301	-0.2617809448	-0.2613801320	-0.2609246772	-0.2604146372	-0.2598501405	-0.2592313869	-0.2585586477	-0.2578322653	-0.2570526523	-0.2562202911	-0.2553357322	-0.2543995938	-0.2534125596	-0.2523753775	-0.2512888576	-0.2501538702	-0.2489713438	-0.2477422624	-0.2464676632	-0.2451486337	-0.2437863092	-0.2423818699	-0.2409365376	-0.2394515730	-0.2379282720	-0.2363679633	-0.2347720043	-0.2331417785	-0.2314786918	-0.2297841693	-0.2280596522	-0.2263065941	-0.2245264585	-0.2227207148	-0.2208908360	-0.2190382951	-0.2171645624	-0.2152711026	-0.2133593722	-0.2114308166	-0.2094868679	-0.2075289421	-0.2055584372	-0.2035767310	-0.2015851789	-0.1995851122	-0.1975778362	-0.1955646290	-0.1935467396	-0.1915253868	-0.1895017580	-0.1874770082	-0.1854522590	-0.1834285978	-0.1814070774	-0.1793887152	-0.1773744928	-0.1753653557	-0.1733622135	-0.1713659391	-0.1693773694	-0.1673973049	-0.1654265100	-0.1634657135	-0.1615156088	-0.1595768541	-0.1576500732	-0.1557358558	-0.1538347582	-0.1519473039	-0.1500739842	-0.1482152591	-0.1463715579	-0.1445432801	-0.1427307959	-0.1409344473	-0.1391545489	-0.1373913889	-0.1356452295	-0.1339163080	-0.1322048381	-0.1305110099	-0.1288349917	-0.1271769300	-0.1255369510	-0.1239151612	-0.1223116482	-0.1207264816	-0.1191597138	-0.1176113806	-0.1160815025	-0.1145700849	-0.1130771190	-0.1116025829	-0.1101464416	-0.1087086485	-0.1072891453	-0.1058878634	-0.1045047237	-0.1031396381	-0.1017925092	-0.1004632316	-0.0991516920	-0.0978577701	-0.0965813385	-0.0953222638	-0.0940804068	-0.0928556230	-0.0916477630	-0.0904566728	-0.0892821944	-0.0881241661	-0.0869824227	-0.0858567962	-0.0847471157	-0.0836532079	-0.0825748976	-0.0815120075	-0.0804643591	-0.0794317722	-0.0784140657	-0.0774110578	-0.0764225657	-0.0754484066	-0.0744883970	-0.0735423537	-0.0726100934	-0.0716914330	-0.0707861900	-0.0698941822	-0.0690152281	-0.0681491472	-0.0672957596	-0.0664548866	-0.0656263504	-0.0648099746	-0.0640055838	-0.0632130041	-0.0624320631
-0.1484529136	-0.1492600838	-0.1500785731	-0.1509084236	-0.1517496757	-0.1526023673	-0.1534665342	-0.1543422093	-0.1552294228	-0.1561282018	-0.1570385703	-0.1579605484	-0.1588941529	-0.1598393963	-0.1607962867	-0.1617648281	-0.1627450191	-0.1637368534	-0.1647403195	-0.1657553996	-0.1667820701	-0.1678203011	-0.1688700556	-0.1699312895	-0.1710039514	-0.1720879817	-0.1731833127	-0.1742898679	-0.1754075616	-0.1765362986	-0.1776759737	-0.1788264713	-0.1799876646	-0.1811594157	-0.1823415747	-0.1835339794	-0.1847364545	-0.1859488116	-0.1871708482	-0.1884023473	-0.1896430773	-0.1908927905	-0.1921512237	-0.1934180969	-0.1946931127	-0.1959759563	-0.1972662945	-0.1985637754	-0.1998680277	-0.2011786601	-0.2024952609	-0.2038173975	-0.2051446159	-0.2064764400	-0.2078123712	-0.2091518880	-0.2104944458	-0.2118394757	-0.2131863851	-0.2145345567	-0.2158833480	-0.2172320919	-0.2185800955	-0.2199266403	-0.2212709822	-0.2226123510	-0.2239499508	-0.2252829595	-0.2266105294	-0.2279317869	-0.2292458331	-0.2305517436	-0.2318485694	-0.2331353371	-0.2344110493	-0.2356746854	-0.2369252025	-0.2381615358	-0.2393825998	-0.2405872894	-0.2417744806	-0.2429430322	-0.2440917871	-0.2452195733	-0.2463252059	-0.2474074887	-0.2484652159	-0.2494971738	-0.2505021431	-0.2514789009	-0.2524262228	-0.2533428851	-0.2542276675	-0.2550793553	-0.2558967417	-0.2566786311	-0.2574238412	-0.2581312057	-0.2587995776	-0.2594278313	-0.2600148660	-0.2605596084	-0.2610610154	-0.2615180771	-0.2619298195	-0.2622953075	-0.2626136474	-0.2628839900	-0.2631055325	-0.2632775219	-0.2633992568	-0.2634700901	-0.2634894311	-0.2634567475	-0.2633715673	-0.2632334810	-0.2630421427	-0.2627972718	-0.2624986542	-0.2621461435	-0.2617396616	-0.2612791997	-0.2607648186	-0.2601966489	-0.2595748910	-0.2588998153	-0.2581717613	-0.2573911373	-0.2565584196	-0.2556741514	-0.2547389414	-0.2537534626	-0.2527184509	-0.2516347025	-0.2505030730	-0.2493244742	-0.2480998726	-0.2468302866	-0.2455167839	-0.2441604788	-0.2427625295	-0.2413241353	-0.2398465330	-0.2383309948	-0.2367788243	-0.2351913537	-0.2335699409	-0.2319159658	-0.2302308273	-0.2285159401	-0.2267727318	-0.2250026393	-0.2232071061	-0.2213875791	-0.2195455057	-0.2176823310	-0.2157994948	-0.2138984294	-0.2119805565	-0.2100472850	-0.2081000085	-0.2061401036	-0.2041689270	-0.2021878140	-0.2001980769	-0.1982010026	-0.1961978518	-0.1941898570	-0.1921782214	-0.1901641179	-0.1881486878	-0.1861330400	-0.1841182502	-0.1821053604	-0.1800953782	-0.1780892761	-0.1760879919	-0.1740924278	-0.1721034505	-0.1701218915	-0.1681485466	-0.1661841767	-0.1642295073	-0.1622852295	-0.1603520000	-0.1584304416	-0.1565211437	-0.1546246629	-0.1527415238	-0.1508722189	-0.1490172103	-0.1471769297	-0.1453517793	-0.1435421328	-0.1417483358	-0.1399707070	-0.1382095388	-0.1364650981	-0.1347376273	-0.1330273449	-0.1313344466	-0.1296591062	-0.1280014760	-0.1263616880	-0.1247398547	-0.1231360698	-0.1215504091	-0.1199829311	-0.1184336782	-0.1169026769	-0.1153899391	-0.1138954623	-0.1124192309	-0.1109612163	-0.1095213780	-0.1080996641	-0.1066960120	-0.1053103489	-0.1039425924	-0.1025926514	-0.1012604262	-0.0999458094	-0.0986486860	-0.0973689345	-0.0961064269	-0.0948610293	-0.0936326025	-0.0924210021	-0.0912260792	-0.0900476807	-0.0888856496	-0.0877398253	-0.0866100444	-0.0854961404	-0.0843979443	-0.0833152850	-0.0822479892	-0.0811958823	-0.0801587879	-0.0791365287	-0.0781289262	-0.0771358014	-0.0761569744	-0.0751922653	-0.0742414937	-0.0733044793	-0.0723810422	-0.0714710023	-0.0705741802	-0.0696903972	-0.0688194750	-0.0679612361	-0.0671155042	-0.0662821036	-0.0654608600	-0.0646516002	-0.0638541521	-0.0630683450
-0.1498956301	-0.1507029352	-0.1515214906	-0.1523513349	-0.1531925044	-0.1540450329	-0.1549089522	-0.1557842911	-0.1566710754	-0.1575693280	-0.1584790682	-0.1594003121	-0.1603330715	-0.1612773542	-0.1622331640	-0.1632004995	-0.1641793549	-0.1651697186	-0.1661715741	-0.1671848986	-0.1682096632	-0.1692458327	-0.1702933649	-0.1713522103	-0.1724223119	-0.1735036049	-0.1745960158	-0.1756994627	-0.1768138542	-0.1779390896	-0.1790750580	-0.1802216380	-0.1813786974	-0.1825460925	-0.1837236679	-0.1849112556	-0.1861086750	-0.1873157320	-0.1885322187	-0.1897579128	-0.1909925772	-0.1922359594	-0.1934877908	-0.1947477866	-0.1960156448	-0.1972910459	-0.1985736523	-0.1998631080	-0.2011590375	-0.2024610461	-0.2037687185	-0.2050816192	-0.2063992911	-0.2077212559	-0.2090470127	-0.2103760386	-0.2117077874	-0.2130416897	-0.2143771523	-0.2157135580	-0.2170502654	-0.2183866081	-0.2197218953	-0.2210554108	-0.2223864136	-0.2237141373	-0.2250377901	-0.2263565553	-0.2276695908	-0.2289760296	-0.2302749801	-0.2315655262	-0.2328467277	-0.2341176210	-0.2353772192	-0.2366245134	-0.2378584727	-0.2390780457	-0.2402821608	-0.2414697277	-0.2426396384	-0.2437907682	-0.2449219773	-0.2460321122	-0.2471200070	-0.2481844854	-0.2492243620	-0.2502384447	-0.2512255362	-0.2521844361	-0.2531139435	-0.2540128584	-0.2548799849	-0.2557141329	-0.2565141209	-0.2572787788	-0.2580069497	-0.2586974934	-0.2593492887	-0.2599612361	-0.2605322606	-0.2610613144	-0.2615473801	-0.2619894728	-0.2623866433	-0.2627379806	-0.2630426146	-0.2632997188	-0.2635085127	-0.2636682646	-0.2637782933	-0.2638379709	-0.2638467248	-0.2638040398	-0.2637094597	-0.2635625891	-0.2633630953	-0.2631107093	-0.2628052270	-0.2624465105	-0.2620344889	-0.2615691587	-0.2610505843	-0.2604788987	-0.2598543027	-0.2591770655	-0.2584475237	-0.2576660814	-0.2568332086	-0.2559494408	-0.2550153776	-0.2540316812	-0.2529990750	-0.2519183420	-0.2507903222	-0.2496159114	-0.2483960584	-0.2471317626	-0.2458240719	-0.2444740797	-0.2430829224	-0.2416517762	-0.2401818548	-0.2386744059	-0.2371307085	-0.2355520696	-0.2339398212	-0.2322953172	-0.2306199305	-0.2289150495	-0.2271820752	-0.2254224183	-0.2236374960	-0.2218287292	-0.2199975397	-0.2181453473	-0.2162735668	-0.2143836060	-0.2124768630	-0.2105547233	-0.2086185581	-0.2066697220	-0.2047095507	-0.2027393595	-0.2007604410	-0.1987740637	-0.1967814705	-0.1947838774	-0.1927824716	-0.1907784113	-0.1887728237	-0.1867668048	-0.1847614184	-0.1827576951	-0.1807566325	-0.1787591939	-0.1767663086	-0.1747788714	-0.1727977426	-0.1708237476	-0.1688576775	-0.1669002889	-0.1649523040	-0.1630144113	-0.1610872655	-0.1591714881	-0.1572676679	-0.1553763617	-0.1534980943	-0.1516333596	-0.1497826213	-0.1479463131	-0.1461248400	-0.1443185785	-0.1425278778	-0.1407530602	-0.1389944222	-0.1372522353	-0.1355267463	-0.1338181788	-0.1321267337	-0.1304525901	-0.1287959058	-0.1271568185	-0.1255354466	-0.1239318897	-0.1223462296	-0.1207785310	-0.1192288423	-0.1176971964	-0.1161836112	-0.1146880907	-0.1132106254	-0.1117511929	-0.1103097590	-0.1088862779	-0.1074806931	-0.1060929379	-0.1047229359	-0.1033706018	-0.1020358419	-0.1007185543	-0.0994186300	-0.0981359529	-0.0968704005	-0.0956218442	-0.0943901501	-0.0931751789	-0.0919767868	-0.0907948255	-0.0896291428	-0.0884795831	-0.0873459872	-0.0862281931	-0.0851260361	-0.0840393495	-0.0829679639	-0.0819117088	-0.0808704116	-0.0798438986	-0.0788319951	-0.0778345254	-0.0768513133	-0.0758821818	-0.0749269540	-0.0739854526	-0.0730575003	-0.0721429203	-0.0712415359	-0.0703531707	-0.0694776492	-0.0686147964	-0.0677644382	-0.0669264014	-0.0661005137	-0.0652866039	-0.0644845021	-0.0636940395
-0.1513127444	-0.1521198634	-0.1529381595	-0.1537676674	-0.1546084194	-0.1554604455	-0.1563237731	-0.1571984270	-0.1580844287	-0.1589817968	-0.1598905462	-0.1608106883	-0.1617422305	-0.1626851760	-0.1636395236	-0.1646052674	-0.1655823964	-0.1665708944	-0.1675707395	-0.1685819040	-0.1696043540	-0.1706380488	-0.1716829411	-0.1727389760	-0.1738060913	-0.1748842165	-0.1759732730	-0.1770731730	-0.1781838200	-0.1793051076	-0.1804369193	-0.1815791283	-0.1827315968	-0.1838941757	-0.1850667039	-0.1862490082	-0.1874409024	-0.1886421871	-0.1898526493	-0.1910720614	-0.1923001812	-0.1935367513	-0.1947814982	-0.1960341325	-0.1972943476	-0.1985618198	-0.1998362072	-0.2011171499	-0.2024042689	-0.2036971660	-0.2049954228	-0.2062986009	-0.2076062409	-0.2089178621	-0.2102329621	-0.2115510165	-0.2128714783	-0.2141937774	-0.2155173209	-0.2168414920	-0.2181656502	-0.2194891310	-0.2208112455	-0.2221312805	-0.2234484982	-0.2247621365	-0.2260714082	-0.2273755022	-0.2286735825	-0.2299647891	-0.2312482381	-0.2325230219	-0.2337882095	-0.2350428475	-0.2362859600	-0.2375165498	-0.2387335986	-0.2399360684	-0.2411229022	-0.2422930246	-0.2434453438	-0.2445787518	-0.2456921266	-0.2467843331	-0.2478542247	-0.2489006451	-0.2499224298	-0.2509184081	-0.2518874047	-0.2528282423	-0.2537397429	-0.2546207308	-0.2554700341	-0.2562864876	-0.2570689351	-0.2578162316	-0.2585272460	-0.2592008638	-0.2598359897	-0.2604315499	-0.2609864953	-0.2614998036	-0.2619704826	-0.2623975725	-0.2627801484	-0.2631173235	-0.2634082510	-0.2636521271	-0.2638481933	-0.2639957387	-0.2640941022	-0.2641426752	-0.2641409029	-0.2640882867	-0.2639843861	-0.2638288198	-0.2636212680	-0.2633614730	-0.2630492407	-0.2626844417	-0.2622670117	-0.2617969525	-0.2612743323	-0.2606992859	-0.2600720147	-0.2593927864	-0.2586619349	-0.2578798596	-0.2570470244	-0.2561639571	-0.2552312480	-0.2542495485	-0.2532195698	-0.2521420810	-0.2510179072	-0.2498479278	-0.2486330738	-0.2473743260	-0.2460727124	-0.2447293054	-0.2433452195	-0.2419216083	-0.2404596621	-0.2389606043	-0.2374256893	-0.2358561987	-0.2342534389	-0.2326187381	-0.2309534427	-0.2292589148	-0.2275365291	-0.2257876701	-0.2240137286	-0.2222160997	-0.2203961792	-0.2185553617	-0.2166950370	-0.2148165885	-0.2129213901	-0.2110108043	-0.2090861796	-0.2071488486	-0.2052001258	-0.2032413060	-0.2012736623	-0.1992984445	-0.1973168778	-0.1953301609	-0.1933394653	-0.1913459337	-0.1893506795	-0.1873547853	-0.1853593025	-0.1833652506	-0.1813736163	-0.1793853537	-0.1774013832	-0.1754225921	-0.1734498334	-0.1714839267	-0.1695256578	-0.1675757787	-0.1656350081	-0.1637040313	-0.1617835008	-0.1598740366	-0.1579762265	-0.1560906269	-0.1542177630	-0.1523581296	-0.1505121915	-0.1486803844	-0.1468631154	-0.1450607640	-0.1432736824	-0.1415021964	-0.1397466064	-0.1380071878	-0.1362841923	-0.1345778479	-0.1328883606	-0.1312159144	-0.1295606727	-0.1279227787	-0.1263023564	-0.1246995111	-0.1231143305	-0.1215468854	-0.1199972302	-0.1184654037	-0.1169514302	-0.1154553196	-0.1139770687	-0.1125166611	-0.1110740689	-0.1096492522	-0.1082421607	-0.1068527336	-0.1054809005	-0.1041265821	-0.1027896903	-0.1014701291	-0.1001677951	-0.0988825776	-0.0976143598	-0.0963630183	-0.0951284245	-0.0939104444	-0.0927089390	-0.0915237651	-0.0903547754	-0.0892018187	-0.0880647407	-0.0869433838	-0.0858375877	-0.0847471897	-0.0836720249	-0.0826119264	-0.0815667259	-0.0805362533	-0.0795203377	-0.0785188067	-0.0775314877	-0.0765582072	-0.0755987913	-0.0746530658	-0.0737208567	-0.0728019899	-0.0718962914	-0.0710035879	-0.0701237061	-0.0692564739	-0.0684017193	-0.0675592716	-0.0667289608	-0.0659106178	-0.0651040747	-0.0643091649
-0.1527043294	-0.1535109468	-0.1543286637	-0.1551575110	-0.1559975169	-0.1568487075	-0.1577111060	-0.1585847330	-0.1594696059	-0.1603657387	-0.1612731421	-0.1621918228	-0.1631217838	-0.1640630236	-0.1650155362	-0.1659793110	-0.1669543322	-0.1679405785	-0.1689380232	-0.1699466335	-0.1709663703	-0.1719971879	-0.1730390336	-0.1740918474	-0.1751555617	-0.1762301008	-0.1773153805	-0.1784113080	-0.1795177810	-0.1806346879	-0.1817619068	-0.1828993054	-0.1840467405	-0.1852040577	-0.1863710906	-0.1875476606	-0.1887335764	-0.1899286334	-0.1911326133	-0.1923452838	-0.1935663978	-0.1947956929	-0.1960328914	-0.1972776991	-0.1985298053	-0.1997888820	-0.2010545838	-0.2023265469	-0.2036043890	-0.2048877086	-0.2061760848	-0.2074690764	-0.2087662220	-0.2100670390	-0.2113710237	-0.2126776506	-0.2139863720	-0.2152966180	-0.2166077957	-0.2179192894	-0.2192304600	-0.2205406448	-0.2218491576	-0.2231552883	-0.2244583030	-0.2257574438	-0.2270519289	-0.2283409528	-0.2296236863	-0.2308992766	-0.2321668478	-0.2334255011	-0.2346743154	-0.2359123474	-0.2371386327	-0.2383521860	-0.2395520021	-0.2407370567	-0.2419063072	-0.2430586940	-0.2441931411	-0.2453085580	-0.2464038403	-0.2474778716	-0.2485295248	-0.2495576638	-0.2505611449	-0.2515388189	-0.2524895329	-0.2534121323	-0.2543054625	-0.2551683717	-0.2559997122	-0.2567983438	-0.2575631351	-0.2582929664	-0.2589867324	-0.2596433441	-0.2602617318	-0.2608408475	-0.2613796676	-0.2618771953	-0.2623324634	-0.2627445368	-0.2631125150	-0.2634355350	-0.2637127730	-0.2639434478	-0.2641268225	-0.2642622069	-0.2643489600	-0.2643864917	-0.2643742651	-0.2643117982	-0.2641986655	-0.2640345000	-0.2638189943	-0.2635519019	-0.2632330386	-0.2628622830	-0.2624395776	-0.2619649293	-0.2614384098	-0.2608601558	-0.2602303688	-0.2595493154	-0.2588173263	-0.2580347963	-0.2572021832	-0.2563200070	-0.2553888486	-0.2544093487	-0.2533822062	-0.2523081764	-0.2511880694	-0.2500227483	-0.2488131265	-0.2475601661	-0.2462648751	-0.2449283052	-0.2435515490	-0.2421357377	-0.2406820380	-0.2391916493	-0.2376658012	-0.2361057503	-0.2345127775	-0.2328881849	-0.2312332929	-0.2295494374	-0.2278379667	-0.2261002390	-0.2243376190	-0.2225514757	-0.2207431793	-0.2189140989	-0.2170655994	-0.2151990397	-0.2133157698	-0.2114171287	-0.2095044422	-0.2075790208	-0.2056421579	-0.2036951276	-0.2017391834	-0.1997755561	-0.1978054528	-0.1958300553	-0.1938505187	-0.1918679705	-0.1898835095	-0.1878982049	-0.1859130956	-0.1839291892	-0.1819474620	-0.1799688581	-0.1779942890	-0.1760246337	-0.1740607383	-0.1721034159	-0.1701534465	-0.1682115776	-0.1662785238	-0.1643549670	-0.1624415572	-0.1605389126	-0.1586476196	-0.1567682340	-0.1549012809	-0.1530472557	-0.1512066243	-0.1493798238	-0.1475672636	-0.1457693253	-0.1439863640	-0.1422187090	-0.1404666642	-0.1387305088	-0.1370104987	-0.1353068666	-0.1336198230	-0.1319495571	-0.1302962372	-0.1286600119	-0.1270410106	-0.1254393445	-0.1238551068	-0.1222883740	-0.1207392066	-0.1192076494	-0.1176937325	-0.1161974720	-0.1147188706	-0.1132579181	-0.1118145925	-0.1103888600	-0.1089806763	-0.1075899864	-0.1062167261	-0.1048608216	-0.1035221907	-0.1022007432	-0.1008963812	-0.0996089996	-0.0983384870	-0.0970847255	-0.0958475917	-0.0946269565	-0.0934226863	-0.0922346428	-0.0910626833	-0.0899066617	-0.0887664280	-0.0876418292	-0.0865327095	-0.0854389104	-0.0843602712	-0.0832966292	-0.0822478197	-0.0812136768	-0.0801940329	-0.0791887198	-0.0781975679	-0.0772204073	-0.0762570674	-0.0753073772	-0.0743711656	-0.0734482617	-0.0725384943	-0.0716416928	-0.0707576868	-0.0698863064	-0.0690273826	-0.0681807467	-0.0673462311	-0.0665236691	-0.0657128949	-0.0649137437
-0.1540704672	-0.1548762733	-0.1556930972	-0.1565209657	-0.1573599033	-0.1582099318	-0.1590710706	-0.1599433359	-0.1608267407	-0.1617212949	-0.1626270047	-0.1635438723	-0.1644718962	-0.1654110702	-0.1663613837	-0.1673228212	-0.1682953622	-0.1692789805	-0.1702736445	-0.1712793163	-0.1722959518	-0.1733235002	-0.1743619036	-0.1754110970	-0.1764710074	-0.1775415539	-0.1786226471	-0.1797141888	-0.1808160716	-0.1819281783	-0.1830503819	-0.1841825449	-0.1853245188	-0.1864761438	-0.1876372485	-0.1888076490	-0.1899871491	-0.1911755392	-0.1923725962	-0.1935780828	-0.1947917474	-0.1960133230	-0.1972425275	-0.1984790625	-0.1997226133	-0.2009728481	-0.2022294178	-0.2034919553	-0.2047600751	-0.2060333730	-0.2073114254	-0.2085937891	-0.2098800007	-0.2111695762	-0.2124620107	-0.2137567780	-0.2150533303	-0.2163510978	-0.2176494884	-0.2189478875	-0.2202456577	-0.2215421389	-0.2228366476	-0.2241284772	-0.2254168981	-0.2267011571	-0.2279804779	-0.2292540611	-0.2305210845	-0.2317807029	-0.2330320488	-0.2342742326	-0.2355063430	-0.2367274477	-0.2379365936	-0.2391328079	-0.2403150986	-0.2414824554	-0.2426338505	-0.2437682398	-0.2448845641	-0.2459817498	-0.2470587107	-0.2481143493	-0.2491475579	-0.2501572206	-0.2511422149	-0.2521014132	-0.2530336847	-0.2539378977	-0.2548129211	-0.2556576266	-0.2564708912	-0.2572515991	-0.2579986439	-0.2587109312	-0.2593873810	-0.2600269298	-0.2606285335	-0.2611911696	-0.2617138397	-0.2621955724	-0.2626354253	-0.2630324878	-0.2633858835	-0.2636947727	-0.2639583548	-0.2641758706	-0.2643466047	-0.2644698874	-0.2645450972	-0.2645716626	-0.2645490642	-0.2644768362	-0.2643545682	-0.2641819070	-0.2639585575	-0.2636842843	-0.2633589125	-0.2629823289	-0.2625544826	-0.2620753852	-0.2615451120	-0.2609638012	-0.2603316546	-0.2596489373	-0.2589159770	-0.2581331638	-0.2573009492	-0.2564198454	-0.2554904241	-0.2545133150	-0.2534892048	-0.2524188352	-0.2513030013	-0.2501425497	-0.2489383766	-0.2476914252	-0.2464026838	-0.2450731834	-0.2437039950	-0.2422962271	-0.2408510231	-0.2393695586	-0.2378530385	-0.2363026945	-0.2347197820	-0.2331055773	-0.2314613747	-0.2297884841	-0.2280882276	-0.2263619369	-0.2246109509	-0.2228366125	-0.2210402664	-0.2192232561	-0.2173869218	-0.2155325978	-0.2136616101	-0.2117752743	-0.2098748934	-0.2079617560	-0.2060371338	-0.2041022805	-0.2021584297	-0.2002067933	-0.1982485601	-0.1962848946	-0.1943169356	-0.1923457950	-0.1903725570	-0.1883982771	-0.1864239813	-0.1844506656	-0.1824792950	-0.1805108035	-0.1785460936	-0.1765860358	-0.1746314688	-0.1726831988	-0.1707420002	-0.1688086152	-0.1668837541	-0.1649680954	-0.1630622860	-0.1611669419	-0.1592826481	-0.1574099594	-0.1555494006	-0.1537014671	-0.1518666258	-0.1500453151	-0.1482379458	-0.1464449020	-0.1446665414	-0.1429031961	-0.1411551734	-0.1394227562	-0.1377062044	-0.1360057549	-0.1343216228	-0.1326540018	-0.1310030655	-0.1293689674	-0.1277518423	-0.1261518067	-0.1245689595	-0.1230033830	-0.1214551431	-0.1199242906	-0.1184108615	-0.1169148777	-0.1154363479	-0.1139752680	-0.1125316217	-0.1111053813	-0.1096965083	-0.1083049538	-0.1069306590	-0.1055735563	-0.1042335692	-0.1029106129	-0.1016045953	-0.1003154168	-0.0990429714	-0.0977871464	-0.0965478238	-0.0953248798	-0.0941181856	-0.0929276079	-0.0917530091	-0.0905942475	-0.0894511779	-0.0883236520	-0.0872115181	-0.0861146223	-0.0850328080	-0.0839659165	-0.0829137873	-0.0818762582	-0.0808531655	-0.0798443444	-0.0788496292	-0.0778688532	-0.0769018492	-0.0759484496	-0.0750084863	-0.0740817913	-0.0731681965	-0.0722675342	-0.0713796365	-0.0705043365	-0.0696414674	-0.0687908632	-0.0679523587	-0.0671257892	-0.0663109914	-0.0655078025
-0.1554112495	-0.1562159404	-0.1570315634	-0.1578581413	-0.1586956947	-0.1595442414	-0.1604037965	-0.1612743721	-0.1621559770	-0.1630486168	-0.1639522931	-0.1648670039	-0.1657927430	-0.1667294996	-0.1676772586	-0.1686359997	-0.1696056974	-0.1705863210	-0.1715778338	-0.1725801930	-0.1735933495	-0.1746172475	-0.1756518241	-0.1766970090	-0.1777527243	-0.1788188838	-0.1798953930	-0.1809821485	-0.1820790376	-0.1831859382	-0.1843027179	-0.1854292341	-0.1865653332	-0.1877108503	-0.1888656091	-0.1900294208	-0.1912020840	-0.1923833846	-0.1935730946	-0.1947709722	-0.1959767614	-0.1971901909	-0.1984109743	-0.1996388094	-0.2008733775	-0.2021143434	-0.2033613546	-0.2046140409	-0.2058720140	-0.2071348671	-0.2084021744	-0.2096734907	-0.2109483512	-0.2122262706	-0.2135067432	-0.2147892426	-0.2160732210	-0.2173581090	-0.2186433158	-0.2199282281	-0.2212122109	-0.2224946065	-0.2237747347	-0.2250518929	-0.2263253558	-0.2275943754	-0.2288581813	-0.2301159806	-0.2313669582	-0.2326102769	-0.2338450780	-0.2350704813	-0.2362855857	-0.2374894700	-0.2386811929	-0.2398597942	-0.2410242954	-0.2421737003	-0.2433069962	-0.2444231549	-0.2455211337	-0.2465998766	-0.2476583155	-0.2486953716	-0.2497099572	-0.2507009766	-0.2516673283	-0.2526079063	-0.2535216022	-0.2544073070	-0.2552639129	-0.2560903156	-0.2568854161	-0.2576481231	-0.2583773553	-0.2590720431	-0.2597311319	-0.2603535835	-0.2609383791	-0.2614845214	-0.2619910374	-0.2624569803	-0.2628814325	-0.2632635076	-0.2636023530	-0.2638971522	-0.2641471274	-0.2643515411	-0.2645096990	-0.2646209518	-0.2646846972	-0.2647003820	-0.2646675040	-0.2645856133	-0.2644543144	-0.2642732676	-0.2640421899	-0.2637608566	-0.2634291023	-0.2630468216	-0.2626139697	-0.2621305632	-0.2615966805	-0.2610124615	-0.2603781081	-0.2596938837	-0.2589601130	-0.2581771812	-0.2573455337	-0.2564656748	-0.2555381669	-0.2545636288	-0.2535427351	-0.2524762137	-0.2513648450	-0.2502094593	-0.2490109353	-0.2477701977	-0.2464882152	-0.2451659981	-0.2438045958	-0.2424050945	-0.2409686145	-0.2394963075	-0.2379893541	-0.2364489610	-0.2348763583	-0.2332727966	-0.2316395446	-0.2299778858	-0.2282891165	-0.2265745422	-0.2248354757	-0.2230732343	-0.2212891369	-0.2194845018	-0.2176606444	-0.2158188743	-0.2139604937	-0.2120867948	-0.2101990579	-0.2082985493	-0.2063865195	-0.2044642014	-0.2025328085	-0.2005935339	-0.1986475480	-0.1966959978	-0.1947400056	-0.1927806676	-0.1908190533	-0.1888562042	-0.1868931334	-0.1849308246	-0.1829702318	-0.1810122786	-0.1790578579	-0.1771078317	-0.1751630308	-0.1732242546	-0.1712922713	-0.1693678178	-0.1674515996	-0.1655442914	-0.1636465370	-0.1617589498	-0.1598821131	-0.1580165802	-0.1561628755	-0.1543214943	-0.1524929039	-0.1506775438	-0.1488758262	-0.1470881371	-0.1453148364	-0.1435562592	-0.1418127156	-0.1400844922	-0.1383718524	-0.1366750373	-0.1349942662	-0.1333297375	-0.1316816293	-0.1300501002	-0.1284352900	-0.1268373205	-0.1252562961	-0.1236923044	-0.1221454171	-0.1206156906	-0.1191031666	-0.1176078729	-0.1161298239	-0.1146690213	-0.1132254549	-0.1117991026	-0.1103899318	-0.1089978994	-0.1076229525	-0.1062650291	-0.1049240583	-0.1035999611	-0.1022926508	-0.1010020334	-0.0997280081	-0.0984704679	-0.0972292996	-0.0960043848	-0.0947955998	-0.0936028161	-0.0924259010	-0.0912647177	-0.0901191255	-0.0889889806	-0.0878741359	-0.0867744418	-0.0856897459	-0.0846198936	-0.0835647285	-0.0825240922	-0.0814978250	-0.0804857657	-0.0794877521	-0.0785036211	-0.0775332088	-0.0765763509	-0.0756328826	-0.0747026389	-0.0737854548	-0.0728811652	-0.0719896054	-0.0711106109	-0.0702440176	-0.0693896621	-0.0685473814	-0.0677170135	-0.0668983970	-0.0660913716
-0.1567267771	-0.1575300549	-0.1583441752	-0.1591691570	-0.1600050168	-0.1608517684	-0.1617094229	-0.1625779881	-0.1634574686	-0.1643478657	-0.1652491767	-0.1661613950	-0.1670845099	-0.1680185062	-0.1689633640	-0.1699190584	-0.1708855593	-0.1718628310	-0.1728508320	-0.1738495147	-0.1748588250	-0.1758787023	-0.1769090785	-0.1779498784	-0.1790010191	-0.1800624092	-0.1811339493	-0.1822155307	-0.1833070360	-0.1844083376	-0.1855192985	-0.1866397708	-0.1877695961	-0.1889086046	-0.1900566150	-0.1912134337	-0.1923788549	-0.1935526595	-0.1947346152	-0.1959244759	-0.1971219811	-0.1983268556	-0.1995388091	-0.2007575356	-0.2019827128	-0.2032140023	-0.2044510484	-0.2056934781	-0.2069409005	-0.2081929067	-0.2094490688	-0.2107089401	-0.2119720543	-0.2132379255	-0.2145060476	-0.2157758938	-0.2170469169	-0.2183185485	-0.2195901988	-0.2208612569	-0.2221310898	-0.2233990429	-0.2246644397	-0.2259265817	-0.2271847484	-0.2284381973	-0.2296861641	-0.2309278628	-0.2321624857	-0.2333892040	-0.2346071678	-0.2358155068	-0.2370133305	-0.2381997288	-0.2393737725	-0.2405345144	-0.2416809894	-0.2428122158	-0.2439271964	-0.2450249187	-0.2461043569	-0.2471644724	-0.2482042155	-0.2492225266	-0.2502183373	-0.2511905727	-0.2521381520	-0.2530599911	-0.2539550037	-0.2548221036	-0.2556602063	-0.2564682312	-0.2572451033	-0.2579897558	-0.2587011319	-0.2593781873	-0.2600198920	-0.2606252332	-0.2611932170	-0.2617228713	-0.2622132478	-0.2626634246	-0.2630725083	-0.2634396364	-0.2637639800	-0.2640447454	-0.2642811770	-0.2644725590	-0.2646182180	-0.2647175245	-0.2647698953	-0.2647747951	-0.2647317385	-0.2646402915	-0.2645000731	-0.2643107567	-0.2640720713	-0.2637838028	-0.2634457947	-0.2630579493	-0.2626202281	-0.2621326523	-0.2615953031	-0.2610083222	-0.2603719112	-0.2596863320	-0.2589519060	-0.2581690138	-0.2573380944	-0.2564596442	-0.2555342162	-0.2545624188	-0.2535449140	-0.2524824166	-0.2513756917	-0.2502255538	-0.2490328641	-0.2477985289	-0.2465234975	-0.2452087596	-0.2438553433	-0.2424643125	-0.2410367646	-0.2395738276	-0.2380766580	-0.2365464376	-0.2349843715	-0.2333916848	-0.2317696205	-0.2301194363	-0.2284424023	-0.2267397983	-0.2250129113	-0.2232630326	-0.2214914559	-0.2196994743	-0.2178883781	-0.2160594529	-0.2142139768	-0.2123532187	-0.2104784361	-0.2085908732	-0.2066917590	-0.2047823058	-0.2028637071	-0.2009371368	-0.1990037469	-0.1970646670	-0.1951210026	-0.1931738341	-0.1912242161	-0.1892731760	-0.1873217137	-0.1853708006	-0.1834213793	-0.1814743628	-0.1795306344	-0.1775910471	-0.1756564238	-0.1737275566	-0.1718052074	-0.1698901072	-0.1679829569	-0.1660844269	-0.1641951576	-0.1623157595	-0.1604468138	-0.1585888725	-0.1567424588	-0.1549080679	-0.1530861671	-0.1512771967	-0.1494815701	-0.1476996749	-0.1459318732	-0.1441785023	-0.1424398753	-0.1407162821	-0.1390079895	-0.1373152423	-0.1356382640	-0.1339772572	-0.1323324047	-0.1307038697	-0.1290917971	-0.1274963136	-0.1259175288	-0.1243555358	-0.1228104116	-0.1212822182	-0.1197710030	-0.1182767993	-0.1167996273	-0.1153394945	-0.1138963962	-0.1124703162	-0.1110612277	-0.1096690932	-0.1082938656	-0.1069354884	-0.1055938965	-0.1042690164	-0.1029607668	-0.1016690594	-0.1003937985	-0.0991348825	-0.0978922035	-0.0966656481	-0.0954550976	-0.0942604287	-0.0930815132	-0.0919182193	-0.0907704110	-0.0896379489	-0.0885206906	-0.0874184905	-0.0863312007	-0.0852586708	-0.0842007482	-0.0831572787	-0.0821281062	-0.0811130735	-0.0801120218	-0.0791247917	-0.0781512226	-0.0771911536	-0.0762444232	-0.0753108693	-0.0743903302	-0.0734826436	-0.0725876476	-0.0717051806	-0.0708350810	-0.0699771881	-0.0691313413	-0.0682973811	-0.0674751484	-0.0666644851
-0.1580171594	-0.1588187321	-0.1596310542	-0.1604541407	-0.1612880042	-0.1621326545	-0.1629880984	-0.1638543397	-0.1647313789	-0.1656192127	-0.1665178342	-0.1674272325	-0.1683473923	-0.1692782939	-0.1702199129	-0.1711722196	-0.1721351793	-0.1731087516	-0.1740928902	-0.1750875427	-0.1760926503	-0.1771081472	-0.1781339606	-0.1791700104	-0.1802162086	-0.1812724590	-0.1823386571	-0.1834146895	-0.1845004336	-0.1855957571	-0.1867005178	-0.1878145633	-0.1889377301	-0.1900698438	-0.1912107183	-0.1923601556	-0.1935179451	-0.1946838635	-0.1958576742	-0.1970391267	-0.1982279568	-0.1994238852	-0.2006266179	-0.2018358454	-0.2030512423	-0.2042724669	-0.2054991608	-0.2067309484	-0.2079674366	-0.2092082143	-0.2104528521	-0.2117009019	-0.2129518966	-0.2142053496	-0.2154607545	-0.2167175850	-0.2179752946	-0.2192333160	-0.2204910611	-0.2217479212	-0.2230032661	-0.2242564444	-0.2255067836	-0.2267535897	-0.2279961472	-0.2292337195	-0.2304655487	-0.2316908558	-0.2329088411	-0.2341186843	-0.2353195448	-0.2365105622	-0.2376908567	-0.2388595298	-0.2400156648	-0.2411583272	-0.2422865660	-0.2433994141	-0.2444958894	-0.2455749959	-0.2466357245	-0.2476770543	-0.2486979539	-0.2496973828	-0.2506742925	-0.2516276282	-0.2525563304	-0.2534593366	-0.2543355826	-0.2551840049	-0.2560035421	-0.2567931372	-0.2575517393	-0.2582783058	-0.2589718043	-0.2596312151	-0.2602555333	-0.2608437707	-0.2613949585	-0.2619081492	-0.2623824191	-0.2628168708	-0.2632106347	-0.2635628722	-0.2638727774	-0.2641395793	-0.2643625442	-0.2645409778	-0.2646742268	-0.2647616816	-0.2648027775	-0.2647969970	-0.2647438712	-0.2646429815	-0.2644939612	-0.2642964967	-0.2640503286	-0.2637552530	-0.2634111224	-0.2630178465	-0.2625753927	-0.2620837866	-0.2615431125	-0.2609535134	-0.2603151906	-0.2596284045	-0.2588934730	-0.2581107721	-0.2572807342	-0.2564038482	-0.2554806577	-0.2545117603	-0.2534978060	-0.2524394959	-0.2513375807	-0.2501928586	-0.2490061738	-0.2477784143	-0.2465105100	-0.2452034303	-0.2438581821	-0.2424758073	-0.2410573805	-0.2396040062	-0.2381168170	-0.2365969701	-0.2350456457	-0.2334640437	-0.2318533814	-0.2302148910	-0.2285498169	-0.2268594130	-0.2251449406	-0.2234076657	-0.2216488563	-0.2198697806	-0.2180717044	-0.2162558887	-0.2144235880	-0.2125760478	-0.2107145030	-0.2088401756	-0.2069542733	-0.2050579876	-0.2031524920	-0.2012389412	-0.1993184688	-0.1973921868	-0.1954611839	-0.1935265246	-0.1915892483	-0.1896503684	-0.1877108713	-0.1857717160	-0.1838338334	-0.1818981258	-0.1799654665	-0.1780366996	-0.1761126396	-0.1741940712	-0.1722817495	-0.1703763999	-0.1684787179	-0.1665893695	-0.1647089914	-0.1628381912	-0.1609775475	-0.1591276105	-0.1572889025	-0.1554619177	-0.1536471236	-0.1518449607	-0.1500558436	-0.1482801611	-0.1465182772	-0.1447705313	-0.1430372393	-0.1413186937	-0.1396151649	-0.1379269012	-0.1362541298	-0.1345970576	-0.1329558715	-0.1313307395	-0.1297218110	-0.1281292178	-0.1265530745	-0.1249934792	-0.1234505144	-0.1219242474	-0.1204147309	-0.1189220041	-0.1174460924	-0.1159870091	-0.1145447551	-0.1131193199	-0.1117106823	-0.1103188104	-0.1089436627	-0.1075851884	-0.1062433279	-0.1049180131	-0.1036091683	-0.1023167105	-0.1010405494	-0.0997805886	-0.0985367254	-0.0973088514	-0.0960968532	-0.0949006121	-0.0937200051	-0.0925549049	-0.0914051802	-0.0902706962	-0.0891513149	-0.0880468953	-0.0869572935	-0.0858823633	-0.0848219563	-0.0837759222	-0.0827441088	-0.0817263625	-0.0807225285	-0.0797324506	-0.0787559719	-0.0777929348	-0.0768431809	-0.0759065516	-0.0749828880	-0.0740720310	-0.0731738214	-0.0722881005	-0.0714147094	-0.0705534900	-0.0697042843	-0.0688669352	-0.0680412859	-0.0672271807
-0.1592825143	-0.1600820962	-0.1608923308	-0.1617132294	-0.1625448005	-0.1633870499	-0.1642399805	-0.1651035918	-0.1659778800	-0.1668628378	-0.1677584538	-0.1686647127	-0.1695815949	-0.1705090761	-0.1714471274	-0.1723957147	-0.1733547984	-0.1743243335	-0.1753042691	-0.1762945481	-0.1772951067	-0.1783058744	-0.1793267738	-0.1803577197	-0.1813986193	-0.1824493717	-0.1835098675	-0.1845799884	-0.1856596070	-0.1867485862	-0.1878467792	-0.1889540287	-0.1900701666	-0.1911950141	-0.1923283803	-0.1934700629	-0.1946198469	-0.1957775049	-0.1969427961	-0.1981154661	-0.1992952468	-0.2004818553	-0.2016749942	-0.2028743507	-0.2040795963	-0.2052903865	-0.2065063602	-0.2077271398	-0.2089523299	-0.2101815178	-0.2114142728	-0.2126501458	-0.2138886688	-0.2151293550	-0.2163716983	-0.2176151728	-0.2188592331	-0.2201033133	-0.2213468275	-0.2225891693	-0.2238297115	-0.2250678067	-0.2263027862	-0.2275339608	-0.2287606207	-0.2299820352	-0.2311974531	-0.2324061029	-0.2336071930	-0.2347999117	-0.2359834280	-0.2371568918	-0.2383194344	-0.2394701689	-0.2406081910	-0.2417325796	-0.2428423976	-0.2439366927	-0.2450144985	-0.2460748350	-0.2471167101	-0.2481391208	-0.2491410541	-0.2501214883	-0.2510793950	-0.2520137397	-0.2529234839	-0.2538075865	-0.2546650056	-0.2554947003	-0.2562956322	-0.2570667677	-0.2578070796	-0.2585155493	-0.2591911690	-0.2598329433	-0.2604398918	-0.2610110510	-0.2615454767	-0.2620422457	-0.2625004589	-0.2629192425	-0.2632977511	-0.2636351691	-0.2639307134	-0.2641836355	-0.2643932233	-0.2645588031	-0.2646797421	-0.2647554498	-0.2647853799	-0.2647690322	-0.2647059541	-0.2645957421	-0.2644380433	-0.2642325570	-0.2639790350	-0.2636772835	-0.2633271638	-0.2629285926	-0.2624815432	-0.2619860454	-0.2614421863	-0.2608501100	-0.2602100179	-0.2595221681	-0.2587868757	-0.2580045114	-0.2571755016	-0.2563003272	-0.2553795227	-0.2544136748	-0.2534034217	-0.2523494511	-0.2512524990	-0.2501133477	-0.2489328245	-0.2477117992	-0.2464511825	-0.2451519238	-0.2438150090	-0.2424414580	-0.2410323230	-0.2395886853	-0.2381116535	-0.2366023609	-0.2350619626	-0.2334916337	-0.2318925663	-0.2302659669	-0.2286130544	-0.2269350574	-0.2252332114	-0.2235087571	-0.2217629375	-0.2199969958	-0.2182121733	-0.2164097068	-0.2145908270	-0.2127567565	-0.2109087072	-0.2090478794	-0.2071754592	-0.2052926174	-0.2034005077	-0.2015002654	-0.1995930058	-0.1976798230	-0.1957617890	-0.1938399524	-0.1919153372	-0.1899889426	-0.1880617414	-0.1861346801	-0.1842086777	-0.1822846257	-0.1803633872	-0.1784457970	-0.1765326611	-0.1746247566	-0.1727228318	-0.1708276057	-0.1689397685	-0.1670599817	-0.1651888779	-0.1633270613	-0.1614751079	-0.1596335660	-0.1578029561	-0.1559837718	-0.1541764802	-0.1523815221	-0.1505993124	-0.1488302414	-0.1470746744	-0.1453329530	-0.1436053952	-0.1418922965	-0.1401939300	-0.1385105475	-0.1368423800	-0.1351896379	-0.1335525126	-0.1319311763	-0.1303257829	-0.1287364689	-0.1271633537	-0.1256065407	-0.1240661172	-0.1225421560	-0.1210347149	-0.1195438385	-0.1180695579	-0.1166118915	-0.1151708460	-0.1137464164	-0.1123385869	-0.1109473312	-0.1095726135	-0.1082143883	-0.1068726016	-0.1055471906	-0.1042380852	-0.1029452075	-0.1016684727	-0.1004077894	-0.0991630602	-0.0979341819	-0.0967210458	-0.0955235383	-0.0943415412	-0.0931749318	-0.0920235837	-0.0908873665	-0.0897661467	-0.0886597877	-0.0875681498	-0.0864910912	-0.0854284673	-0.0843801320	-0.0833459368	-0.0823257320	-0.0813193665	-0.0803266876	-0.0793475421	-0.0783817755	-0.0774292330	-0.0764897590	-0.0755631977	-0.0746493932	-0.0737481891	-0.0728594296	-0.0719829585	-0.0711186204	-0.0702662599	-0.0694257224	-0.0685968535	-0.0677794997
-0.1605229681	-0.1613202794	-0.1621281437	-0.1629465683	-0.1637755577	-0.1646151137	-0.1654652353	-0.1663259177	-0.1671971531	-0.1680789297	-0.1689712321	-0.1698740406	-0.1707873312	-0.1717110751	-0.1726452390	-0.1735897841	-0.1745446665	-0.1755098365	-0.1764852385	-0.1774708107	-0.1784664847	-0.1794721854	-0.1804878305	-0.1815133302	-0.1825485868	-0.1835934949	-0.1846479402	-0.1857117997	-0.1867849414	-0.1878672235	-0.1889584947	-0.1900585929	-0.1911673459	-0.1922845700	-0.1934100703	-0.1945436401	-0.1956850604	-0.1968340996	-0.1979905131	-0.1991540427	-0.2003244167	-0.2015013488	-0.2026845384	-0.2038736695	-0.2050684110	-0.2062684158	-0.2074733205	-0.2086827452	-0.2098962931	-0.2111135499	-0.2123340838	-0.2135574448	-0.2147831648	-0.2160107570	-0.2172397155	-0.2184695155	-0.2196996126	-0.2209294430	-0.2221584230	-0.2233859488	-0.2246113970	-0.2258341236	-0.2270534647	-0.2282687362	-0.2294792338	-0.2306842333	-0.2318829904	-0.2330747413	-0.2342587026	-0.2354340719	-0.2366000279	-0.2377557309	-0.2389003232	-0.2400329301	-0.2411526599	-0.2422586049	-0.2433498422	-0.2444254343	-0.2454844304	-0.2465258669	-0.2475487689	-0.2485521510	-0.2495350186	-0.2504963693	-0.2514351943	-0.2523504795	-0.2532412073	-0.2541063581	-0.2549449122	-0.2557558508	-0.2565381586	-0.2572908252	-0.2580128470	-0.2587032294	-0.2593609884	-0.2599851529	-0.2605747669	-0.2611288911	-0.2616466056	-0.2621270114	-0.2625692334	-0.2629724214	-0.2633357534	-0.2636584368	-0.2639397111	-0.2641788494	-0.2643751610	-0.2645279929	-0.2646367319	-0.2647008065	-0.2647196884	-0.2646928942	-0.2646199875	-0.2645005794	-0.2643343309	-0.2641209533	-0.2638602098	-0.2635519164	-0.2631959426	-0.2627922123	-0.2623407041	-0.2618414522	-0.2612945462	-0.2607001314	-0.2600584086	-0.2593696344	-0.2586341201	-0.2578522319	-0.2570243897	-0.2561510666	-0.2552327879	-0.2542701299	-0.2532637185	-0.2522142285	-0.2511223811	-0.2499889431	-0.2488147248	-0.2476005782	-0.2463473950	-0.2450561047	-0.2437276723	-0.2423630964	-0.2409634065	-0.2395296613	-0.2380629456	-0.2365643688	-0.2350350615	-0.2334761740	-0.2318888734	-0.2302743411	-0.2286337706	-0.2269683651	-0.2252793350	-0.2235678956	-0.2218352652	-0.2200826622	-0.2183113033	-0.2165224017	-0.2147171643	-0.2128967906	-0.2110624702	-0.2092153811	-0.2073566883	-0.2054875420	-0.2036090758	-0.2017224059	-0.1998286290	-0.1979288216	-0.1960240388	-0.1941153130	-0.1922036532	-0.1902900438	-0.1883754443	-0.1864607883	-0.1845469830	-0.1826349085	-0.1807254179	-0.1788193365	-0.1769174615	-0.1750205622	-0.1731293798	-0.1712446269	-0.1693669881	-0.1674971199	-0.1656356508	-0.1637831813	-0.1619402846	-0.1601075065	-0.1582853661	-0.1564743558	-0.1546749419	-0.1528875652	-0.1511126412	-0.1493505607	-0.1476016907	-0.1458663742	-0.1441449315	-0.1424376605	-0.1407448372	-0.1390667165	-0.1374035325	-0.1357554997	-0.1341228132	-0.1325056493	-0.1309041664	-0.1293185054	-0.1277487905	-0.1261951298	-0.1246576156	-0.1231363258	-0.1216313234	-0.1201426582	-0.1186703665	-0.1172144723	-0.1157749875	-0.1143519126	-0.1129452372	-0.1115549406	-0.1101809921	-0.1088233520	-0.1074819714	-0.1061567931	-0.1048477521	-0.1035547760	-0.1022777850	-0.1010166932	-0.0997714080	-0.0985418313	-0.0973278594	-0.0961293836	-0.0949462905	-0.0937784622	-0.0926257767	-0.0914881085	-0.0903653284	-0.0892573040	-0.0881639001	-0.0870849790	-0.0860204003	-0.0849700217	-0.0839336987	-0.0829112856	-0.0819026346	-0.0809075969	-0.0799260228	-0.0789577612	-0.0780026605	-0.0770605686	-0.0761313327	-0.0752147998	-0.0743108168	-0.0734192305	-0.0725398877	-0.0716726355	-0.0708173213	-0.0699737928	-0.0691418984	-0.0683214868
-0.1617386544	-0.1625334219	-0.1633386395	-0.1641543105	-0.1649804357	-0.1658170129	-0.1666640369	-0.1675214991	-0.1683893873	-0.1692676857	-0.1701563746	-0.1710554299	-0.1719648232	-0.1728845217	-0.1738144873	-0.1747546769	-0.1757050421	-0.1766655286	-0.1776360764	-0.1786166190	-0.1796070834	-0.1806073900	-0.1816174516	-0.1826371741	-0.1836664551	-0.1847051844	-0.1857532432	-0.1868105041	-0.1878768303	-0.1889520757	-0.1900360843	-0.1911286899	-0.1922297157	-0.1933389739	-0.1944562654	-0.1955813794	-0.1967140929	-0.1978541706	-0.1990013641	-0.2001554117	-0.2013160383	-0.2024829545	-0.2036558565	-0.2048344256	-0.2060183282	-0.2072072148	-0.2084007199	-0.2095984620	-0.2108000426	-0.2120050464	-0.2132130406	-0.2144235749	-0.2156361810	-0.2168503724	-0.2180656439	-0.2192814718	-0.2204973135	-0.2217126071	-0.2229267715	-0.2241392061	-0.2253492909	-0.2265563863	-0.2277598331	-0.2289589525	-0.2301530462	-0.2313413966	-0.2325232667	-0.2336979006	-0.2348645234	-0.2360223420	-0.2371705450	-0.2383083034	-0.2394347711	-0.2405490852	-0.2416503669	-0.2427377221	-0.2438102421	-0.2448670046	-0.2459070743	-0.2469295041	-0.2479333362	-0.2489176029	-0.2498813283	-0.2508235289	-0.2517432155	-0.2526393945	-0.2535110692	-0.2543572412	-0.2551769127	-0.2559690873	-0.2567327723	-0.2574669805	-0.2581707315	-0.2588430544	-0.2594829891	-0.2600895883	-0.2606619200	-0.2611990691	-0.2617001393	-0.2621642559	-0.2625905670	-0.2629782460	-0.2633264937	-0.2636345404	-0.2639016473	-0.2641271094	-0.2643102567	-0.2644504564	-0.2645471148	-0.2645996788	-0.2646076377	-0.2645705250	-0.2644879196	-0.2643594473	-0.2641847822	-0.2639636479	-0.2636958183	-0.2633811190	-0.2630194276	-0.2626106748	-0.2621548447	-0.2616519752	-0.2611021586	-0.2605055410	-0.2598623230	-0.2591727590	-0.2584371571	-0.2576558784	-0.2568293366	-0.2559579970	-0.2550423758	-0.2540830387	-0.2530805999	-0.2520357209	-0.2509491088	-0.2498215146	-0.2486537320	-0.2474465953	-0.2462009774	-0.2449177883	-0.2435979722	-0.2422425065	-0.2408523988	-0.2394286847	-0.2379724262	-0.2364847085	-0.2349666384	-0.2334193416	-0.2318439602	-0.2302416510	-0.2286135822	-0.2269609320	-0.2252848859	-0.2235866342	-0.2218673703	-0.2201282883	-0.2183705807	-0.2165954368	-0.2148040401	-0.2129975672	-0.2111771853	-0.2093440505	-0.2074993067	-0.2056440834	-0.2037794944	-0.2019066365	-0.2000265881	-0.1981404080	-0.1962491344	-0.1943537835	-0.1924553490	-0.1905548008	-0.1886530846	-0.1867511213	-0.1848498058	-0.1829500073	-0.1810525681	-0.1791583040	-0.1772680034	-0.1753824276	-0.1735023102	-0.1716283574	-0.1697612481	-0.1679016334	-0.1660501374	-0.1642073569	-0.1623738619	-0.1605501957	-0.1587368753	-0.1569343917	-0.1551432106	-0.1533637723	-0.1515964924	-0.1498417626	-0.1480999506	-0.1463714012	-0.1446564363	-0.1429553562	-0.1412684395	-0.1395959438	-0.1379381066	-0.1362951458	-0.1346672601	-0.1330546298	-0.1314574175	-0.1298757684	-0.1283098112	-0.1267596587	-0.1252254080	-0.1237071417	-0.1222049282	-0.1207188220	-0.1192488648	-0.1177950857	-0.1163575020	-0.1149361195	-0.1135309330	-0.1121419272	-0.1107690769	-0.1094123474	-0.1080716954	-0.1067470689	-0.1054384081	-0.1041456458	-0.1028687076	-0.1016075124	-0.1003619728	-0.0991319957	-0.0979174824	-0.0967183290	-0.0955344267	-0.0943656625	-0.0932119191	-0.0920730753	-0.0909490065	-0.0898395847	-0.0887446789	-0.0876641555	-0.0865978784	-0.0855457091	-0.0845075073	-0.0834831307	-0.0824724356	-0.0814752767	-0.0804915077	-0.0795209811	-0.0785635487	-0.0776190615	-0.0766873701	-0.0757683244	-0.0748617743	-0.0739675696	-0.0730855599	-0.0722155950	-0.0713575250	-0.0705112002	-0.0696764714	-0.0688531898
-0.1629297150	-0.1637216715	-0.1645239723	-0.1653366170	-0.1661596024	-0.1669929224	-0.1678365677	-0.1686905256	-0.1695547800	-0.1704293109	-0.1713140942	-0.1722091019	-0.1731143011	-0.1740296546	-0.1749551201	-0.1758906502	-0.1768361918	-0.1777916863	-0.1787570692	-0.1797322696	-0.1807172099	-0.1817118059	-0.1827159661	-0.1837295917	-0.1847525758	-0.1857848038	-0.1868261525	-0.1878764898	-0.1889356747	-0.1900035566	-0.1910799754	-0.1921647604	-0.1932577308	-0.1943586947	-0.1954674490	-0.1965837790	-0.1977074580	-0.1988382469	-0.1999758939	-0.2011201341	-0.2022706890	-0.2034272663	-0.2045895595	-0.2057572474	-0.2069299938	-0.2081074473	-0.2092892407	-0.2104749908	-0.2116642979	-0.2128567458	-0.2140519012	-0.2152493135	-0.2164485147	-0.2176490187	-0.2188503214	-0.2200519006	-0.2212532153	-0.2224537062	-0.2236527949	-0.2248498844	-0.2260443584	-0.2272355817	-0.2284229003	-0.2296056409	-0.2307831115	-0.2319546013	-0.2331193808	-0.2342767021	-0.2354257992	-0.2365658885	-0.2376961688	-0.2388158218	-0.2399240130	-0.2410198918	-0.2421025923	-0.2431712342	-0.2442249231	-0.2452627517	-0.2462838006	-0.2472871391	-0.2482718265	-0.2492369130	-0.2501814409	-0.2511044461	-0.2520049589	-0.2528820058	-0.2537346108	-0.2545617971	-0.2553625883	-0.2561360102	-0.2568810927	-0.2575968713	-0.2582823890	-0.2589366979	-0.2595588617	-0.2601479566	-0.2607030744	-0.2612233236	-0.2617078317	-0.2621557472	-0.2625662416	-0.2629385113	-0.2632717798	-0.2635652993	-0.2638183531	-0.2640302571	-0.2642003618	-0.2643280543	-0.2644127599	-0.2644539436	-0.2644511120	-0.2644038149	-0.2643116464	-0.2641742465	-0.2639913022	-0.2637625490	-0.2634877714	-0.2631668040	-0.2627995326	-0.2623858944	-0.2619258786	-0.2614195270	-0.2608669340	-0.2602682469	-0.2596236654	-0.2589334422	-0.2581978817	-0.2574173402	-0.2565922252	-0.2557229941	-0.2548101541	-0.2538542605	-0.2528559158	-0.2518157684	-0.2507345111	-0.2496128799	-0.2484516517	-0.2472516434	-0.2460137095	-0.2447387403	-0.2434276600	-0.2420814247	-0.2407010203	-0.2392874601	-0.2378417829	-0.2363650507	-0.2348583462	-0.2333227710	-0.2317594427	-0.2301694934	-0.2285540667	-0.2269143159	-0.2252514016	-0.2235664896	-0.2218607488	-0.2201353490	-0.2183914587	-0.2166302435	-0.2148528639	-0.2130604735	-0.2112542173	-0.2094352299	-0.2076046338	-0.2057635381	-0.2039130368	-0.2020542076	-0.2001881104	-0.1983157864	-0.1964382567	-0.1945565215	-0.1926715590	-0.1907843246	-0.1888957504	-0.1870067439	-0.1851181882	-0.1832309409	-0.1813458340	-0.1794636732	-0.1775852380	-0.1757112814	-0.1738425296	-0.1719796821	-0.1701234115	-0.1682743637	-0.1664331580	-0.1646003874	-0.1627766183	-0.1609623913	-0.1591582212	-0.1573645975	-0.1555819846	-0.1538108223	-0.1520515262	-0.1503044882	-0.1485700771	-0.1468486387	-0.1451404967	-0.1434459533	-0.1417652894	-0.1400987654	-0.1384466218	-0.1368090796	-0.1351863411	-0.1335785903	-0.1319859937	-0.1304087008	-0.1288468444	-0.1273005419	-0.1257698952	-0.1242549913	-0.1227559037	-0.1212726917	-0.1198054022	-0.1183540693	-0.1169187154	-0.1154993514	-0.1140959776	-0.1127085837	-0.1113371498	-0.1099816465	-0.1086420355	-0.1073182703	-0.1060102962	-0.1047180510	-0.1034414655	-0.1021804636	-0.1009349631	-0.0997048756	-0.0984901074	-0.0972905593	-0.0961061276	-0.0949367036	-0.0937821746	-0.0926424242	-0.0915173320	-0.0904067744	-0.0893106248	-0.0882287536	-0.0871610289	-0.0861073162	-0.0850674790	-0.0840413790	-0.0830288761	-0.0820298287	-0.0810440941	-0.0800715282	-0.0791119862	-0.0781653225	-0.0772313905	-0.0763100437	-0.0754011348	-0.0745045166	-0.0736200414	-0.0727475620	-0.0718869310	-0.0710380014	-0.0702006265	-0.0693746600
-0.1640962985	-0.1648851833	-0.1656843040	-0.1664936562	-0.1673132330	-0.1681430244	-0.1689830170	-0.1698331943	-0.1706935360	-0.1715640179	-0.1724446119	-0.1733352858	-0.1742360025	-0.1751467204	-0.1760673931	-0.1769979686	-0.1779383897	-0.1788885935	-0.1798485109	-0.1808180665	-0.1817971786	-0.1827857585	-0.1837837101	-0.1847909304	-0.1858073081	-0.1868327241	-0.1878670508	-0.1889101520	-0.1899618824	-0.1910220872	-0.1920906019	-0.1931672521	-0.1942518527	-0.1953442080	-0.1964441110	-0.1975513435	-0.1986656750	-0.1997868631	-0.2009146527	-0.2020487757	-0.2031889508	-0.2043348828	-0.2054862627	-0.2066427669	-0.2078040573	-0.2089697805	-0.2101395677	-0.2113130345	-0.2124897803	-0.2136693881	-0.2148514245	-0.2160354388	-0.2172209634	-0.2184075131	-0.2195945851	-0.2207816588	-0.2219681955	-0.2231536383	-0.2243374121	-0.2255189234	-0.2266975601	-0.2278726918	-0.2290436696	-0.2302098263	-0.2313704761	-0.2325249153	-0.2336724222	-0.2348122573	-0.2359436636	-0.2370658669	-0.2381780765	-0.2392794852	-0.2403692700	-0.2414465929	-0.2425106010	-0.2435604277	-0.2445951931	-0.2456140050	-0.2466159599	-0.2476001436	-0.2485656325	-0.2495114946	-0.2504367905	-0.2513405752	-0.2522218984	-0.2530798070	-0.2539133454	-0.2547215579	-0.2555034896	-0.2562581885	-0.2569847066	-0.2576821020	-0.2583494406	-0.2589857977	-0.2595902599	-0.2601619272	-0.2606999145	-0.2612033537	-0.2616713955	-0.2621032116	-0.2624979963	-0.2628549687	-0.2631733744	-0.2634524876	-0.2636916127	-0.2638900864	-0.2640472795	-0.2641625983	-0.2642354866	-0.2642654275	-0.2642519443	-0.2641946027	-0.2640930117	-0.2639468251	-0.2637557428	-0.2635195115	-0.2632379260	-0.2629108301	-0.2625381171	-0.2621197305	-0.2616556647	-0.2611459649	-0.2605907278	-0.2599901014	-0.2593442849	-0.2586535287	-0.2579181339	-0.2571384519	-0.2563148836	-0.2554478792	-0.2545379365	-0.2535856006	-0.2525914625	-0.2515561576	-0.2504803648	-0.2493648048	-0.2482102384	-0.2470174650	-0.2457873209	-0.2445206773	-0.2432184384	-0.2418815394	-0.2405109448	-0.2391076457	-0.2376726584	-0.2362070215	-0.2347117943	-0.2331880544	-0.2316368955	-0.2300594250	-0.2284567621	-0.2268300358	-0.2251803820	-0.2235089423	-0.2218168612	-0.2201052845	-0.2183753571	-0.2166282210	-0.2148650138	-0.2130868665	-0.2112949020	-0.2094902334	-0.2076739621	-0.2058471768	-0.2040109519	-0.2021663459	-0.2003144004	-0.1984561389	-0.1965925657	-0.1947246646	-0.1928533986	-0.1909797085	-0.1891045123	-0.1872287048	-0.1853531566	-0.1834787139	-0.1816061980	-0.1797364046	-0.1778701042	-0.1760080412	-0.1741509342	-0.1722994757	-0.1704543321	-0.1686161438	-0.1667855252	-0.1649630648	-0.1631493258	-0.1613448455	-0.1595501364	-0.1577656862	-0.1559919578	-0.1542293903	-0.1524783990	-0.1507393760	-0.1490126905	-0.1472986895	-0.1455976982	-0.1439100202	-0.1422359389	-0.1405757169	-0.1389295976	-0.1372978049	-0.1356805445	-0.1340780040	-0.1324903535	-0.1309177465	-0.1293603201	-0.1278181958	-0.1262914799	-0.1247802642	-0.1232846267	-0.1218046318	-0.1203403309	-0.1188917632	-0.1174589562	-0.1160419258	-0.1146406774	-0.1132552058	-0.1118854962	-0.1105315244	-0.1091932573	-0.1078706533	-0.1065636630	-0.1052722291	-0.1039962876	-0.1027357673	-0.1014905909	-0.1002606751	-0.0990459307	-0.0978462636	-0.0966615746	-0.0954917598	-0.0943367110	-0.0931963162	-0.0920704594	-0.0909590216	-0.0898618802	-0.0887789099	-0.0877099827	-0.0866549684	-0.0856137342	-0.0845861457	-0.0835720665	-0.0825713587	-0.0815838831	-0.0806094992	-0.0796480655	-0.0786994395	-0.0777634784	-0.0768400382	-0.0759289751	-0.0750301445	-0.0741434019	-0.0732686027	-0.0724056023	-0.0715542564	-0.0707144207	-0.0698859515
-0.1652385606	-0.1660241194	-0.1668198030	-0.1676256034	-0.1684415099	-0.1692675084	-0.1701035818	-0.1709497094	-0.1718058671	-0.1726720266	-0.1735481557	-0.1744342179	-0.1753301722	-0.1762359727	-0.1771515687	-0.1780769040	-0.1790119173	-0.1799565411	-0.1809107022	-0.1818743209	-0.1828473112	-0.1838295799	-0.1848210269	-0.1858215446	-0.1868310176	-0.1878493225	-0.1888763277	-0.1899118925	-0.1909558676	-0.1920080943	-0.1930684039	-0.1941366182	-0.1952125481	-0.1962959944	-0.1973867464	-0.1984845822	-0.1995892681	-0.2007005584	-0.2018181950	-0.2029419067	-0.2040714096	-0.2052064060	-0.2063465844	-0.2074916194	-0.2086411707	-0.2097948835	-0.2109523876	-0.2121132977	-0.2132772123	-0.2144437141	-0.2156123696	-0.2167827286	-0.2179543239	-0.2191266716	-0.2202992704	-0.2214716015	-0.2226431287	-0.2238132980	-0.2249815377	-0.2261472580	-0.2273098515	-0.2284686924	-0.2296231376	-0.2307725258	-0.2319161780	-0.2330533978	-0.2341834712	-0.2353056674	-0.2364192386	-0.2375234204	-0.2386174325	-0.2397004789	-0.2407717486	-0.2418304158	-0.2428756410	-0.2439065713	-0.2449223415	-0.2459220745	-0.2469048826	-0.2478698681	-0.2488161245	-0.2497427376	-0.2506487864	-0.2515333446	-0.2523954817	-0.2532342641	-0.2540487571	-0.2548380258	-0.2556011366	-0.2563371592	-0.2570451677	-0.2577242426	-0.2583734724	-0.2589919551	-0.2595788005	-0.2601331312	-0.2606540854	-0.2611408179	-0.2615925023	-0.2620083331	-0.2623875271	-0.2627293255	-0.2630329957	-0.2632978335	-0.2635231640	-0.2637083443	-0.2638527649	-0.2639558510	-0.2640170649	-0.2640359068	-0.2640119166	-0.2639446756	-0.2638338072	-0.2636789789	-0.2634799026	-0.2632363365	-0.2629480853	-0.2626150014	-0.2622369856	-0.2618139877	-0.2613460067	-0.2608330913	-0.2602753402	-0.2596729021	-0.2590259755	-0.2583348085	-0.2575996989	-0.2568209930	-0.2559990856	-0.2551344191	-0.2542274826	-0.2532788109	-0.2522889833	-0.2512586228	-0.2501883943	-0.2490790035	-0.2479311953	-0.2467457519	-0.2455234917	-0.2442652668	-0.2429719618	-0.2416444916	-0.2402837991	-0.2388908540	-0.2374666499	-0.2360122028	-0.2345285488	-0.2330167417	-0.2314778514	-0.2299129614	-0.2283231668	-0.2267095722	-0.2250732895	-0.2234154361	-0.2217371325	-0.2200395007	-0.2183236623	-0.2165907360	-0.2148418367	-0.2130780729	-0.2113005457	-0.2095103466	-0.2077085565	-0.2058962436	-0.2040744628	-0.2022442534	-0.2004066390	-0.1985626252	-0.1967131996	-0.1948593298	-0.1930019634	-0.1911420265	-0.1892804234	-0.1874180355	-0.1855557213	-0.1836943154	-0.1818346281	-0.1799774453	-0.1781235280	-0.1762736122	-0.1744284085	-0.1725886024	-0.1707548538	-0.1689277974	-0.1671080425	-0.1652961733	-0.1634927488	-0.1616983035	-0.1599133471	-0.1581383651	-0.1563738190	-0.1546201469	-0.1528777635	-0.1511470607	-0.1494284083	-0.1477221539	-0.1460286239	-0.1443481237	-0.1426809382	-0.1410273326	-0.1393875525	-0.1377618250	-0.1361503586	-0.1345533443	-0.1329709558	-0.1314033504	-0.1298506691	-0.1283130375	-0.1267905663	-0.1252833516	-0.1237914760	-0.1223150083	-0.1208540051	-0.1194085101	-0.1179785556	-0.1165641627	-0.1151653415	-0.1137820921	-0.1124144044	-0.1110622595	-0.1097256291	-0.1084044769	-0.1070987582	-0.1058084210	-0.1045334060	-0.1032736471	-0.1020290718	-0.1007996016	-0.0995851523	-0.0983856342	-0.0972009530	-0.0960310092	-0.0948756994	-0.0937349158	-0.0926085471	-0.0914964782	-0.0903985911	-0.0893147645	-0.0882448745	-0.0871887948	-0.0861463967	-0.0851175494	-0.0841021205	-0.0830999756	-0.0821109790	-0.0811349939	-0.0801718820	-0.0792215043	-0.0782837210	-0.0773583915	-0.0764453749	-0.0755445296	-0.0746557142	-0.0737787866	-0.0729136052	-0.0720600282	-0.0712179140	-0.0703871214
-0.1663566638	-0.1671386486	-0.1679306448	-0.1687326409	-0.1695446221	-0.1703665706	-0.1711984655	-0.1720402821	-0.1728919922	-0.1737535637	-0.1746249603	-0.1755061414	-0.1763970619	-0.1772976719	-0.1782079163	-0.1791277351	-0.1800570624	-0.1809958268	-0.1819439508	-0.1829013505	-0.1838679356	-0.1848436088	-0.1858282658	-0.1868217948	-0.1878240763	-0.1888349828	-0.1898543784	-0.1908821187	-0.1919180503	-0.1929620104	-0.1940138268	-0.1950733173	-0.1961402893	-0.1972145398	-0.1982958548	-0.1993840091	-0.2004787657	-0.2015798761	-0.2026870789	-0.2038001006	-0.2049186546	-0.2060424408	-0.2071711458	-0.2083044421	-0.2094419880	-0.2105834272	-0.2117283885	-0.2128764856	-0.2140273167	-0.2151804644	-0.2163354953	-0.2174919597	-0.2186493915	-0.2198073081	-0.2209652099	-0.2221225803	-0.2232788859	-0.2244335756	-0.2255860814	-0.2267358177	-0.2278821815	-0.2290245526	-0.2301622932	-0.2312947485	-0.2324212464	-0.2335410978	-0.2346535972	-0.2357580221	-0.2368536341	-0.2379396790	-0.2390153870	-0.2400799735	-0.2411326391	-0.2421725710	-0.2431989427	-0.2442109154	-0.2452076382	-0.2461882495	-0.2471518773	-0.2480976403	-0.2490246493	-0.2499320076	-0.2508188126	-0.2516841567	-0.2525271286	-0.2533468149	-0.2541423010	-0.2549126726	-0.2556570175	-0.2563744267	-0.2570639963	-0.2577248288	-0.2583560350	-0.2589567354	-0.2595260623	-0.2600631612	-0.2605671928	-0.2610373345	-0.2614727826	-0.2618727537	-0.2622364868	-0.2625632449	-0.2628523169	-0.2631030194	-0.2633146982	-0.2634867301	-0.2636185250	-0.2637095267	-0.2637592152	-0.2637671078	-0.2637327605	-0.2636557697	-0.2635357731	-0.2633724511	-0.2631655279	-0.2629147724	-0.2626199990	-0.2622810686	-0.2618978893	-0.2614704166	-0.2609986542	-0.2604826541	-0.2599225169	-0.2593183918	-0.2586704764	-0.2579790169	-0.2572443073	-0.2564666890	-0.2556465508	-0.2547843273	-0.2538804988	-0.2529355899	-0.2519501688	-0.2509248458	-0.2498602723	-0.2487571390	-0.2476161751	-0.2464381460	-0.2452238522	-0.2439741274	-0.2426898367	-0.2413718746	-0.2400211635	-0.2386386514	-0.2372253099	-0.2357821325	-0.2343101323	-0.2328103400	-0.2312838021	-0.2297315781	-0.2281547396	-0.2265543670	-0.2249315486	-0.2232873778	-0.2216229517	-0.2199393686	-0.2182377268	-0.2165191224	-0.2147846475	-0.2130353885	-0.2112724248	-0.2094968267	-0.2077096543	-0.2059119560	-0.2041047668	-0.2022891074	-0.2004659831	-0.1986363820	-0.1968012748	-0.1949616130	-0.1931183288	-0.1912723338	-0.1894245181	-0.1875757502	-0.1857268761	-0.1838787187	-0.1820320774	-0.1801877281	-0.1783464222	-0.1765088870	-0.1746758254	-0.1728479153	-0.1710258101	-0.1692101386	-0.1674015048	-0.1656004883	-0.1638076442	-0.1620235033	-0.1602485727	-0.1584833355	-0.1567282515	-0.1549837575	-0.1532502675	-0.1515281730	-0.1498178440	-0.1481196288	-0.1464338545	-0.1447608279	-0.1431008357	-0.1414541450	-0.1398210040	-0.1382016420	-0.1365962708	-0.1350050842	-0.1334282595	-0.1318659575	-0.1303183228	-0.1287854853	-0.1272675594	-0.1257646458	-0.1242768313	-0.1228041893	-0.1213467807	-0.1199046542	-0.1184778467	-0.1170663841	-0.1156702814	-0.1142895434	-0.1129241652	-0.1115741325	-0.1102394223	-0.1089200029	-0.1076158347	-0.1063268706	-0.1050530561	-0.1037943300	-0.1025506246	-0.1013218661	-0.1001079751	-0.0989088668	-0.0977244510	-0.0965546333	-0.0953993144	-0.0942583912	-0.0931317565	-0.0920192997	-0.0909209069	-0.0898364610	-0.0887658421	-0.0877089279	-0.0866655936	-0.0856357123	-0.0846191552	-0.0836157917	-0.0826254896	-0.0816481155	-0.0806835347	-0.0797316114	-0.0787922091	-0.0778651903	-0.0769504172	-0.0760477513	-0.0751570539	-0.0742781861	-0.0734110088	-0.0725553828	-0.0717111694	-0.0708782297
-0.1674507767	-0.1682289460	-0.1690170112	-0.1698149571	-0.1706227651	-0.1714404138	-0.1722678781	-0.1731051298	-0.1739521365	-0.1748088623	-0.1756752670	-0.1765513058	-0.1774369298	-0.1783320848	-0.1792367118	-0.1801507466	-0.1810741194	-0.1820067545	-0.1829485703	-0.1838994789	-0.1848593858	-0.1858281897	-0.1868057821	-0.1877920473	-0.1887868617	-0.1897900938	-0.1908016038	-0.1918212434	-0.1928488554	-0.1938842732	-0.1949273208	-0.1959778126	-0.1970355525	-0.1981003340	-0.1991719399	-0.2002501418	-0.2013346999	-0.2024253625	-0.2035218659	-0.2046239338	-0.2057312773	-0.2068435944	-0.2079605697	-0.2090818741	-0.2102071644	-0.2113360832	-0.2124682584	-0.2136033033	-0.2147408159	-0.2158803787	-0.2170215587	-0.2181639072	-0.2193069592	-0.2204502336	-0.2215932329	-0.2227354430	-0.2238763332	-0.2250153560	-0.2261519471	-0.2272855252	-0.2284154922	-0.2295412333	-0.2306621167	-0.2317774940	-0.2328867002	-0.2339890541	-0.2350838580	-0.2361703987	-0.2372479471	-0.2383157591	-0.2393730757	-0.2404191237	-0.2414531158	-0.2424742518	-0.2434817185	-0.2444746910	-0.2454523332	-0.2464137985	-0.2473582308	-0.2482847655	-0.2491925300	-0.2500806454	-0.2509482272	-0.2517943866	-0.2526182315	-0.2534188681	-0.2541954019	-0.2549469392	-0.2556725887	-0.2563714627	-0.2570426788	-0.2576853613	-0.2582986430	-0.2588816666	-0.2594335867	-0.2599535710	-0.2604408026	-0.2608944811	-0.2613138250	-0.2616980727	-0.2620464850	-0.2623583462	-0.2626329663	-0.2628696823	-0.2630678601	-0.2632268962	-0.2633462191	-0.2634252908	-0.2634636089	-0.2634607070	-0.2634161571	-0.2633295702	-0.2632005979	-0.2630289334	-0.2628143126	-0.2625565148	-0.2622553639	-0.2619107292	-0.2615225254	-0.2610907139	-0.2606153028	-0.2600963473	-0.2595339495	-0.2589282593	-0.2582794733	-0.2575878354	-0.2568536360	-0.2560772119	-0.2552589454	-0.2543992637	-0.2534986383	-0.2525575839	-0.2515766575	-0.2505564569	-0.2494976201	-0.2484008234	-0.2472667801	-0.2460962393	-0.2448899839	-0.2436488294	-0.2423736215	-0.2410652352	-0.2397245720	-0.2383525589	-0.2369501459	-0.2355183042	-0.2340580245	-0.2325703145	-0.2310561975	-0.2295167099	-0.2279528995	-0.2263658234	-0.2247565462	-0.2231261379	-0.2214756722	-0.2198062243	-0.2181188695	-0.2164146812	-0.2146947292	-0.2129600781	-0.2112117857	-0.2094509014	-0.2076784647	-0.2058955040	-0.2041030351	-0.2023020599	-0.2004935655	-0.1986785227	-0.1968578852	-0.1950325887	-0.1932035498	-0.1913716655	-0.1895378121	-0.1877028449	-0.1858675973	-0.1840328806	-0.1821994833	-0.1803681709	-0.1785396854	-0.1767147452	-0.1748940450	-0.1730782554	-0.1712680231	-0.1694639707	-0.1676666969	-0.1658767763	-0.1640947600	-0.1623211750	-0.1605565255	-0.1588012920	-0.1570559324	-0.1553208819	-0.1535965537	-0.1518833389	-0.1501816071	-0.1484917071	-0.1468139667	-0.1451486940	-0.1434961771	-0.1418566848	-0.1402304674	-0.1386177569	-0.1370187674	-0.1354336959	-0.1338627229	-0.1323060123	-0.1307637127	-0.1292359573	-0.1277228649	-0.1262245400	-0.1247410735	-0.1232725435	-0.1218190151	-0.1203805415	-0.1189571643	-0.1175489140	-0.1161558103	-0.1147778629	-0.1134150715	-0.1120674268	-0.1107349104	-0.1094174956	-0.1081151477	-0.1068278243	-0.1055554756	-0.1042980454	-0.1030554706	-0.1018276822	-0.1006146054	-0.0994161598	-0.0982322602	-0.0970628164	-0.0959077337	-0.0947669133	-0.0936402523	-0.0925276445	-0.0914289800	-0.0903441460	-0.0892730265	-0.0882155033	-0.0871714553	-0.0861407595	-0.0851232909	-0.0841189224	-0.0831275256	-0.0821489704	-0.0811831255	-0.0802298586	-0.0792890362	-0.0783605243	-0.0774441879	-0.0765398918	-0.0756474999	-0.0747668764	-0.0738978849	-0.0730403890	-0.0721942524	-0.0713593390
-0.1685210742	-0.1692951929	-0.1700790902	-0.1708727468	-0.1716761408	-0.1724892467	-0.1733120359	-0.1741444761	-0.1749865314	-0.1758381618	-0.1766993231	-0.1775699668	-0.1784500398	-0.1793394841	-0.1802382368	-0.1811462295	-0.1820633883	-0.1829896338	-0.1839248802	-0.1848690356	-0.1858220015	-0.1867836727	-0.1877539367	-0.1887326738	-0.1897197566	-0.1907150497	-0.1917184096	-0.1927296841	-0.1937487124	-0.1947753243	-0.1958093404	-0.1968505714	-0.1978988181	-0.1989538707	-0.2000155090	-0.2010835015	-0.2021576056	-0.2032375670	-0.2043231195	-0.2054139846	-0.2065098712	-0.2076104754	-0.2087154801	-0.2098245548	-0.2109373552	-0.2120535230	-0.2131726854	-0.2142944553	-0.2154184308	-0.2165441947	-0.2176713148	-0.2187993432	-0.2199278165	-0.2210562553	-0.2221841644	-0.2233110325	-0.2244363317	-0.2255595183	-0.2266800320	-0.2277972961	-0.2289107176	-0.2300196872	-0.2311235793	-0.2322217521	-0.2333135480	-0.2343982935	-0.2354752995	-0.2365438615	-0.2376032604	-0.2386527622	-0.2396916187	-0.2407190682	-0.2417343356	-0.2427366333	-0.2437251616	-0.2446991096	-0.2456576556	-0.2465999684	-0.2475252076	-0.2484325249	-0.2493210648	-0.2501899660	-0.2510383620	-0.2518653823	-0.2526701542	-0.2534518031	-0.2542094546	-0.2549422353	-0.2556492746	-0.2563297057	-0.2569826675	-0.2576073058	-0.2582027752	-0.2587682401	-0.2593028771	-0.2598058758	-0.2602764413	-0.2607137950	-0.2611171770	-0.2614858474	-0.2618190883	-0.2621162048	-0.2623765275	-0.2625994136	-0.2627842486	-0.2629304480	-0.2630374588	-0.2631047608	-0.2631318684	-0.2631183316	-0.2630637376	-0.2629677120	-0.2628299196	-0.2626500661	-0.2624278988	-0.2621632073	-0.2618558246	-0.2615056278	-0.2611125385	-0.2606765236	-0.2601975952	-0.2596758116	-0.2591112765	-0.2585041401	-0.2578545982	-0.2571628922	-0.2564293091	-0.2556541806	-0.2548378829	-0.2539808359	-0.2530835024	-0.2521463872	-0.2511700362	-0.2501550351	-0.2491020086	-0.2480116185	-0.2468845631	-0.2457215749	-0.2445234198	-0.2432908950	-0.2420248277	-0.2407260731	-0.2393955127	-0.2380340525	-0.2366426212	-0.2352221684	-0.2337736623	-0.2322980884	-0.2307964469	-0.2292697513	-0.2277190264	-0.2261453060	-0.2245496316	-0.2229330499	-0.2212966116	-0.2196413690	-0.2179683749	-0.2162786803	-0.2145733328	-0.2128533755	-0.2111198448	-0.2093737694	-0.2076161685	-0.2058480507	-0.2040704126	-0.2022842376	-0.2004904945	-0.1986901370	-0.1968841021	-0.1950733094	-0.1932586603	-0.1914410370	-0.1896213020	-0.1878002973	-0.1859788440	-0.1841577415	-0.1823377674	-0.1805196766	-0.1787042017	-0.1768920523	-0.1750839145	-0.1732804517	-0.1714823036	-0.1696900865	-0.1679043934	-0.1661257942	-0.1643548353	-0.1625920402	-0.1608379097	-0.1590929216	-0.1573575317	-0.1556321737	-0.1539172593	-0.1522131789	-0.1505203021	-0.1488389776	-0.1471695340	-0.1455122800	-0.1438675051	-0.1422354797	-0.1406164561	-0.1390106683	-0.1374183331	-0.1358396503	-0.1342748031	-0.1327239589	-0.1311872694	-0.1296648717	-0.1281568882	-0.1266634273	-0.1251845840	-0.1237204405	-0.1222710662	-0.1208365188	-0.1194168443	-0.1180120776	-0.1166222431	-0.1152473551	-0.1138874181	-0.1125424273	-0.1112123691	-0.1098972217	-0.1085969548	-0.1073115309	-0.1060409051	-0.1047850256	-0.1035438341	-0.1023172662	-0.1011052516	-0.0999077148	-0.0987245747	-0.0975557458	-0.0964011377	-0.0952606560	-0.0941342021	-0.0930216740	-0.0919229659	-0.0908379691	-0.0897665717	-0.0887086593	-0.0876641148	-0.0866328190	-0.0856146505	-0.0846094860	-0.0836172005	-0.0826376675	-0.0816707591	-0.0807163463	-0.0797742989	-0.0788444860	-0.0779267758	-0.0770210359	-0.0761271336	-0.0752449355	-0.0743743082	-0.0735151181	-0.0726672314	-0.0718305147
-0.1695677369	-0.1703375765	-0.1711170753	-0.1719062105	-0.1727049564	-0.1735132839	-0.1743311606	-0.1751585506	-0.1759954140	-0.1768417070	-0.1776973816	-0.1785623856	-0.1794366618	-0.1803201484	-0.1812127785	-0.1821144798	-0.1830251748	-0.1839447797	-0.1848732051	-0.1858103551	-0.1867561273	-0.1877104127	-0.1886730949	-0.1896440505	-0.1906231482	-0.1916102490	-0.1926052057	-0.1936078625	-0.1946180550	-0.1956356097	-0.1966603437	-0.1976920645	-0.1987305697	-0.1997756466	-0.2008270718	-0.2018846114	-0.2029480199	-0.2040170407	-0.2050914052	-0.2061708328	-0.2072550306	-0.2083436930	-0.2094365014	-0.2105331241	-0.2116332158	-0.2127364175	-0.2138423561	-0.2149506444	-0.2160608806	-0.2171726482	-0.2182855157	-0.2193990367	-0.2205127492	-0.2216261761	-0.2227388246	-0.2238501860	-0.2249597361	-0.2260669349	-0.2271712262	-0.2282720382	-0.2293687831	-0.2304608575	-0.2315476421	-0.2326285019	-0.2337027867	-0.2347698310	-0.2358289543	-0.2368794614	-0.2379206427	-0.2389517747	-0.2399721201	-0.2409809287	-0.2419774377	-0.2429608722	-0.2439304460	-0.2448853619	-0.2458248132	-0.2467479836	-0.2476540485	-0.2485421760	-0.2494115275	-0.2502612589	-0.2510905218	-0.2518984641	-0.2526842318	-0.2534469698	-0.2541858233	-0.2548999391	-0.2555884669	-0.2562505607	-0.2568853803	-0.2574920929	-0.2580698741	-0.2586179102	-0.2591353990	-0.2596215519	-0.2600755954	-0.2604967726	-0.2608843447	-0.2612375929	-0.2615558202	-0.2618383522	-0.2620845397	-0.2622937596	-0.2624654165	-0.2625989445	-0.2626938087	-0.2627495063	-0.2627655681	-0.2627415600	-0.2626770841	-0.2625717799	-0.2624253256	-0.2622374388	-0.2620078778	-0.2617364421	-0.2614229738	-0.2610673574	-0.2606695211	-0.2602294370	-0.2597471214	-0.2592226352	-0.2586560837	-0.2580476173	-0.2573974307	-0.2567057632	-0.2559728978	-0.2551991618	-0.2543849249	-0.2535305999	-0.2526366409	-0.2517035430	-0.2507318411	-0.2497221091	-0.2486749585	-0.2475910370	-0.2464710278	-0.2453156474	-0.2441256448	-0.2429017994	-0.2416449199	-0.2403558423	-0.2390354283	-0.2376845633	-0.2363041552	-0.2348951320	-0.2334584402	-0.2319950430	-0.2305059184	-0.2289920571	-0.2274544610	-0.2258941414	-0.2243121167	-0.2227094109	-0.2210870519	-0.2194460696	-0.2177874943	-0.2161123549	-0.2144216774	-0.2127164834	-0.2109977884	-0.2092666003	-0.2075239184	-0.2057707317	-0.2040080176	-0.2022367412	-0.2004578536	-0.1986722909	-0.1968809737	-0.1950848056	-0.1932846728	-0.1914814429	-0.1896759644	-0.1878690663	-0.1860615571	-0.1842542244	-0.1824478346	-0.1806431324	-0.1788408407	-0.1770416599	-0.1752462680	-0.1734553205	-0.1716694501	-0.1698892670	-0.1681153582	-0.1663482885	-0.1645885998	-0.1628368117	-0.1610934213	-0.1593589039	-0.1576337127	-0.1559182796	-0.1542130149	-0.1525183082	-0.1508345285	-0.1491620244	-0.1475011250	-0.1458521395	-0.1442153587	-0.1425910543	-0.1409794802	-0.1393808726	-0.1377954506	-0.1362234163	-0.1346649560	-0.1331202399	-0.1315894231	-0.1300726459	-0.1285700344	-0.1270817009	-0.1256077441	-0.1241482502	-0.1227032928	-0.1212729338	-0.1198572235	-0.1184562012	-0.1170698958	-0.1156983261	-0.1143415011	-0.1129994207	-0.1116720758	-0.1103594492	-0.1090615154	-0.1077782414	-0.1065095869	-0.1052555047	-0.1040159412	-0.1027908366	-0.1015801250	-0.1003837354	-0.0992015912	-0.0980336112	-0.0968797095	-0.0957397958	-0.0946137761	-0.0935015521	-0.0924030225	-0.0913180825	-0.0902466243	-0.0891885372	-0.0881437082	-0.0871120217	-0.0860933600	-0.0850876035	-0.0840946308	-0.0831143187	-0.0821465430	-0.0811911778	-0.0802480962	-0.0793171705	-0.0783982720	-0.0774912714	-0.0765960388	-0.0757124439	-0.0748403559	-0.0739796440	-0.0731301772	-0.0722918245
-0.1705909510	-0.1713562894	-0.1721311659	-0.1729155542	-0.1737094250	-0.1745127456	-0.1753254798	-0.1761475880	-0.1769790267	-0.1778197483	-0.1786697010	-0.1795288287	-0.1803970706	-0.1812743610	-0.1821606292	-0.1830557991	-0.1839597892	-0.1848725121	-0.1857938744	-0.1867237766	-0.1876621126	-0.1886087693	-0.1895636269	-0.1905265581	-0.1914974281	-0.1924760943	-0.1934624060	-0.1944562039	-0.1954573203	-0.1964655783	-0.1974807919	-0.1985027654	-0.1995312935	-0.2005661606	-0.2016071407	-0.2026539970	-0.2037064818	-0.2047643362	-0.2058272895	-0.2068950591	-0.2079673506	-0.2090438568	-0.2101242578	-0.2112082210	-0.2122954003	-0.2133854363	-0.2144779556	-0.2155725713	-0.2166688818	-0.2177664715	-0.2188649100	-0.2199637524	-0.2210625387	-0.2221607938	-0.2232580276	-0.2243537347	-0.2254473944	-0.2265384705	-0.2276264115	-0.2287106504	-0.2297906049	-0.2308656776	-0.2319352555	-0.2329987110	-0.2340554012	-0.2351046687	-0.2361458419	-0.2371782347	-0.2382011474	-0.2392138669	-0.2402156671	-0.2412058093	-0.2421835429	-0.2431481059	-0.2440987253	-0.2450346182	-0.2459549922	-0.2468590462	-0.2477459714	-0.2486149520	-0.2494651662	-0.2502957873	-0.2511059845	-0.2518949240	-0.2526617706	-0.2534056882	-0.2541258415	-0.2548213971	-0.2554915249	-0.2561353994	-0.2567522010	-0.2573411177	-0.2579013463	-0.2584320940	-0.2589325801	-0.2594020370	-0.2598397124	-0.2602448703	-0.2606167930	-0.2609547825	-0.2612581618	-0.2615262769	-0.2617584982	-0.2619542218	-0.2621128712	-0.2622338987	-0.2623167868	-0.2623610497	-0.2623662344	-0.2623319221	-0.2622577296	-0.2621433099	-0.2619883539	-0.2617925911	-0.2615557904	-0.2612777610	-0.2609583534	-0.2605974597	-0.2601950143	-0.2597509943	-0.2592654199	-0.2587383546	-0.2581699052	-0.2575602220	-0.2569094988	-0.2562179724	-0.2554859223	-0.2547136708	-0.2539015818	-0.2530500605	-0.2521595527	-0.2512305439	-0.2502635584	-0.2492591580	-0.2482179414	-0.2471405426	-0.2460276297	-0.2448799036	-0.2436980967	-0.2424829709	-0.2412353168	-0.2399559514	-0.2386457168	-0.2373054786	-0.2359361239	-0.2345385596	-0.2331137108	-0.2316625189	-0.2301859399	-0.2286849422	-0.2271605053	-0.2256136181	-0.2240452763	-0.2224564817	-0.2208482396	-0.2192215579	-0.2175774448	-0.2159169073	-0.2142409502	-0.2125505736	-0.2108467724	-0.2091305343	-0.2074028385	-0.2056646548	-0.2039169419	-0.2021606462	-0.2003967013	-0.1986260262	-0.1968495250	-0.1950680855	-0.1932825786	-0.1914938573	-0.1897027566	-0.1879100919	-0.1861166593	-0.1843232347	-0.1825305734	-0.1807394096	-0.1789504564	-0.1771644050	-0.1753819253	-0.1736036647	-0.1718302490	-0.1700622817	-0.1683003441	-0.1665449955	-0.1647967733	-0.1630561928	-0.1613237477	-0.1595999100	-0.1578851306	-0.1561798392	-0.1544844447	-0.1527993355	-0.1511248798	-0.1494614262	-0.1478093036	-0.1461688221	-0.1445402731	-0.1429239296	-0.1413200470	-0.1397288633	-0.1381505997	-0.1365854608	-0.1350336353	-0.1334952964	-0.1319706022	-0.1304596963	-0.1289627080	-0.1274797533	-0.1260109348	-0.1245563422	-0.1231160534	-0.1216901342	-0.1202786391	-0.1188816118	-0.1174990853	-0.1161310829	-0.1147776180	-0.1134386949	-0.1121143092	-0.1108044481	-0.1095090906	-0.1082282082	-0.1069617652	-0.1057097191	-0.1044720205	-0.1032486141	-0.1020394387	-0.1008444275	-0.0996635085	-0.0984966046	-0.0973436344	-0.0962045117	-0.0950791467	-0.0939674455	-0.0928693105	-0.0917846411	-0.0907133334	-0.0896552808	-0.0886103738	-0.0875785008	-0.0865595477	-0.0855533985	-0.0845599353	-0.0835790385	-0.0826105872	-0.0816544588	-0.0807105298	-0.0797786756	-0.0788587705	-0.0779506884	-0.0770543023	-0.0761694846	-0.0752961076	-0.0744340432	-0.0735831629	-0.0727433385
-0.1715909079	-0.1723515293	-0.1731215664	-0.1739009892	-0.1746897648	-0.1754878570	-0.1762952260	-0.1771118284	-0.1779376172	-0.1787725411	-0.1796165446	-0.1804695678	-0.1813315462	-0.1822024104	-0.1830820860	-0.1839704932	-0.1848675467	-0.1857731554	-0.1866872222	-0.1876096439	-0.1885403107	-0.1894791060	-0.1904259064	-0.1913805809	-0.1923429914	-0.1933129917	-0.1942904277	-0.1952751370	-0.1962669484	-0.1972656821	-0.1982711489	-0.1992831503	-0.2003014781	-0.2013259140	-0.2023562294	-0.2033921852	-0.2044335314	-0.2054800070	-0.2065313395	-0.2075872445	-0.2086474261	-0.2097115758	-0.2107793728	-0.2118504836	-0.2129245615	-0.2140012470	-0.2150801666	-0.2161609337	-0.2172431475	-0.2183263933	-0.2194102421	-0.2204942506	-0.2215779608	-0.2226609003	-0.2237425817	-0.2248225030	-0.2259001471	-0.2269749821	-0.2280464612	-0.2291140224	-0.2301770892	-0.2312350701	-0.2322873590	-0.2333333352	-0.2343723637	-0.2354037954	-0.2364269673	-0.2374412029	-0.2384458123	-0.2394400931	-0.2404233300	-0.2413947962	-0.2423537533	-0.2432994521	-0.2442311330	-0.2451480271	-0.2460493565	-0.2469343352	-0.2478021699	-0.2486520611	-0.2494832036	-0.2502947878	-0.2510860005	-0.2518560262	-0.2526040478	-0.2533292483	-0.2540308117	-0.2547079241	-0.2553597753	-0.2559855599	-0.2565844787	-0.2571557403	-0.2576985621	-0.2582121722	-0.2586958104	-0.2591487303	-0.2595702001	-0.2599595045	-0.2603159464	-0.2606388477	-0.2609275518	-0.2611814242	-0.2613998545	-0.2615822576	-0.2617280755	-0.2618367780	-0.2619078650	-0.2619408669	-0.2619353467	-0.2618909005	-0.2618071592	-0.2616837892	-0.2615204936	-0.2613170134	-0.2610731278	-0.2607886555	-0.2604634552	-0.2600974261	-0.2596905087	-0.2592426848	-0.2587539785	-0.2582244555	-0.2576542241	-0.2570434346	-0.2563922795	-0.2557009933	-0.2549698519	-0.2541991727	-0.2533893136	-0.2525406726	-0.2516536872	-0.2507288334	-0.2497666249	-0.2487676119	-0.2477323804	-0.2466615508	-0.2455557767	-0.2444157433	-0.2432421668	-0.2420357920	-0.2407973915	-0.2395277639	-0.2382277322	-0.2368981420	-0.2355398603	-0.2341537734	-0.2327407852	-0.2313018158	-0.2298377993	-0.2283496825	-0.2268384229	-0.2253049869	-0.2237503485	-0.2221754872	-0.2205813864	-0.2189690319	-0.2173394104	-0.2156935074	-0.2140323063	-0.2123567867	-0.2106679229	-0.2089666823	-0.2072540248	-0.2055309008	-0.2037982504	-0.2020570019	-0.2003080713	-0.1985523608	-0.1967907580	-0.1950241348	-0.1932533472	-0.1914792337	-0.1897026153	-0.1879242945	-0.1861450549	-0.1843656604	-0.1825868552	-0.1808093631	-0.1790338873	-0.1772611100	-0.1754916924	-0.1737262741	-0.1719654737	-0.1702098879	-0.1684600922	-0.1667166405	-0.1649800651	-0.1632508773	-0.1615295668	-0.1598166026	-0.1581124328	-0.1564174848	-0.1547321658	-0.1530568630	-0.1513919437	-0.1497377559	-0.1480946287	-0.1464628724	-0.1448427789	-0.1432346225	-0.1416386598	-0.1400551305	-0.1384842576	-0.1369262480	-0.1353812927	-0.1338495676	-0.1323312338	-0.1308264377	-0.1293353122	-0.1278579763	-0.1263945364	-0.1249450860	-0.1235097066	-0.1220884680	-0.1206814287	-0.1192886366	-0.1179101289	-0.1165459330	-0.1151960668	-0.1138605389	-0.1125393492	-0.1112324893	-0.1099399427	-0.1086616854	-0.1073976860	-0.1061479064	-0.1049123018	-0.1036908212	-0.1024834078	-0.1012899991	-0.1001105275	-0.0989449202	-0.0977930998	-0.0966549847	-0.0955304889	-0.0944195227	-0.0933219926	-0.0922378019	-0.0911668506	-0.0901090360	-0.0890642525	-0.0880323921	-0.0870133443	-0.0860069969	-0.0850132354	-0.0840319437	-0.0830630041	-0.0821062976	-0.0811617038	-0.0802291013	-0.0793083675	-0.0783993793	-0.0775020127	-0.0766161430	-0.0757416454	-0.0748783943	-0.0740262642	-0.0731851292
-0.1725678039	-0.1733234992	-0.1740884862	-0.1748627316	-0.1756461988	-0.1764388482	-0.1772406364	-0.1780515166	-0.1788714379	-0.1797003454	-0.1805381803	-0.1813848788	-0.1822403729	-0.1831045895	-0.1839774505	-0.1848588725	-0.1857487666	-0.1866470381	-0.1875535864	-0.1884683045	-0.1893910791	-0.1903217903	-0.1912603109	-0.1922065068	-0.1931602364	-0.1941213502	-0.1950896909	-0.1960650929	-0.1970473820	-0.1980363752	-0.1990318807	-0.2000336971	-0.2010416135	-0.2020554090	-0.2030748529	-0.2040997037	-0.2051297094	-0.2061646070	-0.2072041223	-0.2082479695	-0.2092958513	-0.2103474582	-0.2114024685	-0.2124605481	-0.2135213500	-0.2145845146	-0.2156496687	-0.2167164262	-0.2177843872	-0.2188531381	-0.2199222515	-0.2209912860	-0.2220597858	-0.2231272813	-0.2241932881	-0.2252573076	-0.2263188268	-0.2273773181	-0.2284322394	-0.2294830342	-0.2305291317	-0.2315699466	-0.2326048798	-0.2336333177	-0.2346546333	-0.2356681858	-0.2366733211	-0.2376693722	-0.2386556592	-0.2396314903	-0.2405961613	-0.2415489572	-0.2424891518	-0.2434160086	-0.2443287817	-0.2452267158	-0.2461090476	-0.2469750062	-0.2478238138	-0.2486546867	-0.2494668365	-0.2502594705	-0.2510317929	-0.2517830060	-0.2525123112	-0.2532189101	-0.2539020056	-0.2545608031	-0.2551945121	-0.2558023469	-0.2563835286	-0.2569372857	-0.2574628561	-0.2579594883	-0.2584264426	-0.2588629927	-0.2592684275	-0.2596420518	-0.2599831884	-0.2602911793	-0.2605653873	-0.2608051970	-0.2610100170	-0.2611792806	-0.2613124475	-0.2614090050	-0.2614684696	-0.2614903878	-0.2614743379	-0.2614199307	-0.2613268107	-0.2611946573	-0.2610231856	-0.2608121476	-0.2605613327	-0.2602705685	-0.2599397217	-0.2595686986	-0.2591574451	-0.2587059481	-0.2582142349	-0.2576823737	-0.2571104737	-0.2564986854	-0.2558472000	-0.2551562495	-0.2544261063	-0.2536570828	-0.2528495310	-0.2520038420	-0.2511204448	-0.2501998062	-0.2492424294	-0.2482488533	-0.2472196513	-0.2461554305	-0.2450568300	-0.2439245201	-0.2427592007	-0.2415615999	-0.2403324727	-0.2390725996	-0.2377827847	-0.2364638544	-0.2351166556	-0.2337420543	-0.2323409339	-0.2309141933	-0.2294627454	-0.2279875154	-0.2264894393	-0.2249694618	-0.2234285350	-0.2218676168	-0.2202876688	-0.2186896554	-0.2170745417	-0.2154432924	-0.2137968698	-0.2121362329	-0.2104623359	-0.2087761265	-0.2070785449	-0.2053705228	-0.2036529816	-0.2019268320	-0.2001929725	-0.1984522883	-0.1967056509	-0.1949539167	-0.1931979264	-0.1914385043	-0.1896764575	-0.1879125755	-0.1861476294	-0.1843823713	-0.1826175342	-0.1808538315	-0.1790919564	-0.1773325820	-0.1755763607	-0.1738239245	-0.1720758844	-0.1703328305	-0.1685953321	-0.1668639375	-0.1651391741	-0.1634215487	-0.1617115473	-0.1600096353	-0.1583162580	-0.1566318405	-0.1549567880	-0.1532914861	-0.1516363012	-0.1499915808	-0.1483576535	-0.1467348298	-0.1451234022	-0.1435236457	-0.1419358182	-0.1403601607	-0.1387968981	-0.1372462390	-0.1357083770	-0.1341834903	-0.1326717426	-0.1311732834	-0.1296882484	-0.1282167602	-0.1267589283	-0.1253148499	-0.1238846101	-0.1224682825	-0.1210659295	-0.1196776029	-0.1183033441	-0.1169431846	-0.1155971463	-0.1142652421	-0.1129474764	-0.1116438448	-0.1103543352	-0.1090789280	-0.1078175962	-0.1065703059	-0.1053370167	-0.1041176819	-0.1029122490	-0.1017206599	-0.1005428509	-0.0993787538	-0.0982282953	-0.0970913977	-0.0959679794	-0.0948579545	-0.0937612336	-0.0926777239	-0.0916073295	-0.0905499512	-0.0895054873	-0.0884738334	-0.0874548829	-0.0864485269	-0.0854546546	-0.0844731532	-0.0835039084	-0.0825468046	-0.0816017245	-0.0806685499	-0.0797471615	-0.0788374389	-0.0779392612	-0.0770525067	-0.0761770533	-0.0753127782	-0.0744595586	-0.0736172712
-0.1735218402	-0.1742724065	-0.1750321394	-0.1758010021	-0.1765789547	-0.1773659540	-0.1781619531	-0.1789669017	-0.1797807454	-0.1806034259	-0.1814348805	-0.1822750422	-0.1831238393	-0.1839811951	-0.1848470281	-0.1857212513	-0.1866037721	-0.1874944925	-0.1883933083	-0.1893001092	-0.1902147784	-0.1911371924	-0.1920672210	-0.1930047266	-0.1939495644	-0.1949015818	-0.1958606183	-0.1968265053	-0.1977990657	-0.1987781138	-0.1997634549	-0.2007548850	-0.2017521909	-0.2027551492	-0.2037635269	-0.2047770807	-0.2057955565	-0.2068186896	-0.2078462044	-0.2088778138	-0.2099132193	-0.2109521104	-0.2119941650	-0.2130390484	-0.2140864137	-0.2151359011	-0.2161871382	-0.2172397393	-0.2182933058	-0.2193474254	-0.2204016724	-0.2214556075	-0.2225087776	-0.2235607156	-0.2246109405	-0.2256589575	-0.2267042575	-0.2277463175	-0.2287846004	-0.2298185553	-0.2308476171	-0.2318712072	-0.2328887331	-0.2338995889	-0.2349031555	-0.2358988004	-0.2368858788	-0.2378637330	-0.2388316933	-0.2397890784	-0.2407351956	-0.2416693413	-0.2425908016	-0.2434988529	-0.2443927626	-0.2452717895	-0.2461351844	-0.2469821914	-0.2478120481	-0.2486239870	-0.2494172357	-0.2501910184	-0.2509445568	-0.2516770707	-0.2523877796	-0.2530759034	-0.2537406638	-0.2543812854	-0.2549969968	-0.2555870319	-0.2561506315	-0.2566870440	-0.2571955273	-0.2576753498	-0.2581257919	-0.2585461474	-0.2589357250	-0.2592938493	-0.2596198629	-0.2599131271	-0.2601730237	-0.2603989563	-0.2605903517	-0.2607466612	-0.2608673618	-0.2609519580	-0.2609999823	-0.2610109970	-0.2609845953	-0.2609204021	-0.2608180753	-0.2606773069	-0.2604978237	-0.2602793882	-0.2600217997	-0.2597248946	-0.2593885473	-0.2590126705	-0.2585972161	-0.2581421751	-0.2576475783	-0.2571134959	-0.2565400385	-0.2559273561	-0.2552756388	-0.2545851159	-0.2538560564	-0.2530887679	-0.2522835966	-0.2514409263	-0.2505611781	-0.2496448094	-0.2486923134	-0.2477042175	-0.2466810831	-0.2456235040	-0.2445321053	-0.2434075423	-0.2422504991	-0.2410616875	-0.2398418453	-0.2385917350	-0.2373121423	-0.2360038745	-0.2346677592	-0.2333046423	-0.2319153870	-0.2305008714	-0.2290619877	-0.2275996400	-0.2261147429	-0.2246082199	-0.2230810016	-0.2215340245	-0.2199682291	-0.2183845584	-0.2167839567	-0.2151673676	-0.2135357331	-0.2118899918	-0.2102310780	-0.2085599197	-0.2068774383	-0.2051845465	-0.2034821476	-0.2017711345	-0.2000523885	-0.1983267783	-0.1965951590	-0.1948583717	-0.1931172421	-0.1913725803	-0.1896251796	-0.1878758165	-0.1861252496	-0.1843742192	-0.1826234473	-0.1808736366	-0.1791254705	-0.1773796127	-0.1756367072	-0.1738973778	-0.1721622281	-0.1704318415	-0.1687067809	-0.1669875890	-0.1652747881	-0.1635688805	-0.1618703479	-0.1601796525	-0.1584972364	-0.1568235222	-0.1551589129	-0.1535037927	-0.1518585266	-0.1502234613	-0.1485989250	-0.1469852282	-0.1453826636	-0.1437915071	-0.1422120172	-0.1406444365	-0.1390889912	-0.1375458919	-0.1360153341	-0.1344974984	-0.1329925511	-0.1315006443	-0.1300219166	-0.1285564938	-0.1271044885	-0.1256660013	-0.1242411209	-0.1228299245	-0.1214324783	-0.1200488378	-0.1186790484	-0.1173231455	-0.1159811552	-0.1146530946	-0.1133389718	-0.1120387871	-0.1107525324	-0.1094801922	-0.1082217440	-0.1069771579	-0.1057463979	-0.1045294215	-0.1033261805	-0.1021366207	-0.1009606830	-0.0997983030	-0.0986494117	-0.0975139355	-0.0963917967	-0.0952829134	-0.0941872003	-0.0931045684	-0.0920349256	-0.0909781765	-0.0899342231	-0.0889029648	-0.0878842985	-0.0868781189	-0.0858843185	-0.0849027882	-0.0839334169	-0.0829760923	-0.0820307003	-0.0810971260	-0.0801752529	-0.0792649639	-0.0783661410	-0.0774786654	-0.0766024176	-0.0757372779	-0.0748831259	-0.0740398411
-0.1744532223	-0.1751984632	-0.1759527445	-0.1767160260	-0.1774882645	-0.1782694132	-0.1790594221	-0.1798582371	-0.1806658007	-0.1814820508	-0.1823069215	-0.1831403422	-0.1839822377	-0.1848325280	-0.1856911280	-0.1865579472	-0.1874328898	-0.1883158542	-0.1892067329	-0.1901054123	-0.1910117721	-0.1919256858	-0.1928470198	-0.1937756335	-0.1947113788	-0.1956541002	-0.1966036342	-0.1975598094	-0.1985224459	-0.1994913553	-0.2004663403	-0.2014471945	-0.2024337023	-0.2034256382	-0.2044227673	-0.2054248441	-0.2064316130	-0.2074428078	-0.2084581515	-0.2094773558	-0.2105001213	-0.2115261370	-0.2125550801	-0.2135866158	-0.2146203972	-0.2156560649	-0.2166932471	-0.2177315591	-0.2187706033	-0.2198099693	-0.2208492332	-0.2218879579	-0.2229256930	-0.2239619745	-0.2249963248	-0.2260282529	-0.2270572540	-0.2280828097	-0.2291043883	-0.2301214443	-0.2311334188	-0.2321397396	-0.2331398213	-0.2341330657	-0.2351188615	-0.2360965851	-0.2370656004	-0.2380252595	-0.2389749030	-0.2399138600	-0.2408414490	-0.2417569782	-0.2426597461	-0.2435490419	-0.2444241460	-0.2452843311	-0.2461288626	-0.2469569992	-0.2477679939	-0.2485610948	-0.2493355459	-0.2500905881	-0.2508254599	-0.2515393989	-0.2522316422	-0.2529014280	-0.2535479963	-0.2541705906	-0.2547684585	-0.2553408532	-0.2558870345	-0.2564062707	-0.2568978391	-0.2573610278	-0.2577951369	-0.2581994798	-0.2585733847	-0.2589161956	-0.2592272742	-0.2595060008	-0.2597517760	-0.2599640217	-0.2601421825	-0.2602857272	-0.2603941500	-0.2604669717	-0.2605037408	-0.2605040347	-0.2604674611	-0.2603936587	-0.2602822985	-0.2601330846	-0.2599457550	-0.2597200828	-0.2594558766	-0.2591529813	-0.2588112786	-0.2584306879	-0.2580111662	-0.2575527088	-0.2570553497	-0.2565191613	-0.2559442548	-0.2553307803	-0.2546789262	-0.2539889196	-0.2532610258	-0.2524955476	-0.2516928253	-0.2508532360	-0.2499771926	-0.2490651435	-0.2481175718	-0.2471349940	-0.2461179593	-0.2450670485	-0.2439828731	-0.2428660737	-0.2417173189	-0.2405373044	-0.2393267511	-0.2380864040	-0.2368170306	-0.2355194198	-0.2341943798	-0.2328427372	-0.2314653351	-0.2300630315	-0.2286366979	-0.2271872179	-0.2257154851	-0.2242224021	-0.2227088785	-0.2211758299	-0.2196241756	-0.2180548381	-0.2164687407	-0.2148668067	-0.2132499578	-0.2116191127	-0.2099751860	-0.2083190865	-0.2066517166	-0.2049739706	-0.2032867339	-0.2015908818	-0.1998872784	-0.1981767761	-0.1964602141	-0.1947384179	-0.1930121986	-0.1912823520	-0.1895496578	-0.1878148795	-0.1860787633	-0.1843420378	-0.1826054138	-0.1808695834	-0.1791352202	-0.1774029786	-0.1756734939	-0.1739473817	-0.1722252383	-0.1705076400	-0.1687951435	-0.1670882858	-0.1653875838	-0.1636935350	-0.1620066173	-0.1603272890	-0.1586559890	-0.1569931373	-0.1553391346	-0.1536943632	-0.1520591870	-0.1504339514	-0.1488189842	-0.1472145956	-0.1456210786	-0.1440387093	-0.1424677473	-0.1409084360	-0.1393610030	-0.1378256608	-0.1363026066	-0.1347920231	-0.1332940790	-0.1318089289	-0.1303367144	-0.1288775638	-0.1274315932	-0.1259989061	-0.1245795947	-0.1231737398	-0.1217814110	-0.1204026676	-0.1190375587	-0.1176861236	-0.1163483925	-0.1150243861	-0.1137141170	-0.1124175892	-0.1111347989	-0.1098657347	-0.1086103781	-0.1073687036	-0.1061406791	-0.1049262664	-0.1037254213	-0.1025380940	-0.1013642292	-0.1002037668	-0.0990566417	-0.0979227843	-0.0968021210	-0.0956945738	-0.0946000612	-0.0935184982	-0.0924497962	-0.0913938639	-0.0903506069	-0.0893199281	-0.0883017280	-0.0872959049	-0.0863023547	-0.0853209717	-0.0843516483	-0.0833942752	-0.0824487417	-0.0815149358	-0.0805927444	-0.0796820533	-0.0787827473	-0.0778947106	-0.0770178267	-0.0761519782	-0.0752970479	-0.0744529176
-0.1753621598	-0.1761018852	-0.1768505239	-0.1776080324	-0.1783743641	-0.1791494689	-0.1799332934	-0.1807257803	-0.1815268684	-0.1823364926	-0.1831545833	-0.1839810667	-0.1848158641	-0.1856588923	-0.1865100626	-0.1873692813	-0.1882364494	-0.1891114618	-0.1899942078	-0.1908845705	-0.1917824266	-0.1926876463	-0.1936000930	-0.1945196229	-0.1954460852	-0.1963793213	-0.1973191650	-0.1982654420	-0.1992179700	-0.2001765580	-0.2011410063	-0.2021111061	-0.2030866398	-0.2040673799	-0.2050530894	-0.2060435213	-0.2070384184	-0.2080375133	-0.2090405275	-0.2100471720	-0.2110571467	-0.2120701399	-0.2130858286	-0.2141038780	-0.2151239415	-0.2161456602	-0.2171686630	-0.2181925665	-0.2192169744	-0.2202414781	-0.2212656558	-0.2222890729	-0.2233112817	-0.2243318215	-0.2253502184	-0.2263659852	-0.2273786217	-0.2283876144	-0.2293924366	-0.2303925487	-0.2313873980	-0.2323764191	-0.2333590337	-0.2343346511	-0.2353026683	-0.2362624703	-0.2372134301	-0.2381549096	-0.2390862593	-0.2400068192	-0.2409159191	-0.2418128787	-0.2426970089	-0.2435676114	-0.2444239802	-0.2452654015	-0.2460911550	-0.2469005142	-0.2476927471	-0.2484671177	-0.2492228858	-0.2499593088	-0.2506756423	-0.2513711408	-0.2520450593	-0.2526966537	-0.2533251824	-0.2539299072	-0.2545100943	-0.2550650160	-0.2555939511	-0.2560961869	-0.2565710201	-0.2570177580	-0.2574357199	-0.2578242385	-0.2581826610	-0.2585103505	-0.2588066874	-0.2590710707	-0.2593029188	-0.2595016719	-0.2596667919	-0.2597977648	-0.2598941013	-0.2599553382	-0.2599810394	-0.2599707973	-0.2599242335	-0.2598410002	-0.2597207810	-0.2595632918	-0.2593682816	-0.2591355335	-0.2588648652	-0.2585561298	-0.2582092163	-0.2578240501	-0.2574005934	-0.2569388456	-0.2564388437	-0.2559006619	-0.2553244123	-0.2547102446	-0.2540583460	-0.2533689410	-0.2526422911	-0.2518786947	-0.2510784861	-0.2502420356	-0.2493697482	-0.2484620635	-0.2475194546	-0.2465424271	-0.2455315185	-0.2444872969	-0.2434103602	-0.2423013346	-0.2411608738	-0.2399896574	-0.2387883898	-0.2375577989	-0.2362986345	-0.2350116671	-0.2336976864	-0.2323574995	-0.2309919302	-0.2296018165	-0.2281880100	-0.2267513738	-0.2252927811	-0.2238131139	-0.2223132613	-0.2207941181	-0.2192565832	-0.2177015584	-0.2161299469	-0.2145426518	-0.2129405749	-0.2113246152	-0.2096956678	-0.2080546229	-0.2064023639	-0.2047397671	-0.2030677000	-0.2013870207	-0.1996985765	-0.1980032033	-0.1963017246	-0.1945949508	-0.1928836782	-0.1911686884	-0.1894507478	-0.1877306068	-0.1860089994	-0.1842866423	-0.1825642353	-0.1808424600	-0.1791219799	-0.1774034404	-0.1756874677	-0.1739746696	-0.1722656345	-0.1705609321	-0.1688611124	-0.1671667065	-0.1654782262	-0.1637961641	-0.1621209938	-0.1604531697	-0.1587931275	-0.1571412842	-0.1554980384	-0.1538637702	-0.1522388419	-0.1506235981	-0.1490183655	-0.1474234541	-0.1458391568	-0.1442657499	-0.1427034938	-0.1411526327	-0.1396133955	-0.1380859960	-0.1365706333	-0.1350674921	-0.1335767430	-0.1320985433	-0.1306330369	-0.1291803551	-0.1277406167	-0.1263139286	-0.1249003859	-0.1235000728	-0.1221130625	-0.1207394177	-0.1193791913	-0.1180324263	-0.1166991565	-0.1153794067	-0.1140731933	-0.1127805243	-0.1115013998	-0.1102358125	-0.1089837480	-0.1077451847	-0.1065200947	-0.1053084438	-0.1041101919	-0.1029252931	-0.1017536963	-0.1005953453	-0.0994501789	-0.0983181317	-0.0971991338	-0.0960931112	-0.0949999862	-0.0939196774	-0.0928521004	-0.0917971671	-0.0907547871	-0.0897248667	-0.0887073101	-0.0877020188	-0.0867088926	-0.0857278288	-0.0847587231	-0.0838014696	-0.0828559608	-0.0819220877	-0.0809997404	-0.0800888076	-0.0791891772	-0.0783007360	-0.0774233705	-0.0765569661	-0.0757014081	-0.0748565810
-0.1762488663	-0.1769828925	-0.1777257040	-0.1784772542	-0.1792374932	-0.1800063677	-0.1807838208	-0.1815697919	-0.1823642168	-0.1831670268	-0.1839781492	-0.1847975067	-0.1856250175	-0.1864605950	-0.1873041473	-0.1881555775	-0.1890147833	-0.1898816564	-0.1907560830	-0.1916379430	-0.1925271102	-0.1934234517	-0.1943268278	-0.1952370920	-0.1961540905	-0.1970776620	-0.1980076377	-0.1989438408	-0.1998860863	-0.2008341809	-0.2017879227	-0.2027471008	-0.2037114955	-0.2046808775	-0.2056550081	-0.2066336387	-0.2076165109	-0.2086033559	-0.2095938944	-0.2105878366	-0.2115848817	-0.2125847178	-0.2135870219	-0.2145914591	-0.2155976834	-0.2166053366	-0.2176140486	-0.2186234372	-0.2196331078	-0.2206426537	-0.2216516554	-0.2226596809	-0.2236662855	-0.2246710119	-0.2256733899	-0.2266729366	-0.2276691562	-0.2286615402	-0.2296495675	-0.2306327042	-0.2316104041	-0.2325821083	-0.2335472460	-0.2345052342	-0.2354554781	-0.2363973713	-0.2373302961	-0.2382536241	-0.2391667160	-0.2400689225	-0.2409595845	-0.2418380337	-0.2427035928	-0.2435555766	-0.2443932920	-0.2452160390	-0.2460231113	-0.2468137971	-0.2475873795	-0.2483431377	-0.2490803478	-0.2497982832	-0.2504962162	-0.2511734184	-0.2518291620	-0.2524627207	-0.2530733707	-0.2536603920	-0.2542230692	-0.2547606931	-0.2552725612	-0.2557579797	-0.2562162640	-0.2566467403	-0.2570487470	-0.2574216352	-0.2577647711	-0.2580775363	-0.2583593295	-0.2586095677	-0.2588276873	-0.2590131457	-0.2591654221	-0.2592840191	-0.2593684634	-0.2594183075	-0.2594331302	-0.2594125385	-0.2593561676	-0.2592636827	-0.2591347797	-0.2589691859	-0.2587666609	-0.2585269976	-0.2582500224	-0.2579355964	-0.2575836155	-0.2571940110	-0.2567667502	-0.2563018362	-0.2557993088	-0.2552592441	-0.2546817548	-0.2540669903	-0.2534151363	-0.2527264148	-0.2520010838	-0.2512394367	-0.2504418025	-0.2496085444	-0.2487400599	-0.2478367797	-0.2468991672	-0.2459277173	-0.2449229559	-0.2438854387	-0.2428157504	-0.2417145030	-0.2405823353	-0.2394199116	-0.2382279200	-0.2370070715	-0.2357580986	-0.2344817538	-0.2331788084	-0.2318500511	-0.2304962860	-0.2291183321	-0.2277170211	-0.2262931962	-0.2248477105	-0.2233814258	-0.2218952111	-0.2203899407	-0.2188664936	-0.2173257514	-0.2157685972	-0.2141959144	-0.2126085851	-0.2110074891	-0.2093935025	-0.2077674967	-0.2061303367	-0.2044828810	-0.2028259794	-0.2011604730	-0.1994871924	-0.1978069575	-0.1961205761	-0.1944288435	-0.1927325415	-0.1910324378	-0.1893292852	-0.1876238213	-0.1859167677	-0.1842088298	-0.1825006960	-0.1807930374	-0.1790865078	-0.1773817429	-0.1756793606	-0.1739799601	-0.1722841226	-0.1705924103	-0.1689053670	-0.1672235178	-0.1655473690	-0.1638774084	-0.1622141050	-0.1605579094	-0.1589092539	-0.1572685525	-0.1556362011	-0.1540125780	-0.1523980435	-0.1507929410	-0.1491975964	-0.1476123190	-0.1460374016	-0.1444731206	-0.1429197368	-0.1413774952	-0.1398466258	-0.1383273436	-0.1368198493	-0.1353243293	-0.1338409564	-0.1323698900	-0.1309112765	-0.1294652497	-0.1280319312	-0.1266114309	-0.1252038469	-0.1238092666	-0.1224277665	-0.1210594128	-0.1197042618	-0.1183623601	-0.1170337452	-0.1157184458	-0.1144164818	-0.1131278652	-0.1118526001	-0.1105906830	-0.1093421033	-0.1081068435	-0.1068848797	-0.1056761816	-0.1044807130	-0.1032984321	-0.1021292917	-0.1009732395	-0.0998302183	-0.0987001665	-0.0975830179	-0.0964787025	-0.0953871464	-0.0943082720	-0.0932419983	-0.0921882412	-0.0911469137	-0.0901179257	-0.0891011849	-0.0880965964	-0.0871040630	-0.0861234857	-0.0851547635	-0.0841977936	-0.0832524716	-0.0823186918	-0.0813963471	-0.0804853294	-0.0795855293	-0.0786968368	-0.0778191409	-0.0769523300	-0.0760962918	-0.0752509138
-0.1771135591	-0.1778417086	-0.1785785149	-0.1793239282	-0.1800778952	-0.1808403595	-0.1816112611	-0.1823905362	-0.1831781172	-0.1839739323	-0.1847779055	-0.1855899564	-0.1864099999	-0.1872379462	-0.1880737003	-0.1889171622	-0.1897682263	-0.1906267815	-0.1914927108	-0.1923658912	-0.1932461933	-0.1941334814	-0.1950276132	-0.1959284392	-0.1968358029	-0.1977495406	-0.1986694807	-0.1995954440	-0.2005272434	-0.2014646831	-0.2024075592	-0.2033556590	-0.2043087606	-0.2052666334	-0.2062290368	-0.2071957212	-0.2081664268	-0.2091408837	-0.2101188120	-0.2110999211	-0.2120839099	-0.2130704665	-0.2140592676	-0.2150499791	-0.2160422553	-0.2170357389	-0.2180300610	-0.2190248410	-0.2200196860	-0.2210141912	-0.2220079399	-0.2230005026	-0.2239914380	-0.2249802921	-0.2259665987	-0.2269498792	-0.2279296425	-0.2289053853	-0.2298765919	-0.2308427346	-0.2318032734	-0.2327576565	-0.2337053202	-0.2346456895	-0.2355781778	-0.2365021875	-0.2374171101	-0.2383223270	-0.2392172091	-0.2401011178	-0.2409734051	-0.2418334144	-0.2426804808	-0.2435139313	-0.2443330863	-0.2451372592	-0.2459257578	-0.2466978846	-0.2474529378	-0.2481902118	-0.2489089984	-0.2496085871	-0.2502882666	-0.2509473253	-0.2515850526	-0.2522007394	-0.2527936796	-0.2533631711	-0.2539085166	-0.2544290249	-0.2549240121	-0.2553928026	-0.2558347304	-0.2562491402	-0.2566353888	-0.2569928458	-0.2573208956	-0.2576189380	-0.2578863895	-0.2581226847	-0.2583272777	-0.2584996426	-0.2586392753	-0.2587456947	-0.2588184431	-0.2588570882	-0.2588612236	-0.2588304700	-0.2587644760	-0.2586629196	-0.2585255084	-0.2583519808	-0.2581421068	-0.2578956885	-0.2576125611	-0.2572925931	-0.2569356872	-0.2565417804	-0.2561108445	-0.2556428866	-0.2551379490	-0.2545961095	-0.2540174815	-0.2534022138	-0.2527504906	-0.2520625314	-0.2513385906	-0.2505789572	-0.2497839541	-0.2489539382	-0.2480892991	-0.2471904591	-0.2462578719	-0.2452920220	-0.2442934240	-0.2432626213	-0.2422001855	-0.2411067150	-0.2399828341	-0.2388291915	-0.2376464598	-0.2364353334	-0.2351965278	-0.2339307780	-0.2326388373	-0.2313214759	-0.2299794793	-0.2286136473	-0.2272247923	-0.2258137380	-0.2243813179	-0.2229283740	-0.2214557552	-0.2199643163	-0.2184549163	-0.2169284170	-0.2153856820	-0.2138275752	-0.2122549594	-0.2106686955	-0.2090696407	-0.2074586480	-0.2058365646	-0.2042042310	-0.2025624799	-0.2009121353	-0.1992540116	-0.1975889128	-0.1959176311	-0.1942409470	-0.1925596277	-0.1908744272	-0.1891860850	-0.1874953259	-0.1858028593	-0.1841093790	-0.1824155622	-0.1807220697	-0.1790295453	-0.1773386155	-0.1756498892	-0.1739639576	-0.1722813940	-0.1706027538	-0.1689285740	-0.1672593738	-0.1655956539	-0.1639378971	-0.1622865679	-0.1606421128	-0.1590049607	-0.1573755223	-0.1557541909	-0.1541413425	-0.1525373358	-0.1509425124	-0.1493571974	-0.1477816992	-0.1462163104	-0.1446613073	-0.1431169510	-0.1415834871	-0.1400611464	-0.1385501451	-0.1370506853	-0.1355629551	-0.1340871290	-0.1326233686	-0.1311718225	-0.1297326270	-0.1283059063	-0.1268917730	-0.1254903282	-0.1241016623	-0.1227258549	-0.1213629757	-0.1200130841	-0.1186762305	-0.1173524557	-0.1160417920	-0.1147442632	-0.1134598847	-0.1121886646	-0.1109306032	-0.1096856937	-0.1084539224	-0.1072352693	-0.1060297080	-0.1048372062	-0.1036577259	-0.1024912238	-0.1013376515	-0.1001969555	-0.0990690781	-0.0979539570	-0.0968515258	-0.0957617144	-0.0946844488	-0.0936196517	-0.0925672426	-0.0915271380	-0.0904992515	-0.0894834941	-0.0884797744	-0.0874879985	-0.0865080708	-0.0855398933	-0.0845833667	-0.0836383896	-0.0827048594	-0.0817826721	-0.0808717225	-0.0799719042	-0.0790831099	-0.0782052315	-0.0773381601	-0.0764817861	-0.0756359996
-0.1779564590	-0.1786785606	-0.1794091899	-0.1801482939	-0.1808958164	-0.1816516977	-0.1824158746	-0.1831882803	-0.1839688440	-0.1847574907	-0.1855541413	-0.1863587123	-0.1871711156	-0.1879912582	-0.1888190420	-0.1896543640	-0.1904971156	-0.1913471827	-0.1922044453	-0.1930687777	-0.1939400476	-0.1948181165	-0.1957028393	-0.1965940640	-0.1974916315	-0.1983953755	-0.1993051223	-0.2002206901	-0.2011418897	-0.2020685233	-0.2030003850	-0.2039372602	-0.2048789256	-0.2058251487	-0.2067756878	-0.2077302919	-0.2086887002	-0.2096506421	-0.2106158370	-0.2115839938	-0.2125548113	-0.2135279774	-0.2145031692	-0.2154800532	-0.2164582842	-0.2174375063	-0.2184173517	-0.2193974414	-0.2203773846	-0.2213567788	-0.2223352096	-0.2233122508	-0.2242874641	-0.2252603995	-0.2262305946	-0.2271975752	-0.2281608552	-0.2291199365	-0.2300743091	-0.2310234513	-0.2319668296	-0.2329038993	-0.2338341042	-0.2347568768	-0.2356716392	-0.2365778024	-0.2374747674	-0.2383619251	-0.2392386568	-0.2401043344	-0.2409583213	-0.2417999724	-0.2426286349	-0.2434436484	-0.2442443463	-0.2450300555	-0.2458000977	-0.2465537897	-0.2472904444	-0.2480093715	-0.2487098780	-0.2493912696	-0.2500528511	-0.2506939274	-0.2513138047	-0.2519117910	-0.2524871977	-0.2530393401	-0.2535675386	-0.2540711199	-0.2545494182	-0.2550017758	-0.2554275450	-0.2558260885	-0.2561967811	-0.2565390105	-0.2568521789	-0.2571357038	-0.2573890191	-0.2576115770	-0.2578028480	-0.2579623232	-0.2580895147	-0.2581839568	-0.2582452075	-0.2582728490	-0.2582664892	-0.2582257624	-0.2581503301	-0.2580398826	-0.2578941389	-0.2577128483	-0.2574957906	-0.2572427771	-0.2569536513	-0.2566282889	-0.2562665990	-0.2558685242	-0.2554340408	-0.2549631594	-0.2544559248	-0.2539124164	-0.2533327479	-0.2527170679	-0.2520655588	-0.2513784377	-0.2506559554	-0.2498983961	-0.2491060774	-0.2482793495	-0.2474185946	-0.2465242263	-0.2455966890	-0.2446364571	-0.2436440338	-0.2426199507	-0.2415647667	-0.2404790665	-0.2393634602	-0.2382185819	-0.2370450882	-0.2358436577	-0.2346149891	-0.2333598003	-0.2320788268	-0.2307728210	-0.2294425500	-0.2280887949	-0.2267123492	-0.2253140174	-0.2238946137	-0.2224549608	-0.2209958881	-0.2195182309	-0.2180228288	-0.2165105242	-0.2149821614	-0.2134385851	-0.2118806394	-0.2103091664	-0.2087250050	-0.2071289898	-0.2055219504	-0.2039047098	-0.2022780837	-0.2006428796	-0.1989998955	-0.1973499197	-0.1956937293	-0.1940320898	-0.1923657543	-0.1906954630	-0.1890219423	-0.1873459042	-0.1856680462	-0.1839890502	-0.1823095827	-0.1806302939	-0.1789518178	-0.1772747714	-0.1755997550	-0.1739273515	-0.1722581265	-0.1705926283	-0.1689313872	-0.1672749163	-0.1656237108	-0.1639782482	-0.1623389885	-0.1607063742	-0.1590808302	-0.1574627643	-0.1558525668	-0.1542506113	-0.1526572546	-0.1510728367	-0.1494976815	-0.1479320966	-0.1463763739	-0.1448307897	-0.1432956051	-0.1417710662	-0.1402574046	-0.1387548374	-0.1372635679	-0.1357837856	-0.1343156669	-0.1328593752	-0.1314150612	-0.1299828635	-0.1285629088	-0.1271553123	-0.1257601779	-0.1243775989	-0.1230076580	-0.1216504278	-0.1203059713	-0.1189743419	-0.1176555840	-0.1163497334	-0.1150568173	-0.1137768549	-0.1125098579	-0.1112558302	-0.1100147688	-0.1087866638	-0.1075714990	-0.1063692516	-0.1051798933	-0.1040033897	-0.1028397014	-0.1016887837	-0.1005505870	-0.0994250572	-0.0983121358	-0.0972117600	-0.0961238634	-0.0950483757	-0.0939852232	-0.0929343289	-0.0918956128	-0.0908689919	-0.0898543807	-0.0888516912	-0.0878608329	-0.0868817132	-0.0859142377	-0.0849583099	-0.0840138318	-0.0830807038	-0.0821588248	-0.0812480926	-0.0803484038	-0.0794596538	-0.0785817373	-0.0777145482	-0.0768579795	-0.0760119239
-0.1787777897	-0.1794936783	-0.1802179652	-0.1809505942	-0.1816915061	-0.1824406382	-0.1831979242	-0.1839632941	-0.1847366740	-0.1855179862	-0.1863071483	-0.1871040738	-0.1879086715	-0.1887208455	-0.1895404948	-0.1903675133	-0.1912017897	-0.1920432069	-0.1928916421	-0.1937469668	-0.1946090461	-0.1954777388	-0.1963528971	-0.1972343666	-0.1981219858	-0.1990155859	-0.1999149910	-0.2008200174	-0.2017304735	-0.2026461597	-0.2035668684	-0.2044923832	-0.2054224793	-0.2063569228	-0.2072954710	-0.2082378715	-0.2091838629	-0.2101331738	-0.2110855231	-0.2120406196	-0.2129981618	-0.2139578379	-0.2149193256	-0.2158822917	-0.2168463922	-0.2178112723	-0.2187765658	-0.2197418954	-0.2207068724	-0.2216710968	-0.2226341569	-0.2235956296	-0.2245550801	-0.2255120620	-0.2264661173	-0.2274167764	-0.2283635579	-0.2293059693	-0.2302435062	-0.2311756531	-0.2321018833	-0.2330216590	-0.2339344314	-0.2348396412	-0.2357367186	-0.2366250836	-0.2375041465	-0.2383733078	-0.2392319592	-0.2400794832	-0.2409152544	-0.2417386392	-0.2425489967	-0.2433456794	-0.2441280332	-0.2448953986	-0.2456471110	-0.2463825014	-0.2471008972	-0.2478016231	-0.2484840014	-0.2491473535	-0.2497910002	-0.2504142626	-0.2510164635	-0.2515969278	-0.2521549838	-0.2526899640	-0.2532012064	-0.2536880552	-0.2541498621	-0.2545859872	-0.2549958004	-0.2553786823	-0.2557340252	-0.2560612346	-0.2563597299	-0.2566289460	-0.2568683340	-0.2570773626	-0.2572555191	-0.2574023106	-0.2575172649	-0.2575999320	-0.2576498844	-0.2576667188	-0.2576500569	-0.2575995462	-0.2575148608	-0.2573957027	-0.2572418022	-0.2570529189	-0.2568288424	-0.2565693927	-0.2562744211	-0.2559438107	-0.2555774765	-0.2551753665	-0.2547374613	-0.2542637748	-0.2537543542	-0.2532092803	-0.2526286674	-0.2520126631	-0.2513614487	-0.2506752384	-0.2499542795	-0.2491988517	-0.2484092671	-0.2475858694	-0.2467290334	-0.2458391644	-0.2449166976	-0.2439620973	-0.2429758557	-0.2419584929	-0.2409105550	-0.2398326136	-0.2387252650	-0.2375891285	-0.2364248457	-0.2352330792	-0.2340145115	-0.2327698437	-0.2314997941	-0.2302050974	-0.2288865027	-0.2275447728	-0.2261806828	-0.2247950183	-0.2233885748	-0.2219621558	-0.2205165717	-0.2190526388	-0.2175711774	-0.2160730111	-0.2145589652	-0.2130298657	-0.2114865380	-0.2099298059	-0.2083604902	-0.2067794078	-0.2051873706	-0.2035851845	-0.2019736484	-0.2003535534	-0.1987256817	-0.1970908058	-0.1954496878	-0.1938030788	-0.1921517177	-0.1904963311	-0.1888376321	-0.1871763205	-0.1855130815	-0.1838485857	-0.1821834886	-0.1805184300	-0.1788540339	-0.1771909081	-0.1755296442	-0.1738708167	-0.1722149835	-0.1705626857	-0.1689144471	-0.1672707745	-0.1656321573	-0.1639990680	-0.1623719619	-0.1607512771	-0.1591374349	-0.1575308395	-0.1559318786	-0.1543409231	-0.1527583277	-0.1511844307	-0.1496195545	-0.1480640060	-0.1465180762	-0.1449820412	-0.1434561620	-0.1419406851	-0.1404358425	-0.1389418522	-0.1374589186	-0.1359872325	-0.1345269719	-0.1330783019	-0.1316413751	-0.1302163324	-0.1288033027	-0.1274024037	-0.1260137419	-0.1246374135	-0.1232735039	-0.1219220889	-0.1205832344	-0.1192569972	-0.1179434249	-0.1166425566	-0.1153544231	-0.1140790471	-0.1128164437	-0.1115666204	-0.1103295779	-0.1091053100	-0.1078938040	-0.1066950409	-0.1055089961	-0.1043356389	-0.1031749336	-0.1020268391	-0.1008913097	-0.0997682948	-0.0986577395	-0.0975595848	-0.0964737678	-0.0954002218	-0.0943388765	-0.0932896586	-0.0922524915	-0.0912272956	-0.0902139888	-0.0892124863	-0.0882227011	-0.0872445438	-0.0862779231	-0.0853227457	-0.0843789166	-0.0834463393	-0.0825249158	-0.0816145467	-0.0807151314	-0.0798265683	-0.0789487548	-0.0780815874	-0.0772249620	-0.0763787737
-0.1795777783	-0.1802872950	-0.1810050802	-0.1817310748	-0.1824652165	-0.1832074398	-0.1839576751	-0.1847158498	-0.1854818868	-0.1862557052	-0.1870372201	-0.1878263418	-0.1886229762	-0.1894270244	-0.1902383828	-0.1910569424	-0.1918825888	-0.1927152025	-0.1935546579	-0.1944008238	-0.1952535626	-0.1961127308	-0.1969781780	-0.1978497474	-0.1987272752	-0.1996105906	-0.2004995153	-0.2013938636	-0.2022934421	-0.2031980496	-0.2041074764	-0.2050215050	-0.2059399090	-0.2068624533	-0.2077888941	-0.2087189783	-0.2096524436	-0.2105890182	-0.2115284205	-0.2124703594	-0.2134145333	-0.2143606310	-0.2153083305	-0.2162572996	-0.2172071954	-0.2181576643	-0.2191083420	-0.2200588530	-0.2210088108	-0.2219578181	-0.2229054660	-0.2238513346	-0.2247949928	-0.2257359980	-0.2266738966	-0.2276082237	-0.2285385029	-0.2294642471	-0.2303849579	-0.2313001261	-0.2322092315	-0.2331117435	-0.2340071209	-0.2348948124	-0.2357742565	-0.2366448821	-0.2375061089	-0.2383573471	-0.2391979984	-0.2400274564	-0.2408451063	-0.2416503263	-0.2424424875	-0.2432209546	-0.2439850866	-0.2447342369	-0.2454677546	-0.2461849849	-0.2468852696	-0.2475679480	-0.2482323577	-0.2488778353	-0.2495037175	-0.2501093414	-0.2506940462	-0.2512571731	-0.2517980673	-0.2523160782	-0.2528105609	-0.2532808766	-0.2537263945	-0.2541464920	-0.2545405563	-0.2549079853	-0.2552481887	-0.2555605890	-0.2558446228	-0.2560997417	-0.2563254136	-0.2565211235	-0.2566863749	-0.2568206905	-0.2569236135	-0.2569947088	-0.2570335635	-0.2570397881	-0.2570130178	-0.2569529127	-0.2568591593	-0.2567314711	-0.2565695891	-0.2563732830	-0.2561423517	-0.2558766237	-0.2555759581	-0.2552402445	-0.2548694043	-0.2544633901	-0.2540221869	-0.2535458117	-0.2530343140	-0.2524877758	-0.2519063117	-0.2512900689	-0.2506392267	-0.2499539970	-0.2492346234	-0.2484813813	-0.2476945772	-0.2468745484	-0.2460216626	-0.2451363167	-0.2442189370	-0.2432699778	-0.2422899208	-0.2412792745	-0.2402385726	-0.2391683741	-0.2380692614	-0.2369418396	-0.2357867353	-0.2346045959	-0.2333960877	-0.2321618955	-0.2309027207	-0.2296192806	-0.2283123069	-0.2269825445	-0.2256307503	-0.2242576915	-0.2228641452	-0.2214508962	-0.2200187363	-0.2185684629	-0.2171008778	-0.2156167858	-0.2141169938	-0.2126023094	-0.2110735396	-0.2095314903	-0.2079769644	-0.2064107612	-0.2048336757	-0.2032464966	-0.2016500065	-0.2000449801	-0.1984321841	-0.1968123755	-0.1951863017	-0.1935546993	-0.1919182932	-0.1902777965	-0.1886339096	-0.1869873196	-0.1853386999	-0.1836887097	-0.1820379935	-0.1803871809	-0.1787368860	-0.1770877074	-0.1754402276	-0.1737950132	-0.1721526142	-0.1705135646	-0.1688783812	-0.1672475648	-0.1656215991	-0.1640009513	-0.1623860719	-0.1607773946	-0.1591753368	-0.1575802994	-0.1559926669	-0.1544128076	-0.1528410741	-0.1512778027	-0.1497233145	-0.1481779149	-0.1466418945	-0.1451155288	-0.1435990785	-0.1420927904	-0.1405968967	-0.1391116164	-0.1376371545	-0.1361737032	-0.1347214418	-0.1332805369	-0.1318511432	-0.1304334034	-0.1290274486	-0.1276333989	-0.1262513632	-0.1248814403	-0.1235237185	-0.1221782763	-0.1208451827	-0.1195244975	-0.1182162716	-0.1169205473	-0.1156373586	-0.1143667317	-0.1131086850	-0.1118632296	-0.1106303698	-0.1094101027	-0.1082024193	-0.1070073043	-0.1058247365	-0.1046546891	-0.1034971297	-0.1023520210	-0.1012193209	-0.1000989823	-0.0989909539	-0.0978951804	-0.0968116023	-0.0957401564	-0.0946807760	-0.0936333912	-0.0925979286	-0.0915743123	-0.0905624633	-0.0895623003	-0.0885737393	-0.0875966943	-0.0866310770	-0.0856767974	-0.0847337635	-0.0838018817	-0.0828810570	-0.0819711929	-0.0810721917	-0.0801839546	-0.0793063818	-0.0784393724	-0.0775828249	-0.0767366371
-0.1803566541	-0.1810596460	-0.1817707765	-0.1824899837	-0.1832172022	-0.1839523635	-0.1846953953	-0.1854462220	-0.1862047636	-0.1869709364	-0.1877446524	-0.1885258193	-0.1893143400	-0.1901101130	-0.1909130318	-0.1917229845	-0.1925398544	-0.1933635190	-0.1941938503	-0.1950307145	-0.1958739716	-0.1967234754	-0.1975790736	-0.1984406069	-0.1993079093	-0.2001808079	-0.2010591226	-0.2019426657	-0.2028312420	-0.2037246487	-0.2046226747	-0.2055251009	-0.2064316997	-0.2073422352	-0.2082564624	-0.2091741276	-0.2100949679	-0.2110187110	-0.2119450754	-0.2128737698	-0.2138044932	-0.2147369344	-0.2156707725	-0.2166056762	-0.2175413038	-0.2184773033	-0.2194133121	-0.2203489568	-0.2212838534	-0.2222176071	-0.2231498122	-0.2240800522	-0.2250078995	-0.2259329158	-0.2268546517	-0.2277726472	-0.2286864311	-0.2295955217	-0.2304994268	-0.2313976432	-0.2322896578	-0.2331749469	-0.2340529772	-0.2349232050	-0.2357850777	-0.2366380328	-0.2374814993	-0.2383148972	-0.2391376386	-0.2399491272	-0.2407487597	-0.2415359255	-0.2423100078	-0.2430703834	-0.2438164239	-0.2445474961	-0.2452629626	-0.2459621822	-0.2466445110	-0.2473093029	-0.2479559105	-0.2485836855	-0.2491919801	-0.2497801472	-0.2503475420	-0.2508935220	-0.2514174488	-0.2519186884	-0.2523966126	-0.2528505995	-0.2532800352	-0.2536843141	-0.2540628403	-0.2544150287	-0.2547403059	-0.2550381111	-0.2553078976	-0.2555491334	-0.2557613027	-0.2559439064	-0.2560964636	-0.2562185125	-0.2563096112	-0.2563693390	-0.2563972971	-0.2563931097	-0.2563564248	-0.2562869150	-0.2561842786	-0.2560482402	-0.2558785514	-0.2556749916	-0.2554373686	-0.2551655192	-0.2548593097	-0.2545186367	-0.2541434268	-0.2537336379	-0.2532892586	-0.2528103090	-0.2522968408	-0.2517489371	-0.2511667128	-0.2505503142	-0.2498999193	-0.2492157371	-0.2484980079	-0.2477470025	-0.2469630220	-0.2461463976	-0.2452974896	-0.2444166872	-0.2435044075	-0.2425610953	-0.2415872218	-0.2405832841	-0.2395498042	-0.2384873282	-0.2373964252	-0.2362776863	-0.2351317237	-0.2339591695	-0.2327606745	-0.2315369073	-0.2302885530	-0.2290163118	-0.2277208984	-0.2264030400	-0.2250634758	-0.2237029551	-0.2223222368	-0.2209220876	-0.2195032808	-0.2180665957	-0.2166128156	-0.2151427271	-0.2136571189	-0.2121567804	-0.2106425009	-0.2091150685	-0.2075752686	-0.2060238834	-0.2044616907	-0.2028894629	-0.2013079662	-0.1997179594	-0.1981201936	-0.1965154109	-0.1949043439	-0.1932877148	-0.1916662350	-0.1900406043	-0.1884115101	-0.1867796273	-0.1851456174	-0.1835101283	-0.1818737937	-0.1802372329	-0.1786010502	-0.1769658350	-0.1753321609	-0.1737005864	-0.1720716537	-0.1704458894	-0.1688238039	-0.1672058913	-0.1655926298	-0.1639844812	-0.1623818910	-0.1607852888	-0.1591950878	-0.1576116853	-0.1560354627	-0.1544667858	-0.1529060044	-0.1513534532	-0.1498094515	-0.1482743036	-0.1467482990	-0.1452317126	-0.1437248049	-0.1422278225	-0.1407409982	-0.1392645511	-0.1377986874	-0.1363436001	-0.1348994697	-0.1334664645	-0.1320447407	-0.1306344428	-0.1292357041	-0.1278486466	-0.1264733820	-0.1251100112	-0.1237586252	-0.1224193054	-0.1210921236	-0.1197771425	-0.1184744160	-0.1171839895	-0.1159059003	-0.1146401779	-0.1133868439	-0.1121459129	-0.1109173924	-0.1097012831	-0.1084975796	-0.1073062699	-0.1061273364	-0.1049607556	-0.1038064991	-0.1026645328	-0.1015348180	-0.1004173115	-0.0993119653	-0.0982187276	-0.0971375424	-0.0960683499	-0.0950110869	-0.0939656867	-0.0929320795	-0.0919101926	-0.0908999503	-0.0899012746	-0.0889140846	-0.0879382975	-0.0869738282	-0.0860205897	-0.0850784930	-0.0841474476	-0.0832273613	-0.0823181406	-0.0814196906	-0.0805319152	-0.0796547173	-0.0787879988	-0.0779316609	-0.0770856037
-0.1811146493	-0.1818109696	-0.1825152985	-0.1832275712	-0.1839477197	-0.1846756725	-0.1854113545	-0.1861546872	-0.1869055878	-0.1876639699	-0.1884297426	-0.1892028108	-0.1899830749	-0.1907704305	-0.1915647683	-0.1923659742	-0.1931739286	-0.1939885065	-0.1948095775	-0.1956370052	-0.1964706475	-0.1973103558	-0.1981559755	-0.1990073452	-0.1998642969	-0.2007266557	-0.2015942397	-0.2024668594	-0.2033443181	-0.2042264113	-0.2051129267	-0.2060036439	-0.2068983343	-0.2077967608	-0.2086986780	-0.2096038313	-0.2105119576	-0.2114227843	-0.2123360299	-0.2132514032	-0.2141686037	-0.2150873209	-0.2160072347	-0.2169280149	-0.2178493213	-0.2187708035	-0.2196921007	-0.2206128420	-0.2215326458	-0.2224511200	-0.2233678623	-0.2242824595	-0.2251944880	-0.2261035135	-0.2270090911	-0.2279107658	-0.2288080716	-0.2297005326	-0.2305876623	-0.2314689642	-0.2323439319	-0.2332120490	-0.2340727897	-0.2349256185	-0.2357699910	-0.2366053540	-0.2374311454	-0.2382467952	-0.2390517253	-0.2398453504	-0.2406270779	-0.2413963086	-0.2421524375	-0.2428948537	-0.2436229413	-0.2443360801	-0.2450336459	-0.2457150114	-0.2463795466	-0.2470266198	-0.2476555983	-0.2482658488	-0.2488567386	-0.2494276365	-0.2499779129	-0.2505069417	-0.2510141004	-0.2514987713	-0.2519603426	-0.2523982091	-0.2528117732	-0.2532004461	-0.2535636484	-0.2539008115	-0.2542113785	-0.2544948051	-0.2547505608	-0.2549781296	-0.2551770115	-0.2553467229	-0.2554867984	-0.2555967908	-0.2556762729	-0.2557248381	-0.2557421012	-0.2557276996	-0.2556812939	-0.2556025687	-0.2554912339	-0.2553470248	-0.2551697031	-0.2549590576	-0.2547149048	-0.2544370895	-0.2541254852	-0.2537799946	-0.2534005499	-0.2529871136	-0.2525396781	-0.2520582664	-0.2515429320	-0.2509937593	-0.2504108632	-0.2497943894	-0.2491445140	-0.2484614435	-0.2477454147	-0.2469966941	-0.2462155774	-0.2454023896	-0.2445574840	-0.2436812418	-0.2427740718	-0.2418364088	-0.2408687141	-0.2398714735	-0.2388451975	-0.2377904197	-0.2367076961	-0.2355976043	-0.2344607420	-0.2332977268	-0.2321091940	-0.2308957967	-0.2296582036	-0.2283970987	-0.2271131796	-0.2258071565	-0.2244797512	-0.2231316954	-0.2217637304	-0.2203766048	-0.2189710743	-0.2175478999	-0.2161078472	-0.2146516848	-0.2131801835	-0.2116941151	-0.2101942514	-0.2086813628	-0.2071562179	-0.2056195818	-0.2040722157	-0.2025148757	-0.2009483118	-0.1993732675	-0.1977904783	-0.1962006716	-0.1946045654	-0.1930028681	-0.1913962772	-0.1897854794	-0.1881711496	-0.1865539504	-0.1849345316	-0.1833135298	-0.1816915681	-0.1800692554	-0.1784471864	-0.1768259411	-0.1752060847	-0.1735881670	-0.1719727229	-0.1703602714	-0.1687513162	-0.1671463452	-0.1655458306	-0.1639502290	-0.1623599808	-0.1607755111	-0.1591972292	-0.1576255287	-0.1560607878	-0.1545033692	-0.1529536206	-0.1514118743	-0.1498784480	-0.1483536447	-0.1468377526	-0.1453310460	-0.1438337851	-0.1423462161	-0.1408685720	-0.1394010724	-0.1379439240	-0.1364973208	-0.1350614445	-0.1336364644	-0.1322225385	-0.1308198129	-0.1294284228	-0.1280484923	-0.1266801353	-0.1253234550	-0.1239785450	-0.1226454892	-0.1213243621	-0.1200152293	-0.1187181476	-0.1174331655	-0.1161603233	-0.1148996535	-0.1136511812	-0.1124149240	-0.1111908929	-0.1099790919	-0.1087795188	-0.1075921652	-0.1064170168	-0.1052540538	-0.1041032508	-0.1029645776	-0.1018379987	-0.1007234743	-0.0996209601	-0.0985304074	-0.0974517638	-0.0963849728	-0.0953299746	-0.0942867058	-0.0932551001	-0.0922350877	-0.0912265965	-0.0902295514	-0.0892438749	-0.0882694872	-0.0873063063	-0.0863542481	-0.0854132269	-0.0844831550	-0.0835639430	-0.0826555004	-0.0817577350	-0.0808705535	-0.0799938615	-0.0791275637	-0.0782715636	-0.0774257642
-0.1818519982	-0.1825415059	-0.1832388923	-0.1839440899	-0.1846570279	-0.1853776319	-0.1861058243	-0.1868415235	-0.1875846443	-0.1883350974	-0.1890927892	-0.1898576221	-0.1906294937	-0.1914082970	-0.1921939202	-0.1929862467	-0.1937851542	-0.1945905156	-0.1954021979	-0.1962200626	-0.1970439650	-0.1978737546	-0.1987092747	-0.1995503618	-0.2003968461	-0.2012485507	-0.2021052921	-0.2029668792	-0.2038331137	-0.2047037898	-0.2055786940	-0.2064576048	-0.2073402927	-0.2082265197	-0.2091160398	-0.2100085980	-0.2109039309	-0.2118017659	-0.2127018215	-0.2136038070	-0.2145074222	-0.2154123577	-0.2163182942	-0.2172249029	-0.2181318451	-0.2190387721	-0.2199453253	-0.2208511360	-0.2217558255	-0.2226590045	-0.2235602740	-0.2244592243	-0.2253554359	-0.2262484787	-0.2271379125	-0.2280232870	-0.2289041420	-0.2297800068	-0.2306504014	-0.2315148356	-0.2323728099	-0.2332238151	-0.2340673331	-0.2349028366	-0.2357297895	-0.2365476474	-0.2373558577	-0.2381538600	-0.2389410864	-0.2397169619	-0.2404809049	-0.2412323276	-0.2419706365	-0.2426952329	-0.2434055134	-0.2441008704	-0.2447806932	-0.2454443677	-0.2460912780	-0.2467208064	-0.2473323347	-0.2479252445	-0.2484989180	-0.2490527390	-0.2495860938	-0.2500983716	-0.2505889659	-0.2510572750	-0.2515027031	-0.2519246610	-0.2523225676	-0.2526958500	-0.2530439454	-0.2533663012	-0.2536623765	-0.2539316431	-0.2541735863	-0.2543877057	-0.2545735168	-0.2547305511	-0.2548583580	-0.2549565048	-0.2550245786	-0.2550621863	-0.2550689561	-0.2550445380	-0.2549886049	-0.2549008534	-0.2547810040	-0.2546288027	-0.2544440209	-0.2542264567	-0.2539759349	-0.2536923078	-0.2533754559	-0.2530252880	-0.2526417415	-0.2522247833	-0.2517744095	-0.2512906457	-0.2507735474	-0.2502231998	-0.2496397179	-0.2490232467	-0.2483739605	-0.2476920633	-0.2469777883	-0.2462313975	-0.2454531818	-0.2446434598	-0.2438025780	-0.2429309100	-0.2420288557	-0.2410968409	-0.2401353167	-0.2391447583	-0.2381256645	-0.2370785569	-0.2360039787	-0.2349024940	-0.2337746869	-0.2326211602	-0.2314425346	-0.2302394476	-0.2290125522	-0.2277625162	-0.2264900208	-0.2251957595	-0.2238804369	-0.2225447678	-0.2211894759	-0.2198152925	-0.2184229557	-0.2170132089	-0.2155868002	-0.2141444805	-0.2126870032	-0.2112151228	-0.2097295937	-0.2082311694	-0.2067206016	-0.2051986389	-0.2036660260	-0.2021235030	-0.2005718042	-0.1990116576	-0.1974437838	-0.1958688954	-0.1942876962	-0.1927008807	-0.1911091331	-0.1895131271	-0.1879135249	-0.1863109771	-0.1847061219	-0.1830995849	-0.1814919784	-0.1798839012	-0.1782759383	-0.1766686605	-0.1750626242	-0.1734583712	-0.1718564285	-0.1702573078	-0.1686615061	-0.1670695049	-0.1654817706	-0.1638987541	-0.1623208912	-0.1607486022	-0.1591822922	-0.1576223512	-0.1560691540	-0.1545230605	-0.1529844156	-0.1514535496	-0.1499307782	-0.1484164030	-0.1469107110	-0.1454139755	-0.1439264563	-0.1424483992	-0.1409800373	-0.1395215905	-0.1380732658	-0.1366352580	-0.1352077498	-0.1337909119	-0.1323849034	-0.1309898721	-0.1296059549	-0.1282332779	-0.1268719570	-0.1255220976	-0.1241837958	-0.1228571379	-0.1215422009	-0.1202390533	-0.1189477545	-0.1176683560	-0.1164009010	-0.1151454251	-0.1139019564	-0.1126705158	-0.1114511174	-0.1102437684	-0.1090484701	-0.1078652171	-0.1066939987	-0.1055347983	-0.1043875939	-0.1032523585	-0.1021290603	-0.1010176627	-0.0999181246	-0.0988304010	-0.0977544425	-0.0966901961	-0.0956376052	-0.0945966098	-0.0935671467	-0.0925491495	-0.0915425491	-0.0905472736	-0.0895632487	-0.0885903976	-0.0876286414	-0.0866778991	-0.0857380877	-0.0848091224	-0.0838909170	-0.0829833836	-0.0820864328	-0.0811999741	-0.0803239157	-0.0794581649	-0.0786026280	-0.0777572103
-0.1825689372	-0.1832514972	-0.1839418063	-0.1846397941	-0.1853453872	-0.1860585086	-0.1867790778	-0.1875070107	-0.1882422194	-0.1889846119	-0.1897340922	-0.1904905599	-0.1912539102	-0.1920240336	-0.1928008157	-0.1935841375	-0.1943738745	-0.1951698971	-0.1959720701	-0.1967802527	-0.1975942983	-0.1984140542	-0.1992393617	-0.2000700554	-0.2009059638	-0.2017469083	-0.2025927037	-0.2034431575	-0.2042980701	-0.2051572344	-0.2060204357	-0.2068874516	-0.2077580519	-0.2086319979	-0.2095090431	-0.2103889322	-0.2112714017	-0.2121561790	-0.2130429829	-0.2139315233	-0.2148215005	-0.2157126061	-0.2166045220	-0.2174969208	-0.2183894653	-0.2192818090	-0.2201735954	-0.2210644582	-0.2219540215	-0.2228418992	-0.2237276955	-0.2246110046	-0.2254914108	-0.2263684885	-0.2272418023	-0.2281109069	-0.2289753474	-0.2298346591	-0.2306883679	-0.2315359903	-0.2323770337	-0.2332109961	-0.2340373672	-0.2348556276	-0.2356652499	-0.2364656985	-0.2372564299	-0.2380368935	-0.2388065314	-0.2395647790	-0.2403110656	-0.2410448146	-0.2417654441	-0.2424723673	-0.2431649931	-0.2438427268	-0.2445049704	-0.2451511233	-0.2457805832	-0.2463927465	-0.2469870090	-0.2475627670	-0.2481194173	-0.2486563589	-0.2491729930	-0.2496687244	-0.2501429619	-0.2505951195	-0.2510246173	-0.2514308818	-0.2518133477	-0.2521714581	-0.2525046659	-0.2528124344	-0.2530942385	-0.2533495654	-0.2535779158	-0.2537788048	-0.2539517626	-0.2540963357	-0.2542120878	-0.2542986004	-0.2543554742	-0.2543823295	-0.2543788073	-0.2543445702	-0.2542793028	-0.2541827129	-0.2540545320	-0.2538945160	-0.2537024460	-0.2534781286	-0.2532213970	-0.2529321107	-0.2526101568	-0.2522554500	-0.2518679328	-0.2514475763	-0.2509943800	-0.2505083720	-0.2499896097	-0.2494381790	-0.2488541950	-0.2482378017	-0.2475891718	-0.2469085068	-0.2461960362	-0.2454520179	-0.2446767375	-0.2438705077	-0.2430336682	-0.2421665850	-0.2412696496	-0.2403432788	-0.2393879138	-0.2384040192	-0.2373920826	-0.2363526137	-0.2352861433	-0.2341932224	-0.2330744215	-0.2319303292	-0.2307615517	-0.2295687114	-0.2283524460	-0.2271134075	-0.2258522608	-0.2245696832	-0.2232663628	-0.2219429974	-0.2206002937	-0.2192389661	-0.2178597353	-0.2164633278	-0.2150504741	-0.2136219082	-0.2121783664	-0.2107205859	-0.2092493044	-0.2077652588	-0.2062691840	-0.2047618124	-0.2032438728	-0.2017160893	-0.2001791809	-0.1986338604	-0.1970808335	-0.1955207984	-0.1939544450	-0.1923824539	-0.1908054963	-0.1892242328	-0.1876393135	-0.1860513769	-0.1844610498	-0.1828689467	-0.1812756694	-0.1796818065	-0.1780879336	-0.1764946121	-0.1749023900	-0.1733118006	-0.1717233633	-0.1701375826	-0.1685549486	-0.1669759364	-0.1654010066	-0.1638306045	-0.1622651609	-0.1607050915	-0.1591507972	-0.1576026641	-0.1560610637	-0.1545263528	-0.1529988736	-0.1514789542	-0.1499669083	-0.1484630357	-0.1469676223	-0.1454809405	-0.1440032490	-0.1425347937	-0.1410758072	-0.1396265096	-0.1381871084	-0.1367577990	-0.1353387648	-0.1339301776	-0.1325321978	-0.1311449747	-0.1297686466	-0.1284033417	-0.1270491775	-0.1257062619	-0.1243746928	-0.1230545590	-0.1217459402	-0.1204489072	-0.1191635222	-0.1178898394	-0.1166279050	-0.1153777573	-0.1141394276	-0.1129129397	-0.1116983108	-0.1104955514	-0.1093046657	-0.1081256518	-0.1069585021	-0.1058032032	-0.1046597366	-0.1035280784	-0.1024082000	-0.1013000683	-0.1002036454	-0.0991188895	-0.0980457545	-0.0969841908	-0.0959341450	-0.0948955601	-0.0938683762	-0.0928525302	-0.0918479559	-0.0908545848	-0.0898723454	-0.0889011640	-0.0879409648	-0.0869916696	-0.0860531985	-0.0851254696	-0.0842083993	-0.0833019026	-0.0824058929	-0.0815202824	-0.0806449820	-0.0797799016	-0.0789249499	-0.0780800349
-0.1832657046	-0.1839411876	-0.1846242902	-0.1853149397	-0.1860130596	-0.1867185706	-0.1874313895	-0.1881514296	-0.1888786005	-0.1896128076	-0.1903539523	-0.1911019319	-0.1918566390	-0.1926179618	-0.1933857835	-0.1941599827	-0.1949404328	-0.1957270017	-0.1965195523	-0.1973179417	-0.1981220212	-0.1989316361	-0.1997466259	-0.2005668236	-0.2013920558	-0.2022221424	-0.2030568968	-0.2038961250	-0.2047396263	-0.2055871925	-0.2064386079	-0.2072936493	-0.2081520857	-0.2090136781	-0.2098781795	-0.2107453346	-0.2116148796	-0.2124865424	-0.2133600421	-0.2142350891	-0.2151113847	-0.2159886215	-0.2168664827	-0.2177446424	-0.2186227653	-0.2195005068	-0.2203775128	-0.2212534196	-0.2221278542	-0.2230004336	-0.2238707656	-0.2247384482	-0.2256030698	-0.2264642093	-0.2273214360	-0.2281743098	-0.2290223812	-0.2298651914	-0.2307022726	-0.2315331478	-0.2323573313	-0.2331743285	-0.2339836366	-0.2347847446	-0.2355771333	-0.2363602759	-0.2371336385	-0.2378966797	-0.2386488517	-0.2393896004	-0.2401183658	-0.2408345824	-0.2415376796	-0.2422270827	-0.2429022127	-0.2435624873	-0.2442073214	-0.2448361276	-0.2454483171	-0.2460432999	-0.2466204860	-0.2471792857	-0.2477191105	-0.2482393741	-0.2487394925	-0.2492188856	-0.2496769774	-0.2501131973	-0.2505269806	-0.2509177696	-0.2512850142	-0.2516281731	-0.2519467148	-0.2522401179	-0.2525078726	-0.2527494813	-0.2529644599	-0.2531523382	-0.2533126611	-0.2534449893	-0.2535489006	-0.2536239904	-0.2536698724	-0.2536861802	-0.2536725670	-0.2536287075	-0.2535542979	-0.2534490569	-0.2533127263	-0.2531450720	-0.2529458841	-0.2527149778	-0.2524521940	-0.2521573994	-0.2518304874	-0.2514713783	-0.2510800196	-0.2506563863	-0.2502004811	-0.2497123347	-0.2491920060	-0.2486395817	-0.2480551768	-0.2474389345	-0.2467910256	-0.2461116490	-0.2454010309	-0.2446594249	-0.2438871115	-0.2430843975	-0.2422516160	-0.2413891255	-0.2404973094	-0.2395765754	-0.2386273552	-0.2376501030	-0.2366452955	-0.2356134307	-0.2345550272	-0.2334706234	-0.2323607762	-0.2312260607	-0.2300670688	-0.2288844080	-0.2276787011	-0.2264505846	-0.2252007079	-0.2239297320	-0.2226383288	-0.2213271798	-0.2199969750	-0.2186484122	-0.2172821953	-0.2158990337	-0.2144996413	-0.2130847353	-0.2116550350	-0.2102112611	-0.2087541348	-0.2072843764	-0.2058027048	-0.2043098362	-0.2028064838	-0.2012933561	-0.1997711570	-0.1982405842	-0.1967023292	-0.1951570757	-0.1936054998	-0.1920482687	-0.1904860405	-0.1889194632	-0.1873491745	-0.1857758014	-0.1841999591	-0.1826222512	-0.1810432691	-0.1794635915	-0.1778837842	-0.1763043998	-0.1747259774	-0.1731490424	-0.1715741061	-0.1700016661	-0.1684322054	-0.1668661930	-0.1653040832	-0.1637463162	-0.1621933173	-0.1606454978	-0.1591032542	-0.1575669688	-0.1560370096	-0.1545137300	-0.1529974699	-0.1514885546	-0.1499872960	-0.1484939921	-0.1470089273	-0.1455323730	-0.1440645871	-0.1426058148	-0.1411562886	-0.1397162285	-0.1382858423	-0.1368653259	-0.1354548634	-0.1340546275	-0.1326647798	-0.1312854707	-0.1299168403	-0.1285590182	-0.1272121239	-0.1258762671	-0.1245515479	-0.1232380574	-0.1219358774	-0.1206450814	-0.1193657341	-0.1180978923	-0.1168416049	-0.1155969131	-0.1143638510	-0.1131424455	-0.1119327166	-0.1107346780	-0.1095483369	-0.1083736945	-0.1072107463	-0.1060594822	-0.1049198867	-0.1037919394	-0.1026756146	-0.1015708826	-0.1004777086	-0.0993960540	-0.0983258761	-0.0972671282	-0.0962197602	-0.0951837183	-0.0941589457	-0.0931453823	-0.0921429652	-0.0911516287	-0.0901713045	-0.0892019220	-0.0882434080	-0.0872956875	-0.0863586834	-0.0854323166	-0.0845165064	-0.0836111705	-0.0827162250	-0.0818315848	-0.0809571635	-0.0800928734	-0.0792386260	-0.0783943317
-0.1839425403	-0.1846108226	-0.1852865957	-0.1859697839	-0.1866603085	-0.1873580874	-0.1880630350	-0.1887750622	-0.1894940758	-0.1902199791	-0.1909526710	-0.1916920462	-0.1924379950	-0.1931904034	-0.1939491524	-0.1947141182	-0.1954851720	-0.1962621799	-0.1970450024	-0.1978334948	-0.1986275064	-0.1994268808	-0.2002314557	-0.2010410624	-0.2018555261	-0.2026746651	-0.2034982914	-0.2043262101	-0.2051582190	-0.2059941091	-0.2068336640	-0.2076766596	-0.2085228645	-0.2093720392	-0.2102239365	-0.2110783011	-0.2119348695	-0.2127933697	-0.2136535214	-0.2145150357	-0.2153776151	-0.2162409531	-0.2171047345	-0.2179686349	-0.2188323210	-0.2196954503	-0.2205576713	-0.2214186229	-0.2222779351	-0.2231352282	-0.2239901137	-0.2248421933	-0.2256910597	-0.2265362964	-0.2273774775	-0.2282141681	-0.2290459244	-0.2298722933	-0.2306928133	-0.2315070140	-0.2323144166	-0.2331145340	-0.2339068711	-0.2346909248	-0.2354661844	-0.2362321321	-0.2369882429	-0.2377339851	-0.2384688209	-0.2391922064	-0.2399035923	-0.2406024240	-0.2412881424	-0.2419601844	-0.2426179830	-0.2432609684	-0.2438885681	-0.2445002077	-0.2450953115	-0.2456733032	-0.2462336065	-0.2467756458	-0.2472988468	-0.2478026374	-0.2482864486	-0.2487497148	-0.2491918750	-0.2496123736	-0.2500106610	-0.2503861944	-0.2507384392	-0.2510668691	-0.2513709676	-0.2516502285	-0.2519041569	-0.2521322701	-0.2523340985	-0.2525091864	-0.2526570929	-0.2527773927	-0.2528696773	-0.2529335553	-0.2529686536	-0.2529746180	-0.2529511142	-0.2528978282	-0.2528144675	-0.2527007615	-0.2525564620	-0.2523813443	-0.2521752074	-0.2519378748	-0.2516691947	-0.2513690409	-0.2510373128	-0.2506739361	-0.2502788630	-0.2498520722	-0.2493935697	-0.2489033885	-0.2483815888	-0.2478282581	-0.2472435113	-0.2466274904	-0.2459803648	-0.2453023305	-0.2445936105	-0.2438544541	-0.2430851368	-0.2422859597	-0.2414572493	-0.2405993567	-0.2397126574	-0.2387975503	-0.2378544577	-0.2368838237	-0.2358861142	-0.2348618159	-0.2338114356	-0.2327354990	-0.2316345501	-0.2305091506	-0.2293598782	-0.2281873264	-0.2269921032	-0.2257748298	-0.2245361404	-0.2232766805	-0.2219971058	-0.2206980820	-0.2193802829	-0.2180443897	-0.2166910900	-0.2153210768	-0.2139350474	-0.2125337026	-0.2111177452	-0.2096878797	-0.2082448109	-0.2067892432	-0.2053218794	-0.2038434203	-0.2023545633	-0.2008560020	-0.1993484251	-0.1978325159	-0.1963089514	-0.1947784014	-0.1932415283	-0.1916989861	-0.1901514200	-0.1885994656	-0.1870437485	-0.1854848838	-0.1839234758	-0.1823601173	-0.1807953891	-0.1792298601	-0.1776640866	-0.1760986122	-0.1745339673	-0.1729706693	-0.1714092219	-0.1698501152	-0.1682938255	-0.1667408153	-0.1651915331	-0.1636464134	-0.1621058766	-0.1605703290	-0.1590401629	-0.1575157565	-0.1559974744	-0.1544856669	-0.1529806707	-0.1514828090	-0.1499923912	-0.1485097136	-0.1470350593	-0.1455686980	-0.1441108871	-0.1426618710	-0.1412218818	-0.1397911395	-0.1383698519	-0.1369582153	-0.1355564143	-0.1341646226	-0.1327830025	-0.1314117059	-0.1300508740	-0.1287006381	-0.1273611193	-0.1260324292	-0.1247146699	-0.1234079345	-0.1221123071	-0.1208278635	-0.1195546709	-0.1182927887	-0.1170422682	-0.1158031535	-0.1145754814	-0.1133592816	-0.1121545771	-0.1109613843	-0.1097797136	-0.1086095692	-0.1074509497	-0.1063038479	-0.1051682515	-0.1040441431	-0.1029315004	-0.1018302965	-0.1007405000	-0.0996620754	-0.0985949830	-0.0975391792	-0.0964946172	-0.0954612461	-0.0944390123	-0.0934278587	-0.0924277254	-0.0914385497	-0.0904602664	-0.0894928075	-0.0885361032	-0.0875900811	-0.0866546668	-0.0857297843	-0.0848153556	-0.0839113009	-0.0830175394	-0.0821339883	-0.0812605639	-0.0803971811	-0.0795437540	-0.0787001953
-0.1845996856	-0.1852606494	-0.1859289753	-0.1866045853	-0.1872873982	-0.1879773294	-0.1886742909	-0.1893781911	-0.1900889346	-0.1908064220	-0.1915305500	-0.1922612111	-0.1929982934	-0.1937416804	-0.1944912512	-0.1952468797	-0.1960084351	-0.1967757814	-0.1975487774	-0.1983272763	-0.1991111257	-0.1999001676	-0.2006942379	-0.2014931664	-0.2022967768	-0.2031048863	-0.2039173055	-0.2047338384	-0.2055542820	-0.2063784262	-0.2072060540	-0.2080369408	-0.2088708547	-0.2097075560	-0.2105467974	-0.2113883236	-0.2122318714	-0.2130771694	-0.2139239379	-0.2147718888	-0.2156207257	-0.2164701435	-0.2173198284	-0.2181694578	-0.2190187006	-0.2198672165	-0.2207146564	-0.2215606621	-0.2224048667	-0.2232468941	-0.2240863591	-0.2249228676	-0.2257560167	-0.2265853943	-0.2274105795	-0.2282311427	-0.2290466456	-0.2298566413	-0.2306606743	-0.2314582809	-0.2322489894	-0.2330323200	-0.2338077852	-0.2345748901	-0.2353331323	-0.2360820028	-0.2368209858	-0.2375495591	-0.2382671947	-0.2389733589	-0.2396675130	-0.2403491133	-0.2410176119	-0.2416724573	-0.2423130945	-0.2429389656	-0.2435495107	-0.2441441683	-0.2447223757	-0.2452835699	-0.2458271881	-0.2463526685	-0.2468594507	-0.2473469769	-0.2478146923	-0.2482620459	-0.2486884912	-0.2490934873	-0.2494764992	-0.2498369992	-0.2501744673	-0.2504883921	-0.2507782717	-0.2510436146	-0.2512839406	-0.2514987814	-0.2516876816	-0.2518501997	-0.2519859084	-0.2520943963	-0.2521752679	-0.2522281449	-0.2522526666	-0.2522484912	-0.2522152960	-0.2521527784	-0.2520606566	-0.2519386703	-0.2517865811	-0.2516041735	-0.2513912549	-0.2511476567	-0.2508732346	-0.2505678688	-0.2502314647	-0.2498639531	-0.2494652906	-0.2490354597	-0.2485744693	-0.2480823545	-0.2475591770	-0.2470050248	-0.2464200126	-0.2458042816	-0.2451579991	-0.2444813587	-0.2437745799	-0.2430379080	-0.2422716135	-0.2414759918	-0.2406513629	-0.2397980710	-0.2389164835	-0.2380069909	-0.2370700060	-0.2361059633	-0.2351153182	-0.2340985462	-0.2330561424	-0.2319886203	-0.2308965114	-0.2297803641	-0.2286407425	-0.2274782260	-0.2262934083	-0.2250868961	-0.2238593082	-0.2226112749	-0.2213434368	-0.2200564434	-0.2187509528	-0.2174276302	-0.2160871473	-0.2147301808	-0.2133574120	-0.2119695254	-0.2105672080	-0.2091511480	-0.2077220345	-0.2062805561	-0.2048274000	-0.2033632517	-0.2018887933	-0.2004047035	-0.1989116564	-0.1974103208	-0.1959013597	-0.1943854292	-0.1928631782	-0.1913352477	-0.1898022702	-0.1882648689	-0.1867236576	-0.1851792400	-0.1836322090	-0.1820831469	-0.1805326242	-0.1789812001	-0.1774294214	-0.1758778226	-0.1743269259	-0.1727772403	-0.1712292618	-0.1696834735	-0.1681403447	-0.1666003317	-0.1650638768	-0.1635314090	-0.1620033435	-0.1604800819	-0.1589620121	-0.1574495083	-0.1559429314	-0.1544426284	-0.1529489333	-0.1514621664	-0.1499826352	-0.1485106337	-0.1470464436	-0.1455903333	-0.1441425590	-0.1427033644	-0.1412729813	-0.1398516291	-0.1384395160	-0.1370368383	-0.1356437811	-0.1342605188	-0.1328872145	-0.1315240213	-0.1301710816	-0.1288285280	-0.1274964832	-0.1261750606	-0.1248643641	-0.1235644888	-0.1222755210	-0.1209975386	-0.1197306111	-0.1184748003	-0.1172301603	-0.1159967375	-0.1147745714	-0.1135636945	-0.1123641325	-0.1111759048	-0.1099990245	-0.1088334989	-0.1076793293	-0.1065365118	-0.1054050370	-0.1042848904	-0.1031760529	-0.1020785006	-0.1009922052	-0.0999171341	-0.0988532508	-0.0978005149	-0.0967588822	-0.0957283053	-0.0947087333	-0.0937001122	-0.0927023851	-0.0917154922	-0.0907393712	-0.0897739571	-0.0888191828	-0.0878749789	-0.0869412738	-0.0860179941	-0.0851050646	-0.0842024084	-0.0833099470	-0.0824276006	-0.0815552877	-0.0806929261	-0.0798404320	-0.0789977209
-0.1852373833	-0.1858909160	-0.1865516829	-0.1872196035	-0.1878945942	-0.1885765680	-0.1892654345	-0.1899610998	-0.1906634661	-0.1913724319	-0.1920878916	-0.1928097354	-0.1935378492	-0.1942721145	-0.1950124082	-0.1957586023	-0.1965105640	-0.1972681554	-0.1980312335	-0.1987996496	-0.1995732497	-0.2003518743	-0.2011353576	-0.2019235281	-0.2027162082	-0.2035132138	-0.2043143545	-0.2051194332	-0.2059282461	-0.2067405825	-0.2075562246	-0.2083749475	-0.2091965189	-0.2100206990	-0.2108472406	-0.2116758887	-0.2125063803	-0.2133384447	-0.2141718029	-0.2150061679	-0.2158412444	-0.2166767287	-0.2175123088	-0.2183476639	-0.2191824650	-0.2200163743	-0.2208490451	-0.2216801226	-0.2225092426	-0.2233360326	-0.2241601113	-0.2249810887	-0.2257985661	-0.2266121361	-0.2274213829	-0.2282258822	-0.2290252013	-0.2298188992	-0.2306065269	-0.2313876272	-0.2321617355	-0.2329283793	-0.2336870787	-0.2344373469	-0.2351786900	-0.2359106076	-0.2366325930	-0.2373441336	-0.2380447110	-0.2387338017	-0.2394108773	-0.2400754051	-0.2407268483	-0.2413646666	-0.2419883168	-0.2425972532	-0.2431909282	-0.2437687926	-0.2443302968	-0.2448748908	-0.2454020251	-0.2459111513	-0.2464017230	-0.2468731961	-0.2473250299	-0.2477566875	-0.2481676367	-0.2485573510	-0.2489253099	-0.2492710000	-0.2495939158	-0.2498935604	-0.2501694462	-0.2504210962	-0.2506480443	-0.2508498361	-0.2510260304	-0.2511761990	-0.2512999285	-0.2513968204	-0.2514664922	-0.2515085781	-0.2515227297	-0.2515086170	-0.2514659286	-0.2513943729	-0.2512936787	-0.2511635954	-0.2510038943	-0.2508143684	-0.2505948337	-0.2503451291	-0.2500651172	-0.2497546846	-0.2494137425	-0.2490422266	-0.2486400977	-0.2482073419	-0.2477439708	-0.2472500216	-0.2467255571	-0.2461706661	-0.2455854629	-0.2449700876	-0.2443247057	-0.2436495084	-0.2429447117	-0.2422105568	-0.2414473094	-0.2406552593	-0.2398347203	-0.2389860293	-0.2381095463	-0.2372056532	-0.2362747540	-0.2353172733	-0.2343336563	-0.2333243677	-0.2322898913	-0.2312307286	-0.2301473987	-0.2290404370	-0.2279103946	-0.2267578371	-0.2255833441	-0.2243875078	-0.2231709327	-0.2219342339	-0.2206780369	-0.2194029758	-0.2181096934	-0.2167988391	-0.2154710689	-0.2141270439	-0.2127674295	-0.2113928943	-0.2100041097	-0.2086017483	-0.2071864836	-0.2057589887	-0.2043199357	-0.2028699947	-0.2014098333	-0.1999401152	-0.1984615004	-0.1969746434	-0.1954801933	-0.1939787928	-0.1924710777	-0.1909576760	-0.1894392076	-0.1879162838	-0.1863895065	-0.1848594681	-0.1833267506	-0.1817919256	-0.1802555536	-0.1787181839	-0.1771803541	-0.1756425899	-0.1741054048	-0.1725692998	-0.1710347635	-0.1695022714	-0.1679722863	-0.1664452579	-0.1649216227	-0.1634018039	-0.1618862117	-0.1603752427	-0.1588692805	-0.1573686953	-0.1558738440	-0.1543850707	-0.1529027059	-0.1514270677	-0.1499584609	-0.1484971778	-0.1470434981	-0.1455976889	-0.1441600053	-0.1427306902	-0.1413099746	-0.1398980777	-0.1384952074	-0.1371015603	-0.1357173220	-0.1343426670	-0.1329777596	-0.1316227536	-0.1302777925	-0.1289430103	-0.1276185312	-0.1263044700	-0.1250009325	-0.1237080157	-0.1224258077	-0.1211543886	-0.1198938302	-0.1186441965	-0.1174055440	-0.1161779217	-0.1149613716	-0.1137559287	-0.1125616216	-0.1113784723	-0.1102064968	-0.1090457050	-0.1078961014	-0.1067576847	-0.1056304485	-0.1045143814	-0.1034094671	-0.1023156848	-0.1012330090	-0.1001614102	-0.0991008550	-0.0980513057	-0.0970127214	-0.0959850574	-0.0949682658	-0.0939622957	-0.0929670929	-0.0919826007	-0.0910087595	-0.0900455073	-0.0890927797	-0.0881505101	-0.0872186297	-0.0862970678	-0.0853857519	-0.0844846078	-0.0835935595	-0.0827125299	-0.0818414401	-0.0809802102	-0.0801287591	-0.0792870046
-0.1858558771	-0.1865018718	-0.1871549733	-0.1878150988	-0.1884821625	-0.1891560749	-0.1898367434	-0.1905240719	-0.1912179603	-0.1919183049	-0.1926249979	-0.1933379274	-0.1940569773	-0.1947820271	-0.1955129515	-0.1962496208	-0.1969919002	-0.1977396501	-0.1984927256	-0.1992509766	-0.2000142474	-0.2007823769	-0.2015551981	-0.2023325381	-0.2031142181	-0.2039000528	-0.2046898510	-0.2054834146	-0.2062805391	-0.2070810132	-0.2078846187	-0.2086911302	-0.2095003154	-0.2103119345	-0.2111257404	-0.2119414783	-0.2127588859	-0.2135776931	-0.2143976219	-0.2152183863	-0.2160396924	-0.2168612380	-0.2176827128	-0.2185037981	-0.2193241671	-0.2201434844	-0.2209614063	-0.2217775806	-0.2225916468	-0.2234032357	-0.2242119700	-0.2250174637	-0.2258193226	-0.2266171441	-0.2274105174	-0.2281990235	-0.2289822354	-0.2297597182	-0.2305310291	-0.2312957178	-0.2320533265	-0.2328033899	-0.2335454362	-0.2342789862	-0.2350035547	-0.2357186497	-0.2364237737	-0.2371184234	-0.2378020901	-0.2384742603	-0.2391344161	-0.2397820352	-0.2404165920	-0.2410375573	-0.2416443997	-0.2422365852	-0.2428135782	-0.2433748421	-0.2439198398	-0.2444480342	-0.2449588889	-0.2454518688	-0.2459264408	-0.2463820746	-0.2468182431	-0.2472344234	-0.2476300972	-0.2480047521	-0.2483578816	-0.2486889866	-0.2489975755	-0.2492831657	-0.2495452836	-0.2497834660	-0.2499972606	-0.2501862271	-0.2503499373	-0.2504879768	-0.2505999450	-0.2506854562	-0.2507441406	-0.2507756444	-0.2507796313	-0.2507557825	-0.2507037979	-0.2506233963	-0.2505143167	-0.2503763182	-0.2502091811	-0.2500127070	-0.2497867198	-0.2495310658	-0.2492456145	-0.2489302585	-0.2485849143	-0.2482095225	-0.2478040480	-0.2473684803	-0.2469028335	-0.2464071468	-0.2458814842	-0.2453259348	-0.2447406127	-0.2441256568	-0.2434812309	-0.2428075236	-0.2421047476	-0.2413731400	-0.2406129618	-0.2398244973	-0.2390080540	-0.2381639622	-0.2372925739	-0.2363942633	-0.2354694252	-0.2345184749	-0.2335418476	-0.2325399974	-0.2315133968	-0.2304625359	-0.2293879216	-0.2282900767	-0.2271695394	-0.2260268619	-0.2248626101	-0.2236773623	-0.2224717083	-0.2212462490	-0.2200015949	-0.2187383652	-0.2174571875	-0.2161586960	-0.2148435314	-0.2135123392	-0.2121657694	-0.2108044754	-0.2094291129	-0.2080403395	-0.2066388131	-0.2052251920	-0.2038001332	-0.2023642920	-0.2009183214	-0.1994628709	-0.1979985860	-0.1965261077	-0.1950460714	-0.1935591065	-0.1920658356	-0.1905668744	-0.1890628303	-0.1875543028	-0.1860418821	-0.1845261493	-0.1830076758	-0.1814870226	-0.1799647403	-0.1784413684	-0.1769174354	-0.1753934581	-0.1738699416	-0.1723473790	-0.1708262511	-0.1693070264	-0.1677901608	-0.1662760977	-0.1647652674	-0.1632580878	-0.1617549636	-0.1602562868	-0.1587624363	-0.1572737783	-0.1557906661	-0.1543134400	-0.1528424278	-0.1513779447	-0.1499202931	-0.1484697632	-0.1470266329	-0.1455911679	-0.1441636218	-0.1427442367	-0.1413332429	-0.1399308591	-0.1385372931	-0.1371527413	-0.1357773896	-0.1344114131	-0.1330549765	-0.1317082346	-0.1303713319	-0.1290444034	-0.1277275748	-0.1264209624	-0.1251246735	-0.1238388068	-0.1225634525	-0.1212986925	-0.1200446009	-0.1188012438	-0.1175686799	-0.1163469607	-0.1151361305	-0.1139362271	-0.1127472813	-0.1115693181	-0.1104023560	-0.1092464078	-0.1081014805	-0.1069675758	-0.1058446902	-0.1047328150	-0.1036319369	-0.1025420379	-0.1014630955	-0.1003950831	-0.0993379701	-0.0982917219	-0.0972563003	-0.0962316636	-0.0952177669	-0.0942145619	-0.0932219976	-0.0922400199	-0.0912685720	-0.0903075949	-0.0893570268	-0.0884168039	-0.0874868601	-0.0865671274	-0.0856575360	-0.0847580142	-0.0838684888	-0.0829888850	-0.0821191265	-0.0812591360	-0.0804088348	-0.0795681430
-0.1864554116	-0.1870937666	-0.1877391019	-0.1883913323	-0.1890503696	-0.1897161224	-0.1903884958	-0.1910673914	-0.1917527069	-0.1924443367	-0.1931421708	-0.1938460954	-0.1945559922	-0.1952717388	-0.1959932082	-0.1967202687	-0.1974527839	-0.1981906123	-0.1989336075	-0.1996816177	-0.2004344860	-0.2011920497	-0.2019541406	-0.2027205846	-0.2034912017	-0.2042658058	-0.2050442047	-0.2058261996	-0.2066115853	-0.2074001501	-0.2081916754	-0.2089859357	-0.2097826984	-0.2105817241	-0.2113827657	-0.2121855691	-0.2129898725	-0.2137954065	-0.2146018944	-0.2154090512	-0.2162165844	-0.2170241936	-0.2178315703	-0.2186383979	-0.2194443518	-0.2202490994	-0.2210522997	-0.2218536037	-0.2226526541	-0.2234490856	-0.2242425246	-0.2250325893	-0.2258188901	-0.2266010291	-0.2273786007	-0.2281511912	-0.2289183795	-0.2296797365	-0.2304348258	-0.2311832039	-0.2319244198	-0.2326580159	-0.2333835276	-0.2341004840	-0.2348084079	-0.2355068163	-0.2361952205	-0.2368731264	-0.2375400350	-0.2381954428	-0.2388388419	-0.2394697208	-0.2400875646	-0.2406918554	-0.2412820728	-0.2418576948	-0.2424181977	-0.2429630571	-0.2434917482	-0.2440037466	-0.2444985287	-0.2449755725	-0.2454343581	-0.2458743684	-0.2462950899	-0.2466960132	-0.2470766338	-0.2474364529	-0.2477749779	-0.2480917233	-0.2483862115	-0.2486579734	-0.2489065493	-0.2491314896	-0.2493323555	-0.2495087197	-0.2496601676	-0.2497862975	-0.2498867216	-0.2499610666	-0.2500089749	-0.2500301047	-0.2500241309	-0.2499907460	-0.2499296606	-0.2498406037	-0.2497233242	-0.2495775904	-0.2494031914	-0.2491999371	-0.2489676592	-0.2487062111	-0.2484154685	-0.2480953302	-0.2477457178	-0.2473665766	-0.2469578751	-0.2465196062	-0.2460517866	-0.2455544570	-0.2450276828	-0.2444715532	-0.2438861821	-0.2432717071	-0.2426282905	-0.2419561179	-0.2412553990	-0.2405263670	-0.2397692779	-0.2389844108	-0.2381720671	-0.2373325703	-0.2364662652	-0.2355735178	-0.2346547142	-0.2337102606	-0.2327405824	-0.2317461233	-0.2307273450	-0.2296847262	-0.2286187619	-0.2275299628	-0.2264188543	-0.2252859757	-0.2241318793	-0.2229571297	-0.2217623031	-0.2205479857	-0.2193147737	-0.2180632718	-0.2167940927	-0.2155078557	-0.2142051864	-0.2128867154	-0.2115530775	-0.2102049111	-0.2088428568	-0.2074675571	-0.2060796553	-0.2046797945	-0.2032686172	-0.2018467644	-0.2004148745	-0.1989735831	-0.1975235218	-0.1960653179	-0.1945995935	-0.1931269650	-0.1916480422	-0.1901634283	-0.1886737187	-0.1871795010	-0.1856813541	-0.1841798480	-0.1826755434	-0.1811689911	-0.1796607316	-0.1781512950	-0.1766412007	-0.1751309566	-0.1736210596	-0.1721119948	-0.1706042354	-0.1690982428	-0.1675944661	-0.1660933423	-0.1645952958	-0.1631007388	-0.1616100707	-0.1601236788	-0.1586419373	-0.1571652084	-0.1556938415	-0.1542281736	-0.1527685292	-0.1513152207	-0.1498685481	-0.1484287994	-0.1469962505	-0.1455711656	-0.1441537970	-0.1427443856	-0.1413431609	-0.1399503412	-0.1385661338	-0.1371907352	-0.1358243313	-0.1344670974	-0.1331191991	-0.1317807914	-0.1304520201	-0.1291330212	-0.1278239215	-0.1265248386	-0.1252358815	-0.1239571505	-0.1226887375	-0.1214307264	-0.1201831931	-0.1189462059	-0.1177198258	-0.1165041063	-0.1152990944	-0.1141048299	-0.1129213466	-0.1117486716	-0.1105868261	-0.1094358256	-0.1082956799	-0.1071663933	-0.1060479650	-0.1049403893	-0.1038436554	-0.1027577483	-0.1016826483	-0.1006183316	-0.0995647704	-0.0985219331	-0.0974897842	-0.0964682850	-0.0954573932	-0.0944570635	-0.0934672476	-0.0924878942	-0.0915189494	-0.0905603567	-0.0896120572	-0.0886739897	-0.0877460909	-0.0868282954	-0.0859205359	-0.0850227434	-0.0841348472	-0.0832567750	-0.0823884532	-0.0815298066	-0.0806807591	-0.0798412332
-0.1870362322	-0.1876668512	-0.1883043247	-0.1889485653	-0.1895994827	-0.1902569832	-0.1909209699	-0.1915913422	-0.1922679959	-0.1929508232	-0.1936397122	-0.1943345471	-0.1950352077	-0.1957415699	-0.1964535047	-0.1971708788	-0.1978935541	-0.1986213875	-0.1993542311	-0.2000919318	-0.2008343310	-0.2015812649	-0.2023325641	-0.2030880534	-0.2038475518	-0.2046108725	-0.2053778223	-0.2061482018	-0.2069218055	-0.2076984211	-0.2084778298	-0.2092598060	-0.2100441174	-0.2108305244	-0.2116187806	-0.2124086323	-0.2131998185	-0.2139920709	-0.2147851135	-0.2155786630	-0.2163724283	-0.2171661107	-0.2179594036	-0.2187519928	-0.2195435561	-0.2203337633	-0.2211222767	-0.2219087502	-0.2226928301	-0.2234741546	-0.2242523543	-0.2250270516	-0.2257978614	-0.2265643908	-0.2273262391	-0.2280829982	-0.2288342526	-0.2295795794	-0.2303185486	-0.2310507232	-0.2317756593	-0.2324929064	-0.2332020079	-0.2339025006	-0.2345939156	-0.2352757785	-0.2359476094	-0.2366089236	-0.2372592314	-0.2378980393	-0.2385248495	-0.2391391607	-0.2397404689	-0.2403282671	-0.2409020462	-0.2414612956	-0.2420055034	-0.2425341572	-0.2430467444	-0.2435427530	-0.2440216719	-0.2444829920	-0.2449262063	-0.2453508107	-0.2457563050	-0.2461421930	-0.2465079837	-0.2468531915	-0.2471773374	-0.2474799494	-0.2477605633	-0.2480187234	-0.2482539834	-0.2484659069	-0.2486540681	-0.2488180530	-0.2489574595	-0.2490718986	-0.2491609948	-0.2492243871	-0.2492617295	-0.2492726918	-0.2492569600	-0.2492142375	-0.2491442449	-0.2490467217	-0.2489214258	-0.2487681348	-0.2485866462	-0.2483767779	-0.2481383689	-0.2478712796	-0.2475753920	-0.2472506104	-0.2468968615	-0.2465140948	-0.2461022829	-0.2456614215	-0.2451915295	-0.2446926497	-0.2441648481	-0.2436082145	-0.2430228620	-0.2424089274	-0.2417665709	-0.2410959758	-0.2403973485	-0.2396709180	-0.2389169359	-0.2381356761	-0.2373274339	-0.2364925261	-0.2356312905	-0.2347440850	-0.2338312875	-0.2328932951	-0.2319305234	-0.2309434063	-0.2299323947	-0.2288979563	-0.2278405746	-0.2267607482	-0.2256589901	-0.2245358270	-0.2233917982	-0.2222274548	-0.2210433592	-0.2198400840	-0.2186182112	-0.2173783311	-0.2161210419	-0.2148469486	-0.2135566619	-0.2122507978	-0.2109299763	-0.2095948211	-0.2082459580	-0.2068840149	-0.2055096204	-0.2041234032	-0.2027259915	-0.2013180119	-0.1999000890	-0.1984728445	-0.1970368964	-0.1955928586	-0.1941413401	-0.1926829445	-0.1912182691	-0.1897479048	-0.1882724351	-0.1867924361	-0.1853084753	-0.1838211120	-0.1823308961	-0.1808383684	-0.1793440596	-0.1778484904	-0.1763521710	-0.1748556009	-0.1733592685	-0.1718636510	-0.1703692142	-0.1688764124	-0.1673856879	-0.1658974712	-0.1644121810	-0.1629302236	-0.1614519935	-0.1599778726	-0.1585082311	-0.1570434267	-0.1555838049	-0.1541296994	-0.1526814314	-0.1512393104	-0.1498036340	-0.1483746877	-0.1469527455	-0.1455380700	-0.1441309120	-0.1427315114	-0.1413400966	-0.1399568853	-0.1385820844	-0.1372158903	-0.1358584886	-0.1345100553	-0.1331707559	-0.1318407465	-0.1305201732	-0.1292091733	-0.1279078745	-0.1266163959	-0.1253348476	-0.1240633317	-0.1228019416	-0.1215507629	-0.1203098737	-0.1190793440	-0.1178592369	-0.1166496082	-0.1154505071	-0.1142619757	-0.1130840502	-0.1119167601	-0.1107601293	-0.1096141756	-0.1084789115	-0.1073543439	-0.1062404747	-0.1051373009	-0.1040448145	-0.1029630031	-0.1018918498	-0.1008313336	-0.0997814294	-0.0987421084	-0.0977133379	-0.0966950820	-0.0956873011	-0.0946899527	-0.0937029912	-0.0927263680	-0.0917600320	-0.0908039294	-0.0898580039	-0.0889221970	-0.0879964480	-0.0870806942	-0.0861748707	-0.0852789112	-0.0843927474	-0.0835163095	-0.0826495264	-0.0817923253	-0.0809446325	-0.0801063728
-0.1875985850	-0.1882213767	-0.1888508981	-0.1894870596	-0.1901297688	-0.1907789299	-0.1914344439	-0.1920962082	-0.1927641167	-0.1934380596	-0.1941179231	-0.1948035894	-0.1954949369	-0.1961918393	-0.1968941662	-0.1976017825	-0.1983145485	-0.1990323198	-0.1997549470	-0.2004822754	-0.2012141455	-0.2019503922	-0.2026908449	-0.2034353275	-0.2041836583	-0.2049356493	-0.2056911071	-0.2064498315	-0.2072116167	-0.2079762501	-0.2087435128	-0.2095131792	-0.2102850170	-0.2110587873	-0.2118342439	-0.2126111339	-0.2133891970	-0.2141681660	-0.2149477663	-0.2157277157	-0.2165077250	-0.2172874972	-0.2180667278	-0.2188451048	-0.2196223086	-0.2203980119	-0.2211718796	-0.2219435692	-0.2227127304	-0.2234790053	-0.2242420282	-0.2250014262	-0.2257568186	-0.2265078174	-0.2272540271	-0.2279950451	-0.2287304616	-0.2294598597	-0.2301828159	-0.2308988998	-0.2316076744	-0.2323086967	-0.2330015175	-0.2336856815	-0.2343607282	-0.2350261915	-0.2356816005	-0.2363264794	-0.2369603481	-0.2375827227	-0.2381931154	-0.2387910354	-0.2393759889	-0.2399474800	-0.2405050105	-0.2410480813	-0.2415761918	-0.2420888416	-0.2425855299	-0.2430657570	-0.2435290242	-0.2439748347	-0.2444026944	-0.2448121120	-0.2452026001	-0.2455736755	-0.2459248603	-0.2462556821	-0.2465656749	-0.2468543799	-0.2471213460	-0.2473661307	-0.2475883005	-0.2477874320	-0.2479631123	-0.2481149398	-0.2482425249	-0.2483454910	-0.2484234745	-0.2484761262	-0.2485031116	-0.2485041114	-0.2484788228	-0.2484269592	-0.2483482517	-0.2482424491	-0.2481093186	-0.2479486464	-0.2477602383	-0.2475439200	-0.2472995376	-0.2470269580	-0.2467260692	-0.2463967811	-0.2460390252	-0.2456527551	-0.2452379469	-0.2447945993	-0.2443227336	-0.2438223938	-0.2432936470	-0.2427365831	-0.2421513150	-0.2415379781	-0.2408967307	-0.2402277537	-0.2395312502	-0.2388074454	-0.2380565864	-0.2372789417	-0.2364748009	-0.2356444744	-0.2347882927	-0.2339066062	-0.2329997844	-0.2320682157	-0.2311123064	-0.2301324803	-0.2291291781	-0.2281028567	-0.2270539882	-0.2259830596	-0.2248905719	-0.2237770393	-0.2226429882	-0.2214889569	-0.2203154944	-0.2191231596	-0.2179125208	-0.2166841544	-0.2154386445	-0.2141765818	-0.2128985627	-0.2116051887	-0.2102970657	-0.2089748026	-0.2076390110	-0.2062903045	-0.2049292973	-0.2035566040	-0.2021728387	-0.2007786141	-0.1993745412	-0.1979612278	-0.1965392790	-0.1951092953	-0.1936718729	-0.1922276028	-0.1907770701	-0.1893208535	-0.1878595249	-0.1863936489	-0.1849237820	-0.1834504728	-0.1819742607	-0.1804956765	-0.1790152413	-0.1775334664	-0.1760508531	-0.1745678922	-0.1730850640	-0.1716028379	-0.1701216723	-0.1686420142	-0.1671642994	-0.1656889520	-0.1642163846	-0.1627469980	-0.1612811814	-0.1598193119	-0.1583617550	-0.1569088642	-0.1554609812	-0.1540184360	-0.1525815467	-0.1511506198	-0.1497259502	-0.1483078213	-0.1468965049	-0.1454922617	-0.1440953412	-0.1427059819	-0.1413244114	-0.1399508466	-0.1385854937	-0.1372285489	-0.1358801979	-0.1345406165	-0.1332099707	-0.1318884170	-0.1305761024	-0.1292731648	-0.1279797330	-0.1266959271	-0.1254218588	-0.1241576313	-0.1229033398	-0.1216590716	-0.1204249062	-0.1192009159	-0.1179871656	-0.1167837133	-0.1155906100	-0.1144079004	-0.1132356228	-0.1120738092	-0.1109224857	-0.1097816727	-0.1086513852	-0.1075316327	-0.1064224196	-0.1053237454	-0.1042356050	-0.1031579884	-0.1020908816	-0.1010342661	-0.0999881197	-0.0989524162	-0.0979271256	-0.0969122146	-0.0959076465	-0.0949133813	-0.0939293763	-0.0929555854	-0.0919919603	-0.0910384497	-0.0900950000	-0.0891615554	-0.0882380576	-0.0873244464	-0.0864206597	-0.0855266336	-0.0846423021	-0.0837675982	-0.0829024529	-0.0820467959	-0.0812005559	-0.0803636599
-0.1881427162	-0.1887575947	-0.1893790788	-0.1900070771	-0.1906414951	-0.1912822349	-0.1919291957	-0.1925822728	-0.1932413584	-0.1939063406	-0.1945771039	-0.1952535288	-0.1959354918	-0.1966228651	-0.1973155166	-0.1980133097	-0.1987161033	-0.1994237515	-0.2001361034	-0.2008530034	-0.2015742907	-0.2022997990	-0.2030293568	-0.2037627873	-0.2044999077	-0.2052405297	-0.2059844589	-0.2067314952	-0.2074814321	-0.2082340569	-0.2089891508	-0.2097464883	-0.2105058374	-0.2112669595	-0.2120296091	-0.2127935339	-0.2135584749	-0.2143241658	-0.2150903331	-0.2158566966	-0.2166229685	-0.2173888537	-0.2181540500	-0.2189182478	-0.2196811299	-0.2204423720	-0.2212016420	-0.2219586008	-0.2227129015	-0.2234641902	-0.2242121054	-0.2249562782	-0.2256963328	-0.2264318861	-0.2271625478	-0.2278879206	-0.2286076008	-0.2293211773	-0.2300282331	-0.2307283443	-0.2314210812	-0.2321060077	-0.2327826822	-0.2334506574	-0.2341094808	-0.2347586950	-0.2353978375	-0.2360264417	-0.2366440369	-0.2372501486	-0.2378442991	-0.2384260075	-0.2389947906	-0.2395501630	-0.2400916376	-0.2406187261	-0.2411309397	-0.2416277892	-0.2421087858	-0.2425734416	-0.2430212701	-0.2434517869	-0.2438645100	-0.2442589609	-0.2446346646	-0.2449911509	-0.2453279544	-0.2456446156	-0.2459406815	-0.2462157059	-0.2464692506	-0.2467008858	-0.2469101907	-0.2470967545	-0.2472601766	-0.2474000678	-0.2475160507	-0.2476077603	-0.2476748449	-0.2477169667	-0.2477338022	-0.2477250431	-0.2476903969	-0.2476295872	-0.2475423549	-0.2474284579	-0.2472876724	-0.2471197931	-0.2469246337	-0.2467020272	-0.2464518267	-0.2461739054	-0.2458681573	-0.2455344973	-0.2451728615	-0.2447832077	-0.2443655153	-0.2439197857	-0.2434460423	-0.2429443307	-0.2424147188	-0.2418572965	-0.2412721761	-0.2406594921	-0.2400194008	-0.2393520806	-0.2386577313	-0.2379365745	-0.2371888526	-0.2364148291	-0.2356147880	-0.2347890331	-0.2339378881	-0.2330616959	-0.2321608179	-0.2312356339	-0.2302865410	-0.2293139535	-0.2283183018	-0.2273000323	-0.2262596062	-0.2251974990	-0.2241141999	-0.2230102110	-0.2218860463	-0.2207422314	-0.2195793021	-0.2183978043	-0.2171982926	-0.2159813300	-0.2147474867	-0.2134973394	-0.2122314708	-0.2109504682	-0.2096549233	-0.2083454311	-0.2070225890	-0.2056869966	-0.2043392541	-0.2029799623	-0.2016097215	-0.2002291308	-0.1988387876	-0.1974392867	-0.1960312199	-0.1946151749	-0.1931917354	-0.1917614799	-0.1903249813	-0.1888828067	-0.1874355164	-0.1859836637	-0.1845277944	-0.1830684462	-0.1816061486	-0.1801414223	-0.1786747788	-0.1772067203	-0.1757377393	-0.1742683180	-0.1727989287	-0.1713300329	-0.1698620817	-0.1683955150	-0.1669307619	-0.1654682403	-0.1640083567	-0.1625515065	-0.1610980733	-0.1596484296	-0.1582029361	-0.1567619422	-0.1553257857	-0.1538947928	-0.1524692785	-0.1510495463	-0.1496358883	-0.1482285855	-0.1468279077	-0.1454341137	-0.1440474515	-0.1426681581	-0.1412964601	-0.1399325736	-0.1385767042	-0.1372290476	-0.1358897894	-0.1345591054	-0.1332371618	-0.1319241155	-0.1306201141	-0.1293252962	-0.1280397915	-0.1267637213	-0.1254971982	-0.1242403269	-0.1229932041	-0.1217559185	-0.1205285514	-0.1193111768	-0.1181038616	-0.1169066656	-0.1157196421	-0.1145428377	-0.1133762929	-0.1122200421	-0.1110741136	-0.1099385303	-0.1088133095	-0.1076984632	-0.1065939984	-0.1054999169	-0.1044162163	-0.1033428893	-0.1022799242	-0.1012273054	-0.1001850132	-0.0991530240	-0.0981313105	-0.0971198421	-0.0961185846	-0.0951275008	-0.0941465504	-0.0931756903	-0.0922148743	-0.0912640540	-0.0903231784	-0.0893921941	-0.0884710454	-0.0875596747	-0.0866580223	-0.0857660267	-0.0848836246	-0.0840107510	-0.0831473396	-0.0822933224	-0.0814486303	-0.0806131928
-0.1886688725	-0.1892757566	-0.1898891234	-0.1905088796	-0.1911349285	-0.1917671706	-0.1924055029	-0.1930498191	-0.1937000094	-0.1943559601	-0.1950175542	-0.1956846703	-0.1963571833	-0.1970349639	-0.1977178784	-0.1984057889	-0.1990985527	-0.1997960227	-0.2004980468	-0.2012044683	-0.2019151250	-0.2026298501	-0.2033484710	-0.2040708100	-0.2047966838	-0.2055259034	-0.2062582742	-0.2069935954	-0.2077316606	-0.2084722571	-0.2092151659	-0.2099601619	-0.2107070134	-0.2114554824	-0.2122053240	-0.2129562870	-0.2137081132	-0.2144605375	-0.2152132880	-0.2159660860	-0.2167186454	-0.2174706734	-0.2182218699	-0.2189719276	-0.2197205322	-0.2204673620	-0.2212120885	-0.2219543756	-0.2226938802	-0.2234302522	-0.2241631342	-0.2248921620	-0.2256169642	-0.2263371626	-0.2270523724	-0.2277622016	-0.2284662523	-0.2291641196	-0.2298553926	-0.2305396543	-0.2312164817	-0.2318854461	-0.2325461133	-0.2331980439	-0.2338407935	-0.2344739128	-0.2350969483	-0.2357094422	-0.2363109330	-0.2369009557	-0.2374790423	-0.2380447220	-0.2385975217	-0.2391369666	-0.2396625803	-0.2401738855	-0.2406704045	-0.2411516595	-0.2416171733	-0.2420664696	-0.2424990738	-0.2429145136	-0.2433123192	-0.2436920242	-0.2440531662	-0.2443952871	-0.2447179343	-0.2450206606	-0.2453030255	-0.2455645955	-0.2458049447	-0.2460236558	-0.2462203204	-0.2463945397	-0.2465459255	-0.2466741003	-0.2467786986	-0.2468593670	-0.2469157651	-0.2469475660	-0.2469544572	-0.2469361408	-0.2468923344	-0.2468227716	-0.2467272025	-0.2466053941	-0.2464571313	-0.2462822167	-0.2460804718	-0.2458517367	-0.2455958712	-0.2453127547	-0.2450022867	-0.2446643870	-0.2442989964	-0.2439060763	-0.2434856094	-0.2430375998	-0.2425620728	-0.2420590754	-0.2415286762	-0.2409709652	-0.2403860542	-0.2397740763	-0.2391351861	-0.2384695594	-0.2377773929	-0.2370589044	-0.2363143321	-0.2355439342	-0.2347479891	-0.2339267946	-0.2330806676	-0.2322099434	-0.2313149758	-0.2303961359	-0.2294538121	-0.2284884091	-0.2275003476	-0.2264900636	-0.2254580075	-0.2244046439	-0.2233304503	-0.2222359169	-0.2211215458	-0.2199878500	-0.2188353526	-0.2176645867	-0.2164760937	-0.2152704233	-0.2140481322	-0.2128097837	-0.2115559466	-0.2102871947	-0.2090041057	-0.2077072611	-0.2063972444	-0.2050746413	-0.2037400387	-0.2023940236	-0.2010371828	-0.1996701023	-0.1982933660	-0.1969075560	-0.1955132510	-0.1941110264	-0.1927014532	-0.1912850980	-0.1898625218	-0.1884342799	-0.1870009215	-0.1855629886	-0.1841210165	-0.1826755324	-0.1812270558	-0.1797760975	-0.1783231596	-0.1768687353	-0.1754133082	-0.1739573523	-0.1725013317	-0.1710457004	-0.1695909018	-0.1681373691	-0.1666855248	-0.1652357803	-0.1637885363	-0.1623441825	-0.1609030974	-0.1594656484	-0.1580321918	-0.1566030725	-0.1551786244	-0.1537591703	-0.1523450216	-0.1509364788	-0.1495338314	-0.1481373577	-0.1467473256	-0.1453639919	-0.1439876027	-0.1426183940	-0.1412565909	-0.1399024087	-0.1385560524	-0.1372177170	-0.1358875879	-0.1345658410	-0.1332526425	-0.1319481495	-0.1306525101	-0.1293658636	-0.1280883406	-0.1268200631	-0.1255611450	-0.1243116921	-0.1230718024	-0.1218415663	-0.1206210665	-0.1194103787	-0.1182095715	-0.1170187068	-0.1158378396	-0.1146670187	-0.1135062867	-0.1123556800	-0.1112152294	-0.1100849599	-0.1089648911	-0.1078550375	-0.1067554083	-0.1056660081	-0.1045868367	-0.1035178894	-0.1024591571	-0.1014106266	-0.1003722808	-0.0993440986	-0.0983260555	-0.0973181232	-0.0963202703	-0.0953324621	-0.0943546608	-0.0933868258	-0.0924289137	-0.0914808785	-0.0905426717	-0.0896142424	-0.0886955374	-0.0877865016	-0.0868870778	-0.0859972068	-0.0851168277	-0.0842458780	-0.0833842936	-0.0825320090	-0.0816889572	-0.0808550700
-0.1891773006	-0.1897761141	-0.1903812886	-0.1909927286	-0.1916103359	-0.1922340088	-0.1928636427	-0.1934991294	-0.1941403574	-0.1947872114	-0.1954395725	-0.1960973180	-0.1967603211	-0.1974284510	-0.1981015726	-0.1987795466	-0.1994622291	-0.2001494718	-0.2008411213	-0.2015370199	-0.2022370047	-0.2029409075	-0.2036485553	-0.2043597697	-0.2050743667	-0.2057921569	-0.2065129453	-0.2072365310	-0.2079627074	-0.2086912618	-0.2094219755	-0.2101546236	-0.2108889750	-0.2116247922	-0.2123618312	-0.2130998417	-0.2138385666	-0.2145777422	-0.2153170982	-0.2160563573	-0.2167952355	-0.2175334421	-0.2182706791	-0.2190066420	-0.2197410191	-0.2204734918	-0.2212037346	-0.2219314149	-0.2226561935	-0.2233777239	-0.2240956532	-0.2248096214	-0.2255192620	-0.2262242016	-0.2269240607	-0.2276184529	-0.2283069859	-0.2289892611	-0.2296648738	-0.2303334136	-0.2309944644	-0.2316476048	-0.2322924079	-0.2329284422	-0.2335552711	-0.2341724539	-0.2347795454	-0.2353760967	-0.2359616555	-0.2365357661	-0.2370979700	-0.2376478064	-0.2381848124	-0.2387085233	-0.2392184733	-0.2397141961	-0.2401952247	-0.2406610925	-0.2411113337	-0.2415454835	-0.2419630791	-0.2423636596	-0.2427467674	-0.2431119480	-0.2434587510	-0.2437867306	-0.2440954462	-0.2443844631	-0.2446533528	-0.2449016940	-0.2451290731	-0.2453350847	-0.2455193325	-0.2456814296	-0.2458209997	-0.2459376768	-0.2460311068	-0.2461009475	-0.2461468697	-0.2461685571	-0.2461657077	-0.2461380337	-0.2460852627	-0.2460071376	-0.2459034177	-0.2457738787	-0.2456183138	-0.2454365336	-0.2452283667	-0.2449936604	-0.2447322808	-0.2444441131	-0.2441290623	-0.2437870530	-0.2434180302	-0.2430219590	-0.2425988252	-0.2421486353	-0.2416714166	-0.2411672173	-0.2406361065	-0.2400781745	-0.2394935323	-0.2388823118	-0.2382446658	-0.2375807675	-0.2368908107	-0.2361750092	-0.2354335970	-0.2346668275	-0.2338749734	-0.2330583266	-0.2322171971	-0.2313519133	-0.2304628211	-0.2295502835	-0.2286146800	-0.2276564063	-0.2266758734	-0.2256735072	-0.2246497476	-0.2236050484	-0.2225398758	-0.2214547087	-0.2203500370	-0.2192263618	-0.2180841938	-0.2169240534	-0.2157464692	-0.2145519780	-0.2133411234	-0.2121144553	-0.2108725293	-0.2096159056	-0.2083451488	-0.2070608266	-0.2057635092	-0.2044537690	-0.2031321793	-0.2017993139	-0.2004557466	-0.1991020500	-0.1977387955	-0.1963665522	-0.1949858863	-0.1935973608	-0.1922015347	-0.1907989625	-0.1893901936	-0.1879757720	-0.1865562356	-0.1851321158	-0.1837039371	-0.1822722165	-0.1808374635	-0.1794001795	-0.1779608571	-0.1765199806	-0.1750780249	-0.1736354558	-0.1721927293	-0.1707502919	-0.1693085797	-0.1678680190	-0.1664290256	-0.1649920047	-0.1635573511	-0.1621254489	-0.1606966713	-0.1592713809	-0.1578499292	-0.1564326569	-0.1550198941	-0.1536119596	-0.1522091617	-0.1508117977	-0.1494201543	-0.1480345074	-0.1466551224	-0.1452822544	-0.1439161477	-0.1425570366	-0.1412051453	-0.1398606878	-0.1385238685	-0.1371948818	-0.1358739127	-0.1345611369	-0.1332567206	-0.1319608213	-0.1306735873	-0.1293951585	-0.1281256661	-0.1268652331	-0.1256139743	-0.1243719966	-0.1231393994	-0.1219162742	-0.1207027054	-0.1194987703	-0.1183045390	-0.1171200753	-0.1159454361	-0.1147806721	-0.1136258278	-0.1124809419	-0.1113460471	-0.1102211707	-0.1091063346	-0.1080015555	-0.1069068451	-0.1058222101	-0.1047476530	-0.1036831712	-0.1026287583	-0.1015844035	-0.1005500922	-0.0995258058	-0.0985115222	-0.0975072158	-0.0965128576	-0.0955284153	-0.0945538538	-0.0935891350	-0.0926342179	-0.0916890590	-0.0907536122	-0.0898278292	-0.0889116593	-0.0880050496	-0.0871079454	-0.0862202899	-0.0853420246	-0.0844730892	-0.0836134221	-0.0827629599	-0.0819216380	-0.0810893904
-0.1896682473	-0.1902589188	-0.1908558306	-0.1914588855	-0.1920679834	-0.1926830208	-0.1933038914	-0.1939304853	-0.1945626892	-0.1952003864	-0.1958434563	-0.1964917747	-0.1971452134	-0.1978036401	-0.1984669184	-0.1991349077	-0.1998074631	-0.2004844348	-0.2011656687	-0.2018510060	-0.2025402828	-0.2032333303	-0.2039299748	-0.2046300372	-0.2053333331	-0.2060396728	-0.2067488609	-0.2074606964	-0.2081749728	-0.2088914775	-0.2096099920	-0.2103302919	-0.2110521466	-0.2117753194	-0.2124995672	-0.2132246406	-0.2139502838	-0.2146762346	-0.2154022241	-0.2161279769	-0.2168532110	-0.2175776378	-0.2183009617	-0.2190228808	-0.2197430862	-0.2204612623	-0.2211770869	-0.2218902310	-0.2226003589	-0.2233071284	-0.2240101905	-0.2247091898	-0.2254037645	-0.2260935464	-0.2267781610	-0.2274572275	-0.2281303594	-0.2287971641	-0.2294572433	-0.2301101931	-0.2307556044	-0.2313930628	-0.2320221489	-0.2326424388	-0.2332535039	-0.2338549117	-0.2344462254	-0.2350270050	-0.2355968071	-0.2361551851	-0.2367016903	-0.2372358713	-0.2377572753	-0.2382654478	-0.2387599334	-0.2392402762	-0.2397060201	-0.2401567094	-0.2405918895	-0.2410111068	-0.2414139099	-0.2417998496	-0.2421684796	-0.2425193575	-0.2428520445	-0.2431661067	-0.2434611155	-0.2437366479	-0.2439922875	-0.2442276249	-0.2444422582	-0.2446357939	-0.2448078474	-0.2449580435	-0.2450860170	-0.2451914134	-0.2452738898	-0.2453331149	-0.2453687699	-0.2453805493	-0.2453681609	-0.2453313271	-0.2452697847	-0.2451832861	-0.2450715991	-0.2449345082	-0.2447718142	-0.2445833356	-0.2443689081	-0.2441283855	-0.2438616402	-0.2435685631	-0.2432490643	-0.2429030731	-0.2425305384	-0.2421314290	-0.2417057336	-0.2412534610	-0.2407746403	-0.2402693208	-0.2397375723	-0.2391794849	-0.2385951690	-0.2379847554	-0.2373483948	-0.2366862580	-0.2359985359	-0.2352854385	-0.2345471954	-0.2337840555	-0.2329962859	-0.2321841724	-0.2313480189	-0.2304881464	-0.2296048934	-0.2286986149	-0.2277696819	-0.2268184811	-0.2258454140	-0.2248508967	-0.2238353590	-0.2227992439	-0.2217430070	-0.2206671155	-0.2195720482	-0.2184582939	-0.2173263516	-0.2161767292	-0.2150099429	-0.2138265167	-0.2126269815	-0.2114118742	-0.2101817374	-0.2089371183	-0.2076785683	-0.2064066418	-0.2051218962	-0.2038248904	-0.2025161849	-0.2011963405	-0.1998659179	-0.1985254773	-0.1971755771	-0.1958167740	-0.1944496221	-0.1930746721	-0.1916924711	-0.1903035620	-0.1889084827	-0.1875077661	-0.1861019389	-0.1846915220	-0.1832770296	-0.1818589685	-0.1804378385	-0.1790141312	-0.1775883306	-0.1761609116	-0.1747323409	-0.1733030759	-0.1718735650	-0.1704442468	-0.1690155504	-0.1675878952	-0.1661616904	-0.1647373350	-0.1633152180	-0.1618957177	-0.1604792024	-0.1590660294	-0.1576565458	-0.1562510881	-0.1548499821	-0.1534535432	-0.1520620761	-0.1506758750	-0.1492952238	-0.1479203959	-0.1465516544	-0.1451892521	-0.1438334318	-0.1424844262	-0.1411424580	-0.1398077404	-0.1384804767	-0.1371608607	-0.1358490771	-0.1345453011	-0.1332496990	-0.1319624284	-0.1306836378	-0.1294134676	-0.1281520496	-0.1268995075	-0.1256559571	-0.1244215064	-0.1231962556	-0.1219802979	-0.1207737188	-0.1195765972	-0.1183890048	-0.1172110070	-0.1160426625	-0.1148840239	-0.1137351376	-0.1125960442	-0.1114667785	-0.1103473701	-0.1092378428	-0.1081382156	-0.1070485025	-0.1059687125	-0.1048988502	-0.1038389157	-0.1027889047	-0.1017488090	-0.1007186162	-0.0996983103	-0.0986878716	-0.0976872769	-0.0966964996	-0.0957155100	-0.0947442754	-0.0937827601	-0.0928309255	-0.0918887307	-0.0909561319	-0.0900330832	-0.0891195363	-0.0882154408	-0.0873207442	-0.0864353920	-0.0855593282	-0.0846924948	-0.0838348323	-0.0829862797	-0.0821467744	-0.0813162528
-0.1901419590	-0.1907244218	-0.1913130055	-0.1919076111	-0.1925081367	-0.1931144773	-0.1937265246	-0.1943441673	-0.1949672906	-0.1955957760	-0.1962295016	-0.1968683416	-0.1975121666	-0.1981608429	-0.1988142330	-0.1994721949	-0.2001345826	-0.2008012454	-0.2014720282	-0.2021467711	-0.2028253098	-0.2035074746	-0.2041930912	-0.2048819800	-0.2055739563	-0.2062688299	-0.2069664056	-0.2076664822	-0.2083688532	-0.2090733062	-0.2097796233	-0.2104875805	-0.2111969478	-0.2119074893	-0.2126189629	-0.2133311203	-0.2140437072	-0.2147564626	-0.2154691195	-0.2161814042	-0.2168930369	-0.2176037310	-0.2183131937	-0.2190211254	-0.2197272202	-0.2204311658	-0.2211326430	-0.2218313265	-0.2225268844	-0.2232189784	-0.2239072639	-0.2245913900	-0.2252709995	-0.2259457293	-0.2266152101	-0.2272790667	-0.2279369184	-0.2285883785	-0.2292330551	-0.2298705508	-0.2305004634	-0.2311223855	-0.2317359052	-0.2323406061	-0.2329360674	-0.2335218648	-0.2340975700	-0.2346627515	-0.2352169747	-0.2357598023	-0.2362907948	-0.2368095105	-0.2373155062	-0.2378083376	-0.2382875594	-0.2387527261	-0.2392033922	-0.2396391129	-0.2400594441	-0.2404639437	-0.2408521711	-0.2412236885	-0.2415780612	-0.2419148580	-0.2422336518	-0.2425340203	-0.2428155463	-0.2430778187	-0.2433204326	-0.2435429902	-0.2437451011	-0.2439263834	-0.2440864638	-0.2442249783	-0.2443415729	-0.2444359042	-0.2445076399	-0.2445564593	-0.2445820541	-0.2445841288	-0.2445624012	-0.2445166030	-0.2444464804	-0.2443517946	-0.2442323221	-0.2440878554	-0.2439182031	-0.2437231910	-0.2435026616	-0.2432564754	-0.2429845105	-0.2426866634	-0.2423628491	-0.2420130013	-0.2416370728	-0.2412350359	-0.2408068819	-0.2403526219	-0.2398722867	-0.2393659267	-0.2388336121	-0.2382754330	-0.2376914991	-0.2370819398	-0.2364469041	-0.2357865604	-0.2351010962	-0.2343907183	-0.2336556520	-0.2328961413	-0.2321124482	-0.2313048527	-0.2304736520	-0.2296191607	-0.2287417096	-0.2278416459	-0.2269193324	-0.2259751469	-0.2250094818	-0.2240227436	-0.2230153522	-0.2219877402	-0.2209403524	-0.2198736453	-0.2187880861	-0.2176841523	-0.2165623310	-0.2154231181	-0.2142670177	-0.2130945413	-0.2119062073	-0.2107025402	-0.2094840697	-0.2082513303	-0.2070048604	-0.2057452018	-0.2044728988	-0.2031884977	-0.2018925461	-0.2005855922	-0.1992681842	-0.1979408694	-0.1966041943	-0.1952587031	-0.1939049378	-0.1925434375	-0.1911747374	-0.1897993690	-0.1884178590	-0.1870307292	-0.1856384957	-0.1842416689	-0.1828407526	-0.1814362440	-0.1800286329	-0.1786184019	-0.1772060256	-0.1757919705	-0.1743766947	-0.1729606476	-0.1715442696	-0.1701279920	-0.1687122368	-0.1672974165	-0.1658839338	-0.1644721816	-0.1630625428	-0.1616553906	-0.1602510875	-0.1588499864	-0.1574524295	-0.1560587490	-0.1546692668	-0.1532842944	-0.1519041333	-0.1505290744	-0.1491593987	-0.1477953771	-0.1464372701	-0.1450853287	-0.1437397937	-0.1424008962	-0.1410688575	-0.1397438897	-0.1384261950	-0.1371159667	-0.1358133888	-0.1345186362	-0.1332318751	-0.1319532630	-0.1306829487	-0.1294210730	-0.1281677681	-0.1269231584	-0.1256873605	-0.1244604834	-0.1232426283	-0.1220338894	-0.1208343539	-0.1196441017	-0.1184632063	-0.1172917345	-0.1161297468	-0.1149772974	-0.1138344347	-0.1127012011	-0.1115776335	-0.1104637632	-0.1093596165	-0.1082652143	-0.1071805727	-0.1061057031	-0.1050406122	-0.1039853025	-0.1029397719	-0.1019040145	-0.1008780204	-0.0998617758	-0.0988552634	-0.0978584625	-0.0968713487	-0.0958938950	-0.0949260707	-0.0939678427	-0.0930191749	-0.0920800285	-0.0911503624	-0.0902301327	-0.0893192937	-0.0884177972	-0.0875255930	-0.0866426291	-0.0857688516	-0.0849042048	-0.0840486313	-0.0832020725	-0.0823644680	-0.0815357562
-0.1905986819	-0.1911728740	-0.1917530688	-0.1923391656	-0.1929310608	-0.1935286479	-0.1941318169	-0.1947404551	-0.1953544459	-0.1959736696	-0.1965980029	-0.1972273185	-0.1978614857	-0.1985003697	-0.1991438317	-0.1997917287	-0.2004439136	-0.2011002348	-0.2017605362	-0.2024246575	-0.2030924331	-0.2037636932	-0.2044382628	-0.2051159619	-0.2057966055	-0.2064800033	-0.2071659599	-0.2078542742	-0.2085447400	-0.2092371452	-0.2099312721	-0.2106268975	-0.2113237922	-0.2120217211	-0.2127204431	-0.2134197113	-0.2141192726	-0.2148188677	-0.2155182312	-0.2162170915	-0.2169151707	-0.2176121847	-0.2183078431	-0.2190018491	-0.2196938998	-0.2203836857	-0.2210708914	-0.2217551949	-0.2224362682	-0.2231137771	-0.2237873812	-0.2244567342	-0.2251214836	-0.2257812713	-0.2264357334	-0.2270845001	-0.2277271964	-0.2283634417	-0.2289928504	-0.2296150317	-0.2302295899	-0.2308361249	-0.2314342319	-0.2320235022	-0.2326035228	-0.2331738773	-0.2337341457	-0.2342839052	-0.2348227297	-0.2353501911	-0.2358658590	-0.2363693011	-0.2368600840	-0.2373377730	-0.2378019330	-0.2382521287	-0.2386879249	-0.2391088873	-0.2395145827	-0.2399045795	-0.2402784484	-0.2406357624	-0.2409760980	-0.2412990352	-0.2416041582	-0.2418910560	-0.2421593229	-0.2424085588	-0.2426383704	-0.2428483711	-0.2430381819	-0.2432074318	-0.2433557587	-0.2434828096	-0.2435882413	-0.2436717211	-0.2437329271	-0.2437715490	-0.2437872884	-0.2437798597	-0.2437489902	-0.2436944210	-0.2436159071	-0.2435132183	-0.2433861393	-0.2432344705	-0.2430580282	-0.2428566450	-0.2426301703	-0.2423784706	-0.2421014298	-0.2417989496	-0.2414709498	-0.2411173684	-0.2407381620	-0.2403333058	-0.2399027940	-0.2394466399	-0.2389648756	-0.2384575527	-0.2379247418	-0.2373665327	-0.2367830345	-0.2361743753	-0.2355407022	-0.2348821812	-0.2341989969	-0.2334913524	-0.2327594689	-0.2320035858	-0.2312239599	-0.2304208655	-0.2295945936	-0.2287454519	-0.2278737643	-0.2269798702	-0.2260641242	-0.2251268956	-0.2241685679	-0.2231895381	-0.2221902165	-0.2211710256	-0.2201323998	-0.2190747848	-0.2179986368	-0.2169044222	-0.2157926165	-0.2146637039	-0.2135181766	-0.2123565340	-0.2111792824	-0.2099869338	-0.2087800057	-0.2075590199	-0.2063245025	-0.2050769827	-0.2038169922	-0.2025450648	-0.2012617356	-0.1999675404	-0.1986630149	-0.1973486946	-0.1960251134	-0.1946928040	-0.1933522963	-0.1920041177	-0.1906487923	-0.1892868400	-0.1879187768	-0.1865451134	-0.1851663556	-0.1837830033	-0.1823955504	-0.1810044843	-0.1796102853	-0.1782134268	-0.1768143745	-0.1754135863	-0.1740115119	-0.1726085928	-0.1712052617	-0.1698019425	-0.1683990502	-0.1669969904	-0.1655961593	-0.1641969439	-0.1627997211	-0.1614048586	-0.1600127138	-0.1586236345	-0.1572379584	-0.1558560134	-0.1544781174	-0.1531045781	-0.1517356934	-0.1503717513	-0.1490130297	-0.1476597967	-0.1463123108	-0.1449708205	-0.1436355649	-0.1423067732	-0.1409846655	-0.1396694524	-0.1383613353	-0.1370605067	-0.1357671498	-0.1344814393	-0.1332035410	-0.1319336124	-0.1306718025	-0.1294182521	-0.1281730941	-0.1269364534	-0.1257084473	-0.1244891855	-0.1232787705	-0.1220772973	-0.1208848544	-0.1197015230	-0.1185273780	-0.1173624877	-0.1162069142	-0.1150607134	-0.1139239353	-0.1127966244	-0.1116788192	-0.1105705532	-0.1094718544	-0.1083827459	-0.1073032460	-0.1062333680	-0.1051731210	-0.1041225095	-0.1030815338	-0.1020501902	-0.1010284709	-0.1000163647	-0.0990138565	-0.0980209277	-0.0970375566	-0.0960637181	-0.0950993842	-0.0941445240	-0.0931991037	-0.0922630868	-0.0913364346	-0.0904191055	-0.0895110560	-0.0886122403	-0.0877226105	-0.0868421167	-0.0859707074	-0.0851083289	-0.0842549263	-0.0834104428	-0.0825748205	-0.0817479998
-0.1910386618	-0.1916045255	-0.1921762751	-0.1927538083	-0.1933370198	-0.1939258014	-0.1945200420	-0.1951196269	-0.1957244385	-0.1963343555	-0.1969492532	-0.1975690033	-0.1981934737	-0.1988225284	-0.1994560276	-0.2000938274	-0.2007357794	-0.2013817315	-0.2020315268	-0.2026850039	-0.2033419971	-0.2040023358	-0.2046658445	-0.2053323431	-0.2060016464	-0.2066735638	-0.2073479001	-0.2080244543	-0.2087030203	-0.2093833867	-0.2100653362	-0.2107486462	-0.2114330883	-0.2121184286	-0.2128044270	-0.2134908379	-0.2141774096	-0.2148638845	-0.2155499991	-0.2162354837	-0.2169200625	-0.2176034540	-0.2182853701	-0.2189655170	-0.2196435947	-0.2203192969	-0.2209923115	-0.2216623203	-0.2223289991	-0.2229920176	-0.2236510400	-0.2243057243	-0.2249557229	-0.2256006828	-0.2262402450	-0.2268740457	-0.2275017152	-0.2281228792	-0.2287371582	-0.2293441678	-0.2299435193	-0.2305348194	-0.2311176706	-0.2316916714	-0.2322564169	-0.2328114985	-0.2333565043	-0.2338910199	-0.2344146281	-0.2349269093	-0.2354274424	-0.2359158043	-0.2363915711	-0.2368543177	-0.2373036190	-0.2377390495	-0.2381601844	-0.2385665996	-0.2389578724	-0.2393335818	-0.2396933092	-0.2400366385	-0.2403631570	-0.2406724557	-0.2409641298	-0.2412377793	-0.2414930095	-0.2417294316	-0.2419466632	-0.2421443286	-0.2423220599	-0.2424794970	-0.2426162885	-0.2427320921	-0.2428265751	-0.2428994151	-0.2429503004	-0.2429789307	-0.2429850174	-0.2429682844	-0.2429284682	-0.2428653188	-0.2427786000	-0.2426680899	-0.2425335811	-0.2423748817	-0.2421918152	-0.2419842210	-0.2417519548	-0.2414948893	-0.2412129138	-0.2409059351	-0.2405738775	-0.2402166831	-0.2398343121	-0.2394267428	-0.2389939719	-0.2385360146	-0.2380529047	-0.2375446944	-0.2370114548	-0.2364532755	-0.2358702650	-0.2352625499	-0.2346302755	-0.2339736053	-0.2332927211	-0.2325878224	-0.2318591265	-0.2311068680	-0.2303312988	-0.2295326875	-0.2287113191	-0.2278674948	-0.2270015312	-0.2261137604	-0.2252045290	-0.2242741981	-0.2233231423	-0.2223517497	-0.2213604207	-0.2203495683	-0.2193196166	-0.2182710009	-0.2172041667	-0.2161195694	-0.2150176732	-0.2138989510	-0.2127638833	-0.2116129579	-0.2104466689	-0.2092655166	-0.2080700061	-0.2068606473	-0.2056379539	-0.2044024428	-0.2031546336	-0.2018950478	-0.2006242083	-0.1993426388	-0.1980508629	-0.1967494040	-0.1954387845	-0.1941195250	-0.1927921442	-0.1914571579	-0.1901150789	-0.1887664164	-0.1874116752	-0.1860513558	-0.1846859533	-0.1833159577	-0.1819418530	-0.1805641168	-0.1791832204	-0.1777996279	-0.1764137963	-0.1750261751	-0.1736372057	-0.1722473216	-0.1708569480	-0.1694665016	-0.1680763903	-0.1666870129	-0.1652987595	-0.1639120106	-0.1625271377	-0.1611445028	-0.1597644581	-0.1583873466	-0.1570135014	-0.1556432460	-0.1542768942	-0.1529147501	-0.1515571081	-0.1502042528	-0.1488564594	-0.1475139932	-0.1461771101	-0.1448460566	-0.1435210697	-0.1422023770	-0.1408901970	-0.1395847390	-0.1382862034	-0.1369947817	-0.1357106565	-0.1344340019	-0.1331649836	-0.1319037587	-0.1306504764	-0.1294052776	-0.1281682957	-0.1269396558	-0.1257194761	-0.1245078669	-0.1233049316	-0.1221107663	-0.1209254604	-0.1197490966	-0.1185817509	-0.1174234932	-0.1162743869	-0.1151344896	-0.1140038530	-0.1128825232	-0.1117705406	-0.1106679405	-0.1095747530	-0.1084910029	-0.1074167106	-0.1063518916	-0.1052965569	-0.1042507132	-0.1032143630	-0.1021875047	-0.1011701329	-0.1001622384	-0.0991638084	-0.0981748266	-0.0971952735	-0.0962251264	-0.0952643595	-0.0943129441	-0.0933708487	-0.0924380392	-0.0915144790	-0.0906001289	-0.0896949476	-0.0887988915	-0.0879119149	-0.0870339702	-0.0861650080	-0.0853049769	-0.0844538240	-0.0836114949	-0.0827779335	-0.0819530824
-0.1914621438	-0.1920196260	-0.1925828786	-0.1931517978	-0.1937262766	-0.1943062056	-0.1948914720	-0.1954819598	-0.1960775500	-0.1966781200	-0.1972835439	-0.1978936921	-0.1985084315	-0.1991276250	-0.1997511317	-0.2003788067	-0.2010105010	-0.2016460615	-0.2022853307	-0.2029281466	-0.2035743428	-0.2042237484	-0.2048761877	-0.2055314802	-0.2061894405	-0.2068498782	-0.2075125980	-0.2081773993	-0.2088440764	-0.2095124181	-0.2101822079	-0.2108532240	-0.2115252390	-0.2121980197	-0.2128713275	-0.2135449180	-0.2142185412	-0.2148919412	-0.2155648562	-0.2162370186	-0.2169081551	-0.2175779863	-0.2182462270	-0.2189125861	-0.2195767665	-0.2202384653	-0.2208973739	-0.2215531776	-0.2222055561	-0.2228541834	-0.2234987277	-0.2241388518	-0.2247742129	-0.2254044628	-0.2260292480	-0.2266482099	-0.2272609848	-0.2278672042	-0.2284664949	-0.2290584789	-0.2296427742	-0.2302189944	-0.2307867491	-0.2313456444	-0.2318952828	-0.2324352636	-0.2329651831	-0.2334846350	-0.2339932107	-0.2344904995	-0.2349760889	-0.2354495653	-0.2359105138	-0.2363585190	-0.2367931653	-0.2372140372	-0.2376207198	-0.2380127991	-0.2383898628	-0.2387515002	-0.2390973030	-0.2394268660	-0.2397397869	-0.2400356674	-0.2403141137	-0.2405747363	-0.2408171515	-0.2410409812	-0.2412458536	-0.2414314041	-0.2415972751	-0.2417431173	-0.2418685897	-0.2419733602	-0.2420571067	-0.2421195165	-0.2421602881	-0.2421791306	-0.2421757651	-0.2421499244	-0.2421013543	-0.2420298133	-0.2419350737	-0.2418169214	-0.2416751570	-0.2415095958	-0.2413200683	-0.2411064205	-0.2408685144	-0.2406062283	-0.2403194568	-0.2400081117	-0.2396721216	-0.2393114325	-0.2389260081	-0.2385158295	-0.2380808959	-0.2376212244	-0.2371368499	-0.2366278258	-0.2360942234	-0.2355361320	-0.2349536591	-0.2343469304	-0.2337160891	-0.2330612964	-0.2323827311	-0.2316805892	-0.2309550842	-0.2302064461	-0.2294349219	-0.2286407747	-0.2278242836	-0.2269857432	-0.2261254634	-0.2252437689	-0.2243409986	-0.2234175054	-0.2224736554	-0.2215098278	-0.2205264138	-0.2195238166	-0.2185024507	-0.2174627410	-0.2164051226	-0.2153300402	-0.2142379470	-0.2131293048	-0.2120045828	-0.2108642573	-0.2097088109	-0.2085387319	-0.2073545139	-0.2061566547	-0.2049456560	-0.2037220230	-0.2024862631	-0.2012388860	-0.1999804026	-0.1987113246	-0.1974321642	-0.1961434328	-0.1948456412	-0.1935392987	-0.1922249125	-0.1909029875	-0.1895740253	-0.1882385243	-0.1868969788	-0.1855498788	-0.1841977094	-0.1828409506	-0.1814800765	-0.1801155556	-0.1787478497	-0.1773774143	-0.1760046975	-0.1746301405	-0.1732541767	-0.1718772317	-0.1704997234	-0.1691220609	-0.1677446455	-0.1663678693	-0.1649921159	-0.1636177600	-0.1622451673	-0.1608746941	-0.1595066878	-0.1581414862	-0.1567794180	-0.1554208023	-0.1540659489	-0.1527151581	-0.1513687207	-0.1500269183	-0.1486900228	-0.1473582970	-0.1460319944	-0.1447113590	-0.1433966258	-0.1420880207	-0.1407857607	-0.1394900537	-0.1382010989	-0.1369190869	-0.1356441995	-0.1343766102	-0.1331164844	-0.1318639790	-0.1306192430	-0.1293824176	-0.1281536362	-0.1269330247	-0.1257207014	-0.1245167775	-0.1233213572	-0.1221345375	-0.1209564088	-0.1197870549	-0.1186265532	-0.1174749746	-0.1163323843	-0.1151988412	-0.1140743986	-0.1129591043	-0.1118530003	-0.1107561238	-0.1096685066	-0.1085901756	-0.1075211530	-0.1064614563	-0.1054110985	-0.1043700884	-0.1033384306	-0.1023161255	-0.1013031699	-0.1002995568	-0.0993052756	-0.0983203121	-0.0973446491	-0.0963782659	-0.0954211392	-0.0944732423	-0.0935345461	-0.0926050187	-0.0916846255	-0.0907733297	-0.0898710921	-0.0889778714	-0.0880936240	-0.0872183045	-0.0863518656	-0.0854942582	-0.0846454313	-0.0838053326	-0.0829739083	-0.0821511029
-0.1918693725	-0.1924184243	-0.1929731325	-0.1935333916	-0.1940990935	-0.1946701269	-0.1952463780	-0.1958277293	-0.1964140605	-0.1970052479	-0.1976011644	-0.1982016792	-0.1988066581	-0.1994159630	-0.2000294522	-0.2006469800	-0.2012683964	-0.2018935477	-0.2025222758	-0.2031544181	-0.2037898080	-0.2044282739	-0.2050696400	-0.2057137256	-0.2063603454	-0.2070093090	-0.2076604213	-0.2083134819	-0.2089682856	-0.2096246218	-0.2102822748	-0.2109410234	-0.2116006412	-0.2122608963	-0.2129215514	-0.2135823634	-0.2142430839	-0.2149034588	-0.2155632283	-0.2162221270	-0.2168798837	-0.2175362215	-0.2181908580	-0.2188435049	-0.2194938682	-0.2201416484	-0.2207865401	-0.2214282324	-0.2220664091	-0.2227007480	-0.2233309219	-0.2239565981	-0.2245774384	-0.2251930998	-0.2258032340	-0.2264074879	-0.2270055035	-0.2275969182	-0.2281813649	-0.2287584722	-0.2293278645	-0.2298891623	-0.2304419824	-0.2309859381	-0.2315206395	-0.2320456937	-0.2325607048	-0.2330652749	-0.2335590037	-0.2340414890	-0.2345123273	-0.2349711137	-0.2354174426	-0.2358509080	-0.2362711037	-0.2366776240	-0.2370700635	-0.2374480184	-0.2378110863	-0.2381588667	-0.2384909617	-0.2388069761	-0.2391065182	-0.2393892003	-0.2396546387	-0.2399024549	-0.2401322754	-0.2403437326	-0.2405364655	-0.2407101196	-0.2408643479	-0.2409988112	-0.2411131788	-0.2412071288	-0.2412803488	-0.2413325360	-0.2413633985	-0.2413726547	-0.2413600350	-0.2413252811	-0.2412681474	-0.2411884008	-0.2410858218	-0.2409602041	-0.2408113557	-0.2406390990	-0.2404432712	-0.2402237249	-0.2399803278	-0.2397129637	-0.2394215326	-0.2391059507	-0.2387661510	-0.2384020832	-0.2380137141	-0.2376010279	-0.2371640258	-0.2367027267	-0.2362171670	-0.2357074006	-0.2351734992	-0.2346155517	-0.2340336650	-0.2334279632	-0.2327985878	-0.2321456977	-0.2314694686	-0.2307700934	-0.2300477814	-0.2293027584	-0.2285352664	-0.2277455632	-0.2269339221	-0.2261006314	-0.2252459943	-0.2243703283	-0.2234739648	-0.2225572488	-0.2216205380	-0.2206642028	-0.2196886256	-0.2186942001	-0.2176813311	-0.2166504338	-0.2156019328	-0.2145362625	-0.2134538655	-0.2123551926	-0.2112407020	-0.2101108589	-0.2089661344	-0.2078070056	-0.2066339542	-0.2054474668	-0.2042480332	-0.2030361469	-0.2018123038	-0.2005770018	-0.1993307401	-0.1980740190	-0.1968073389	-0.1955312000	-0.1942461017	-0.1929525420	-0.1916510172	-0.1903420210	-0.1890260445	-0.1877035754	-0.1863750976	-0.1850410910	-0.1837020306	-0.1823583866	-0.1810106238	-0.1796592012	-0.1783045718	-0.1769471821	-0.1755874718	-0.1742258738	-0.1728628136	-0.1714987092	-0.1701339709	-0.1687690008	-0.1674041931	-0.1660399337	-0.1646765998	-0.1633145600	-0.1619541743	-0.1605957937	-0.1592397604	-0.1578864073	-0.1565360586	-0.1551890290	-0.1538456242	-0.1525061409	-0.1511708663	-0.1498400787	-0.1485140471	-0.1471930314	-0.1458772825	-0.1445670423	-0.1432625438	-0.1419640109	-0.1406716589	-0.1393856945	-0.1381063155	-0.1368337116	-0.1355680638	-0.1343095449	-0.1330583198	-0.1318145452	-0.1305783700	-0.1293499353	-0.1281293748	-0.1269168145	-0.1257123734	-0.1245161633	-0.1233282889	-0.1221488482	-0.1209779325	-0.1198156267	-0.1186620093	-0.1175171525	-0.1163811227	-0.1152539804	-0.1141357802	-0.1130265716	-0.1119263983	-0.1108352991	-0.1097533075	-0.1086804523	-0.1076167576	-0.1065622427	-0.1055169227	-0.1044808082	-0.1034539058	-0.1024362183	-0.1014277442	-0.1004284787	-0.0994384132	-0.0984575359	-0.0974858316	-0.0965232818	-0.0955698652	-0.0946255574	-0.0936903314	-0.0927641574	-0.0918470032	-0.0909388340	-0.0900396128	-0.0891493003	-0.0882678553	-0.0873952343	-0.0865313921	-0.0856762818	-0.0848298545	-0.0839920600	-0.0831628463	-0.0823421602
-0.1922605915	-0.1928011683	-0.1933472889	-0.1938988463	-0.1944557310	-0.1950178305	-0.1955850295	-0.1961572094	-0.1967342486	-0.1973160223	-0.1979024022	-0.1984932565	-0.1990884501	-0.1996878439	-0.2002912953	-0.2008986579	-0.2015097810	-0.2021245103	-0.2027426870	-0.2033641483	-0.2039887269	-0.2046162512	-0.2052465452	-0.2058794281	-0.2065147146	-0.2071522145	-0.2077917328	-0.2084330698	-0.2090760205	-0.2097203752	-0.2103659187	-0.2110124310	-0.2116596866	-0.2123074548	-0.2129554995	-0.2136035794	-0.2142514477	-0.2148988519	-0.2155455345	-0.2161912320	-0.2168356758	-0.2174785915	-0.2181196994	-0.2187587139	-0.2193953444	-0.2200292946	-0.2206602625	-0.2212879412	-0.2219120181	-0.2225321754	-0.2231480901	-0.2237594340	-0.2243658738	-0.2249670715	-0.2255626841	-0.2261523638	-0.2267357583	-0.2273125109	-0.2278822607	-0.2284446425	-0.2289992874	-0.2295458227	-0.2300838722	-0.2306130564	-0.2311329928	-0.2316432961	-0.2321435785	-0.2326334500	-0.2331125186	-0.2335803906	-0.2340366710	-0.2344809639	-0.2349128727	-0.2353320004	-0.2357379503	-0.2361303259	-0.2365087318	-0.2368727736	-0.2372220588	-0.2375561968	-0.2378747998	-0.2381774828	-0.2384638642	-0.2387335664	-0.2389862160	-0.2392214448	-0.2394388896	-0.2396381930	-0.2398190041	-0.2399809788	-0.2401237800	-0.2402470786	-0.2403505539	-0.2404338936	-0.2404967950	-0.2405389649	-0.2405601206	-0.2405599897	-0.2405383113	-0.2404948361	-0.2404293266	-0.2403415580	-0.2402313185	-0.2400984095	-0.2399426461	-0.2397638576	-0.2395618878	-0.2393365952	-0.2390878535	-0.2388155518	-0.2385195948	-0.2381999034	-0.2378564145	-0.2374890815	-0.2370978744	-0.2366827797	-0.2362438012	-0.2357809592	-0.2352942915	-0.2347838525	-0.2342497140	-0.2336919649	-0.2331107110	-0.2325060751	-0.2318781969	-0.2312272330	-0.2305533562	-0.2298567560	-0.2291376379	-0.2283962235	-0.2276327500	-0.2268474698	-0.2260406506	-0.2252125746	-0.2243635384	-0.2234938525	-0.2226038411	-0.2216938411	-0.2207642023	-0.2198152866	-0.2188474676	-0.2178611299	-0.2168566688	-0.2158344898	-0.2147950077	-0.2137386465	-0.2126658386	-0.2115770241	-0.2104726505	-0.2093531719	-0.2082190486	-0.2070707463	-0.2059087357	-0.2047334918	-0.2035454933	-0.2023452221	-0.2011331627	-0.1999098016	-0.1986756268	-0.1974311271	-0.1961767916	-0.1949131095	-0.1936405689	-0.1923596570	-0.1910708592	-0.1897746584	-0.1884715353	-0.1871619672	-0.1858464278	-0.1845253869	-0.1831993098	-0.1818686572	-0.1805338845	-0.1791954415	-0.1778537724	-0.1765093151	-0.1751625008	-0.1738137545	-0.1724634936	-0.1711121286	-0.1697600625	-0.1684076904	-0.1670553998	-0.1657035699	-0.1643525718	-0.1630027682	-0.1616545134	-0.1603081530	-0.1589640240	-0.1576224547	-0.1562837645	-0.1549482639	-0.1536162546	-0.1522880293	-0.1509638720	-0.1496440574	-0.1483288516	-0.1470185118	-0.1457132863	-0.1444134146	-0.1431191275	-0.1418306472	-0.1405481874	-0.1392719530	-0.1380021409	-0.1367389394	-0.1354825288	-0.1342330812	-0.1329907610	-0.1317557244	-0.1305281201	-0.1293080893	-0.1280957656	-0.1268912755	-0.1256947383	-0.1245062661	-0.1233259645	-0.1221539321	-0.1209902612	-0.1198350375	-0.1186883407	-0.1175502441	-0.1164208154	-0.1153001164	-0.1141882032	-0.1130851266	-0.1119909321	-0.1109056599	-0.1098293454	-0.1087620191	-0.1077037066	-0.1066544294	-0.1056142043	-0.1045830438	-0.1035609566	-0.1025479472	-0.1015440164	-0.1005491612	-0.0995633752	-0.0985866486	-0.0976189683	-0.0966603179	-0.0957106781	-0.0947700268	-0.0938383390	-0.0929155870	-0.0920017406	-0.0910967673	-0.0902006322	-0.0893132980	-0.0884347256	-0.0875648736	-0.0867036989	-0.0858511566	-0.0850071999	-0.0841717805	-0.0833448485	-0.0825263527
-0.1926360436	-0.1931681049	-0.1937055987	-0.1942484170	-0.1947964487	-0.1953495801	-0.1959076946	-0.1964706725	-0.1970383910	-0.1976107242	-0.1981875428	-0.1987687141	-0.1993541019	-0.1999435665	-0.2005369644	-0.2011341484	-0.2017349673	-0.2023392662	-0.2029468859	-0.2035576631	-0.2041714304	-0.2047880159	-0.2054072434	-0.2060289323	-0.2066528973	-0.2072789484	-0.2079068911	-0.2085365260	-0.2091676488	-0.2098000504	-0.2104335166	-0.2110678281	-0.2117027608	-0.2123380851	-0.2129735665	-0.2136089651	-0.2142440358	-0.2148785282	-0.2155121866	-0.2161447499	-0.2167759519	-0.2174055207	-0.2180331794	-0.2186586455	-0.2192816313	-0.2199018439	-0.2205189850	-0.2211327513	-0.2217428341	-0.2223489198	-0.2229506898	-0.2235478204	-0.2241399832	-0.2247268450	-0.2253080681	-0.2258833101	-0.2264522245	-0.2270144603	-0.2275696626	-0.2281174726	-0.2286575280	-0.2291894627	-0.2297129074	-0.2302274898	-0.2307328348	-0.2312285647	-0.2317142993	-0.2321896566	-0.2326542528	-0.2331077024	-0.2335496191	-0.2339796156	-0.2343973040	-0.2348022965	-0.2351942053	-0.2355726434	-0.2359372247	-0.2362875643	-0.2366232794	-0.2369439892	-0.2372493156	-0.2375388833	-0.2378123209	-0.2380692607	-0.2383093393	-0.2385321984	-0.2387374849	-0.2389248514	-0.2390939570	-0.2392444672	-0.2393760551	-0.2394884012	-0.2395811943	-0.2396541319	-0.2397069204	-0.2397392759	-0.2397509247	-0.2397416034	-0.2397110595	-0.2396590522	-0.2395853522	-0.2394897425	-0.2393720189	-0.2392319900	-0.2390694781	-0.2388843190	-0.2386763626	-0.2384454736	-0.2381915311	-0.2379144293	-0.2376140778	-0.2372904016	-0.2369433417	-0.2365728547	-0.2361789137	-0.2357615079	-0.2353206428	-0.2348563406	-0.2343686399	-0.2338575959	-0.2333232806	-0.2327657824	-0.2321852063	-0.2315816738	-0.2309553227	-0.2303063071	-0.2296347973	-0.2289409794	-0.2282250551	-0.2274872418	-0.2267277719	-0.2259468929	-0.2251448668	-0.2243219697	-0.2234784920	-0.2226147373	-0.2217310224	-0.2208276770	-0.2199050427	-0.2189634733	-0.2180033336	-0.2170249995	-0.2160288571	-0.2150153023	-0.2139847403	-0.2129375852	-0.2118742591	-0.2107951920	-0.2097008207	-0.2085915889	-0.2074679458	-0.2063303464	-0.2051792504	-0.2040151217	-0.2028384280	-0.2016496400	-0.2004492310	-0.1992376765	-0.1980154532	-0.1967830389	-0.1955409119	-0.1942895502	-0.1930294312	-0.1917610313	-0.1904848252	-0.1892012855	-0.1879108826	-0.1866140834	-0.1853113518	-0.1840031478	-0.1826899271	-0.1813721409	-0.1800502355	-0.1787246518	-0.1773958251	-0.1760641849	-0.1747301543	-0.1733941500	-0.1720565820	-0.1707178531	-0.1693783591	-0.1680384883	-0.1666986214	-0.1653591311	-0.1640203825	-0.1626827324	-0.1613465294	-0.1600121138	-0.1586798175	-0.1573499641	-0.1560228682	-0.1546988363	-0.1533781658	-0.1520611459	-0.1507480567	-0.1494391699	-0.1481347484	-0.1468350467	-0.1455403103	-0.1442507766	-0.1429666741	-0.1416882231	-0.1404156355	-0.1391491148	-0.1378888566	-0.1366350480	-0.1353878683	-0.1341474890	-0.1329140736	-0.1316877782	-0.1304687511	-0.1292571334	-0.1280530587	-0.1268566536	-0.1256680378	-0.1244873239	-0.1233146179	-0.1221500192	-0.1209936207	-0.1198455093	-0.1187057654	-0.1175744636	-0.1164516727	-0.1153374556	-0.1142318701	-0.1131349681	-0.1120467967	-0.1109673977	-0.1098968079	-0.1088350597	-0.1077821804	-0.1067381930	-0.1057031164	-0.1046769648	-0.1036597489	-0.1026514749	-0.1016521457	-0.1006617602	-0.0996803141	-0.0987077995	-0.0977442052	-0.0967895171	-0.0958437178	-0.0949067872	-0.0939787024	-0.0930594378	-0.0921489654	-0.0912472544	-0.0903542722	-0.0894699835	-0.0885943512	-0.0877273360	-0.0868688969	-0.0860189908	-0.0851775731	-0.0843445973	-0.0835200158	-0.0827037789
-0.1929959706	-0.1935194798	-0.1940483120	-0.1945823576	-0.1951215045	-0.1956656378	-0.1962146395	-0.1967683890	-0.1973267624	-0.1978896327	-0.1984568696	-0.1990283395	-0.1996039056	-0.2001834271	-0.2007667601	-0.2013537565	-0.2019442648	-0.2025381294	-0.2031351908	-0.2037352855	-0.2043382457	-0.2049438995	-0.2055520708	-0.2061625788	-0.2067752385	-0.2073898603	-0.2080062501	-0.2086242089	-0.2092435331	-0.2098640144	-0.2104854396	-0.2111075904	-0.2117302437	-0.2123531715	-0.2129761407	-0.2135989129	-0.2142212449	-0.2148428883	-0.2154635894	-0.2160830895	-0.2167011246	-0.2173174257	-0.2179317185	-0.2185437236	-0.2191531566	-0.2197597277	-0.2203631423	-0.2209631008	-0.2215592986	-0.2221514261	-0.2227391690	-0.2233222083	-0.2239002203	-0.2244728769	-0.2250398454	-0.2256007889	-0.2261553664	-0.2267032329	-0.2272440394	-0.2277774335	-0.2283030591	-0.2288205568	-0.2293295643	-0.2298297163	-0.2303206449	-0.2308019799	-0.2312733487	-0.2317343773	-0.2321846896	-0.2326239086	-0.2330516562	-0.2334675535	-0.2338712216	-0.2342622813	-0.2346403539	-0.2350050613	-0.2353560268	-0.2356928748	-0.2360152318	-0.2363227266	-0.2366149907	-0.2368916584	-0.2371523680	-0.2373967615	-0.2376244854	-0.2378351910	-0.2380285350	-0.2382041798	-0.2383617940	-0.2385010530	-0.2386216393	-0.2387232429	-0.2388055619	-0.2388683030	-0.2389111819	-0.2389339236	-0.2389362630	-0.2389179453	-0.2388787266	-0.2388183740	-0.2387366661	-0.2386333936	-0.2385083595	-0.2383613797	-0.2381922830	-0.2380009116	-0.2377871217	-0.2375507835	-0.2372917814	-0.2370100147	-0.2367053974	-0.2363778589	-0.2360273435	-0.2356538115	-0.2352572386	-0.2348376165	-0.2343949527	-0.2339292707	-0.2334406103	-0.2329290272	-0.2323945935	-0.2318373971	-0.2312575421	-0.2306551488	-0.2300303531	-0.2293833069	-0.2287141775	-0.2280231479	-0.2273104161	-0.2265761954	-0.2258207136	-0.2250442131	-0.2242469504	-0.2234291960	-0.2225912337	-0.2217333607	-0.2208558867	-0.2199591339	-0.2190434364	-0.2181091397	-0.2171566004	-0.2161861855	-0.2151982723	-0.2141932476	-0.2131715069	-0.2121334548	-0.2110795034	-0.2100100727	-0.2089255892	-0.2078264862	-0.2067132025	-0.2055861824	-0.2044458748	-0.2032927330	-0.2021272137	-0.2009497768	-0.1997608848	-0.1985610021	-0.1973505949	-0.1961301299	-0.1949000747	-0.1936608966	-0.1924130624	-0.1911570381	-0.1898932879	-0.1886222744	-0.1873444574	-0.1860602943	-0.1847702390	-0.1834747420	-0.1821742494	-0.1808692034	-0.1795600412	-0.1782471948	-0.1769310912	-0.1756121512	-0.1742907901	-0.1729674165	-0.1716424329	-0.1703162348	-0.1689892108	-0.1676617423	-0.1663342033	-0.1650069605	-0.1636803725	-0.1623547906	-0.1610305576	-0.1597080087	-0.1583874707	-0.1570692622	-0.1557536936	-0.1544410669	-0.1531316756	-0.1518258049	-0.1505237316	-0.1492257240	-0.1479320419	-0.1466429369	-0.1453586521	-0.1440794223	-0.1428054739	-0.1415370253	-0.1402742864	-0.1390174595	-0.1377667384	-0.1365223094	-0.1352843506	-0.1340530326	-0.1328285185	-0.1316109636	-0.1304005161	-0.1291973167	-0.1280014992	-0.1268131902	-0.1256325096	-0.1244595703	-0.1232944789	-0.1221373354	-0.1209882334	-0.1198472605	-0.1187144982	-0.1175900219	-0.1164739017	-0.1153662016	-0.1142669806	-0.1131762921	-0.1120941845	-0.1110207010	-0.1099558802	-0.1088997558	-0.1078523569	-0.1068137082	-0.1057838301	-0.1047627390	-0.1037504469	-0.1027469623	-0.1017522898	-0.1007664302	-0.0997893810	-0.0988211364	-0.0978616872	-0.0969110211	-0.0959691228	-0.0950359742	-0.0941115544	-0.0931958398	-0.0922888042	-0.0913904193	-0.0905006540	-0.0896194753	-0.0887468479	-0.0878827348	-0.0870270966	-0.0861798924	-0.0853410795	-0.0845106135	-0.0836884484	-0.0828745368
-0.1933406132	-0.1938555377	-0.1943756771	-0.1949009207	-0.1954311551	-0.1959662641	-0.1965061290	-0.1970506278	-0.1975996356	-0.1981530246	-0.1987106636	-0.1992724182	-0.1998381506	-0.2004077195	-0.2009809803	-0.2015577844	-0.2021379798	-0.2027214106	-0.2033079167	-0.2038973346	-0.2044894964	-0.2050842300	-0.2056813593	-0.2062807038	-0.2068820788	-0.2074852950	-0.2080901587	-0.2086964717	-0.2093040310	-0.2099126290	-0.2105220537	-0.2111320878	-0.2117425096	-0.2123530923	-0.2129636043	-0.2135738092	-0.2141834653	-0.2147923264	-0.2154001408	-0.2160066523	-0.2166115993	-0.2172147154	-0.2178157293	-0.2184143644	-0.2190103397	-0.2196033687	-0.2201931605	-0.2207794190	-0.2213618438	-0.2219401293	-0.2225139658	-0.2230830386	-0.2236470288	-0.2242056133	-0.2247584646	-0.2253052511	-0.2258456374	-0.2263792842	-0.2269058486	-0.2274249842	-0.2279363415	-0.2284395675	-0.2289343068	-0.2294202010	-0.2298968894	-0.2303640091	-0.2308211951	-0.2312680809	-0.2317042987	-0.2321294792	-0.2325432526	-0.2329452484	-0.2333350963	-0.2337124255	-0.2340768664	-0.2344280497	-0.2347656076	-0.2350891737	-0.2353983839	-0.2356928760	-0.2359722910	-0.2362362728	-0.2364844689	-0.2367165308	-0.2369321147	-0.2371308814	-0.2373124969	-0.2374766333	-0.2376229685	-0.2377511873	-0.2378609815	-0.2379520503	-0.2380241009	-0.2380768491	-0.2381100192	-0.2381233451	-0.2381165701	-0.2380894477	-0.2380417421	-0.2379732282	-0.2378836924	-0.2377729327	-0.2376407592	-0.2374869946	-0.2373114741	-0.2371140464	-0.2368945732	-0.2366529304	-0.2363890074	-0.2361027084	-0.2357939517	-0.2354626706	-0.2351088132	-0.2347323427	-0.2343332377	-0.2339114920	-0.2334671151	-0.2330001319	-0.2325105830	-0.2319985248	-0.2314640292	-0.2309071838	-0.2303280919	-0.2297268721	-0.2291036588	-0.2284586015	-0.2277918648	-0.2271036285	-0.2263940870	-0.2256634494	-0.2249119392	-0.2241397937	-0.2233472643	-0.2225346155	-0.2217021252	-0.2208500840	-0.2199787948	-0.2190885725	-0.2181797437	-0.2172526461	-0.2163076280	-0.2153450481	-0.2143652748	-0.2133686858	-0.2123556679	-0.2113266157	-0.2102819320	-0.2092220267	-0.2081473166	-0.2070582247	-0.2059551796	-0.2048386152	-0.2037089701	-0.2025666868	-0.2014122116	-0.2002459938	-0.1990684853	-0.1978801399	-0.1966814130	-0.1954727609	-0.1942546406	-0.1930275091	-0.1917918228	-0.1905480373	-0.1892966067	-0.1880379836	-0.1867726179	-0.1855009572	-0.1842234459	-0.1829405250	-0.1816526315	-0.1803601983	-0.1790636540	-0.1777634219	-0.1764599204	-0.1751535624	-0.1738447549	-0.1725338992	-0.1712213898	-0.1699076153	-0.1685929570	-0.1672777898	-0.1659624810	-0.1646473910	-0.1633328727	-0.1620192711	-0.1607069240	-0.1593961611	-0.1580873042	-0.1567806672	-0.1554765560	-0.1541752681	-0.1528770933	-0.1515823129	-0.1502912001	-0.1490040199	-0.1477210291	-0.1464424764	-0.1451686022	-0.1438996389	-0.1426358108	-0.1413773341	-0.1401244172	-0.1388772604	-0.1376360563	-0.1364009899	-0.1351722383	-0.1339499713	-0.1327343510	-0.1315255324	-0.1303236632	-0.1291288839	-0.1279413281	-0.1267611225	-0.1255883871	-0.1244232352	-0.1232657737	-0.1221161032	-0.1209743180	-0.1198405062	-0.1187147503	-0.1175971268	-0.1164877065	-0.1153865549	-0.1142937318	-0.1132092920	-0.1121332853	-0.1110657564	-0.1100067451	-0.1089562867	-0.1079144120	-0.1068811473	-0.1058565146	-0.1048405320	-0.1038332133	-0.1028345687	-0.1018446046	-0.1008633238	-0.0998907257	-0.0989268060	-0.0979715577	-0.0970249704	-0.0960870307	-0.0951577224	-0.0942370266	-0.0933249216	-0.0924213832	-0.0915263850	-0.0906398980	-0.0897618910	-0.0888923309	-0.0880311822	-0.0871784079	-0.0863339688	-0.0854978242	-0.0846699314	-0.0838502466	-0.0830387242
-0.1936702107	-0.1941765218	-0.1946879412	-0.1952043572	-0.1957256552	-0.1962517180	-0.1967824257	-0.1973176554	-0.1978572814	-0.1984011748	-0.1989492036	-0.1995012328	-0.2000571238	-0.2006167347	-0.2011799202	-0.2017465315	-0.2023164159	-0.2028894172	-0.2034653753	-0.2040441263	-0.2046255022	-0.2052093312	-0.2057954371	-0.2063836397	-0.2069737546	-0.2075655930	-0.2081589616	-0.2087536629	-0.2093494948	-0.2099462507	-0.2105437193	-0.2111416848	-0.2117399267	-0.2123382195	-0.2129363335	-0.2135340336	-0.2141310805	-0.2147272295	-0.2153222316	-0.2159158327	-0.2165077737	-0.2170977911	-0.2176856163	-0.2182709759	-0.2188535918	-0.2194331813	-0.2200094568	-0.2205821262	-0.2211508929	-0.2217154556	-0.2222755087	-0.2228307424	-0.2233808423	-0.2239254902	-0.2244643638	-0.2249971369	-0.2255234796	-0.2260430583	-0.2265555359	-0.2270605724	-0.2275578243	-0.2280469453	-0.2285275866	-0.2289993968	-0.2294620221	-0.2299151069	-0.2303582937	-0.2307912236	-0.2312135363	-0.2316248707	-0.2320248650	-0.2324131570	-0.2327893844	-0.2331531854	-0.2335041986	-0.2338420637	-0.2341664216	-0.2344769149	-0.2347731884	-0.2350548892	-0.2353216672	-0.2355731756	-0.2358090712	-0.2360290148	-0.2362326718	-0.2364197122	-0.2365898115	-0.2367426507	-0.2368779172	-0.2369953047	-0.2370945141	-0.2371752535	-0.2372372392	-0.2372801954	-0.2373038552	-0.2373079607	-0.2372922636	-0.2372565254	-0.2372005182	-0.2371240245	-0.2370268381	-0.2369087641	-0.2367696195	-0.2366092336	-0.2364274478	-0.2362241168	-0.2359991081	-0.2357523025	-0.2354835949	-0.2351928936	-0.2348801213	-0.2345452152	-0.2341881267	-0.2338088220	-0.2334072823	-0.2329835037	-0.2325374973	-0.2320692894	-0.2315789214	-0.2310664502	-0.2305319476	-0.2299755008	-0.2293972121	-0.2287971989	-0.2281755936	-0.2275325435	-0.2268682106	-0.2261827714	-0.2254764170	-0.2247493523	-0.2240017964	-0.2232339819	-0.2224461548	-0.2216385743	-0.2208115121	-0.2199652524	-0.2191000916	-0.2182163375	-0.2173143092	-0.2163943369	-0.2154567608	-0.2145019315	-0.2135302088	-0.2125419617	-0.2115375678	-0.2105174128	-0.2094818898	-0.2084313994	-0.2073663485	-0.2062871502	-0.2051942232	-0.2040879912	-0.2029688826	-0.2018373298	-0.2006937687	-0.1995386381	-0.1983723797	-0.1971954369	-0.1960082547	-0.1948112792	-0.1936049570	-0.1923897348	-0.1911660591	-0.1899343753	-0.1886951277	-0.1874487589	-0.1861957093	-0.1849364168	-0.1836713165	-0.1824008401	-0.1811254156	-0.1798454671	-0.1785614143	-0.1772736723	-0.1759826510	-0.1746887553	-0.1733923845	-0.1720939320	-0.1707937852	-0.1694923253	-0.1681899269	-0.1668869581	-0.1655837798	-0.1642807462	-0.1629782041	-0.1616764932	-0.1603759455	-0.1590768855	-0.1577796301	-0.1564844885	-0.1551917621	-0.1539017442	-0.1526147205	-0.1513309685	-0.1500507580	-0.1487743505	-0.1475019999	-0.1462339519	-0.1449704443	-0.1437117070	-0.1424579621	-0.1412094237	-0.1399662984	-0.1387287849	-0.1374970743	-0.1362713503	-0.1350517888	-0.1338385588	-0.1326318216	-0.1314317315	-0.1302384358	-0.1290520747	-0.1278727816	-0.1267006832	-0.1255358995	-0.1243785442	-0.1232287244	-0.1220865412	-0.1209520894	-0.1198254579	-0.1187067299	-0.1175959827	-0.1164932882	-0.1153987128	-0.1143123175	-0.1132341584	-0.1121642863	-0.1111027474	-0.1100495829	-0.1090048295	-0.1079685195	-0.1069406808	-0.1059213370	-0.1049105078	-0.1039082087	-0.1029144516	-0.1019292447	-0.1009525925	-0.0999844962	-0.0990249535	-0.0980739590	-0.0971315042	-0.0961975777	-0.0952721652	-0.0943552495	-0.0934468110	-0.0925468274	-0.0916552740	-0.0907721239	-0.0898973478	-0.0890309144	-0.0881727903	-0.0873229402	-0.0864813268	-0.0856479114	-0.0848226532	-0.0840055101	-0.0831964383
-0.1939850015	-0.1944826739	-0.1949853499	-0.1954929165	-0.1960052580	-0.1965222563	-0.1970437905	-0.1975697367	-0.1980999683	-0.1986343557	-0.1991727661	-0.1997150637	-0.2002611094	-0.2008107608	-0.2013638720	-0.2019202936	-0.2024798729	-0.2030424533	-0.2036078745	-0.2041759724	-0.2047465793	-0.2053195231	-0.2058946281	-0.2064717143	-0.2070505977	-0.2076310898	-0.2082129983	-0.2087961261	-0.2093802721	-0.2099652307	-0.2105507916	-0.2111367402	-0.2117228574	-0.2123089194	-0.2128946978	-0.2134799596	-0.2140644672	-0.2146479782	-0.2152302456	-0.2158110178	-0.2163900385	-0.2169670465	-0.2175417764	-0.2181139578	-0.2186833159	-0.2192495712	-0.2198124400	-0.2203716338	-0.2209268600	-0.2214778215	-0.2220242170	-0.2225657411	-0.2231020844	-0.2236329334	-0.2241579710	-0.2246768762	-0.2251893246	-0.2256949884	-0.2261935363	-0.2266846342	-0.2271679450	-0.2276431288	-0.2281098435	-0.2285677442	-0.2290164843	-0.2294557154	-0.2298850871	-0.2303042480	-0.2307128456	-0.2311105264	-0.2314969367	-0.2318717221	-0.2322345289	-0.2325850032	-0.2329227923	-0.2332475444	-0.2335589090	-0.2338565375	-0.2341400834	-0.2344092028	-0.2346635546	-0.2349028009	-0.2351266075	-0.2353346443	-0.2355265857	-0.2357021107	-0.2358609038	-0.2360026552	-0.2361270609	-0.2362338238	-0.2363226534	-0.2363932667	-0.2364453883	-0.2364787510	-0.2364930962	-0.2364881742	-0.2364637447	-0.2364195771	-0.2363554509	-0.2362711562	-0.2361664937	-0.2360412756	-0.2358953255	-0.2357284790	-0.2355405837	-0.2353314998	-0.2351011005	-0.2348492717	-0.2345759128	-0.2342809368	-0.2339642704	-0.2336258543	-0.2332656432	-0.2328836064	-0.2324797273	-0.2320540042	-0.2316064499	-0.2311370918	-0.2306459722	-0.2301331483	-0.2295986919	-0.2290426897	-0.2284652430	-0.2278664678	-0.2272464949	-0.2266054692	-0.2259435500	-0.2252609110	-0.2245577394	-0.2238342365	-0.2230906169	-0.2223271086	-0.2215439526	-0.2207414023	-0.2199197239	-0.2190791953	-0.2182201063	-0.2173427578	-0.2164474619	-0.2155345411	-0.2146043281	-0.2136571651	-0.2126934038	-0.2117134047	-0.2107175366	-0.2097061761	-0.2086797073	-0.2076385214	-0.2065830158	-0.2055135939	-0.2044306648	-0.2033346423	-0.2022259448	-0.2011049946	-0.1999722177	-0.1988280428	-0.1976729013	-0.1965072267	-0.1953314537	-0.1941460184	-0.1929513574	-0.1917479075	-0.1905361051	-0.1893163858	-0.1880891843	-0.1868549335	-0.1856140644	-0.1843670056	-0.1831141828	-0.1818560187	-0.1805929326	-0.1793253397	-0.1780536514	-0.1767782742	-0.1754996101	-0.1742180560	-0.1729340035	-0.1716478385	-0.1703599412	-0.1690706856	-0.1677804396	-0.1664895646	-0.1651984153	-0.1639073398	-0.1626166789	-0.1613267666	-0.1600379297	-0.1587504874	-0.1574647517	-0.1561810272	-0.1548996106	-0.1536207912	-0.1523448506	-0.1510720626	-0.1498026934	-0.1485370014	-0.1472752370	-0.1460176433	-0.1447644553	-0.1435159005	-0.1422721987	-0.1410335619	-0.1398001949	-0.1385722946	-0.1373500508	-0.1361336456	-0.1349232539	-0.1337190437	-0.1325211754	-0.1313298028	-0.1301450725	-0.1289671244	-0.1277960916	-0.1266321008	-0.1254752720	-0.1243257190	-0.1231835492	-0.1220488641	-0.1209217591	-0.1198023236	-0.1186906415	-0.1175867909	-0.1164908446	-0.1154028699	-0.1143229290	-0.1132510790	-0.1121873720	-0.1111318553	-0.1100845715	-0.1090455588	-0.1080148509	-0.1069924770	-0.1059784624	-0.1049728283	-0.1039755919	-0.1029867668	-0.1020063627	-0.1010343859	-0.1000708393	-0.0991157225	-0.0981690318	-0.0972307605	-0.0963008990	-0.0953794348	-0.0944663527	-0.0935616348	-0.0926652607	-0.0917772077	-0.0908974505	-0.0900259619	-0.0891627122	-0.0883076702	-0.0874608021	-0.0866220728	-0.0857914451	-0.0849688803	-0.0841543380	-0.0833477763
-0.1942852222	-0.1947742345	-0.1952681473	-0.1957668463	-0.1962702150	-0.1967781343	-0.1972904822	-0.1978071341	-0.1983279627	-0.1988528374	-0.1993816249	-0.1999141887	-0.2004503891	-0.2009900832	-0.2015331247	-0.2020793640	-0.2026286479	-0.2031808196	-0.2037357188	-0.2042931815	-0.2048530397	-0.2054151218	-0.2059792522	-0.2065452512	-0.2071129353	-0.2076821167	-0.2082526036	-0.2088241998	-0.2093967051	-0.2099699148	-0.2105436199	-0.2111176070	-0.2116916585	-0.2122655521	-0.2128390610	-0.2134119542	-0.2139839959	-0.2145549460	-0.2151245597	-0.2156925878	-0.2162587766	-0.2168228678	-0.2173845987	-0.2179437022	-0.2184999066	-0.2190529361	-0.2196025102	-0.2201483445	-0.2206901502	-0.2212276344	-0.2217605002	-0.2222884466	-0.2228111690	-0.2233283587	-0.2238397037	-0.2243448883	-0.2248435935	-0.2253354969	-0.2258202734	-0.2262975946	-0.2267671297	-0.2272285452	-0.2276815053	-0.2281256720	-0.2285607054	-0.2289862642	-0.2294020053	-0.2298075846	-0.2302026569	-0.2305868767	-0.2309598976	-0.2313213737	-0.2316709588	-0.2320083075	-0.2323330753	-0.2326449187	-0.2329434957	-0.2332284663	-0.2334994927	-0.2337562395	-0.2339983743	-0.2342255681	-0.2344374955	-0.2346338351	-0.2348142702	-0.2349784887	-0.2351261838	-0.2352570544	-0.2353708054	-0.2354671480	-0.2355458004	-0.2356064881	-0.2356489440	-0.2356729091	-0.2356781330	-0.2356643738	-0.2356313989	-0.2355789854	-0.2355069202	-0.2354150003	-0.2353030336	-0.2351708389	-0.2350182461	-0.2348450970	-0.2346512452	-0.2344365563	-0.2342009087	-0.2339441934	-0.2336663143	-0.2333671887	-0.2330467470	-0.2327049335	-0.2323417062	-0.2319570369	-0.2315509117	-0.2311233305	-0.2306743077	-0.2302038721	-0.2297120665	-0.2291989485	-0.2286645898	-0.2281090766	-0.2275325092	-0.2269350023	-0.2263166848	-0.2256776994	-0.2250182029	-0.2243383659	-0.2236383721	-0.2229184191	-0.2221787173	-0.2214194899	-0.2206409730	-0.2198434148	-0.2190270755	-0.2181922272	-0.2173391532	-0.2164681479	-0.2155795161	-0.2146735731	-0.2137506441	-0.2128110634	-0.2118551746	-0.2108833299	-0.2098958895	-0.2088932213	-0.2078757006	-0.2068437092	-0.2057976354	-0.2047378733	-0.2036648222	-0.2025788866	-0.2014804751	-0.2003700002	-0.1992478780	-0.1981145276	-0.1969703702	-0.1958158296	-0.1946513306	-0.1934772995	-0.1922941631	-0.1911023483	-0.1899022819	-0.1886943900	-0.1874790977	-0.1862568285	-0.1850280041	-0.1837930439	-0.1825523647	-0.1813063805	-0.1800555015	-0.1788001348	-0.1775406830	-0.1762775447	-0.1750111140	-0.1737417798	-0.1724699263	-0.1711959319	-0.1699201696	-0.1686430067	-0.1673648043	-0.1660859171	-0.1648066938	-0.1635274763	-0.1622485997	-0.1609703923	-0.1596931756	-0.1584172638	-0.1571429640	-0.1558705758	-0.1546003920	-0.1533326973	-0.1520677695	-0.1508058787	-0.1495472874	-0.1482922506	-0.1470410160	-0.1457938234	-0.1445509053	-0.1433124867	-0.1420787850	-0.1408500103	-0.1396263653	-0.1384080453	-0.1371952383	-0.1359881254	-0.1347868801	-0.1335916694	-0.1324026528	-0.1312199833	-0.1300438071	-0.1288742635	-0.1277114854	-0.1265555994	-0.1254067253	-0.1242649771	-0.1231304625	-0.1220032832	-0.1208835349	-0.1197713078	-0.1186666863	-0.1175697494	-0.1164805704	-0.1153992177	-0.1143257545	-0.1132602389	-0.1122027241	-0.1111532587	-0.1101118866	-0.1090786471	-0.1080535753	-0.1070367020	-0.1060280539	-0.1050276536	-0.1040355200	-0.1030516682	-0.1020761095	-0.1011088520	-0.1001499002	-0.0991992554	-0.0982569155	-0.0973228759	-0.0963971284	-0.0954796625	-0.0945704646	-0.0936695188	-0.0927768064	-0.0918923065	-0.0910159957	-0.0901478485	-0.0892878373	-0.0884359322	-0.0875921018	-0.0867563124	-0.0859285287	-0.0851087139	-0.0842968292	-0.0834928347
-0.1945711081	-0.1950514425	-0.1955365756	-0.1960263925	-0.1965207757	-0.1970196049	-0.1975227575	-0.1980301081	-0.1985415285	-0.1990568876	-0.1995760514	-0.2000988828	-0.2006252415	-0.2011549844	-0.2016879647	-0.2022240324	-0.2027630343	-0.2033048133	-0.2038492093	-0.2043960580	-0.2049451918	-0.2054964391	-0.2060496248	-0.2066045696	-0.2071610904	-0.2077190001	-0.2082781076	-0.2088382176	-0.2093991308	-0.2099606436	-0.2105225482	-0.2110846327	-0.2116466807	-0.2122084715	-0.2127697803	-0.2133303778	-0.2138900302	-0.2144484997	-0.2150055436	-0.2155609154	-0.2161143639	-0.2166656335	-0.2172144647	-0.2177605932	-0.2183037508	-0.2188436650	-0.2193800590	-0.2199126522	-0.2204411597	-0.2209652928	-0.2214847588	-0.2219992614	-0.2225085004	-0.2230121722	-0.2235099697	-0.2240015824	-0.2244866966	-0.2249649958	-0.2254361603	-0.2258998678	-0.2263557935	-0.2268036102	-0.2272429885	-0.2276735970	-0.2280951028	-0.2285071712	-0.2289094662	-0.2293016511	-0.2296833880	-0.2300543388	-0.2304141650	-0.2307625282	-0.2310990903	-0.2314235137	-0.2317354621	-0.2320346001	-0.2323205942	-0.2325931126	-0.2328518259	-0.2330964073	-0.2333265328	-0.2335418821	-0.2337421383	-0.2339269887	-0.2340961250	-0.2342492437	-0.2343860468	-0.2345062414	-0.2346095410	-0.2346956653	-0.2347643408	-0.2348153009	-0.2348482870	-0.2348630479	-0.2348593410	-0.2348369321	-0.2347955962	-0.2347351177	-0.2346552905	-0.2345559188	-0.2344368169	-0.2342978102	-0.2341387349	-0.2339594385	-0.2337597804	-0.2335396317	-0.2332988756	-0.2330374079	-0.2327551371	-0.2324519843	-0.2321278838	-0.2317827833	-0.2314166437	-0.2310294395	-0.2306211589	-0.2301918039	-0.2297413903	-0.2292699478	-0.2287775202	-0.2282641650	-0.2277299539	-0.2271749725	-0.2265993202	-0.2260031105	-0.2253864702	-0.2247495400	-0.2240924742	-0.2234154401	-0.2227186184	-0.2220022027	-0.2212663993	-0.2205114270	-0.2197375169	-0.2189449120	-0.2181338671	-0.2173046482	-0.2164575324	-0.2155928075	-0.2147107716	-0.2138117329	-0.2128960091	-0.2119639269	-0.2110158220	-0.2100520384	-0.2090729281	-0.2080788504	-0.2070701719	-0.2060472655	-0.2050105106	-0.2039602919	-0.2028969998	-0.2018210290	-0.2007327789	-0.1996326524	-0.1985210560	-0.1973983992	-0.1962650936	-0.1951215533	-0.1939681935	-0.1928054308	-0.1916336825	-0.1904533660	-0.1892648985	-0.1880686969	-0.1868651769	-0.1856547528	-0.1844378373	-0.1832148408	-0.1819861712	-0.1807522338	-0.1795134305	-0.1782701598	-0.1770228162	-0.1757717904	-0.1745174684	-0.1732602317	-0.1720004569	-0.1707385152	-0.1694747727	-0.1682095896	-0.1669433206	-0.1656763140	-0.1644089122	-0.1631414511	-0.1618742603	-0.1606076625	-0.1593419738	-0.1580775034	-0.1568145535	-0.1555534193	-0.1542943889	-0.1530377431	-0.1517837555	-0.1505326926	-0.1492848134	-0.1480403696	-0.1467996056	-0.1455627585	-0.1443300580	-0.1431017266	-0.1418779794	-0.1406590244	-0.1394450623	-0.1382362866	-0.1370328840	-0.1358350338	-0.1346429086	-0.1334566740	-0.1322764888	-0.1311025052	-0.1299348687	-0.1287737181	-0.1276191861	-0.1264713988	-0.1253304762	-0.1241965323	-0.1230696747	-0.1219500056	-0.1208376211	-0.1197326117	-0.1186350624	-0.1175450528	-0.1164626573	-0.1153879448	-0.1143209795	-0.1132618204	-0.1122105220	-0.1111671338	-0.1101317010	-0.1091042642	-0.1080848597	-0.1070735197	-0.1060702723	-0.1050751416	-0.1040881479	-0.1031093079	-0.1021386345	-0.1011761373	-0.1002218225	-0.0992756929	-0.0983377483	-0.0974079856	-0.0964863985	-0.0955729780	-0.0946677125	-0.0937705876	-0.0928815865	-0.0920006900	-0.0911278766	-0.0902631224	-0.0894064016	-0.0885576863	-0.0877169465	-0.0868841506	-0.0860592649	-0.0852422543	-0.0844330819	-0.0836317094
-0.1948428931	-0.1953145349	-0.1957908757	-0.1962717994	-0.1967571875	-0.1972469193	-0.1977408711	-0.1982389168	-0.1987409276	-0.1992467716	-0.1997563143	-0.2002694182	-0.2007859426	-0.2013057437	-0.2018286747	-0.2023545854	-0.2028833222	-0.2034147282	-0.2039486431	-0.2044849028	-0.2050233398	-0.2055637830	-0.2061060574	-0.2066499844	-0.2071953813	-0.2077420618	-0.2082898354	-0.2088385080	-0.2093878811	-0.2099377523	-0.2104879151	-0.2110381589	-0.2115882688	-0.2121380259	-0.2126872070	-0.2132355847	-0.2137829274	-0.2143289994	-0.2148735605	-0.2154163664	-0.2159571688	-0.2164957149	-0.2170317479	-0.2175650070	-0.2180952270	-0.2186221389	-0.2191454697	-0.2196649423	-0.2201802760	-0.2206911861	-0.2211973842	-0.2216985785	-0.2221944734	-0.2226847702	-0.2231691666	-0.2236473575	-0.2241190345	-0.2245838864	-0.2250415994	-0.2254918569	-0.2259343403	-0.2263687284	-0.2267946982	-0.2272119250	-0.2276200822	-0.2280188421	-0.2284078757	-0.2287868533	-0.2291554444	-0.2295133181	-0.2298601435	-0.2301955897	-0.2305193265	-0.2308310241	-0.2311303539	-0.2314169889	-0.2316906034	-0.2319508740	-0.2321974793	-0.2324301009	-0.2326484232	-0.2328521341	-0.2330409252	-0.2332144921	-0.2333725350	-0.2335147587	-0.2336408733	-0.2337505946	-0.2338436441	-0.2339197496	-0.2339786457	-0.2340200739	-0.2340437834	-0.2340495307	-0.2340370808	-0.2340062071	-0.2339566919	-0.2338883264	-0.2338009116	-0.2336942584	-0.2335681877	-0.2334225310	-0.2332571304	-0.2330718394	-0.2328665227	-0.2326410564	-0.2323953290	-0.2321292405	-0.2318427038	-0.2315356439	-0.2312079987	-0.2308597191	-0.2304907689	-0.2301011251	-0.2296907780	-0.2292597314	-0.2288080025	-0.2283356221	-0.2278426343	-0.2273290971	-0.2267950820	-0.2262406738	-0.2256659713	-0.2250710861	-0.2244561437	-0.2238212826	-0.2231666542	-0.2224924233	-0.2217987670	-0.2210858754	-0.2203539506	-0.2196032070	-0.2188338711	-0.2180461806	-0.2172403850	-0.2164167444	-0.2155755299	-0.2147170229	-0.2138415149	-0.2129493070	-0.2120407098	-0.2111160425	-0.2101756332	-0.2092198180	-0.2082489405	-0.2072633520	-0.2062634104	-0.2052494802	-0.2042219316	-0.2031811408	-0.2021274888	-0.2010613615	-0.1999831487	-0.1988932443	-0.1977920453	-0.1966799519	-0.1955573663	-0.1944246930	-0.1932823380	-0.1921307085	-0.1909702122	-0.1898012575	-0.1886242523	-0.1874396041	-0.1862477197	-0.1850490044	-0.1838438619	-0.1826326940	-0.1814158999	-0.1801938763	-0.1789670169	-0.1777357118	-0.1765003477	-0.1752613072	-0.1740189688	-0.1727737065	-0.1715258894	-0.1702758817	-0.1690240426	-0.1677707256	-0.1665162788	-0.1652610442	-0.1640053582	-0.1627495508	-0.1614939458	-0.1602388607	-0.1589846061	-0.1577314863	-0.1564797988	-0.1552298342	-0.1539818761	-0.1527362013	-0.1514930794	-0.1502527732	-0.1490155380	-0.1477816225	-0.1465512678	-0.1453247081	-0.1441021705	-0.1428838748	-0.1416700340	-0.1404608537	-0.1392565328	-0.1380572630	-0.1368632293	-0.1356746097	-0.1344915753	-0.1333142907	-0.1321429138	-0.1309775959	-0.1298184817	-0.1286657098	-0.1275194121	-0.1263797147	-0.1252467374	-0.1241205940	-0.1230013925	-0.1218892350	-0.1207842181	-0.1196864326	-0.1185959641	-0.1175128928	-0.1164372936	-0.1153692365	-0.1143087863	-0.1132560030	-0.1122109420	-0.1111736541	-0.1101441854	-0.1091225777	-0.1081088688	-0.1071030919	-0.1061052766	-0.1051154483	-0.1041336288	-0.1031598363	-0.1021940851	-0.1012363865	-0.1002867480	-0.0993451743	-0.0984116666	-0.0974862235	-0.0965688404	-0.0956595100	-0.0947582223	-0.0938649647	-0.0929797220	-0.0921024768	-0.0912332092	-0.0903718971	-0.0895185166	-0.0886730412	-0.0878354429	-0.0870056917	-0.0861837557	-0.0853696015	-0.0845631938	-0.0837644961
-0.1951008092	-0.1955637473	-0.1960312862	-0.1965033089	-0.1969796962	-0.1974603264	-0.1979450753	-0.1984338160	-0.1989264189	-0.1994227519	-0.1999226797	-0.2004260645	-0.2009327651	-0.2014426376	-0.2019555348	-0.2024713062	-0.2029897984	-0.2035108544	-0.2040343138	-0.2045600128	-0.2050877842	-0.2056174572	-0.2061488571	-0.2066818059	-0.2072161216	-0.2077516186	-0.2082881074	-0.2088253945	-0.2093632827	-0.2099015708	-0.2104400535	-0.2109785216	-0.2115167619	-0.2120545571	-0.2125916859	-0.2131279227	-0.2136630381	-0.2141967985	-0.2147289662	-0.2152592995	-0.2157875526	-0.2163134755	-0.2168368146	-0.2173573120	-0.2178747059	-0.2183887308	-0.2188991172	-0.2194055919	-0.2199078779	-0.2204056949	-0.2208987586	-0.2213867817	-0.2218694733	-0.2223465393	-0.2228176825	-0.2232826028	-0.2237409972	-0.2241925599	-0.2246369826	-0.2250739547	-0.2255031634	-0.2259242936	-0.2263370286	-0.2267410500	-0.2271360379	-0.2275216713	-0.2278976280	-0.2282635852	-0.2286192196	-0.2289642075	-0.2292982253	-0.2296209498	-0.2299320581	-0.2302312282	-0.2305181394	-0.2307924723	-0.2310539093	-0.2313021348	-0.2315368357	-0.2317577015	-0.2319644248	-0.2321567017	-0.2323342319	-0.2324967191	-0.2326438718	-0.2327754028	-0.2328910305	-0.2329904786	-0.2330734766	-0.2331397603	-0.2331890722	-0.2332211615	-0.2332357849	-0.2332327066	-0.2332116990	-0.2331725426	-0.2331150267	-0.2330389496	-0.2329441189	-0.2328303519	-0.2326974758	-0.2325453282	-0.2323737570	-0.2321826212	-0.2319717907	-0.2317411468	-0.2314905824	-0.2312200022	-0.2309293229	-0.2306184735	-0.2302873953	-0.2299360421	-0.2295643807	-0.2291723904	-0.2287600636	-0.2283274057	-0.2278744352	-0.2274011837	-0.2269076961	-0.2263940305	-0.2258602581	-0.2253064632	-0.2247327434	-0.2241392092	-0.2235259843	-0.2228932048	-0.2222410200	-0.2215695915	-0.2208790933	-0.2201697118	-0.2194416452	-0.2186951037	-0.2179303088	-0.2171474936	-0.2163469019	-0.2155287885	-0.2146934184	-0.2138410669	-0.2129720188	-0.2120865686	-0.2111850197	-0.2102676843	-0.2093348827	-0.2083869433	-0.2074242021	-0.2064470019	-0.2054556926	-0.2044506301	-0.2034321762	-0.2024006981	-0.2013565683	-0.2003001636	-0.1992318648	-0.1981520568	-0.1970611276	-0.1959594679	-0.1948474710	-0.1937255321	-0.1925940481	-0.1914534169	-0.1903040373	-0.1891463082	-0.1879806288	-0.1868073977	-0.1856270124	-0.1844398698	-0.1832463647	-0.1820468904	-0.1808418376	-0.1796315948	-0.1784165473	-0.1771970773	-0.1759735636	-0.1747463811	-0.1735159007	-0.1722824891	-0.1710465081	-0.1698083152	-0.1685682624	-0.1673266968	-0.1660839600	-0.1648403880	-0.1635963110	-0.1623520532	-0.1611079329	-0.1598642620	-0.1586213463	-0.1573794850	-0.1561389707	-0.1549000895	-0.1536631209	-0.1524283373	-0.1511960046	-0.1499663818	-0.1487397208	-0.1475162667	-0.1462962578	-0.1450799253	-0.1438674935	-0.1426591798	-0.1414551947	-0.1402557418	-0.1390610179	-0.1378712130	-0.1366865102	-0.1355070863	-0.1343331109	-0.1331647476	-0.1320021531	-0.1308454779	-0.1296948661	-0.1285504555	-0.1274123777	-0.1262807584	-0.1251557173	-0.1240373680	-0.1229258186	-0.1218211713	-0.1207235229	-0.1196329648	-0.1185495827	-0.1174734576	-0.1164046649	-0.1153432753	-0.1142893544	-0.1132429632	-0.1122041580	-0.1111729904	-0.1101495077	-0.1091337529	-0.1081257648	-0.1071255781	-0.1061332234	-0.1051487276	-0.1041721139	-0.1032034018	-0.1022426071	-0.1012897425	-0.1003448172	-0.0994078372	-0.0984788056	-0.0975577222	-0.0966445842	-0.0957393860	-0.0948421190	-0.0939527724	-0.0930713328	-0.0921977842	-0.0913321085	-0.0904742855	-0.0896242925	-0.0887821052	-0.0879476969	-0.0871210394	-0.0863021026	-0.0854908547	-0.0846872621	-0.0838912899
-0.1953450871	-0.1957993135	-0.1962580442	-0.1967211615	-0.1971885453	-0.1976600732	-0.1981356202	-0.1986150590	-0.1990982593	-0.1995850885	-0.2000754110	-0.2005690884	-0.2010659792	-0.2015659394	-0.2020688214	-0.2025744749	-0.2030827462	-0.2035934783	-0.2041065112	-0.2046216812	-0.2051388213	-0.2056577611	-0.2061783266	-0.2067003402	-0.2072236207	-0.2077479831	-0.2082732389	-0.2087991956	-0.2093256572	-0.2098524235	-0.2103792908	-0.2109060513	-0.2114324933	-0.2119584014	-0.2124835558	-0.2130077333	-0.2135307064	-0.2140522438	-0.2145721102	-0.2150900664	-0.2156058694	-0.2161192720	-0.2166300234	-0.2171378691	-0.2176425505	-0.2181438055	-0.2186413682	-0.2191349693	-0.2196243357	-0.2201091910	-0.2205892555	-0.2210642460	-0.2215338762	-0.2219978569	-0.2224558958	-0.2229076978	-0.2233529651	-0.2237913973	-0.2242226917	-0.2246465435	-0.2250626454	-0.2254706887	-0.2258703627	-0.2262613554	-0.2266433532	-0.2270160418	-0.2273791057	-0.2277322289	-0.2280750952	-0.2284073880	-0.2287287909	-0.2290389879	-0.2293376636	-0.2296245035	-0.2298991946	-0.2301614251	-0.2304108851	-0.2306472669	-0.2308702652	-0.2310795775	-0.2312749042	-0.2314559494	-0.2316224207	-0.2317740300	-0.2319104934	-0.2320315319	-0.2321368718	-0.2322262444	-0.2322993871	-0.2323560436	-0.2323959637	-0.2324189044	-0.2324246297	-0.2324129111	-0.2323835281	-0.2323362683	-0.2322709278	-0.2321873116	-0.2320852337	-0.2319645178	-0.2318249971	-0.2316665150	-0.2314889250	-0.2312920915	-0.2310758894	-0.2308402050	-0.2305849355	-0.2303099900	-0.2300152890	-0.2297007653	-0.2293663633	-0.2290120400	-0.2286377645	-0.2282435187	-0.2278292968	-0.2273951058	-0.2269409654	-0.2264669081	-0.2259729794	-0.2254592372	-0.2249257527	-0.2243726096	-0.2237999044	-0.2232077464	-0.2225962572	-0.2219655712	-0.2213158350	-0.2206472074	-0.2199598593	-0.2192539735	-0.2185297443	-0.2177873776	-0.2170270905	-0.2162491111	-0.2154536781	-0.2146410407	-0.2138114582	-0.2129651997	-0.2121025438	-0.2112237784	-0.2103291999	-0.2094191135	-0.2084938321	-0.2075536768	-0.2065989756	-0.2056300636	-0.2046472825	-0.2036509800	-0.2026415096	-0.2016192301	-0.2005845051	-0.1995377029	-0.1984791956	-0.1974093591	-0.1963285725	-0.1952372177	-0.1941356790	-0.1930243426	-0.1919035964	-0.1907738293	-0.1896354313	-0.1884887925	-0.1873343030	-0.1861723527	-0.1850033307	-0.1838276249	-0.1826456219	-0.1814577064	-0.1802642610	-0.1790656658	-0.1778622983	-0.1766545328	-0.1754427403	-0.1742272882	-0.1730085400	-0.1717868550	-0.1705625882	-0.1693360900	-0.1681077058	-0.1668777763	-0.1656466366	-0.1644146167	-0.1631820408	-0.1619492275	-0.1607164895	-0.1594841335	-0.1582524601	-0.1570217635	-0.1557923319	-0.1545644466	-0.1533383829	-0.1521144093	-0.1508927875	-0.1496737730	-0.1484576142	-0.1472445529	-0.1460348243	-0.1448286567	-0.1436262716	-0.1424278839	-0.1412337017	-0.1400439265	-0.1388587531	-0.1376783695	-0.1365029574	-0.1353326918	-0.1341677412	-0.1330082677	-0.1318544272	-0.1307063692	-0.1295642370	-0.1284281678	-0.1272982928	-0.1261747372	-0.1250576204	-0.1239470560	-0.1228431519	-0.1217460106	-0.1206557290	-0.1195723987	-0.1184961061	-0.1174269322	-0.1163649533	-0.1153102407	-0.1142628607	-0.1132228750	-0.1121903409	-0.1111653110	-0.1101478335	-0.1091379525	-0.1081357079	-0.1071411355	-0.1061542673	-0.1051751315	-0.1042037524	-0.1032401509	-0.1022843443	-0.1013363467	-0.1003961687	-0.0994638178	-0.0985392987	-0.0976226126	-0.0967137584	-0.0958127318	-0.0949195262	-0.0940341320	-0.0931565377	-0.0922867288	-0.0914246888	-0.0905703992	-0.0897238390	-0.0888849854	-0.0880538135	-0.0872302966	-0.0864144064	-0.0856061125	-0.0848053832	-0.0840121850
-0.1955759554	-0.1960214653	-0.1964713848	-0.1969255952	-0.1973839760	-0.1978464040	-0.1983127536	-0.1987828968	-0.1992567030	-0.1997340389	-0.2002147687	-0.2006987535	-0.2011858519	-0.2016759192	-0.2021688080	-0.2026643679	-0.2031624451	-0.2036628830	-0.2041655214	-0.2046701971	-0.2051767434	-0.2056849904	-0.2061947645	-0.2067058888	-0.2072181829	-0.2077314626	-0.2082455403	-0.2087602247	-0.2092753207	-0.2097906297	-0.2103059491	-0.2108210727	-0.2113357905	-0.2118498886	-0.2123631496	-0.2128753518	-0.2133862701	-0.2138956755	-0.2144033350	-0.2149090120	-0.2154124662	-0.2159134533	-0.2164117255	-0.2169070314	-0.2173991157	-0.2178877198	-0.2183725814	-0.2188534349	-0.2193300112	-0.2198020378	-0.2202692394	-0.2207313371	-0.2211880492	-0.2216390912	-0.2220841756	-0.2225230123	-0.2229553087	-0.2233807699	-0.2237990985	-0.2242099952	-0.2246131588	-0.2250082864	-0.2253950732	-0.2257732136	-0.2261424004	-0.2265023256	-0.2268526804	-0.2271931556	-0.2275234418	-0.2278432293	-0.2281522088	-0.2284500716	-0.2287365094	-0.2290112153	-0.2292738835	-0.2295242098	-0.2297618918	-0.2299866296	-0.2301981254	-0.2303960845	-0.2305802150	-0.2307502288	-0.2309058413	-0.2310467721	-0.2311727450	-0.2312834889	-0.2313787374	-0.2314582299	-0.2315217111	-0.2315689321	-0.2315996504	-0.2316136301	-0.2316106425	-0.2315904661	-0.2315528874	-0.2314977008	-0.2314247089	-0.2313337233	-0.2312245643	-0.2310970615	-0.2309510541	-0.2307863911	-0.2306029315	-0.2304005447	-0.2301791106	-0.2299385201	-0.2296786748	-0.2293994879	-0.2291008837	-0.2287827983	-0.2284451795	-0.2280879869	-0.2277111925	-0.2273147799	-0.2268987455	-0.2264630977	-0.2260078573	-0.2255330577	-0.2250387446	-0.2245249764	-0.2239918236	-0.2234393694	-0.2228677094	-0.2222769514	-0.2216672154	-0.2210386337	-0.2203913503	-0.2197255214	-0.2190413146	-0.2183389094	-0.2176184962	-0.2168802769	-0.2161244640	-0.2153512808	-0.2145609610	-0.2137537485	-0.2129298968	-0.2120896692	-0.2112333381	-0.2103611848	-0.2094734992	-0.2085705794	-0.2076527315	-0.2067202688	-0.2057735121	-0.2048127888	-0.2038384325	-0.2028507831	-0.2018501858	-0.2008369912	-0.1998115546	-0.1987742357	-0.1977253980	-0.1966654089	-0.1955946388	-0.1945134607	-0.1934222504	-0.1923213852	-0.1912112443	-0.1900922080	-0.1889646573	-0.1878289737	-0.1866855389	-0.1855347340	-0.1843769396	-0.1832125353	-0.1820418993	-0.1808654082	-0.1796834364	-0.1784963560	-0.1773045367	-0.1761083451	-0.1749081446	-0.1737042951	-0.1724971529	-0.1712870703	-0.1700743952	-0.1688594714	-0.1676426377	-0.1664242282	-0.1652045721	-0.1639839931	-0.1627628097	-0.1615413349	-0.1603198760	-0.1590987343	-0.1578782054	-0.1566585787	-0.1554401377	-0.1542231595	-0.1530079147	-0.1517946681	-0.1505836775	-0.1493751945	-0.1481694643	-0.1469667253	-0.1457672095	-0.1445711425	-0.1433787429	-0.1421902232	-0.1410057891	-0.1398256398	-0.1386499681	-0.1374789602	-0.1363127961	-0.1351516491	-0.1339956865	-0.1328450692	-0.1316999519	-0.1305604830	-0.1294268052	-0.1282990550	-0.1271773630	-0.1260618540	-0.1249526471	-0.1238498557	-0.1227535877	-0.1216639455	-0.1205810263	-0.1195049217	-0.1184357185	-0.1173734984	-0.1163183379	-0.1152703090	-0.1142294787	-0.1131959094	-0.1121696592	-0.1111507816	-0.1101393258	-0.1091353368	-0.1081388557	-0.1071499193	-0.1061685609	-0.1051948097	-0.1042286914	-0.1032702283	-0.1023194389	-0.1013763386	-0.1004409395	-0.0995132507	-0.0985932779	-0.0976810243	-0.0967764900	-0.0958796723	-0.0949905661	-0.0941091635	-0.0932354543	-0.0923694258	-0.0915110631	-0.0906603491	-0.0898172646	-0.0889817882	-0.0881538969	-0.0873335654	-0.0865207669	-0.0857154728	-0.0849176529	-0.0841272755
