2.1798492181294837
1.162285665486083
1.106647822943508
1.1184043104230008
2.2135214168977706
1.2973661104531924
2.2541687015998813
1.169315148477308
2.2107084635648344
1.169315148477308
1.142011325892743
1.149060041285777
2.263553681520727
1.992727970204453
1.0997346466447493
1.1304494861482401
1.8022591676223494
1.0978569276058834
1.1789041041401234
1.1088237844329647
1.6037885515494241
2.056553209424748
1.0999739832465794
1.1404141511847279
1.1076473799860953
1.109780469818137
1.840810819692101
2.258600231047655
1.1054862172213495
1.1899848422500467
1.5331826105263628
2.1045434365055757
1.222168112918318
2.0642635285925195
1.1866802881568577
1.1404141511847279
1.1955242376540627
1.170352492531115
1.1460989970068383
1.1662516265717504
2.2436145918084622
1.2606451356787955
1.399905070328554
2.2541687015998813
2.224410515323544
1.7204417432056216
2.2577744650850247
1.1412102362401941
1.1673016437191344
1.143629319239001
1.1756495486398701
1.3480796222175042
2.137024717295993
1.8945138284128475
1.2179209691448918
2.137024717295993
1.248874998407413
2.0587997856678157
2.2447084008154747
1.1745764340074338
1.1672645313237335
1.0997346466447493
1.1043607750073297
1.1603549995294569
2.263332105510464
1.2723110766585533
1.6484625012454324
1.1799992487010618
1.11642981811046
2.2320889050179833
1.1944227004415129
1.2174028337109482
1.4548638541132457
2.13364320522006
1.1512134906696334
1.9557218325174153
2.2495368057089546
1.162285665486083
1.0980392279870062
1.1773567973298769
2.1035739548376107
1.1538696015082017
2.251630043506719
1.1357327877281214
1.1632641360587492
1.1469344724513804
1.1404141511847279
2.172863281186952
1.2333000324400045
2.1760410326704402
2.202615232961579
1.144446638826542
2.2204535523092788
2.152215820541923
1.105695743238841
2.128515967398551
1.425341266818209
1.7780312524220692
2.2629967495303034
2.259696845483078
1.1092855967992412
2.241452037904602
1.1071417930981609
1.3219370846821457
2.261418330298666
2.2525063345758696
1.209167859624421
1.0984539142309835
1.169315148477308
1.1035353343997727
2.0904187923685553
1.1372761961125533
1.1342050067302814
1.1503434295704633
2.068078247658918
1.9335606020679261
2.161538551346109
1.1062626203353572
1.196621171511503
2.1215678497917425
2.2589870995307613
1.2131332187539963
1.0992984875610414
2.2580048243577275
1.3025449198055699
2.254575980423811
1.0985950121195167
1.1799992487010618
1.87597823250453
1.0977784161573676
2.13364320522006
2.0628493801187506
2.2175714591525355
1.1652471885039015
2.2634743860552136
2.0403536820334596
1.1211201904881667
2.1267913258357587
1.143629319239001
1.6624071066419261
1.196621171511503
1.1735098389970986
2.246820501350549
2.2086895944269154
2.261501218716808
2.263191420702899
2.2533527349181663
2.113162598452855
2.1828614514061218
1.1334634547326357
1.0985608660466557
1.0984539142309835
1.705059369723067
1.0986963744982872
2.140379154451768
2.246820501350549
1.122237863583918
1.9901199561340859
1.1225093587331847
2.2436052052144033
1.121526482346259
2.2146470189041656
1.8782713565123001
1.1404141511847279
2.1933048555107417
1.2380622075666068
1.1789041041401234
1.171397565814921
1.542405010417718
1.5539785947368243
1.1145171035708181
2.241452037904602
1.7780312524220692
1.413929901028673
1.1547708673848212
2.263332105510464
1.1047471935617033
1.1218123581161188
1.1799992487010618
2.2577744650850247
2.2488275336741714
2.2513219540210736
2.238074044413153
2.174453310194604
2.238074044413153
1.965999036415164
1.1003524037907948
1.1565981639673133
2.2401902619064815
1.2703064189280158
1.2683147403268193
1.1109094499423193
1.1910976460025404
2.0587997856678157
2.101722921877185
1.100227512105006
1.2536498272844305
1.115147322566332
2.216301635124904
2.257118086119155
1.1652471885039015
2.261418330298666
1.2569623203454696
1.7679187548224244
1.840810819692101
2.2274404868560302
1.4478499700342722
2.068078247658918
2.2369109385578203
1.7583457258296378
1.2051449755329504
1.8240845161033783
2.2636302604740095
1.121526482346259
1.1062626203353572
1.1460989970068383
1.2421704959079953
1.9350239689101865
2.2401902619064815
1.7518136419981998
1.1058697027152284
1.1211201904881667
1.1010731525847044
1.1007771217092535
1.1071417930981609
2.112686784351887
1.975642621239193
1.5586324172319959
2.0728656824956664
1.2995364748619989
2.197724962762061
2.2010818434040287
1.8503489709510936
1.171397565814921
2.1664788252800173
1.197712779915968
1.4518520180038532
1.1503434295704633
2.0051244648524538
1.9610555988031095
1.0983205534856528
1.162285665486083
1.4662133335736678
1.169315148477308
1.1538696015082017
1.166088530069754
2.216301635124904
2.257118086119155
2.1776264760633093
1.1132802390256535
1.182202088869639
1.1349669979818797
1.0980255641952563
2.238074044413153
2.052686852227769
1.101707427553927
1.100227512105006
1.1334467249024736
2.2146470189041656
1.105695743238841
1.5770705828440197
2.238074044413153
1.1088237844329647
1.1673016437191344
1.2935215012091466
1.106647822943508
2.259696845483078
1.5586324172319959
2.2486067282639266
1.9118941073275326
1.6624071066419261
2.159993415825519
1.3554954803033228
2.2591643889314463
1.1520910834351659
2.1964524620603694
2.123317455068376
1.916271158209092
1.8476128558562777
1.1007771217092535
1.0977861155620265
1.0980392279870062
1.1023974886996022
1.1168828874319896
1.161315950780646
1.1074989316547583
1.1357327877281214
1.196621171511503
2.258600231047655
2.011338626415603
1.0979064003765426
2.2390034913677663
2.1035739548376107
2.0748482026593162
1.1987983411634187
1.1810987484159299
2.150300260273344
1.6484625012454324
1.1735098389970986
1.1547708673848212
1.1372761961125533
1.6166202477088791
2.2605503098534365
1.8069061720993753
2.263191420702899
1.1922392664603672
1.1304494861482401
1.1097576986783582
1.2276154520238698
1.1520910834351659
1.108164318725294
1.1632641360587492
2.2365661748231633
2.2625021553432245
1.239744082668871
1.1058697027152284
1.1013283985567053
2.261501218716808
2.2497900546943934
2.2589870995307613
1.1503434295704633
1.9075188599241637
1.123917075667975
2.1630804837421245
1.8144143549473322
2.254575980423811
1.1922086920881534
1.7679187548224244
2.1776264760633093
2.2121188268764254
1.495855589647832
2.135337468770788
2.1839452273407822
2.206434577687509
2.246820501350549
1.125341925008094
1.1035353343997727
1.240327916869025
2.2525063345758696
1.0978085047630293
1.1289720375374799
1.1004952307197176
1.1252044547603313
1.1109094499423193
2.220403026300904
1.2156814546062842
1.9096967279949086
2.2631669180269944
1.1380540679039637
2.2610019129145336
2.1888494178767335
1.1114885049095031
2.2533527349181663
1.2198608024696234
1.1833087305488155
1.1632641360587492
2.234048556593907
1.162285665486083
1.125341925008094
2.150300260273344
1.6920165845168325
2.246820501350549
1.120433069254224
2.113162598452855
1.0978434813551696
2.2622027539778484
1.0979518537199882
1.1076473799860953
1.2872132175336537
1.1922392664603672
1.5539785947368243
1.2333000324400045
1.4369862320652682
1.0981124898383539
2.09214294426912
1.10523811204287
2.2631669180269944
1.1211201904881667
1.1833087305488155
1.1603549995294569
1.102045529923666
1.5750668294250276
1.5917454622310359
1.1058697027152284
2.251630043506719
1.1365024806003705
1.8701634833976313
2.2636302604740095
1.0978569276058834
2.13473074869653
2.2401902619064815
1.125341925008094
1.1062626203353572
2.180790525147738
1.1469344724513804
1.0989187693589237
1.2794451343457163
2.202615232961579
1.4934595284104735
1.143629319239001
1.1004952307197176
1.1061657247352172
1.6256138631925938
1.1613325803145111
2.216301635124904
1.1334467249024736
2.191786128797673
1.87597823250453
1.845346317580024
2.2606649301588866
1.1122766265468282
2.2436052052144033
1.182202088869639
1.1380332886292277
1.259374880769632
1.1735126134589513
1.1789041041401234
1.1512134906696334
1.5614331987544874
1.171397565814921
1.155680343073408
2.2486067282639266
1.1438869785187666
1.5044283236098521
1.4763299253461584
2.2636302604740095
1.335976637838874
1.5750668294250276
1.1047471935617033
1.1070771335845802
1.8312996839053626
2.2365661748231633
2.003055230900724
1.2179209691448918
1.1799992487010618
1.5239573546981653
1.0985608660466557
2.202103920792565
2.2121188268764254
2.1828614514061218
1.2294245821381922
1.2051449755329504
2.2218771804035033
1.2930632586626671
2.0506401961896636
1.1225093587331847
2.0768231939641018
1.1590126240418324
1.2375197574990062
1.142011325892743
1.1799992487010618
2.211684927692572
1.9008460146989243
1.169315148477308
2.06082736077929
1.115147322566332
2.118242971526462
1.333619951014468
1.1040449140006157
2.237795226309046
1.121526482346259
2.2218771804035033
2.2634743860552136
1.2322296192573734
1.7204417432056216
1.1799992487010618
2.258397598659283
1.0995094902019318
1.1156626332894173
1.2333000324400045
2.1265680905491187
1.1083721455859668
1.155680343073408
2.1648761378707033
1.1584592988110856
1.1460989970068383
1.9721590991839093
1.11642981811046
1.4224661551807705
1.5586324172319959
1.6966061517029725
1.11642981811046
1.3196395795549851
1.2182388417144614
2.2436145918084622
2.2190456910135543
1.1342050067302814
2.1427508233489205
1.9942380580066053
1.7868529730573046
2.241354833735742
2.2283106042536116
2.2424965078689416
1.1469594436140829
1.1756495486398701
1.9224346161007824
2.253003200798431
2.237795226309046
1.9714870607736783
1.1486251099033151
1.1756495486398701
1.1636912516701847
2.261418330298666
1.1778138030364582
1.6427927165673142
1.6134759798511584
1.142011325892743
1.0978085047630293
2.225723171792631
1.7365646216370727
1.144446638826542
1.1043607750073297
1.5917454622310359
1.7580283070232103
2.262965505496097
1.1372761961125533
1.8046955305369656
1.7924900895666822
2.2624542950612874
1.1170815023030074
1.1672645313237335
2.260063779096561
2.2541687015998813
1.1486251099033151
1.582185625512252
1.1866427160130044
2.1265680905491187
1.1225093587331847
2.135337468770788
1.0983265378932832
1.2909307874297886
1.8611762994611145
2.204996888203134
1.2300043161739556
1.83400599787789
1.5677095947473139
2.2636302604740095
1.1529763949222969
1.1899848422500467
1.1117513333586628
1.1157849937268038
2.210191152784698
1.1035353343997727
1.9618908022778179
2.2533527349181663
1.238612745854214
1.2343541272603271
1.1365024806003705
2.2146470189041656
1.1494807039267885
1.3128241163622574
2.1964524620603694
1.4311351959491707
2.2146470189041656
1.871372870435357
2.075621332604559
1.2867038294017779
2.1964524620603694
2.145923587544549
1.209167859624421
1.0978189865374033
2.13364320522006
2.2610997413047267
2.006541811134648
1.2129795303631155
1.3505375564637996
1.2491203202555272
1.144446638826542
1.1008224733116732
2.2610019129145336
1.885111977427756
1.2243268873786326
1.4282310008622419
1.1756495486398701
2.044477666887711
2.161538551346109
2.2436052052144033
1.2182388417144614
1.6706214967771869
1.120433069254224
1.1544898254715195
1.120433069254224
1.1184043104230008
2.1760410326704402
1.762705693305154
2.260063779096561
1.23645324608626
1.170352492531115
1.1486251099033151
1.71021641407109
1.1043607750073297
2.1568931177521757
2.15843486126857
1.8550612338230994
1.9694058049481011
1.212048195390668
1.845346317580024
1.226343936899933
1.1275088521153267
1.920319852104197
1.1428840917396261
1.0986963744982872
2.246820501350549
1.0979064003765426
1.2763591679815924
1.0978569276058834
1.195084502069317
1.166088530069754
1.1652471885039015
2.2390034913677663
2.2401902619064815
2.013411815115834
1.1076473799860953
1.2441820169693902
2.114481180620116
1.3655824910115102
1.101869896156941
1.1031425229592138
1.2305737576065372
1.1156626332894173
1.9181999304818131
2.216114232532656
1.9140855492550126
1.436967785471621
1.1672645313237335
1.88963986496862
2.2320889050179833
1.1412102362401941
2.150300260273344
2.258397598659283
2.0009872055332565
1.139622880427507
1.1005829325521501
1.210141892153237
1.1756495486398701
1.3587448962240918
2.2605503098534365
2.0506401961896636
2.206434577687509
1.1855296409712792
1.2156814546062842
2.1490781689261227
1.1114885049095031
1.119074884575035
1.3838003501801117
2.2283106042536116
2.11486345206766
1.1512134906696334
2.263614303561882
1.1319410145369637
1.169315148477308
1.1033788545208523
1.206168553995926
1.2020115823169497
2.2424965078689416
2.101722921877185
1.100227512105006
1.099521769658109
1.3359961084430507
1.2604786265427501
1.0983265378932832
1.9968549724553457
2.20064925437363
2.1302326828417195
1.2456372341649957
1.225686715597667
2.044477666887711
1.1372761961125533
1.098212770561478
2.1632705628403146
1.115147322566332
2.261418330298666
1.1380540679039637
1.206168553995926
2.258397598659283
1.1503434295704633
1.105695743238841
2.263191420702899
1.1349669979818797
1.1086923355896843
2.2557072624209975
1.1944227004415129
1.0999739832465794
1.619580784482933
1.8724009540893187
1.9777170650595588
2.2507244235904103
1.3945424724170066
2.198000106056191
1.8071293443492922
1.1181500586492266
2.2135214168977706
1.5029812085993333
1.2804587005408992
1.1745764340074338
1.2236234780713402
2.1437085267446108
1.2322296192573734
1.248021062974021
1.1267827440434224
1.2448972018671594
1.1503434295704633
2.1839452273407822
2.1888494178767335
1.1922086920881534
2.092326048213193
1.1682857618303695
2.2617993310258178
1.9701057809207365
1.822679527919501
2.185861770214183
1.5262659876864653
1.1168828874319896
1.1157849937268038
1.212048195390668
2.2634743860552136
1.1225093587331847
1.1047471935617033
2.114481180620116
1.1005829325521501
2.2486067282639266
1.142011325892743
2.09214294426912
1.1010731525847044
1.4824720113463414
1.101869896156941
1.0988419194125183
1.1342050067302814
1.1590126240418324
2.2538034289642366
1.2343541272603271
1.109780469818137
2.211684927692572
1.1168828874319896
1.123917075667975
1.782686398174653
1.2250145095264966
2.1298515770801005
2.2353170475967823
1.1512134906696334
2.174453310194604
1.0979518537199882
2.234048556593907
1.0983265378932832
2.2633506997500232
1.1103400035193565
1.0991015984969708
2.0217097474469314
1.494979637405072
1.119074884575035
1.1117513333586628
2.2635623040265855
1.1520910834351659
1.248874998407413
1.11391881461809
2.2610019129145336
1.9227941317414845
2.241452037904602
2.254575980423811
1.1404141511847279
2.1828614514061218
1.816836797828404
2.211684927692572
2.1072474792613796
1.373397752827793
1.2229039704662168
2.237795226309046
1.8046955305369656
1.5801746586913616
2.2176784063420234
1.1756495486398701
2.259696845483078
1.138836242904892
2.2513219540210736
1.3251155321810943
1.142817618499125
2.262965505496097
1.0991015984969708
1.195084502069317
1.10523811204287
2.1632705628403146
1.1520910834351659
1.780230341280259
1.1023974886996022
1.1342050067302814
1.838478097489404
2.263610076875546
1.3945424724170066
1.9536628179063429
1.0991625645615293
1.1603549995294569
1.4201457770235144
2.1198095680226428
1.762705693305154
1.6678956609563276
2.084879276205923
1.2020115823169497
1.1334634547326357
1.2794451343457163
1.144446638826542
1.2236234780713402
2.263610076875546
1.1767288066916344
1.162285665486083
2.137024717295993
1.098212770561478
1.1584592988110856
1.2131332187539963
1.1083721455859668
1.0984355412317652
1.144446638826542
1.1584592988110856
2.0051244648524538
1.2174028337109482
2.2456736279823253
1.106647822943508
2.1839452273407822
2.235730279894111
2.0942241281225122
1.3289074567078374
2.1933048555107417
1.2051449755329504
1.8901331554624543
1.231685425667896
1.1565981639673133
1.171397565814921
2.260197165149868
1.0985950121195167
1.1899848422500467
1.8835211708681887
2.258600231047655
2.109070002504388
1.5493400744606058
2.155193357434622
1.8479848207288898
1.7900422888845156
1.2400216142932567
1.2624179854070428
1.131716528325057
2.1632705628403146
2.2204535523092788
1.1833087305488155
1.1117513333586628
2.257118086119155
1.6946435875141839
1.2190581935765104
2.262766911370292
1.1533837836565723
1.811399372711509
1.551975448110302
1.9777170650595588
2.150300260273344
1.097891210888263
1.813650370513764
2.241354833735742
2.1886583169368046
1.1275088521153267
1.7256148925334938
1.1066650642696343
1.102045529923666
1.2100043142267507
2.253003200798431
1.7949357418866894
1.4700982312853725
1.225686715597667
1.1412102362401941
1.0984539142309835
1.8679220374516172
2.114481180620116
1.5955532329441469
1.2294245821381922
1.4397144369905033
1.101707427553927
2.219018102996815
2.0154856857815986
1.5076863438201646
2.1427508233489205
1.099521769658109
2.247837473334069
1.0980255641952563
2.2627279334281964
2.155337725176187
1.1040449140006157
1.106647822943508
1.1013832755819681
1.1070771335845802
1.0986963744982872
1.1175105726477346
2.164619305966519
2.262965505496097
2.1215936953553762
1.1086923355896843
1.542405010417718
1.1469594436140829
1.9618908022778179
1.9989204412098605
1.3733007254234484
1.8597512381611185
1.857409080853009
1.1010709754741899
1.1051120750989003
2.2577744650850247
1.2354017116995342
1.2348780938361807
1.7212103461979866
1.1844181099772355
1.1170815023030074
1.572704080253054
1.1833087305488155
1.2111021659987165
2.144339558794241
1.8901331554624543
2.101722921877185
2.258600231047655
2.1165568721515946
1.2380622075666068
2.219018102996815
2.052686852227769
1.131193490620329
1.1211201904881667
1.9118079721344587
1.1933172799845448
2.20064925437363
1.5262659876864653
2.2131703970287515
1.1998771363798493
1.144900559537326
1.0979518537199882
1.1074989316547583
1.1088237844329647
2.06082736077929
1.1538696015082017
2.235730279894111
1.9474743285427016
2.13148394804312
1.3530094740650365
1.2206466350141763
2.2369109385578203
1.1452697921732462
1.2569623203454696
2.258600231047655
1.1282386392248294
1.1208271779234176
1.71021641407109
1.2269866650736936
1.197712779915968
2.1995433463690386
2.2622027539778484
1.1114885049095031
1.1547708673848212
2.2456736279823253
1.0993374066069954
1.2322296192573734
1.1062626203353572
1.5029812085993333
1.8095604994851284
2.1568160157818212
1.2243268873786326
1.5329602539353648
1.4488526776261677
2.2457772591603034
1.9378336419994144
2.038287932760084
1.1438869785187666
1.1477764375739288
2.2283106042536116
1.9032068936337276
1.1088237844329647
1.9140855492550126
1.3039150783312001
1.9053657534461177
2.1760410326704402
1.1114885049095031
1.1319410145369637
1.582185625512252
1.2288337095429798
1.143629319239001
2.2624542950612874
2.235730279894111
1.1184043104230008
2.1855188983503395
1.7076418592740026
2.0975058653687073
1.155680343073408
2.238074044413153
2.261418330298666
2.198000106056191
1.1010731525847044
2.246674538324623
2.1535666660738078
1.138836242904892
1.142011325892743
1.1349669979818797
1.155680343073408
1.2327674510048268
1.1866427160130044
1.845346317580024
1.2111021659987165
2.2365661748231633
1.2138957590858586
1.1074989316547583
1.11389464013576
1.4824720113463414
1.1412102362401941
1.1789041041401234
2.194900729060172
2.155193357434622
1.1833087305488155
1.182202088869639
1.1503434295704633
1.182202088869639
1.1297089971475147
2.0587997856678157
2.220403026300904
1.2434901822424473
1.916271158209092
1.1083721455859668
2.261869002604449
2.2495368057089546
2.0106246840114723
1.376345889256032
1.238612745854214
1.11391881461809
1.1380332886292277
1.2333000324400045
1.2375197574990062
2.2633506997500232
2.2525063345758696
1.2206466350141763
1.2051449755329504
2.2617993310258178
2.216301635124904
2.1680787670950785
1.9474743285427016
1.7851404157168902
2.109738178108212
2.1062828687185435
2.174453310194604
2.128515967398551
1.2009484520051739
1.3083442414199664
2.175309585805608
1.1282386392248294
2.145923587544549
2.2625021553432245
1.6651575972192936
2.239218998512275
1.425815230029243
2.2121188268764254
1.100227512105006
2.246820501350549
1.161315950780646
2.258397598659283
2.1265680905491187
1.9010422625138486
1.1844181099772355
1.9589612441579312
1.1786581059089534
1.1888709705343714
2.1855188983503395
2.238074044413153
1.1888709705343714
2.2553203076121595
2.1035739548376107
2.2365661748231633
2.147014880768389
1.1460989970068383
1.1380332886292277
1.0986963744982872
2.1768255831515093
1.1866427160130044
1.4000052929877227
1.2338285228782888
2.2617993310258178
1.1326920795851
2.0485895671517924
1.102748616739349
1.4196058093417443
1.1297089971475147
2.2486067282639266
2.254953711548168
1.115069906178538
1.155605782270679
1.2278443068530553
2.238074044413153
1.144446638826542
1.6920165845168325
1.252853294952558
1.734380366819675
1.2084584573292954
1.1275088521153267
1.6304676318256155
1.11389464013576
1.1117513333586628
1.478819334519549
2.2424965078689416
2.1486600658061734
2.2204535523092788
2.113162598452855
2.184363141597773
1.6814070695132712
2.2456736279823253
1.1112369083342855
2.1680787670950785
1.1334634547326357
1.2138957590858586
1.551975448110302
2.2447084008154747
1.6851601561760943
1.248874998407413
2.2447084008154747
1.8901331554624543
1.102763194553141
2.1632705628403146
1.7692589952461795
1.1565981639673133
1.8249420667911203
1.7758339065866628
1.0982160618974668
2.1395585737081397
1.1197512209803477
1.1767288066916344
1.11389464013576
2.2446503142907734
1.9206253288342856
1.9335606020679261
2.257378637537747
2.2365661748231633
1.124444635914505
1.2471977253075806
1.0997155454617222
1.656868133335646
2.2605503098534365
1.4115388652926366
2.2625021553432245
1.1590126240418324
2.066875535174595
2.150300260273344
1.1003524037907948
1.1662516265717504
2.006541811134648
1.1955242376540627
2.1648761378707033
1.2311338084921828
1.1428840917396261
1.1888709705343714
1.1170815023030074
1.1594027953177388
1.100227512105006
1.1380540679039637
2.190223764484985
1.9673221250308077
1.1778138030364582
2.2107084635648344
1.0999739832465794
1.7024686207442075
1.8249420667911203
1.8828382600064362
2.247837473334069
1.2536498272844305
1.2428201840127084
1.9075188599241637
1.4342041593897206
2.1062828687185435
1.1922086920881534
1.102763194553141
1.1275088521153267
1.2174028337109482
1.1086923355896843
1.23645324608626
2.1947824100889752
1.1652471885039015
1.123917075667975
1.1047471935617033
2.1886583169368046
1.3128241163622574
1.1494807039267885
2.135337468770788
2.260197165149868
1.105695743238841
1.7256148925334938
1.0979672262405475
1.0977927563847005
1.5551330590770238
1.2174028337109482
2.0228076383270333
2.1839452273407822
2.2627279334281964
1.2282309096742605
1.1747841130372483
1.098212770561478
1.1188014089242986
1.1289720375374799
1.1177397594757041
1.2206466350141763
1.1745764340074338
1.1469344724513804
2.105415471673578
2.2525063345758696
2.2606649301588866
2.145923587544549
2.1437085267446108
1.1709990372441015
2.2425389099155404
1.1047471935617033
1.9577793435739907
2.246674538324623
2.2541687015998813
1.209167859624421
1.40831434475313
2.2591643889314463
1.379296461313155
1.2333000324400045
2.219018102996815
1.124444635914505
1.1735098389970986
2.2622027539778484
2.1680787670950785
1.108164318725294
1.1486251099033151
1.3822480609686745
1.2872132175336537
2.262766911370292
2.198000106056191
1.102748616739349
1.0995094902019318
1.5985978267652172
1.1682857618303695
2.224686398170776
1.9818595604430953
1.1412102362401941
1.6016312238625696
2.042827275334587
2.1828614514061218
1.2763591679815924
2.0718645107515465
2.088502479831542
1.119074884575035
2.1933451965758644
1.1061657247352172
2.2580048243577275
2.247837473334069
1.1799694846822126
2.2622027539778484
2.1630804837421245
1.1544898254715195
1.1107332378849197
1.142817618499125
2.2538034289642366
1.1092311488772464
1.2409259035938394
2.235730279894111
2.198000106056191
1.2369839208485676
2.1265680905491187
2.0424170288717463
1.4763299253461584
1.1469594436140829
1.9308452167643964
2.090339109763211
1.1672645313237335
1.1452697921732462
2.240345198201924
1.3505375564637996
1.1037073847484395
1.1520910834351659
2.2580048243577275
1.3224710382995641
1.3579956806802846
2.2314563295806797
2.2629967495303034
2.1420468461935616
2.224410515323544
2.234048556593907
1.9701057809207365
2.239218998512275
2.2425389099155404
1.1007771217092535
2.150649035142981
1.1114885049095031
1.1636912516701847
1.3039150783312001
1.1061657247352172
1.4055293781586224
1.6013729814788626
1.1225093587331847
1.099521769658109
2.1198095680226428
1.2633174485876786
1.1003524037907948
1.59896059554239
1.1343544299646757
1.2030658319858862
2.2525063345758696
1.5331826105263628
2.263191420702899
1.1998771363798493
1.1225093587331847
1.2030658319858862
2.2606649301588866
2.2533527349181663
2.06082736077929
1.1632641360587492
1.1021539401742984
1.1013832755819681
1.3940378368363346
2.2495368057089546
1.1334634547326357
1.0985608660466557
1.1319410145369637
2.2617993310258178
2.210191152784698
1.2282309096742605
2.1535666660738078
2.2635623040265855
1.436967785471621
1.1117513333586628
1.2516337948258849
1.1648850673942182
1.2174028337109482
1.1389813255616634
1.6760373580348757
2.1680787670950785
1.8611762994611145
1.8634281897213085
2.1886583169368046
1.1529763949222969
1.1520910834351659
1.2311338084921828
1.142011325892743
2.0403536820334596
1.1833087305488155
1.3472193423038248
1.209167859624421
1.2491203202555272
1.1933172799845448
2.0408449766044776
1.1486251099033151
1.1246274376041772
1.209167859624421
1.2278443068530553
1.1370964943490054
1.7654498327159547
1.2794451343457163
1.1922086920881534
1.0983265378932832
1.1745764340074338
1.102763194553141
2.2010818434040287
2.123258580049854
2.262965505496097
1.0978434813551696
1.100227512105006
1.2506800635279993
1.5801746586913616
1.115069906178538
1.10523811204287
1.2300043161739556
2.2447084008154747
2.0846432469862695
1.123917075667975
1.1103400035193565
1.1289720375374799
2.0961129303615347
2.2320889050179833
1.0979518537199882
1.7670724489006628
1.2359263081780247
1.1007771217092535
1.1232109928627376
2.2274404868560302
1.0988419194125183
1.131716528325057
2.2390034913677663
1.142817618499125
1.0979672262405475
2.225723171792631
2.2634610301035183
1.6569759733281697
1.3407886830682276
1.9818595604430953
1.1326920795851
1.2071806261843119
2.239218998512275
1.6641100364748085
2.08670724253134
1.2663360816224283
2.2636302604740095
1.097891210888263
1.258147555005585
2.0793478531718206
1.935699372327787
2.184363141597773
1.1452697921732462
1.457887854825212
1.0981222305772986
1.125341925008094
1.1682857618303695
1.651277497851943
1.101707427553927
2.2260706698909387
2.1964524620603694
2.2204535523092788
1.1855296409712792
2.2121188268764254
1.1037073847484395
2.251630043506719
2.0904187923685553
1.6593597894069156
1.483753647092495
1.1229613421534503
2.180790525147738
1.1503434295704633
1.1833087305488155
1.0977927563847005
1.115147322566332
1.1004952307197176
1.1109094499423193
1.9350239689101865
1.1642513299052009
1.1092311488772464
1.2276154520238698
1.0985950121195167
2.254953711548168
1.6341879051062818
1.2846093852416982
1.3655824910115102
2.1568931177521757
1.8069061720993753
1.102045529923666
1.1584592988110856
2.161661942368646
1.2434901822424473
1.1756495486398701
1.231685425667896
1.2305737576065372
1.1289720375374799
2.15843486126857
1.8611762994611145
1.162285665486083
1.1170815023030074
1.8597512381611185
1.131716528325057
2.2424965078689416
1.1418919908448877
2.2447084008154747
2.056553209424748
2.256035873918783
1.1326920795851
1.1051120750989003
2.2436145918084622
1.1334467249024736
1.1722509368284564
1.0999186347756351
1.1933172799845448
2.2287951648998248
1.1866427160130044
1.155680343073408
1.2156814546062842
1.1047471935617033
2.109070002504388
1.2071806261843119
2.2149158267790234
1.2229039704662168
2.1387051959209256
1.1632641360587492
1.7530670551460736
1.5044283236098521
1.87597823250453
1.171397565814921
1.1033788545208523
1.402827671990015
1.1460989970068383
1.1372761961125533
1.098997360436337
1.2211767340162833
1.0997346466447493
1.6046531152245604
1.4584490776571626
2.171270896993504
1.2009109720500428
1.8873791809087443
1.136171030242701
1.1944227004415129
1.83400599787789
1.2327674510048268
1.1756495486398701
2.2624542950612874
1.162285665486083
2.257378637537747
2.2217499363720306
1.1109094499423193
1.760504724628571
2.174453310194604
2.0506401961896636
2.017560082153992
2.2457772591603034
2.1265680905491187
1.1682857618303695
1.95055307916201
1.1538696015082017
1.3940378368363346
1.212048195390668
1.1778138030364582
1.0978434813551696
1.8476128558562777
1.4584490776571626
1.2229039704662168
1.2536498272844305
1.1128128992785167
1.0978569276058834
1.1575244489094785
1.169315148477308
1.161315950780646
2.241452037904602
1.125976378375833
1.1844181099772355
2.1180424541856064
1.1799992487010618
2.2230859328560255
2.2636302604740095
1.5656463232430464
1.1662516265717504
1.2380622075666068
1.9577793435739907
2.2218771804035033
1.9096967279949086
1.3891408947236301
1.104793052880832
1.2604786265427501
1.1778138030364582
1.8288985014895682
1.7127833583962362
1.9271158163671986
1.3443782437569292
2.0009872055332565
1.3150831441613435
2.116266367090723
1.5193316251599152
1.1157849937268038
1.0992984875610414
1.1565981639673133
1.1086923355896843
2.002449366362662
2.2401902619064815
1.1035353343997727
1.10523811204287
1.6617378949782748
1.71021641407109
1.1117513333586628
2.0085844880913317
1.097891210888263
1.431423907569973
1.2743286729707521
1.1590126240418324
1.119074884575035
1.2547144512923367
1.5146901514504973
1.1037073847484395
2.2610997413047267
1.879087301585476
1.098997360436337
1.9184510455043777
1.3940378368363346
2.234532662899884
1.8988718598534975
2.263610076875546
2.2270233792594802
1.8317384743915959
1.1175105726477346
1.4558259689499584
1.87597823250453
1.7530670551460736
1.1071417930981609
1.9181999304818131
1.1833087305488155
1.131716528325057
2.2135214168977706
2.194900729060172
1.3605101802614512
2.263332105510464
2.0604214509242373
1.1567315993327631
1.2784025229152685
2.1664788252800173
2.2533527349181663
1.1051120750989003
1.9474743285427016
1.125976378375833
1.9454068685985557
1.1013283985567053
2.2456736279823253
2.191786128797673
1.631292914346759
2.064865538057782
1.1040449140006157
1.1529763949222969
2.2135214168977706
1.3150831441613435
1.3105778267260113
1.101707427553927
1.1319410145369637
1.1412102362401941
2.251630043506719
2.237795226309046
2.258397598659283
2.2260706698909387
1.1071417930981609
1.1812910101659988
2.1995433463690386
1.1910976460025404
2.2617993310258178
1.445155726365923
1.120433069254224
2.0268433661096874
2.161661942368646
1.376345889256032
1.8046642578732857
1.4639709321620273
1.2348780938361807
2.2190456910135543
1.1037073847484395
1.1404141511847279
1.2633174485876786
2.2295843034169467
2.141157216992385
1.139622880427507
1.2333000324400045
2.2218771804035033
1.1652471885039015
1.2852014112558119
1.1642513299052009
1.7431058770191812
2.058490522607311
1.1357327877281214
2.263332105510464
2.1387051959209256
1.2434901822424473
1.7998203562391584
1.1389813255616634
1.1603549995294569
1.1015947122039969
1.1855296409712792
1.2020115823169497
1.931417183201591
1.1097576986783582
1.209167859624421
1.1584592988110856
2.020784691953373
1.8479848207288898
1.1117513333586628
2.235730279894111
1.6370695480330557
1.1282386392248294
1.9118941073275326
1.869060753975202
1.5470257405769472
1.7670724489006628
2.1475030713662377
1.4144205569896484
1.1404141511847279
1.1438869785187666
1.9839276961623888
1.123917075667975
1.102763194553141
1.1399405156772102
2.238074044413153
1.1672645313237335
1.2236234780713402
2.1062828687185435
1.2051449755329504
1.2250145095264966
1.0992984875610414
1.7629785254503276
2.13148394804312
1.620757657976485
2.1696760885271
1.1086923355896843
1.2536498272844305
1.1061657247352172
1.0991015984969708
1.8362740885668287
2.125058553066839
1.8362740885668287
1.1120768611361767
2.034869794543104
2.0487434032077863
2.1486600658061734
2.2260706698909387
2.1813567864117234
1.2305737576065372
1.1603549995294569
2.178338803092112
1.3785204648876925
1.1304494861482401
1.0991015984969708
1.1365024806003705
1.2214157126586611
2.2564288734306253
1.0978434813551696
1.170352492531115
2.2149158267790234
1.1547708673848212
2.0885271997918466
1.2311338084921828
2.0748482026593162
1.811399372711509
1.2526233204048174
2.137024717295993
1.619580784482933
1.226343936899933
1.2888109712255602
1.0991625645615293
2.2507244235904103
1.3304923607661456
2.1839452273407822
1.2434901822424473
1.40831434475313
2.062345837010821
1.2619590908850375
2.2553203076121595
1.22615775369452
1.1538696015082017
2.0248272462700263
1.1013832755819681
1.2165503083256721
2.0146972279127713
2.2591643889314463
1.7024686207442075
2.158444974943713
2.1632705628403146
1.5044283236098521
1.1636912516701847
1.9454068685985557
2.210191152784698
1.1370964943490054
2.1855188983503395
2.250442077262742
1.8634281897213085
2.2553203076121595
1.1092311488772464
1.9206253288342856
2.1776264760633093
1.1380540679039637
1.734380366819675
1.6016312238625696
2.261501218716808
1.2129795303631155
2.263332105510464
1.3480796222175042
1.196621171511503
1.171397565814921
1.295208369839286
2.2308439241061966
1.931417183201591
1.1308607137769258
2.2635623040265855
1.2619590908850375
2.2495368057089546
2.125058553066839
1.5266095519272882
1.1177397594757041
2.2580048243577275
1.1132802390256535
2.224410515323544
2.2446503142907734
2.2538034289642366
2.263191420702899
1.2051449755329504
2.2175714591525355
1.1177397594757041
1.0995094902019318
1.7145690788999703
1.1662516265717504
1.0987499335611561
1.130016747870282
1.1944227004415129
1.1086923355896843
2.2369109385578203
1.239172867119725
1.1037073847484395
2.0718645107515465
1.1745764340074338
2.1933451965758644
2.1776264760633093
1.1003524037907948
2.2606649301588866
2.066875535174595
2.0807496385699578
1.2312570364956026
1.1522877169154264
2.241452037904602
1.2131332187539963
1.1177397594757041
1.123696931081929
1.144900559537326
1.7280430506090305
1.1567315993327631
1.1735126134589513
1.1326920795851
1.1575244489094785
2.2260706698909387
1.1177397594757041
1.4700982312853725
2.1298515770801005
1.1512016903680873
1.2229039704662168
1.3587448962240918
1.1767288066916344
1.1349669979818797
1.2776204057136833
1.109780469818137
1.8918940343697346
1.11389464013576
1.1522877169154264
1.1365024806003705
2.2635623040265855
2.257378637537747
1.6988741647979373
1.1297089971475147
1.1267827440434224
2.1568931177521757
1.196621171511503
2.083043348973941
2.2107084635648344
2.2260706698909387
1.1283645778827234
2.1995433463690386
1.1097576986783582
1.1370964943490054
1.2506800635279993
2.1302326828417195
1.171397565814921
1.1061657247352172
2.08670724253134
1.1477764375739288
1.1132802390256535
1.6521923244081662
1.1070771335845802
1.4861995983848033
1.5012733823606925
1.1697568755493755
1.1520910834351659
1.8527078205578413
1.8527078205578413
1.0979518537199882
1.0980255641952563
1.992727970204453
2.2627279334281964
2.256035873918783
1.0988419194125183
1.2536498272844305
1.170352492531115
1.9652359306055116
1.143629319239001
1.9859937972356476
1.0999186347756351
1.1114885049095031
1.8498781856978772
1.239744082668871
1.2081805875902905
1.7949357418866894
1.8249420667911203
2.219018102996815
1.1855296409712792
1.4086455481502063
1.1709990372441015
1.0985950121195167
1.1370964943490054
1.2131332187539963
1.1197512209803477
1.7949357418866894
2.216301635124904
1.619580784482933
2.2495368057089546
1.0978569276058834
1.210141892153237
1.9610555988031095
1.2380622075666068
2.1903381849846824
1.1133602601830945
1.212048195390668
1.1086923355896843
2.261501218716808
1.2428201840127084
1.7912845222155458
2.2135214168977706
1.0991015984969708
1.1477764375739288
2.2287951648998248
2.2204535523092788
2.0587997856678157
1.1810987484159299
1.282527665602927
1.120433069254224
1.1380332886292277
1.1709990372441015
1.1297089971475147
2.1035739548376107
1.2243268873786326
1.1004952307197176
2.2541687015998813
1.126060400621161
2.2446503142907734
1.131193490620329
1.7890669728615174
1.0977761438399447
1.0978085047630293
1.2305737576065372
2.119921870284413
1.1810987484159299
1.236475752635935
2.123317455068376
1.1291846860306427
1.9618908022778179
1.1575244489094785
1.1590126240418324
1.0977784161573676
1.123917075667975
1.3083442414199664
1.1642513299052009
1.9762665465796179
1.2300043161739556
1.0989187693589237
1.1799992487010618
1.5123617948692645
1.1855296409712792
1.1594027953177388
1.0987499335611561
1.2724302459458223
1.6664759815578614
2.088502479831542
2.2333186768360482
2.262965505496097
1.1452697921732462
1.107930565578952
1.2497608913925973
1.1412102362401941
1.1428840917396261
2.0904187923685553
1.1469344724513804
2.147014880768389
2.2495368057089546
2.08670724253134
1.2343541272603271
2.1933048555107417
1.1789041041401234
2.234532662899884
1.2547144512923367
2.2131703970287515
1.2084584573292954
1.9921800192052992
1.1480045707608975
1.1494807039267885
1.9075188599241637
1.1944227004415129
2.1995433463690386
2.2513219540210736
1.1013283985567053
2.135337468770788
2.2636302604740095
1.105695743238841
2.0846432469862695
2.172863281186952
1.1010709754741899
2.2353170475967823
2.150649035142981
1.1058697027152284
1.9735659748826946
1.5801746586913616
1.1452697921732462
2.2149158267790234
2.2605503098534365
1.5266095519272882
1.2147965101224847
1.3945424724170066
1.1652471885039015
1.0999739832465794
1.120433069254224
1.1789041041401234
1.161315950780646
2.105415471673578
1.2606451356787955
1.2784025229152685
1.121526482346259
1.1117513333586628
2.0320792371383667
2.1282130104446697
2.262766911370292
1.1145171035708181
1.209167859624421
2.2131703970287515
1.6946435875141839
1.4286274403995627
1.4558259689499584
1.9075188599241637
1.162285665486083
1.1177397594757041
1.138836242904892
1.9568639414194424
1.2957132250165408
2.11486345206766
1.098997360436337
2.1947824100889752
1.1086923355896843
1.2606451356787955
1.1469344724513804
1.1494807039267885
1.0985950121195167
1.1282386392248294
2.155337725176187
1.7530670551460736
1.2464035909184357
1.2794451343457163
2.0217097474469314
2.2617993310258178
1.2198608024696234
1.5170131970437237
1.0979064003765426
1.1039414746300837
2.2541687015998813
2.1964524620603694
1.4424438262993127
1.1778138030364582
1.2491203202555272
1.2100043142267507
1.161315950780646
1.1760654880419013
2.147014880768389
1.1184043104230008
1.161315950780646
2.262766911370292
1.0982160618974668
1.87597823250453
1.705059369723067
1.2547144512923367
1.5262659876864653
2.2283106042536116
1.551975448110302
1.0979672262405475
1.125341925008094
1.0997155454617222
1.4738250377351012
1.1103400035193565
1.1357327877281214
1.7890669728615174
2.160050103905043
1.126060400621161
1.2030658319858862
1.1672645313237335
1.125341925008094
2.2190456910135543
1.811399372711509
1.3083442414199664
1.2305737576065372
1.1076473799860953
1.0993374066069954
2.2353170475967823
2.257118086119155
1.1998771363798493
2.2625021553432245
2.263191420702899
1.1682857618303695
1.1412102362401941
1.1756495486398701
1.252853294952558
1.3097423367668373
1.1037073847484395
1.3891408947236301
1.1672645313237335
1.1404141511847279
1.1112369083342855
1.1452697921732462
1.1304494861482401
1.1013832755819681
1.3172768604721368
1.3785204648876925
1.2566394730679913
1.0985608660466557
1.425341266818209
1.1469344724513804
1.123917075667975
2.0388578458707354
2.20064925437363
1.1343544299646757
1.142011325892743
1.1218123581161188
2.2606649301588866
2.1420468461935616
1.0978189865374033
1.1170815023030074
1.1594027953177388
1.1767288066916344
1.943336686650713
1.1512134906696334
1.161315950780646
1.125341925008094
1.1501257738020236
2.1427508233489205
1.1810987484159299
1.1786581059089534
1.166088530069754
2.2538034289642366
1.1275088521153267
2.2610019129145336
1.2354017116995342
1.1097576986783582
1.0978569276058834
1.1662516265717504
1.3759031137820719
1.1486251099033151
2.137024717295993
1.1334467249024736
2.238074044413153
2.263553681520727
1.8503489709510936
1.2269866650736936
2.2636302604740095
1.494979637405072
1.1040449140006157
1.120433069254224
1.1308607137769258
1.1469594436140829
2.258397598659283
1.4172897867234346
1.1010731525847044
2.2260706698909387
1.7256148925334938
1.1043607750073297
2.241354833735742
1.9639452110687183
1.102748616739349
2.0196348319581596
1.1177397594757041
1.1357327877281214
2.2041431266176046
2.158444974943713
1.1486251099033151
1.9577793435739907
1.6427927165673142
1.40831434475313
1.1520910834351659
1.1584592988110856
1.2228240249660811
1.139622880427507
2.216301635124904
1.1603549995294569
1.1157849937268038
1.2182388417144614
1.2348780938361807
1.1380540679039637
1.946328696020218
1.1501257738020236
1.6497930960302898
2.15843486126857
1.8667424441070597
2.261869002604449
1.1334467249024736
2.0217097474469314
1.436967785471621
1.144446638826542
2.1282130104446697
1.196621171511503
1.2071806261843119
1.1184043104230008
1.1833087305488155
2.2634610301035183
1.0979518537199882
1.2206466350141763
2.2283106042536116
1.1365024806003705
2.2553203076121595
1.204110518654857
1.2633174485876786
1.333619951014468
1.1632641360587492
1.7153430150713727
1.3891408947236301
2.173790824550064
1.120433069254224
1.142817618499125
1.1636912516701847
1.2441820169693902
1.2038940383402204
1.1013283985567053
1.2250145095264966
1.2111021659987165
1.0978434813551696
2.254953711548168
1.1370964943490054
2.216114232532656
1.1088237844329647
1.1132802390256535
1.1922086920881534
1.5361347938457337
2.0961129303615347
1.231685425667896
1.558285827239472
2.160050103905043
1.6254631039167315
1.4201457770235144
2.2456736279823253
2.2577744650850247
2.0979923709909327
1.1520910834351659
1.102763194553141
1.1735126134589513
1.3017194625450441
2.261869002604449
1.6920491816351972
2.034869794543104
1.7024686207442075
1.2030658319858862
2.1964524620603694
1.100227512105006
1.1786581059089534
1.6711884641338397
2.140379154451768
1.1267827440434224
1.209167859624421
1.9412635412943626
1.9249575830651142
1.0981124898383539
1.2276154520238698
2.1215678497917425
1.1380332886292277
2.2577744650850247
1.0984355412317652
2.2521758535531844
1.226343936899933
1.1767288066916344
1.169315148477308
1.138836242904892
1.131193490620329
2.102796067326603
1.1844181099772355
2.1490781689261227
1.3811528542389566
1.453185113303251
2.0485895671517924
1.210141892153237
1.259374880769632
1.1267603902846643
1.2009484520051739
1.9516020583554874
1.1157849937268038
1.126060400621161
1.2300043161739556
2.190223764484985
1.2547144512923367
2.263332105510464
1.102748616739349
2.2476524394113646
1.8828382600064362
1.1102402067714998
1.1469344724513804
1.0982160618974668
1.1031425229592138
1.1520910834351659
2.2369109385578203
1.170352492531115
1.1297089971475147
2.253003200798431
1.206168553995926
1.1043607750073297
1.1319410145369637
1.7900422888845156
1.0995094902019318
1.9714870607736783
1.2741129416255592
1.5633036600612191
1.0992984875610414
2.2476524394113646
2.1519357126151406
1.1512016903680873
1.1289720375374799
2.240345198201924
1.1024468439088975
2.2589870995307613
1.7153430150713727
2.062345837010821
1.11389464013576
1.7670724489006628
1.9442109385479807
2.2308439241061966
2.216114232532656
2.068078247658918
1.2030658319858862
1.2348780938361807
2.2541687015998813
2.2633506997500232
1.099521769658109
1.0979064003765426
2.101722921877185
2.13364320522006
2.263332105510464
1.9921800192052992
1.1156626332894173
1.735595366497069
2.0485895671517924
1.1289720375374799
2.257118086119155
2.2622027539778484
2.0085844880913317
2.1962558510020105
1.1452697921732462
2.260063779096561
1.9777170650595588
2.2424965078689416
2.2497900546943934
1.1735098389970986
1.8724009540893187
1.281317035845619
2.161661942368646
1.2743286729707521
1.161315950780646
1.1120768611361767
1.1058697027152284
1.2294245821381922
1.2784025229152685
1.101707427553927
2.246674538324623
1.1133602601830945
1.1122766265468282
1.1565981639673133
1.4584490776571626
2.184363141597773
1.1632641360587492
2.2274404868560302
1.6134759798511584
1.1529763949222969
1.1326920795851
2.2146470189041656
1.0985950121195167
2.2631669180269944
1.6076632146037104
2.262766911370292
2.0865772469966473
1.1023974886996022
1.2243268873786326
1.1724501104972678
1.2250145095264966
1.1662516265717504
1.138836242904892
2.128515967398551
1.1844181099772355
1.1184043104230008
1.0988419194125183
1.1799992487010618
2.250442077262742
1.0977927563847005
1.2156814546062842
1.2131332187539963
2.2365661748231633
2.0728656824956664
2.1387051959209256
1.1632641360587492
1.1460989970068383
1.171397565814921
1.8521420068780816
1.58326983988396
1.1844181099772355
2.260197165149868
1.1304494861482401
2.2617993310258178
2.2176784063420234
1.1894381540709353
1.1342050067302814
2.202615232961579
1.099521769658109
2.2634610301035183
1.104793052880832
1.1035353343997727
1.7145690788999703
1.3910954775458264
1.1308607137769258
1.1632641360587492
1.572704080253054
1.1724501104972678
2.0388578458707354
1.1282386392248294
2.013411815115834
2.2436145918084622
2.184363141597773
1.2081805875902905
1.1994370680902338
1.161315950780646
1.1372761961125533
1.2214157126586611
2.263191420702899
2.161538551346109
1.9839276961623888
2.2580048243577275
1.115147322566332
1.196621171511503
1.1380540679039637
2.2135214168977706
2.2260706698909387
1.11391881461809
1.3304923607661456
1.9947908158686984
1.2198608024696234
1.1103400035193565
1.11391881461809
1.102763194553141
1.6920491816351972
1.0980392279870062
1.9962940498692059
1.1866802881568577
1.2354017116995342
1.1246274376041772
1.1013832755819681
2.1420468461935616
2.254953711548168
2.012662299798085
2.077488429087364
1.1001309476715564
2.237795226309046
1.1144886641698544
1.1894381540709353
2.2625021553432245
2.216114232532656
1.1460989970068383
1.2624179854070428
2.1537786706130957
2.2634743860552136
2.2204535523092788
1.2051449755329504
1.099521769658109
2.204996888203134
1.5361347938457337
2.247837473334069
1.1304494861482401
2.257118086119155
2.2577744650850247
2.216114232532656
1.1412102362401941
1.1724501104972678
1.1122766265468282
1.240327916869025
1.2322296192573734
1.775312070895345
1.1282386392248294
1.0999739832465794
1.2354017116995342
1.1040449140006157
1.1477764375739288
1.2516337948258849
1.1007771217092535
1.5563034478134845
2.2204535523092788
1.4311351959491707
1.6473893637500747
2.1664788252800173
2.0106246840114723
1.1652471885039015
1.1092855967992412
1.1031425229592138
1.9859937972356476
2.1363455071720003
2.263553681520727
2.1379547263271186
1.105695743238841
2.175309585805608
2.0718645107515465
2.161538551346109
1.0997346466447493
1.9140855492550126
1.170352492531115
2.202103920792565
1.1933172799845448
2.2447084008154747
2.2260706698909387
2.2401902619064815
1.1023974886996022
2.1062828687185435
2.2232883467617683
1.4609236702863806
1.099521769658109
1.1529763949222969
1.1672645313237335
1.5331826105263628
1.2243268873786326
1.1538696015082017
1.856663934070274
1.2244843446920268
1.239744082668871
1.1789041041401234
2.0388578458707354
2.247837473334069
1.1157849937268038
1.2428201840127084
1.2250145095264966
1.161315950780646
1.9797893625105671
1.1304494861482401
2.1933451965758644
1.2497608913925973
2.0787904153310306
2.216114232532656
2.1568931177521757
2.056766965537273
1.1229613421534503
1.2421704959079953
1.204110518654857
1.1013832755819681
2.257118086119155
1.1010731525847044
1.5107514966583815
1.2071806261843119
1.1304494861482401
2.1535666660738078
1.843241186828152
1.1745764340074338
1.11642981811046
1.0978434813551696
1.4505264491139958
2.2538034289642366
1.1404141511847279
1.1372761961125533
1.2804587005408992
1.1933172799845448
2.116266367090723
1.9245443687668777
1.123917075667975
1.2428201840127084
1.6805313781382851
1.1039414746300837
2.2625021553432245
1.1083721455859668
2.1265680905491187
2.261869002604449
2.261869002604449
1.2418146042753824
1.4934595284104735
1.1745764340074338
1.2454407213158465
1.0985950121195167
2.2010818434040287
2.1888494178767335
2.1427508233489205
2.180790525147738
2.1080144256102002
1.238612745854214
1.1066650642696343
1.1520910834351659
2.234532662899884
1.8071293443492922
2.1855188983503395
1.1682857618303695
1.1877567077379532
1.9694058049481011
1.8095604994851284
1.7234147106924027
2.194900729060172
2.125058553066839
1.115147322566332
1.9547635665848386
1.1074989316547583
1.2348780938361807
2.2495368057089546
1.1120768611361767
1.1365024806003705
1.115069906178538
1.2322296192573734
1.0977861155620265
1.1662516265717504
2.1661551011317854
2.160050103905043
1.108164318725294
1.2156814546062842
1.182202088869639
2.2135214168977706
1.0985608660466557
1.57980764776506
1.0991625645615293
2.2513219540210736
1.1594027953177388
2.030864516502597
2.1798492181294837
1.170352492531115
1.212048195390668
2.2629967495303034
2.1537786706130957
1.1735098389970986
1.2516337948258849
1.2276154520238698
2.2436052052144033
1.2269866650736936
2.2283106042536116
2.1707449965603525
2.2525063345758696
1.1132802390256535
1.1289720375374799
1.0984539142309835
1.238612745854214
1.3073042321961243
1.3359961084430507
1.3945424724170066
1.6225284510959828
1.57980764776506
1.1208271779234176
1.108164318725294
1.2846093852416982
1.106647822943508
1.2084584573292954
1.142817618499125
1.87597823250453
2.1379547263271186
1.1023974886996022
1.2300043161739556
1.2633174485876786
2.204996888203134
1.2236234780713402
1.5297849720848886
1.1767288066916344
2.2495368057089546
1.1076473799860953
1.1144886641698544
2.0628493801187506
1.0978434813551696
1.963147123616855
2.207865969852851
1.1297089971475147
2.2230859328560255
2.2457772591603034
2.2635623040265855
1.1380540679039637
1.11389464013576
1.5308780013556216
1.1357327877281214
1.104793052880832
1.385199314522792
1.123917075667975
2.2436145918084622
1.2054034256125468
1.1747841130372483
1.0988419194125183
2.234048556593907
2.2538034289642366
2.0998623840847572
2.2629967495303034
1.1778138030364582
1.2741129416255592
1.1117513333586628
1.2509801449700095
1.169315148477308
1.102763194553141
1.1438869785187666
1.1289720375374799
1.142011325892743
1.0993374066069954
1.0991625645615293
1.210141892153237
1.170352492531115
1.5377919411117866
1.2633174485876786
1.297948253861511
1.1567315993327631
1.1021539401742984
2.0998623840847572
1.1304494861482401
1.8288985014895682
1.1877567077379532
1.0979672262405475
1.0997346466447493
2.2424965078689416
2.2622027539778484
1.3707132179449149
1.2250145095264966
2.202103920792565
1.1107332378849197
2.2353170475967823
1.1061657247352172
2.174453310194604
1.9721590991839093
1.5012733823606925
2.224410515323544
2.06082736077929
1.1267827440434224
2.2633506997500232
1.2547397466628474
1.1066650642696343
2.2617993310258178
1.1460989970068383
2.1768255831515093
2.2577744650850247
1.8498781856978772
1.2322296192573734
1.4224661551807705
2.247837473334069
1.2338285228782888
1.1826227641828155
1.1058697027152284
1.1922086920881534
1.1184043104230008
2.2135214168977706
1.1003524037907948
1.155605782270679
1.143629319239001
1.399905070328554
2.2146470189041656
1.3822480609686745
2.262144711370437
1.755549134691099
1.1632641360587492
2.1760410326704402
2.2369109385578203
1.1575244489094785
1.5645746312166509
1.843241186828152
1.545647963603592
1.162285665486083
1.1565981639673133
1.379296461313155
1.2585524440018767
2.240345198201924
1.6972610503743186
1.1061657247352172
1.6711884641338397
1.9139441002507969
2.2447084008154747
1.2111021659987165
2.075621332604559
1.7580283070232103
1.1040449140006157
1.1365024806003705
2.256722154575498
2.2634743860552136
1.907493314184566
1.104793052880832
2.246820501350549
1.5470257405769472
1.9577793435739907
1.2558182740926742
1.1097576986783582
1.1799992487010618
2.2564288734306253
1.745601635471213
1.9844890578845287
1.142817618499125
1.1520910834351659
2.0865772469966473
1.1778138030364582
2.140379154451768
1.1117513333586628
1.1565981639673133
1.1325841306328839
1.2354017116995342
1.2348780938361807
1.0983205534856528
1.1460989970068383
1.2190581935765104
1.1365024806003705
1.9886061184303558
1.750581901589484
2.260197165149868
1.229544053328251
1.5354870711589177
1.168524419470014
1.11389464013576
1.143629319239001
2.241354833735742
2.2533527349181663
1.1024468439088975
1.1452697921732462
1.126060400621161
1.7824354203683668
1.1319410145369637
1.0977784161573676
1.963147123616855
2.263553681520727
1.0999186347756351
1.1218123581161188
2.2333186768360482
1.2305737576065372
2.256722154575498
2.0885271997918466
1.125341925008094
1.106647822943508
1.7900422888845156
2.2353170475967823
1.171397565814921
2.257378637537747
1.1061657247352172
2.210191152784698
1.169315148477308
2.2232883467617683
1.2506800635279993
2.262144711370437
1.903068034282975
1.0985608660466557
1.1979747649779369
1.8362740885668287
2.1947824100889752
1.1767288066916344
1.1188014089242986
1.7406067280777453
1.5308780013556216
2.262144711370437
1.8667424441070597
2.1813567864117234
1.9865470223433603
1.0980255641952563
1.1003524037907948
1.1520910834351659
1.0978434813551696
2.234048556593907
1.126060400621161
1.106647822943508
2.263553681520727
1.1844181099772355
1.3891408947236301
1.1469344724513804
1.2305737576065372
2.0388578458707354
1.4458661452018142
2.2010818434040287
1.1070771335845802
2.2436052052144033
2.2634743860552136
1.9901199561340859
1.3940378368363346
2.184363141597773
2.10104070904879
1.2569623203454696
2.1664788252800173
2.1302326828417195
2.2301340120064
1.1899848422500467
2.190223764484985
2.158444974943713
1.123696931081929
1.9989204412098605
1.1565981639673133
1.1357327877281214
1.1365024806003705
1.3359961084430507
1.0992984875610414
1.4793647954263272
2.1991895133808272
1.829471798104384
2.112686784351887
1.1575244489094785
1.363039082995612
1.1652471885039015
2.1062828687185435
1.1225093587331847
2.263332105510464
1.1486251099033151
2.159993415825519
1.115147322566332
1.2190581935765104
1.1789041041401234
2.2497900546943934
1.402759684112872
2.0051244648524538
1.7924900895666822
1.1372761961125533
1.1162669330324746
1.4548638541132457
1.1070771335845802
1.2250145095264966
1.170352492531115
1.91607471901466
1.1211201904881667
2.052686852227769
1.1529763949222969
1.225686715597667
1.11389464013576
1.5985978267652172
1.8046642578732857
1.7648880941196408
2.263553681520727
2.259696845483078
2.2476524394113646
1.1469344724513804
1.9118079721344587
2.2369109385578203
1.4000052929877227
2.0362200813883646
1.1035353343997727
2.2591643889314463
2.0885271997918466
1.1357327877281214
1.3456355668919258
1.88963986496862
2.054609673298744
2.254953711548168
1.1010731525847044
1.1584592988110856
1.335976637838874
1.6341879051062818
1.269206434518526
1.102763194553141
2.0485895671517924
1.123696931081929
1.0985608660466557
2.204996888203134
2.220403026300904
2.2580048243577275
1.1037073847484395
2.204996888203134
1.907493314184566
2.1319416873540655
1.1043914963061172
1.143629319239001
1.1380332886292277
1.1944227004415129
2.220403026300904
2.2283106042536116
2.038287932760084
1.0988419194125183
1.2343541272603271
2.184363141597773
1.3128241163622574
2.2580048243577275
1.916271158209092
1.6782062105555855
1.1357327877281214
1.9227941317414845
1.2369839208485676
1.1372761961125533
1.281317035845619
2.152215820541923
2.234048556593907
2.2633506997500232
1.745601635471213
1.1177397594757041
1.1021539401742984
2.1947824100889752
2.2447084008154747
1.1168828874319896
1.0995094902019318
1.750581901589484
2.011338626415603
1.2763591679815924
2.1387051959209256
1.2506800635279993
1.2020115823169497
2.237795226309046
2.1062828687185435
1.11642981811046
2.2218771804035033
1.1833087305488155
1.2327674510048268
1.097891210888263
1.1007771217092535
1.1122766265468282
1.7736395294560017
2.257118086119155
2.2301340120064
1.2724302459458223
1.209167859624421
1.1789041041401234
1.9206253288342856
1.813650370513764
1.2846093852416982
2.216114232532656
1.155605782270679
1.9762665465796179
1.1157849937268038
1.1922086920881534
1.0980255641952563
2.2146470189041656
1.1922086920881534
1.1365024806003705
2.2353170475967823
1.1357327877281214
1.0978189865374033
1.1933172799845448
2.025859250820602
1.1325841306328839
1.1547708673848212
1.212048195390668
1.5539785947368243
1.1197512209803477
1.1756495486398701
1.5863556926130813
2.263614303561882
2.2457772591603034
2.261418330298666
2.2634743860552136
2.2495368057089546
2.2056651121710487
1.126060400621161
2.135337468770788
1.2009109720500428
1.171397565814921
1.142817618499125
1.1319410145369637
1.1486251099033151
2.202615232961579
1.1024468439088975
1.1024468439088975
1.333221807816882
1.0992984875610414
1.2030658319858862
1.1460989970068383
2.261418330298666
2.0403536820334596
2.2353170475967823
1.2536498272844305
2.2625021553432245
2.1302326828417195
1.102045529923666
1.5239573546981653
2.1265680905491187
2.1486600658061734
2.1395585737081397
2.052686852227769
1.197712779915968
2.2606649301588866
1.1102402067714998
2.056553209424748
1.9096662485708717
1.9454068685985557
1.5677095947473139
1.8620875892093547
1.1520910834351659
1.2558182740926742
2.116266367090723
1.0977784161573676
1.131193490620329
1.1023974886996022
1.327789782535319
1.8312996839053626
1.9526599904485624
1.0979518537199882
2.2577744650850247
2.2295843034169467
1.5262659876864653
1.101707427553927
1.2333000324400045
1.856663934070274
1.1013283985567053
1.6134759798511584
1.1145171035708181
1.1372761961125533
1.0991015984969708
1.1010709754741899
1.9096662485708717
1.8144143549473322
1.2471977253075806
1.1380540679039637
2.2131703970287515
2.259542605319324
1.1672645313237335
1.2229039704662168
2.1680787670950785
2.0957263248591915
2.092326048213193
1.1058697027152284
2.0485895671517924
1.3224710382995641
1.8901331554624543
1.171397565814921
1.9557218325174153
2.256722154575498
2.2121188268764254
2.2175714591525355
1.170352492531115
1.1538696015082017
1.1789041041401234
1.225686715597667
2.204996888203134
1.453185113303251
1.2288337095429798
2.2369109385578203
2.038287932760084
1.2243268873786326
1.2758429883324065
1.2516337948258849
1.1066650642696343
2.2175714591525355
1.0982160618974668
1.1747841130372483
1.1225093587331847
1.931417183201591
1.2165503083256721
2.2589870995307613
2.0237846260063392
2.1692178903063106
1.1760654880419013
1.6521923244081662
1.107930565578952
1.8879345176620719
2.1453644527714317
2.2541687015998813
1.222168112918318
2.2525063345758696
1.1833087305488155
1.3147298493370931
1.1282386392248294
1.1246274376041772
1.139622880427507
1.1211201904881667
1.0980255641952563
1.0985950121195167
1.1074989316547583
1.2663360816224283
2.124916663578397
2.0237846260063392
1.1013283985567053
1.4886321617339044
2.141157216992385
2.254953711548168
1.125341925008094
1.098212770561478
1.463642567531797
1.0988419194125183
1.2333000324400045
1.2784025229152685
2.2146470189041656
2.0362200813883646
1.1010731525847044
1.1232109928627376
2.1664788252800173
1.1097576986783582
1.1325841306328839
1.483753647092495
1.1452697921732462
1.373397752827793
1.1944227004415129
1.144446638826542
2.2301340120064
1.1133602601830945
2.259696845483078
1.8550612338230994
2.260063779096561
1.1039414746300837
1.144446638826542
2.20355323128867
1.1326920795851
2.1437085267446108
2.1886583169368046
1.2409259035938394
2.1035739548376107
1.104793052880832
1.1724501104972678
2.038287932760084
1.169315148477308
1.445155726365923
1.1043914963061172
2.068078247658918
1.1724501104972678
1.196621171511503
2.2353170475967823
2.1947824100889752
2.1947824100889752
1.8544040212703874
1.1334467249024736
1.131193490620329
1.1076473799860953
1.545647963603592
1.0997346466447493
1.0981124898383539
1.1162669330324746
1.2288337095429798
2.2488275336741714
1.1040449140006157
1.258147555005585
1.1812910101659988
1.123696931081929
1.879087301585476
1.2030658319858862
1.8988718598534975
2.0320792371383667
2.256035873918783
2.262965505496097
1.1232109928627376
2.1568160157818212
2.251630043506719
1.1117513333586628
1.1092311488772464
2.2635623040265855
2.155193357434622
2.2436145918084622
1.2276154520238698
1.9292689693406797
1.1409107680585573
2.042827275334587
1.2282309096742605
1.2776204057136833
1.54247924477659
1.3097423367668373
1.1603549995294569
1.098997360436337
1.829471798104384
1.473177442475471
1.0989187693589237
1.0986963744982872
1.2195424058505417
1.142817618499125
2.235730279894111
2.262965505496097
2.185861770214183
1.143629319239001
2.263614303561882
1.2163123474331223
2.246674538324623
2.1991895133808272
1.2333000324400045
1.1246274376041772
1.9032068936337276
1.142011325892743
1.651277497851943
1.656868133335646
2.2149158267790234
1.1225093587331847
1.2359263081780247
2.088502479831542
2.257378637537747
2.259542605319324
2.2283106042536116
1.2606451356787955
1.0992984875610414
2.2149158267790234
1.1877567077379532
2.2056651121710487
1.1877567077379532
2.2283106042536116
1.2269866650736936
1.1404141511847279
2.0587997856678157
1.3312570949671692
2.20355323128867
1.1575244489094785
1.2409259035938394
1.596551696381938
2.258397598659283
1.1372761961125533
1.144446638826542
1.327789782535319
1.939187194555097
1.124444635914505
1.453185113303251
1.4887110929912941
1.2973661104531924
1.1682857618303695
1.7736395294560017
2.2521758535531844
1.5563034478134845
1.1275088521153267
1.1544898254715195
1.813650370513764
2.2635623040265855
2.2230859328560255
1.6134759798511584
2.1108830841194415
2.2488275336741714
1.1184043104230008
1.143629319239001
1.2497608913925973
1.385199314522792
1.104793052880832
1.1412102362401941
1.9906664165260097
1.33875534191153
1.2071806261843119
2.0728656824956664
1.1672645313237335
1.3312570949671692
2.2486067282639266
2.155337725176187
1.131193490620329
1.1103400035193565
2.077488429087364
1.196621171511503
1.1789041041401234
1.2354017116995342
1.1799992487010618
1.5262659876864653
1.1267827440434224
1.0977927563847005
2.1798492181294837
2.246820501350549
1.104793052880832
1.1682857618303695
1.1547708673848212
1.105695743238841
1.2536498272844305
2.259542605319324
1.2300043161739556
1.169315148477308
1.144446638826542
2.2175714591525355
2.262965505496097
1.782686398174653
2.2425389099155404
2.2314563295806797
1.0978085047630293
1.836089640063214
1.2676648860443822
1.431423907569973
1.2516337948258849
1.319857695420027
1.705059369723067
1.1326920795851
2.2605503098534365
1.963147123616855
2.262144711370437
2.054609673298744
2.2525063345758696
1.1128128992785167
1.755549134691099
1.0977784161573676
1.1575244489094785
1.197712779915968
2.038287932760084
1.142011325892743
1.319857695420027
1.2547397466628474
1.2456372341649957
1.1833087305488155
2.2446503142907734
1.161315950780646
1.1109094499423193
2.2533527349181663
1.813650370513764
1.1013283985567053
2.2190456910135543
2.250442077262742
2.2327614137358087
1.0999739832465794
1.1724501104972678
1.9096967279949086
2.2295843034169467
1.2723110766585533
2.211684927692572
1.33875534191153
1.109780469818137
1.142817618499125
2.0865772469966473
1.8644180249128703
2.2538034289642366
1.0984355412317652
2.2610019129145336
1.1282386392248294
1.0984355412317652
2.2553203076121595
1.2030658319858862
1.5551330590770238
1.5170131970437237
1.3945424724170066
1.3017194625450441
1.102045529923666
1.1565981639673133
1.8216720240145903
2.013411815115834
2.2577744650850247
2.0807496385699578
1.1308607137769258
1.1170815023030074
2.2204535523092788
1.8901331554624543
1.800190386143071
1.155680343073408
1.126060400621161
2.161661942368646
1.1778138030364582
2.044477666887711
2.260063779096561
1.101707427553927
1.1520910834351659
2.1072474792613796
1.2229039704662168
1.9032068936337276
1.1486251099033151
2.2401902619064815
1.1188014089242986
1.5677095947473139
1.9399635600857594
1.2311338084921828
1.210141892153237
2.234532662899884
2.1632705628403146
1.1267827440434224
1.1594027953177388
1.155680343073408
1.1304494861482401
2.13364320522006
1.122237863583918
1.9118941073275326
1.1594027953177388
1.1404141511847279
2.17920964590316
2.263191420702899
2.2308439241061966
1.3083442414199664
1.1756495486398701
1.1855296409712792
2.260063779096561
1.8701634833976313
1.9249575830651142
2.1632705628403146
1.495855589647832
1.5266095519272882
1.1672645313237335
1.162285665486083
2.254953711548168
1.9901199561340859
1.1855296409712792
1.101869896156941
2.2631669180269944
1.1232109928627376
2.1035739548376107
1.0980255641952563
1.143629319239001
1.142011325892743
2.2525063345758696
2.2217499363720306
1.2138957590858586
1.225686715597667
2.0957263248591915
2.088502479831542
1.2497608913925973
1.7654498327159547
1.4700982312853725
2.06082736077929
1.196621171511503
1.170352492531115
1.654079339405849
1.3945424724170066
2.2541687015998813
1.0987499335611561
1.3061233325950778
2.262965505496097
1.1933172799845448
2.0237846260063392
2.1568931177521757
1.4424438262993127
1.750581901589484
1.0980392279870062
1.142011325892743
1.3940378368363346
1.125341925008094
1.1225093587331847
1.210141892153237
1.1486251099033151
1.2081805875902905
1.2343541272603271
2.150649035142981
1.0997346466447493
1.6874637086562523
2.1319416873540655
1.3073042321961243
1.0989187693589237
1.1103400035193565
1.119074884575035
1.1117513333586628
1.0984355412317652
2.1918233862793493
1.1452697921732462
2.2401902619064815
1.0978085047630293
1.6427927165673142
1.1590126240418324
1.1043914963061172
1.104793052880832
2.257378637537747
1.1232109928627376
1.2359263081780247
1.2758429883324065
2.2635623040265855
1.1297089971475147
2.2631669180269944
2.184363141597773
1.1922086920881534
1.2428201840127084
1.1603549995294569
1.1035353343997727
2.2553203076121595
2.075621332604559
1.1001309476715564
2.101722921877185
2.2365661748231633
1.142011325892743
1.8857304816538818
1.6086279385216944
2.239218998512275
1.2348780938361807
1.689760039530584
2.254575980423811
2.0939386852603663
2.262144711370437
1.703389880984906
1.1735098389970986
1.1998771363798493
1.2311338084921828
1.130016747870282
1.5262659876864653
1.2311338084921828
1.206168553995926
2.125058553066839
2.1080144256102002
1.1008224733116732
2.141157216992385
1.1342050067302814
1.551975448110302
2.054609673298744
1.6225284510959828
2.261501218716808
1.161315950780646
2.2495368057089546
2.202615232961579
1.2375197574990062
1.2009484520051739
2.112686784351887
1.196621171511503
1.1565981639673133
1.1866802881568577
1.144446638826542
1.689760039530584
1.1642513299052009
1.2333000324400045
2.2295843034169467
2.0106246840114723
2.2041431266176046
2.1535666660738078
2.234532662899884
1.572704080253054
1.0978085047630293
1.248874998407413
2.0748482026593162
1.9371074130132604
2.261418330298666
1.9484426948126352
1.1013283985567053
1.1109094499423193
1.1156626332894173
1.931417183201591
2.197724962762061
1.2441820169693902
2.1568931177521757
1.197712779915968
1.1128128992785167
1.4000052929877227
1.2244843446920268
1.2724302459458223
2.08670724253134
1.1122766265468282
2.2541687015998813
1.413929901028673
2.254953711548168
2.2580048243577275
1.1469594436140829
2.2476524394113646
1.3312570949671692
2.262766911370292
1.0991015984969708
2.1486600658061734
1.1529763949222969
2.2230859328560255
1.125976378375833
1.1092311488772464
1.2509801449700095
1.1120768611361767
1.1652471885039015
1.8521420068780816
1.8550612338230994
1.2182388417144614
1.2329832939112786
1.10523811204287
2.2232883467617683
2.256722154575498
1.7935056453423568
1.239172867119725
1.1275088521153267
1.0981124898383539
1.2269866650736936
1.2190581935765104
1.2348780938361807
1.8589214549956483
2.2606649301588866
1.2418146042753824
1.1682857618303695
1.6231858579379081
1.4855876106675197
1.1520910834351659
2.2622027539778484
1.1349669979818797
1.8317384743915959
1.2526233204048174
1.6399378188872964
2.028855842809871
2.2270233792594802
1.9140855492550126
1.1372761961125533
1.0991625645615293
2.003055230900724
1.1745764340074338
2.0526600801596806
1.1232109928627376
2.2580048243577275
2.241354833735742
1.7530670551460736
2.253003200798431
1.6231858579379081
1.1786581059089534
2.1870899740335807
1.107930565578952
2.2636302604740095
1.4167603550902779
2.2627279334281964
1.1114885049095031
2.0827006491615885
2.224410515323544
1.7670724489006628
1.1188014089242986
1.0983265378932832
1.1642513299052009
1.1342050067302814
1.2190581935765104
1.1722509368284564
1.7629785254503276
1.6593597894069156
1.1438869785187666
1.142011325892743
1.3147298493370931
1.240327916869025
1.1888709705343714
1.1372761961125533
1.0977861155620265
1.1007771217092535
2.1661551011317854
1.3105778267260113
1.1349669979818797
2.119921870284413
2.2627279334281964
1.1372761961125533
1.0979518537199882
1.0999739832465794
2.260197165149868
2.2533527349181663
1.1987983411634187
1.1404141511847279
2.235730279894111
1.780230341280259
1.162285665486083
1.1010709754741899
1.125341925008094
2.2495368057089546
2.2610019129145336
1.0977784161573676
1.123917075667975
1.1208271779234176
1.120433069254224
2.1630804837421245
2.099277319247394
1.9610555988031095
1.2421704959079953
2.2056651121710487
1.7846424776009377
1.2606451356787955
1.122237863583918
2.1991895133808272
1.120433069254224
2.2314563295806797
1.2269866650736936
1.61066125891348
1.8249420667911203
1.1112369083342855
1.0992984875610414
1.4201457770235144
1.136171030242701
1.1486251099033151
1.0979064003765426
1.1855296409712792
2.1568931177521757
1.1047471935617033
2.042827275334587
1.162285665486083
1.4762664488643984
1.1404141511847279
1.1756495486398701
1.457887854825212
2.238074044413153
2.202615232961579
1.333619951014468
1.5331826105263628
1.7692589952461795
1.1112369083342855
2.160050103905043
1.1304494861482401
2.2591643889314463
1.100227512105006
1.098997360436337
1.0977784161573676
1.5801746586913616
1.144900559537326
2.206434577687509
1.2244843446920268
1.379296461313155
1.8634281897213085
2.2507244235904103
2.1886583169368046
2.109738178108212
2.2401902619064815
2.2131703970287515
2.261501218716808
1.5193316251599152
1.11391881461809
1.1745764340074338
1.1520910834351659
1.1877567077379532
2.109070002504388
1.107930565578952
1.197712779915968
1.126060400621161
1.1071417930981609
1.745601635471213
2.2232883467617683
1.1486251099033151
1.3838003501801117
2.1363455071720003
1.1477764375739288
1.361658751905849
1.2547144512923367
2.0998623840847572
2.2564288734306253
2.197724962762061
1.6758739374497729
1.1334467249024736
1.4399326578782903
1.102748616739349
2.254953711548168
2.2295843034169467
1.1177397594757041
1.780230341280259
1.9818595604430953
1.760524993196535
1.3605101802614512
1.1477764375739288
1.1071417930981609
1.155680343073408
2.2634610301035183
1.2421704959079953
1.155605782270679
2.2495368057089546
1.8963828990722336
1.123917075667975
1.4311351959491707
1.8024256298767793
1.1756495486398701
2.258600231047655
1.209167859624421
1.0986963744982872
1.1888709705343714
1.297948253861511
1.0977861155620265
1.1735126134589513
1.1833087305488155
1.9516020583554874
1.4687671186495261
2.1813567864117234
1.2421704959079953
1.142817618499125
1.2359263081780247
1.6782062105555855
1.7255151127295054
1.1404141511847279
1.0999186347756351
1.0991625645615293
1.2165503083256721
1.33875534191153
1.6651575972192936
1.1043914963061172
1.1184043104230008
1.1512016903680873
1.1283645778827234
1.54247924477659
1.2327674510048268
1.1538696015082017
1.1486251099033151
1.1177397594757041
1.1184043104230008
1.1745764340074338
1.121526482346259
2.174453310194604
2.2525063345758696
1.7123449661169292
1.1370964943490054
1.144900559537326
1.1512134906696334
1.3945424724170066
1.1275088521153267
1.3472193423038248
1.1477764375739288
1.1120768611361767
1.2867038294017779
1.2282309096742605
2.0748482026593162
1.1682857618303695
1.5563034478134845
1.6134759798511584
1.9206253288342856
1.1054862172213495
1.23645324608626
1.2409259035938394
1.143629319239001
2.0688790793122465
1.1799992487010618
1.1760654880419013
1.101707427553927
1.2269866650736936
1.1603549995294569
1.1799992487010618
2.0787904153310306
2.258600231047655
1.1625070859530087
1.836089640063214
1.2333000324400045
1.1662516265717504
2.2456736279823253
1.143629319239001
1.1267603902846643
1.2165503083256721
1.1866802881568577
2.2204535523092788
1.9118941073275326
2.123258580049854
1.7979586051789893
1.2051449755329504
1.9484426948126352
1.9454068685985557
1.9673221250308077
2.2564288734306253
1.1211201904881667
1.869060753975202
2.0768231939641018
2.246820501350549
2.2041431266176046
2.238074044413153
2.1991895133808272
1.1157849937268038
1.1745764340074338
1.1494807039267885
1.106647822943508
1.0983265378932832
2.1535666660738078
1.115147322566332
1.0980392279870062
1.8805580443813408
1.0985950121195167
1.112674209283064
1.108164318725294
1.8941417040601805
2.0487434032077863
1.1855296409712792
1.1477764375739288
1.4886321617339044
2.046535284723699
1.3105778267260113
1.319857695420027
2.2591643889314463
1.1005829325521501
1.0987499335611561
1.125976378375833
1.4855876106675197
1.162285665486083
1.6943311920553383
2.2631669180269944
2.194900729060172
2.1267913258357587
1.1789041041401234
1.0977784161573676
1.1035353343997727
1.102045529923666
1.2322296192573734
1.1275088521153267
1.1092311488772464
1.195084502069317
1.1061657247352172
1.2051449755329504
1.1071417930981609
1.131193490620329
2.2146470189041656
1.2354017116995342
2.178338803092112
1.1177397594757041
2.0506401961896636
1.2190581935765104
2.2086895944269154
1.1031425229592138
1.1922086920881534
2.2633506997500232
1.9735659748826946
1.3224710382995641
1.654079339405849
2.092326048213193
1.1460989970068383
1.838478097489404
2.155337725176187
2.2175714591525355
1.9714870607736783
2.2353170475967823
2.2301340120064
1.142817618499125
1.11391881461809
1.1494807039267885
2.2131703970287515
1.1547708673848212
1.162285665486083
1.4057415000171898
1.9378336419994144
1.2348780938361807
1.1342050067302814
1.931417183201591
2.1648761378707033
1.231685425667896
1.1325841306328839
1.1007771217092535
1.1030592775586034
2.1632705628403146
2.258397598659283
1.5266095519272882
1.1460989970068383
1.139622880427507
2.2610997413047267
2.2636302604740095
1.2930632586626671
2.262965505496097
1.142011325892743
1.295208369839286
2.075621332604559
1.795730345516136
2.262144711370437
1.2163123474331223
1.9484426948126352
1.239172867119725
1.1211201904881667
1.1319410145369637
1.2456372341649957
1.478819334519549
2.256035873918783
1.1061657247352172
2.2627279334281964
2.0865772469966473
1.9714870607736783
1.1590126240418324
2.2610997413047267
2.224410515323544
1.1007771217092535
1.142817618499125
1.1145171035708181
1.1888709705343714
2.0975058653687073
2.224686398170776
1.0981124898383539
2.0718645107515465
2.2624542950612874
1.2676648860443822
1.2294245821381922
1.2182388417144614
1.436967785471621
1.1642513299052009
2.0328692230369443
1.1370964943490054
2.1776264760633093
1.1477764375739288
1.8527078205578413
1.710115226652899
1.1103400035193565
1.6473893637500747
1.126060400621161
2.2390034913677663
2.034869794543104
1.3704534913461417
1.4887110929912941
1.2214157126586611
1.2282309096742605
1.1112369083342855
2.2625021553432245
2.2010818434040287
1.8986176543773938
1.1058697027152284
2.0979923709909327
1.1040449140006157
2.202103920792565
1.9859937972356476
1.2867038294017779
2.224410515323544
2.2365661748231633
2.123317455068376
1.6641100364748085
2.2121188268764254
1.1246274376041772
2.2631669180269944
1.2464035909184357
2.009266259444356
2.1387051959209256
1.1325841306328839
1.144900559537326
2.2436052052144033
2.147014880768389
1.126060400621161
1.1404141511847279
2.0718645107515465
1.1033788545208523
1.1512134906696334
2.250442077262742
1.1039414746300837
1.0979064003765426
1.142011325892743
1.11391881461809
1.1855296409712792
2.2274404868560302
1.123917075667975
2.102796067326603
1.903068034282975
1.2506800635279993
1.1145171035708181
1.6427927165673142
2.1696760885271
1.1724501104972678
1.2174028337109482
1.2329832939112786
1.1839648335307729
1.1208271779234176
1.1162669330324746
1.9399635600857594
1.0995094902019318
1.1218123581161188
1.558285827239472
1.222168112918318
1.1004952307197176
1.126060400621161
1.0983205534856528
1.2354017116995342
2.056553209424748
1.101707427553927
2.140379154451768
2.2629967495303034
1.1102402067714998
1.1575244489094785
1.258147555005585
1.5774346950800404
1.1088237844329647
1.11642981811046
1.197712779915968
2.109738178108212
1.95055307916201
1.2327674510048268
2.2056651121710487
2.1363455071720003
2.2390034913677663
1.1145171035708181
1.210141892153237
1.2683147403268193
2.2636302604740095
2.1632705628403146
1.098997360436337
1.2354017116995342
1.124444635914505
1.8879345176620719
1.1486251099033151
1.7452836223442263
1.2206466350141763
1.1107332378849197
1.102045529923666
2.068078247658918
1.9680524915525595
2.262144711370437
2.178338803092112
1.6998692883569055
1.5012733823606925
1.182202088869639
1.9859937972356476
1.1998771363798493
2.2633506997500232
1.1745764340074338
1.2278443068530553
1.1922086920881534
1.5193316251599152
2.2175714591525355
1.1642513299052009
1.212048195390668
1.1888709705343714
2.259542605319324
2.1387051959209256
2.2190456910135543
1.0978569276058834
1.1349669979818797
1.2516337948258849
1.9694058049481011
1.1799694846822126
1.1662516265717504
2.2636302604740095
2.0403536820334596
1.1987983411634187
1.171397565814921
1.9886061184303558
2.2401902619064815
2.1696760885271
1.2138957590858586
1.1004952307197176
1.4662133335736678
2.263332105510464
1.5917454622310359
2.2521758535531844
1.8317384743915959
1.457887854825212
2.1933451965758644
2.118242971526462
1.1673016437191344
1.3910954775458264
1.1092311488772464
1.6166202477088791
1.6328925660602434
1.59896059554239
1.2723110766585533
1.907493314184566
1.1756495486398701
1.0980392279870062
1.1047471935617033
2.251630043506719
1.710115226652899
1.269206434518526
1.4824720113463414
2.2086895944269154
1.6037885515494241
1.3172768604721368
1.5470257405769472
1.1855296409712792
1.2547144512923367
1.1494807039267885
1.1547708673848212
1.0985950121195167
1.1229613421534503
1.8095604994851284
1.222168112918318
2.1776264760633093
2.2230859328560255
1.3785204648876925
1.1412102362401941
2.114481180620116
2.2610997413047267
2.2390034913677663
2.241354833735742
2.2424965078689416
1.0977784161573676
1.23645324608626
1.1297089971475147
1.4584490776571626
1.1855296409712792
2.207865969852851
1.2129795303631155
2.1267913258357587
1.1565981639673133
1.396974754798275
1.204110518654857
1.101707427553927
1.2294245821381922
1.1211201904881667
2.0699750005704605
1.2434901822424473
1.2282309096742605
1.204110518654857
2.1776264760633093
1.5266095519272882
1.6998692883569055
1.1070771335845802
2.0979923709909327
1.816836797828404
1.8456155108419576
1.963147123616855
1.7949357418866894
2.114481180620116
1.2776204057136833
1.1547708673848212
1.1756495486398701
1.170352492531115
2.256035873918783
1.2138957590858586
1.155680343073408
1.138836242904892
1.115069906178538
1.2464035909184357
2.2476524394113646
1.0999739832465794
2.1995433463690386
1.1662516265717504
2.066174378999157
1.1103400035193565
1.4824720113463414
1.2009109720500428
1.139622880427507
1.2311338084921828
2.1760410326704402
2.1395585737081397
2.239218998512275
1.1512134906696334
1.1662516265717504
1.120433069254224
1.0999739832465794
1.2084584573292954
1.0977761438399447
1.1144886641698544
1.9032068936337276
1.1120768611361767
1.1037073847484395
2.172269299254181
1.155680343073408
1.2322296192573734
1.9901199561340859
1.125341925008094
1.1652471885039015
1.1010709754741899
1.1987983411634187
1.2111021659987165
1.931417183201591
1.2464035909184357
2.0904187923685553
1.6076632146037104
1.2724302459458223
1.1070771335845802
2.261418330298666
1.1565981639673133
2.2447084008154747
1.1855296409712792
1.231685425667896
1.3918340371865903
2.190223764484985
1.238612745854214
1.3039150783312001
1.1412102362401941
1.1372761961125533
1.1745764340074338
2.2591643889314463
1.1297089971475147
1.1004952307197176
1.0997346466447493
2.092326048213193
1.9777170650595588
1.2354017116995342
2.263332105510464
1.2165503083256721
1.1642513299052009
2.251630043506719
1.120433069254224
1.716787826580926
1.1074989316547583
1.23645324608626
1.5614331987544874
2.260063779096561
1.1866427160130044
1.8204188662869498
2.0768231939641018
1.2619590908850375
1.109780469818137
2.2622027539778484
1.101707427553927
1.1054862172213495
1.2182388417144614
1.9886061184303558
2.2121188268764254
2.2121188268764254
2.2625021553432245
2.137024717295993
1.8521420068780816
2.056766965537273
1.1494807039267885
2.259696845483078
2.2270233792594802
1.1460989970068383
1.1197512209803477
2.2634743860552136
1.47130423471986
2.088502479831542
1.333619951014468
2.263332105510464
1.1037073847484395
2.261869002604449
1.1132802390256535
1.1061657247352172
2.2580048243577275
2.027933391593879
1.1412102362401941
1.413929901028673
1.3359961084430507
1.1380332886292277
1.856663934070274
1.2147965101224847
2.2486067282639266
1.572704080253054
1.1735126134589513
2.219018102996815
1.169315148477308
1.1603549995294569
2.241354833735742
2.254953711548168
1.1469594436140829
2.239218998512275
1.1404141511847279
1.935699372327787
1.7255151127295054
1.3456355668919258
1.1282386392248294
2.2580048243577275
1.0978085047630293
1.1404141511847279
2.2605503098534365
1.10523811204287
1.5447141909794662
2.090339109763211
1.099521769658109
1.40831434475313
1.4224661551807705
1.1910976460025404
1.5447141909794662
1.4172897867234346
1.5488135585038627
1.1486251099033151
2.2525063345758696
1.1035353343997727
1.0977784161573676
1.61066125891348
1.2229039704662168
1.2369839208485676
2.2295843034169467
1.0977861155620265
1.8249420667911203
1.8362740885668287
1.1145171035708181
1.1459247442314964
1.1177397594757041
1.210141892153237
2.118242971526462
1.2329832939112786
2.2230859328560255
1.1979747649779369
2.1630804837421245
1.3881488855229964
1.105695743238841
1.1062626203353572
1.166088530069754
2.06082736077929
2.000399751754844
1.1722509368284564
1.1349669979818797
2.175309585805608
1.108164318725294
1.1170815023030074
1.2051449755329504
2.0424170288717463
2.185861770214183
2.2507244235904103
1.2382420001036076
1.0999186347756351
2.102796067326603
1.2111021659987165
1.8828382600064362
1.144446638826542
1.811399372711509
1.1030592775586034
1.0979518537199882
1.1289720375374799
1.099521769658109
1.1399405156772102
1.2995364748619989
1.4115388652926366
1.4886321617339044
2.258397598659283
1.1538696015082017
2.225723171792631
1.651277497851943
1.11642981811046
2.2218771804035033
1.196621171511503
1.102763194553141
1.0985608660466557
2.262766911370292
1.1460989970068383
2.262144711370437
1.0977927563847005
1.2624179854070428
1.0985950121195167
1.169315148477308
1.1092855967992412
1.9865470223433603
1.9245443687668777
2.2633506997500232
1.6136470085601626
1.0995094902019318
1.22615775369452
1.0989187693589237
1.8768630713590222
1.1855296409712792
2.259542605319324
1.2179209691448918
2.052686852227769
1.7178957044120273
2.141157216992385
2.128515967398551
1.1697568755493755
1.9742126302909304
1.2229039704662168
2.150649035142981
2.257378637537747
1.838542459841522
1.9962940498692059
1.755549134691099
1.2558182740926742
1.7381032249135133
1.2633174485876786
1.1114885049095031
2.1798492181294837
2.256035873918783
1.1061657247352172
1.5563034478134845
1.4201457770235144
1.5488135585038627
1.1529763949222969
1.1349669979818797
1.0999739832465794
2.263610076875546
1.120433069254224
1.1326920795851
2.0728656824956664
1.6874637086562523
1.4812937390661112
1.1289720375374799
1.162285665486083
1.1594027953177388
1.9350239689101865
1.1325841306328839
2.2580048243577275
1.2182388417144614
2.0942241281225122
1.1015947122039969
2.2625021553432245
2.2447084008154747
1.1584592988110856
2.17920964590316
1.12755646693351
1.115147322566332
1.1501257738020236
1.1092311488772464
2.0408449766044776
1.3733007254234484
1.8746342217375018
1.9249575830651142
1.8724009540893187
1.6304676318256155
1.9735659748826946
1.109780469818137
1.9557218325174153
1.2354017116995342
1.1380332886292277
1.1866802881568577
2.2175714591525355
1.620757657976485
1.2758429883324065
2.0642635285925195
1.2147965101224847
1.2585524440018767
1.9844890578845287
2.2071807541574553
1.1682857618303695
2.2631669180269944
1.1810987484159299
2.263191420702899
1.2214157126586611
2.2218771804035033
2.250442077262742
1.131193490620329
2.1379547263271186
1.1486251099033151
2.2401902619064815
1.2030658319858862
1.6678956609563276
1.1567315993327631
2.2176784063420234
1.1756495486398701
1.2322296192573734
1.1735126134589513
2.109070002504388
1.126060400621161
2.2488275336741714
1.1001309476715564
2.224686398170776
1.166088530069754
1.1812910101659988
2.257378637537747
1.1349669979818797
1.1565981639673133
1.1799694846822126
1.168524419470014
1.3558424670733076
2.2424965078689416
1.236475752635935
1.596551696381938
1.1282386392248294
1.2380622075666068
1.1477764375739288
1.5123617948692645
2.241452037904602
2.261869002604449
1.2111021659987165
1.0977784161573676
1.2434901822424473
1.1076473799860953
1.1319410145369637
2.257118086119155
1.1810987484159299
2.20064925437363
1.0997155454617222
1.6920491816351972
1.231685425667896
1.2174028337109482
1.108164318725294
1.144900559537326
1.1092311488772464
1.0985950121195167
1.5361347938457337
1.196621171511503
1.097891210888263
1.442892713921105
1.1326920795851
1.379296461313155
1.1520910834351659
1.1062626203353572
1.1799992487010618
2.263610076875546
2.2577744650850247
2.0146972279127713
1.1229613421534503
2.2476524394113646
2.262144711370437
2.2610019129145336
2.239218998512275
1.1839648335307729
1.6086279385216944
1.2375197574990062
2.013411815115834
2.1302326828417195
2.2425389099155404
2.2447084008154747
1.1349669979818797
1.71021641407109
2.1886583169368046
1.1987983411634187
1.119074884575035
1.1494807039267885
1.144900559537326
1.225686715597667
1.1575244489094785
1.124444635914505
2.251630043506719
1.1567315993327631
2.2497900546943934
1.2409259035938394
1.2526233204048174
1.1747841130372483
1.108164318725294
1.4548638541132457
1.1682857618303695
1.3733007254234484
1.225686715597667
2.2295843034169467
1.2995364748619989
2.2507244235904103
1.1477764375739288
1.7728498027067165
1.169315148477308
2.216114232532656
2.2631669180269944
1.1584592988110856
2.1486600658061734
1.1888709705343714
1.2763591679815924
1.2081805875902905
2.2557072624209975
1.2020115823169497
1.6711884641338397
1.1477764375739288
2.105415471673578
1.9921800192052992
1.1512016903680873
2.1062828687185435
2.099277319247394
1.2156814546062842
2.2625021553432245
1.248874998407413
2.263610076875546
2.025859250820602
1.3785204648876925
2.2513219540210736
1.161315950780646
1.2276154520238698
1.225686715597667
2.262766911370292
1.1501257738020236
2.2204535523092788
2.105415471673578
1.5924977737146742
2.030864516502597
1.1544898254715195
1.4793647954263272
1.9399635600857594
1.238612745854214
1.0983265378932832
2.2056651121710487
2.2425389099155404
1.1304494861482401
1.155680343073408
1.2322296192573734
1.1122766265468282
2.2230859328560255
2.1072474792613796
1.125341925008094
1.9371074130132604
1.3530094740650365
2.171270896993504
1.1789041041401234
2.202615232961579
2.2513219540210736
1.7648880941196408
2.2541687015998813
1.5266095519272882
1.139622880427507
2.084879276205923
1.9118079721344587
2.1692178903063106
1.0999739832465794
1.1066650642696343
1.1380540679039637
2.2121188268764254
1.1304494861482401
2.1696760885271
2.1302326828417195
1.1326920795851
1.0988419194125183
1.2794451343457163
1.1603549995294569
2.161661942368646
2.0547292151634164
1.6651575972192936
1.1308607137769258
1.2071806261843119
2.259542605319324
1.1132802390256535
1.1037073847484395
1.1529763949222969
1.2009109720500428
1.2300043161739556
1.1652471885039015
1.0984539142309835
1.1767288066916344
1.2569623203454696
2.112686784351887
1.2294245821381922
1.582185625512252
1.1584592988110856
2.1302326828417195
1.836089640063214
1.7998203562391584
2.1870899740335807
1.1428840917396261
1.1267603902846643
2.050704599382081
1.5012733823606925
1.5170131970437237
1.1578672276160749
1.161315950780646
2.198000106056191
2.2533527349181663
2.238074044413153
1.1365024806003705
1.2434901822424473
2.0487434032077863
1.1380540679039637
1.0979064003765426
1.1538696015082017
1.1404141511847279
1.108164318725294
1.1114885049095031
1.1773567973298769
1.1529763949222969
1.2244843446920268
1.1538696015082017
1.326570957319619
2.262965505496097
1.748093493198412
1.2111021659987165
2.0904187923685553
2.2631669180269944
1.1013832755819681
1.1833087305488155
1.2269866650736936
1.161315950780646
1.142011325892743
1.1218123581161188
2.197724962762061
2.0237846260063392
1.0997346466447493
1.4000052929877227
1.0979064003765426
2.0547292151634164
1.1503434295704633
1.5012733823606925
1.1156626332894173
2.1707449965603525
1.1575244489094785
1.1107332378849197
1.1157849937268038
1.1486251099033151
2.0051244648524538
1.998347962039145
1.6840752659876335
1.204110518654857
2.263332105510464
1.239172867119725
2.1886583169368046
1.2156814546062842
1.1899848422500467
1.9680524915525595
2.152215820541923
1.7330828970689456
2.202615232961579
1.222168112918318
1.0992984875610414
2.250442077262742
1.2071806261843119
2.2287951648998248
1.0981124898383539
1.0981124898383539
2.0248272462700263
1.1349669979818797
1.1083721455859668
1.8456155108419576
1.104793052880832
2.2274404868560302
1.122237863583918
2.254953711548168
1.112674209283064
1.1625070859530087
1.161315950780646
2.0248272462700263
1.1097576986783582
1.8857304816538818
1.2100043142267507
1.6893797312666226
1.0988419194125183
2.20064925437363
1.23645324608626
2.2631669180269944
1.098997360436337
1.1184043104230008
2.2635623040265855
1.0983265378932832
1.1109094499423193
1.1477764375739288
1.1061657247352172
2.0547292151634164
2.206434577687509
2.2633506997500232
2.198000106056191
1.965999036415164
2.239218998512275
2.260063779096561
1.143629319239001
1.102045529923666
1.0981222305772986
2.172863281186952
2.2631669180269944
2.0248272462700263
2.2204535523092788
1.1004952307197176
1.6946435875141839
1.1074989316547583
1.1043607750073297
1.6110510603730999
2.0320792371383667
1.4167603550902779
2.102796067326603
2.2525063345758696
2.2486067282639266
1.9184510455043777
2.2274404868560302
1.1503434295704633
1.0985950121195167
1.1128128992785167
2.2456736279823253
1.1512134906696334
1.8408619981470866
1.1682857618303695
1.1001309476715564
2.0587997856678157
1.2343541272603271
2.256035873918783
1.101869896156941
1.239744082668871
1.1326920795851
2.0237846260063392
1.2051449755329504
1.0999739832465794
1.1735098389970986
1.125341925008094
1.168524419470014
1.9714870607736783
1.478819334519549
1.155680343073408
1.209167859624421
1.2832358931922934
1.5393079902347389
2.058490522607311
2.2525063345758696
2.150649035142981
1.312217933493324
1.258147555005585
1.1460989970068383
2.250442077262742
1.2428201840127084
1.2375197574990062
2.246820501350549
1.097891210888263
1.1061657247352172
1.0991015984969708
2.206434577687509
1.1103400035193565
1.9639452110687183
2.13364320522006
1.1799694846822126
1.4670292539385665
2.06082736077929
2.0362200813883646
1.1066650642696343
1.5234345979462522
2.090339109763211
2.1776264760633093
2.084879276205923
1.8768630713590222
1.291373823706922
1.8901331554624543
1.6617378949782748
1.143629319239001
2.0424170288717463
2.2533527349181663
2.2634743860552136
2.0728656824956664
2.1387051959209256
1.131193490620329
1.800190386143071
2.0939386852603663
1.1933172799845448
1.1035353343997727
1.2243268873786326
1.1054862172213495
1.214716459325287
1.1469344724513804
1.965999036415164
2.261418330298666
1.1389813255616634
2.1768255831515093
2.2538034289642366
1.7530670551460736
1.1246274376041772
2.2270233792594802
1.0980392279870062
2.2633506997500232
2.0846432469862695
1.2051449755329504
1.1412102362401941
1.2206466350141763
1.0979672262405475
1.1512134906696334
2.1707449965603525
1.0983205534856528
1.1039414746300837
1.1565981639673133
2.2301340120064
1.131716528325057
1.1844181099772355
1.112674209283064
1.1778138030364582
1.1594027953177388
2.2424965078689416
1.1380332886292277
1.0997346466447493
1.1662516265717504
1.2138957590858586
2.2497900546943934
2.017560082153992
1.1833087305488155
1.0991625645615293
2.2333186768360482
2.1680787670950785
1.8667424441070597
1.1218123581161188
2.1198095680226428
1.2243268873786326
1.1157849937268038
1.155680343073408
1.1428840917396261
1.108164318725294
1.2569623203454696
1.1529763949222969
2.2513219540210736
1.2198608024696234
1.1103400035193565
2.0807496385699578
1.1319410145369637
1.1291846860306427
2.2446503142907734
2.13148394804312
2.2457772591603034
1.1102402067714998
2.1676879419693598
2.2635623040265855
1.5329602539353648
2.092326048213193
2.216301635124904
1.2547144512923367
2.263553681520727
1.1955242376540627
2.2610019129145336
1.1144886641698544
2.2176784063420234
1.1578672276160749
1.2020115823169497
1.8216720240145903
1.1756495486398701
1.8923262886986485
1.0981124898383539
1.115069906178538
2.2627279334281964
1.3083442414199664
1.107930565578952
1.125976378375833
1.6814070695132712
1.620757657976485
1.2288337095429798
2.198000106056191
2.263191420702899
1.226343936899933
1.2228240249660811
1.1023974886996022
2.241354833735742
1.2229039704662168
1.8312996839053626
1.1494807039267885
1.7255151127295054
1.1325841306328839
2.2507244235904103
2.090339109763211
2.1035739548376107
1.1486251099033151
1.5614331987544874
2.2314563295806797
1.1642513299052009
1.4548638541132457
1.1501257738020236
1.155680343073408
2.256035873918783
1.9454068685985557
1.0979064003765426
1.2619590908850375
2.1387051959209256
1.1349669979818797
2.161538551346109
1.1092855967992412
1.2354017116995342
1.155680343073408
2.2457772591603034
1.8941417040601805
2.2107084635648344
1.2536498272844305
1.2359263081780247
1.782686398174653
1.1578672276160749
1.654079339405849
1.1035353343997727
2.237795226309046
1.2909307874297886
1.106647822943508
2.2580048243577275
1.9249575830651142
1.2100043142267507
2.137024717295993
1.197712779915968
1.1987983411634187
1.1066650642696343
1.3025449198055699
1.3472193423038248
1.1469344724513804
2.2486067282639266
1.1547708673848212
2.220403026300904
1.0992984875610414
2.2521758535531844
1.248021062974021
1.9516020583554874
2.092326048213193
1.1102402067714998
1.1007771217092535
2.0388578458707354
1.379296461313155
2.1823690735918126
1.9526599904485624
1.1013283985567053
1.144446638826542
2.161538551346109
1.2471977253075806
1.2418146042753824
1.281317035845619
2.10104070904879
2.211684927692572
1.100227512105006
2.0998623840847572
2.1823690735918126
2.1420468461935616
2.1108830841194415
1.1652471885039015
1.252853294952558
1.2909307874297886
2.128515967398551
1.2647208401468204
1.9652359306055116
1.1575244489094785
1.0978085047630293
1.7229814437177413
2.0547292151634164
1.7212103461979866
1.123917075667975
2.2436145918084622
1.1833087305488155
1.125341925008094
1.139622880427507
1.1724501104972678
1.161315950780646
1.098997360436337
1.0984539142309835
2.002449366362662
1.171397565814921
1.1194646802231034
1.5869562511510489
1.735595366497069
2.1776264760633093
1.8611762994611145
1.105695743238841
1.1334467249024736
2.247837473334069
2.257378637537747
1.2269866650736936
1.123917075667975
1.1013832755819681
1.9947908158686984
1.1175105726477346
2.263332105510464
2.0604214509242373
1.4609236702863806
1.1672645313237335
1.1013832755819681
2.1933451965758644
1.239744082668871
1.1334467249024736
2.258600231047655
2.2541687015998813
2.0748482026593162
1.2935215012091466
2.257118086119155
1.2683147403268193
1.1833087305488155
1.1888709705343714
1.3304923607661456
1.2421704959079953
2.2041431266176046
2.2190456910135543
1.1349669979818797
2.2390034913677663
1.123917075667975
2.009266259444356
1.3061233325950778
1.1910976460025404
1.139622880427507
1.5266095519272882
1.1357327877281214
1.352953021583576
2.216114232532656
1.9880578813375356
1.1594027953177388
2.2190456910135543
2.042827275334587
1.2624179854070428
1.7979586051789893
1.1349669979818797
1.2400216142932567
1.10523811204287
2.2629967495303034
1.1349669979818797
1.0977927563847005
1.1486251099033151
1.2071806261843119
1.1452697921732462
1.1460989970068383
1.1157849937268038
1.125341925008094
1.2190581935765104
1.8986176543773938
1.1404141511847279
1.3605101802614512
1.9399635600857594
2.262766911370292
1.1735098389970986
1.1662516265717504
1.2569623203454696
2.1035739548376107
1.2174028337109482
2.2605503098534365
1.1486251099033151
1.1037073847484395
2.1918233862793493
2.172863281186952
2.114481180620116
1.1529763949222969
1.195084502069317
1.098212770561478
1.1304494861482401
1.1334634547326357
1.9378336419994144
1.142817618499125
2.2624542950612874
1.222168112918318
1.9350239689101865
2.0604214509242373
1.1855296409712792
1.1218123581161188
1.8476128558562777
1.3587448962240918
2.2447084008154747
1.1003524037907948
1.1538696015082017
1.1910976460025404
2.261501218716808
1.2071806261843119
1.0979064003765426
2.2525063345758696
2.2287951648998248
1.7703853852789289
1.843241186828152
2.1387051959209256
1.102748616739349
2.2610019129145336
1.1319410145369637
2.210191152784698
1.2206466350141763
1.373397752827793
1.1538696015082017
2.237795226309046
1.240327916869025
2.101722921877185
1.1877567077379532
1.0985950121195167
1.1632641360587492
1.1112369083342855
1.8408619981470866
2.0718645107515465
1.119074884575035
1.195084502069317
1.1933172799845448
1.109780469818137
1.1225093587331847
2.2541687015998813
1.4224661551807705
2.2446503142907734
1.1810987484159299
2.2436052052144033
2.241452037904602
1.5012733823606925
1.8521420068780816
2.1632705628403146
1.4311351959491707
2.2624542950612874
1.59896059554239
1.1584592988110856
1.1071417930981609
1.9701057809207365
2.123317455068376
2.2131703970287515
1.1955242376540627
2.135337468770788
1.231685425667896
1.705059369723067
1.161315950780646
1.4910519322120446
1.1283645778827234
1.9420892759261874
1.1039414746300837
1.8312996839053626
1.376345889256032
2.254953711548168
2.1870899740335807
1.1076473799860953
1.998347962039145
2.171270896993504
2.15843486126857
1.6893797312666226
1.1319410145369637
1.196621171511503
1.8069061720993753
1.144900559537326
2.1453644527714317
2.0885271997918466
1.1013832755819681
1.777772238914495
1.1998771363798493
2.0768231939641018
1.3061233325950778
1.1756495486398701
1.1102402067714998
1.2400216142932567
1.749637169150645
1.1013283985567053
1.098997360436337
1.4518520180038532
1.1494807039267885
1.269206434518526
2.234048556593907
1.8901331554624543
2.259696845483078
1.2569623203454696
1.2606451356787955
1.2243268873786326
1.2409259035938394
2.172269299254181
1.7330828970689456
1.1232109928627376
2.2617993310258178
2.1302326828417195
1.0979672262405475
2.0146972279127713
1.2409259035938394
1.1652471885039015
1.2343541272603271
1.1899848422500467
2.0904187923685553
1.1565981639673133
2.1072474792613796
1.2138957590858586
1.142817618499125
2.009266259444356
2.077488429087364
1.1145171035708181
1.0986963744982872
1.1477764375739288
1.1452697921732462
1.225686715597667
1.1512134906696334
2.2476524394113646
2.1108830841194415
2.263191420702899
2.2390034913677663
2.0748482026593162
1.0977784161573676
1.259374880769632
1.1035353343997727
1.1955242376540627
1.1031425229592138
1.1899848422500467
1.138836242904892
1.4397144369905033
1.9075188599241637
2.0942241281225122
1.2147965101224847
1.1267827440434224
1.1933172799845448
2.2625021553432245
1.9639452110687183
1.1855296409712792
1.1109094499423193
1.2338285228782888
1.0991625645615293
1.1520910834351659
1.1652471885039015
1.1855296409712792
1.3785204648876925
1.520260714281644
1.7123449661169292
2.0228076383270333
2.241452037904602
2.112686784351887
1.149060041285777
1.0978569276058834
2.260063779096561
2.0009872055332565
1.2300043161739556
1.0997346466447493
1.1529763949222969
1.222168112918318
1.2464035909184357
1.1520910834351659
1.1460989970068383
1.7153430150713727
2.114481180620116
1.2369839208485676
1.58326983988396
1.1529763949222969
1.836089640063214
1.3675145722540158
1.1756495486398701
1.7229814437177413
2.178338803092112
1.115147322566332
1.7530670551460736
1.1529763949222969
2.1215678497917425
1.142011325892743
2.1813567864117234
1.5053378392015397
1.9989204412098605
1.1291846860306427
2.262144711370437
1.1567315993327631
1.1039414746300837
2.2301340120064
1.0979064003765426
1.0999739832465794
2.261418330298666
2.1661551011317854
2.1062828687185435
1.0978569276058834
1.1404141511847279
1.7452836223442263
1.2380622075666068
1.1232109928627376
1.1844181099772355
1.1810987484159299
1.1033788545208523
2.2287951648998248
1.9335606020679261
1.1021539401742984
1.1673016437191344
2.239218998512275
1.998347962039145
2.234532662899884
1.11642981811046
1.9547635665848386
1.1021539401742984
1.0995094902019318
2.140379154451768
1.138836242904892
1.197712779915968
1.142011325892743
1.1503434295704633
1.0988419194125183
1.1001309476715564
2.20355323128867
2.257118086119155
1.11642981811046
2.2525063345758696
1.5044283236098521
1.9139441002507969
1.1088237844329647
1.1652471885039015
1.1778138030364582
1.2020115823169497
1.9901199561340859
2.028855842809871
2.2629967495303034
1.7583457258296378
1.9096662485708717
1.099521769658109
1.1745764340074338
1.126060400621161
1.248021062974021
1.1724501104972678
1.1529763949222969
1.2327674510048268
2.2624542950612874
1.0992984875610414
1.169315148477308
1.1003524037907948
1.1201399223384765
2.1282130104446697
1.169315148477308
1.112674209283064
1.112674209283064
1.434053672422935
1.1304494861482401
1.7056379030989242
1.2071806261843119
2.161661942368646
1.1778138030364582
1.963147123616855
1.1512134906696334
1.1037073847484395
2.2557072624209975
1.0987499335611561
2.2425389099155404
1.1486251099033151
1.2051449755329504
1.2190581935765104
2.1490781689261227
1.2269866650736936
2.202103920792565
1.115147322566332
2.247837473334069
1.0979064003765426
2.2270233792594802
2.2010818434040287
1.2359263081780247
1.1010731525847044
1.1071417930981609
1.0979518537199882
1.8216720240145903
1.780230341280259
1.2182388417144614
1.1225093587331847
1.1218123581161188
1.1114885049095031
1.1438869785187666
2.216114232532656
1.6972610503743186
1.170352492531115
1.1107332378849197
1.8046642578732857
2.2041431266176046
1.204110518654857
1.0988419194125183
1.8216720240145903
1.8768630713590222
2.155193357434622
1.2288337095429798
1.1103400035193565
2.0424170288717463
1.11391881461809
1.2236234780713402
1.1133602601830945
2.219018102996815
1.9942380580066053
1.1594027953177388
1.2547144512923367
1.105695743238841
2.123317455068376
1.142817618499125
1.0987499335611561
1.1120768611361767
1.1486251099033151
1.1594027953177388
1.829471798104384
2.2580048243577275
1.6641100364748085
1.1024468439088975
1.1086923355896843
1.1855296409712792
1.162285665486083
2.246674538324623
1.5985978267652172
1.2288337095429798
1.1735098389970986
1.1184043104230008
1.240327916869025
1.2348780938361807
1.2294245821381922
2.114481180620116
2.2634743860552136
1.8317384743915959
1.1672645313237335
1.9412635412943626
2.109070002504388
1.122237863583918
1.1043914963061172
1.4934595284104735
2.135337468770788
2.046535284723699
1.2892708630916627
1.1922086920881534
1.143629319239001
2.263332105510464
1.105695743238841
2.0106246840114723
2.2456736279823253
1.3312570949671692
1.1004952307197176
1.1853173096312892
2.2010818434040287
1.1877567077379532
1.1529763949222969
2.1319416873540655
1.1944227004415129
1.7204417432056216
2.054609673298744
1.259374880769632
2.2553203076121595
1.1603549995294569
1.0979672262405475
1.291373823706922
1.1184043104230008
1.1043607750073297
1.2763591679815924
1.5170131970437237
1.2100043142267507
1.1225093587331847
1.8046955305369656
1.1177397594757041
2.092326048213193
1.1460989970068383
2.1870899740335807
2.2533527349181663
2.050704599382081
1.1778138030364582
2.263191420702899
1.4610545547386984
2.1108830841194415
2.206434577687509
1.1023974886996022
2.0248272462700263
1.106647822943508
2.0885271997918466
1.819256068642839
1.7321936113624048
1.762705693305154
1.9287494911201912
1.125976378375833
1.1071417930981609
1.138836242904892
1.100227512105006
1.1023974886996022
1.193656312828456
1.7670724489006628
1.1035353343997727
2.180790525147738
1.2071806261843119
1.1282386392248294
1.4918419442293422
1.0979672262405475
2.1661551011317854
1.3304923607661456
1.6484625012454324
1.240327916869025
1.1888709705343714
1.4584490776571626
1.8317384743915959
1.155680343073408
2.2390034913677663
1.582185625512252
1.9516020583554874
1.149060041285777
2.260063779096561
1.166088530069754
1.6733353193298102
2.025859250820602
2.0044967434699132
1.1910976460025404
2.1813567864117234
1.1922086920881534
1.0978085047630293
1.1074989316547583
1.7780312524220692
1.0978569276058834
1.131193490620329
1.139622880427507
2.211684927692572
1.1460989970068383
1.155680343073408
1.1357327877281214
1.1197512209803477
2.253003200798431
2.2056651121710487
2.2333186768360482
1.229544053328251
1.1282386392248294
1.2536498272844305
1.8024256298767793
2.190223764484985
1.0979518537199882
2.2447084008154747
2.2456736279823253
1.7255151127295054
1.1008224733116732
1.112674209283064
2.261418330298666
1.1365024806003705
1.0980392279870062
1.1460989970068383
1.1122766265468282
1.1833087305488155
2.11486345206766
1.162285665486083
1.1460989970068383
1.1652471885039015
1.136171030242701
2.2333186768360482
1.1023974886996022
1.2536498272844305
1.1037073847484395
1.5955532329441469
1.1246274376041772
1.1810987484159299
2.207865969852851
1.1021539401742984
2.140379154451768
1.2129795303631155
2.1437085267446108
2.1962558510020105
1.87597823250453
1.1132802390256535
1.2676648860443822
1.1469344724513804
2.238074044413153
2.2149158267790234
1.1201399223384765
1.4086455481502063
2.172269299254181
1.1477764375739288
1.4793647954263272
1.2282309096742605
1.1170815023030074
1.1061657247352172
1.097891210888263
2.1427508233489205
1.123917075667975
1.4700982312853725
1.5329602539353648
1.1469344724513804
1.0985950121195167
2.155193357434622
1.8805580443813408
1.1297089971475147
2.216301635124904
1.170352492531115
1.2294245821381922
1.2051449755329504
2.2580048243577275
1.0977761438399447
1.1308607137769258
2.2622027539778484
2.246674538324623
1.142817618499125
2.1475030713662377
1.1697568755493755
1.1365024806003705
2.253003200798431
1.0982160618974668
1.6225284510959828
1.1789041041401234
1.7530670551460736
1.1899848422500467
1.1512134906696334
1.1404141511847279
1.0979672262405475
1.1910976460025404
1.1030592775586034
1.104793052880832
1.1282386392248294
2.2320889050179833
1.11389464013576
1.2030658319858862
2.2390034913677663
1.0997155454617222
1.8159040787959673
1.131193490620329
1.7890669728615174
2.2631669180269944
2.118242971526462
2.09214294426912
1.142011325892743
1.1023974886996022
2.260197165149868
1.0997346466447493
1.2624179854070428
1.1043607750073297
1.1682857618303695
2.224686398170776
1.0977761438399447
2.219018102996815
1.2375197574990062
2.145923587544549
1.2288337095429798
1.1880538686407927
1.8644180249128703
2.239218998512275
2.2314563295806797
2.111454206162411
2.2541687015998813
1.0979672262405475
1.0988419194125183
1.1380332886292277
2.1035739548376107
1.0995094902019318
2.150300260273344
2.0146972279127713
1.142817618499125
1.5894318021730502
2.2071807541574553
1.1512134906696334
2.251630043506719
2.259696845483078
2.2230859328560255
2.2446503142907734
2.239218998512275
1.1520910834351659
1.109780469818137
2.2591643889314463
1.1043914963061172
1.0981124898383539
2.044477666887711
2.262144711370437
1.7321936113624048
1.9053657534461177
2.135337468770788
2.2333186768360482
1.0982160618974668
1.7011353582556756
1.139622880427507
1.361658751905849
1.1833087305488155
2.254953711548168
1.1334467249024736
1.2415395826087972
1.1494807039267885
1.1225093587331847
2.2041431266176046
1.3407886830682276
2.20064925437363
1.1370964943490054
2.2541687015998813
1.3707132179449149
1.169315148477308
1.1855296409712792
2.2217499363720306
2.2369109385578203
2.2497900546943934
1.5470257405769472
1.0997346466447493
1.1477764375739288
2.150649035142981
1.1399405156772102
1.1452697921732462
2.2314563295806797
1.109780469818137
1.871372870435357
1.1334467249024736
1.5955532329441469
1.6254631039167315
1.6399378188872964
1.1086923355896843
2.113162598452855
1.3587448962240918
1.2741129416255592
2.044804564438784
1.115147322566332
2.263614303561882
2.2624542950612874
2.2631669180269944
1.1520910834351659
1.1799992487010618
2.1453644527714317
1.1722509368284564
2.1420468461935616
1.6664759815578614
2.0846432469862695
1.1544898254715195
1.1282386392248294
1.1486251099033151
2.1490781689261227
2.2135214168977706
1.1642513299052009
1.142011325892743
2.1918233862793493
1.1047471935617033
2.1696760885271
1.9206253288342856
1.9140855492550126
1.1460989970068383
1.3172768604721368
2.185861770214183
1.9921800192052992
1.212048195390668
1.745601635471213
2.112686784351887
2.159993415825519
1.1334467249024736
1.83400599787789
2.2622027539778484
1.2428201840127084
1.596551696381938
1.4824720113463414
1.1365024806003705
1.840810819692101
1.2741129416255592
2.119921870284413
1.6678956609563276
1.0992984875610414
1.112674209283064
2.20064925437363
1.1735098389970986
1.106647822943508
1.705059369723067
1.0984355412317652
1.1520910834351659
2.2610997413047267
2.2204535523092788
2.254575980423811
2.1776264760633093
1.436967785471621
1.6706214967771869
1.2647208401468204
2.0942241281225122
2.092326048213193
1.1767288066916344
2.2218771804035033
1.0977861155620265
1.1051120750989003
1.83400599787789
1.105695743238841
1.1778138030364582
2.1798492181294837
2.1855188983503395
2.2056651121710487
1.1409107680585573
1.903068034282975
1.1756495486398701
1.108164318725294
2.0228076383270333
1.7670724489006628
1.8667424441070597
2.1964524620603694
1.2244843446920268
1.1538696015082017
2.052686852227769
1.9968549724553457
1.109780469818137
2.2365661748231633
2.219018102996815
1.1062626203353572
1.209167859624421
1.1544898254715195
2.262766911370292
1.2174028337109482
2.017560082153992
2.2486067282639266
2.088502479831542
1.1103400035193565
1.1342050067302814
2.2274404868560302
2.1933451965758644
1.1477764375739288
1.1103400035193565
1.551975448110302
1.9610555988031095
1.2333000324400045
1.7530670551460736
1.0985950121195167
2.123258580049854
2.13148394804312
1.1102402067714998
2.0547292151634164
1.2147965101224847
1.1672645313237335
1.95055307916201
1.098212770561478
2.262144711370437
1.2129795303631155
1.1412102362401941
1.1076473799860953
1.0977784161573676
1.1778138030364582
2.011338626415603
1.119074884575035
2.2589870995307613
1.8828382600064362
1.2211767340162833
1.144446638826542
2.2190456910135543
1.8521420068780816
2.0807496385699578
1.8782713565123001
1.206168553995926
2.0547292151634164
1.193656312828456
1.0977761438399447
1.1054862172213495
1.2009109720500428
1.1603549995294569
1.162285665486083
1.3918340371865903
1.226343936899933
2.1537786706130957
1.9420892759261874
1.8941417040601805
1.3061233325950778
1.1162669330324746
1.123917075667975
2.164619305966519
1.155680343073408
2.1302326828417195
2.202103920792565
2.2218771804035033
1.142817618499125
1.1652471885039015
2.241452037904602
1.1289720375374799
2.0768231939641018
1.1547708673848212
1.239744082668871
1.1145171035708181
1.1998771363798493
1.1031425229592138
1.1037073847484395
1.8046955305369656
1.204110518654857
1.1987983411634187
2.237795226309046
2.088502479831542
1.542405010417718
2.2131703970287515
1.144446638826542
1.104793052880832
1.1520910834351659
1.946328696020218
1.0985608660466557
1.9803761609608892
1.144446638826542
1.1584592988110856
1.0997346466447493
2.10104070904879
1.82720624118478
1.2343541272603271
1.238612745854214
1.1866427160130044
1.95055307916201
2.2538034289642366
2.2390034913677663
1.7431058770191812
2.2218771804035033
1.2054034256125468
2.2634743860552136
1.1267603902846643
1.5193316251599152
1.1097576986783582
1.1058697027152284
1.2206466350141763
2.261869002604449
1.1778138030364582
2.0942241281225122
1.88963986496862
1.2338285228782888
2.109070002504388
2.2327614137358087
1.1642513299052009
2.1475030713662377
1.225686715597667
2.0403536820334596
1.9777170650595588
1.138836242904892
1.1007771217092535
1.2071806261843119
1.2211767340162833
1.1040449140006157
1.0992984875610414
1.8963828990722336
1.139622880427507
1.668835519944647
1.1933172799845448
1.131716528325057
1.0981124898383539
2.2625021553432245
1.119074884575035
2.0728656824956664
2.2146470189041656
1.1810987484159299
1.2051449755329504
1.1132802390256535
1.124444635914505
1.2243268873786326
1.1047471935617033
1.1289720375374799
2.2610019129145336
2.257378637537747
1.7011353582556756
2.2010818434040287
2.263332105510464
1.2464035909184357
2.2629967495303034
2.158444974943713
1.2354017116995342
1.1342050067302814
1.1652471885039015
1.1208271779234176
2.261418330298666
2.1886583169368046
2.08670724253134
2.0368660600094843
1.2380622075666068
1.1194646802231034
2.2204535523092788
2.2488275336741714
1.1529763949222969
1.1888709705343714
2.2270233792594802
1.1933172799845448
1.1767288066916344
2.2121188268764254
2.2446503142907734
2.0487434032077863
2.256722154575498
1.1156626332894173
1.0981222305772986
1.6037885515494241
2.257118086119155
1.155680343073408
1.258147555005585
2.258600231047655
1.1578672276160749
2.172269299254181
2.261418330298666
2.185861770214183
1.1844181099772355
1.7780312524220692
1.119074884575035
1.780230341280259
2.1692178903063106
1.1051120750989003
2.141157216992385
1.1833087305488155
1.4478499700342722
1.1218123581161188
1.0977784161573676
1.57980764776506
2.1080144256102002
2.2553203076121595
1.1144886641698544
1.1662516265717504
1.1632641360587492
1.1412102362401941
1.9968549724553457
1.3733007254234484
1.2312570364956026
2.2131703970287515
1.1008224733116732
2.2507244235904103
2.250442077262742
1.162285665486083
1.155680343073408
2.2369109385578203
2.1886583169368046
1.1030592775586034
1.0999186347756351
2.0424170288717463
1.0989187693589237
1.1023974886996022
2.2390034913677663
1.9442109385479807
1.1452697921732462
1.1071417930981609
1.126060400621161
1.5633036600612191
2.011338626415603
2.2131703970287515
1.123917075667975
2.044477666887711
1.0983205534856528
1.162285665486083
1.100227512105006
1.1724501104972678
1.2506800635279993
2.262965505496097
2.2622027539778484
1.8835211708681887
1.3002257777009878
2.2476524394113646
1.1058697027152284
1.269206434518526
1.2214157126586611
1.473177442475471
2.2564288734306253
1.2354017116995342
1.7703853852789289
1.1944227004415129
1.6013729814788626
1.1575244489094785
1.2147965101224847
1.109780469818137
2.194900729060172
1.6641100364748085
1.225686715597667
2.1490781689261227
2.06082736077929
1.1282386392248294
1.9762665465796179
2.216114232532656
2.1873572349763406
1.8288985014895682
1.1575244489094785
2.2230859328560255
1.8046955305369656
2.2610019129145336
2.0217097474469314
2.1535666660738078
1.2020115823169497
1.2206466350141763
2.0268433661096874
1.1282386392248294
1.144900559537326
1.2198608024696234
2.1302326828417195
1.2464035909184357
1.1304494861482401
2.262766911370292
1.240327916869025
1.1275088521153267
1.88963986496862
1.2354017116995342
2.2327614137358087
2.2538034289642366
1.102763194553141
2.1933451965758644
2.099277319247394
1.8317384743915959
1.1122766265468282
1.8527078205578413
1.258147555005585
1.1304494861482401
1.0978569276058834
1.1010731525847044
1.4918419442293422
1.3002257777009878
1.5266095519272882
1.170352492531115
2.2447084008154747
1.2051449755329504
1.2867038294017779
1.2491203202555272
2.2507244235904103
1.780231714457895
1.1575244489094785
2.116266367090723
1.23645324608626
1.5493400744606058
1.1289720375374799
2.2314563295806797
1.2269866650736936
1.222168112918318
2.216301635124904
1.2071806261843119
1.8589214549956483
1.1372761961125533
2.263332105510464
2.145923587544549
1.212048195390668
2.1933451965758644
1.2369839208485676
1.1109094499423193
1.9075188599241637
1.5955532329441469
1.123696931081929
1.705059369723067
1.1246274376041772
2.224686398170776
1.453185113303251
1.2311338084921828
1.749637169150645
1.9839276961623888
1.1910976460025404
2.2446503142907734
1.1031425229592138
1.396974754798275
2.2424965078689416
1.7648880941196408
2.190223764484985
1.0993374066069954
1.0992984875610414
2.2270233792594802
1.1933172799845448
2.2308439241061966
1.1503434295704633
1.1987983411634187
1.6016312238625696
1.169315148477308
2.1995433463690386
2.2634610301035183
1.6814070695132712
1.9292689693406797
2.2625021553432245
1.0987499335611561
2.2617993310258178
2.2513219540210736
1.1575244489094785
1.1033788545208523
1.9096967279949086
1.123917075667975
1.1225093587331847
1.1342050067302814
2.234048556593907
2.2629967495303034
2.175309585805608
2.253003200798431
1.6076632146037104
1.196621171511503
1.402827671990015
2.2486067282639266
1.6166202477088791
2.206434577687509
1.0983205534856528
1.826493393394008
2.0388578458707354
1.4886321617339044
2.1537786706130957
1.2776204057136833
1.2288337095429798
1.2536498272844305
1.10523811204287
1.0988419194125183
1.1291846860306427
1.1103400035193565
2.0106246840114723
1.112674209283064
2.2622027539778484
2.133110284118266
2.178338803092112
1.1035353343997727
2.0071948370566455
1.2322296192573734
2.1072474792613796
1.7431061206297849
1.1965239479352716
2.261501218716808
1.1170815023030074
1.3655824910115102
1.0978189865374033
2.1215678497917425
1.1232109928627376
2.2521758535531844
1.9589612441579312
1.1899848422500467
1.1866427160130044
1.0983265378932832
1.7153430150713727
1.335976637838874
1.3822480609686745
1.3289074567078374
1.1452697921732462
2.2622027539778484
2.0708758866088437
1.1092311488772464
1.1003524037907948
1.2676648860443822
1.399905070328554
2.0085844880913317
1.1910976460025404
2.2525063345758696
1.0977927563847005
1.1372761961125533
1.710115226652899
2.1108830841194415
2.1298515770801005
2.018758550945824
1.5331826105263628
1.106647822943508
1.1058697027152284
1.0978085047630293
1.1070771335845802
1.123917075667975
1.2322296192573734
1.105695743238841
2.2533527349181663
2.147014880768389
1.1156626332894173
1.109780469818137
2.088502479831542
1.1342050067302814
1.0981124898383539
2.2634610301035183
1.239172867119725
1.1308607137769258
1.1642513299052009
2.2274404868560302
2.140379154451768
1.1933172799845448
2.111454206162411
1.1778138030364582
2.2610019129145336
1.206168553995926
1.9968549724553457
1.1477764375739288
1.2872132175336537
2.155193357434622
1.3172768604721368
2.1888494178767335
2.0403536820334596
1.1584592988110856
2.092326048213193
2.2589870995307613
2.2624542950612874
2.056766965537273
1.7406067280777453
1.108164318725294
2.1873572349763406
2.2010818434040287
2.2320889050179833
1.9412635412943626
1.943336686650713
1.4196058093417443
2.246674538324623
1.1197512209803477
1.2276154520238698
2.15843486126857
1.1404141511847279
1.1275088521153267
1.1979747649779369
1.1343544299646757
2.0718645107515465
2.2513219540210736
1.2354017116995342
2.1661551011317854
1.1218123581161188
1.1076473799860953
2.2635623040265855
2.068078247658918
1.225686715597667
1.101707427553927
2.0587997856678157
1.1043607750073297
1.9335606020679261
1.61590231531186
1.2526233204048174
1.1767288066916344
1.143629319239001
1.119074884575035
2.1632705628403146
1.3242475228706831
1.2415395826087972
1.1297089971475147
1.3655824910115102
2.2218771804035033
2.211684927692572
1.1010731525847044
1.1201399223384765
1.155680343073408
2.158444974943713
2.224686398170776
1.0991015984969708
1.2369839208485676
1.1910976460025404
1.2311338084921828
1.312217933493324
1.1380540679039637
1.6735346500277728
2.160050103905043
1.5447141909794662
1.6920165845168325
1.1844181099772355
1.1778138030364582
1.1283645778827234
1.248874998407413
2.1991895133808272
1.1503434295704633
2.1768255831515093
1.1334634547326357
1.1062626203353572
1.8479848207288898
2.257118086119155
1.259374880769632
1.1503434295704633
1.115147322566332
2.2204535523092788
2.254575980423811
1.1252044547603313
1.144900559537326
2.2320889050179833
2.13364320522006
1.1799992487010618
1.1120768611361767
1.2206466350141763
1.2269866650736936
2.2204535523092788
1.1342050067302814
1.7758339065866628
2.0642635285925195
2.259542605319324
1.963147123616855
2.0737466586627122
1.22615775369452
1.161315950780646
1.2724302459458223
1.123917075667975
1.0981222305772986
1.2375197574990062
1.2009484520051739
1.1747841130372483
2.202103920792565
2.161661942368646
1.7758339065866628
2.256722154575498
1.2867038294017779
1.1156626332894173
2.006541811134648
1.143629319239001
1.1043607750073297
2.0942241281225122
1.182202088869639
1.0977861155620265
2.2232883467617683
2.06082736077929
2.263614303561882
2.1302326828417195
1.9474743285427016
1.3002257777009878
2.2622027539778484
2.2557072624209975
2.0217097474469314
1.170352492531115
1.1724501104972678
1.1097576986783582
1.3645824878479345
1.6473893637500747
1.312217933493324
2.1062828687185435
1.108164318725294
1.0984355412317652
2.050704599382081
1.1114885049095031
2.1995433463690386
2.2056651121710487
1.1494807039267885
1.1342050067302814
2.092326048213193
1.212048195390668
1.248021062974021
1.1157849937268038
1.8656768559787305
2.2622027539778484
1.130016747870282
2.0728656824956664
2.263610076875546
2.2274404868560302
1.098212770561478
2.2625021553432245
1.1682857618303695
1.7703853852789289
1.3289074567078374
1.0984539142309835
2.2457772591603034
2.0961129303615347
1.23645324608626
2.2175714591525355
1.1007771217092535
1.1955242376540627
2.204996888203134
1.1208271779234176
1.2471977253075806
2.0506401961896636
2.2513219540210736
1.1538696015082017
1.1289720375374799
1.119074884575035
2.1870899740335807
1.2348780938361807
1.155605782270679
1.9442109385479807
1.2243268873786326
1.1745764340074338
2.141157216992385
1.1888709705343714
1.0979518537199882
1.7824354203683668
2.262766911370292
1.1404141511847279
1.1486251099033151
2.241452037904602
2.2369109385578203
2.263191420702899
1.2051449755329504
1.193656312828456
2.0071948370566455
2.2230859328560255
1.2282309096742605
2.2131703970287515
1.1810987484159299
1.1735098389970986
1.0992984875610414
1.6735346500277728
2.1568160157818212
1.1039414746300837
1.1512016903680873
1.106647822943508
2.0793478531718206
1.142817618499125
1.6377364800047494
1.10523811204287
1.402827671990015
1.0995094902019318
1.2009109720500428
1.1211201904881667
1.5645746312166509
1.3359961084430507
1.225686715597667
1.2243268873786326
2.2327614137358087
1.826493393394008
2.2605503098534365
1.2147965101224847
1.1756495486398701
1.1334467249024736
1.6814070695132712
2.239218998512275
2.2353170475967823
1.1225093587331847
1.10523811204287
1.3505375564637996
2.0708758866088437
2.1215678497917425
1.2190581935765104
1.6805313781382851
1.229544053328251
2.128515967398551
1.1145171035708181
1.6231858579379081
2.261869002604449
1.3359961084430507
1.1944227004415129
1.1538696015082017
1.169315148477308
1.1910976460025404
1.222168112918318
1.109780469818137
1.1899848422500467
1.4918419442293422
1.385199314522792
1.1460989970068383
1.0979518537199882
1.1349669979818797
1.795730345516136
1.0992984875610414
1.5193316251599152
1.0988419194125183
2.2541687015998813
1.5329602539353648
1.1547708673848212
2.0424170288717463
1.0978085047630293
1.8456155108419576
2.099277319247394
1.109780469818137
1.6353156509867288
1.1008224733116732
2.2497900546943934
1.1282386392248294
1.5266095519272882
2.2218771804035033
1.112674209283064
1.0999186347756351
2.0388578458707354
1.5076863438201646
1.2509801449700095
2.2627279334281964
1.1352569813933893
1.1603549995294569
1.2327674510048268
1.112674209283064
1.1170815023030074
2.1319416873540655
1.098212770561478
1.10523811204287
1.1512134906696334
1.112674209283064
1.8782713565123001
2.258397598659283
1.169315148477308
1.1965239479352716
1.0992984875610414
1.9694058049481011
1.11642981811046
1.0977784161573676
1.5234345979462522
1.106647822943508
1.1342050067302814
1.8336967828603767
2.1437085267446108
1.123917075667975
2.2507244235904103
1.1778138030364582
1.1267827440434224
1.124444635914505
2.2634610301035183
1.2269866650736936
1.1326920795851
1.119074884575035
1.2071806261843119
2.1453644527714317
1.7076418592740026
1.2348780938361807
2.2627279334281964
1.9227941317414845
2.2507244235904103
1.1208271779234176
2.263614303561882
2.2605503098534365
2.246674538324623
2.251630043506719
1.2776204057136833
2.0217097474469314
1.5470257405769472
2.261418330298666
1.705059369723067
1.1297089971475147
1.800190386143071
1.7648880941196408
2.116266367090723
2.006541811134648
2.140379154451768
2.246674538324623
2.2589870995307613
1.1839648335307729
1.1899848422500467
2.2622027539778484
2.2390034913677663
1.0987499335611561
1.138836242904892
2.2041431266176046
1.95055307916201
1.9568639414194424
1.1282386392248294
1.8873791809087443
1.2973661104531924
1.3505375564637996
1.8479848207288898
1.1575244489094785
1.9989204412098605
1.0978434813551696
1.1175105726477346
1.1494807039267885
1.1603549995294569
1.162285665486083
1.1088237844329647
1.1218123581161188
1.2375197574990062
1.1086923355896843
1.1023974886996022
2.216114232532656
2.2204535523092788
1.376345889256032
2.1648761378707033
2.2131703970287515
2.0424170288717463
2.2424965078689416
2.237795226309046
1.9420892759261874
2.2424965078689416
1.197712779915968
2.159993415825519
1.1933172799845448
2.259696845483078
1.2464035909184357
1.1211201904881667
1.1232109928627376
2.263191420702899
1.1208271779234176
1.122237863583918
1.9350239689101865
1.1944227004415129
2.2287951648998248
1.4369862320652682
1.106647822943508
1.2547397466628474
1.1308607137769258
1.1866427160130044
1.0987499335611561
1.0997155454617222
1.1109094499423193
2.256722154575498
1.2382420001036076
1.197712779915968
1.1267827440434224
2.237795226309046
1.1061657247352172
2.1661551011317854
1.1304494861482401
1.1412102362401941
2.2577744650850247
1.130016747870282
1.1010731525847044
1.0993374066069954
1.1565981639673133
1.1460989970068383
2.2086895944269154
1.196621171511503
1.8724009540893187
1.1922086920881534
1.7654498327159547
2.259696845483078
2.216114232532656
2.238074044413153
1.1409107680585573
1.4224661551807705
1.845346317580024
1.8805580443813408
2.1828614514061218
1.9968549724553457
2.1420468461935616
2.241452037904602
1.144900559537326
1.0977784161573676
1.399905070328554
1.0979064003765426
2.099277319247394
1.7851404157168902
2.180790525147738
2.260197165149868
2.155193357434622
1.1004952307197176
1.1112369083342855
1.2071806261843119
2.216114232532656
1.748093493198412
1.106647822943508
2.260197165149868
1.399905070328554
1.169315148477308
2.20064925437363
1.1567315993327631
1.1735126134589513
2.262766911370292
2.2495368057089546
1.1013283985567053
1.142011325892743
1.2566394730679913
1.193656312828456
2.2353170475967823
2.1108830841194415
1.628041259513785
1.2497608913925973
1.1575244489094785
1.2359263081780247
1.4282310008622419
1.2129795303631155
1.182202088869639
1.1888709705343714
2.0071948370566455
2.2634743860552136
1.1735126134589513
2.0939386852603663
2.2633506997500232
2.2424965078689416
1.2327674510048268
1.1575244489094785
1.5739580644482176
1.1888709705343714
1.161315950780646
1.206168553995926
1.6867327239130274
1.225686715597667
1.139622880427507
1.1308607137769258
1.1503434295704633
1.097891210888263
1.631292914346759
2.2507244235904103
2.013411815115834
1.6943311920553383
1.1778138030364582
1.8317384743915959
1.1342050067302814
2.092326048213193
1.3173549499557888
2.0328692230369443
1.1512134906696334
1.1673016437191344
1.1866802881568577
2.2176784063420234
1.2516337948258849
2.1962558510020105
2.262766911370292
1.169315148477308
1.0980255641952563
2.140379154451768
1.1275088521153267
2.020784691953373
2.046535284723699
1.2723110766585533
1.2229039704662168
1.8046955305369656
1.8966957032946712
2.2424965078689416
1.2872132175336537
1.240327916869025
1.11642981811046
1.6449814715058078
1.8362740885668287
1.1031425229592138
1.9818595604430953
1.0993374066069954
1.1575244489094785
1.1584592988110856
1.800190386143071
1.619580784482933
1.1133602601830945
1.1910976460025404
1.2647208401468204
1.1460989970068383
2.1387051959209256
1.2147965101224847
2.261501218716808
1.126060400621161
1.1184043104230008
2.2589870995307613
1.1538696015082017
1.1833087305488155
2.0708758866088437
1.1051120750989003
1.098997360436337
1.1866427160130044
1.1058697027152284
1.7561676095638974
1.1469344724513804
1.2111021659987165
2.2086895944269154
1.1652471885039015
1.1662516265717504
2.0885271997918466
2.2625021553432245
1.2624179854070428
1.125976378375833
1.105695743238841
1.9118079721344587
2.263191420702899
1.1799694846822126
1.8746342217375018
2.1664788252800173
1.1494807039267885
2.160050103905043
2.044804564438784
1.3017194625450441
2.2314563295806797
2.2625021553432245
1.83400599787789
1.126060400621161
1.1194646802231034
2.2218771804035033
1.762705693305154
2.2230859328560255
1.2509801449700095
2.2488275336741714
2.204996888203134
1.6473893637500747
1.1083721455859668
1.3759031137820719
1.2294245821381922
1.1054862172213495
1.1013832755819681
2.172863281186952
1.7728498027067165
1.5770705828440197
2.124916663578397
1.2179209691448918
2.2425389099155404
2.1282130104446697
2.256722154575498
1.1428840917396261
2.10104070904879
1.144446638826542
1.112674209283064
1.1494807039267885
1.8988718598534975
1.2156814546062842
2.2636302604740095
2.254575980423811
1.234722857310136
1.6920165845168325
2.174453310194604
1.0983265378932832
1.138836242904892
2.2627279334281964
2.262144711370437
2.2541687015998813
1.7255151127295054
1.0986963744982872
1.0977761438399447
1.1083721455859668
1.0997155454617222
1.142011325892743
1.1319410145369637
1.0982160618974668
1.3785204648876925
2.1707449965603525
1.130016747870282
2.1964524620603694
2.09214294426912
1.2054034256125468
2.2624542950612874
1.361658751905849
1.1122766265468282
2.2564288734306253
2.1995433463690386
1.5170131970437237
1.6377364800047494
2.251630043506719
2.250442077262742
1.2380622075666068
1.8544040212703874
1.231685425667896
1.1275088521153267
2.1490781689261227
1.4558259689499584
1.1724501104972678
1.943336686650713
1.1888709705343714
1.1092855967992412
1.2516337948258849
1.1735126134589513
2.256722154575498
1.8503489709510936
1.385199314522792
1.9245443687668777
2.262144711370437
1.5551330590770238
1.1389813255616634
1.363039082995612
1.126060400621161
1.1418919908448877
2.2627279334281964
1.326570957319619
1.4086455481502063
2.1198095680226428
1.101707427553927
1.123917075667975
2.246820501350549
1.931417183201591
1.0978569276058834
1.2624179854070428
1.373397752827793
1.1252044547603313
1.248874998407413
2.258600231047655
1.5239573546981653
1.1810987484159299
1.1225093587331847
1.2428201840127084
1.1735098389970986
2.2131703970287515
1.144446638826542
2.0044967434699132
1.1297089971475147
2.068078247658918
2.259696845483078
1.760524993196535
2.2629967495303034
1.838478097489404
1.0991625645615293
1.1282386392248294
1.1529763949222969
1.1145171035708181
1.4478499700342722
1.5075878876487572
2.2287951648998248
1.139622880427507
1.0992984875610414
2.15843486126857
1.1735126134589513
1.098212770561478
1.2464035909184357
1.1076473799860953
1.0991625645615293
1.1799992487010618
1.2343541272603271
2.2456736279823253
1.100227512105006
2.262766911370292
1.1071417930981609
1.0985608660466557
1.3704534913461417
1.1024468439088975
2.2320889050179833
1.1494807039267885
1.8782713565123001
2.2218771804035033
2.102796067326603
1.1365024806003705
1.2198608024696234
1.9181999304818131
2.2436052052144033
2.1632705628403146
1.1594027953177388
2.1873572349763406
1.0978569276058834
2.2610019129145336
2.224686398170776
2.1873572349763406
1.282527665602927
2.1180424541856064
1.1673016437191344
1.1584592988110856
1.856663934070274
1.142817618499125
1.2338285228782888
2.2424965078689416
1.6733353193298102
1.3472193423038248
1.2547397466628474
2.2625021553432245
1.2111021659987165
1.196621171511503
2.1437085267446108
1.1194646802231034
1.102748616739349
2.128515967398551
1.9052837766295332
1.1404141511847279
1.9673221250308077
1.160167751748282
1.6399378188872964
1.1349669979818797
1.1565981639673133
2.202615232961579
1.1880538686407927
1.811988878129197
1.1412102362401941
1.1632641360587492
1.2288337095429798
1.102763194553141
1.1024468439088975
1.7024686207442075
1.6136470085601626
1.5985978267652172
1.6370695480330557
2.234048556593907
1.3972662213067126
1.1682857618303695
1.099521769658109
1.196621171511503
2.261418330298666
1.1291846860306427
1.1494807039267885
1.1054862172213495
1.551975448110302
2.235730279894111
1.8479848207288898
1.123696931081929
1.1632641360587492
1.3655824910115102
1.1452697921732462
1.1145171035708181
1.1584592988110856
1.1477764375739288
1.112674209283064
1.3881488855229964
1.1987983411634187
2.0793478531718206
1.295208369839286
1.1194646802231034
1.8498781856978772
2.0362200813883646
1.9224346161007824
1.155605782270679
1.142817618499125
2.0009872055332565
2.0708758866088437
1.8527078205578413
1.2236234780713402
1.2566394730679913
1.0984539142309835
1.1486251099033151
1.836089640063214
1.2276154520238698
1.1722509368284564
2.2631669180269944
2.2121188268764254
1.1145171035708181
2.2107084635648344
1.2322296192573734
1.9942380580066053
1.1735098389970986
1.106647822943508
1.1810987484159299
2.1395585737081397
1.0984539142309835
1.1062626203353572
1.2547397466628474
1.5285726617731052
1.1088237844329647
1.1469594436140829
2.123317455068376
1.1672645313237335
2.1964524620603694
1.965999036415164
1.6988741647979373
2.10104070904879
1.4399326578782903
2.210191152784698
1.1132802390256535
1.1058697027152284
1.2214157126586611
1.9053657534461177
1.1103400035193565
1.1632641360587492
1.122237863583918
1.171397565814921
2.2557072624209975
1.098212770561478
1.1211201904881667
1.8095604994851284
1.1043607750073297
2.1813567864117234
1.8679220374516172
1.1074989316547583
1.6760373580348757
1.0985950121195167
1.735595366497069
1.2111021659987165
2.1379547263271186
1.2276154520238698
2.1873572349763406
2.247837473334069
2.0975058653687073
1.2244843446920268
1.5193316251599152
1.2415395826087972
1.119074884575035
1.1594027953177388
1.1866427160130044
2.1798492181294837
2.1108830841194415
2.253003200798431
2.2557072624209975
1.1409107680585573
1.2156814546062842
1.1023974886996022
1.1672645313237335
1.1194646802231034
1.0984539142309835
1.3558424670733076
1.572704080253054
2.0388578458707354
1.098212770561478
2.2525063345758696
1.9947908158686984
2.2314563295806797
1.6401546528963669
2.234532662899884
1.1412102362401941
1.206168553995926
1.551975448110302
2.2369109385578203
1.9701057809207365
1.2038940383402204
1.108164318725294
2.2631669180269944
1.8945138284128475
1.1512016903680873
1.9652359306055116
1.5377919411117866
1.1565981639673133
2.257378637537747
1.7780312524220692
1.7518136419981998
2.1437085267446108
1.7780312524220692
2.17920964590316
1.6401546528963669
2.190223764484985
1.195084502069317
1.5361347938457337
1.775312070895345
1.1144886641698544
1.142817618499125
2.1964524620603694
1.1062626203353572
1.1349669979818797
1.5493400744606058
2.2635623040265855
1.196621171511503
1.869060753975202
1.1289720375374799
1.182202088869639
1.1092855967992412
1.1342050067302814
1.6353156509867288
1.1211201904881667
1.620757657976485
2.2436145918084622
1.1584592988110856
1.1767288066916344
1.6401546528963669
2.075621332604559
2.1080144256102002
1.1289720375374799
2.2232883467617683
1.5955532329441469
1.0982160618974668
1.1325841306328839
1.0980392279870062
1.1043914963061172
1.234722857310136
2.090339109763211
1.0993374066069954
2.2320889050179833
1.2111021659987165
1.1538696015082017
1.12755646693351
1.1603549995294569
1.281317035845619
1.222168112918318
1.3675145722540158
1.2236234780713402
1.2282309096742605
1.1866802881568577
2.238074044413153
1.1076473799860953
1.225686715597667
2.068078247658918
2.2513219540210736
2.1813567864117234
2.2625021553432245
1.4763299253461584
1.3681405038943768
1.252853294952558
1.248021062974021
1.139622880427507
1.385199314522792
1.2526233204048174
1.2348780938361807
1.3891408947236301
1.4824720113463414
2.0998623840847572
1.1010709754741899
2.090339109763211
1.10523811204287
1.100227512105006
1.9742126302909304
2.20064925437363
1.1584592988110856
1.2305737576065372
2.262144711370437
1.155680343073408
1.2329832939112786
2.2274404868560302
2.1696760885271
2.254575980423811
2.2606649301588866
2.2217499363720306
1.1001309476715564
1.434053672422935
1.1652471885039015
1.4282310008622419
1.1590126240418324
2.256722154575498
1.1855296409712792
1.1888709705343714
1.1334467249024736
1.1267827440434224
2.2447084008154747
1.1039414746300837
1.1662516265717504
1.2569623203454696
2.225723171792631
1.2454407213158465
1.3172768604721368
2.2107084635648344
2.2365661748231633
1.1529763949222969
2.1962558510020105
1.1529763949222969
2.017560082153992
1.1697568755493755
1.1372761961125533
1.0980255641952563
1.161315950780646
1.1594027953177388
2.0865772469966473
2.1165568721515946
2.155193357434622
1.112674209283064
1.204110518654857
1.935699372327787
2.2301340120064
1.297948253861511
1.1156626332894173
2.088502479831542
2.081199518779761
1.1001309476715564
1.2081805875902905
1.1334467249024736
2.2625021553432245
1.3558424670733076
1.2190581935765104
1.0982160618974668
2.262766911370292
1.1015947122039969
1.1460989970068383
1.9206253288342856
2.009266259444356
2.2629967495303034
1.1010731525847044
2.125058553066839
1.4196058093417443
1.123696931081929
2.1888494178767335
2.263610076875546
2.256035873918783
1.1512134906696334
2.083043348973941
1.2758429883324065
2.2301340120064
1.9412635412943626
1.0995094902019318
2.263614303561882
1.1428840917396261
1.651277497851943
1.4918419442293422
1.0978085047630293
2.114481180620116
1.1944227004415129
2.111454206162411
1.155680343073408
1.291373823706922
1.098212770561478
1.161315950780646
2.15843486126857
1.143629319239001
1.4670292539385665
2.1855188983503395
2.211684927692572
1.498123633502567
2.083043348973941
1.236475752635935
1.1672645313237335
1.1291846860306427
1.0983205534856528
2.164619305966519
1.155605782270679
2.2176784063420234
1.2867038294017779
1.143629319239001
2.262144711370437
1.1933172799845448
1.1855296409712792
1.1648850673942182
1.143629319239001
2.247837473334069
2.2610997413047267
1.3105778267260113
1.9735659748826946
1.2624179854070428
1.0987499335611561
1.1908332504693835
1.1998771363798493
1.1512134906696334
2.260063779096561
1.138836242904892
1.120433069254224
1.8240845161033783
1.6427927165673142
2.0718645107515465
2.2333186768360482
2.17920964590316
1.102045529923666
1.2354017116995342
1.1304494861482401
1.6760373580348757
2.1486600658061734
1.131193490620329
1.171397565814921
1.1372761961125533
2.0699750005704605
2.2457772591603034
2.2617993310258178
1.0978189865374033
1.1334634547326357
1.2269866650736936
1.1520910834351659
2.009266259444356
1.1357327877281214
2.263332105510464
2.1870899740335807
1.0983205534856528
2.111454206162411
1.0981222305772986
1.139622880427507
2.2301340120064
2.105415471673578
1.965999036415164
1.142011325892743
1.143629319239001
1.845346317580024
2.257118086119155
1.7583457258296378
2.2041431266176046
1.170352492531115
1.282527665602927
1.0989187693589237
1.210141892153237
1.2282309096742605
1.2322296192573734
2.1768255831515093
1.1267827440434224
2.246674538324623
1.1512134906696334
2.202103920792565
1.1538696015082017
1.1071417930981609
2.2633506997500232
2.2635623040265855
1.2311338084921828
1.6341879051062818
1.1833087305488155
1.5044283236098521
2.224686398170776
2.2610997413047267
1.8022591676223494
2.2591643889314463
1.138836242904892
1.2464035909184357
1.11389464013576
2.258600231047655
2.2591643889314463
1.1184043104230008
1.8527078205578413
2.160050103905043
2.2457772591603034
1.0997155454617222
1.1023974886996022
1.139622880427507
1.7024686207442075
2.0368660600094843
2.2476524394113646
1.1409107680585573
1.352953021583576
2.1692178903063106
1.5863556926130813
1.131193490620329
1.1477764375739288
2.140379154451768
1.0999186347756351
1.0993374066069954
1.0979518537199882
1.138836242904892
2.105415471673578
1.0978085047630293
2.1475030713662377
2.038287932760084
1.0977784161573676
1.1114885049095031
1.1709990372441015
2.0904187923685553
1.9610555988031095
1.304904739021148
1.1021539401742984
1.097891210888263
2.119921870284413
1.4518520180038532
1.2472738405176542
2.111454206162411
1.8046955305369656
1.104793052880832
1.23645324608626
2.263553681520727
1.126060400621161
1.1477764375739288
1.1735098389970986
1.1083721455859668
1.1672645313237335
2.259542605319324
2.247837473334069
1.1866427160130044
1.1899848422500467
2.2589870995307613
1.775312070895345
1.1114885049095031
2.2283106042536116
1.9947908158686984
1.0981222305772986
1.9474743285427016
1.2329832939112786
1.6735346500277728
2.13364320522006
1.1547708673848212
1.171397565814921
2.2456736279823253
1.0978085047630293
1.8768630713590222
1.5361347938457337
1.8667424441070597
2.2486067282639266
1.1023974886996022
2.256722154575498
2.116266367090723
1.1789041041401234
2.113162598452855
1.1584592988110856
1.1109094499423193
2.2513219540210736
1.1888709705343714
2.1962558510020105
1.1349669979818797
1.1054862172213495
2.0237846260063392
1.1218123581161188
1.4558259689499584
1.155605782270679
1.1494807039267885
2.2591643889314463
1.1289720375374799
2.2176784063420234
1.1109094499423193
1.396974754798275
1.1380540679039637
2.220403026300904
1.1955242376540627
1.1132802390256535
1.182202088869639
1.1866427160130044
1.2020115823169497
1.9308452167643964
1.2454407213158465
2.257118086119155
2.158444974943713
1.8204188662869498
2.2577744650850247
2.1873572349763406
2.224686398170776
1.1565981639673133
1.4639709321620273
1.1184043104230008
1.1349669979818797
1.9287494911201912
1.9598355890279062
2.044804564438784
1.1584592988110856
2.1302326828417195
1.1370964943490054
2.2605503098534365
1.206168553995926
1.1529763949222969
1.8879345176620719
1.204110518654857
1.1662516265717504
1.333221807816882
1.1372761961125533
1.734380366819675
2.2557072624209975
1.115147322566332
1.1632641360587492
1.170352492531115
1.1013832755819681
1.1459247442314964
1.9292689693406797
2.2107084635648344
2.257378637537747
1.1756495486398701
1.9008460146989243
2.1486600658061734
1.098997360436337
2.0939386852603663
2.180790525147738
1.1267827440434224
1.2300043161739556
1.1756495486398701
1.83400599787789
1.138836242904892
1.2138957590858586
1.2020115823169497
1.1289720375374799
2.263332105510464
1.1745764340074338
1.2536498272844305
2.2634743860552136
1.7824354203683668
1.143629319239001
1.8597512381611185
2.1215678497917425
1.162285665486083
1.210141892153237
1.4861995983848033
1.9568639414194424
2.2631669180269944
2.241452037904602
1.1218123581161188
2.220403026300904
1.1372761961125533
1.760524993196535
2.185861770214183
1.9610555988031095
1.1357327877281214
1.1275088521153267
2.0865772469966473
1.239172867119725
2.066174378999157
1.1877567077379532
1.170352492531115
1.1428840917396261
2.102796067326603
1.9844890578845287
1.193656312828456
2.160050103905043
1.100227512105006
1.1184043104230008
1.8966957032946712
1.1625070859530087
1.1211201904881667
1.121526482346259
1.124444635914505
1.5361347938457337
2.2217499363720306
1.2957132250165408
1.4824720113463414
2.2369109385578203
1.1477764375739288
1.8746342217375018
1.8408619981470866
1.1799992487010618
2.058490522607311
1.6760373580348757
1.1584592988110856
1.425341266818209
1.668835519944647
1.0987499335611561
1.0978569276058834
1.1076473799860953
1.1503434295704633
2.1855188983503395
1.1486251099033151
2.224686398170776
1.1799992487010618
2.1696760885271
1.1128128992785167
2.159993415825519
1.5941465656170843
1.1477764375739288
2.2629967495303034
1.396974754798275
1.2305737576065372
1.651277497851943
1.1372761961125533
1.10523811204287
1.1745764340074338
2.2610019129145336
1.0981222305772986
1.2558182740926742
1.258147555005585
1.108164318725294
1.162285665486083
1.1211201904881667
1.1062626203353572
1.1399405156772102
1.54247924477659
2.0865772469966473
1.12755646693351
1.1005829325521501
1.2566394730679913
2.0388578458707354
1.2322296192573734
1.1428840917396261
1.1756495486398701
1.2174028337109482
1.8701634833976313
1.0978434813551696
1.0993374066069954
1.12755646693351
1.142011325892743
2.263553681520727
1.1642513299052009
1.2195424058505417
1.6377364800047494
2.1813567864117234
1.108164318725294
2.251630043506719
1.1412102362401941
1.4700982312853725
1.6497930960302898
1.2633174485876786
1.0993374066069954
2.1519357126151406
2.2274404868560302
1.2165503083256721
1.9589612441579312
1.131193490620329
2.2436145918084622
1.6972610503743186
2.2401902619064815
1.105695743238841
1.813650370513764
1.2359263081780247
2.2401902619064815
2.257118086119155
1.1404141511847279
1.1501257738020236
2.256722154575498
1.1460989970068383
1.6596440069383387
1.431423907569973
1.161315950780646
1.2051449755329504
2.028855842809871
1.1013832755819681
1.379296461313155
1.4424438262993127
2.2627279334281964
1.1389813255616634
1.3587448962240918
2.225723171792631
2.2627279334281964
2.1267913258357587
2.2606649301588866
1.6283846234660573
2.258600231047655
1.1745764340074338
1.139622880427507
1.1642513299052009
1.0985608660466557
2.262965505496097
1.1120768611361767
1.7127833583962362
2.216301635124904
1.4111145390325726
2.1379547263271186
1.1899848422500467
1.097891210888263
1.098212770561478
2.254953711548168
1.149060041285777
1.2436209737667188
1.182202088869639
1.2038940383402204
1.142817618499125
1.8879345176620719
1.2428201840127084
2.250442077262742
1.4397144369905033
1.1061657247352172
1.0989187693589237
1.1438869785187666
2.1813567864117234
1.0982160618974668
1.162285665486083
2.056766965537273
1.1547708673848212
1.0995094902019318
1.6706214967771869
1.1486251099033151
2.260197165149868
1.0985950121195167
2.259696845483078
1.139622880427507
1.1594027953177388
1.2724302459458223
1.162285665486083
1.1735126134589513
2.254575980423811
1.1184043104230008
2.1387051959209256
1.1283645778827234
1.8503489709510936
1.2243268873786326
2.263191420702899
1.1652471885039015
2.259696845483078
2.172863281186952
1.2448972018671594
1.236475752635935
2.1519357126151406
1.131716528325057
1.745601635471213
2.0827006491615885
1.2448972018671594
2.247837473334069
1.123917075667975
1.1357327877281214
1.6867327239130274
1.5012733823606925
2.0885271997918466
1.1001309476715564
2.2610997413047267
1.1352569813933893
2.263332105510464
1.1013283985567053
1.0979672262405475
1.2434901822424473
2.044477666887711
2.0885271997918466
1.0984539142309835
1.735595366497069
1.2174028337109482
2.263553681520727
1.1632641360587492
2.1664788252800173
2.1828614514061218
1.2382420001036076
1.0984539142309835
1.104793052880832
1.1282386392248294
2.253003200798431
1.6711884641338397
1.2375197574990062
1.8813067254098437
1.1412102362401941
1.1899848422500467
1.161315950780646
2.2589870995307613
1.8144143549473322
2.050704599382081
1.838478097489404
1.5377919411117866
2.13473074869653
2.066875535174595
1.9947908158686984
1.1486251099033151
1.4057415000171898
1.1304494861482401
1.7868529730573046
2.0688790793122465
1.1477764375739288
2.2624542950612874
1.2633174485876786
1.5308780013556216
1.115069906178538
1.1132802390256535
2.09214294426912
2.2175714591525355
1.845346317580024
2.2635623040265855
2.0547292151634164
1.1033788545208523
1.1888709705343714
1.9010422625138486
1.0978085047630293
2.1379547263271186
2.034869794543104
1.0984539142309835
1.1594027953177388
1.1642513299052009
1.2165503083256721
1.1603549995294569
1.097891210888263
2.0085844880913317
1.9266492697249464
2.0071948370566455
1.6814070695132712
1.2338285228782888
1.91607471901466
1.2312570364956026
1.105695743238841
1.155680343073408
2.234532662899884
1.1372761961125533
2.123317455068376
1.1092311488772464
2.261418330298666
2.1776264760633093
1.1866427160130044
1.1372761961125533
2.1267913258357587
2.1813567864117234
1.182202088869639
2.2633506997500232
1.1501257738020236
1.2464035909184357
1.1575244489094785
2.2538034289642366
1.1010709754741899
1.097891210888263
1.1058697027152284
2.2617993310258178
1.705059369723067
1.0979518537199882
1.1349669979818797
1.7648880941196408
1.6046531152245604
1.106647822943508
1.1724501104972678
1.1767288066916344
1.1109094499423193
2.2135214168977706
1.2547397466628474
2.1873572349763406
1.2434901822424473
1.1877567077379532
1.0988419194125183
2.0718645107515465
1.1319410145369637
2.2577744650850247
1.8644180249128703
1.1590126240418324
1.1486251099033151
2.2175714591525355
1.1756495486398701
1.1043914963061172
1.319857695420027
1.1603549995294569
1.1652471885039015
1.210141892153237
2.2557072624209975
1.097891210888263
1.2174028337109482
1.2182388417144614
1.142011325892743
1.0980255641952563
1.6651575972192936
1.2322296192573734
1.161315950780646
1.4609236702863806
1.0978189865374033
2.2606649301588866
2.2538034289642366
1.2509801449700095
1.1051120750989003
2.2610019129145336
1.1010731525847044
1.1047471935617033
2.2610019129145336
2.17920964590316
2.2086895944269154
1.903068034282975
2.211684927692572
1.2165503083256721
1.705059369723067
1.3173549499557888
1.0980392279870062
1.0995094902019318
1.2147965101224847
2.092326048213193
1.143629319239001
2.261501218716808
1.1533837836565723
1.1480045707608975
1.143629319239001
1.1799992487010618
1.9557218325174153
1.1229613421534503
1.171397565814921
2.1427508233489205
1.1122766265468282
2.20064925437363
2.210191152784698
1.2300043161739556
2.254575980423811
2.2230859328560255
2.011338626415603
2.2146470189041656
1.1013283985567053
1.143629319239001
2.1486600658061734
1.1922086920881534
2.2283106042536116
1.1673016437191344
2.2577744650850247
1.1855296409712792
2.1282130104446697
2.2538034289642366
1.1357327877281214
1.2441820169693902
1.196621171511503
2.2131703970287515
2.111454206162411
2.0009872055332565
1.3704534913461417
1.1010731525847044
1.2497608913925973
1.4196058093417443
1.1922086920881534
2.263614303561882
2.1108830841194415
1.1282386392248294
1.142011325892743
1.8022591676223494
2.211684927692572
1.2369839208485676
1.0992984875610414
1.1877567077379532
2.259542605319324
1.2051449755329504
2.0196348319581596
1.11642981811046
1.2436209737667188
1.0992984875610414
2.2274404868560302
1.2206466350141763
1.1246274376041772
1.1246274376041772
1.4886321617339044
1.1380540679039637
1.1031425229592138
1.1201399223384765
1.1888709705343714
2.0846432469862695
2.2634743860552136
1.1349669979818797
2.263610076875546
2.235730279894111
1.8288985014895682
1.3558424670733076
1.5539785947368243
2.259696845483078
1.204110518654857
2.17920964590316
2.204996888203134
1.2428201840127084
2.147014880768389
1.1102402067714998
1.1933172799845448
1.166088530069754
1.6593597894069156
1.7123449661169292
1.1452697921732462
2.161661942368646
2.2591643889314463
2.2622027539778484
2.171270896993504
1.3407886830682276
1.1789041041401234
2.2631669180269944
2.2636302604740095
2.172269299254181
2.0939386852603663
2.075621332604559
1.1412102362401941
2.0708758866088437
1.463642567531797
1.0981222305772986
1.1512134906696334
2.246820501350549
1.9547635665848386
1.1170815023030074
1.8204188662869498
1.2300043161739556
2.1298515770801005
1.2888109712255602
1.2054034256125468
1.109780469818137
1.1023974886996022
2.1676879419693598
2.2353170475967823
1.656868133335646
1.3172768604721368
1.1005829325521501
2.161661942368646
2.2436052052144033
1.1040449140006157
1.3073042321961243
2.066875535174595
1.1389813255616634
2.1991895133808272
1.1308607137769258
1.1428840917396261
1.197712779915968
2.1180424541856064
1.0979518537199882
1.91607471901466
1.1888709705343714
2.1995433463690386
1.1789041041401234
1.2758429883324065
1.2415395826087972
1.4224661551807705
1.1533837836565723
2.2287951648998248
1.1512016903680873
2.2204535523092788
1.2333000324400045
2.2633506997500232
1.166088530069754
1.0979064003765426
1.1054862172213495
2.0424170288717463
1.2305737576065372
2.0106246840114723
1.7365646216370727
1.0982160618974668
1.5551330590770238
2.083043348973941
1.6110510603730999
1.4639709321620273
2.224686398170776
1.1102402067714998
2.2617993310258178
1.239172867119725
1.239744082668871
1.122237863583918
1.1672645313237335
1.1756495486398701
2.225723171792631
1.142817618499125
1.1460989970068383
1.1512134906696334
1.162285665486083
2.1680787670950785
1.2081805875902905
2.013411815115834
1.2071806261843119
1.101869896156941
1.1584592988110856
2.0268433661096874
1.1547708673848212
2.2591643889314463
2.2056651121710487
1.1672645313237335
1.1177397594757041
1.2526233204048174
2.239218998512275
1.1013832755819681
1.1735098389970986
1.1745764340074338
2.2131703970287515
1.1120768611361767
1.7583457258296378
1.239172867119725
1.1477764375739288
1.1319410145369637
1.108164318725294
1.1117513333586628
1.6484625012454324
2.164619305966519
1.258147555005585
2.2617993310258178
1.1343544299646757
1.3587448962240918
2.2589870995307613
1.5645746312166509
1.2009484520051739
2.259542605319324
2.2557072624209975
1.1004952307197176
1.8986176543773938
1.1283645778827234
1.1229613421534503
1.171397565814921
1.1735126134589513
2.2456736279823253
2.0768231939641018
1.100227512105006
2.0846432469862695
1.4687671186495261
1.0991015984969708
1.1132802390256535
2.003055230900724
1.123917075667975
1.8521420068780816
1.0985950121195167
1.7736395294560017
2.164619305966519
2.1696760885271
1.1469344724513804
1.2380622075666068
1.1352569813933893
1.8782713565123001
1.3150831441613435
2.1648761378707033
1.2434901822424473
1.3456355668919258
1.1452697921732462
1.1275088521153267
1.1632641360587492
2.2086895944269154
1.1998771363798493
1.0999186347756351
1.109780469818137
1.2294245821381922
2.046535284723699
1.0977861155620265
1.097891210888263
1.0977761438399447
2.185861770214183
2.2146470189041656
2.263332105510464
1.2129795303631155
1.2182388417144614
1.210141892153237
1.2229039704662168
1.1211201904881667
1.1289720375374799
1.105695743238841
1.4824720113463414
1.352953021583576
1.1745764340074338
1.0984539142309835
1.4518520180038532
1.2343541272603271
1.239744082668871
1.9777170650595588
1.1170815023030074
2.0424170288717463
2.1282130104446697
2.260197165149868
1.1054862172213495
2.219018102996815
1.2369839208485676
2.235730279894111
1.3242475228706831
2.1215678497917425
1.402759684112872
1.11389464013576
2.2327614137358087
1.2400216142932567
2.2589870995307613
1.1342050067302814
1.142011325892743
2.2131703970287515
1.7409270270156028
2.2131703970287515
1.3838003501801117
2.105415471673578
1.126060400621161
1.0978085047630293
1.2380622075666068
1.0999739832465794
2.161538551346109
1.8589214549956483
2.246820501350549
1.4369862320652682
2.2635623040265855
1.91607471901466
2.2617993310258178
1.131716528325057
2.2629967495303034
1.102748616739349
1.9484426948126352
2.259542605319324
2.1072474792613796
2.2589870995307613
2.114481180620116
1.120433069254224
2.2204535523092788
1.8181603112546536
1.1145171035708181
1.161315950780646
1.098212770561478
2.002449366362662
1.9598355890279062
1.1944227004415129
1.1066650642696343
1.1092855967992412
2.2401902619064815
1.0999186347756351
1.1342050067302814
1.1810987484159299
1.182202088869639
2.011338626415603
1.5739580644482176
1.4086455481502063
2.128515967398551
1.2206466350141763
2.2507244235904103
1.2724302459458223
2.2636302604740095
1.2020115823169497
2.112686784351887
2.2553203076121595
1.9783210079287201
1.3675145722540158
2.123258580049854
2.257378637537747
1.1501257738020236
1.1672645313237335
2.1035739548376107
2.137024717295993
2.261501218716808
1.102045529923666
1.2305737576065372
1.7365646216370727
2.1828614514061218
1.2724302459458223
1.11389464013576
1.838478097489404
2.1395585737081397
1.1833087305488155
1.4812937390661112
1.109780469818137
2.1823690735918126
2.20355323128867
1.170352492531115
1.5170885035451966
2.197724962762061
1.162285665486083
1.618329674807766
1.47130423471986
2.259542605319324
1.829471798104384
1.1613325803145111
1.7973791874070324
2.161661942368646
1.125341925008094
2.241354833735742
1.2338285228782888
2.2369109385578203
2.0071948370566455
2.2636302604740095
2.109070002504388
1.2269866650736936
2.263191420702899
2.1991895133808272
1.209167859624421
1.1031425229592138
1.1404141511847279
1.8988718598534975
1.1047471935617033
1.1010709754741899
2.0320792371383667
1.3017194625450441
1.463642567531797
1.5609657504893164
1.1412102362401941
2.1298515770801005
1.1112369083342855
2.083043348973941
1.1088237844329647
1.1103400035193565
2.2274404868560302
1.196621171511503
2.257118086119155
1.1365024806003705
2.1964524620603694
1.142817618499125
2.1886583169368046
2.0154856857815986
2.141157216992385
2.140379154451768
2.2627279334281964
2.1648761378707033
1.1735098389970986
1.9906664165260097
2.2635623040265855
1.2009109720500428
1.2311338084921828
2.257378637537747
1.4000052929877227
1.1894381540709353
2.0388578458707354
2.028855842809871
1.2434901822424473
1.119074884575035
2.114481180620116
1.108164318725294
1.1469344724513804
1.8597512381611185
1.1724501104972678
1.124444635914505
2.155193357434622
1.1632641360587492
2.0106246840114723
1.9901199561340859
1.10523811204287
1.1211201904881667
1.2269866650736936
1.869060753975202
2.240345198201924
2.257378637537747
2.180790525147738
2.2557072624209975
1.1092311488772464
2.2457772591603034
1.1132802390256535
1.1662516265717504
1.1061657247352172
1.1652471885039015
1.7452836223442263
1.138836242904892
1.1010731525847044
2.1692178903063106
1.2054034256125468
2.2606649301588866
1.1494807039267885
1.2282309096742605
1.2526233204048174
1.2071806261843119
1.1673016437191344
1.0989187693589237
2.147014880768389
2.006541811134648
1.1031425229592138
1.1565981639673133
1.1438869785187666
1.436967785471621
2.0237846260063392
2.116266367090723
2.2538034289642366
1.1380540679039637
1.1062626203353572
1.4855876106675197
2.2605503098534365
1.1452697921732462
1.33875534191153
2.1180424541856064
2.1855188983503395
2.1437085267446108
1.6851601561760943
1.226343936899933
2.2218771804035033
1.5645746312166509
1.126060400621161
2.2010818434040287
2.2446503142907734
1.5053378392015397
1.1267827440434224
2.2533527349181663
2.2175714591525355
2.2625021553432245
1.1460989970068383
1.1899848422500467
2.1519357126151406
1.1799992487010618
2.257378637537747
1.1512134906696334
2.1379547263271186
1.1866802881568577
1.1503434295704633
1.1252044547603313
1.5329602539353648
1.229544053328251
2.160050103905043
1.125341925008094
2.2320889050179833
1.212048195390668
2.216114232532656
1.1565981639673133
2.246674538324623
1.2054034256125468
1.1031425229592138
2.20064925437363
1.2129795303631155
2.1947824100889752
1.7431061206297849
1.1812910101659988
1.1538696015082017
2.2071807541574553
1.0980255641952563
1.1745764340074338
1.1756495486398701
1.8216720240145903
1.6998692883569055
1.2421704959079953
2.2390034913677663
1.119074884575035
1.6617378949782748
2.125058553066839
1.6377364800047494
1.119074884575035
1.8857304816538818
2.175309585805608
1.2322296192573734
1.226343936899933
2.1991895133808272
2.247837473334069
1.1003524037907948
1.363039082995612
1.8362740885668287
2.1180424541856064
1.3918340371865903
1.1157849937268038
2.1519357126151406
1.1910976460025404
1.4458661452018142
1.099521769658109
2.258397598659283
1.2300043161739556
1.1117513333586628
1.1575244489094785
1.1756495486398701
1.4700982312853725
2.046535284723699
2.0368660600094843
2.2456736279823253
1.1547708673848212
1.3881488855229964
1.1844181099772355
2.1680787670950785
1.312217933493324
1.1061657247352172
1.1894381540709353
1.2229039704662168
2.234048556593907
2.1632705628403146
2.2175714591525355
1.1201399223384765
1.0978085047630293
1.112674209283064
1.143629319239001
1.9139441002507969
1.885111977427756
1.8024256298767793
1.1194646802231034
1.6353156509867288
1.0981222305772986
1.1291846860306427
1.780230341280259
1.2516337948258849
1.2282309096742605
1.2428201840127084
1.2418146042753824
2.050704599382081
1.748093493198412
1.1987983411634187
1.11389464013576
1.1844181099772355
1.0983205534856528
1.1512134906696334
1.9742126302909304
1.252853294952558
2.0424170288717463
2.2270233792594802
1.1529763949222969
1.8701634833976313
2.202615232961579
1.0987499335611561
2.054609673298744
1.1998771363798493
2.2010818434040287
2.2146470189041656
1.1662516265717504
1.1170815023030074
1.1469344724513804
1.2846093852416982
2.2232883467617683
1.1575244489094785
1.1342050067302814
1.2663360816224283
1.0977784161573676
1.1380540679039637
1.2421704959079953
1.1225093587331847
1.1001309476715564
2.135337468770788
1.8656768559787305
1.0978434813551696
1.1998771363798493
1.1944227004415129
1.169315148477308
1.0999186347756351
1.0995094902019318
2.180790525147738
2.161538551346109
1.7365646216370727
1.1922086920881534
2.046535284723699
1.2288337095429798
1.0987499335611561
1.1469594436140829
1.1031425229592138
1.1071417930981609
2.1962558510020105
1.3500781240691935
1.162285665486083
1.0979518537199882
1.9329366412317028
1.120433069254224
2.261418330298666
1.5331826105263628
1.1799694846822126
1.1520910834351659
1.2758429883324065
1.735595366497069
1.840810819692101
1.1162669330324746
1.0989187693589237
2.2218771804035033
2.0154856857815986
2.20355323128867
1.6377364800047494
1.3910954775458264
1.23645324608626
1.1494807039267885
2.1828614514061218
1.123917075667975
2.0217097474469314
2.2436052052144033
1.1319410145369637
2.262144711370437
2.2488275336741714
1.6641100364748085
2.0904187923685553
2.1760410326704402
2.2447084008154747
2.234048556593907
2.0885271997918466
2.2541687015998813
1.7670724489006628
1.402759684112872
1.8589214549956483
1.1157849937268038
1.1844181099772355
2.2589870995307613
2.2507244235904103
1.196621171511503
1.1031425229592138
1.7846424776009377
2.2488275336741714
1.109780469818137
2.261501218716808
1.2195424058505417
2.2605503098534365
1.780230341280259
2.2622027539778484
1.115147322566332
1.1246274376041772
2.250442077262742
2.2606649301588866
2.2580048243577275
1.2506800635279993
1.6787278561015233
1.3500781240691935
1.2038940383402204
2.216301635124904
1.399905070328554
1.1547708673848212
2.254953711548168
2.0106246840114723
2.0979923709909327
1.1092311488772464
1.123917075667975
1.169315148477308
1.297948253861511
1.11391881461809
1.7431061206297849
1.1955242376540627
1.3704534913461417
2.2577744650850247
1.1001309476715564
1.939187194555097
2.0467766661583577
1.139622880427507
1.121526482346259
1.1342050067302814
1.1168828874319896
1.9227941317414845
1.0985608660466557
1.1833087305488155
2.2446503142907734
1.8456155108419576
1.0995094902019318
1.1297089971475147
1.1184043104230008
1.1642513299052009
1.8644180249128703
1.5100274271008671
1.0991625645615293
1.2198608024696234
2.2425389099155404
1.6016312238625696
2.2617993310258178
2.224410515323544
2.2634743860552136
1.2409259035938394
1.1486251099033151
1.2156814546062842
1.107930565578952
1.2930632586626671
1.1486251099033151
1.1040449140006157
1.2276154520238698
1.3147298493370931
1.1469344724513804
2.1962558510020105
2.224410515323544
1.59896059554239
1.9335606020679261
1.122237863583918
1.2129795303631155
1.1122766265468282
1.2409259035938394
1.1565981639673133
2.020784691953373
2.1568931177521757
1.9245443687668777
1.1910976460025404
2.1072474792613796
1.9420892759261874
1.1810987484159299
2.2447084008154747
1.40831434475313
1.161315950780646
2.0085844880913317
2.2636302604740095
1.1066650642696343
1.2832358931922934
1.0985950121195167
1.1003524037907948
2.2401902619064815
2.066875535174595
2.2577744650850247
1.2909307874297886
1.1778138030364582
1.0989187693589237
1.0993374066069954
1.1334634547326357
2.2538034289642366
1.143629319239001
1.1297089971475147
1.3456355668919258
2.2274404868560302
1.0977861155620265
2.0827006491615885
1.7530670551460736
1.1054862172213495
1.1133602601830945
1.2023965910677918
1.1652471885039015
1.1076473799860953
1.1297089971475147
2.1302326828417195
1.5170131970437237
2.2135214168977706
1.1086923355896843
2.2627279334281964
1.1494807039267885
1.1697568755493755
1.8503489709510936
1.1062626203353572
2.225723171792631
2.2301340120064
1.0978434813551696
2.046535284723699
2.2521758535531844
1.4196058093417443
1.2165503083256721
2.175309585805608
2.2425389099155404
1.2051449755329504
1.1799992487010618
2.2525063345758696
1.1672645313237335
1.6328925660602434
2.241354833735742
1.3039150783312001
1.10523811204287
2.133110284118266
1.122237863583918
1.2338285228782888
2.0718645107515465
1.9577793435739907
1.100227512105006
1.8456155108419576
1.1010709754741899
1.8634281897213085
1.6760373580348757
1.105695743238841
1.2190581935765104
1.2509801449700095
1.1533837836565723
1.2300043161739556
1.1349669979818797
1.1745764340074338
2.1420468461935616
1.0980255641952563
1.7912845222155458
1.1201399223384765
1.226343936899933
2.2486067282639266
2.1664788252800173
1.1246274376041772
1.2156814546062842
2.253003200798431
1.0979064003765426
2.263610076875546
2.0403536820334596
2.2488275336741714
1.2179209691448918
1.1486251099033151
1.4639709321620273
1.1071417930981609
1.2647208401468204
1.4167603550902779
1.259374880769632
2.171270896993504
2.2629967495303034
1.2138957590858586
1.1844181099772355
1.0993374066069954
1.857409080853009
2.2314563295806797
1.2030658319858862
2.224410515323544
1.234722857310136
2.2175714591525355
1.1799694846822126
2.158444974943713
1.1642513299052009
1.0978189865374033
2.0699750005704605
2.240345198201924
1.1412102362401941
2.1379547263271186
2.1760410326704402
1.2428201840127084
2.2636302604740095
1.1460989970068383
1.126060400621161
1.144900559537326
2.1108830841194415
2.0961129303615347
2.105415471673578
2.2365661748231633
1.8923262886986485
2.225723171792631
1.483753647092495
1.1944227004415129
1.1855296409712792
2.263191420702899
1.582185625512252
1.2369839208485676
1.1810987484159299
1.931417183201591
1.1880538686407927
1.4687671186495261
1.396974754798275
2.2287951648998248
1.2804587005408992
1.2441820169693902
1.171397565814921
1.816836797828404
1.2506800635279993
1.1486251099033151
2.052686852227769
1.1326920795851
1.1132802390256535
1.1594027953177388
2.10104070904879
1.376345889256032
1.1357327877281214
1.1584592988110856
1.431423907569973
1.1998771363798493
1.162285665486083
2.2230859328560255
2.251630043506719
1.1944227004415129
2.2629967495303034
1.3645824878479345
1.3456355668919258
1.2229039704662168
2.262144711370437
1.2643704833573566
2.263553681520727
1.2312570364956026
1.5551330590770238
1.1584592988110856
1.7924900895666822
1.1109094499423193
1.9224346161007824
1.108164318725294
1.0979518537199882
2.17920964590316
2.1873572349763406
2.0487434032077863
1.105695743238841
1.83400599787789
1.2763591679815924
1.1030592775586034
1.1308607137769258
1.106647822943508
1.4918419442293422
1.1177397594757041
1.1071417930981609
1.1529763949222969
1.9249575830651142
1.1520910834351659
1.1114885049095031
1.1944227004415129
1.0984355412317652
1.5400977525541046
1.71021641407109
1.1122766265468282
1.109780469818137
1.61590231531186
2.084879276205923
2.1045434365055757
1.2236234780713402
1.6484625012454324
2.08670724253134
1.1584592988110856
2.135337468770788
1.1565981639673133
1.102045529923666
2.207865969852851
2.2218771804035033
1.4812937390661112
1.4196058093417443
1.0982160618974668
1.182202088869639
2.2622027539778484
1.1460989970068383
1.10523811204287
1.3785204648876925
1.1652471885039015
2.038287932760084
2.220403026300904
1.1987983411634187
1.2311338084921828
1.1229613421534503
2.2538034289642366
1.0977861155620265
2.2436145918084622
1.1452697921732462
1.2190581935765104
2.0320792371383667
2.2606649301588866
2.2401902619064815
2.2369109385578203
1.2472738405176542
1.1452697921732462
1.121526482346259
2.1395585737081397
1.238612745854214
1.1789041041401234
1.6711884641338397
2.0154856857815986
1.108164318725294
1.5539785947368243
1.3480796222175042
1.9652359306055116
1.7998203562391584
1.1043914963061172
2.263610076875546
1.9947908158686984
1.161315950780646
2.2131703970287515
1.0986963744982872
1.119074884575035
1.1477764375739288
1.1404141511847279
1.1512134906696334
1.596551696381938
1.0987499335611561
1.2763591679815924
1.1252044547603313
1.33875534191153
1.4057415000171898
1.998347962039145
1.1083721455859668
1.1035353343997727
2.1676879419693598
2.2010818434040287
1.0984539142309835
1.1910976460025404
2.046535284723699
1.212048195390668
2.2497900546943934
1.139622880427507
1.170352492531115
1.206168553995926
1.2343541272603271
2.1760410326704402
1.1365024806003705
1.7024686207442075
2.112686784351887
2.1395585737081397
1.1486251099033151
2.119921870284413
1.6966061517029725
1.2448972018671594
1.1319410145369637
1.1047471935617033
1.1120768611361767
1.9714870607736783
1.6711884641338397
1.5708375730527786
2.261869002604449
2.2525063345758696
1.138836242904892
1.139622880427507
1.1334467249024736
1.162285665486083
2.016729352734102
1.1672645313237335
1.1529763949222969
1.1603549995294569
2.2521758535531844
2.1813567864117234
1.119074884575035
1.3150831441613435
2.2274404868560302
1.1910976460025404
1.8159040787959673
1.4762664488643984
1.2156814546062842
1.5894318021730502
1.5614331987544874
1.9777170650595588
1.2327674510048268
2.2456736279823253
1.10523811204287
1.1632641360587492
2.224686398170776
2.1839452273407822
1.6735346500277728
1.1452697921732462
1.169315148477308
1.1177397594757041
1.115069906178538
1.1735098389970986
1.4201457770235144
1.9287494911201912
2.1648761378707033
1.1357327877281214
1.0978434813551696
1.9906664165260097
2.1568160157818212
2.2314563295806797
2.2301340120064
1.182202088869639
1.106647822943508
2.0718645107515465
1.5234345979462522
1.1342050067302814
1.2415395826087972
1.1291846860306427
2.258397598659283
2.240345198201924
1.4144205569896484
2.116266367090723
1.1565981639673133
1.1170815023030074
1.1076473799860953
1.1008224733116732
2.1798492181294837
1.442892713921105
2.0388578458707354
1.434053672422935
1.1225093587331847
1.1404141511847279
1.0978569276058834
1.7452836223442263
1.4282310008622419
2.261501218716808
1.1745764340074338
1.1438869785187666
1.4662133335736678
2.1855188983503395
2.263614303561882
2.1888494178767335
1.1208271779234176
1.0984355412317652
2.1453644527714317
1.1372761961125533
2.2553203076121595
1.0978189865374033
1.1855296409712792
1.1833087305488155
2.198000106056191
1.445155726365923
2.2457772591603034
2.246674538324623
2.135337468770788
1.376345889256032
1.3707132179449149
1.795730345516136
1.1594027953177388
2.2301340120064
1.1102402067714998
1.8835211708681887
2.241354833735742
1.1007771217092535
1.1412102362401941
1.6449814715058078
2.075621332604559
1.1043607750073297
1.3891408947236301
2.0217097474469314
1.5146901514504973
1.9824321382998247
1.845346317580024
1.4086455481502063
1.1418919908448877
2.263610076875546
2.084879276205923
1.1040449140006157
1.8240845161033783
1.1944227004415129
2.2636302604740095
1.1672645313237335
1.204110518654857
1.1469344724513804
1.7234147106924027
2.1475030713662377
1.1469344724513804
1.425815230029243
1.2359263081780247
1.1283645778827234
1.1013283985567053
1.6851601561760943
1.1522877169154264
1.101707427553927
2.239218998512275
1.2909307874297886
1.2375197574990062
1.1503434295704633
2.13473074869653
1.2282309096742605
1.1343544299646757
2.2636302604740095
2.2627279334281964
1.1162669330324746
1.2558182740926742
2.2631669180269944
2.174453310194604
1.1747841130372483
1.963147123616855
1.3242475228706831
1.3147298493370931
1.750581901589484
2.2513219540210736
1.1512134906696334
1.2182388417144614
1.361658751905849
2.1379547263271186
2.125058553066839
1.2359263081780247
1.0977784161573676
2.118242971526462
1.54247924477659
1.3242475228706831
2.2610997413047267
1.1043607750073297
1.2190581935765104
1.9547635665848386
1.1538696015082017
2.09214294426912
1.1855296409712792
2.216301635124904
1.1486251099033151
2.0228076383270333
1.1910976460025404
1.0987499335611561
2.259542605319324
2.2333186768360482
1.142011325892743
1.1409107680585573
1.210141892153237
1.098212770561478
1.0981222305772986
1.2111021659987165
1.4700982312853725
1.1047471935617033
1.100227512105006
2.2270233792594802
1.2214157126586611
1.162285665486083
1.2566394730679913
1.4824720113463414
2.1664788252800173
1.6946435875141839
1.1043914963061172
1.209167859624421
1.1267827440434224
1.9721590991839093
1.0977761438399447
1.1452697921732462
1.119074884575035
2.224686398170776
2.013411815115834
2.009266259444356
1.1799992487010618
1.1603549995294569
1.1503434295704633
1.2456372341649957
1.0977761438399447
1.101707427553927
1.0977927563847005
1.9844890578845287
1.845346317580024
1.4886321617339044
1.0977784161573676
1.1267827440434224
2.263614303561882
1.1399405156772102
2.263191420702899
1.6304676318256155
1.6086279385216944
2.1437085267446108
1.1955242376540627
1.5377919411117866
2.251630043506719
1.1503434295704633
1.2547397466628474
2.2476524394113646
1.1799992487010618
2.2577744650850247
1.2051449755329504
1.1632641360587492
1.1218123581161188
1.1246274376041772
1.1349669979818797
2.0793478531718206
1.9184510455043777
1.1724501104972678
1.2214157126586611
2.2232883467617683
1.155680343073408
2.262965505496097
2.152215820541923
1.6814070695132712
1.1486251099033151
1.1412102362401941
2.2521758535531844
1.1512016903680873
1.1486251099033151
1.5609657504893164
2.2353170475967823
1.1308607137769258
1.2030658319858862
1.5193316251599152
1.2250145095264966
1.9865470223433603
1.2547144512923367
1.1512134906696334
1.4111145390325726
1.2516337948258849
1.0986963744982872
2.2564288734306253
1.1015947122039969
2.2564288734306253
2.235730279894111
2.211684927692572
2.263610076875546
1.142817618499125
1.5266095519272882
1.102748616739349
1.0987499335611561
1.239172867119725
2.0688790793122465
1.1023974886996022
1.1590126240418324
2.2146470189041656
1.2441820169693902
2.164619305966519
1.2020115823169497
1.169315148477308
1.1480045707608975
2.111454206162411
2.2497900546943934
2.0998623840847572
1.1083721455859668
2.174453310194604
1.8873791809087443
1.1469344724513804
1.1735098389970986
1.1578672276160749
1.1438869785187666
2.2283106042536116
2.2541687015998813
1.6046531152245604
1.1682857618303695
1.1181500586492266
2.2564288734306253
1.4458661452018142
1.1157849937268038
1.1039414746300837
2.000399751754844
2.262766911370292
2.246820501350549
1.1724501104972678
1.1035353343997727
2.2486067282639266
1.2243268873786326
1.2624179854070428
1.2071806261843119
1.9962940498692059
1.1365024806003705
1.2354017116995342
2.2610019129145336
2.0547292151634164
2.2436052052144033
1.5170131970437237
1.2243268873786326
2.0604214509242373
1.1030592775586034
1.0984539142309835
1.1522877169154264
1.2129795303631155
1.142817618499125
1.1672645313237335
2.1886583169368046
1.3242475228706831
1.9721590991839093
1.2434901822424473
2.253003200798431
2.140379154451768
2.247837473334069
2.050704599382081
1.1197512209803477
2.164619305966519
1.1965239479352716
2.20929071894771
2.056766965537273
1.2516337948258849
2.11486345206766
1.106647822943508
1.4111145390325726
1.1229613421534503
2.102796067326603
1.7321936113624048
1.1955242376540627
1.0991625645615293
1.0978569276058834
2.044477666887711
1.2441820169693902
1.1512134906696334
1.212048195390668
1.9075188599241637
2.140379154451768
2.2232883467617683
1.6678956609563276
1.0987499335611561
1.1880538686407927
1.1319410145369637
1.0989187693589237
2.1568160157818212
1.95055307916201
2.0587997856678157
1.1282386392248294
1.142011325892743
1.9075188599241637
2.0085844880913317
1.7078796150445315
2.224410515323544
2.2589870995307613
2.2274404868560302
1.161315950780646
1.1334467249024736
1.1866802881568577
2.114481180620116
1.1122766265468282
1.2198608024696234
2.1964524620603694
1.2243268873786326
2.1215678497917425
1.3605101802614512
2.261501218716808
1.1538696015082017
1.5329602539353648
1.1282386392248294
1.123696931081929
1.1197512209803477
2.1535666660738078
1.9844890578845287
1.2415395826087972
2.1886583169368046
1.2294245821381922
1.206168553995926
1.2343541272603271
1.131193490620329
1.1326920795851
2.239218998512275
1.2081805875902905
1.248021062974021
1.520260714281644
1.1899848422500467
1.6760373580348757
1.399905070328554
1.1334634547326357
1.7256148925334938
2.2634743860552136
1.2276154520238698
1.138836242904892
1.6706214967771869
1.2516337948258849
2.0248272462700263
2.09214294426912
1.2569623203454696
1.1760654880419013
1.0997346466447493
2.220403026300904
1.2084584573292954
1.1010709754741899
2.174453310194604
1.1477764375739288
1.171397565814921
2.1475030713662377
1.8408619981470866
1.209167859624421
1.1877567077379532
2.262965505496097
1.1003524037907948
1.6456342627126375
1.943336686650713
1.1109094499423193
2.2424965078689416
1.0992984875610414
1.319857695420027
1.1357327877281214
1.1304494861482401
1.1114885049095031
2.220403026300904
1.2084584573292954
2.2634610301035183
2.262144711370437
1.2743286729707521
1.5739580644482176
1.1494807039267885
1.9803761609608892
1.169315148477308
1.097891210888263
1.0977784161573676
2.08670724253134
1.1994370680902338
2.2525063345758696
2.0228076383270333
1.4518520180038532
1.705059369723067
1.098997360436337
1.7280430506090305
1.1486251099033151
2.152215820541923
2.2636302604740095
1.2165503083256721
1.8656768559787305
1.1175105726477346
1.142817618499125
1.1349669979818797
2.237795226309046
1.9639452110687183
1.0999186347756351
1.196621171511503
2.2390034913677663
1.1004952307197176
1.1767288066916344
1.2030658319858862
1.5894318021730502
2.2295843034169467
1.1477764375739288
2.262965505496097
2.0467766661583577
1.1590126240418324
2.1760410326704402
1.6401546528963669
1.800190386143071
1.7629785254503276
1.144446638826542
1.1404141511847279
1.2009109720500428
1.2380622075666068
2.261869002604449
2.105415471673578
1.1778138030364582
2.2314563295806797
2.1696760885271
1.91607471901466
1.8918940343697346
1.9140855492550126
1.11391881461809
1.9118079721344587
2.1839452273407822
1.9844890578845287
1.7127833583962362
1.1365024806003705
1.0979672262405475
1.23645324608626
1.1987983411634187
1.6596440069383387
1.8046642578732857
1.123917075667975
1.3383856551740219
2.1363455071720003
1.9762665465796179
1.120433069254224
1.297948253861511
1.23645324608626
1.143629319239001
1.144446638826542
1.2147965101224847
1.1662516265717504
1.373397752827793
2.206434577687509
1.4397144369905033
1.95055307916201
2.2457772591603034
1.9783210079287201
2.1490781689261227
1.2206466350141763
1.1282386392248294
1.2229039704662168
2.2135214168977706
1.162285665486083
1.2009484520051739
2.2533527349181663
2.084879276205923
1.2228240249660811
1.144446638826542
1.0979064003765426
1.206168553995926
2.251630043506719
1.9184510455043777
2.246674538324623
1.1342050067302814
2.064865538057782
2.009266259444356
2.191786128797673
1.1778138030364582
2.263553681520727
2.240345198201924
1.1944227004415129
1.1724501104972678
1.0979672262405475
1.1503434295704633
1.2776204057136833
2.2631669180269944
1.142817618499125
1.197712779915968
2.2333186768360482
2.1680787670950785
1.0984539142309835
1.1826227641828155
2.2580048243577275
1.9680524915525595
1.125341925008094
1.8046642578732857
2.2557072624209975
1.195084502069317
1.7890669728615174
1.1030592775586034
1.6136470085601626
1.0995094902019318
1.22615775369452
1.845346317580024
1.1162669330324746
1.2174028337109482
2.178338803092112
1.1812910101659988
1.1735126134589513
1.7330828970689456
1.1503434295704633
1.1289720375374799
2.1165568721515946
1.1538696015082017
1.631292914346759
1.1326920795851
1.0997155454617222
1.1745764340074338
2.064865538057782
1.857409080853009
1.1133602601830945
1.6304676318256155
2.1198095680226428
2.263610076875546
1.9844890578845287
1.431423907569973
1.1682857618303695
1.11389464013576
1.8644180249128703
2.2631669180269944
2.13473074869653
1.7979586051789893
2.171270896993504
1.1365024806003705
1.1603549995294569
1.1289720375374799
1.1955242376540627
1.9032068936337276
1.5470257405769472
1.1503434295704633
1.1035353343997727
1.238612745854214
2.258600231047655
2.256722154575498
1.2009484520051739
1.166088530069754
1.8828382600064362
2.1933451965758644
2.0526600801596806
1.225686715597667
1.6735346500277728
1.1033788545208523
1.2743286729707521
1.161315950780646
1.1015947122039969
1.1177397594757041
1.161315950780646
1.1289720375374799
2.052686852227769
2.257378637537747
1.1778138030364582
2.246820501350549
1.6805313781382851
1.2707948026725684
1.2129795303631155
1.182202088869639
1.59896059554239
1.2606451356787955
1.71021641407109
2.0467766661583577
1.1652471885039015
1.3097423367668373
1.1024468439088975
1.1547708673848212
1.3472193423038248
1.1013832755819681
1.149060041285777
2.2010818434040287
2.240345198201924
2.1648761378707033
1.0982160618974668
2.254953711548168
1.8656768559787305
1.2327674510048268
1.2436209737667188
1.7212103461979866
2.2314563295806797
1.231685425667896
1.1275088521153267
1.142011325892743
1.1015947122039969
1.1652471885039015
1.0978569276058834
1.4518520180038532
2.256722154575498
1.112674209283064
1.1547708673848212
1.142817618499125
1.6787278561015233
2.2327614137358087
2.2424965078689416
1.9652359306055116
1.0991625645615293
2.027933391593879
1.4918419442293422
1.210141892153237
2.2564288734306253
2.2606649301588866
1.1103400035193565
1.1987983411634187
1.2516337948258849
1.1538696015082017
1.102748616739349
1.0980255641952563
1.2084584573292954
1.2182388417144614
1.2071806261843119
2.020784691953373
2.2580048243577275
1.9412635412943626
2.1995433463690386
1.1168828874319896
1.126060400621161
2.150300260273344
1.1005829325521501
1.0983265378932832
2.254575980423811
1.0989187693589237
2.263553681520727
1.6484625012454324
1.1855296409712792
1.9797893625105671
1.87597823250453
2.1108830841194415
1.7406067280777453
2.0939386852603663
1.2147965101224847
1.104793052880832
1.0977784161573676
1.2138957590858586
2.0708758866088437
2.0688790793122465
1.1773567973298769
2.0228076383270333
1.1043607750073297
1.0999186347756351
1.838542459841522
1.1652471885039015
1.1632641360587492
2.219018102996815
1.9484426948126352
1.0999186347756351
1.5656463232430464
2.099277319247394
1.1538696015082017
1.8521420068780816
1.1722509368284564
2.144339558794241
2.204996888203134
1.0983205534856528
1.1469344724513804
1.4738250377351012
1.705059369723067
1.431423907569973
1.0991625645615293
1.197712779915968
1.1512016903680873
1.0986963744982872
1.105695743238841
1.0986963744982872
1.457887854825212
1.1043607750073297
1.0999186347756351
1.777772238914495
1.1357327877281214
1.2081805875902905
1.2327674510048268
1.1088237844329647
2.1664788252800173
2.064865538057782
2.0485895671517924
1.2174028337109482
2.263191420702899
1.1632641360587492
1.1092311488772464
1.4887110929912941
1.105695743238841
1.8095604994851284
1.6943311920553383
1.0983265378932832
1.7431058770191812
1.239172867119725
1.9714870607736783
1.9292689693406797
2.2131703970287515
2.20929071894771
1.1662516265717504
2.2287951648998248
1.1632641360587492
1.5361347938457337
2.2146470189041656
2.0146972279127713
1.123917075667975
1.0991015984969708
1.1334634547326357
2.1490781689261227
1.5633036600612191
2.2633506997500232
2.241354833735742
1.7973791874070324
1.1112369083342855
1.6678956609563276
1.6867327239130274
2.246820501350549
2.1823690735918126
1.1003524037907948
1.8336967828603767
1.7924900895666822
1.2973661104531924
1.1636912516701847
2.2446503142907734
1.097891210888263
2.2308439241061966
1.2338285228782888
1.1291846860306427
1.1399405156772102
1.1575244489094785
1.2111021659987165
1.6711884641338397
1.9968549724553457
1.1799992487010618
1.4282310008622419
1.0989187693589237
2.2538034289642366
2.0865772469966473
2.2056651121710487
1.2300043161739556
1.494979637405072
1.1594027953177388
2.256722154575498
1.745601635471213
1.6920165845168325
1.5586324172319959
2.027933391593879
2.0979923709909327
2.0300068053259026
1.2182388417144614
2.219018102996815
1.0978085047630293
1.2305737576065372
1.1642513299052009
2.256035873918783
1.144446638826542
1.291373823706922
1.1844181099772355
2.254953711548168
1.2338285228782888
2.137024717295993
1.1486251099033151
1.6401546528963669
2.2507244235904103
2.235730279894111
2.2577744650850247
1.2619590908850375
1.115147322566332
2.137024717295993
1.2456372341649957
1.8634281897213085
1.0986963744982872
1.1459247442314964
1.1855296409712792
2.2457772591603034
2.20929071894771
1.109780469818137
2.088502479831542
1.2009484520051739
2.13473074869653
2.1855188983503395
2.2610019129145336
1.112674209283064
2.263614303561882
1.2030658319858862
2.141157216992385
2.1215678497917425
1.1275088521153267
1.7728498027067165
1.1767288066916344
1.102748616739349
1.1267827440434224
1.098212770561478
1.1010731525847044
1.0978189865374033
2.1768255831515093
1.1015947122039969
2.0547292151634164
1.214716459325287
1.1503434295704633
1.0992984875610414
2.2634743860552136
1.1267827440434224
2.258397598659283
2.216114232532656
1.0985608660466557
1.2182388417144614
1.2229039704662168
1.1062626203353572
2.250442077262742
2.2041431266176046
2.2553203076121595
1.1120768611361767
2.2589870995307613
2.225723171792631
1.1144886641698544
1.8941417040601805
1.9639452110687183
1.1778138030364582
1.1494807039267885
1.5123617948692645
2.2631669180269944
2.150300260273344
1.2129795303631155
1.5361347938457337
2.0846432469862695
1.098997360436337
2.0865772469966473
1.1157849937268038
1.6920165845168325
1.1342050067302814
1.23645324608626
1.1855296409712792
2.2636302604740095
1.204110518654857
1.1184043104230008
2.2589870995307613
1.131193490620329
1.9378336419994144
1.1023974886996022
2.17920964590316
1.1428840917396261
2.174453310194604
2.2314563295806797
1.551657575784402
1.1565981639673133
1.1275088521153267
1.124444635914505
1.1297089971475147
2.09214294426912
1.1477764375739288
1.1724501104972678
1.0987499335611561
1.8288985014895682
1.2569623203454696
1.139622880427507
2.2635623040265855
1.2071806261843119
1.1282386392248294
2.0793478531718206
1.2182388417144614
1.2409259035938394
1.1297089971475147
2.125058553066839
1.4424438262993127
1.0979672262405475
1.1642513299052009
2.197724962762061
2.2447084008154747
2.0106246840114723
2.1760410326704402
1.7381032249135133
1.7204417432056216
2.077488429087364
1.119074884575035
1.975642621239193
2.2606649301588866
1.1325841306328839
1.4887110929912941
1.258147555005585
2.178338803092112
1.144446638826542
1.098212770561478
1.0978434813551696
1.2182388417144614
1.1998771363798493
1.170352492531115
2.0044967434699132
1.1001309476715564
1.1494807039267885
1.0987499335611561
1.1319410145369637
1.099521769658109
1.1157849937268038
1.8901331554624543
1.1584592988110856
1.9652359306055116
1.6456342627126375
1.2647208401468204
1.182202088869639
2.111454206162411
2.258600231047655
1.122237863583918
1.144446638826542
1.1998771363798493
1.0979672262405475
2.1903381849846824
1.1994370680902338
1.1603549995294569
2.2270233792594802
1.1520910834351659
1.2415395826087972
2.234532662899884
1.1304494861482401
1.1778138030364582
1.11391881461809
1.1538696015082017
1.169315148477308
2.20929071894771
1.2647208401468204
1.1786581059089534
2.2634610301035183
1.5645746312166509
1.755549134691099
1.6225284510959828
1.2343541272603271
1.2229039704662168
1.1061657247352172
1.0979518537199882
1.1289720375374799
1.3655824910115102
2.17920964590316
1.1177397594757041
1.1107332378849197
1.5266095519272882
2.259696845483078
1.8071293443492922
1.143629319239001
1.126060400621161
1.1486251099033151
1.745601635471213
1.1880538686407927
2.263332105510464
1.1855296409712792
1.4738250377351012
2.2365661748231633
1.2009484520051739
2.13148394804312
1.149060041285777
1.1380540679039637
1.95055307916201
1.1092855967992412
1.142011325892743
1.1372761961125533
1.5234345979462522
1.123917075667975
2.13473074869653
1.4548638541132457
1.142817618499125
2.261418330298666
1.1459247442314964
1.2305737576065372
2.234532662899884
1.1494807039267885
1.1070771335845802
1.7024686207442075
1.816836797828404
1.40831434475313
1.748093493198412
1.5869562511510489
1.2311338084921828
1.102045529923666
2.241354833735742
1.8240845161033783
1.4399326578782903
1.142817618499125
2.2436145918084622
1.2327674510048268
1.9096662485708717
1.1648850673942182
1.4424438262993127
1.2380622075666068
1.252853294952558
2.260063779096561
2.1991895133808272
1.1031425229592138
1.7561676095638974
1.1933172799845448
2.263614303561882
2.150649035142981
1.1529763949222969
1.282527665602927
2.012662299798085
2.101722921877185
1.5893486210254497
1.1839648335307729
2.1680787670950785
1.106647822943508
1.1933172799845448
1.1412102362401941
2.1648761378707033
2.2533527349181663
1.099521769658109
