1.8836037106	1.8836037106	1.8836037106	1.8836037106	1.8836037106	1.8836037106	1.8836037106	1.8836037106	1.8836037106	1.8836037106	1.8836037106	1.8836037106	1.8836037106	1.8836037106	1.8836037106	1.8836037106	1.8836037106	1.8836037106	1.8836037106	1.8836037106	1.8836037106	1.8836037106	1.8836037106	1.8836037106	1.8836037106	1.8836037106	1.8836037106	1.8836037106	1.8836037106	1.8836037106	1.8836037106	1.8836037106	1.8836037106	1.8836037106	1.8836037106	1.8836037106	1.8836037106	1.8836037106	1.8836037106	1.8836037106	1.8836037106	1.8836037106	1.8836037106	1.8836037106	1.8836037106	1.8836037106	1.8836037106	1.8836037106	1.8836037106	1.8836037106	1.8836037106	1.8836037106	1.8836037106	1.8836037106	1.8836037106	1.8836037106	1.8836037106	1.8836037106	1.8836037106	1.8836037106	1.8836037106	1.8836037106	1.8836037106	1.8836037106	1.8836037106	1.8836037106	1.8836037106	1.8836037106	1.8836037106	1.8836037106	1.8836037106	1.8836037106	1.8836037106	1.8836037106	1.8836037106	1.8836037106	1.8836037106	1.8836037106	1.8836037106	1.8836037106	1.8836037106	1.8836037106	1.8836037106	1.8836037106	1.8836037106	1.8836037106	1.8836037106	1.8836037106	1.8836037106	1.8836037106	1.8836037106	1.8836037106	1.8836037106	1.8836037106	1.8836037106	1.8836037106	1.8836037106	1.8836037106	1.8836037106	1.8836037106	1.8836037106	1.8836037106	1.8836037106	1.8836037106	1.8836037106	1.8836037106	1.8836037106	1.8836037106	1.8836037106	1.8836037106	1.8836037106	1.8836037106	1.8836037106	1.8836037106	1.8836037106	1.8836037106	1.8836037106	1.8836037106	1.8836037106	1.8836037106	1.8836037106	1.8836037106	1.8836037106	1.8836037106	1.8836037106	1.8836037106	1.8836037106	1.8836037106	1.8836037106	1.8836037106	1.8836037106	1.8836037106	1.8836037106	1.8836037106	1.8836037106	1.8836037106	1.8836037106	1.8836037106	1.8836037106	1.8836037106	1.8836037106	1.8836037106	1.8836037106	1.8836037106	1.8836037106	1.8836037106	1.8836037106	1.8836037106	1.8836037106	1.8836037106	1.8836037106	1.8836037106	1.8836037106	1.8836037106	1.8836037106	1.8836037106	1.8836037106	1.8836037106	1.8836037106	1.8836037106	1.8836037106	1.8836037106	1.8836037106	1.8836037106	1.8836037106	1.8836037106	1.8836037106	1.8836037106	1.8836037106	1.8836037106	1.8836037106	1.8836037106	1.8836037106	1.8836037106	1.8836037106	1.8836037106	1.8836037106	1.8836037106	1.8836037106	1.8836037106	1.8836037106	1.8836037106	1.8836037106	1.8836037106	1.8836037106	1.8836037106	1.8836037106	1.8836037106	1.8836037106	1.8836037106	1.8836037106	1.8836037106	1.8836037106	1.8836037106	1.8836037106	1.8836037106	1.8836037106	1.8836037106	1.8836037106	1.8836037106	1.8836037106	1.8836037106	1.8836037106	1.8836037106	1.8836037106	1.8836037106	1.8836037106	1.8836037106	1.8836037106	1.8836037106	1.8836037106	1.8836037106	1.8836037106	1.8836037106	1.8836037106	1.8836037106	1.8836037106	1.8836037106	1.8836037106	1.8836037106	1.8836037106	1.8836037106	1.8836037106	1.8836037106	1.8836037106	1.8836037106	1.8836037106	1.8836037106	1.8836037106	1.8836037106	1.8836037106	1.8836037106	1.8836037106	1.8836037106	1.8836037106	1.8836037106	1.8836037106	1.8836037106	1.8836037106	1.8836037106	1.8836037106	1.8836037106	1.8836037106	1.8836037106	1.8836037106	1.8836037106	1.8836037106	1.8836037106	1.8836037106	1.8836037106	1.8836037106	1.8836037106	1.8836037106	1.8836037106	1.8836037106	1.8836037106	1.8836037106	1.8836037106
1.8836037106	1.8836037106	1.8836037106	1.8836037106	1.8836037106	1.8836037106	1.8836037106	1.8836037106	1.8836037106	1.8836037106	1.8836037106	1.8836037106	1.8836037106	1.8836037106	1.8836037106	1.8836037106	1.8836037106	1.8836037106	1.8836037106	1.8836037106	1.8836037106	1.8836037106	1.8836037106	1.8836037106	1.8836037106	1.8836037106	1.8836037106	1.8836037106	1.8836037106	1.8836037106	1.8836037106	1.8836037106	1.8836037106	1.8836037106	1.8836037106	1.8836037106	1.8836037106	1.8836037106	1.8836037106	1.8836037106	1.8836037106	1.8836037106	1.8836037106	1.8836037106	1.8836037106	1.8836037106	1.8836037106	1.8836037106	1.8836037106	1.8836037106	1.8836037106	1.8836037106	1.8836037106	1.8836037106	1.8836037106	1.8836037106	1.8836037106	1.8836037106	1.8836037106	1.8836037106	1.8836037106	1.8836037106	1.8836037106	1.8836037106	1.8836037106	1.8836037106	1.8836037106	1.8836037106	1.8836037106	1.8836037106	1.8836037106	1.8836037106	1.8836037106	1.8836037106	1.8836037106	1.8836037106	1.8836037106	1.8836037106	1.8836037106	1.8836037106	1.8836037106	1.8836037106	1.8836037106	1.8836037106	1.8836037106	1.8836037106	1.8836037106	1.8836037106	1.8836037106	1.8836037106	1.8836037106	1.8836037106	1.8836037106	1.8836037106	1.8836037106	1.8836037106	1.8836037106	1.8836037106	1.8836037106	1.8836037106	1.8836037106	1.8836037106	1.8836037106	1.8836037106	1.8836037106	1.8836037106	1.8836037106	1.8836037106	1.8836037106	1.8836037106	1.8836037106	1.8836037106	1.8836037106	1.8836037106	1.8836037106	1.8836037106	1.8836037106	1.8836037106	1.8836037106	1.8836037106	1.8836037106	1.8836037106	1.8836037106	1.8836037106	1.8836037106	1.8836037106	1.8836037106	1.8836037106	1.8836037106	1.8836037106	1.8836037106	1.8836037106	1.8836037106	1.8836037106	1.8836037106	1.8836037106	1.8836037106	1.8836037106	1.8836037106	1.8836037106	1.8836037106	1.8836037106	1.8836037106	1.8836037106	1.8836037106	1.8836037106	1.8836037106	1.8836037106	1.8836037106	1.8836037106	1.8836037106	1.8836037106	1.8836037106	1.8836037106	1.8836037106	1.8836037106	1.8836037106	1.8836037106	1.8836037106	1.8836037106	1.8836037106	1.8836037106	1.8836037106	1.8836037106	1.8836037106	1.8836037106	1.8836037106	1.8836037106	1.8836037106	1.8836037106	1.8836037106	1.8836037106	1.8836037106	1.8836037106	1.8836037106	1.8836037106	1.8836037106	1.8836037106	1.8836037106	1.8836037106	1.8836037106	1.8836037106	1.8836037106	1.8836037106	1.8836037106	1.8836037106	1.8836037106	1.8836037106	1.8836037106	1.8836037106	1.8836037106	1.8836037106	1.8836037106	1.8836037106	1.8836037106	1.8836037106	1.8836037106	1.8836037106	1.8836037106	1.8836037106	1.8836037106	1.8836037106	1.8836037106	1.8836037106	1.8836037106	1.8836037106	1.8836037106	1.8836037106	1.8836037106	1.8836037106	1.8836037106	1.8836037106	1.8836037106	1.8836037106	1.8836037106	1.8836037106	1.8836037106	1.8836037106	1.8836037106	1.8836037106	1.8836037106	1.8836037106	1.8836037106	1.8836037106	1.8836037106	1.8836037106	1.8836037106	1.8836037106	1.8836037106	1.8836037106	1.8836037106	1.8836037106	1.8836037106	1.8836037106	1.8836037106	1.8836037106	1.8836037106	1.8836037106	1.8836037106	1.8836037106	1.8836037106	1.8836037106	1.8836037106	1.8836037106	1.8836037106	1.8836037106	1.8836037106	1.8836037106	1.8836037106	1.8836037106	1.8836037106	1.8836037106	1.8836037106	1.8836037106	1.8836037106	1.8836037106	1.8836037106	1.8836037106
1.8836037106	1.8836037106	1.8836037106	1.8836037106	1.8836037106	1.8836037106	1.8836037106	1.8836037106	1.8836037106	1.8836037106	1.8836037106	1.8836037106	1.8836037106	1.8836037106	1.8836037106	1.8836037106	1.8836037106	1.8836037106	1.8836037106	1.8836037106	1.8836037106	1.8836037106	1.8836037106	1.8836037106	1.8836037106	1.8836037106	1.8836037106	1.8836037106	1.8836037106	1.8836037106	1.8836037106	1.8836037106	1.8836037106	1.8836037106	1.8836037106	1.8836037106	1.8836037106	1.8836037106	1.8836037106	1.8836037106	1.8836037106	1.8836037106	1.8836037106	1.8836037106	1.8836037106	1.8836037106	1.8836037106	1.8836037106	1.8836037106	1.8836037106	1.8836037106	1.8836037106	1.8836037106	1.8836037106	1.8836037106	1.8836037106	1.8836037106	1.8836037106	1.8836037106	1.8836037106	1.8836037106	1.8836037106	1.8836037106	1.8836037106	1.8836037106	1.8836037106	1.8836037106	1.8836037106	1.8836037106	1.8836037106	1.8836037106	1.8836037106	1.8836037106	1.8836037106	1.8836037106	1.8836037106	1.8836037106	1.8836037106	1.8836037106	1.8836037106	1.8836037106	1.8836037106	1.8836037106	1.8836037106	1.8836037106	1.8836037106	1.8836037106	1.8836037106	1.8836037106	1.8836037106	1.8836037106	1.8836037106	1.8836037106	1.8836037106	1.8836037106	1.8836037106	1.8836037106	1.8836037106	1.8836037106	1.8836037106	1.8836037106	1.8836037106	1.8836037106	1.8836037106	1.8836037106	1.8836037106	1.8836037106	1.8836037106	1.8836037106	1.8836037106	1.8836037106	1.8836037106	1.8836037106	1.8836037106	1.8836037106	1.8836037106	1.8836037106	1.8836037106	1.8836037106	1.8836037106	1.8836037106	1.8836037106	1.8836037106	1.8836037106	1.8836037106	1.8836037106	1.8836037106	1.8836037106	1.8836037106	1.8836037106	1.8836037106	1.8836037106	1.8836037106	1.8836037106	1.8836037106	1.8836037106	1.8836037106	1.8836037106	1.8836037106	1.8836037106	1.8836037106	1.8836037106	1.8836037106	1.8836037106	1.8836037106	1.8836037106	1.8836037106	1.8836037106	1.8836037106	1.8836037106	1.8836037106	1.8836037106	1.8836037106	1.8836037106	1.8836037106	1.8836037106	1.8836037106	1.8836037106	1.8836037106	1.8836037106	1.8836037106	1.8836037106	1.8836037106	1.8836037106	1.8836037106	1.8836037106	1.8836037106	1.8836037106	1.8836037106	1.8836037106	1.8836037106	1.8836037106	1.8836037106	1.8836037106	1.8836037106	1.8836037106	1.8836037106	1.8836037106	1.8836037106	1.8836037106	1.8836037106	1.8836037106	1.8836037106	1.8836037106	1.8836037106	1.8836037106	1.8836037106	1.8836037106	1.8836037106	1.8836037106	1.8836037106	1.8836037106	1.8836037106	1.8836037106	1.8836037106	1.8836037106	1.8836037106	1.8836037106	1.8836037106	1.8836037106	1.8836037106	1.8836037106	1.8836037106	1.8836037106	1.8836037106	1.8836037106	1.8836037106	1.8836037106	1.8836037106	1.8836037106	1.8836037106	1.8836037106	1.8836037106	1.8836037106	1.8836037106	1.8836037106	1.8836037106	1.8836037106	1.8836037106	1.8836037106	1.8836037106	1.8836037106	1.8836037106	1.8836037106	1.8836037106	1.8836037106	1.8836037106	1.8836037106	1.8836037106	1.8836037106	1.8836037106	1.8836037106	1.8836037106	1.8836037106	1.8836037106	1.8836037106	1.8836037106	1.8836037106	1.8836037106	1.8836037106	1.8836037106	1.8836037106	1.8836037106	1.8836037106	1.8836037106	1.8836037106	1.8836037106	1.8836037106	1.8836037106	1.8836037106	1.8836037106	1.8836037106	1.8836037106	1.8836037106	1.8836037106	1.8836037106	1.8836037106	1.8836037106
1.8836037106	1.8836037106	1.8836037106	1.8836037106	1.8836037106	1.8836037106	1.8836037106	1.8836037106	1.8836037106	1.8836037106	1.8836037106	1.8836037106	1.8836037106	1.8836037106	1.8836037106	1.8836037106	1.8836037106	1.8836037106	1.8836037106	1.8836037106	1.8836037106	1.8836037106	1.8836037106	1.8836037106	1.8836037106	1.8836037106	1.8836037106	1.8836037106	1.8836037106	1.8836037106	1.8836037106	1.8836037106	1.8836037106	1.8836037106	1.8836037106	1.8836037106	1.8836037106	1.8836037106	1.8836037106	1.8836037106	1.8836037106	1.8836037106	1.8836037106	1.8836037106	1.8836037106	1.8836037106	1.8836037106	1.8836037106	1.8836037106	1.8836037106	1.8836037106	1.8836037106	1.8836037106	1.8836037106	1.8836037106	1.8836037106	1.8836037106	1.8836037106	1.8836037106	1.8836037106	1.8836037106	1.8836037106	1.8836037106	1.8836037106	1.8836037106	1.8836037106	1.8836037106	1.8836037106	1.8836037106	1.8836037106	1.8836037106	1.8836037106	1.8836037106	1.8836037106	1.8836037106	1.8836037106	1.8836037106	1.8836037106	1.8836037106	1.8836037106	1.8836037106	1.8836037106	1.8836037106	1.8836037106	1.8836037106	1.8836037106	1.8836037106	1.8836037106	1.8836037106	1.8836037106	1.8836037106	1.8836037106	1.8836037106	1.8836037106	1.8836037106	1.8836037106	1.8836037106	1.8836037106	1.8836037106	1.8836037106	1.8836037106	1.8836037106	1.8836037106	1.8836037106	1.8836037106	1.8836037106	1.8836037106	1.8836037106	1.8836037106	1.8836037106	1.8836037106	1.8836037106	1.8836037106	1.8836037106	1.8836037106	1.8836037106	1.8836037106	1.8836037106	1.8836037106	1.8836037106	1.8836037106	1.8836037106	1.8836037106	1.8836037106	1.8836037106	1.8836037106	1.8836037106	1.8836037106	1.8836037106	1.8836037106	1.8836037106	1.8836037106	1.8836037106	1.8836037106	1.8836037106	1.8836037106	1.8836037106	1.8836037106	1.8836037106	1.8836037106	1.8836037106	1.8836037106	1.8836037106	1.8836037106	1.8836037106	1.8836037106	1.8836037106	1.8836037106	1.8836037106	1.8836037106	1.8836037106	1.8836037106	1.8836037106	1.8836037106	1.8836037106	1.8836037106	1.8836037106	1.8836037106	1.8836037106	1.8836037106	1.8836037106	1.8836037106	1.8836037106	1.8836037106	1.8836037106	1.8836037106	1.8836037106	1.8836037106	1.8836037106	1.8836037106	1.8836037106	1.8836037106	1.8836037106	1.8836037106	1.8836037106	1.8836037106	1.8836037106	1.8836037106	1.8836037106	1.8836037106	1.8836037106	1.8836037106	1.8836037106	1.8836037106	1.8836037106	1.8836037106	1.8836037106	1.8836037106	1.8836037106	1.8836037106	1.8836037106	1.8836037106	1.8836037106	1.8836037106	1.8836037106	1.8836037106	1.8836037106	1.8836037106	1.8836037106	1.8836037106	1.8836037106	1.8836037106	1.8836037106	1.8836037106	1.8836037106	1.8836037106	1.8836037106	1.8836037106	1.8836037106	1.8836037106	1.8836037106	1.8836037106	1.8836037106	1.8836037106	1.8836037106	1.8836037106	1.8836037106	1.8836037106	1.8836037106	1.8836037106	1.8836037106	1.8836037106	1.8836037106	1.8836037106	1.8836037106	1.8836037106	1.8836037106	1.8836037106	1.8836037106	1.8836037106	1.8836037106	1.8836037106	1.8836037106	1.8836037106	1.8836037106	1.8836037106	1.8836037106	1.8836037106	1.8836037106	1.8836037106	1.8836037106	1.8836037106	1.8836037106	1.8836037106	1.8836037106	1.8836037106	1.8836037106	1.8836037106	1.8836037106	1.8836037106	1.8836037106	1.8836037106	1.8836037106	1.8836037106	1.8836037106	1.8836037106	1.8836037106	1.8836037106
1.8836037106	1.8836037106	1.8836037106	1.8836037106	1.8836037106	1.8836037106	1.8836037106	1.8836037106	1.8836037106	1.8836037106	1.8836037106	1.8836037106	1.8836037106	1.8836037106	1.8836037106	1.8836037106	1.8836037106	1.8836037106	1.8836037106	1.8836037106	1.8836037106	1.8836037106	1.8836037106	1.8836037106	1.8836037106	1.8836037106	1.8836037106	1.8836037106	1.8836037106	1.8836037106	1.8836037106	1.8836037106	1.8836037106	1.8836037106	1.8836037106	1.8836037106	1.8836037106	1.8836037106	1.8836037106	1.8836037106	1.8836037106	1.8836037106	1.8836037106	1.8836037106	1.8836037106	1.8836037106	1.8836037106	1.8836037106	1.8836037106	1.8836037106	1.8836037106	1.8836037106	1.8836037106	1.8836037106	1.8836037106	1.8836037106	1.8836037106	1.8836037106	1.8836037106	1.8836037106	1.8836037106	1.8836037106	1.8836037106	1.8836037106	1.8836037106	1.8836037106	1.8836037106	1.8836037106	1.8836037106	1.8836037106	1.8836037106	1.8836037106	1.8836037106	1.8836037106	1.8836037106	1.8836037106	1.8836037106	1.8836037106	1.8836037106	1.8836037106	1.8836037106	1.8836037106	1.8836037106	1.8836037106	1.8836037106	1.8836037106	1.8836037106	1.8836037106	1.8836037106	1.8836037106	1.8836037106	1.8836037106	1.8836037106	1.8836037106	1.8836037106	1.8836037106	1.8836037106	1.8836037106	1.8836037106	1.8836037106	1.8836037106	1.8836037106	1.8836037106	1.8836037106	1.8836037106	1.8836037106	1.8836037106	1.8836037106	1.8836037106	1.8836037106	1.8836037106	1.8836037106	1.8836037106	1.8836037106	1.8836037106	1.8836037106	1.8836037106	1.8836037106	1.8836037106	1.8836037106	1.8836037106	1.8836037106	1.8836037106	1.8836037106	1.8836037106	1.8836037106	1.8836037106	1.8836037106	1.8836037106	1.8836037106	1.8836037106	1.8836037106	1.8836037106	1.8836037106	1.8836037106	1.8836037106	1.8836037106	1.8836037106	1.8836037106	1.8836037106	1.8836037106	1.8836037106	1.8836037106	1.8836037106	1.8836037106	1.8836037106	1.8836037106	1.8836037106	1.8836037106	1.8836037106	1.8836037106	1.8836037106	1.8836037106	1.8836037106	1.8836037106	1.8836037106	1.8836037106	1.8836037106	1.8836037106	1.8836037106	1.8836037106	1.8836037106	1.8836037106	1.8836037106	1.8836037106	1.8836037106	1.8836037106	1.8836037106	1.8836037106	1.8836037106	1.8836037106	1.8836037106	1.8836037106	1.8836037106	1.8836037106	1.8836037106	1.8836037106	1.8836037106	1.8836037106	1.8836037106	1.8836037106	1.8836037106	1.8836037106	1.8836037106	1.8836037106	1.8836037106	1.8836037106	1.8836037106	1.8836037106	1.8836037106	1.8836037106	1.8836037106	1.8836037106	1.8836037106	1.8836037106	1.8836037106	1.8836037106	1.8836037106	1.8836037106	1.8836037106	1.8836037106	1.8836037106	1.8836037106	1.8836037106	1.8836037106	1.8836037106	1.8836037106	1.8836037106	1.8836037106	1.8836037106	1.8836037106	1.8836037106	1.8836037106	1.8836037106	1.8836037106	1.8836037106	1.8836037106	1.8836037106	1.8836037106	1.8836037106	1.8836037106	1.8836037106	1.8836037106	1.8836037106	1.8836037106	1.8836037106	1.8836037106	1.8836037106	1.8836037106	1.8836037106	1.8836037106	1.8836037106	1.8836037106	1.8836037106	1.8836037106	1.8836037106	1.8836037106	1.8836037106	1.8836037106	1.8836037106	1.8836037106	1.8836037106	1.8836037106	1.8836037106	1.8836037106	1.8836037106	1.8836037106	1.8836037106	1.8836037106	1.8836037106	1.8836037106	1.8836037106	1.8836037106	1.8836037106	1.8836037106	1.8836037106	1.8836037106	1.8836037106
1.8836037106	1.8836037106	1.8836037106	1.8836037106	1.8836037106	1.8836037106	1.8836037106	1.8836037106	1.8836037106	1.8836037106	1.8836037106	1.8836037106	1.8836037106	1.8836037106	1.8836037106	1.8836037106	1.8836037106	1.8836037106	1.8836037106	1.8836037106	1.8836037106	1.8836037106	1.8836037106	1.8836037106	1.8836037106	1.8836037106	1.8836037106	1.8836037106	1.8836037106	1.8836037106	1.8836037106	1.8836037106	1.8836037106	1.8836037106	1.8836037106	1.8836037106	1.8836037106	1.8836037106	1.8836037106	1.8836037106	1.8836037106	1.8836037106	1.8836037106	1.8836037106	1.8836037106	1.8836037106	1.8836037106	1.8836037106	1.8836037106	1.8836037106	1.8836037106	1.8836037106	1.8836037106	1.8836037106	1.8836037106	1.8836037106	1.8836037106	1.8836037106	1.8836037106	1.8836037106	1.8836037106	1.8836037106	1.8836037106	1.8836037106	1.8836037106	1.8836037106	1.8836037106	1.8836037106	1.8836037106	1.8836037106	1.8836037106	1.8836037106	1.8836037106	1.8836037106	1.8836037106	1.8836037106	1.8836037106	1.8836037106	1.8836037106	1.8836037106	1.8836037106	1.8836037106	1.8836037106	1.8836037106	1.8836037106	1.8836037106	1.8836037106	1.8836037106	1.8836037106	1.8836037106	1.8836037106	1.8836037106	1.8836037106	1.8836037106	1.8836037106	1.8836037106	1.8836037106	1.8836037106	1.8836037106	1.8836037106	1.8836037106	1.8836037106	1.8836037106	1.8836037106	1.8836037106	1.8836037106	1.8836037106	1.8836037106	1.8836037106	1.8836037106	1.8836037106	1.8836037106	1.8836037106	1.8836037106	1.8836037106	1.8836037106	1.8836037106	1.8836037106	1.8836037106	1.8836037106	1.8836037106	1.8836037106	1.8836037106	1.8836037106	1.8836037106	1.8836037106	1.8836037106	1.8836037106	1.8836037106	1.8836037106	1.8836037106	1.8836037106	1.8836037106	1.8836037106	1.8836037106	1.8836037106	1.8836037106	1.8836037106	1.8836037106	1.8836037106	1.8836037106	1.8836037106	1.8836037106	1.8836037106	1.8836037106	1.8836037106	1.8836037106	1.8836037106	1.8836037106	1.8836037106	1.8836037106	1.8836037106	1.8836037106	1.8836037106	1.8836037106	1.8836037106	1.8836037106	1.8836037106	1.8836037106	1.8836037106	1.8836037106	1.8836037106	1.8836037106	1.8836037106	1.8836037106	1.8836037106	1.8836037106	1.8836037106	1.8836037106	1.8836037106	1.8836037106	1.8836037106	1.8836037106	1.8836037106	1.8836037106	1.8836037106	1.8836037106	1.8836037106	1.8836037106	1.8836037106	1.8836037106	1.8836037106	1.8836037106	1.8836037106	1.8836037106	1.8836037106	1.8836037106	1.8836037106	1.8836037106	1.8836037106	1.8836037106	1.8836037106	1.8836037106	1.8836037106	1.8836037106	1.8836037106	1.8836037106	1.8836037106	1.8836037106	1.8836037106	1.8836037106	1.8836037106	1.8836037106	1.8836037106	1.8836037106	1.8836037106	1.8836037106	1.8836037106	1.8836037106	1.8836037106	1.8836037106	1.8836037106	1.8836037106	1.8836037106	1.8836037106	1.8836037106	1.8836037106	1.8836037106	1.8836037106	1.8836037106	1.8836037106	1.8836037106	1.8836037106	1.8836037106	1.8836037106	1.8836037106	1.8836037106	1.8836037106	1.8836037106	1.8836037106	1.8836037106	1.8836037106	1.8836037106	1.8836037106	1.8836037106	1.8836037106	1.8836037106	1.8836037106	1.8836037106	1.8836037106	1.8836037106	1.8836037106	1.8836037106	1.8836037106	1.8836037106	1.8836037106	1.8836037106	1.8836037106	1.8836037106	1.8836037106	1.8836037106	1.8836037106	1.8836037106	1.8836037106	1.8836037106	1.8836037106	1.8836037106	1.8836037106
1.8836037106	1.8836037106	1.8836037106	1.8836037106	1.8836037106	1.8836037106	1.8836037106	1.8836037106	1.8836037106	1.8836037106	1.8836037106	1.8836037106	1.8836037106	1.8836037106	1.8836037106	1.8836037106	1.8836037106	1.8836037106	1.8836037106	1.8836037106	1.8836037106	1.8836037106	1.8836037106	1.8836037106	1.8836037106	1.8836037106	1.8836037106	1.8836037106	1.8836037106	1.8836037106	1.8836037106	1.8836037106	1.8836037106	1.8836037106	1.8836037106	1.8836037106	1.8836037106	1.8836037106	1.8836037106	1.8836037106	1.8836037106	1.8836037106	1.8836037106	1.8836037106	1.8836037106	1.8836037106	1.8836037106	1.8836037106	1.8836037106	1.8836037106	1.8836037106	1.8836037106	1.8836037106	1.8836037106	1.8836037106	1.8836037106	1.8836037106	1.8836037106	1.8836037106	1.8836037106	1.8836037106	1.8836037106	1.8836037106	1.8836037106	1.8836037106	1.8836037106	1.8836037106	1.8836037106	1.8836037106	1.8836037106	1.8836037106	1.8836037106	1.8836037106	1.8836037106	1.8836037106	1.8836037106	1.8836037106	1.8836037106	1.8836037106	1.8836037106	1.8836037106	1.8836037106	1.8836037106	1.8836037106	1.8836037106	1.8836037106	1.8836037106	1.8836037106	1.8836037106	1.8836037106	1.8836037106	1.8836037106	1.8836037106	1.8836037106	1.8836037106	1.8836037106	1.8836037106	1.8836037106	1.8836037106	1.8836037106	1.8836037106	1.8836037106	1.8836037106	1.8836037106	1.8836037106	1.8836037106	1.8836037106	1.8836037106	1.8836037106	1.8836037106	1.8836037106	1.8836037106	1.8836037106	1.8836037106	1.8836037106	1.8836037106	1.8836037106	1.8836037106	1.8836037106	1.8836037106	1.8836037106	1.8836037106	1.8836037106	1.8836037106	1.8836037106	1.8836037106	1.8836037106	1.8836037106	1.8836037106	1.8836037106	1.8836037106	1.8836037106	1.8836037106	1.8836037106	1.8836037106	1.8836037106	1.8836037106	1.8836037106	1.8836037106	1.8836037106	1.8836037106	1.8836037106	1.8836037106	1.8836037106	1.8836037106	1.8836037106	1.8836037106	1.8836037106	1.8836037106	1.8836037106	1.8836037106	1.8836037106	1.8836037106	1.8836037106	1.8836037106	1.8836037106	1.8836037106	1.8836037106	1.8836037106	1.8836037106	1.8836037106	1.8836037106	1.8836037106	1.8836037106	1.8836037106	1.8836037106	1.8836037106	1.8836037106	1.8836037106	1.8836037106	1.8836037106	1.8836037106	1.8836037106	1.8836037106	1.8836037106	1.8836037106	1.8836037106	1.8836037106	1.8836037106	1.8836037106	1.8836037106	1.8836037106	1.8836037106	1.8836037106	1.8836037106	1.8836037106	1.8836037106	1.8836037106	1.8836037106	1.8836037106	1.8836037106	1.8836037106	1.8836037106	1.8836037106	1.8836037106	1.8836037106	1.8836037106	1.8836037106	1.8836037106	1.8836037106	1.8836037106	1.8836037106	1.8836037106	1.8836037106	1.8836037106	1.8836037106	1.8836037106	1.8836037106	1.8836037106	1.8836037106	1.8836037106	1.8836037106	1.8836037106	1.8836037106	1.8836037106	1.8836037106	1.8836037106	1.8836037106	1.8836037106	1.8836037106	1.8836037106	1.8836037106	1.8836037106	1.8836037106	1.8836037106	1.8836037106	1.8836037106	1.8836037106	1.8836037106	1.8836037106	1.8836037106	1.8836037106	1.8836037106	1.8836037106	1.8836037106	1.8836037106	1.8836037106	1.8836037106	1.8836037106	1.8836037106	1.8836037106	1.8836037106	1.8836037106	1.8836037106	1.8836037106	1.8836037106	1.8836037106	1.8836037106	1.8836037106	1.8836037106	1.8836037106	1.8836037106	1.8836037106	1.8836037106	1.8836037106	1.8836037106	1.8836037106	1.8836037106
1.8836037106	1.8836037106	1.8836037106	1.8836037106	1.8836037106	1.8836037106	1.8836037106	1.8836037106	1.8836037106	1.8836037106	1.8836037106	1.8836037106	1.8836037106	1.8836037106	1.8836037106	1.8836037106	1.8836037106	1.8836037106	1.8836037106	1.8836037106	1.8836037106	1.8836037106	1.8836037106	1.8836037106	1.8836037106	1.8836037106	1.8836037106	1.8836037106	1.8836037106	1.8836037106	1.8836037106	1.8836037106	1.8836037106	1.8836037106	1.8836037106	1.8836037106	1.8836037106	1.8836037106	1.8836037106	1.8836037106	1.8836037106	1.8836037106	1.8836037106	1.8836037106	1.8836037106	1.8836037106	1.8836037106	1.8836037106	1.8836037106	1.8836037106	1.8836037106	1.8836037106	1.8836037106	1.8836037106	1.8836037106	1.8836037106	1.8836037106	1.8836037106	1.8836037106	1.8836037106	1.8836037106	1.8836037106	1.8836037106	1.8836037106	1.8836037106	1.8836037106	1.8836037106	1.8836037106	1.8836037106	1.8836037106	1.8836037106	1.8836037106	1.8836037106	1.8836037106	1.8836037106	1.8836037106	1.8836037106	1.8836037106	1.8836037106	1.8836037106	1.8836037106	1.8836037106	1.8836037106	1.8836037106	1.8836037106	1.8836037106	1.8836037106	1.8836037106	1.8836037106	1.8836037106	1.8836037106	1.8836037106	1.8836037106	1.8836037106	1.8836037106	1.8836037106	1.8836037106	1.8836037106	1.8836037106	1.8836037106	1.8836037106	1.8836037106	1.8836037106	1.8836037106	1.8836037106	1.8836037106	1.8836037106	1.8836037106	1.8836037106	1.8836037106	1.8836037106	1.8836037106	1.8836037106	1.8836037106	1.8836037106	2.1727118042	2.1732177057	2.1736878316	2.1741222940	2.1745195111	2.1748790985	2.1752006847	2.1754839140	2.1757284456	2.1759339526	2.1761001215	2.1762266530	2.1763132619	2.1763596776	2.1763656445	2.1763309219	2.1762552847	2.1761385232	2.1759804434	2.1757808673	2.1755396328	2.1752565938	2.1749316213	2.1745646044	2.1741554522	2.1737040901	2.1732116678	2.1726776828	1.8836037106	1.8836037106	1.8836037106	1.8836037106	1.8836037106	1.8836037106	1.8836037106	1.8836037106	1.8836037106	1.8836037106	1.8836037106	1.8836037106	1.8836037106	1.8836037106	1.8836037106	1.8836037106	1.8836037106	1.8836037106	1.8836037106	1.8836037106	1.8836037106	1.8836037106	1.8836037106	1.8836037106	1.8836037106	1.8836037106	1.8836037106	1.8836037106	1.8836037106	1.8836037106	1.8836037106	1.8836037106	1.8836037106	1.8836037106	1.8836037106	1.8836037106	1.8836037106	1.8836037106	1.8836037106	1.8836037106	1.8836037106	1.8836037106	1.8836037106	1.8836037106	1.8836037106	1.8836037106	1.8836037106	1.8836037106	1.8836037106	1.8836037106	1.8836037106	1.8836037106	1.8836037106	1.8836037106	1.8836037106	1.8836037106	1.8836037106	1.8836037106	1.8836037106	1.8836037106	1.8836037106	1.8836037106	1.8836037106	1.8836037106	1.8836037106	1.8836037106	1.8836037106	1.8836037106	1.8836037106	1.8836037106	1.8836037106	1.8836037106	1.8836037106	1.8836037106	1.8836037106	1.8836037106	1.8836037106	1.8836037106	1.8836037106	1.8836037106	1.8836037106	1.8836037106	1.8836037106	1.8836037106	1.8836037106	1.8836037106	1.8836037106	1.8836037106	1.8836037106	1.8836037106	1.8836037106	1.8836037106	1.8836037106	1.8836037106	1.8836037106	1.8836037106	1.8836037106	1.8836037106	1.8836037106	1.8836037106	1.8836037106	1.8836037106	1.8836037106	1.8836037106	1.8836037106	1.8836037106	1.8836037106	1.8836037106	1.8836037106	1.8836037106	1.8836037106	1.8836037106	1.8836037106	1.8836037106	1.8836037106
1.8836037106	1.8836037106	1.8836037106	1.8836037106	1.8836037106	1.8836037106	1.8836037106	1.8836037106	1.8836037106	1.8836037106	1.8836037106	1.8836037106	1.8836037106	1.8836037106	1.8836037106	1.8836037106	1.8836037106	1.8836037106	1.8836037106	1.8836037106	1.8836037106	1.8836037106	1.8836037106	1.8836037106	1.8836037106	1.8836037106	1.8836037106	1.8836037106	1.8836037106	1.8836037106	1.8836037106	1.8836037106	1.8836037106	1.8836037106	1.8836037106	1.8836037106	1.8836037106	1.8836037106	1.8836037106	1.8836037106	1.8836037106	1.8836037106	1.8836037106	1.8836037106	1.8836037106	1.8836037106	1.8836037106	1.8836037106	1.8836037106	1.8836037106	1.8836037106	1.8836037106	1.8836037106	1.8836037106	1.8836037106	1.8836037106	1.8836037106	1.8836037106	1.8836037106	1.8836037106	1.8836037106	1.8836037106	1.8836037106	1.8836037106	1.8836037106	1.8836037106	1.8836037106	1.8836037106	1.8836037106	1.8836037106	1.8836037106	1.8836037106	1.8836037106	1.8836037106	1.8836037106	1.8836037106	1.8836037106	1.8836037106	1.8836037106	1.8836037106	1.8836037106	1.8836037106	1.8836037106	1.8836037106	1.8836037106	1.8836037106	1.8836037106	1.8836037106	1.8836037106	1.8836037106	1.8836037106	1.8836037106	1.8836037106	1.8836037106	1.8836037106	1.8836037106	1.8836037106	1.8836037106	1.8836037106	1.8836037106	1.8836037106	1.8836037106	1.8836037106	1.8836037106	1.8836037106	1.8836037106	1.8836037106	1.8836037106	1.8836037106	2.1731545788	2.1738890317	2.1745906401	2.1752575427	2.1758892642	2.1764853209	2.1770452683	2.1775687260	2.1780553282	2.1785046772	2.1789163551	2.1792899483	2.1796250579	2.1799213027	2.1801783181	2.1803963494	2.1805746648	2.1807125776	2.1808097881	2.1808660142	2.1808809916	2.1808544735	2.1807862315	2.1806760553	2.1805237532	2.1803291521	2.1800928465	2.1798144366	2.1794935099	2.1791299710	2.1787237457	2.1782747787	2.1777830223	2.1772484131	2.1766708623	2.1760503084	2.1753867621	2.1746802731	2.1739308859	2.1731400938	1.8836037106	1.8836037106	1.8836037106	1.8836037106	1.8836037106	1.8836037106	1.8836037106	1.8836037106	1.8836037106	1.8836037106	1.8836037106	1.8836037106	1.8836037106	1.8836037106	1.8836037106	1.8836037106	1.8836037106	1.8836037106	1.8836037106	1.8836037106	1.8836037106	1.8836037106	1.8836037106	1.8836037106	1.8836037106	1.8836037106	1.8836037106	1.8836037106	1.8836037106	1.8836037106	1.8836037106	1.8836037106	1.8836037106	1.8836037106	1.8836037106	1.8836037106	1.8836037106	1.8836037106	1.8836037106	1.8836037106	1.8836037106	1.8836037106	1.8836037106	1.8836037106	1.8836037106	1.8836037106	1.8836037106	1.8836037106	1.8836037106	1.8836037106	1.8836037106	1.8836037106	1.8836037106	1.8836037106	1.8836037106	1.8836037106	1.8836037106	1.8836037106	1.8836037106	1.8836037106	1.8836037106	1.8836037106	1.8836037106	1.8836037106	1.8836037106	1.8836037106	1.8836037106	1.8836037106	1.8836037106	1.8836037106	1.8836037106	1.8836037106	1.8836037106	1.8836037106	1.8836037106	1.8836037106	1.8836037106	1.8836037106	1.8836037106	1.8836037106	1.8836037106	1.8836037106	1.8836037106	1.8836037106	1.8836037106	1.8836037106	1.8836037106	1.8836037106	1.8836037106	1.8836037106	1.8836037106	1.8836037106	1.8836037106	1.8836037106	1.8836037106	1.8836037106	1.8836037106	1.8836037106	1.8836037106	1.8836037106	1.8836037106	1.8836037106	1.8836037106	1.8836037106	1.8836037106	1.8836037106	1.8836037106	1.8836037106	1.8836037106
1.8836037106	1.8836037106	1.8836037106	1.8836037106	1.8836037106	1.8836037106	1.8836037106	1.8836037106	1.8836037106	1.8836037106	1.8836037106	1.8836037106	1.8836037106	1.8836037106	1.8836037106	1.8836037106	1.8836037106	1.8836037106	1.8836037106	1.8836037106	1.8836037106	1.8836037106	1.8836037106	1.8836037106	1.8836037106	1.8836037106	1.8836037106	1.8836037106	1.8836037106	1.8836037106	1.8836037106	1.8836037106	1.8836037106	1.8836037106	1.8836037106	1.8836037106	1.8836037106	1.8836037106	1.8836037106	1.8836037106	1.8836037106	1.8836037106	1.8836037106	1.8836037106	1.8836037106	1.8836037106	1.8836037106	1.8836037106	1.8836037106	1.8836037106	1.8836037106	1.8836037106	1.8836037106	1.8836037106	1.8836037106	1.8836037106	1.8836037106	1.8836037106	1.8836037106	1.8836037106	1.8836037106	1.8836037106	1.8836037106	1.8836037106	1.8836037106	1.8836037106	1.8836037106	1.8836037106	1.8836037106	1.8836037106	1.8836037106	1.8836037106	1.8836037106	1.8836037106	1.8836037106	1.8836037106	1.8836037106	1.8836037106	1.8836037106	1.8836037106	1.8836037106	1.8836037106	1.8836037106	1.8836037106	1.8836037106	1.8836037106	1.8836037106	1.8836037106	1.8836037106	1.8836037106	1.8836037106	1.8836037106	1.8836037106	1.8836037106	1.8836037106	1.8836037106	1.8836037106	1.8836037106	1.8836037106	1.8836037106	1.8836037106	1.8836037106	1.8836037106	1.8836037106	2.1731337252	2.1740524645	2.1749405051	2.1757958841	2.1766180918	2.1774066776	2.1781612493	2.1788813813	2.1795665863	2.1802163479	2.1808326701	2.1814125834	2.1819554234	2.1824607429	2.1829280957	2.1833570403	2.1837472942	2.1840986465	2.1844102966	2.1846818652	2.1849129903	2.1851033276	2.1852525505	2.1853603506	2.1854264382	2.1854505423	2.1854324109	2.1853718113	2.1852685303	2.1851223742	2.1849331690	2.1847007610	2.1844250162	2.1841058209	2.1837430822	2.1833371603	2.1828877738	2.1823947471	2.1818580551	2.1812776795	2.1806536256	2.1799871534	2.1792790361	2.1785276227	2.1777329675	2.1768950743	2.1760139318	2.1750895985	2.1741221902	2.1731133583	1.8836037106	1.8836037106	1.8836037106	1.8836037106	1.8836037106	1.8836037106	1.8836037106	1.8836037106	1.8836037106	1.8836037106	1.8836037106	1.8836037106	1.8836037106	1.8836037106	1.8836037106	1.8836037106	1.8836037106	1.8836037106	1.8836037106	1.8836037106	1.8836037106	1.8836037106	1.8836037106	1.8836037106	1.8836037106	1.8836037106	1.8836037106	1.8836037106	1.8836037106	1.8836037106	1.8836037106	1.8836037106	1.8836037106	1.8836037106	1.8836037106	1.8836037106	1.8836037106	1.8836037106	1.8836037106	1.8836037106	1.8836037106	1.8836037106	1.8836037106	1.8836037106	1.8836037106	1.8836037106	1.8836037106	1.8836037106	1.8836037106	1.8836037106	1.8836037106	1.8836037106	1.8836037106	1.8836037106	1.8836037106	1.8836037106	1.8836037106	1.8836037106	1.8836037106	1.8836037106	1.8836037106	1.8836037106	1.8836037106	1.8836037106	1.8836037106	1.8836037106	1.8836037106	1.8836037106	1.8836037106	1.8836037106	1.8836037106	1.8836037106	1.8836037106	1.8836037106	1.8836037106	1.8836037106	1.8836037106	1.8836037106	1.8836037106	1.8836037106	1.8836037106	1.8836037106	1.8836037106	1.8836037106	1.8836037106	1.8836037106	1.8836037106	1.8836037106	1.8836037106	1.8836037106	1.8836037106	1.8836037106	1.8836037106	1.8836037106	1.8836037106	1.8836037106	1.8836037106	1.8836037106	1.8836037106	1.8836037106	1.8836037106	1.8836037106	1.8836037106	1.8836037106
1.8836037106	1.8836037106	1.8836037106	1.8836037106	1.8836037106	1.8836037106	1.8836037106	1.8836037106	1.8836037106	1.8836037106	1.8836037106	1.8836037106	1.8836037106	1.8836037106	1.8836037106	1.8836037106	1.8836037106	1.8836037106	1.8836037106	1.8836037106	1.8836037106	1.8836037106	1.8836037106	1.8836037106	1.8836037106	1.8836037106	1.8836037106	1.8836037106	1.8836037106	1.8836037106	1.8836037106	1.8836037106	1.8836037106	1.8836037106	1.8836037106	1.8836037106	1.8836037106	1.8836037106	1.8836037106	1.8836037106	1.8836037106	1.8836037106	1.8836037106	1.8836037106	1.8836037106	1.8836037106	1.8836037106	1.8836037106	1.8836037106	1.8836037106	1.8836037106	1.8836037106	1.8836037106	1.8836037106	1.8836037106	1.8836037106	1.8836037106	1.8836037106	1.8836037106	1.8836037106	1.8836037106	1.8836037106	1.8836037106	1.8836037106	1.8836037106	1.8836037106	1.8836037106	1.8836037106	1.8836037106	1.8836037106	1.8836037106	1.8836037106	1.8836037106	1.8836037106	1.8836037106	1.8836037106	1.8836037106	1.8836037106	1.8836037106	1.8836037106	1.8836037106	1.8836037106	1.8836037106	1.8836037106	1.8836037106	1.8836037106	1.8836037106	1.8836037106	1.8836037106	1.8836037106	1.8836037106	1.8836037106	1.8836037106	1.8836037106	1.8836037106	1.8836037106	1.8836037106	1.8836037106	1.8836037106	1.8836037106	2.1732295025	2.1742938415	2.1753289061	2.1763331144	2.1773060162	2.1782472175	2.1791562863	2.1800326949	2.1808785901	2.1816915604	2.1824700584	2.1832135524	2.1839218949	2.1845947099	2.1852308616	2.1858298353	2.1863911305	2.1869142622	2.1873991001	2.1878449213	2.1882511822	2.1886174613	2.1889433541	2.1892284730	2.1894724482	2.1896749279	2.1898355783	2.1899540845	2.1900301505	2.1900634995	2.1900538743	2.1900010371	2.1899047703	2.1897648762	2.1895811773	2.1893535166	2.1890817576	2.1887657844	2.1884055019	2.1880008359	2.1875517330	2.1870581609	2.1865205756	2.1859385873	2.1853122008	2.1846414682	2.1839264626	2.1831679454	2.1823658061	2.1815197444	2.1806298711	2.1796988279	2.1787261047	2.1777102072	2.1766511837	2.1755490673	2.1744039609	2.1732171427	1.8836037106	1.8836037106	1.8836037106	1.8836037106	1.8836037106	1.8836037106	1.8836037106	1.8836037106	1.8836037106	1.8836037106	1.8836037106	1.8836037106	1.8836037106	1.8836037106	1.8836037106	1.8836037106	1.8836037106	1.8836037106	1.8836037106	1.8836037106	1.8836037106	1.8836037106	1.8836037106	1.8836037106	1.8836037106	1.8836037106	1.8836037106	1.8836037106	1.8836037106	1.8836037106	1.8836037106	1.8836037106	1.8836037106	1.8836037106	1.8836037106	1.8836037106	1.8836037106	1.8836037106	1.8836037106	1.8836037106	1.8836037106	1.8836037106	1.8836037106	1.8836037106	1.8836037106	1.8836037106	1.8836037106	1.8836037106	1.8836037106	1.8836037106	1.8836037106	1.8836037106	1.8836037106	1.8836037106	1.8836037106	1.8836037106	1.8836037106	1.8836037106	1.8836037106	1.8836037106	1.8836037106	1.8836037106	1.8836037106	1.8836037106	1.8836037106	1.8836037106	1.8836037106	1.8836037106	1.8836037106	1.8836037106	1.8836037106	1.8836037106	1.8836037106	1.8836037106	1.8836037106	1.8836037106	1.8836037106	1.8836037106	1.8836037106	1.8836037106	1.8836037106	1.8836037106	1.8836037106	1.8836037106	1.8836037106	1.8836037106	1.8836037106	1.8836037106	1.8836037106	1.8836037106	1.8836037106	1.8836037106	1.8836037106	1.8836037106	1.8836037106	1.8836037106	1.8836037106	1.8836037106	1.8836037106	1.8836037106
1.8836037106	1.8836037106	1.8836037106	1.8836037106	1.8836037106	1.8836037106	1.8836037106	1.8836037106	1.8836037106	1.8836037106	1.8836037106	1.8836037106	1.8836037106	1.8836037106	1.8836037106	1.8836037106	1.8836037106	1.8836037106	1.8836037106	1.8836037106	1.8836037106	1.8836037106	1.8836037106	1.8836037106	1.8836037106	1.8836037106	1.8836037106	1.8836037106	1.8836037106	1.8836037106	1.8836037106	1.8836037106	1.8836037106	1.8836037106	1.8836037106	1.8836037106	1.8836037106	1.8836037106	1.8836037106	1.8836037106	1.8836037106	1.8836037106	1.8836037106	1.8836037106	1.8836037106	1.8836037106	1.8836037106	1.8836037106	1.8836037106	1.8836037106	1.8836037106	1.8836037106	1.8836037106	1.8836037106	1.8836037106	1.8836037106	1.8836037106	1.8836037106	1.8836037106	1.8836037106	1.8836037106	1.8836037106	1.8836037106	1.8836037106	1.8836037106	1.8836037106	1.8836037106	1.8836037106	1.8836037106	1.8836037106	1.8836037106	1.8836037106	1.8836037106	1.8836037106	1.8836037106	1.8836037106	1.8836037106	1.8836037106	1.8836037106	1.8836037106	1.8836037106	1.8836037106	1.8836037106	1.8836037106	1.8836037106	1.8836037106	1.8836037106	1.8836037106	1.8836037106	1.8836037106	1.8836037106	1.8836037106	1.8836037106	1.8836037106	1.8836037106	1.8836037106	2.1726905671	2.1738920694	2.1750681894	2.1762153903	2.1773332843	2.1784215050	2.1794796157	2.1805081499	2.1815087564	2.1824773890	2.1834134655	2.1843173350	2.1851877152	2.1860236774	2.1868246291	2.1875905063	2.1883203840	2.1890135227	2.1896693853	2.1902874465	2.1908693281	2.1914128358	2.1919168624	2.1923809434	2.1928046310	2.1931874945	2.1935291200	2.1938291109	2.1940870887	2.1943026931	2.1944755823	2.1946054337	2.1946919440	2.1947348296	2.1947338265	2.1946886912	2.1945992002	2.1944651505	2.1942863597	2.1940626665	2.1937939304	2.1934800318	2.1931208725	2.1927163755	2.1922664849	2.1917711671	2.1912304123	2.1906442347	2.1900145928	2.1893408996	2.1886221585	2.1878584634	2.1870499301	2.1861974605	2.1853005101	2.1843592399	2.1833742239	2.1823463492	2.1812747941	2.1801602077	2.1790070229	2.1778109607	2.1765721089	2.1752905107	2.1739662467	2.1726028897	1.8836037106	1.8836037106	1.8836037106	1.8836037106	1.8836037106	1.8836037106	1.8836037106	1.8836037106	1.8836037106	1.8836037106	1.8836037106	1.8836037106	1.8836037106	1.8836037106	1.8836037106	1.8836037106	1.8836037106	1.8836037106	1.8836037106	1.8836037106	1.8836037106	1.8836037106	1.8836037106	1.8836037106	1.8836037106	1.8836037106	1.8836037106	1.8836037106	1.8836037106	1.8836037106	1.8836037106	1.8836037106	1.8836037106	1.8836037106	1.8836037106	1.8836037106	1.8836037106	1.8836037106	1.8836037106	1.8836037106	1.8836037106	1.8836037106	1.8836037106	1.8836037106	1.8836037106	1.8836037106	1.8836037106	1.8836037106	1.8836037106	1.8836037106	1.8836037106	1.8836037106	1.8836037106	1.8836037106	1.8836037106	1.8836037106	1.8836037106	1.8836037106	1.8836037106	1.8836037106	1.8836037106	1.8836037106	1.8836037106	1.8836037106	1.8836037106	1.8836037106	1.8836037106	1.8836037106	1.8836037106	1.8836037106	1.8836037106	1.8836037106	1.8836037106	1.8836037106	1.8836037106	1.8836037106	1.8836037106	1.8836037106	1.8836037106	1.8836037106	1.8836037106	1.8836037106	1.8836037106	1.8836037106	1.8836037106	1.8836037106	1.8836037106	1.8836037106	1.8836037106	1.8836037106	1.8836037106	1.8836037106	1.8836037106	1.8836037106	1.8836037106	1.8836037106
1.8836037106	1.8836037106	1.8836037106	1.8836037106	1.8836037106	1.8836037106	1.8836037106	1.8836037106	1.8836037106	1.8836037106	1.8836037106	1.8836037106	1.8836037106	1.8836037106	1.8836037106	1.8836037106	1.8836037106	1.8836037106	1.8836037106	1.8836037106	1.8836037106	1.8836037106	1.8836037106	1.8836037106	1.8836037106	1.8836037106	1.8836037106	1.8836037106	1.8836037106	1.8836037106	1.8836037106	1.8836037106	1.8836037106	1.8836037106	1.8836037106	1.8836037106	1.8836037106	1.8836037106	1.8836037106	1.8836037106	1.8836037106	1.8836037106	1.8836037106	1.8836037106	1.8836037106	1.8836037106	1.8836037106	1.8836037106	1.8836037106	1.8836037106	1.8836037106	1.8836037106	1.8836037106	1.8836037106	1.8836037106	1.8836037106	1.8836037106	1.8836037106	1.8836037106	1.8836037106	1.8836037106	1.8836037106	1.8836037106	1.8836037106	1.8836037106	1.8836037106	1.8836037106	1.8836037106	1.8836037106	1.8836037106	1.8836037106	1.8836037106	1.8836037106	1.8836037106	1.8836037106	1.8836037106	1.8836037106	1.8836037106	1.8836037106	1.8836037106	1.8836037106	1.8836037106	1.8836037106	1.8836037106	1.8836037106	1.8836037106	1.8836037106	1.8836037106	1.8836037106	1.8836037106	1.8836037106	1.8836037106	1.8836037106	2.1728681702	2.1741762297	2.1754597686	2.1767159869	2.1779445877	2.1791452157	2.1803176151	2.1814657705	2.1825841323	2.1836721227	2.1847305042	2.1857571191	2.1867513080	2.1877130506	2.1886413093	2.1895352039	2.1903941162	2.1912212389	2.1920121194	2.1927660612	2.1934825006	2.1941608883	2.1948006883	2.1954013773	2.1959624473	2.1964834074	2.1969637845	2.1974036663	2.1978027717	2.1981598449	2.1984744802	2.1987462904	2.1989749067	2.1991599795	2.1993011784	2.1993981930	2.1994507331	2.1994585285	2.1994213298	2.1993389082	2.1992110557	2.1990375856	2.1988183326	2.1985531525	2.1982419230	2.1978845433	2.1974809342	2.1970316586	2.1965369921	2.1959961375	2.1954091064	2.1947759319	2.1940966665	2.1933713835	2.1926001784	2.1917831708	2.1909205063	2.1900142792	2.1890653433	2.1880715228	2.1870330404	2.1859511318	2.1848251171	2.1836552725	2.1824435677	2.1811886465	2.1798923855	2.1785576819	2.1771806285	2.1757612872	2.1742996836	2.1727986205	1.8836037106	1.8836037106	1.8836037106	1.8836037106	1.8836037106	1.8836037106	1.8836037106	1.8836037106	1.8836037106	1.8836037106	1.8836037106	1.8836037106	1.8836037106	1.8836037106	1.8836037106	1.8836037106	1.8836037106	1.8836037106	1.8836037106	1.8836037106	1.8836037106	1.8836037106	1.8836037106	1.8836037106	1.8836037106	1.8836037106	1.8836037106	1.8836037106	1.8836037106	1.8836037106	1.8836037106	1.8836037106	1.8836037106	1.8836037106	1.8836037106	1.8836037106	1.8836037106	1.8836037106	1.8836037106	1.8836037106	1.8836037106	1.8836037106	1.8836037106	1.8836037106	1.8836037106	1.8836037106	1.8836037106	1.8836037106	1.8836037106	1.8836037106	1.8836037106	1.8836037106	1.8836037106	1.8836037106	1.8836037106	1.8836037106	1.8836037106	1.8836037106	1.8836037106	1.8836037106	1.8836037106	1.8836037106	1.8836037106	1.8836037106	1.8836037106	1.8836037106	1.8836037106	1.8836037106	1.8836037106	1.8836037106	1.8836037106	1.8836037106	1.8836037106	1.8836037106	1.8836037106	1.8836037106	1.8836037106	1.8836037106	1.8836037106	1.8836037106	1.8836037106	1.8836037106	1.8836037106	1.8836037106	1.8836037106	1.8836037106	1.8836037106	1.8836037106	1.8836037106	1.8836037106	1.8836037106	1.8836037106	1.8836037106
1.8836037106	1.8836037106	1.8836037106	1.8836037106	1.8836037106	1.8836037106	1.8836037106	1.8836037106	1.8836037106	1.8836037106	1.8836037106	1.8836037106	1.8836037106	1.8836037106	1.8836037106	1.8836037106	1.8836037106	1.8836037106	1.8836037106	1.8836037106	1.8836037106	1.8836037106	1.8836037106	1.8836037106	1.8836037106	1.8836037106	1.8836037106	1.8836037106	1.8836037106	1.8836037106	1.8836037106	1.8836037106	1.8836037106	1.8836037106	1.8836037106	1.8836037106	1.8836037106	1.8836037106	1.8836037106	1.8836037106	1.8836037106	1.8836037106	1.8836037106	1.8836037106	1.8836037106	1.8836037106	1.8836037106	1.8836037106	1.8836037106	1.8836037106	1.8836037106	1.8836037106	1.8836037106	1.8836037106	1.8836037106	1.8836037106	1.8836037106	1.8836037106	1.8836037106	1.8836037106	1.8836037106	1.8836037106	1.8836037106	1.8836037106	1.8836037106	1.8836037106	1.8836037106	1.8836037106	1.8836037106	1.8836037106	1.8836037106	1.8836037106	1.8836037106	1.8836037106	1.8836037106	1.8836037106	1.8836037106	1.8836037106	1.8836037106	1.8836037106	1.8836037106	1.8836037106	1.8836037106	1.8836037106	1.8836037106	1.8836037106	1.8836037106	1.8836037106	1.8836037106	1.8836037106	2.1726773992	2.1740870302	2.1754743875	2.1768360483	2.1781718034	2.1794813276	2.1807663405	2.1820273677	2.1832603278	2.1844657130	2.1856421656	2.1867884402	2.1879046431	2.1889894761	2.1900420339	2.1910646983	2.1920553746	2.1930116178	2.1939327900	2.1948182626	2.1956674169	2.1964796480	2.1972544447	2.1979933845	2.1986935559	2.1993544109	2.1999754162	2.2005560539	2.2010969028	2.2015965138	2.2020542036	2.2024695211	2.2028420329	2.2031713240	2.2034569980	2.2036986775	2.2038960045	2.2040486412	2.2041562699	2.2042185935	2.2042353358	2.2042062416	2.2041310768	2.2040096290	2.2038417073	2.2036271424	2.2033657875	2.2030575173	2.2027022293	2.2022998430	2.2018503004	2.2013535663	2.2008096280	2.2002195175	2.1995827506	2.1988989885	2.1981683064	2.1973908021	2.1965686674	2.1957006262	2.1947863418	2.1938260010	2.1928198099	2.1917679990	2.1906708263	2.1895327897	2.1883513739	2.1871256940	2.1858571572	2.1845451639	2.1831906179	2.1817945475	2.1803559887	2.1788813460	2.1773653217	2.1758075685	2.1742080646	2.1725704244	1.8836037106	1.8836037106	1.8836037106	1.8836037106	1.8836037106	1.8836037106	1.8836037106	1.8836037106	1.8836037106	1.8836037106	1.8836037106	1.8836037106	1.8836037106	1.8836037106	1.8836037106	1.8836037106	1.8836037106	1.8836037106	1.8836037106	1.8836037106	1.8836037106	1.8836037106	1.8836037106	1.8836037106	1.8836037106	1.8836037106	1.8836037106	1.8836037106	1.8836037106	1.8836037106	1.8836037106	1.8836037106	1.8836037106	1.8836037106	1.8836037106	1.8836037106	1.8836037106	1.8836037106	1.8836037106	1.8836037106	1.8836037106	1.8836037106	1.8836037106	1.8836037106	1.8836037106	1.8836037106	1.8836037106	1.8836037106	1.8836037106	1.8836037106	1.8836037106	1.8836037106	1.8836037106	1.8836037106	1.8836037106	1.8836037106	1.8836037106	1.8836037106	1.8836037106	1.8836037106	1.8836037106	1.8836037106	1.8836037106	1.8836037106	1.8836037106	1.8836037106	1.8836037106	1.8836037106	1.8836037106	1.8836037106	1.8836037106	1.8836037106	1.8836037106	1.8836037106	1.8836037106	1.8836037106	1.8836037106	1.8836037106	1.8836037106	1.8836037106	1.8836037106	1.8836037106	1.8836037106	1.8836037106	1.8836037106	1.8836037106	1.8836037106	1.8836037106	1.8836037106	1.8836037106
1.8836037106	1.8836037106	1.8836037106	1.8836037106	1.8836037106	1.8836037106	1.8836037106	1.8836037106	1.8836037106	1.8836037106	1.8836037106	1.8836037106	1.8836037106	1.8836037106	1.8836037106	1.8836037106	1.8836037106	1.8836037106	1.8836037106	1.8836037106	1.8836037106	1.8836037106	1.8836037106	1.8836037106	1.8836037106	1.8836037106	1.8836037106	1.8836037106	1.8836037106	1.8836037106	1.8836037106	1.8836037106	1.8836037106	1.8836037106	1.8836037106	1.8836037106	1.8836037106	1.8836037106	1.8836037106	1.8836037106	1.8836037106	1.8836037106	1.8836037106	1.8836037106	1.8836037106	1.8836037106	1.8836037106	1.8836037106	1.8836037106	1.8836037106	1.8836037106	1.8836037106	1.8836037106	1.8836037106	1.8836037106	1.8836037106	1.8836037106	1.8836037106	1.8836037106	1.8836037106	1.8836037106	1.8836037106	1.8836037106	1.8836037106	1.8836037106	1.8836037106	1.8836037106	1.8836037106	1.8836037106	1.8836037106	1.8836037106	1.8836037106	1.8836037106	1.8836037106	1.8836037106	1.8836037106	1.8836037106	1.8836037106	1.8836037106	1.8836037106	1.8836037106	1.8836037106	1.8836037106	1.8836037106	1.8836037106	1.8836037106	1.8836037106	1.8836037106	2.1736319569	2.1751191853	2.1765822883	2.1780211833	2.1794356211	2.1808276368	2.1821977135	2.1835415559	2.1848601824	2.1861512498	2.1874142291	2.1886488134	2.1898534644	2.1910303503	2.1921783967	2.1932942077	2.1943770885	2.1954263517	2.1964413212	2.1974219362	2.1983693041	2.1992803152	2.2001543407	2.2009915929	2.2017917277	2.2025529773	2.2032747663	2.2039565340	2.2045977352	2.2051978405	2.2057563372	2.2062727293	2.2067465381	2.2071773027	2.2075649478	2.2079101027	2.2082107113	2.2084663860	2.2086767594	2.2088414846	2.2089602357	2.2090327077	2.2090586174	2.2090377029	2.2089697243	2.2088544638	2.2086917257	2.2084813368	2.2082231467	2.2079170275	2.2075628742	2.2071623324	2.2067142222	2.2062181516	2.2056741081	2.2050821019	2.2044421659	2.2037543560	2.2030187502	2.2022354496	2.2014045773	2.2005265651	2.1996032253	2.1986329309	2.1976158926	2.1965544593	2.1954481261	2.1942959650	2.1930982734	2.1918553706	2.1905676035	2.1892409481	2.1878710958	2.1864582612	2.1850031453	2.1835055886	2.1819677707	2.1803881265	2.1787735561	2.1771184160	2.1754221843	2.1736847600	1.8836037106	1.8836037106	1.8836037106	1.8836037106	1.8836037106	1.8836037106	1.8836037106	1.8836037106	1.8836037106	1.8836037106	1.8836037106	1.8836037106	1.8836037106	1.8836037106	1.8836037106	1.8836037106	1.8836037106	1.8836037106	1.8836037106	1.8836037106	1.8836037106	1.8836037106	1.8836037106	1.8836037106	1.8836037106	1.8836037106	1.8836037106	1.8836037106	1.8836037106	1.8836037106	1.8836037106	1.8836037106	1.8836037106	1.8836037106	1.8836037106	1.8836037106	1.8836037106	1.8836037106	1.8836037106	1.8836037106	1.8836037106	1.8836037106	1.8836037106	1.8836037106	1.8836037106	1.8836037106	1.8836037106	1.8836037106	1.8836037106	1.8836037106	1.8836037106	1.8836037106	1.8836037106	1.8836037106	1.8836037106	1.8836037106	1.8836037106	1.8836037106	1.8836037106	1.8836037106	1.8836037106	1.8836037106	1.8836037106	1.8836037106	1.8836037106	1.8836037106	1.8836037106	1.8836037106	1.8836037106	1.8836037106	1.8836037106	1.8836037106	1.8836037106	1.8836037106	1.8836037106	1.8836037106	1.8836037106	1.8836037106	1.8836037106	1.8836037106	1.8836037106	1.8836037106	1.8836037106	1.8836037106	1.8836037106	1.8836037106	1.8836037106	1.8836037106
1.8836037106	1.8836037106	1.8836037106	1.8836037106	1.8836037106	1.8836037106	1.8836037106	1.8836037106	1.8836037106	1.8836037106	1.8836037106	1.8836037106	1.8836037106	1.8836037106	1.8836037106	1.8836037106	1.8836037106	1.8836037106	1.8836037106	1.8836037106	1.8836037106	1.8836037106	1.8836037106	1.8836037106	1.8836037106	1.8836037106	1.8836037106	1.8836037106	1.8836037106	1.8836037106	1.8836037106	1.8836037106	1.8836037106	1.8836037106	1.8836037106	1.8836037106	1.8836037106	1.8836037106	1.8836037106	1.8836037106	1.8836037106	1.8836037106	1.8836037106	1.8836037106	1.8836037106	1.8836037106	1.8836037106	1.8836037106	1.8836037106	1.8836037106	1.8836037106	1.8836037106	1.8836037106	1.8836037106	1.8836037106	1.8836037106	1.8836037106	1.8836037106	1.8836037106	1.8836037106	1.8836037106	1.8836037106	1.8836037106	1.8836037106	1.8836037106	1.8836037106	1.8836037106	1.8836037106	1.8836037106	1.8836037106	1.8836037106	1.8836037106	1.8836037106	1.8836037106	1.8836037106	1.8836037106	1.8836037106	1.8836037106	1.8836037106	1.8836037106	1.8836037106	1.8836037106	1.8836037106	1.8836037106	1.8836037106	2.1728223095	2.1744025911	2.1759628838	2.1775005519	2.1790154970	2.1805084696	2.1819832853	2.1834337973	2.1848610143	2.1862627242	2.1876384223	2.1889874611	2.1903083650	2.1916059944	2.1928743570	2.1941121844	2.1953187397	2.1964932962	2.1976364107	2.1987483100	2.1998259902	2.2008692997	2.2018789075	2.2028521822	2.2037884696	2.2046871277	2.2055475271	2.2063690519	2.2071510995	2.2078951600	2.2086001570	2.2092637447	2.2098853799	2.2104645360	2.2110007141	2.2114934816	2.2119422889	2.2123466813	2.2127062235	2.2130204997	2.2132891141	2.2135116915	2.2136878776	2.2138173393	2.2138997655	2.2139348670	2.2139223765	2.2138620493	2.2137536632	2.2135970188	2.2133919395	2.2131382722	2.2128358867	2.2124846764	2.2120845586	2.2116354738	2.2111373867	2.2105903411	2.2099943328	2.2093493642	2.2086554933	2.2079128017	2.2071233243	2.2062876792	2.2054038462	2.2044719971	2.2034923259	2.2024650490	2.2013904050	2.2002695562	2.1991037773	2.1978915873	2.1966351723	2.1953352291	2.1939900579	2.1926000457	2.1911656029	2.1896906321	2.1881758676	2.1866186105	2.1850200501	2.1833799812	2.1817004746	2.1799812119	2.1782277660	2.1764339191	2.1745996007	2.1727276865	1.8836037106	1.8836037106	1.8836037106	1.8836037106	1.8836037106	1.8836037106	1.8836037106	1.8836037106	1.8836037106	1.8836037106	1.8836037106	1.8836037106	1.8836037106	1.8836037106	1.8836037106	1.8836037106	1.8836037106	1.8836037106	1.8836037106	1.8836037106	1.8836037106	1.8836037106	1.8836037106	1.8836037106	1.8836037106	1.8836037106	1.8836037106	1.8836037106	1.8836037106	1.8836037106	1.8836037106	1.8836037106	1.8836037106	1.8836037106	1.8836037106	1.8836037106	1.8836037106	1.8836037106	1.8836037106	1.8836037106	1.8836037106	1.8836037106	1.8836037106	1.8836037106	1.8836037106	1.8836037106	1.8836037106	1.8836037106	1.8836037106	1.8836037106	1.8836037106	1.8836037106	1.8836037106	1.8836037106	1.8836037106	1.8836037106	1.8836037106	1.8836037106	1.8836037106	1.8836037106	1.8836037106	1.8836037106	1.8836037106	1.8836037106	1.8836037106	1.8836037106	1.8836037106	1.8836037106	1.8836037106	1.8836037106	1.8836037106	1.8836037106	1.8836037106	1.8836037106	1.8836037106	1.8836037106	1.8836037106	1.8836037106	1.8836037106	1.8836037106	1.8836037106	1.8836037106	1.8836037106	1.8836037106	1.8836037106
1.8836037106	1.8836037106	1.8836037106	1.8836037106	1.8836037106	1.8836037106	1.8836037106	1.8836037106	1.8836037106	1.8836037106	1.8836037106	1.8836037106	1.8836037106	1.8836037106	1.8836037106	1.8836037106	1.8836037106	1.8836037106	1.8836037106	1.8836037106	1.8836037106	1.8836037106	1.8836037106	1.8836037106	1.8836037106	1.8836037106	1.8836037106	1.8836037106	1.8836037106	1.8836037106	1.8836037106	1.8836037106	1.8836037106	1.8836037106	1.8836037106	1.8836037106	1.8836037106	1.8836037106	1.8836037106	1.8836037106	1.8836037106	1.8836037106	1.8836037106	1.8836037106	1.8836037106	1.8836037106	1.8836037106	1.8836037106	1.8836037106	1.8836037106	1.8836037106	1.8836037106	1.8836037106	1.8836037106	1.8836037106	1.8836037106	1.8836037106	1.8836037106	1.8836037106	1.8836037106	1.8836037106	1.8836037106	1.8836037106	1.8836037106	1.8836037106	1.8836037106	1.8836037106	1.8836037106	1.8836037106	1.8836037106	1.8836037106	1.8836037106	1.8836037106	1.8836037106	1.8836037106	1.8836037106	1.8836037106	1.8836037106	1.8836037106	1.8836037106	1.8836037106	1.8836037106	1.8836037106	2.1733348994	2.1749872908	2.1766191528	2.1782299002	2.1798194087	2.1813922638	2.1829447726	2.1844754625	2.1859833521	2.1874670666	2.1889263444	2.1903594212	2.1917719119	2.1931567716	2.1945129395	2.1958396444	2.1971361260	2.1984053070	2.1996429641	2.2008485533	2.2020231853	2.2031637345	2.2042694900	2.2053397502	2.2063738244	2.2073710326	2.2083350637	2.2092613470	2.2101485962	2.2109961883	2.2118036162	2.2125701487	2.2132951975	2.2139781904	2.2146190370	2.2152174272	2.2157720634	2.2162824426	2.2167480804	2.2171685117	2.2175432908	2.2178721346	2.2181552682	2.2183913833	2.2185801163	2.2187211254	2.2188140913	2.2188587172	2.2188547292	2.2188018762	2.2186999304	2.2185486875	2.2183479667	2.2180976112	2.2177975866	2.2174487171	2.2170500477	2.2166015187	2.2161030944	2.2155547635	2.2149565384	2.2143085919	2.2136120621	2.2128659161	2.2120702618	2.2112252304	2.2103310743	2.2093879277	2.2083959444	2.2073560663	2.2062727432	2.2051415689	2.2039628305	2.2027368367	2.2014639173	2.2001456225	2.1987831941	2.1973750645	2.1959257325	2.1944321446	2.1928943019	2.1913126812	2.1896912481	2.1880315000	2.1863303705	2.1845887088	2.1828072926	2.1809867884	2.1791312362	2.1772392219	2.1753075290	2.1733366410	1.8836037106	1.8836037106	1.8836037106	1.8836037106	1.8836037106	1.8836037106	1.8836037106	1.8836037106	1.8836037106	1.8836037106	1.8836037106	1.8836037106	1.8836037106	1.8836037106	1.8836037106	1.8836037106	1.8836037106	1.8836037106	1.8836037106	1.8836037106	1.8836037106	1.8836037106	1.8836037106	1.8836037106	1.8836037106	1.8836037106	1.8836037106	1.8836037106	1.8836037106	1.8836037106	1.8836037106	1.8836037106	1.8836037106	1.8836037106	1.8836037106	1.8836037106	1.8836037106	1.8836037106	1.8836037106	1.8836037106	1.8836037106	1.8836037106	1.8836037106	1.8836037106	1.8836037106	1.8836037106	1.8836037106	1.8836037106	1.8836037106	1.8836037106	1.8836037106	1.8836037106	1.8836037106	1.8836037106	1.8836037106	1.8836037106	1.8836037106	1.8836037106	1.8836037106	1.8836037106	1.8836037106	1.8836037106	1.8836037106	1.8836037106	1.8836037106	1.8836037106	1.8836037106	1.8836037106	1.8836037106	1.8836037106	1.8836037106	1.8836037106	1.8836037106	1.8836037106	1.8836037106	1.8836037106	1.8836037106	1.8836037106	1.8836037106	1.8836037106	1.8836037106	1.8836037106	1.8836037106
1.8836037106	1.8836037106	1.8836037106	1.8836037106	1.8836037106	1.8836037106	1.8836037106	1.8836037106	1.8836037106	1.8836037106	1.8836037106	1.8836037106	1.8836037106	1.8836037106	1.8836037106	1.8836037106	1.8836037106	1.8836037106	1.8836037106	1.8836037106	1.8836037106	1.8836037106	1.8836037106	1.8836037106	1.8836037106	1.8836037106	1.8836037106	1.8836037106	1.8836037106	1.8836037106	1.8836037106	1.8836037106	1.8836037106	1.8836037106	1.8836037106	1.8836037106	1.8836037106	1.8836037106	1.8836037106	1.8836037106	1.8836037106	1.8836037106	1.8836037106	1.8836037106	1.8836037106	1.8836037106	1.8836037106	1.8836037106	1.8836037106	1.8836037106	1.8836037106	1.8836037106	1.8836037106	1.8836037106	1.8836037106	1.8836037106	1.8836037106	1.8836037106	1.8836037106	1.8836037106	1.8836037106	1.8836037106	1.8836037106	1.8836037106	1.8836037106	1.8836037106	1.8836037106	1.8836037106	1.8836037106	1.8836037106	1.8836037106	1.8836037106	1.8836037106	1.8836037106	1.8836037106	1.8836037106	1.8836037106	1.8836037106	1.8836037106	1.8836037106	1.8836037106	2.1736657880	2.1753874372	2.1770892128	2.1787713343	2.1804344408	2.1820838657	2.1837124869	2.1853216373	2.1869083151	2.1884730255	2.1900137035	2.1915347003	2.1930317204	2.1945020265	2.1959448173	2.1973597093	2.1987494468	2.2001092252	2.2014401739	2.2027408374	2.2040091698	2.2052444190	2.2064458405	2.2076133168	2.2087507783	2.2098520473	2.2109164147	2.2119433456	2.2129319882	2.2138816663	2.2147925200	2.2156639882	2.2164944747	2.2172833618	2.2180307019	2.2187368815	2.2193995653	2.2200182009	2.2205922542	2.2211212095	2.2216045708	2.2220418613	2.2224326245	2.2227764244	2.2230728462	2.2233214964	2.2235220036	2.2236740189	2.2237772163	2.2238312928	2.2238359690	2.2237909887	2.2236961196	2.2235511533	2.2233559057	2.2231102168	2.2228139514	2.2224669987	2.2220692731	2.2216207138	2.2211212853	2.2205709766	2.2199698015	2.2193177987	2.2186150311	2.2178615863	2.2170600650	2.2162083854	2.2153065986	2.2143549339	2.2133554424	2.2123065594	2.2112085371	2.2100617915	2.2088665293	2.2076230245	2.2063376381	2.2050056228	2.2036266888	2.2022012348	2.2007296798	2.1992158925	2.1976572125	2.1960575899	2.1944153294	2.1927296171	2.1910009959	2.1892356658	2.1874315363	2.1855877587	2.1837039946	2.1817830356	2.1798247660	2.1778343146	2.1758049799	2.1737364758	1.8836037106	1.8836037106	1.8836037106	1.8836037106	1.8836037106	1.8836037106	1.8836037106	1.8836037106	1.8836037106	1.8836037106	1.8836037106	1.8836037106	1.8836037106	1.8836037106	1.8836037106	1.8836037106	1.8836037106	1.8836037106	1.8836037106	1.8836037106	1.8836037106	1.8836037106	1.8836037106	1.8836037106	1.8836037106	1.8836037106	1.8836037106	1.8836037106	1.8836037106	1.8836037106	1.8836037106	1.8836037106	1.8836037106	1.8836037106	1.8836037106	1.8836037106	1.8836037106	1.8836037106	1.8836037106	1.8836037106	1.8836037106	1.8836037106	1.8836037106	1.8836037106	1.8836037106	1.8836037106	1.8836037106	1.8836037106	1.8836037106	1.8836037106	1.8836037106	1.8836037106	1.8836037106	1.8836037106	1.8836037106	1.8836037106	1.8836037106	1.8836037106	1.8836037106	1.8836037106	1.8836037106	1.8836037106	1.8836037106	1.8836037106	1.8836037106	1.8836037106	1.8836037106	1.8836037106	1.8836037106	1.8836037106	1.8836037106	1.8836037106	1.8836037106	1.8836037106	1.8836037106	1.8836037106	1.8836037106	1.8836037106	1.8836037106	1.8836037106	1.8836037106
1.8836037106	1.8836037106	1.8836037106	1.8836037106	1.8836037106	1.8836037106	1.8836037106	1.8836037106	1.8836037106	1.8836037106	1.8836037106	1.8836037106	1.8836037106	1.8836037106	1.8836037106	1.8836037106	1.8836037106	1.8836037106	1.8836037106	1.8836037106	1.8836037106	1.8836037106	1.8836037106	1.8836037106	1.8836037106	1.8836037106	1.8836037106	1.8836037106	1.8836037106	1.8836037106	1.8836037106	1.8836037106	1.8836037106	1.8836037106	1.8836037106	1.8836037106	1.8836037106	1.8836037106	1.8836037106	1.8836037106	1.8836037106	1.8836037106	1.8836037106	1.8836037106	1.8836037106	1.8836037106	1.8836037106	1.8836037106	1.8836037106	1.8836037106	1.8836037106	1.8836037106	1.8836037106	1.8836037106	1.8836037106	1.8836037106	1.8836037106	1.8836037106	1.8836037106	1.8836037106	1.8836037106	1.8836037106	1.8836037106	1.8836037106	1.8836037106	1.8836037106	1.8836037106	1.8836037106	1.8836037106	1.8836037106	1.8836037106	1.8836037106	1.8836037106	1.8836037106	1.8836037106	1.8836037106	1.8836037106	1.8836037106	1.8836037106	2.1738164523	2.1756047145	2.1773745092	2.1791261139	2.1808620481	2.1825841832	2.1842877550	2.1859725483	2.1876367955	2.1892800411	2.1909027563	2.1925071138	2.1940868568	2.1956411576	2.1971691989	2.1986746843	2.2001523955	2.2016036342	2.2030264231	2.2044187863	2.2057799359	2.2071090900	2.2084102199	2.2096796420	2.2109145878	2.2121144932	2.2132784198	2.2144056810	2.2154975601	2.2165512112	2.2175659324	2.2185433453	2.2194811834	2.2203779337	2.2212329477	2.2220455927	2.2228152516	2.2235413246	2.2242232291	2.2248608373	2.2254550507	2.2260032800	2.2265050165	2.2269597713	2.2273670766	2.2277264852	2.2280375719	2.2283000189	2.2285135120	2.2286774862	2.2287916070	2.2288555636	2.2288690694	2.2288318618	2.2287437026	2.2286043782	2.2284137001	2.2281715621	2.2278780379	2.2275328024	2.2271357683	2.2266868741	2.2261860838	2.2256333872	2.2250287993	2.2243738311	2.2236683714	2.2229114190	2.2221030890	2.2212435215	2.2203328809	2.2193713563	2.2183591608	2.2172982486	2.2161890406	2.2150301040	2.2138228209	2.2125677959	2.2112641175	2.2099123208	2.2085126905	2.2070678035	2.2055813909	2.2040486231	2.2024699665	2.2008459068	2.1991804636	2.1974712331	2.1957230001	2.1939325012	2.1920995683	2.1902257298	2.1883188593	2.1863722345	2.1843871063	2.1823646905	2.1803047702	2.1782156667	2.1760887018	2.1739233683	1.8836037106	1.8836037106	1.8836037106	1.8836037106	1.8836037106	1.8836037106	1.8836037106	1.8836037106	1.8836037106	1.8836037106	1.8836037106	1.8836037106	1.8836037106	1.8836037106	1.8836037106	1.8836037106	1.8836037106	1.8836037106	1.8836037106	1.8836037106	1.8836037106	1.8836037106	1.8836037106	1.8836037106	1.8836037106	1.8836037106	1.8836037106	1.8836037106	1.8836037106	1.8836037106	1.8836037106	1.8836037106	1.8836037106	1.8836037106	1.8836037106	1.8836037106	1.8836037106	1.8836037106	1.8836037106	1.8836037106	1.8836037106	1.8836037106	1.8836037106	1.8836037106	1.8836037106	1.8836037106	1.8836037106	1.8836037106	1.8836037106	1.8836037106	1.8836037106	1.8836037106	1.8836037106	1.8836037106	1.8836037106	1.8836037106	1.8836037106	1.8836037106	1.8836037106	1.8836037106	1.8836037106	1.8836037106	1.8836037106	1.8836037106	1.8836037106	1.8836037106	1.8836037106	1.8836037106	1.8836037106	1.8836037106	1.8836037106	1.8836037106	1.8836037106	1.8836037106	1.8836037106	1.8836037106	1.8836037106	1.8836037106	1.8836037106
1.8836037106	1.8836037106	1.8836037106	1.8836037106	1.8836037106	1.8836037106	1.8836037106	1.8836037106	1.8836037106	1.8836037106	1.8836037106	1.8836037106	1.8836037106	1.8836037106	1.8836037106	1.8836037106	1.8836037106	1.8836037106	1.8836037106	1.8836037106	1.8836037106	1.8836037106	1.8836037106	1.8836037106	1.8836037106	1.8836037106	1.8836037106	1.8836037106	1.8836037106	1.8836037106	1.8836037106	1.8836037106	1.8836037106	1.8836037106	1.8836037106	1.8836037106	1.8836037106	1.8836037106	1.8836037106	1.8836037106	1.8836037106	1.8836037106	1.8836037106	1.8836037106	1.8836037106	1.8836037106	1.8836037106	1.8836037106	1.8836037106	1.8836037106	1.8836037106	1.8836037106	1.8836037106	1.8836037106	1.8836037106	1.8836037106	1.8836037106	1.8836037106	1.8836037106	1.8836037106	1.8836037106	1.8836037106	1.8836037106	1.8836037106	1.8836037106	1.8836037106	1.8836037106	1.8836037106	1.8836037106	1.8836037106	1.8836037106	1.8836037106	1.8836037106	1.8836037106	1.8836037106	1.8836037106	1.8836037106	2.1737883311	2.1756412120	2.1774769444	2.1792959117	2.1811017432	2.1828945110	2.1846707196	2.1864291539	2.1881689508	2.1898887254	2.1915926198	2.1932766319	2.1949373874	2.1965740447	2.1981887664	2.1997796996	2.2013456388	2.2028860962	2.2043981734	2.2058810522	2.2073339188	2.2087625353	2.2101601959	2.2115253600	2.2128572573	2.2141549743	2.2154197443	2.2166491478	2.2178420335	2.2190013040	2.2201223955	2.2212045769	2.2222471294	2.2232493474	2.2242105392	2.2251315204	2.2260120804	2.2268494599	2.2276430265	2.2283923535	2.2290972520	2.2297564959	2.2303695252	2.2309357996	2.2314547989	2.2319262214	2.2323495648	2.2327241551	2.2330495571	2.2333253579	2.2335511680	2.2337266214	2.2338513764	2.2339251155	2.2339475459	2.2339183995	2.2338374331	2.2337044289	2.2335191942	2.2332815623	2.2329913921	2.2326485685	2.2322530027	2.2318046325	2.2313037714	2.2307501976	2.2301438362	2.2294847293	2.2287729450	2.2280088161	2.2271928937	2.2263247099	2.2254044346	2.2244334995	2.2234136475	2.2223425642	2.2212205168	2.2200477965	2.2188247175	2.2175525095	2.2162340182	2.2148664042	2.2134518642	2.2119900605	2.2104805648	2.2089239423	2.2073214011	2.2056801882	2.2039934102	2.2022615988	2.2004856872	2.1986698329	2.1968120631	2.1949163102	2.1929787041	2.1909998959	2.1889873751	2.1869380467	2.1848515886	2.1827281398	2.1805686947	2.1783802125	2.1761558900	2.1738939892	1.8836037106	1.8836037106	1.8836037106	1.8836037106	1.8836037106	1.8836037106	1.8836037106	1.8836037106	1.8836037106	1.8836037106	1.8836037106	1.8836037106	1.8836037106	1.8836037106	1.8836037106	1.8836037106	1.8836037106	1.8836037106	1.8836037106	1.8836037106	1.8836037106	1.8836037106	1.8836037106	1.8836037106	1.8836037106	1.8836037106	1.8836037106	1.8836037106	1.8836037106	1.8836037106	1.8836037106	1.8836037106	1.8836037106	1.8836037106	1.8836037106	1.8836037106	1.8836037106	1.8836037106	1.8836037106	1.8836037106	1.8836037106	1.8836037106	1.8836037106	1.8836037106	1.8836037106	1.8836037106	1.8836037106	1.8836037106	1.8836037106	1.8836037106	1.8836037106	1.8836037106	1.8836037106	1.8836037106	1.8836037106	1.8836037106	1.8836037106	1.8836037106	1.8836037106	1.8836037106	1.8836037106	1.8836037106	1.8836037106	1.8836037106	1.8836037106	1.8836037106	1.8836037106	1.8836037106	1.8836037106	1.8836037106	1.8836037106	1.8836037106	1.8836037106	1.8836037106	1.8836037106	1.8836037106	1.8836037106
1.8836037106	1.8836037106	1.8836037106	1.8836037106	1.8836037106	1.8836037106	1.8836037106	1.8836037106	1.8836037106	1.8836037106	1.8836037106	1.8836037106	1.8836037106	1.8836037106	1.8836037106	1.8836037106	1.8836037106	1.8836037106	1.8836037106	1.8836037106	1.8836037106	1.8836037106	1.8836037106	1.8836037106	1.8836037106	1.8836037106	1.8836037106	1.8836037106	1.8836037106	1.8836037106	1.8836037106	1.8836037106	1.8836037106	1.8836037106	1.8836037106	1.8836037106	1.8836037106	1.8836037106	1.8836037106	1.8836037106	1.8836037106	1.8836037106	1.8836037106	1.8836037106	1.8836037106	1.8836037106	1.8836037106	1.8836037106	1.8836037106	1.8836037106	1.8836037106	1.8836037106	1.8836037106	1.8836037106	1.8836037106	1.8836037106	1.8836037106	1.8836037106	1.8836037106	1.8836037106	1.8836037106	1.8836037106	1.8836037106	1.8836037106	1.8836037106	1.8836037106	1.8836037106	1.8836037106	1.8836037106	1.8836037106	1.8836037106	1.8836037106	1.8836037106	1.8836037106	1.8836037106	2.1735838592	2.1754992615	2.1773987250	2.1792827974	2.1811554402	2.1830165856	2.1848629471	2.1866928528	2.1885059023	2.1903001426	2.1920822636	2.1938439768	2.1955838541	2.1973012663	2.1990002234	2.2006747917	2.2023279424	2.2039548845	2.2055547750	2.2071267734	2.2086761655	2.2101977515	2.2116889059	2.2131487914	2.2145768464	2.2159741887	2.2173376215	2.2186690556	2.2199664514	2.2212274289	2.2224512069	2.2236370154	2.2247842327	2.2258961786	2.2269677586	2.2279982494	2.2289877939	2.2299350495	2.2308390859	2.2316992397	2.2325155806	2.2332867253	2.2340120612	2.2346909960	2.2353235150	2.2359102632	2.2364487640	2.2369385046	2.2373789941	2.2377697635	2.2381103666	2.2384003802	2.2386394049	2.2388270655	2.2389630118	2.2390469184	2.2390784854	2.2390574381	2.2389835276	2.2388565307	2.2386762504	2.2384425161	2.2381551836	2.2378141353	2.2374192809	2.2369705572	2.2364679279	2.2359113837	2.2353009422	2.2346387967	2.2339235490	2.2331548274	2.2323327549	2.2314576946	2.2305302091	2.2295499438	2.2285171246	2.2274328841	2.2262970025	2.2251094518	2.2238739851	2.2225891254	2.2212538344	2.2198685030	2.2184335435	2.2169522281	2.2154242864	2.2138492623	2.2122287367	2.2105612598	2.2088475166	2.2070899488	2.2052942622	2.2034540229	2.2015698249	2.1996446804	2.1976791324	2.1956764830	2.1936340707	2.1915511842	2.1894332330	2.1872818140	2.1850940674	2.1828702592	2.1806117245	2.1783253197	2.1760041218	2.1736460834	1.8836037106	1.8836037106	1.8836037106	1.8836037106	1.8836037106	1.8836037106	1.8836037106	1.8836037106	1.8836037106	1.8836037106	1.8836037106	1.8836037106	1.8836037106	1.8836037106	1.8836037106	1.8836037106	1.8836037106	1.8836037106	1.8836037106	1.8836037106	1.8836037106	1.8836037106	1.8836037106	1.8836037106	1.8836037106	1.8836037106	1.8836037106	1.8836037106	1.8836037106	1.8836037106	1.8836037106	1.8836037106	1.8836037106	1.8836037106	1.8836037106	1.8836037106	1.8836037106	1.8836037106	1.8836037106	1.8836037106	1.8836037106	1.8836037106	1.8836037106	1.8836037106	1.8836037106	1.8836037106	1.8836037106	1.8836037106	1.8836037106	1.8836037106	1.8836037106	1.8836037106	1.8836037106	1.8836037106	1.8836037106	1.8836037106	1.8836037106	1.8836037106	1.8836037106	1.8836037106	1.8836037106	1.8836037106	1.8836037106	1.8836037106	1.8836037106	1.8836037106	1.8836037106	1.8836037106	1.8836037106	1.8836037106	1.8836037106	1.8836037106	1.8836037106	1.8836037106	1.8836037106
1.8836037106	1.8836037106	1.8836037106	1.8836037106	1.8836037106	1.8836037106	1.8836037106	1.8836037106	1.8836037106	1.8836037106	1.8836037106	1.8836037106	1.8836037106	1.8836037106	1.8836037106	1.8836037106	1.8836037106	1.8836037106	1.8836037106	1.8836037106	1.8836037106	1.8836037106	1.8836037106	1.8836037106	1.8836037106	1.8836037106	1.8836037106	1.8836037106	1.8836037106	1.8836037106	1.8836037106	1.8836037106	1.8836037106	1.8836037106	1.8836037106	1.8836037106	1.8836037106	1.8836037106	1.8836037106	1.8836037106	1.8836037106	1.8836037106	1.8836037106	1.8836037106	1.8836037106	1.8836037106	1.8836037106	1.8836037106	1.8836037106	1.8836037106	1.8836037106	1.8836037106	1.8836037106	1.8836037106	1.8836037106	1.8836037106	1.8836037106	1.8836037106	1.8836037106	1.8836037106	1.8836037106	1.8836037106	1.8836037106	1.8836037106	1.8836037106	1.8836037106	1.8836037106	1.8836037106	1.8836037106	1.8836037106	1.8836037106	1.8836037106	1.8836037106	2.1732069038	2.1751814851	2.1771424050	2.1790892026	2.1810254346	2.1829525502	2.1848664303	2.1867654829	2.1886493309	2.1905162721	2.1923730418	2.1942103301	2.1960272625	2.1978248337	2.1996040215	2.2013619127	2.2030983746	2.2048100473	2.2064960698	2.2081590261	2.2097996660	2.2114120075	2.2129952935	2.2145488126	2.2160740047	2.2175673404	2.2190318647	2.2204635887	2.2218608350	2.2232227788	2.2245486037	2.2258417679	2.2270978470	2.2283153688	2.2294946643	2.2306337126	2.2317317878	2.2327890266	2.2338037644	2.2347752910	2.2357049726	2.2365915038	2.2374326117	2.2382276511	2.2389759951	2.2396770369	2.2403301895	2.2409348869	2.2414905837	2.2419967565	2.2424536705	2.2428604191	2.2432160688	2.2435201862	2.2437723623	2.2439722131	2.2441193800	2.2442135299	2.2442543561	2.2442415774	2.2441749392	2.2440542134	2.2438791986	2.2436497205	2.2433656318	2.2430268127	2.2426331713	2.2421846433	2.2416825257	2.2411256613	2.2405140333	2.2398476876	2.2391266972	2.2383511624	2.2375212101	2.2366369942	2.2356986950	2.2347083935	2.2336666962	2.2325718253	2.2314243077	2.2302250196	2.2289735277	2.2276708040	2.2263175053	2.2249131976	2.2234633441	2.2219641888	2.2204155574	2.2188179371	2.2171739548	2.2154853696	2.2137507450	2.2119716557	2.2101466673	2.2082764209	2.2063672266	2.2044181239	2.2024256972	2.2003912099	2.1983190824	2.1962089405	2.1940618272	2.1918750724	2.1896530792	2.1874000643	2.1851116606	2.1827884068	2.1804314432	2.1780487810	2.1756313539	2.1731790868	1.8836037106	1.8836037106	1.8836037106	1.8836037106	1.8836037106	1.8836037106	1.8836037106	1.8836037106	1.8836037106	1.8836037106	1.8836037106	1.8836037106	1.8836037106	1.8836037106	1.8836037106	1.8836037106	1.8836037106	1.8836037106	1.8836037106	1.8836037106	1.8836037106	1.8836037106	1.8836037106	1.8836037106	1.8836037106	1.8836037106	1.8836037106	1.8836037106	1.8836037106	1.8836037106	1.8836037106	1.8836037106	1.8836037106	1.8836037106	1.8836037106	1.8836037106	1.8836037106	1.8836037106	1.8836037106	1.8836037106	1.8836037106	1.8836037106	1.8836037106	1.8836037106	1.8836037106	1.8836037106	1.8836037106	1.8836037106	1.8836037106	1.8836037106	1.8836037106	1.8836037106	1.8836037106	1.8836037106	1.8836037106	1.8836037106	1.8836037106	1.8836037106	1.8836037106	1.8836037106	1.8836037106	1.8836037106	1.8836037106	1.8836037106	1.8836037106	1.8836037106	1.8836037106	1.8836037106	1.8836037106	1.8836037106	1.8836037106	1.8836037106	1.8836037106
1.8836037106	1.8836037106	1.8836037106	1.8836037106	1.8836037106	1.8836037106	1.8836037106	1.8836037106	1.8836037106	1.8836037106	1.8836037106	1.8836037106	1.8836037106	1.8836037106	1.8836037106	1.8836037106	1.8836037106	1.8836037106	1.8836037106	1.8836037106	1.8836037106	1.8836037106	1.8836037106	1.8836037106	1.8836037106	1.8836037106	1.8836037106	1.8836037106	1.8836037106	1.8836037106	1.8836037106	1.8836037106	1.8836037106	1.8836037106	1.8836037106	1.8836037106	1.8836037106	1.8836037106	1.8836037106	1.8836037106	1.8836037106	1.8836037106	1.8836037106	1.8836037106	1.8836037106	1.8836037106	1.8836037106	1.8836037106	1.8836037106	1.8836037106	1.8836037106	1.8836037106	1.8836037106	1.8836037106	1.8836037106	1.8836037106	1.8836037106	1.8836037106	1.8836037106	1.8836037106	1.8836037106	1.8836037106	1.8836037106	1.8836037106	1.8836037106	1.8836037106	1.8836037106	1.8836037106	1.8836037106	1.8836037106	1.8836037106	2.1726600163	2.1746907673	2.1767108262	2.1787179086	2.1807144165	2.1827049599	2.1846835786	2.1866493004	2.1886013435	2.1905382473	2.1924667590	2.1943773302	2.1962690787	2.1981439869	2.2000012729	2.2018399139	2.2036576714	2.2054521242	2.2072223955	2.2089752802	2.2107035063	2.2124050144	2.2140787182	2.2157263064	2.2173448202	2.2189363830	2.2204980085	2.2220272621	2.2235232810	2.2249861339	2.2264187132	2.2278153702	2.2291763308	2.2305001192	2.2317855374	2.2330327271	2.2342398361	2.2354069684	2.2365360317	2.2376225404	2.2386657510	2.2396649357	2.2406193828	2.2415283973	2.2423919007	2.2432102609	2.2439810828	2.2447037449	2.2453776461	2.2460028338	2.2465786001	2.2471038345	2.2475780226	2.2480006732	2.2483713188	2.2486895161	2.2489548467	2.2491669175	2.2493253618	2.2494298391	2.2494800356	2.2494756640	2.2494164640	2.2493022026	2.2491326742	2.2489077005	2.2486271316	2.2482908453	2.2478987480	2.2474507748	2.2469468892	2.2463870830	2.2457713761	2.2451009215	2.2443749801	2.2435934722	2.2427565291	2.2418651445	2.2409204088	2.2399209444	2.2388669908	2.2377588139	2.2365967053	2.2353809822	2.2341162038	2.2327995120	2.2314307504	2.2300111050	2.2285400457	2.2270193731	2.2254486338	2.2238315715	2.2221680358	2.2204558359	2.2186955307	2.2168907351	2.2150419603	2.2131493965	2.2112126585	2.2092313803	2.2072074849	2.2051493297	2.2030485945	2.2009059733	2.1987267783	2.1965101094	2.1942586385	2.1919684609	2.1896440635	2.1872900995	2.1849019893	2.1824804289	2.1800269402	2.1775488277	2.1750359782	2.1724915007	1.8836037106	1.8836037106	1.8836037106	1.8836037106	1.8836037106	1.8836037106	1.8836037106	1.8836037106	1.8836037106	1.8836037106	1.8836037106	1.8836037106	1.8836037106	1.8836037106	1.8836037106	1.8836037106	1.8836037106	1.8836037106	1.8836037106	1.8836037106	1.8836037106	1.8836037106	1.8836037106	1.8836037106	1.8836037106	1.8836037106	1.8836037106	1.8836037106	1.8836037106	1.8836037106	1.8836037106	1.8836037106	1.8836037106	1.8836037106	1.8836037106	1.8836037106	1.8836037106	1.8836037106	1.8836037106	1.8836037106	1.8836037106	1.8836037106	1.8836037106	1.8836037106	1.8836037106	1.8836037106	1.8836037106	1.8836037106	1.8836037106	1.8836037106	1.8836037106	1.8836037106	1.8836037106	1.8836037106	1.8836037106	1.8836037106	1.8836037106	1.8836037106	1.8836037106	1.8836037106	1.8836037106	1.8836037106	1.8836037106	1.8836037106	1.8836037106	1.8836037106	1.8836037106	1.8836037106	1.8836037106	1.8836037106	1.8836037106
1.8836037106	1.8836037106	1.8836037106	1.8836037106	1.8836037106	1.8836037106	1.8836037106	1.8836037106	1.8836037106	1.8836037106	1.8836037106	1.8836037106	1.8836037106	1.8836037106	1.8836037106	1.8836037106	1.8836037106	1.8836037106	1.8836037106	1.8836037106	1.8836037106	1.8836037106	1.8836037106	1.8836037106	1.8836037106	1.8836037106	1.8836037106	1.8836037106	1.8836037106	1.8836037106	1.8836037106	1.8836037106	1.8836037106	1.8836037106	1.8836037106	1.8836037106	1.8836037106	1.8836037106	1.8836037106	1.8836037106	1.8836037106	1.8836037106	1.8836037106	1.8836037106	1.8836037106	1.8836037106	1.8836037106	1.8836037106	1.8836037106	1.8836037106	1.8836037106	1.8836037106	1.8836037106	1.8836037106	1.8836037106	1.8836037106	1.8836037106	1.8836037106	1.8836037106	1.8836037106	1.8836037106	1.8836037106	1.8836037106	1.8836037106	1.8836037106	1.8836037106	1.8836037106	1.8836037106	1.8836037106	1.8836037106	2.1740303467	2.1761072101	2.1781720581	2.1802256024	2.1822767567	2.1843172093	2.1863469829	2.1883644733	2.1903681379	2.1923656546	2.1943470593	2.1963112217	2.1982604814	2.2001935580	2.2021101988	2.2040070509	2.2058821429	2.2077358372	2.2095742593	2.2113881898	2.2131768716	2.2149402694	2.2166786730	2.2183906700	2.2200771750	2.2217335642	2.2233589426	2.2249532160	2.2265200212	2.2280530270	2.2295528378	2.2310172527	2.2324458739	2.2338377616	2.2351915059	2.2365113989	2.2377912952	2.2390303798	2.2402278512	2.2413829211	2.2424956969	2.2435665688	2.2445926419	2.2455731877	2.2465090926	2.2473981723	2.2482395534	2.2490325791	2.2497766135	2.2504710417	2.2511152704	2.2517087287	2.2522508679	2.2527413540	2.2531812402	2.2535680694	2.2539013870	2.2541807639	2.2544057970	2.2545761101	2.2546913543	2.2547512078	2.2547553762	2.2547035929	2.2545956191	2.2544312443	2.2542102862	2.2539325912	2.2535980346	2.2532065210	2.2527579843	2.2522543501	2.2516941641	2.2510771833	2.2504034572	2.2496730644	2.2488861117	2.2480427340	2.2471430947	2.2461873849	2.2451767830	2.2441116645	2.2429913218	2.2418170215	2.2405904999	2.2393098796	2.2379755362	2.2365878702	2.2351474434	2.2336603133	2.2321214099	2.2305322537	2.2288927448	2.2272041850	2.2254667947	2.2236845742	2.2218569361	2.2199816883	2.2180594581	2.2160965006	2.2140893196	2.2120406884	2.2099481303	2.2078123701	2.2056435763	2.2034347035	2.2011848357	2.1988989100	2.1965769317	2.1942216866	2.1918287708	2.1894038556	2.1869498959	2.1844631858	2.1819446780	2.1793974844	2.1768242168	2.1742168759	1.8836037106	1.8836037106	1.8836037106	1.8836037106	1.8836037106	1.8836037106	1.8836037106	1.8836037106	1.8836037106	1.8836037106	1.8836037106	1.8836037106	1.8836037106	1.8836037106	1.8836037106	1.8836037106	1.8836037106	1.8836037106	1.8836037106	1.8836037106	1.8836037106	1.8836037106	1.8836037106	1.8836037106	1.8836037106	1.8836037106	1.8836037106	1.8836037106	1.8836037106	1.8836037106	1.8836037106	1.8836037106	1.8836037106	1.8836037106	1.8836037106	1.8836037106	1.8836037106	1.8836037106	1.8836037106	1.8836037106	1.8836037106	1.8836037106	1.8836037106	1.8836037106	1.8836037106	1.8836037106	1.8836037106	1.8836037106	1.8836037106	1.8836037106	1.8836037106	1.8836037106	1.8836037106	1.8836037106	1.8836037106	1.8836037106	1.8836037106	1.8836037106	1.8836037106	1.8836037106	1.8836037106	1.8836037106	1.8836037106	1.8836037106	1.8836037106	1.8836037106	1.8836037106	1.8836037106	1.8836037106	1.8836037106
1.8836037106	1.8836037106	1.8836037106	1.8836037106	1.8836037106	1.8836037106	1.8836037106	1.8836037106	1.8836037106	1.8836037106	1.8836037106	1.8836037106	1.8836037106	1.8836037106	1.8836037106	1.8836037106	1.8836037106	1.8836037106	1.8836037106	1.8836037106	1.8836037106	1.8836037106	1.8836037106	1.8836037106	1.8836037106	1.8836037106	1.8836037106	1.8836037106	1.8836037106	1.8836037106	1.8836037106	1.8836037106	1.8836037106	1.8836037106	1.8836037106	1.8836037106	1.8836037106	1.8836037106	1.8836037106	1.8836037106	1.8836037106	1.8836037106	1.8836037106	1.8836037106	1.8836037106	1.8836037106	1.8836037106	1.8836037106	1.8836037106	1.8836037106	1.8836037106	1.8836037106	1.8836037106	1.8836037106	1.8836037106	1.8836037106	1.8836037106	1.8836037106	1.8836037106	1.8836037106	1.8836037106	1.8836037106	1.8836037106	1.8836037106	1.8836037106	1.8836037106	1.8836037106	1.8836037106	2.1732048126	2.1753350431	2.1774551599	2.1795650513	2.1816712796	2.1837705359	2.1858616092	2.1879416649	2.1900099854	2.1920723999	2.1941220372	2.1961560550	2.1981765260	2.2001829182	2.2021746408	2.2041482086	2.2061016156	2.2080367727	2.2099571002	2.2118545835	2.2137283134	2.2155795367	2.2174062239	2.2192106605	2.2209887390	2.2227381711	2.2244580377	2.2261529022	2.2278173895	2.2294508151	2.2310513197	2.2326183554	2.2341507611	2.2356489158	2.2371140330	2.2385411571	2.2399294222	2.2412779731	2.2425870953	2.2438571508	2.2450848831	2.2462706261	2.2474134988	2.2485115873	2.2495641294	2.2505703799	2.2515296111	2.2524411135	2.2533068784	2.2541244726	2.2548921076	2.2556091528	2.2562750019	2.2568890924	2.2574508340	2.2579596880	2.2584151398	2.2588166998	2.2591639039	2.2594563137	2.2596935179	2.2598753405	2.2600012201	2.2600707305	2.2600835711	2.2600394694	2.2599381813	2.2597794920	2.2595635309	2.2592899701	2.2589586353	2.2585694296	2.2581222862	2.2576171684	2.2570540690	2.2564330106	2.2557540662	2.2550173078	2.2542228366	2.2533707921	2.2524623847	2.2514999845	2.2504808536	2.2494052454	2.2482734410	2.2470857486	2.2458425031	2.2445462367	2.2431955899	2.2417916904	2.2403368688	2.2388288006	2.2372679687	2.2356548791	2.2339947580	2.2322855234	2.2305269145	2.2287190453	2.2268635268	2.2249600762	2.2230155789	2.2210249111	2.2189879247	2.2169082915	2.2147876281	2.2126263013	2.2104226034	2.2081766817	2.2058973290	2.2035807421	2.2012241547	2.1988326987	2.1964068806	2.1939486857	2.1914539558	2.1889306560	2.1863782696	2.1837939233	2.1811800501	2.1785413999	2.1758740894	2.1731745098	1.8836037106	1.8836037106	1.8836037106	1.8836037106	1.8836037106	1.8836037106	1.8836037106	1.8836037106	1.8836037106	1.8836037106	1.8836037106	1.8836037106	1.8836037106	1.8836037106	1.8836037106	1.8836037106	1.8836037106	1.8836037106	1.8836037106	1.8836037106	1.8836037106	1.8836037106	1.8836037106	1.8836037106	1.8836037106	1.8836037106	1.8836037106	1.8836037106	1.8836037106	1.8836037106	1.8836037106	1.8836037106	1.8836037106	1.8836037106	1.8836037106	1.8836037106	1.8836037106	1.8836037106	1.8836037106	1.8836037106	1.8836037106	1.8836037106	1.8836037106	1.8836037106	1.8836037106	1.8836037106	1.8836037106	1.8836037106	1.8836037106	1.8836037106	1.8836037106	1.8836037106	1.8836037106	1.8836037106	1.8836037106	1.8836037106	1.8836037106	1.8836037106	1.8836037106	1.8836037106	1.8836037106	1.8836037106	1.8836037106	1.8836037106	1.8836037106	1.8836037106	1.8836037106	1.8836037106
1.8836037106	1.8836037106	1.8836037106	1.8836037106	1.8836037106	1.8836037106	1.8836037106	1.8836037106	1.8836037106	1.8836037106	1.8836037106	1.8836037106	1.8836037106	1.8836037106	1.8836037106	1.8836037106	1.8836037106	1.8836037106	1.8836037106	1.8836037106	1.8836037106	1.8836037106	1.8836037106	1.8836037106	1.8836037106	1.8836037106	1.8836037106	1.8836037106	1.8836037106	1.8836037106	1.8836037106	1.8836037106	1.8836037106	1.8836037106	1.8836037106	1.8836037106	1.8836037106	1.8836037106	1.8836037106	1.8836037106	1.8836037106	1.8836037106	1.8836037106	1.8836037106	1.8836037106	1.8836037106	1.8836037106	1.8836037106	1.8836037106	1.8836037106	1.8836037106	1.8836037106	1.8836037106	1.8836037106	1.8836037106	1.8836037106	1.8836037106	1.8836037106	1.8836037106	1.8836037106	1.8836037106	1.8836037106	1.8836037106	1.8836037106	1.8836037106	1.8836037106	1.8836037106	2.1743979060	2.1765709310	2.1787345192	2.1808922380	2.1830480027	2.1851966560	2.1873362645	2.1894664332	2.1915900824	2.1937052097	2.1958063781	2.1978947760	2.1999718498	2.2020355770	2.2040833109	2.2061125333	2.2081256076	2.2101254363	2.2121040916	2.2140605849	2.2159969843	2.2179100622	2.2198038535	2.2216714845	2.2235120147	2.2253267593	2.2271172588	2.2288784550	2.2306098789	2.2323098972	2.2339779750	2.2356139275	2.2372197587	2.2387897872	2.2403231029	2.2418188037	2.2432790070	2.2447006735	2.2460827466	2.2474253775	2.2487258392	2.2499832926	2.2511969128	2.2523658901	2.2534929311	2.2545750214	2.2556099282	2.2565969218	2.2575352836	2.2584242779	2.2592632170	2.2600519394	2.2607900305	2.2614760473	2.2621093908	2.2626894856	2.2632157807	2.2636887930	2.2641070129	2.2644697885	2.2647766705	2.2650272369	2.2652210939	2.2653578762	2.2654372475	2.2654588999	2.2654225549	2.2653279629	2.2651749043	2.2649631889	2.2646926567	2.2643631781	2.2639746542	2.2635270172	2.2630209093	2.2624564234	2.2618329570	2.2611505640	2.2604093285	2.2596096024	2.2587524943	2.2578370724	2.2568635394	2.2558321449	2.2547431635	2.2535968561	2.2523948808	2.2511404499	2.2498299749	2.2484638524	2.2470425046	2.2455665893	2.2440390941	2.2424578938	2.2408271730	2.2391447311	2.2374103535	2.2356246253	2.2337936452	2.2319144874	2.2299875582	2.2280124759	2.2259915148	2.2239266264	2.2218203287	2.2196684946	2.2174730119	2.2152395671	2.2129657140	2.2106512789	2.2082956665	2.2059075992	2.2034839743	2.2010214443	2.1985259107	2.1959979726	2.1934378941	2.1908425155	2.1882232110	2.1855739627	2.1828944541	2.1801862348	2.1774581185	2.1746979028	1.8836037106	1.8836037106	1.8836037106	1.8836037106	1.8836037106	1.8836037106	1.8836037106	1.8836037106	1.8836037106	1.8836037106	1.8836037106	1.8836037106	1.8836037106	1.8836037106	1.8836037106	1.8836037106	1.8836037106	1.8836037106	1.8836037106	1.8836037106	1.8836037106	1.8836037106	1.8836037106	1.8836037106	1.8836037106	1.8836037106	1.8836037106	1.8836037106	1.8836037106	1.8836037106	1.8836037106	1.8836037106	1.8836037106	1.8836037106	1.8836037106	1.8836037106	1.8836037106	1.8836037106	1.8836037106	1.8836037106	1.8836037106	1.8836037106	1.8836037106	1.8836037106	1.8836037106	1.8836037106	1.8836037106	1.8836037106	1.8836037106	1.8836037106	1.8836037106	1.8836037106	1.8836037106	1.8836037106	1.8836037106	1.8836037106	1.8836037106	1.8836037106	1.8836037106	1.8836037106	1.8836037106	1.8836037106	1.8836037106	1.8836037106	1.8836037106	1.8836037106	1.8836037106
1.8836037106	1.8836037106	1.8836037106	1.8836037106	1.8836037106	1.8836037106	1.8836037106	1.8836037106	1.8836037106	1.8836037106	1.8836037106	1.8836037106	1.8836037106	1.8836037106	1.8836037106	1.8836037106	1.8836037106	1.8836037106	1.8836037106	1.8836037106	1.8836037106	1.8836037106	1.8836037106	1.8836037106	1.8836037106	1.8836037106	1.8836037106	1.8836037106	1.8836037106	1.8836037106	1.8836037106	1.8836037106	1.8836037106	1.8836037106	1.8836037106	1.8836037106	1.8836037106	1.8836037106	1.8836037106	1.8836037106	1.8836037106	1.8836037106	1.8836037106	1.8836037106	1.8836037106	1.8836037106	1.8836037106	1.8836037106	1.8836037106	1.8836037106	1.8836037106	1.8836037106	1.8836037106	1.8836037106	1.8836037106	1.8836037106	1.8836037106	1.8836037106	1.8836037106	1.8836037106	1.8836037106	1.8836037106	1.8836037106	1.8836037106	1.8836037106	2.1733003547	2.1755232575	2.1777380079	2.1799450585	2.1821531503	2.1843559723	2.1865524401	2.1887410856	2.1909221935	2.1930999348	2.1952654112	2.1974183191	2.1995632923	2.2016957993	2.2038149888	2.2059173598	2.2080046447	2.2100813918	2.2121386547	2.2141754377	2.2161941724	2.2181919292	2.2201714082	2.2221263597	2.2240558272	2.2259635938	2.2278465702	2.2297027264	2.2315298413	2.2333279654	2.2350948345	2.2368358608	2.2385437907	2.2402173308	2.2418555386	2.2434609835	2.2450299924	2.2465624815	2.2480570031	2.2495114106	2.2509248096	2.2522963171	2.2536291639	2.2549199762	2.2561661320	2.2573668523	2.2585212722	2.2596285915	2.2606896055	2.2617021016	2.2626651296	2.2635787250	2.2644428916	2.2652553480	2.2660154337	2.2667225117	2.2673759687	2.2679752157	2.2685196889	2.2690088494	2.2694421847	2.2698192088	2.2701394629	2.2704026299	2.2706087462	2.2707566989	2.2708461434	2.2708767649	2.2708482782	2.2707604280	2.2706129895	2.2704057685	2.2701393406	2.2698131524	2.2694269795	2.2689807532	2.2684744364	2.2679080232	2.2672815388	2.2665950390	2.2658486108	2.2650423717	2.2641764695	2.2632511673	2.2622690411	2.2612280304	2.2601284032	2.2589717677	2.2577578696	2.2564864293	2.2551578754	2.2537725825	2.2523325894	2.2508417187	2.2492957220	2.2476951081	2.2460404102	2.2443347625	2.2425769681	2.2407707471	2.2389141446	2.2370066992	2.2350495948	2.2330503715	2.2310031473	2.2289092478	2.2267698349	2.2245854879	2.2223636243	2.2200971240	2.2177869013	2.2154410837	2.2130557063	2.2106311995	2.2081666267	2.2056719581	2.2031422235	2.2005749457	2.1979768682	2.1953487775	2.1926881214	2.1899955117	2.1872808051	2.1845364796	2.1817639517	2.1789677896	2.1761475168	2.1732963525	1.8836037106	1.8836037106	1.8836037106	1.8836037106	1.8836037106	1.8836037106	1.8836037106	1.8836037106	1.8836037106	1.8836037106	1.8836037106	1.8836037106	1.8836037106	1.8836037106	1.8836037106	1.8836037106	1.8836037106	1.8836037106	1.8836037106	1.8836037106	1.8836037106	1.8836037106	1.8836037106	1.8836037106	1.8836037106	1.8836037106	1.8836037106	1.8836037106	1.8836037106	1.8836037106	1.8836037106	1.8836037106	1.8836037106	1.8836037106	1.8836037106	1.8836037106	1.8836037106	1.8836037106	1.8836037106	1.8836037106	1.8836037106	1.8836037106	1.8836037106	1.8836037106	1.8836037106	1.8836037106	1.8836037106	1.8836037106	1.8836037106	1.8836037106	1.8836037106	1.8836037106	1.8836037106	1.8836037106	1.8836037106	1.8836037106	1.8836037106	1.8836037106	1.8836037106	1.8836037106	1.8836037106	1.8836037106	1.8836037106	1.8836037106	1.8836037106
1.8836037106	1.8836037106	1.8836037106	1.8836037106	1.8836037106	1.8836037106	1.8836037106	1.8836037106	1.8836037106	1.8836037106	1.8836037106	1.8836037106	1.8836037106	1.8836037106	1.8836037106	1.8836037106	1.8836037106	1.8836037106	1.8836037106	1.8836037106	1.8836037106	1.8836037106	1.8836037106	1.8836037106	1.8836037106	1.8836037106	1.8836037106	1.8836037106	1.8836037106	1.8836037106	1.8836037106	1.8836037106	1.8836037106	1.8836037106	1.8836037106	1.8836037106	1.8836037106	1.8836037106	1.8836037106	1.8836037106	1.8836037106	1.8836037106	1.8836037106	1.8836037106	1.8836037106	1.8836037106	1.8836037106	1.8836037106	1.8836037106	1.8836037106	1.8836037106	1.8836037106	1.8836037106	1.8836037106	1.8836037106	1.8836037106	1.8836037106	1.8836037106	1.8836037106	1.8836037106	1.8836037106	1.8836037106	1.8836037106	1.8836037106	2.1743161478	2.1765797442	2.1788361683	2.1810900928	2.1833441889	2.1855942928	2.1878379202	2.1900742489	2.1923099662	2.1945367814	2.1967521569	2.1989606135	2.2011585394	2.2033463240	2.2055190208	2.2076766618	2.2098275746	2.2119607055	2.2140751233	2.2161731703	2.2182523413	2.2203150101	2.2223548470	2.2243708823	2.2263684647	2.2283418123	2.2302903702	2.2322115378	2.2341051018	2.2359719529	2.2378121389	2.2396204189	2.2413958163	2.2431399913	2.2448513643	2.2465284922	2.2481702968	2.2497742425	2.2513393866	2.2528655336	2.2543568516	2.2558064147	2.2572133626	2.2585767758	2.2598960004	2.2611718293	2.2624014388	2.2635847716	2.2647223926	2.2658112234	2.2668504831	2.2678394103	2.2687772640	2.2696633242	2.2704973130	2.2712802460	2.2720091884	2.2726835121	2.2733026139	2.2738659161	2.2743732369	2.2748236795	2.2752167011	2.2755518311	2.2758286282	2.2760466799	2.2762056044	2.2763050498	2.2763446944	2.2763242471	2.2762434475	2.2761020661	2.2758999048	2.2756367969	2.2753126076	2.2749272345	2.2744806078	2.2739726903	2.2734038991	2.2727739307	2.2720828008	2.2713305993	2.2705174472	2.2696458361	2.2687142913	2.2677225425	2.2666708348	2.2655594441	2.2643886761	2.2631591877	2.2618740175	2.2605307104	2.2591307286	2.2576748790	2.2561623273	2.2545936363	2.2529692640	2.2512959602	2.2495695314	2.2477893760	2.2459561097	2.2440734495	2.2421396979	2.2401602165	2.2381305294	2.2360513497	2.2339283679	2.2317609860	2.2295484335	2.2272907252	2.2249890849	2.2226510597	2.2202703495	2.2178468395	2.2153892651	2.2128936358	2.2103599849	2.2077874403	2.2051885484	2.2025538824	2.1998846155	2.1971845962	2.1944584216	2.1916987318	2.1889136684	2.1861041274	2.1832664035	2.1804024048	2.1775209077	2.1746097680	1.8836037106	1.8836037106	1.8836037106	1.8836037106	1.8836037106	1.8836037106	1.8836037106	1.8836037106	1.8836037106	1.8836037106	1.8836037106	1.8836037106	1.8836037106	1.8836037106	1.8836037106	1.8836037106	1.8836037106	1.8836037106	1.8836037106	1.8836037106	1.8836037106	1.8836037106	1.8836037106	1.8836037106	1.8836037106	1.8836037106	1.8836037106	1.8836037106	1.8836037106	1.8836037106	1.8836037106	1.8836037106	1.8836037106	1.8836037106	1.8836037106	1.8836037106	1.8836037106	1.8836037106	1.8836037106	1.8836037106	1.8836037106	1.8836037106	1.8836037106	1.8836037106	1.8836037106	1.8836037106	1.8836037106	1.8836037106	1.8836037106	1.8836037106	1.8836037106	1.8836037106	1.8836037106	1.8836037106	1.8836037106	1.8836037106	1.8836037106	1.8836037106	1.8836037106	1.8836037106	1.8836037106	1.8836037106	1.8836037106	1.8836037106
1.8836037106	1.8836037106	1.8836037106	1.8836037106	1.8836037106	1.8836037106	1.8836037106	1.8836037106	1.8836037106	1.8836037106	1.8836037106	1.8836037106	1.8836037106	1.8836037106	1.8836037106	1.8836037106	1.8836037106	1.8836037106	1.8836037106	1.8836037106	1.8836037106	1.8836037106	1.8836037106	1.8836037106	1.8836037106	1.8836037106	1.8836037106	1.8836037106	1.8836037106	1.8836037106	1.8836037106	1.8836037106	1.8836037106	1.8836037106	1.8836037106	1.8836037106	1.8836037106	1.8836037106	1.8836037106	1.8836037106	1.8836037106	1.8836037106	1.8836037106	1.8836037106	1.8836037106	1.8836037106	1.8836037106	1.8836037106	1.8836037106	1.8836037106	1.8836037106	1.8836037106	1.8836037106	1.8836037106	1.8836037106	1.8836037106	1.8836037106	1.8836037106	1.8836037106	1.8836037106	1.8836037106	1.8836037106	2.1729555486	2.1752639142	2.1775672849	2.1798651926	2.1821666859	2.1844660007	2.1867615287	2.1890520835	2.1913394361	2.1936245042	2.1958998756	2.1981675937	2.2004279755	2.2026808337	2.2049208883	2.2071467051	2.2093670643	2.2115731597	2.2137623861	2.2159365496	2.2180936940	2.2202368648	2.2223589568	2.2244589899	2.2265429822	2.2286044114	2.2306425677	2.2326554191	2.2346420358	2.2366060980	2.2385430154	2.2404496486	2.2423254145	2.2441735020	2.2459888194	2.2477725936	2.2495209470	2.2512328954	2.2529083879	2.2545518387	2.2561558020	2.2577193885	2.2592415863	2.2607230887	2.2621621254	2.2635576332	2.2649107897	2.2662178136	2.2674778363	2.2686900062	2.2698534892	2.2709694142	2.2720365420	2.2730524270	2.2740163887	2.2749282785	2.2757866708	2.2765908743	2.2773402219	2.2780345044	2.2786727353	2.2792542182	2.2797783887	2.2802447101	2.2806526733	2.2810017978	2.2812924159	2.2815232440	2.2816937867	2.2818036836	2.2818526054	2.2818402538	2.2817663623	2.2816306960	2.2814330522	2.2811732606	2.2808517466	2.2804684530	2.2800228890	2.2795150173	2.2789448330	2.2783123641	2.2776176708	2.2768613233	2.2760431262	2.2751631271	2.2742215147	2.2732190838	2.2721558088	2.2710317276	2.2698488355	2.2686081365	2.2673078567	2.2659483976	2.2645301889	2.2630542811	2.2615239255	2.2599364220	2.2582947565	2.2565974472	2.2548448314	2.2530374763	2.2511827004	2.2492761871	2.2473171146	2.2453068861	2.2432487519	2.2411430991	2.2389909361	2.2367900992	2.2345438942	2.2322571149	2.2299257945	2.2275504711	2.2251326849	2.2226794930	2.2201853036	2.2176500569	2.2150817911	2.2124774502	2.2098358431	2.2071583197	2.2044560931	2.2017179205	2.1989487681	2.1961515042	2.1933265986	2.1904696598	2.1875951489	2.1846931636	2.1817653488	2.1788168364	2.1758460766	2.1728476956	1.8836037106	1.8836037106	1.8836037106	1.8836037106	1.8836037106	1.8836037106	1.8836037106	1.8836037106	1.8836037106	1.8836037106	1.8836037106	1.8836037106	1.8836037106	1.8836037106	1.8836037106	1.8836037106	1.8836037106	1.8836037106	1.8836037106	1.8836037106	1.8836037106	1.8836037106	1.8836037106	1.8836037106	1.8836037106	1.8836037106	1.8836037106	1.8836037106	1.8836037106	1.8836037106	1.8836037106	1.8836037106	1.8836037106	1.8836037106	1.8836037106	1.8836037106	1.8836037106	1.8836037106	1.8836037106	1.8836037106	1.8836037106	1.8836037106	1.8836037106	1.8836037106	1.8836037106	1.8836037106	1.8836037106	1.8836037106	1.8836037106	1.8836037106	1.8836037106	1.8836037106	1.8836037106	1.8836037106	1.8836037106	1.8836037106	1.8836037106	1.8836037106	1.8836037106	1.8836037106	1.8836037106	1.8836037106
1.8836037106	1.8836037106	1.8836037106	1.8836037106	1.8836037106	1.8836037106	1.8836037106	1.8836037106	1.8836037106	1.8836037106	1.8836037106	1.8836037106	1.8836037106	1.8836037106	1.8836037106	1.8836037106	1.8836037106	1.8836037106	1.8836037106	1.8836037106	1.8836037106	1.8836037106	1.8836037106	1.8836037106	1.8836037106	1.8836037106	1.8836037106	1.8836037106	1.8836037106	1.8836037106	1.8836037106	1.8836037106	1.8836037106	1.8836037106	1.8836037106	1.8836037106	1.8836037106	1.8836037106	1.8836037106	1.8836037106	1.8836037106	1.8836037106	1.8836037106	1.8836037106	1.8836037106	1.8836037106	1.8836037106	1.8836037106	1.8836037106	1.8836037106	1.8836037106	1.8836037106	1.8836037106	1.8836037106	1.8836037106	1.8836037106	1.8836037106	1.8836037106	1.8836037106	1.8836037106	1.8836037106	2.1737947380	2.1761429477	2.1784858149	2.1808272958	2.1831730255	2.1855172634	2.1878579002	2.1901939133	2.1925329685	2.1948651630	2.1971885365	2.1995093312	2.2018224543	2.2041267649	2.2064186301	2.2087033956	2.2109793994	2.2132404489	2.2154873733	2.2177192395	2.2199396916	2.2221412217	2.2243224901	2.2264892969	2.2286358960	2.2307610577	2.2328628593	2.2349400709	2.2369980052	2.2390293373	2.2410320872	2.2430075048	2.2449553187	2.2468736971	2.2487606440	2.2506137552	2.2524320157	2.2542211234	2.2559743801	2.2576896745	2.2593659570	2.2610043350	2.2626023088	2.2641605222	2.2656774107	2.2671502688	2.2685781638	2.2699601777	2.2712984159	2.2725901495	2.2738331868	2.2750275783	2.2761716143	2.2772644063	2.2783058006	2.2792945031	2.2802295952	2.2811105744	2.2819388056	2.2827111367	2.2834269101	2.2840854943	2.2846862843	2.2852287025	2.2857121991	2.2861362529	2.2865003719	2.2868040938	2.2870469876	2.2872286536	2.2873487240	2.2874068628	2.2874027659	2.2873361614	2.2872068098	2.2870145046	2.2867590720	2.2864403721	2.2860582988	2.2856127801	2.2851037784	2.2845312895	2.2838953427	2.2831960005	2.2824333587	2.2816075460	2.2807196917	2.2797709598	2.2787598316	2.2776865662	2.2765521723	2.2753564655	2.2740996362	2.2727829980	2.2714062287	2.2699709087	2.2684797709	2.2669299553	2.2653219859	2.2636564134	2.2619372925	2.2601628532	2.2583351420	2.2564532099	2.2545171127	2.2525282292	2.2504947551	2.2484094093	2.2462729409	2.2440891668	2.2418579186	2.2395833418	2.2372610379	2.2348929797	2.2324872401	2.2300379422	2.2275459719	2.2250128269	2.2224463924	2.2198397280	2.2171947536	2.2145169454	2.2118056978	2.2090575797	2.2062794034	2.2034739019	2.2006339177	2.1977671949	2.1948752855	2.1919535725	2.1890081201	2.1860415843	2.1830494230	2.1800340295	2.1770033505	2.1739439970	1.8836037106	1.8836037106	1.8836037106	1.8836037106	1.8836037106	1.8836037106	1.8836037106	1.8836037106	1.8836037106	1.8836037106	1.8836037106	1.8836037106	1.8836037106	1.8836037106	1.8836037106	1.8836037106	1.8836037106	1.8836037106	1.8836037106	1.8836037106	1.8836037106	1.8836037106	1.8836037106	1.8836037106	1.8836037106	1.8836037106	1.8836037106	1.8836037106	1.8836037106	1.8836037106	1.8836037106	1.8836037106	1.8836037106	1.8836037106	1.8836037106	1.8836037106	1.8836037106	1.8836037106	1.8836037106	1.8836037106	1.8836037106	1.8836037106	1.8836037106	1.8836037106	1.8836037106	1.8836037106	1.8836037106	1.8836037106	1.8836037106	1.8836037106	1.8836037106	1.8836037106	1.8836037106	1.8836037106	1.8836037106	1.8836037106	1.8836037106	1.8836037106	1.8836037106	1.8836037106	1.8836037106
1.8836037106	1.8836037106	1.8836037106	1.8836037106	1.8836037106	1.8836037106	1.8836037106	1.8836037106	1.8836037106	1.8836037106	1.8836037106	1.8836037106	1.8836037106	1.8836037106	1.8836037106	1.8836037106	1.8836037106	1.8836037106	1.8836037106	1.8836037106	1.8836037106	1.8836037106	1.8836037106	1.8836037106	1.8836037106	1.8836037106	1.8836037106	1.8836037106	1.8836037106	1.8836037106	1.8836037106	1.8836037106	1.8836037106	1.8836037106	1.8836037106	1.8836037106	1.8836037106	1.8836037106	1.8836037106	1.8836037106	1.8836037106	1.8836037106	1.8836037106	1.8836037106	1.8836037106	1.8836037106	1.8836037106	1.8836037106	1.8836037106	1.8836037106	1.8836037106	1.8836037106	1.8836037106	1.8836037106	1.8836037106	1.8836037106	1.8836037106	1.8836037106	1.8836037106	1.8836037106	2.1745675238	2.1769532197	2.1793352353	2.1817211941	2.1841094045	2.1864971142	2.1888823478	2.1912669187	2.1936526624	2.1960313646	2.1984058222	2.2007755233	2.2031408659	2.2054955779	2.2078405416	2.2101833784	2.2125129960	2.2148291785	2.2171335575	2.2194267097	2.2217046862	2.2239642456	2.2262100932	2.2284387575	2.2306481299	2.2328359426	2.2350010785	2.2371493340	2.2392725387	2.2413689378	2.2434409414	2.2454861666	2.2475048891	2.2494928622	2.2514486770	2.2533742699	2.2552709982	2.2571323377	2.2589572547	2.2607463492	2.2624982004	2.2642128516	2.2658888285	2.2675231033	2.2691146876	2.2706635614	2.2721717194	2.2736341465	2.2750508268	2.2764201078	2.2777410520	2.2790133455	2.2802352958	2.2814071826	2.2825293296	2.2835984698	2.2846138090	2.2855745753	2.2864800203	2.2873294202	2.2881220774	2.2888588205	2.2895374941	2.2901573621	2.2907178337	2.2912183463	2.2916583668	2.2920377975	2.2923558071	2.2926118189	2.2928054235	2.2929362442	2.2930039370	2.2930081905	2.2929487265	2.2928252998	2.2926376993	2.2923857473	2.2920693008	2.2916883439	2.2912432540	2.2907335425	2.2901592060	2.2895202751	2.2888168147	2.2880492009	2.2872188381	2.2863244841	2.2853663384	2.2843446342	2.2832596382	2.2821116500	2.2809014122	2.2796323513	2.2783015754	2.2769099473	2.2754581664	2.2739460748	2.2723754466	2.2707456254	2.2690613895	2.2673205077	2.2655223743	2.2636676308	2.2617608756	2.2597999947	2.2577880099	2.2557225448	2.2536043176	2.2514395935	2.2492278123	2.2469657856	2.2446562930	2.2423007788	2.2399038004	2.2374605179	2.2349722846	2.2324483121	2.2298821167	2.2272747543	2.2246277931	2.2219498483	2.2192319849	2.2164795029	2.2136949497	2.2108775446	2.2080246040	2.2051488302	2.2022418742	2.1993051405	2.1963430400	2.1933565369	2.1903405462	2.1873098278	2.1842540568	2.1811752571	2.1780804465	2.1749624049	1.8836037106	1.8836037106	1.8836037106	1.8836037106	1.8836037106	1.8836037106	1.8836037106	1.8836037106	1.8836037106	1.8836037106	1.8836037106	1.8836037106	1.8836037106	1.8836037106	1.8836037106	1.8836037106	1.8836037106	1.8836037106	1.8836037106	1.8836037106	1.8836037106	1.8836037106	1.8836037106	1.8836037106	1.8836037106	1.8836037106	1.8836037106	1.8836037106	1.8836037106	1.8836037106	1.8836037106	1.8836037106	1.8836037106	1.8836037106	1.8836037106	1.8836037106	1.8836037106	1.8836037106	1.8836037106	1.8836037106	1.8836037106	1.8836037106	1.8836037106	1.8836037106	1.8836037106	1.8836037106	1.8836037106	1.8836037106	1.8836037106	1.8836037106	1.8836037106	1.8836037106	1.8836037106	1.8836037106	1.8836037106	1.8836037106	1.8836037106	1.8836037106	1.8836037106	1.8836037106
1.8836037106	1.8836037106	1.8836037106	1.8836037106	1.8836037106	1.8836037106	1.8836037106	1.8836037106	1.8836037106	1.8836037106	1.8836037106	1.8836037106	1.8836037106	1.8836037106	1.8836037106	1.8836037106	1.8836037106	1.8836037106	1.8836037106	1.8836037106	1.8836037106	1.8836037106	1.8836037106	1.8836037106	1.8836037106	1.8836037106	1.8836037106	1.8836037106	1.8836037106	1.8836037106	1.8836037106	1.8836037106	1.8836037106	1.8836037106	1.8836037106	1.8836037106	1.8836037106	1.8836037106	1.8836037106	1.8836037106	1.8836037106	1.8836037106	1.8836037106	1.8836037106	1.8836037106	1.8836037106	1.8836037106	1.8836037106	1.8836037106	1.8836037106	1.8836037106	1.8836037106	1.8836037106	1.8836037106	1.8836037106	1.8836037106	1.8836037106	1.8836037106	2.1728473969	2.1752718518	2.1776946470	2.1801153488	2.1825448687	2.1849754139	2.1874055312	2.1898342155	2.1922673594	2.1946980409	2.1971225952	2.1995473948	2.2019678013	2.2043820419	2.2067865793	2.2091892782	2.2115841557	2.2139667572	2.2163396347	2.2187016205	2.2210528892	2.2233876262	2.2257085774	2.2280162525	2.2303066187	2.2325773073	2.2348274922	2.2370623164	2.2392746352	2.2414619935	2.2436272932	2.2457675555	2.2478834905	2.2499700959	2.2520263060	2.2540570406	2.2560580779	2.2580254616	2.2599584013	2.2618583241	2.2637224021	2.2655520395	2.2673425098	2.2690927761	2.2708032184	2.2724754048	2.2741043430	2.2756900291	2.2772302933	2.2787251290	2.2801727634	2.2815737031	2.2829278701	2.2842317100	2.2854843292	2.2866848538	2.2878324300	2.2889278767	2.2899693658	2.2909553534	2.2918852623	2.2927592204	2.2935753745	2.2943330367	2.2950315465	2.2956702829	2.2962486387	2.2967660286	2.2972219074	2.2976157604	2.2979471044	2.2982154884	2.2984204945	2.2985617383	2.2986388688	2.2986515685	2.2985995535	2.2984825741	2.2983004147	2.2980528946	2.2977398682	2.2973612254	2.2969168924	2.2964068309	2.2958310380	2.2951895510	2.2944824511	2.2937098230	2.2928718031	2.2919685624	2.2910013785	2.2899698186	2.2888738496	2.2877147921	2.2864936467	2.2852092517	2.2838620106	2.2824523575	2.2809809252	2.2794525525	2.2778634377	2.2762151108	2.2745075189	2.2727419332	2.2709185501	2.2690418447	2.2671101678	2.2651224427	2.2630799231	2.2609877077	2.2588433550	2.2566482910	2.2544013282	2.2521058500	2.2497677833	2.2473804819	2.2449462179	2.2424678339	2.2399490149	2.2373855397	2.2347791140	2.2321379260	2.2294562008	2.2267349850	2.2239776251	2.2211885842	2.2183610661	2.2155035632	2.2126147630	2.2096929321	2.2067408523	2.2037668521	2.2007604945	2.1977297344	2.1946769088	2.1915964272	2.1884969612	2.1853776882	2.1822358044	2.1790761310	2.1758992490	2.1726979549	1.8836037106	1.8836037106	1.8836037106	1.8836037106	1.8836037106	1.8836037106	1.8836037106	1.8836037106	1.8836037106	1.8836037106	1.8836037106	1.8836037106	1.8836037106	1.8836037106	1.8836037106	1.8836037106	1.8836037106	1.8836037106	1.8836037106	1.8836037106	1.8836037106	1.8836037106	1.8836037106	1.8836037106	1.8836037106	1.8836037106	1.8836037106	1.8836037106	1.8836037106	1.8836037106	1.8836037106	1.8836037106	1.8836037106	1.8836037106	1.8836037106	1.8836037106	1.8836037106	1.8836037106	1.8836037106	1.8836037106	1.8836037106	1.8836037106	1.8836037106	1.8836037106	1.8836037106	1.8836037106	1.8836037106	1.8836037106	1.8836037106	1.8836037106	1.8836037106	1.8836037106	1.8836037106	1.8836037106	1.8836037106	1.8836037106	1.8836037106	1.8836037106
1.8836037106	1.8836037106	1.8836037106	1.8836037106	1.8836037106	1.8836037106	1.8836037106	1.8836037106	1.8836037106	1.8836037106	1.8836037106	1.8836037106	1.8836037106	1.8836037106	1.8836037106	1.8836037106	1.8836037106	1.8836037106	1.8836037106	1.8836037106	1.8836037106	1.8836037106	1.8836037106	1.8836037106	1.8836037106	1.8836037106	1.8836037106	1.8836037106	1.8836037106	1.8836037106	1.8836037106	1.8836037106	1.8836037106	1.8836037106	1.8836037106	1.8836037106	1.8836037106	1.8836037106	1.8836037106	1.8836037106	1.8836037106	1.8836037106	1.8836037106	1.8836037106	1.8836037106	1.8836037106	1.8836037106	1.8836037106	1.8836037106	1.8836037106	1.8836037106	1.8836037106	1.8836037106	1.8836037106	1.8836037106	1.8836037106	1.8836037106	2.1734463652	2.1759079580	2.1783672899	2.1808285262	2.1832980837	2.1857701047	2.1882422805	2.1907145658	2.1931937905	2.1956686927	2.1981412530	2.2006126332	2.2030829019	2.2055453986	2.2080017689	2.2104585589	2.2129050020	2.2153417664	2.2177687816	2.2201898458	2.2225964902	2.2249884587	2.2273721801	2.2297398882	2.2320901349	2.2344223002	2.2367397512	2.2390382171	2.2413136304	2.2435687224	2.2458011344	2.2480112087	2.2501938140	2.2523478664	2.2544801293	2.2565830976	2.2586541939	2.2606938336	2.2627011354	2.2646767574	2.2666174416	2.2685206044	2.2703852306	2.2722160552	2.2740061011	2.2757556072	2.2774621366	2.2791259359	2.2807446831	2.2823212830	2.2838515640	2.2853336522	2.2867665811	2.2881494016	2.2894840555	2.2907667016	2.2919967362	2.2931742692	2.2942970408	2.2953642215	2.2963750372	2.2973286695	2.2982243616	2.2990618642	2.2998421335	2.3005621537	2.3012212770	2.3018188847	2.3023543881	2.3028272288	2.3032368799	2.3035828462	2.3038646660	2.3040819113	2.3042341885	2.3043211383	2.3043424357	2.3042977904	2.3041869467	2.3040096844	2.3037658186	2.3034552006	2.3030777183	2.3026332964	2.3021218966	2.3015435166	2.3008981900	2.3001859862	2.2994070103	2.2985626026	2.2976536022	2.2966785801	2.2956377823	2.2945315177	2.2933600870	2.2921238288	2.2908244500	2.2894616598	2.2880356825	2.2865496496	2.2850012437	2.2833910013	2.2817194884	2.2799905007	2.2782037315	2.2763586094	2.2744555499	2.2724958537	2.2704795621	2.2684133175	2.2662920960	2.2641163223	2.2618904029	2.2596140782	2.2572894961	2.2549139854	2.2524893377	2.2500254511	2.2475134702	2.2449556962	2.2423552877	2.2397163522	2.2370337663	2.2343114319	2.2315544620	2.2287587309	2.2259254811	2.2230603887	2.2201619639	2.2172285413	2.2142670352	2.2112762524	2.2082520968	2.2052070813	2.2021343099	2.1990346923	2.1959131122	2.1927686369	2.1896006051	2.1864180690	2.1832133557	2.1799892762	2.1767535910	2.1734919305	1.8836037106	1.8836037106	1.8836037106	1.8836037106	1.8836037106	1.8836037106	1.8836037106	1.8836037106	1.8836037106	1.8836037106	1.8836037106	1.8836037106	1.8836037106	1.8836037106	1.8836037106	1.8836037106	1.8836037106	1.8836037106	1.8836037106	1.8836037106	1.8836037106	1.8836037106	1.8836037106	1.8836037106	1.8836037106	1.8836037106	1.8836037106	1.8836037106	1.8836037106	1.8836037106	1.8836037106	1.8836037106	1.8836037106	1.8836037106	1.8836037106	1.8836037106	1.8836037106	1.8836037106	1.8836037106	1.8836037106	1.8836037106	1.8836037106	1.8836037106	1.8836037106	1.8836037106	1.8836037106	1.8836037106	1.8836037106	1.8836037106	1.8836037106	1.8836037106	1.8836037106	1.8836037106	1.8836037106	1.8836037106	1.8836037106	1.8836037106
1.8836037106	1.8836037106	1.8836037106	1.8836037106	1.8836037106	1.8836037106	1.8836037106	1.8836037106	1.8836037106	1.8836037106	1.8836037106	1.8836037106	1.8836037106	1.8836037106	1.8836037106	1.8836037106	1.8836037106	1.8836037106	1.8836037106	1.8836037106	1.8836037106	1.8836037106	1.8836037106	1.8836037106	1.8836037106	1.8836037106	1.8836037106	1.8836037106	1.8836037106	1.8836037106	1.8836037106	1.8836037106	1.8836037106	1.8836037106	1.8836037106	1.8836037106	1.8836037106	1.8836037106	1.8836037106	1.8836037106	1.8836037106	1.8836037106	1.8836037106	1.8836037106	1.8836037106	1.8836037106	1.8836037106	1.8836037106	1.8836037106	1.8836037106	1.8836037106	1.8836037106	1.8836037106	1.8836037106	1.8836037106	1.8836037106	2.1739796314	2.1764759155	2.1789711797	2.1814725537	2.1839811683	2.1864932652	2.1890066223	2.1915241522	2.1940459022	2.1965642720	2.1990842010	2.2016033999	2.2041203506	2.2066304168	2.2091412239	2.2116478836	2.2141451319	2.2166360896	2.2191200287	2.2215951658	2.2240566445	2.2265103353	2.2289518127	2.2313784147	2.2337890283	2.2361849902	2.2385664411	2.2409268021	2.2432679795	2.2455892427	2.2478903571	2.2501661001	2.2524152063	2.2546451491	2.2568474011	2.2590196433	2.2611630647	2.2632753612	2.2653595388	2.2674090750	2.2694228395	2.2714030741	2.2733482719	2.2752553651	2.2771226087	2.2789495943	2.2807343491	2.2824799434	2.2841817019	2.2858376576	2.2874467794	2.2890098817	2.2905256257	2.2919917607	2.2934086544	2.2947736027	2.2960856979	2.2973440185	2.2985476530	2.2996983493	2.3007937021	2.3018316348	2.3028113462	2.3037320610	2.3045930312	2.3053935378	2.3061329219	2.3068113438	2.3074272376	2.3079800013	2.3084690645	2.3088938885	2.3092539675	2.3095488294	2.3097781656	2.3099416174	2.3100385231	2.3100685500	2.3100314012	2.3099268152	2.3097545669	2.3095148242	2.3092072888	2.3088317614	2.3083881658	2.3078764632	2.3072966521	2.3066487674	2.3059331103	2.3051503527	2.3042999344	2.3033820357	2.3023968736	2.3013447011	2.3002258076	2.2990405174	2.2977929821	2.2964804309	2.2951028867	2.2936608398	2.2921547394	2.2905867694	2.2889564787	2.2872658763	2.2855154216	2.2837040378	2.2818323898	2.2799046327	2.2779206318	2.2758799339	2.2737825651	2.2716305015	2.2694260006	2.2671710970	2.2648625560	2.2625032590	2.2600962739	2.2576419791	2.2551384538	2.2525865560	2.2499976289	2.2473618747	2.2446821641	2.2419614521	2.2392038557	2.2364035357	2.2335678717	2.2306973348	2.2277893900	2.2248457172	2.2218758279	2.2188699924	2.2158352998	2.2127728882	2.2096803681	2.2065608793	2.2034217457	2.2002535682	2.1970636335	2.1938553357	2.1906203071	2.1873741846	2.1841073408	2.1808212482	2.1775244159	2.1742053265	1.8836037106	1.8836037106	1.8836037106	1.8836037106	1.8836037106	1.8836037106	1.8836037106	1.8836037106	1.8836037106	1.8836037106	1.8836037106	1.8836037106	1.8836037106	1.8836037106	1.8836037106	1.8836037106	1.8836037106	1.8836037106	1.8836037106	1.8836037106	1.8836037106	1.8836037106	1.8836037106	1.8836037106	1.8836037106	1.8836037106	1.8836037106	1.8836037106	1.8836037106	1.8836037106	1.8836037106	1.8836037106	1.8836037106	1.8836037106	1.8836037106	1.8836037106	1.8836037106	1.8836037106	1.8836037106	1.8836037106	1.8836037106	1.8836037106	1.8836037106	1.8836037106	1.8836037106	1.8836037106	1.8836037106	1.8836037106	1.8836037106	1.8836037106	1.8836037106	1.8836037106	1.8836037106	1.8836037106	1.8836037106	1.8836037106
1.8836037106	1.8836037106	1.8836037106	1.8836037106	1.8836037106	1.8836037106	1.8836037106	1.8836037106	1.8836037106	1.8836037106	1.8836037106	1.8836037106	1.8836037106	1.8836037106	1.8836037106	1.8836037106	1.8836037106	1.8836037106	1.8836037106	1.8836037106	1.8836037106	1.8836037106	1.8836037106	1.8836037106	1.8836037106	1.8836037106	1.8836037106	1.8836037106	1.8836037106	1.8836037106	1.8836037106	1.8836037106	1.8836037106	1.8836037106	1.8836037106	1.8836037106	1.8836037106	1.8836037106	1.8836037106	1.8836037106	1.8836037106	1.8836037106	1.8836037106	1.8836037106	1.8836037106	1.8836037106	1.8836037106	1.8836037106	1.8836037106	1.8836037106	1.8836037106	1.8836037106	1.8836037106	1.8836037106	1.8836037106	2.1744456203	2.1769757551	2.1795062976	2.1820467230	2.1845939378	2.1871448665	2.1896983819	2.1922599802	2.1948234478	2.1973849817	2.1999507815	2.2025169318	2.2050797380	2.2076373850	2.2102007585	2.2127566533	2.2153057426	2.2178483487	2.2203884321	2.2229168329	2.2254352312	2.2279470656	2.2304466084	2.2329317197	2.2354019187	2.2378630106	2.2403050229	2.2427283912	2.2451355464	2.2475238493	2.2498896468	2.2522307909	2.2545543422	2.2568529829	2.2591235657	2.2613676005	2.2635830187	2.2657717295	2.2679276488	2.2700496426	2.2721423137	2.2741999394	2.2762215565	2.2782051504	2.2801499807	2.2820570790	2.2839248075	2.2857493561	2.2875296372	2.2892669703	2.2909592132	2.2926051054	2.2942034566	2.2957521226	2.2972501168	2.2986964086	2.3000939722	2.3014384769	2.3027282389	2.3039623449	2.3051399041	2.3062602469	2.3073235213	2.3083276433	2.3092718205	2.3101561136	2.3109796543	2.3117409304	2.3124392651	2.3130740120	2.3136445558	2.3141503133	2.3145907338	2.3149652999	2.3152735288	2.3155149735	2.3156892228	2.3157959017	2.3158346710	2.3158052278	2.3157073056	2.3155406748	2.3153051430	2.3150005556	2.3146267964	2.3141837880	2.3136714915	2.3130899059	2.3124390678	2.3117190514	2.3109299679	2.3100719660	2.3091462682	2.3081528568	2.3070913216	2.3059621506	2.3047668551	2.3035045205	2.3021755486	2.3007803749	2.2993194683	2.2977971092	2.2962116157	2.2945622320	2.2928495586	2.2910751578	2.2892403676	2.2873461314	2.2853938045	2.2833817825	2.2813108240	2.2791873715	2.2770079505	2.2747735536	2.2724848766	2.2701430825	2.2677546491	2.2653136379	2.2628221615	2.2602853227	2.2577022872	2.2550716027	2.2523947046	2.2496818298	2.2469235176	2.2441237530	2.2412854561	2.2384102575	2.2354938712	2.2325477460	2.2295657527	2.2265484599	2.2235007169	2.2204243324	2.2173149751	2.2141808891	2.2110200692	2.2078283572	2.2046212391	2.2013866312	2.1981298385	2.1948551309	2.1915572685	2.1882449373	2.1849163959	2.1815692899	2.1782106731	2.1748343982	1.8836037106	1.8836037106	1.8836037106	1.8836037106	1.8836037106	1.8836037106	1.8836037106	1.8836037106	1.8836037106	1.8836037106	1.8836037106	1.8836037106	1.8836037106	1.8836037106	1.8836037106	1.8836037106	1.8836037106	1.8836037106	1.8836037106	1.8836037106	1.8836037106	1.8836037106	1.8836037106	1.8836037106	1.8836037106	1.8836037106	1.8836037106	1.8836037106	1.8836037106	1.8836037106	1.8836037106	1.8836037106	1.8836037106	1.8836037106	1.8836037106	1.8836037106	1.8836037106	1.8836037106	1.8836037106	1.8836037106	1.8836037106	1.8836037106	1.8836037106	1.8836037106	1.8836037106	1.8836037106	1.8836037106	1.8836037106	1.8836037106	1.8836037106	1.8836037106	1.8836037106	1.8836037106	1.8836037106	1.8836037106
1.8836037106	1.8836037106	1.8836037106	1.8836037106	1.8836037106	1.8836037106	1.8836037106	1.8836037106	1.8836037106	1.8836037106	1.8836037106	1.8836037106	1.8836037106	1.8836037106	1.8836037106	1.8836037106	1.8836037106	1.8836037106	1.8836037106	1.8836037106	1.8836037106	1.8836037106	1.8836037106	1.8836037106	1.8836037106	1.8836037106	1.8836037106	1.8836037106	1.8836037106	1.8836037106	1.8836037106	1.8836037106	1.8836037106	1.8836037106	1.8836037106	1.8836037106	1.8836037106	1.8836037106	1.8836037106	1.8836037106	1.8836037106	1.8836037106	1.8836037106	1.8836037106	1.8836037106	1.8836037106	1.8836037106	1.8836037106	1.8836037106	1.8836037106	1.8836037106	1.8836037106	1.8836037106	1.8836037106	2.1748442702	2.1774075758	2.1799726592	2.1825510058	2.1851358446	2.1877251464	2.1903174505	2.1929219074	2.1955262479	2.1981319654	2.2007409639	2.2033528491	2.2059607209	2.2085692586	2.2111799784	2.2137843106	2.2163848089	2.2189814976	2.2215731732	2.2241541700	2.2267312240	2.2292990644	2.2318549155	2.2343980363	2.2369321556	2.2394523474	2.2419544317	2.2444434971	2.2469151849	2.2493677464	2.2517976968	2.2542105742	2.2566024775	2.2589683580	2.2613095979	2.2636245808	2.2659149841	2.2681745540	2.2704022470	2.2726037953	2.2747716281	2.2769049411	2.2790026855	2.2810630252	2.2830903917	2.2850774154	2.2870229592	2.2889275456	2.2907908433	2.2926104277	2.2943852843	2.2961129779	2.2977924367	2.2994242643	2.3010093415	2.3025428404	2.3040237460	2.3054510629	2.3068247504	2.3081437070	2.3094061411	2.3106128087	2.3117616072	2.3128511162	2.3138804986	2.3148489442	2.3157556715	2.3165999286	2.3173820915	2.3181009851	2.3187551828	2.3193440554	2.3198670061	2.3203234715	2.3207130162	2.3210351292	2.3212892405	2.3214749294	2.3215918122	2.3216395421	2.3216178092	2.3215263410	2.3213649030	2.3211332985	2.3208313695	2.3204590383	2.3200163791	2.3195031966	2.3189194904	2.3182652986	2.3175406978	2.3167462192	2.3158832406	2.3149504779	2.3139481595	2.3128765522	2.3117359607	2.3105267261	2.3092500711	2.3079071950	2.3064970367	2.3050214964	2.3034802611	2.3018733702	2.3002014020	2.2984664909	2.2966722767	2.2948151391	2.2928958062	2.2909161517	2.2888774487	2.2867819115	2.2846289477	2.2824178403	2.2801521422	2.2778344087	2.2754628712	2.2730379172	2.2705607775	2.2680386831	2.2654658362	2.2628437204	2.2601779326	2.2574676885	2.2547110206	2.2519116982	2.2490762794	2.2461969316	2.2432793005	2.2403259382	2.2373349868	2.2343079455	2.2312514430	2.2281600490	2.2250358704	2.2218878005	2.2187069331	2.2155007393	2.2122697506	2.2090106197	2.2057312928	2.2024313990	2.1991077826	2.1957667034	2.1924063261	2.1890285514	2.1856387562	2.1822311010	2.1788113610	2.1753781261	1.8836037106	1.8836037106	1.8836037106	1.8836037106	1.8836037106	1.8836037106	1.8836037106	1.8836037106	1.8836037106	1.8836037106	1.8836037106	1.8836037106	1.8836037106	1.8836037106	1.8836037106	1.8836037106	1.8836037106	1.8836037106	1.8836037106	1.8836037106	1.8836037106	1.8836037106	1.8836037106	1.8836037106	1.8836037106	1.8836037106	1.8836037106	1.8836037106	1.8836037106	1.8836037106	1.8836037106	1.8836037106	1.8836037106	1.8836037106	1.8836037106	1.8836037106	1.8836037106	1.8836037106	1.8836037106	1.8836037106	1.8836037106	1.8836037106	1.8836037106	1.8836037106	1.8836037106	1.8836037106	1.8836037106	1.8836037106	1.8836037106	1.8836037106	1.8836037106	1.8836037106	1.8836037106	1.8836037106
1.8836037106	1.8836037106	1.8836037106	1.8836037106	1.8836037106	1.8836037106	1.8836037106	1.8836037106	1.8836037106	1.8836037106	1.8836037106	1.8836037106	1.8836037106	1.8836037106	1.8836037106	1.8836037106	1.8836037106	1.8836037106	1.8836037106	1.8836037106	1.8836037106	1.8836037106	1.8836037106	1.8836037106	1.8836037106	1.8836037106	1.8836037106	1.8836037106	1.8836037106	1.8836037106	1.8836037106	1.8836037106	1.8836037106	1.8836037106	1.8836037106	1.8836037106	1.8836037106	1.8836037106	1.8836037106	1.8836037106	1.8836037106	1.8836037106	1.8836037106	1.8836037106	1.8836037106	1.8836037106	1.8836037106	1.8836037106	1.8836037106	1.8836037106	1.8836037106	1.8836037106	2.1725838965	2.1751759197	2.1777716033	2.1803708545	2.1829854447	2.1856068938	2.1882335872	2.1908658962	2.1935098534	2.1961541877	2.1988029856	2.2014558090	2.2041109176	2.2067630228	2.2094212195	2.2120785851	2.2147311270	2.2173814208	2.2200311672	2.2226736969	2.2253087574	2.2279412516	2.2305646343	2.2331768611	2.2357786116	2.2383733494	2.2409520662	2.2435173344	2.2460684272	2.2486042699	2.2511195947	2.2536173224	2.2560991497	2.2585570524	2.2609918594	2.2634025931	2.2657916224	2.2681518561	2.2704824917	2.2727890616	2.2750641385	2.2773065053	2.2795156361	2.2816908760	2.2838334563	2.2859375459	2.2880019727	2.2900296408	2.2920159849	2.2939614931	2.2958625800	2.2977181388	2.2995290493	2.3012960352	2.3030139509	2.3046817102	2.3062984903	2.3078647854	2.3093776951	2.3108382838	2.3122439821	2.3135932042	2.3148849967	2.3161184297	2.3172934839	2.3184101626	2.3194656957	2.3204592546	2.3213904914	2.3222581921	2.3230615778	2.3237999417	2.3244727978	2.3250794839	2.3256191818	2.3260913160	2.3264953458	2.3268307668	2.3270971114	2.3272939503	2.3274208918	2.3274775818	2.3274637044	2.3273789816	2.3272231741	2.3269960814	2.3266975428	2.3263274379	2.3258856867	2.3253722501	2.3247871283	2.3241303741	2.3234024705	2.3226031604	2.3217326007	2.3207909872	2.3197789549	2.3186965502	2.3175439507	2.3163229325	2.3150341045	2.3136764062	2.3122502949	2.3107562630	2.3091957825	2.3075705214	2.3058794413	2.3041248607	2.3023055287	2.3004221321	2.2984768752	2.2964742728	2.2944100770	2.2922850926	2.2901024563	2.2878621896	2.2855680713	2.2832167598	2.2808098573	2.2783544296	2.2758460308	2.2732856014	2.2706745386	2.2680198734	2.2653161609	2.2625652847	2.2597717799	2.2569361859	2.2540550291	2.2511361785	2.2481799283	2.2451823195	2.2421484226	2.2390827416	2.2359781692	2.2328450309	2.2296802220	2.2264828826	2.2232586444	2.2200080148	2.2167288555	2.2134276521	2.2101013122	2.2067504798	2.2033855636	2.1999956383	2.1965888016	2.1931662779	2.1897238820	2.1862733341	2.1828056690	2.1793255800	2.1758357424	1.8836037106	1.8836037106	1.8836037106	1.8836037106	1.8836037106	1.8836037106	1.8836037106	1.8836037106	1.8836037106	1.8836037106	1.8836037106	1.8836037106	1.8836037106	1.8836037106	1.8836037106	1.8836037106	1.8836037106	1.8836037106	1.8836037106	1.8836037106	1.8836037106	1.8836037106	1.8836037106	1.8836037106	1.8836037106	1.8836037106	1.8836037106	1.8836037106	1.8836037106	1.8836037106	1.8836037106	1.8836037106	1.8836037106	1.8836037106	1.8836037106	1.8836037106	1.8836037106	1.8836037106	1.8836037106	1.8836037106	1.8836037106	1.8836037106	1.8836037106	1.8836037106	1.8836037106	1.8836037106	1.8836037106	1.8836037106	1.8836037106	1.8836037106	1.8836037106	1.8836037106	1.8836037106
1.8836037106	1.8836037106	1.8836037106	1.8836037106	1.8836037106	1.8836037106	1.8836037106	1.8836037106	1.8836037106	1.8836037106	1.8836037106	1.8836037106	1.8836037106	1.8836037106	1.8836037106	1.8836037106	1.8836037106	1.8836037106	1.8836037106	1.8836037106	1.8836037106	1.8836037106	1.8836037106	1.8836037106	1.8836037106	1.8836037106	1.8836037106	1.8836037106	1.8836037106	1.8836037106	1.8836037106	1.8836037106	1.8836037106	1.8836037106	1.8836037106	1.8836037106	1.8836037106	1.8836037106	1.8836037106	1.8836037106	1.8836037106	1.8836037106	1.8836037106	1.8836037106	1.8836037106	1.8836037106	1.8836037106	1.8836037106	1.8836037106	1.8836037106	1.8836037106	2.1728176169	2.1754408380	2.1780680754	2.1807015613	2.1833501617	2.1860071642	2.1886702347	2.1913417494	2.1940238003	2.1967072157	2.1993979544	2.2020935235	2.2047909698	2.2074864354	2.2101930160	2.2128961642	2.2155970745	2.2182967060	2.2209969234	2.2236895214	2.2263798756	2.2290656688	2.2317428680	2.2344106519	2.2370731017	2.2397246982	2.2423618258	2.2449895010	2.2476036445	2.2502007259	2.2527786525	2.2553468853	2.2578933015	2.2604178237	2.2629212100	2.2654046238	2.2678622892	2.2702920811	2.2727003442	2.2750794389	2.2774279453	2.2797454208	2.2820319567	2.2842871138	2.2865057364	2.2886877467	2.2908344087	2.2929425479	2.2950105305	2.2970359190	2.2990178209	2.3009609174	2.3028577047	2.3047070346	2.3065082928	2.3082616016	2.3099644937	2.3116179776	2.3132183062	2.3147644202	2.3162552804	2.3176917031	2.3190723097	2.3203945381	2.3216580304	2.3228613103	2.3240034021	2.3250839823	2.3261017053	2.3270556662	2.3279454380	2.3287712531	2.3295309077	2.3302237115	2.3308490071	2.3314061712	2.3318946155	2.3323137870	2.3326631697	2.3329422858	2.3331506962	2.3332880004	2.3333538369	2.3333478826	2.3332698537	2.3331195057	2.3328966340	2.3326010747	2.3322327050	2.3317914439	2.3312772517	2.3306901295	2.3300301184	2.3292973000	2.3284917955	2.3276140917	2.3266657003	2.3256453756	2.3245533987	2.3233905406	2.3221569883	2.3208529013	2.3194792710	2.3180362127	2.3165250074	2.3149480675	2.3133033125	2.3115913494	2.3098128190	2.3079715990	2.3060655579	2.3040976935	2.3020663364	2.2999722754	2.2978200275	2.2956104759	2.2933410147	2.2910135300	2.2886302141	2.2861940948	2.2837028885	2.2811565667	2.2785636869	2.2759194242	2.2732246715	2.2704807241	2.2676956533	2.2648623798	2.2619849572	2.2590664439	2.2561065355	2.2531026951	2.2500675253	2.2469924585	2.2438802634	2.2407351097	2.2375564099	2.2343439376	2.2311055020	2.2278351078	2.2245351813	2.2212149382	2.2178634174	2.2144925079	2.2110990375	2.2076783994	2.2042478284	2.2007925205	2.1973205314	2.1938359990	2.1903298638	2.1868191265	2.1832920698	2.1797525038	2.1762065024	2.1726418086	1.8836037106	1.8836037106	1.8836037106	1.8836037106	1.8836037106	1.8836037106	1.8836037106	1.8836037106	1.8836037106	1.8836037106	1.8836037106	1.8836037106	1.8836037106	1.8836037106	1.8836037106	1.8836037106	1.8836037106	1.8836037106	1.8836037106	1.8836037106	1.8836037106	1.8836037106	1.8836037106	1.8836037106	1.8836037106	1.8836037106	1.8836037106	1.8836037106	1.8836037106	1.8836037106	1.8836037106	1.8836037106	1.8836037106	1.8836037106	1.8836037106	1.8836037106	1.8836037106	1.8836037106	1.8836037106	1.8836037106	1.8836037106	1.8836037106	1.8836037106	1.8836037106	1.8836037106	1.8836037106	1.8836037106	1.8836037106	1.8836037106	1.8836037106	1.8836037106
1.8836037106	1.8836037106	1.8836037106	1.8836037106	1.8836037106	1.8836037106	1.8836037106	1.8836037106	1.8836037106	1.8836037106	1.8836037106	1.8836037106	1.8836037106	1.8836037106	1.8836037106	1.8836037106	1.8836037106	1.8836037106	1.8836037106	1.8836037106	1.8836037106	1.8836037106	1.8836037106	1.8836037106	1.8836037106	1.8836037106	1.8836037106	1.8836037106	1.8836037106	1.8836037106	1.8836037106	1.8836037106	1.8836037106	1.8836037106	1.8836037106	1.8836037106	1.8836037106	1.8836037106	1.8836037106	1.8836037106	1.8836037106	1.8836037106	1.8836037106	1.8836037106	1.8836037106	1.8836037106	1.8836037106	1.8836037106	1.8836037106	1.8836037106	2.1729859019	2.1756393091	2.1782972298	2.1809637022	2.1836453342	2.1863368002	2.1890352019	2.1917446098	2.1944637963	2.1971853451	2.1999168486	2.2026540467	2.2053929065	2.2081341349	2.2108844661	2.2136324914	2.2163807328	2.2191300156	2.2218784056	2.2246202387	2.2273647352	2.2301032464	2.2328340919	2.2355571536	2.2382777362	2.2409854785	2.2436834048	2.2463708329	2.2490458814	2.2517035948	2.2543501114	2.2569813536	2.2595918101	2.2621843100	2.2647576149	2.2673092486	2.2698351728	2.2723405586	2.2748201906	2.2772716597	2.2796941707	2.2820881283	2.2844529416	2.2867832734	2.2890798805	2.2913425317	2.2935695257	2.2957575950	2.2979049782	2.3000140787	2.3020832803	2.3041079644	2.3060869378	2.3080215135	2.3099083599	2.3117489427	2.3135390023	2.3152774063	2.3169631391	2.3185987922	2.3201793635	2.3217044079	2.3231724254	2.3245824634	2.3259338175	2.3272249374	2.3284562906	2.3296265464	2.3307336802	2.3317768268	2.3327551507	2.3336678481	2.3345141481	2.3352937169	2.3360061106	2.3366498910	2.3372244211	2.3377290997	2.3381633618	2.3385266801	2.3388187115	2.3390389138	2.3391867614	2.3392618848	2.3392639538	2.3391926784	2.3390478089	2.3388291363	2.3385366005	2.3381701900	2.3377296682	2.3372149951	2.3366261723	2.3359632426	2.3352262899	2.3344163528	2.3335330967	2.3325764249	2.3315465849	2.3304438651	2.3292685942	2.3280211404	2.3267041175	2.3253164246	2.3238582009	2.3223305180	2.3207332404	2.3190677320	2.3173339799	2.3155358397	2.3136718403	2.3117417186	2.3097462246	2.3076898628	2.3055706070	2.3033906637	2.3011488301	2.2988462358	2.2964912379	2.2940773217	2.2916056496	2.2890803389	2.2865027502	2.2838723223	2.2811880952	2.2784590013	2.2756802247	2.2728526490	2.2699784581	2.2670642296	2.2641030317	2.2611016077	2.2580605051	2.2549782860	2.2518575525	2.2487058556	2.2455145891	2.2422904571	2.2390373194	2.2357481819	2.2324347149	2.2290918325	2.2257195895	2.2223261578	2.2189060876	2.2154643463	2.2120025398	2.2085162000	2.2050169712	2.2014982534	2.1979622277	2.1944144443	2.1908475442	2.1872754333	2.1836895072	2.1800913391	2.1764896742	2.1728695719	1.8836037106	1.8836037106	1.8836037106	1.8836037106	1.8836037106	1.8836037106	1.8836037106	1.8836037106	1.8836037106	1.8836037106	1.8836037106	1.8836037106	1.8836037106	1.8836037106	1.8836037106	1.8836037106	1.8836037106	1.8836037106	1.8836037106	1.8836037106	1.8836037106	1.8836037106	1.8836037106	1.8836037106	1.8836037106	1.8836037106	1.8836037106	1.8836037106	1.8836037106	1.8836037106	1.8836037106	1.8836037106	1.8836037106	1.8836037106	1.8836037106	1.8836037106	1.8836037106	1.8836037106	1.8836037106	1.8836037106	1.8836037106	1.8836037106	1.8836037106	1.8836037106	1.8836037106	1.8836037106	1.8836037106	1.8836037106	1.8836037106	1.8836037106
1.8836037106	1.8836037106	1.8836037106	1.8836037106	1.8836037106	1.8836037106	1.8836037106	1.8836037106	1.8836037106	1.8836037106	1.8836037106	1.8836037106	1.8836037106	1.8836037106	1.8836037106	1.8836037106	1.8836037106	1.8836037106	1.8836037106	1.8836037106	1.8836037106	1.8836037106	1.8836037106	1.8836037106	1.8836037106	1.8836037106	1.8836037106	1.8836037106	1.8836037106	1.8836037106	1.8836037106	1.8836037106	1.8836037106	1.8836037106	1.8836037106	1.8836037106	1.8836037106	1.8836037106	1.8836037106	1.8836037106	1.8836037106	1.8836037106	1.8836037106	1.8836037106	1.8836037106	1.8836037106	1.8836037106	1.8836037106	1.8836037106	2.1730891268	2.1757716656	2.1784593555	2.1811575296	2.1838714962	2.1865959995	2.1893286622	2.1920746223	2.1948299540	2.1975897803	2.2003597115	2.2031373853	2.2059166963	2.2087023628	2.2114955492	2.2142874137	2.2170819056	2.2198796610	2.2226753275	2.2254683231	2.2282629982	2.2310532379	2.2338368231	2.2366170525	2.2393919259	2.2421550466	2.2449127780	2.2476603797	2.2503943199	2.2531138305	2.2558260482	2.2585197256	2.2611960304	2.2638548443	2.2664967682	2.2691152059	2.2717132942	2.2742897425	2.2768407450	2.2793647244	2.2818619704	2.2843332450	2.2867721818	2.2891797339	2.2915554556	2.2938980627	2.2962035054	2.2984702691	2.3007030489	2.3028959817	2.3050463154	2.3071541797	2.3092183132	2.3112389302	2.3132128213	2.3151378859	2.3170131603	2.3188413859	2.3206171965	2.3223402761	2.3240086053	2.3256219476	2.3271784021	2.3286786933	2.3301210141	2.3315031208	2.3328240211	2.3340827485	2.3352787448	2.3364120354	2.3374803210	2.3384827479	2.3394191772	2.3402882334	2.3410890063	2.3418207757	2.3424828680	2.3430746466	2.3435954669	2.3440447522	2.3444219638	2.3447266030	2.3449582114	2.3451163717	2.3452007067	2.3452108800	2.3451465959	2.3450075998	2.3447936790	2.3445046629	2.3441404245	2.3437008804	2.3431859903	2.3425957565	2.3419302467	2.3411895485	2.3403737705	2.3394830828	2.3385178210	2.3374789216	2.3363659407	2.3351792154	2.3339207812	2.3325897379	2.3311863074	2.3297109817	2.3281642903	2.3265493270	2.3248651220	2.3231121172	2.3212908313	2.3194021479	2.3174466400	2.3154282368	2.3133455844	2.3111982576	2.3089884388	2.3067185411	2.3043889720	2.3019992920	2.2995496598	2.2970473577	2.2944894218	2.2918747800	2.2892080384	2.2864905751	2.2837219613	2.2809014207	2.2780379923	2.2751264025	2.2721678494	2.2691665063	2.2661245960	2.2630380740	2.2599148810	2.2567538872	2.2535516690	2.2503195311	2.2470520176	2.2437502214	2.2404190810	2.2370567169	2.2336659797	2.2302508072	2.2268070039	2.2233402049	2.2198518996	2.2163399873	2.2128104116	2.2092587987	2.2056918475	2.2021101925	2.1985108573	2.1949006466	2.1912739695	2.1876412813	2.1839974834	2.1803416987	2.1766845834	2.1730098992	1.8836037106	1.8836037106	1.8836037106	1.8836037106	1.8836037106	1.8836037106	1.8836037106	1.8836037106	1.8836037106	1.8836037106	1.8836037106	1.8836037106	1.8836037106	1.8836037106	1.8836037106	1.8836037106	1.8836037106	1.8836037106	1.8836037106	1.8836037106	1.8836037106	1.8836037106	1.8836037106	1.8836037106	1.8836037106	1.8836037106	1.8836037106	1.8836037106	1.8836037106	1.8836037106	1.8836037106	1.8836037106	1.8836037106	1.8836037106	1.8836037106	1.8836037106	1.8836037106	1.8836037106	1.8836037106	1.8836037106	1.8836037106	1.8836037106	1.8836037106	1.8836037106	1.8836037106	1.8836037106	1.8836037106	1.8836037106	1.8836037106
1.8836037106	1.8836037106	1.8836037106	1.8836037106	1.8836037106	1.8836037106	1.8836037106	1.8836037106	1.8836037106	1.8836037106	1.8836037106	1.8836037106	1.8836037106	1.8836037106	1.8836037106	1.8836037106	1.8836037106	1.8836037106	1.8836037106	1.8836037106	1.8836037106	1.8836037106	1.8836037106	1.8836037106	1.8836037106	1.8836037106	1.8836037106	1.8836037106	1.8836037106	1.8836037106	1.8836037106	1.8836037106	1.8836037106	1.8836037106	1.8836037106	1.8836037106	1.8836037106	1.8836037106	1.8836037106	1.8836037106	1.8836037106	1.8836037106	1.8836037106	1.8836037106	1.8836037106	1.8836037106	1.8836037106	1.8836037106	2.1731277050	2.1758382881	2.1785547976	2.1812833579	2.1840285193	2.1867850191	2.1895508472	2.1923319929	2.1951224493	2.1979194428	2.2007268472	2.2035436129	2.2063623761	2.2091910786	2.2120261300	2.2148617846	2.2177004702	2.2205454755	2.2233874777	2.2262308794	2.2290751754	2.2319154780	2.2347506578	2.2375868399	2.2404151614	2.2432357326	2.2460500437	2.2488561459	2.2516482256	2.2544327853	2.2572056496	2.2599613957	2.2627026597	2.2654294956	2.2681366203	2.2708227891	2.2734924608	2.2761389819	2.2787606201	2.2813567761	2.2839310529	2.2864752186	2.2889897913	2.2914753796	2.2939300687	2.2963498609	2.2987330946	2.3010857221	2.3033996860	2.3056730864	2.3079069993	2.3100990470	2.3122499238	2.3143550530	2.3164131917	2.3184266907	2.3203918410	2.3223071591	2.3241705737	2.3259818780	2.3277388172	2.3294436963	2.3310918878	2.3326822157	2.3342135939	2.3356859530	2.3370983895	2.3384486715	2.3397367788	2.3409609132	2.3421199566	2.3432130654	2.3442393155	2.3451978567	2.3460882160	2.3469106495	2.3476629203	2.3483443275	2.3489542064	2.3494919292	2.3499569062	2.3503485868	2.3506664609	2.3509100601	2.3510789578	2.3511727687	2.3511911491	2.3511337970	2.3510004524	2.3507908981	2.3505049602	2.3501425092	2.3497034603	2.3491877730	2.3485954504	2.3479265386	2.3471811265	2.3463593459	2.3454623277	2.3444903776	2.3434428675	2.3423201004	2.3411224969	2.3398503748	2.3385042945	2.3370857196	2.3355940857	2.3340314271	2.3323977938	2.3306929472	2.3289175402	2.3270737044	2.3251632275	2.3231850705	2.3211400845	2.3190292851	2.3168532372	2.3146175054	2.3123179735	2.3099555684	2.3075352529	2.3050559377	2.3025187306	2.2999227900	2.2972746950	2.2945735537	2.2918171100	2.2890103005	2.2861549292	2.2832495257	2.2802956524	2.2772992316	2.2742567390	2.2711693969	2.2680439635	2.2648765398	2.2616698761	2.2584274188	2.2551473556	2.2518315286	2.2484881421	2.2451086740	2.2416999558	2.2382645562	2.2347971766	2.2313100717	2.2277951268	2.2242556909	2.2206995288	2.2171181737	2.2135214603	2.2099050644	2.2062713921	2.2026273315	2.1989654730	2.1952937158	2.1916078785	2.1879156953	2.1842147763	2.1805029250	2.1767906258	2.1730622474	1.8836037106	1.8836037106	1.8836037106	1.8836037106	1.8836037106	1.8836037106	1.8836037106	1.8836037106	1.8836037106	1.8836037106	1.8836037106	1.8836037106	1.8836037106	1.8836037106	1.8836037106	1.8836037106	1.8836037106	1.8836037106	1.8836037106	1.8836037106	1.8836037106	1.8836037106	1.8836037106	1.8836037106	1.8836037106	1.8836037106	1.8836037106	1.8836037106	1.8836037106	1.8836037106	1.8836037106	1.8836037106	1.8836037106	1.8836037106	1.8836037106	1.8836037106	1.8836037106	1.8836037106	1.8836037106	1.8836037106	1.8836037106	1.8836037106	1.8836037106	1.8836037106	1.8836037106	1.8836037106	1.8836037106	1.8836037106
1.8836037106	1.8836037106	1.8836037106	1.8836037106	1.8836037106	1.8836037106	1.8836037106	1.8836037106	1.8836037106	1.8836037106	1.8836037106	1.8836037106	1.8836037106	1.8836037106	1.8836037106	1.8836037106	1.8836037106	1.8836037106	1.8836037106	1.8836037106	1.8836037106	1.8836037106	1.8836037106	1.8836037106	1.8836037106	1.8836037106	1.8836037106	1.8836037106	1.8836037106	1.8836037106	1.8836037106	1.8836037106	1.8836037106	1.8836037106	1.8836037106	1.8836037106	1.8836037106	1.8836037106	1.8836037106	1.8836037106	1.8836037106	1.8836037106	1.8836037106	1.8836037106	1.8836037106	1.8836037106	1.8836037106	2.1731020870	2.1758396051	2.1785839558	2.1813415605	2.1841167511	2.1869041803	2.1897020511	2.1925169890	2.1953415202	2.1981744024	2.2010187396	2.2038728708	2.2067300516	2.2096003515	2.2124762312	2.2153546807	2.2182377005	2.2211273676	2.2240147211	2.2269072217	2.2298000819	2.2326899954	2.2355768271	2.2384661400	2.2413470155	2.2442239572	2.2470952357	2.2499575387	2.2528074315	2.2556553500	2.2584881142	2.2613070853	2.2641126688	2.2669044621	2.2696761452	2.2724331672	2.2751708081	2.2778860719	2.2805779367	2.2832501072	2.2858958679	2.2885132764	2.2911052511	2.2936682119	2.2961990399	2.2986955364	2.3011638824	2.3035958649	2.3059894285	2.3083461908	2.3106637974	2.3129414733	2.3151754138	2.3173653920	2.3195131265	2.3216137546	2.3236659633	2.3256688619	2.3276205791	2.3295232241	2.3313721795	2.3331659445	2.3349033487	2.3365855834	2.3382092696	2.3397741163	2.3412783844	2.3427206405	2.3440998841	2.3454150423	2.3466666554	2.3478531701	2.3489726103	2.3500240850	2.3510067363	2.3519197413	2.3527623129	2.3535339553	2.3542339989	2.3548614072	2.3554155394	2.3558957935	2.3563016073	2.3566324600	2.3568879040	2.3570676284	2.3571710060	2.3571976857	2.3571473592	2.3570197611	2.3568147147	2.3565322449	2.3561720529	2.3557340528	2.3552182037	2.3546245094	2.3539530176	2.3532038268	2.3523777156	2.3514742742	2.3504937254	2.3494363362	2.3483024177	2.3470923240	2.3458066983	2.3444482790	2.3430151481	2.3415078713	2.3399270044	2.3382734365	2.3365486578	2.3347526084	2.3328879781	2.3309532184	2.3289491016	2.3268782797	2.3247423113	2.3225405841	2.3202735649	2.3179427823	2.3155513923	2.3130996854	2.3105862289	2.3080151686	2.3053870940	2.3027030715	2.2999616953	2.2971699565	2.2943268016	2.2914303471	2.2884849544	2.2854940098	2.2824535720	2.2793692393	2.2762425257	2.2730715322	2.2698588755	2.2666110886	2.2633206353	2.2599972078	2.2566389558	2.2532423680	2.2498208463	2.2463654050	2.2428802129	2.2393701122	2.2358293430	2.2322686806	2.2286830939	2.2250725724	2.2214477332	2.2177977307	2.2141345755	2.2104539481	2.2067546209	2.2030487447	2.1993252078	2.1955928420	2.1918485151	2.1880979760	2.1843407405	2.1805736724	2.1768072686	2.1730261357	1.8836037106	1.8836037106	1.8836037106	1.8836037106	1.8836037106	1.8836037106	1.8836037106	1.8836037106	1.8836037106	1.8836037106	1.8836037106	1.8836037106	1.8836037106	1.8836037106	1.8836037106	1.8836037106	1.8836037106	1.8836037106	1.8836037106	1.8836037106	1.8836037106	1.8836037106	1.8836037106	1.8836037106	1.8836037106	1.8836037106	1.8836037106	1.8836037106	1.8836037106	1.8836037106	1.8836037106	1.8836037106	1.8836037106	1.8836037106	1.8836037106	1.8836037106	1.8836037106	1.8836037106	1.8836037106	1.8836037106	1.8836037106	1.8836037106	1.8836037106	1.8836037106	1.8836037106	1.8836037106	1.8836037106
1.8836037106	1.8836037106	1.8836037106	1.8836037106	1.8836037106	1.8836037106	1.8836037106	1.8836037106	1.8836037106	1.8836037106	1.8836037106	1.8836037106	1.8836037106	1.8836037106	1.8836037106	1.8836037106	1.8836037106	1.8836037106	1.8836037106	1.8836037106	1.8836037106	1.8836037106	1.8836037106	1.8836037106	1.8836037106	1.8836037106	1.8836037106	1.8836037106	1.8836037106	1.8836037106	1.8836037106	1.8836037106	1.8836037106	1.8836037106	1.8836037106	1.8836037106	1.8836037106	1.8836037106	1.8836037106	1.8836037106	1.8836037106	1.8836037106	1.8836037106	1.8836037106	1.8836037106	1.8836037106	2.1730127599	2.1757760921	2.1785472835	2.1813325680	2.1841365981	2.1869538650	2.1897826303	2.1926299412	2.1954874682	2.1983549308	2.2012349443	2.2041253670	2.2070198967	2.2099303208	2.2128459552	2.2157659893	2.2186924439	2.2216253210	2.2245569989	2.2274972471	2.2304375692	2.2333760247	2.2363148849	2.2392546586	2.2421871856	2.2451192773	2.2480464350	2.2509640512	2.2538751116	2.2567809262	2.2596727416	2.2625539792	2.2654243603	2.2682788717	2.2711168273	2.2739412928	2.2767465084	2.2795305125	2.2822948352	2.2850383183	2.2877550620	2.2904487584	2.2931159151	2.2957541849	2.2983604495	2.3009400991	2.3034867859	2.3059973001	2.3084733981	2.3109129820	2.3133145657	2.3156745455	2.3179941546	2.3202723914	2.3225060134	2.3246931104	2.3268328749	2.3289254314	2.3309689641	2.3329602727	2.3348981129	2.3367838965	2.3386138781	2.3403882226	2.3421041912	2.3437606855	2.3453564870	2.3468924601	2.3483665841	2.3497766282	2.3511215629	2.3524003872	2.3536124472	2.3547570759	2.3558327179	2.3568384975	2.3577745215	2.3586389855	2.3594311016	2.3601501392	2.3607954056	2.3613662465	2.3618620473	2.3622822338	2.3626262742	2.3628936803	2.3630840073	2.3631968543	2.3632318632	2.3631887199	2.3630671539	2.3628669393	2.3625878957	2.3622298889	2.3617928315	2.3612766826	2.3606814466	2.3600071730	2.3592539558	2.3584219339	2.3575112908	2.3565226024	2.3554565512	2.3543127807	2.3530917496	2.3517947023	2.3504212112	2.3489717637	2.3474468881	2.3458473160	2.3441767663	2.3424327619	2.3406160943	2.3387273906	2.3367690878	2.3347408395	2.3326457013	2.3304819093	2.3282503484	2.3259556890	2.3235965727	2.3211737568	2.3186881497	2.3161420246	2.3135385841	2.3108746891	2.3081542936	2.3053788457	2.3025491098	2.2996635563	2.2967307124	2.2937471118	2.2907129122	2.2876318830	2.2845068681	2.2813335060	2.2781219351	2.2748675301	2.2715710398	2.2682389793	2.2648689315	2.2614629396	2.2580246192	2.2545512238	2.2510484078	2.2475183338	2.2439573558	2.2403718825	2.2367596156	2.2331250296	2.2294694653	2.2257899032	2.2220953563	2.2183793491	2.2146492544	2.2109044849	2.2071406337	2.2033735898	2.1995892781	2.1957972990	2.1919952068	2.1881875066	2.1843748117	2.1805534287	2.1767340508	2.1729011468	1.8836037106	1.8836037106	1.8836037106	1.8836037106	1.8836037106	1.8836037106	1.8836037106	1.8836037106	1.8836037106	1.8836037106	1.8836037106	1.8836037106	1.8836037106	1.8836037106	1.8836037106	1.8836037106	1.8836037106	1.8836037106	1.8836037106	1.8836037106	1.8836037106	1.8836037106	1.8836037106	1.8836037106	1.8836037106	1.8836037106	1.8836037106	1.8836037106	1.8836037106	1.8836037106	1.8836037106	1.8836037106	1.8836037106	1.8836037106	1.8836037106	1.8836037106	1.8836037106	1.8836037106	1.8836037106	1.8836037106	1.8836037106	1.8836037106	1.8836037106	1.8836037106	1.8836037106	1.8836037106
1.8836037106	1.8836037106	1.8836037106	1.8836037106	1.8836037106	1.8836037106	1.8836037106	1.8836037106	1.8836037106	1.8836037106	1.8836037106	1.8836037106	1.8836037106	1.8836037106	1.8836037106	1.8836037106	1.8836037106	1.8836037106	1.8836037106	1.8836037106	1.8836037106	1.8836037106	1.8836037106	1.8836037106	1.8836037106	1.8836037106	1.8836037106	1.8836037106	1.8836037106	1.8836037106	1.8836037106	1.8836037106	1.8836037106	1.8836037106	1.8836037106	1.8836037106	1.8836037106	1.8836037106	1.8836037106	1.8836037106	1.8836037106	1.8836037106	1.8836037106	1.8836037106	1.8836037106	2.1728602461	2.1756482708	2.1784452874	2.1812568677	2.1840885248	2.1869345135	2.1897930009	2.1926712415	2.1955606578	2.1984613645	2.2013757677	2.2043013763	2.2072321533	2.2101811954	2.2131354753	2.2160958472	2.2190643857	2.2220393947	2.2250153684	2.2280009308	2.2309875684	2.2339734509	2.2369629617	2.2399521847	2.2429373652	2.2459218513	2.2489032753	2.2518752626	2.2548461447	2.2578089749	2.2607606328	2.2637025016	2.2666355160	2.2695519445	2.2724573107	2.2753473684	2.2782188061	2.2810703227	2.2839074337	2.2867202188	2.2895103041	2.2922773359	2.2950192030	2.2977314571	2.3004177233	2.3030755072	2.3056994598	2.3082910768	2.3108487463	2.3133710248	2.3158539424	2.3182994270	2.3207053836	2.3230689900	2.3253884513	2.3276623151	2.3298929909	2.3320749064	2.3342065255	2.3362884476	2.3383186428	2.3402960794	2.3422182899	2.3440838499	2.3458914269	2.3476433436	2.3493348450	2.3509647016	2.3525317817	2.3540356345	2.3554750180	2.3568483406	2.3581559223	2.3593953699	2.3605657121	2.3616660201	2.3626953998	2.3636529930	2.3645384734	2.3653511234	2.3660895421	2.3667530221	2.3673408954	2.3678525445	2.3682874713	2.3686450147	2.3689246759	2.3691260007	2.3692485798	2.3692920476	2.3692560834	2.3691404113	2.3689448009	2.3686690680	2.3683130762	2.3678767367	2.3673601210	2.3667631580	2.3660858823	2.3653283907	2.3644908259	2.3635741332	2.3625783256	2.3615032510	2.3603492359	2.3591166513	2.3578059121	2.3564179311	2.3549538114	2.3534131136	2.3517975437	2.3501068171	2.3483414355	2.3465020993	2.3445922935	2.3426113760	2.3405590840	2.3384363695	2.3362456538	2.3339876973	2.3316638121	2.3292731300	2.3268186148	2.3243025490	2.3217243136	2.3190844341	2.3163850836	2.3136307589	2.3108174414	2.3079495244	2.3050284863	2.3020545271	2.2990264391	2.2959554143	2.2928333103	2.2896639098	2.2864508501	2.2831934137	2.2798930791	2.2765550403	2.2731757651	2.2697581896	2.2663086495	2.2628205216	2.2593025084	2.2557525488	2.2521691928	2.2485648085	2.2449286110	2.2412684533	2.2375851267	2.2338775025	2.2301525593	2.2264046123	2.2226413291	2.2188600176	2.2150643146	2.2112558481	2.2074286154	2.2036011098	2.1997569849	2.1959064447	2.1920473648	2.1881837527	2.1843165069	2.1804417610	2.1765705846	2.1726869275	1.8836037106	1.8836037106	1.8836037106	1.8836037106	1.8836037106	1.8836037106	1.8836037106	1.8836037106	1.8836037106	1.8836037106	1.8836037106	1.8836037106	1.8836037106	1.8836037106	1.8836037106	1.8836037106	1.8836037106	1.8836037106	1.8836037106	1.8836037106	1.8836037106	1.8836037106	1.8836037106	1.8836037106	1.8836037106	1.8836037106	1.8836037106	1.8836037106	1.8836037106	1.8836037106	1.8836037106	1.8836037106	1.8836037106	1.8836037106	1.8836037106	1.8836037106	1.8836037106	1.8836037106	1.8836037106	1.8836037106	1.8836037106	1.8836037106	1.8836037106	1.8836037106	1.8836037106
1.8836037106	1.8836037106	1.8836037106	1.8836037106	1.8836037106	1.8836037106	1.8836037106	1.8836037106	1.8836037106	1.8836037106	1.8836037106	1.8836037106	1.8836037106	1.8836037106	1.8836037106	1.8836037106	1.8836037106	1.8836037106	1.8836037106	1.8836037106	1.8836037106	1.8836037106	1.8836037106	1.8836037106	1.8836037106	1.8836037106	1.8836037106	1.8836037106	1.8836037106	1.8836037106	1.8836037106	1.8836037106	1.8836037106	1.8836037106	1.8836037106	1.8836037106	1.8836037106	1.8836037106	1.8836037106	1.8836037106	1.8836037106	1.8836037106	1.8836037106	1.8836037106	2.1726451025	2.1754567081	2.1782785263	2.1811150023	2.1839730525	2.1868466244	2.1897336380	2.1926413423	2.1955615153	2.1984941035	2.2014415818	2.2044012402	2.2073671314	2.2103532539	2.2133450359	2.2163444637	2.2193536986	2.2223697232	2.2253893051	2.2284185439	2.2314500902	2.2344822406	2.2375209779	2.2405585907	2.2435951298	2.2466318704	2.2496654768	2.2526908402	2.2557201417	2.2587390253	2.2617495564	2.2647526385	2.2677455115	2.2707241466	2.2736946024	2.2766493591	2.2795867265	2.2825087283	2.2854133050	2.2882949760	2.2911581848	2.2939987267	2.2968129258	2.2996008725	2.3023658709	2.3050994629	2.3078024897	2.3104740541	2.3131135021	2.3157159372	2.3182832207	2.3208136580	2.3233040183	2.3257526793	2.3281585977	2.3305231868	2.3328409081	2.3351105355	2.3373338007	2.3395068468	2.3416287267	2.3436970364	2.3457104300	2.3476711703	2.3495747403	2.3514194504	2.3532040767	2.3549287804	2.3565909759	2.3581908792	2.3597261949	2.3611955456	2.3625978596	2.3639320945	2.3651985889	2.3663952138	2.3675207284	2.3685744101	2.3695552463	2.3704623260	2.3712948493	2.3720522293	2.3727335993	2.3733382265	2.3738654704	2.3743147327	2.3746854590	2.3749771404	2.3751893752	2.3753217455	2.3753737430	2.3753450405	2.3752353565	2.3750445289	2.3747724767	2.3744189570	2.3739838799	2.3734672036	2.3728689341	2.3721891242	2.3714278847	2.3705855890	2.3696622153	2.3686580036	2.3675733011	2.3664086144	2.3651641119	2.3638406292	2.3624396313	2.3609603226	2.3594032556	2.3577690244	2.3560590917	2.3542743273	2.3524151399	2.3504825525	2.3484765124	2.3463978458	2.3442508636	2.3420341400	2.3397477462	2.3373936428	2.3349728009	2.3324888371	2.3299392383	2.3273259938	2.3246538796	2.3219208550	2.3191278126	2.3162771657	2.3133732119	2.3104118893	2.3073986655	2.3043342150	2.3012179105	2.2980522328	2.2948434272	2.2915853510	2.2882834123	2.2849415960	2.2815544059	2.2781317780	2.2746699973	2.2711693762	2.2676379318	2.2640702028	2.2604721355	2.2568447477	2.2531837981	2.2495033589	2.2457928065	2.2420585019	2.2383046226	2.2345249183	2.2307312623	2.2269156525	2.2230846725	2.2192387216	2.2153784308	2.2115071848	2.2076184834	2.2037306345	2.1998277153	2.1959197219	2.1920044843	2.1880862634	2.1841654259	2.1802384197	2.1763165560	1.8836037106	1.8836037106	1.8836037106	1.8836037106	1.8836037106	1.8836037106	1.8836037106	1.8836037106	1.8836037106	1.8836037106	1.8836037106	1.8836037106	1.8836037106	1.8836037106	1.8836037106	1.8836037106	1.8836037106	1.8836037106	1.8836037106	1.8836037106	1.8836037106	1.8836037106	1.8836037106	1.8836037106	1.8836037106	1.8836037106	1.8836037106	1.8836037106	1.8836037106	1.8836037106	1.8836037106	1.8836037106	1.8836037106	1.8836037106	1.8836037106	1.8836037106	1.8836037106	1.8836037106	1.8836037106	1.8836037106	1.8836037106	1.8836037106	1.8836037106	1.8836037106	1.8836037106
1.8836037106	1.8836037106	1.8836037106	1.8836037106	1.8836037106	1.8836037106	1.8836037106	1.8836037106	1.8836037106	1.8836037106	1.8836037106	1.8836037106	1.8836037106	1.8836037106	1.8836037106	1.8836037106	1.8836037106	1.8836037106	1.8836037106	1.8836037106	1.8836037106	1.8836037106	1.8836037106	1.8836037106	1.8836037106	1.8836037106	1.8836037106	1.8836037106	1.8836037106	1.8836037106	1.8836037106	1.8836037106	1.8836037106	1.8836037106	1.8836037106	1.8836037106	1.8836037106	1.8836037106	1.8836037106	1.8836037106	1.8836037106	1.8836037106	1.8836037106	1.8836037106	2.1752020155	2.1780476103	2.1809075697	2.1837907590	2.1866907530	2.1896050749	2.1925407559	2.1954905280	2.1984536105	2.2014328228	2.2044253663	2.2074252085	2.2104468442	2.2134749522	2.2165121202	2.2195606294	2.2226165160	2.2256782278	2.2287501523	2.2318253341	2.2349024412	2.2379889365	2.2410738338	2.2441603883	2.2472481240	2.2503328477	2.2534136917	2.2564968157	2.2595707231	2.2626389686	2.2657020338	2.2687538161	2.2717960445	2.2748287885	2.2778468308	2.2808489154	2.2838402630	2.2868115220	2.2897642926	2.2926980554	2.2956099350	2.2984958227	2.3013624735	2.3042016403	2.3070116964	2.3097926826	2.3125454745	2.3152636969	2.3179483924	2.3205996090	2.3232133005	2.3257876581	2.3283219777	2.3308171796	2.3332677604	2.3356732990	2.3380340023	2.3403473617	2.3426110246	2.3448231728	2.3469845043	2.3490936712	2.3511470803	2.3531434266	2.3550829097	2.3569628916	2.3587837351	2.3605423756	2.3622376094	2.3638682578	2.3654348270	2.3669348263	2.3683669253	2.3697301232	2.3710231677	2.3722452893	2.3733954002	2.3744724367	2.3754758314	2.3764049362	2.3772583307	2.3780352384	2.3787349228	2.3793566883	2.3798998811	2.3803638906	2.3807481507	2.3810521419	2.3812753914	2.3814174732	2.3814780074	2.3814566604	2.3813531454	2.3811672233	2.3808987028	2.3805474428	2.3801133518	2.3795963879	2.3789965578	2.3783139159	2.3775485643	2.3767006530	2.3757703795	2.3747583281	2.3736651312	2.3724905309	2.3712349847	2.3698991859	2.3684833089	2.3669880816	2.3654140511	2.3637621704	2.3620343074	2.3602295239	2.3583485523	2.3563926458	2.3543637491	2.3522619221	2.3500882609	2.3478427640	2.3455271998	2.3431458037	2.3406957501	2.3381784610	2.3355964038	2.3329519596	2.3302440856	2.3274736777	2.3246465118	2.3217600784	2.3188153984	2.3158157999	2.3127638767	2.3096564624	2.3065004498	2.3032951558	2.3000387658	2.2967394009	2.2933950089	2.2900056051	2.2865758783	2.2831053949	2.2795958555	2.2760517142	2.2724697163	2.2688550146	2.2652091840	2.2615312549	2.2578262804	2.2540904893	2.2503326088	2.2465496432	2.2427423514	2.2389169437	2.2350661893	2.2312045539	2.2273220696	2.2234244996	2.2195146364	2.2155908420	2.2116577898	2.2077087774	2.2037615814	2.1998009427	2.1958366588	2.1918661456	2.1878946720	2.1839212514	2.1799442282	2.1759717255	1.8836037106	1.8836037106	1.8836037106	1.8836037106	1.8836037106	1.8836037106	1.8836037106	1.8836037106	1.8836037106	1.8836037106	1.8836037106	1.8836037106	1.8836037106	1.8836037106	1.8836037106	1.8836037106	1.8836037106	1.8836037106	1.8836037106	1.8836037106	1.8836037106	1.8836037106	1.8836037106	1.8836037106	1.8836037106	1.8836037106	1.8836037106	1.8836037106	1.8836037106	1.8836037106	1.8836037106	1.8836037106	1.8836037106	1.8836037106	1.8836037106	1.8836037106	1.8836037106	1.8836037106	1.8836037106	1.8836037106	1.8836037106	1.8836037106	1.8836037106	1.8836037106
1.8836037106	1.8836037106	1.8836037106	1.8836037106	1.8836037106	1.8836037106	1.8836037106	1.8836037106	1.8836037106	1.8836037106	1.8836037106	1.8836037106	1.8836037106	1.8836037106	1.8836037106	1.8836037106	1.8836037106	1.8836037106	1.8836037106	1.8836037106	1.8836037106	1.8836037106	1.8836037106	1.8836037106	1.8836037106	1.8836037106	1.8836037106	1.8836037106	1.8836037106	1.8836037106	1.8836037106	1.8836037106	1.8836037106	1.8836037106	1.8836037106	1.8836037106	1.8836037106	1.8836037106	1.8836037106	1.8836037106	1.8836037106	1.8836037106	1.8836037106	2.1748848477	2.1777532012	2.1806352222	2.1835424198	2.1864675110	2.1894079022	2.1923700533	2.1953482437	2.1983404103	2.2013499910	2.2043742275	2.2074068289	2.2104623830	2.2135256095	2.2165991699	2.2196854981	2.2227800575	2.2258823851	2.2289957182	2.2321135049	2.2352343872	2.2383669232	2.2414979549	2.2446331356	2.2477705592	2.2509052854	2.2540401178	2.2571759651	2.2603047353	2.2634289246	2.2665503109	2.2696599945	2.2727644977	2.2758586673	2.2789394340	2.2820076516	2.2850641697	2.2881012596	2.2911240703	2.2941282918	2.2971099510	2.3000706348	2.3030110655	2.3059237616	2.3088108523	2.3116712273	2.3145012157	2.3172986419	2.3200668716	2.3227999010	2.3254961242	2.3281546340	2.3307770289	2.3333571697	2.3358949329	2.3383900247	2.3408404721	2.3432431628	2.3455964796	2.3479029902	2.3501578200	2.3523589114	2.3545059296	2.3565971343	2.3586323505	2.3606086418	2.3625244443	2.3643787723	2.3661721265	2.3679011805	2.3695651023	2.3711623072	2.3726920132	2.3741528109	2.3755439152	2.3768647170	2.3781132947	2.3792886614	2.3803898659	2.3814159952	2.3823661759	2.3832400407	2.3840363316	2.3847542530	2.3853930952	2.3859521914	2.3864310228	2.3868289302	2.3871453347	2.3873797541	2.3875317535	2.3876009455	2.3875869901	2.3874895947	2.3873085154	2.3870435575	2.3866945773	2.3862614820	2.3857443442	2.3851431334	2.3844578556	2.3836886158	2.3828355675	2.3818992300	2.3808798162	2.3797773984	2.3785923268	2.3773249993	2.3759758598	2.3745459331	2.3730360832	2.3714461033	2.3697770982	2.3680292666	2.3662037181	2.3643008738	2.3623238488	2.3602713737	2.3581441250	2.3559439478	2.3536722343	2.3513301185	2.3489175246	2.3464351182	2.3438881569	2.3412747830	2.3385951631	2.3358526809	2.3330491249	2.3301840498	2.3272584789	2.3242776800	2.3212396375	2.3181452599	2.3149994677	2.3118016386	2.3085522899	2.3052556632	2.3019113589	2.2985188591	2.2950883664	2.2916114665	2.2880941785	2.2845405471	2.2809446444	2.2773184752	2.2736554851	2.2699582320	2.2662346801	2.2624776036	2.2586956949	2.2548855703	2.2510512798	2.2471964778	2.2433173298	2.2394210267	2.2355015829	2.2315715093	2.2276230045	2.2236600176	2.2196870311	2.2157008797	2.2117070544	2.2076986052	2.2036934572	2.1996762285	2.1956568704	2.1916320151	2.1876086971	2.1835838353	2.1795582024	2.1755359219	1.8836037106	1.8836037106	1.8836037106	1.8836037106	1.8836037106	1.8836037106	1.8836037106	1.8836037106	1.8836037106	1.8836037106	1.8836037106	1.8836037106	1.8836037106	1.8836037106	1.8836037106	1.8836037106	1.8836037106	1.8836037106	1.8836037106	1.8836037106	1.8836037106	1.8836037106	1.8836037106	1.8836037106	1.8836037106	1.8836037106	1.8836037106	1.8836037106	1.8836037106	1.8836037106	1.8836037106	1.8836037106	1.8836037106	1.8836037106	1.8836037106	1.8836037106	1.8836037106	1.8836037106	1.8836037106	1.8836037106	1.8836037106	1.8836037106	1.8836037106
1.8836037106	1.8836037106	1.8836037106	1.8836037106	1.8836037106	1.8836037106	1.8836037106	1.8836037106	1.8836037106	1.8836037106	1.8836037106	1.8836037106	1.8836037106	1.8836037106	1.8836037106	1.8836037106	1.8836037106	1.8836037106	1.8836037106	1.8836037106	1.8836037106	1.8836037106	1.8836037106	1.8836037106	1.8836037106	1.8836037106	1.8836037106	1.8836037106	1.8836037106	1.8836037106	1.8836037106	1.8836037106	1.8836037106	1.8836037106	1.8836037106	1.8836037106	1.8836037106	1.8836037106	1.8836037106	1.8836037106	1.8836037106	1.8836037106	2.1745058786	2.1773960082	2.1802986682	2.1832288824	2.1861775657	2.1891427665	2.1921298633	2.1951352696	2.1981550891	2.2011936495	2.2042483612	2.2073125030	2.2104003548	2.2134974626	2.2166060373	2.2197286980	2.2228607068	2.2260021016	2.2291555295	2.2323146314	2.2354788393	2.2386551066	2.2418310794	2.2450134523	2.2481992101	2.2513827759	2.2545700233	2.2577574516	2.2609401013	2.2641202340	2.2672971887	2.2704640199	2.2736291067	2.2767835930	2.2799260031	2.2830596250	2.2861797935	2.2892842295	2.2923744015	2.2954471842	2.2984977909	2.3015335266	2.3045455588	2.3075329271	2.3104958192	2.3134332831	2.3163398748	2.3192196269	2.3220677426	2.3248816847	2.3276600834	2.3304056852	2.3331117440	2.3357776989	2.3384037712	2.3409877154	2.3435262579	2.3460179133	2.3484658106	2.3508635721	2.3532097715	2.3555048147	2.3577463545	2.3599334244	2.3620632499	2.3641344747	2.3661483435	2.3681009789	2.3699913808	2.3718179615	2.3735797836	2.3752753236	2.3769046113	2.3784650453	2.3799554875	2.3813748310	2.3827221646	2.3839968644	2.3851973010	2.3863225738	2.3873719463	2.3883442380	2.3892385990	2.3900542297	2.3907903687	2.3914462770	2.3920212746	2.3925147260	2.3929260421	2.3932546821	2.3935001921	2.3936621409	2.3937400381	2.3937335371	2.3936423398	2.3934661975	2.3932050344	2.3928586477	2.3924269238	2.3919098203	2.3913073452	2.3906195564	2.3898465616	2.3889885403	2.3880456823	2.3870182429	2.3859065941	2.3847113495	2.3834326245	2.3820710897	2.3806276540	2.3791022853	2.3774955743	2.3758081560	2.3740417138	2.3721966768	2.3702735295	2.3682729631	2.3661960090	2.3640434276	2.3618186156	2.3595198818	2.3571482138	2.3547068590	2.3521958266	2.3496163350	2.3469683090	2.3442563266	2.3414804423	2.3386397969	2.3357380432	2.3327772623	2.3297564913	2.3266781889	2.3235459564	2.3203582584	2.3171164421	2.3138276196	2.3104863421	2.3070983036	2.3036647578	2.3001837907	2.2966630717	2.2931008452	2.2894974148	2.2858579615	2.2821798242	2.2784693193	2.2747256916	2.2709478946	2.2671452034	2.2633098411	2.2594516607	2.2555677847	2.2516581932	2.2477322031	2.2437820936	2.2398159076	2.2358289776	2.2318314158	2.2278176949	2.2237905297	2.2197552696	2.2157079691	2.2116544624	2.2075875067	2.2035258581	2.1994532227	2.1953800591	2.1913018468	2.1872281455	2.1831534704	2.1790802205	2.1750090083	1.8836037106	1.8836037106	1.8836037106	1.8836037106	1.8836037106	1.8836037106	1.8836037106	1.8836037106	1.8836037106	1.8836037106	1.8836037106	1.8836037106	1.8836037106	1.8836037106	1.8836037106	1.8836037106	1.8836037106	1.8836037106	1.8836037106	1.8836037106	1.8836037106	1.8836037106	1.8836037106	1.8836037106	1.8836037106	1.8836037106	1.8836037106	1.8836037106	1.8836037106	1.8836037106	1.8836037106	1.8836037106	1.8836037106	1.8836037106	1.8836037106	1.8836037106	1.8836037106	1.8836037106	1.8836037106	1.8836037106	1.8836037106	1.8836037106
1.8836037106	1.8836037106	1.8836037106	1.8836037106	1.8836037106	1.8836037106	1.8836037106	1.8836037106	1.8836037106	1.8836037106	1.8836037106	1.8836037106	1.8836037106	1.8836037106	1.8836037106	1.8836037106	1.8836037106	1.8836037106	1.8836037106	1.8836037106	1.8836037106	1.8836037106	1.8836037106	1.8836037106	1.8836037106	1.8836037106	1.8836037106	1.8836037106	1.8836037106	1.8836037106	1.8836037106	1.8836037106	1.8836037106	1.8836037106	1.8836037106	1.8836037106	1.8836037106	1.8836037106	1.8836037106	1.8836037106	1.8836037106	2.1740657260	2.1769767490	2.1799002653	2.1828506851	2.1858216418	2.1888103709	2.1918208718	2.1948522710	2.1978982930	2.2009644233	2.2040483684	2.2071428066	2.2102613115	2.2133910354	2.2165332178	2.2196906947	2.2228588970	2.2260377780	2.2292299517	2.2324290423	2.2356349825	2.2388537378	2.2420734164	2.2453015051	2.2485341985	2.2517653944	2.2550034353	2.2582412522	2.2614764428	2.2647111023	2.2679424829	2.2711672988	2.2743899544	2.2776033027	2.2808061153	2.2840037762	2.2871865822	2.2903573007	2.2935144522	2.2966540082	2.2997755022	2.3028821670	2.3059649720	2.3090263114	2.3120654510	2.3150776339	2.3180628734	2.3210215774	2.3239489201	2.3268437141	2.3297069883	2.3325349906	2.3353247679	2.3380780642	2.3407915609	2.3434624160	2.3460889794	2.3486743197	2.3512118874	2.3537006007	2.3561401608	2.3585292513	2.3608653904	2.3631464040	2.3653724520	2.3675417963	2.3696522009	2.3717019640	2.3736901246	2.3756152773	2.3774769348	2.3792724907	2.3810006940	2.3826604495	2.3842512384	2.3857710588	2.3872191376	2.3885941068	2.3898948023	2.3911202257	2.3922693538	2.3933412364	2.3943354561	2.3952506600	2.3960859757	2.3968406218	2.3975138605	2.3981049981	2.3986133864	2.3990384245	2.3993795605	2.3996362928	2.3998081695	2.3998947882	2.3998957956	2.3998108882	2.3996398129	2.3993823677	2.3990384041	2.3986078265	2.3980905923	2.3974867102	2.3967962399	2.3960192917	2.3951560267	2.3942066571	2.3931715874	2.3920514613	2.3908462236	2.3895562962	2.3881821704	2.3867243260	2.3851836140	2.3835605684	2.3818559830	2.3800709098	2.3782054360	2.3762603438	2.3742372779	2.3721374061	2.3699610217	2.3677088628	2.3653822344	2.3629831333	2.3605127615	2.3579706061	2.3553593254	2.3526801495	2.3499344286	2.3471216452	2.3442464715	2.3413093360	2.3383094174	2.3352499856	2.3321343053	2.3289597746	2.3257316015	2.3224504847	2.3191160341	2.3157318049	2.3123006687	2.3088204183	2.3052967261	2.3017287440	2.2981170260	2.2944698817	2.2907807198	2.2870558415	2.2832961090	2.2795018822	2.2756782539	2.2718216130	2.2679393704	2.2640283804	2.2600935257	2.2561359797	2.2521522734	2.2481558141	2.2441357090	2.2401007233	2.2360471185	2.2319834503	2.2279054771	2.2238154362	2.2197188120	2.2156116301	2.2114995910	2.2073757300	2.2032584711	2.1991316645	2.1950060167	2.1908754844	2.1867531639	2.1826296900	2.1785102029	2.1743908615	1.8836037106	1.8836037106	1.8836037106	1.8836037106	1.8836037106	1.8836037106	1.8836037106	1.8836037106	1.8836037106	1.8836037106	1.8836037106	1.8836037106	1.8836037106	1.8836037106	1.8836037106	1.8836037106	1.8836037106	1.8836037106	1.8836037106	1.8836037106	1.8836037106	1.8836037106	1.8836037106	1.8836037106	1.8836037106	1.8836037106	1.8836037106	1.8836037106	1.8836037106	1.8836037106	1.8836037106	1.8836037106	1.8836037106	1.8836037106	1.8836037106	1.8836037106	1.8836037106	1.8836037106	1.8836037106	1.8836037106	1.8836037106
1.8836037106	1.8836037106	1.8836037106	1.8836037106	1.8836037106	1.8836037106	1.8836037106	1.8836037106	1.8836037106	1.8836037106	1.8836037106	1.8836037106	1.8836037106	1.8836037106	1.8836037106	1.8836037106	1.8836037106	1.8836037106	1.8836037106	1.8836037106	1.8836037106	1.8836037106	1.8836037106	1.8836037106	1.8836037106	1.8836037106	1.8836037106	1.8836037106	1.8836037106	1.8836037106	1.8836037106	1.8836037106	1.8836037106	1.8836037106	1.8836037106	1.8836037106	1.8836037106	1.8836037106	1.8836037106	1.8836037106	2.1735650266	2.1764961356	2.1794396268	2.1824086190	2.1854005184	2.1884114744	2.1914438210	2.1944999709	2.1975707274	2.2006629983	2.2037749128	2.2068983794	2.2100458711	2.2132069194	2.2163812760	2.2195720254	2.2227751345	2.2259898902	2.2292194274	2.2324571451	2.2357031885	2.2389631499	2.2422254054	2.2454975458	2.2487757335	2.2520533051	2.2553404715	2.2586274364	2.2619137789	2.2652014967	2.2684861069	2.2717673956	2.2750466100	2.2783178946	2.2815811150	2.2848397215	2.2880840883	2.2913197963	2.2945427433	2.2977480717	2.3009405218	2.3041157605	2.3072699502	2.3104040076	2.3135170653	2.3166031745	2.3196674103	2.3227036012	2.3257097264	2.3286856425	2.3316313041	2.3345409442	2.3374166451	2.3402554065	2.3430546806	2.3458119221	2.3485308360	2.3512047065	2.3538322813	2.3564131237	2.3589462991	2.3614285682	2.3638579900	2.3662357909	2.3685583215	2.3708239422	2.3730312960	2.3751787339	2.3772665073	2.3792913048	2.3812517780	2.3831470123	2.3849759515	2.3867368276	2.3884285300	2.3900494911	2.3915985560	2.3930745356	2.3944768817	2.3958040964	2.3970549400	2.3982284036	2.3993235179	2.4003393555	2.4012750871	2.4021298541	2.4029028154	2.4035932187	2.4042003571	2.4047236079	2.4051623381	2.4055159565	2.4057839513	2.4059658621	2.4060612788	2.4060698414	2.4059912408	2.4058252190	2.4055715706	2.4052301444	2.4048008435	2.4042836431	2.4036785936	2.4029857085	2.4022051009	2.4013369358	2.4003814705	2.3993390057	2.3982098030	2.3969942375	2.3956927339	2.3943057663	2.3928341805	2.3912787434	2.3896395996	2.3879174549	2.3861129755	2.3842275154	2.3822614094	2.3802164771	2.3780925579	2.3758905717	2.3736128774	2.3712599123	2.3688325932	2.3663317183	2.3637588078	2.3611171327	2.3584050320	2.3556249693	2.3527788965	2.3498680777	2.3468918571	2.3438557814	2.3407591023	2.3376021093	2.3343879892	2.3311192155	2.3277932881	2.3244185221	2.3209914016	2.3175131985	2.3139908204	2.3104199805	2.3068060404	2.3031503265	2.2994500539	2.2957165225	2.2919424080	2.2881324984	2.2842916139	2.2804145214	2.2765115166	2.2725767028	2.2686159046	2.2646299392	2.2606199039	2.2565891245	2.2525325497	2.2484664107	2.2443773470	2.2402747142	2.2361553118	2.2320268714	2.2278857873	2.2237342355	2.2195772156	2.2154114782	2.2112421117	2.2070633945	2.2028910747	2.1987113839	2.1945346237	2.1903531688	2.1861837383	2.1820124857	2.1778481372	2.1736814681	1.8836037106	1.8836037106	1.8836037106	1.8836037106	1.8836037106	1.8836037106	1.8836037106	1.8836037106	1.8836037106	1.8836037106	1.8836037106	1.8836037106	1.8836037106	1.8836037106	1.8836037106	1.8836037106	1.8836037106	1.8836037106	1.8836037106	1.8836037106	1.8836037106	1.8836037106	1.8836037106	1.8836037106	1.8836037106	1.8836037106	1.8836037106	1.8836037106	1.8836037106	1.8836037106	1.8836037106	1.8836037106	1.8836037106	1.8836037106	1.8836037106	1.8836037106	1.8836037106	1.8836037106	1.8836037106	1.8836037106
1.8836037106	1.8836037106	1.8836037106	1.8836037106	1.8836037106	1.8836037106	1.8836037106	1.8836037106	1.8836037106	1.8836037106	1.8836037106	1.8836037106	1.8836037106	1.8836037106	1.8836037106	1.8836037106	1.8836037106	1.8836037106	1.8836037106	1.8836037106	1.8836037106	1.8836037106	1.8836037106	1.8836037106	1.8836037106	1.8836037106	1.8836037106	1.8836037106	1.8836037106	1.8836037106	1.8836037106	1.8836037106	1.8836037106	1.8836037106	1.8836037106	1.8836037106	1.8836037106	1.8836037106	1.8836037106	2.1730065604	2.1759549577	2.1789174060	2.1819035149	2.1849150210	2.1879468880	2.1909995080	2.1940791484	2.1971733312	2.2002909707	2.2034287191	2.2065799243	2.2097547168	2.2129457730	2.2161508455	2.2193732980	2.2226099980	2.2258589887	2.2291244753	2.2323994252	2.2356839095	2.2389837582	2.2422872988	2.2456019120	2.2489241114	2.2522467605	2.2555813405	2.2589161658	2.2622522230	2.2655914806	2.2689280717	2.2722642672	2.2755987361	2.2789266739	2.2822494960	2.2855671820	2.2888735027	2.2921719062	2.2954588054	2.2987288334	2.3019908189	2.3052336234	2.3084582571	2.3116649429	2.3148497512	2.3180115102	2.3211513531	2.3242639143	2.3273480535	2.3304059277	2.3334313940	2.3364241547	2.3393835717	2.3423070324	2.3451911834	2.3480386359	2.3508449380	2.3536073469	2.3563258560	2.3589992601	2.3616243166	2.3641990043	2.3667249752	2.3691977780	2.3716158713	2.3739781115	2.3762834297	2.3785303029	2.3807162321	2.3828400325	2.3849010467	2.3868971463	2.3888270906	2.3906891965	2.3924821634	2.3942051144	2.3958568653	2.3974356943	2.3989404286	2.4003699300	2.4017231981	2.4029990975	2.4041965586	2.4053147066	2.4063525014	2.4073090124	2.4081833831	2.4089748018	2.4096825021	2.4103057632	2.4108439118	2.4112963231	2.4116624235	2.4119416682	2.4121336102	2.4122378438	2.4122540025	2.4121817715	2.4120208882	2.4117711435	2.4114323426	2.4110044154	2.4104873202	2.4098810674	2.4091857200	2.4084013940	2.4075282581	2.4065665344	2.4055164995	2.4043784897	2.4031530326	2.4018404231	2.4004411793	2.3989559241	2.3973851242	2.3957294091	2.3939894565	2.3921666785	2.3902615089	2.3882745026	2.3862064912	2.3840590116	2.3818327644	2.3795293272	2.3771487723	2.3746925516	2.3721633014	2.3695608315	2.3668861895	2.3641405976	2.3613284394	2.3584474135	2.3555001888	2.3524889346	2.3494146114	2.3462767318	2.3430825012	2.3398284356	2.3365170102	2.3331515704	2.3297319863	2.3262605614	2.3227405905	2.3191706247	2.3155545871	2.3118949688	2.3081906636	2.3044466036	2.3006608122	2.2968390269	2.2929817555	2.2890883588	2.2851648440	2.2812063486	2.2772241518	2.2732119159	2.2691736394	2.2651134269	2.2610292784	2.2569262632	2.2527986025	2.2486632001	2.2445062843	2.2403372253	2.2361529672	2.2319611537	2.2277581620	2.2235465253	2.2193301354	2.2151072255	2.2108817998	2.2066498358	2.2024235390	2.1981923004	2.1939658475	2.1897372224	2.1855197405	2.1813019438	2.1770941312	2.1728834294	1.8836037106	1.8836037106	1.8836037106	1.8836037106	1.8836037106	1.8836037106	1.8836037106	1.8836037106	1.8836037106	1.8836037106	1.8836037106	1.8836037106	1.8836037106	1.8836037106	1.8836037106	1.8836037106	1.8836037106	1.8836037106	1.8836037106	1.8836037106	1.8836037106	1.8836037106	1.8836037106	1.8836037106	1.8836037106	1.8836037106	1.8836037106	1.8836037106	1.8836037106	1.8836037106	1.8836037106	1.8836037106	1.8836037106	1.8836037106	1.8836037106	1.8836037106	1.8836037106	1.8836037106	1.8836037106
1.8836037106	1.8836037106	1.8836037106	1.8836037106	1.8836037106	1.8836037106	1.8836037106	1.8836037106	1.8836037106	1.8836037106	1.8836037106	1.8836037106	1.8836037106	1.8836037106	1.8836037106	1.8836037106	1.8836037106	1.8836037106	1.8836037106	1.8836037106	1.8836037106	1.8836037106	1.8836037106	1.8836037106	1.8836037106	1.8836037106	1.8836037106	1.8836037106	1.8836037106	1.8836037106	1.8836037106	1.8836037106	1.8836037106	1.8836037106	1.8836037106	1.8836037106	1.8836037106	1.8836037106	1.8836037106	2.1753540862	2.1783344951	2.1813362622	2.1843660249	2.1874174718	2.1904887818	2.1935906371	2.1967080307	2.1998485049	2.2030105725	2.2061882062	2.2093885954	2.2126083204	2.2158426274	2.2190951899	2.2223641377	2.2256456972	2.2289456896	2.2322564453	2.2355776767	2.2389160586	2.2422592893	2.2456150257	2.2489797149	2.2523461018	2.2557263416	2.2591076943	2.2624919824	2.2658812128	2.2692684859	2.2726579701	2.2760463347	2.2794295865	2.2828104429	2.2861859853	2.2895530174	2.2929131944	2.2962622935	2.2995981443	2.3029258927	2.3062353500	2.3095290616	2.3128071404	2.3160627148	2.3192996446	2.3225138181	2.3257021999	2.3288649194	2.3320014468	2.3351060922	2.3381816849	2.3412244307	2.3442309943	2.3472019512	2.3501364583	2.3530294563	2.3558814967	2.3586908952	2.3614550078	2.3641712777	2.3668415740	2.3694612469	2.3720287362	2.3745426772	2.3770026923	2.3794060132	2.3817506028	2.3840359086	2.3862599553	2.3884214858	2.3905184401	2.3925494341	2.3945136417	2.3964095653	2.3982354022	2.3999898576	2.4016717648	2.4032798710	2.4048129488	2.4062699254	2.4076495311	2.4089506794	2.4101723225	2.4113134534	2.4123730299	2.4133501653	2.4142440428	2.4150538356	2.4157787553	2.4164180693	2.4169710990	2.4174372079	2.4178158112	2.4181063776	2.4183084289	2.4184215397	2.4184453367	2.4183794993	2.4182237602	2.4179779066	2.4176417821	2.4172152873	2.4166983784	2.4160910665	2.4153934158	2.4146055299	2.4137275953	2.4127598391	2.4117025371	2.4105558960	2.4093204338	2.4079965941	2.4065848709	2.4050858084	2.4035001184	2.4018284210	2.4000713973	2.3982298376	2.3963044158	2.3942959645	2.3922060246	2.3900353630	2.3877845249	2.3854546678	2.3830471741	2.3805636783	2.3780045923	2.3753707086	2.3726654847	2.3698886144	2.3670412053	2.3641245519	2.3611432113	2.3580947560	2.3549824633	2.3518082121	2.3485724413	2.3452764778	2.3419259761	2.3385172212	2.3350543092	2.3315409961	2.3279736304	2.3243606844	2.3206991389	2.3169900353	2.3132417388	2.3094476238	2.3056157559	2.3017448691	2.2978357265	2.2938958220	2.2899197759	2.2859144188	2.2818770747	2.2778152079	2.2737261180	2.2696115210	2.2654778655	2.2613207478	2.2571465645	2.2529494568	2.2487454981	2.2445219050	2.2402877076	2.2360395989	2.2317858751	2.2275222396	2.2232520033	2.2189773253	2.2146986808	2.2104185745	2.2061349669	2.2018558257	2.1975744229	2.1932997443	2.1890255843	2.1847613223	2.1804982520	2.1762483722	1.8836037106	1.8836037106	1.8836037106	1.8836037106	1.8836037106	1.8836037106	1.8836037106	1.8836037106	1.8836037106	1.8836037106	1.8836037106	1.8836037106	1.8836037106	1.8836037106	1.8836037106	1.8836037106	1.8836037106	1.8836037106	1.8836037106	1.8836037106	1.8836037106	1.8836037106	1.8836037106	1.8836037106	1.8836037106	1.8836037106	1.8836037106	1.8836037106	1.8836037106	1.8836037106	1.8836037106	1.8836037106	1.8836037106	1.8836037106	1.8836037106	1.8836037106	1.8836037106	1.8836037106	1.8836037106
1.8836037106	1.8836037106	1.8836037106	1.8836037106	1.8836037106	1.8836037106	1.8836037106	1.8836037106	1.8836037106	1.8836037106	1.8836037106	1.8836037106	1.8836037106	1.8836037106	1.8836037106	1.8836037106	1.8836037106	1.8836037106	1.8836037106	1.8836037106	1.8836037106	1.8836037106	1.8836037106	1.8836037106	1.8836037106	1.8836037106	1.8836037106	1.8836037106	1.8836037106	1.8836037106	1.8836037106	1.8836037106	1.8836037106	1.8836037106	1.8836037106	1.8836037106	1.8836037106	1.8836037106	2.1746943776	2.1776918334	2.1807078148	2.1837544652	2.1868243276	2.1899149409	2.1930353231	2.1961746314	2.1993364178	2.2025213167	2.2057240501	2.2089483166	2.2121953499	2.2154573888	2.2187384469	2.2220382737	2.2253507117	2.2286837383	2.2320288441	2.2353850997	2.2387606275	2.2421420008	2.2455373934	2.2489430131	2.2523517580	2.2557758636	2.2592023675	2.2626333580	2.2660709480	2.2695075552	2.2729486600	2.2763895093	2.2798266816	2.2832639486	2.2866960658	2.2901223059	2.2935428542	2.2969529276	2.3003536592	2.3037453560	2.3071213090	2.3104832633	2.3138299988	2.3171558396	2.3204660665	2.3237535138	2.3270166883	2.3302576899	2.3334711182	2.3366563130	2.3398125886	2.3429368114	2.3460259343	2.3490840916	2.3521035394	2.3550841726	2.3580249644	2.3609240211	2.3637779097	2.3665881877	2.3693509261	2.3720641313	2.3747263532	2.3773374444	2.3798941074	2.3823944220	2.3848382460	2.3872230075	2.3895471967	2.3918089781	2.3940071399	2.3961407598	2.3982075314	2.4002060534	2.4021350963	2.4039932172	2.4057792106	2.4074916623	2.4091292635	2.4106907966	2.4121750271	2.4135807385	2.4149069591	2.4161526063	2.4173166604	2.4183981494	2.4193960942	2.4203095637	2.4211378115	2.4218800419	2.4225355073	2.4231033720	2.4235830734	2.4239741006	2.4242759125	2.4244880220	2.4246099962	2.4246414550	2.4245820723	2.4244315760	2.4241897497	2.4238564346	2.4234315297	2.4229149912	2.4223066567	2.4216066681	2.4208152099	2.4199324586	2.4189586287	2.4178938971	2.4167387264	2.4154935164	2.4141586933	2.4127347843	2.4112222785	2.4096217147	2.4079338727	2.4061594594	2.4042992473	2.4023542563	2.4003251611	2.3982129870	2.3960185007	2.3937426796	2.3913876517	2.3889536015	2.3864414812	2.3838530955	2.3811897574	2.3784526960	2.3756423204	2.3727620825	2.3698121198	2.3667934344	2.3637078279	2.3605590858	2.3573451737	2.3540703815	2.3507357851	2.3473410801	2.3438912277	2.3403866502	2.3368275384	2.3332179484	2.3295578950	2.3258501435	2.3220972287	2.3182979678	2.3144584032	2.3105767277	2.3066567978	2.3027006118	2.2987051009	2.2946831724	2.2906253069	2.2865390751	2.2824236158	2.2782834257	2.2741184523	2.2699286113	2.2657223919	2.2614935248	2.2572493140	2.2529837360	2.2487127304	2.2444237016	2.2401257188	2.2358148268	2.2315008934	2.2271777608	2.2228504675	2.2185186381	2.2141861236	2.2098523435	2.2055187937	2.2011879879	2.1968590118	2.1925364619	2.1882184533	2.1839087264	2.1796045755	2.1753110533	1.8836037106	1.8836037106	1.8836037106	1.8836037106	1.8836037106	1.8836037106	1.8836037106	1.8836037106	1.8836037106	1.8836037106	1.8836037106	1.8836037106	1.8836037106	1.8836037106	1.8836037106	1.8836037106	1.8836037106	1.8836037106	1.8836037106	1.8836037106	1.8836037106	1.8836037106	1.8836037106	1.8836037106	1.8836037106	1.8836037106	1.8836037106	1.8836037106	1.8836037106	1.8836037106	1.8836037106	1.8836037106	1.8836037106	1.8836037106	1.8836037106	1.8836037106	1.8836037106	1.8836037106
1.8836037106	1.8836037106	1.8836037106	1.8836037106	1.8836037106	1.8836037106	1.8836037106	1.8836037106	1.8836037106	1.8836037106	1.8836037106	1.8836037106	1.8836037106	1.8836037106	1.8836037106	1.8836037106	1.8836037106	1.8836037106	1.8836037106	1.8836037106	1.8836037106	1.8836037106	1.8836037106	1.8836037106	1.8836037106	1.8836037106	1.8836037106	1.8836037106	1.8836037106	1.8836037106	1.8836037106	1.8836037106	1.8836037106	1.8836037106	1.8836037106	1.8836037106	1.8836037106	2.1739765328	2.1769903227	2.1800202308	2.1830821259	2.1861686513	2.1892771789	2.1924141442	2.1955740579	2.1987556232	2.2019618523	2.2051883401	2.2084347510	2.2117077128	2.2149959620	2.2183038814	2.2216331950	2.2249747991	2.2283393628	2.2317173354	2.2351071617	2.2385181204	2.2419364562	2.2453696045	2.2488145602	2.2522642453	2.2557303853	2.2592006224	2.2626767441	2.2661610363	2.2696455826	2.2731365919	2.2766284644	2.2801181113	2.2836101110	2.2870974652	2.2905813510	2.2940608079	2.2975305672	2.3009945330	2.3044489364	2.3078900167	2.3113191363	2.3147330351	2.3181297683	2.3215106584	2.3248701545	2.3282074901	2.3315246173	2.3348139867	2.3380786204	2.3413150123	2.3445195154	2.3476935654	2.3508346928	2.3539389680	2.3570062123	2.3600357413	2.3630229107	2.3659684453	2.3688700507	2.3717248910	2.3745315651	2.3772896950	2.3799961651	2.3826489467	2.3852477240	2.3877900277	2.3902740225	2.3926979230	2.3950610211	2.3973612766	2.3995967936	2.4017662040	2.4038680663	2.4059010182	2.4078635334	2.4097541674	2.4115715770	2.4133142534	2.4149811026	2.4165708837	2.4180824097	2.4195144653	2.4208658542	2.4221356292	2.4233225231	2.4244255486	2.4254439924	2.4263769485	2.4272235589	2.4279830136	2.4286545512	2.4292374597	2.4297310785	2.4301347672	2.4304478506	2.4306700448	2.4308009090	2.4308400565	2.4307871554	2.4306419289	2.4304041571	2.4300736746	2.4296501300	2.4291336757	2.4285243243	2.4278221441	2.4270272593	2.4261398505	2.4251601551	2.4240884683	2.4229251429	2.4216701644	2.4203243145	2.4188881468	2.4173620716	2.4157468788	2.4140432094	2.4122518049	2.4103732690	2.4084085234	2.4063584972	2.4042241274	2.4020066004	2.3997067787	2.3973257299	2.3948644005	2.3923245103	2.3897074380	2.3870136706	2.3842449518	2.3814028654	2.3784888947	2.3755033030	2.3724499118	2.3693286598	2.3661406796	2.3628887178	2.3595748371	2.3561985977	2.3527640124	2.3492718167	2.3457215534	2.3421213039	2.3384660920	2.3347605918	2.3310080758	2.3272060793	2.3233622154	2.3194732644	2.3155431970	2.3115749442	2.3075679085	2.3035265496	2.2994475270	2.2953424937	2.2912037241	2.2870376704	2.2828449104	2.2786276303	2.2743879165	2.2701240898	2.2658462602	2.2615469374	2.2572339108	2.2529009080	2.2485644334	2.2442112760	2.2398509243	2.2354783774	2.2311059899	2.2267245692	2.2223418170	2.2179540262	2.2135700045	2.2091831592	2.2048014155	2.2004207101	2.1960464838	2.1916762424	2.1873161175	2.1829632202	2.1786197074	2.1742822801	1.8836037106	1.8836037106	1.8836037106	1.8836037106	1.8836037106	1.8836037106	1.8836037106	1.8836037106	1.8836037106	1.8836037106	1.8836037106	1.8836037106	1.8836037106	1.8836037106	1.8836037106	1.8836037106	1.8836037106	1.8836037106	1.8836037106	1.8836037106	1.8836037106	1.8836037106	1.8836037106	1.8836037106	1.8836037106	1.8836037106	1.8836037106	1.8836037106	1.8836037106	1.8836037106	1.8836037106	1.8836037106	1.8836037106	1.8836037106	1.8836037106	1.8836037106	1.8836037106
1.8836037106	1.8836037106	1.8836037106	1.8836037106	1.8836037106	1.8836037106	1.8836037106	1.8836037106	1.8836037106	1.8836037106	1.8836037106	1.8836037106	1.8836037106	1.8836037106	1.8836037106	1.8836037106	1.8836037106	1.8836037106	1.8836037106	1.8836037106	1.8836037106	1.8836037106	1.8836037106	1.8836037106	1.8836037106	1.8836037106	1.8836037106	1.8836037106	1.8836037106	1.8836037106	1.8836037106	1.8836037106	1.8836037106	1.8836037106	1.8836037106	1.8836037106	2.1732024800	2.1762307973	2.1792756429	2.1823494800	2.1854511052	2.1885761649	2.1917280900	2.1949072866	2.1981070881	2.2013331354	2.2045820176	2.2078488284	2.2111463216	2.2144592424	2.2177924870	2.2211497581	2.2245196950	2.2279137209	2.2313230391	2.2347454634	2.2381892704	2.2416431195	2.2451123306	2.2485949947	2.2520841663	2.2555904738	2.2591029865	2.2626226277	2.2661519224	2.2696829679	2.2732221199	2.2767635052	2.2803041302	2.2838491327	2.2873903313	2.2909302445	2.2944670887	2.2979951849	2.3015206750	2.3050364785	2.3085412502	2.3120360574	2.3155158863	2.3189820180	2.3224323666	2.3258628922	2.3292743432	2.3326649561	2.3360307353	2.3393727434	2.3426875573	2.3459714785	2.3492292180	2.3524524859	2.3556415830	2.3587955209	2.3619112692	2.3649869978	2.3680228952	2.3710150342	2.3739617965	2.3768625224	2.3797148488	2.3825160971	2.3852661483	2.3879623749	2.3906028397	2.3931856946	2.3957105311	2.3981746307	2.4005762962	2.4029142107	2.4051867300	2.4073924198	2.4095296094	2.4115968467	2.4135924737	2.4155153119	2.4173639792	2.4191371714	2.4208333658	2.4224515382	2.4239899812	2.4254479040	2.4268242771	2.4281179942	2.4293279910	2.4304530214	2.4314919351	2.4324442658	2.4333091400	2.4340856287	2.4347729572	2.4353705322	2.4358776812	2.4362937862	2.4366182855	2.4368506745	2.4369905043	2.4370373815	2.4369909683	2.4368509829	2.4366172017	2.4362894606	2.4358676560	2.4353517433	2.4347417356	2.4340377031	2.4332396205	2.4323477061	2.4313622925	2.4302836813	2.4291116450	2.4278470075	2.4264903636	2.4250422381	2.4235032087	2.4218735630	2.4201539997	2.4183454445	2.4164486278	2.4144645141	2.4123939837	2.4102377949	2.4079970221	2.4056727625	2.4032662233	2.4007785272	2.3982109273	2.3955643420	2.3928403047	2.3900409445	2.3871664581	2.3842186929	2.3811994668	2.3781101610	2.3749512922	2.3717269519	2.3684367107	2.3650819086	2.3616666713	2.3581903838	2.3546556352	2.3510648147	2.3474175626	2.3437188197	2.3399689154	2.3361685162	2.3323221442	2.3284279193	2.3244924692	2.3205141894	2.3164944813	2.3124402440	2.3083469886	2.3042213170	2.3000602362	2.2958726144	2.2916539237	2.2874091857	2.2831400203	2.2788469654	2.2745335730	2.2701972559	2.2658488423	2.2614804300	2.2570998694	2.2527005542	2.2483002555	2.2438843402	2.2394630982	2.2350306827	2.2306009812	2.2261626113	2.2217260520	2.2172852999	2.2128498056	2.2084111696	2.2039830250	2.1995552275	2.1951360441	2.1907194134	2.1863195854	2.1819246932	2.1775428705	2.1731636618	1.8836037106	1.8836037106	1.8836037106	1.8836037106	1.8836037106	1.8836037106	1.8836037106	1.8836037106	1.8836037106	1.8836037106	1.8836037106	1.8836037106	1.8836037106	1.8836037106	1.8836037106	1.8836037106	1.8836037106	1.8836037106	1.8836037106	1.8836037106	1.8836037106	1.8836037106	1.8836037106	1.8836037106	1.8836037106	1.8836037106	1.8836037106	1.8836037106	1.8836037106	1.8836037106	1.8836037106	1.8836037106	1.8836037106	1.8836037106	1.8836037106	1.8836037106
1.8836037106	1.8836037106	1.8836037106	1.8836037106	1.8836037106	1.8836037106	1.8836037106	1.8836037106	1.8836037106	1.8836037106	1.8836037106	1.8836037106	1.8836037106	1.8836037106	1.8836037106	1.8836037106	1.8836037106	1.8836037106	1.8836037106	1.8836037106	1.8836037106	1.8836037106	1.8836037106	1.8836037106	1.8836037106	1.8836037106	1.8836037106	1.8836037106	1.8836037106	1.8836037106	1.8836037106	1.8836037106	1.8836037106	1.8836037106	1.8836037106	1.8836037106	2.1754141702	2.1784730799	2.1815574169	2.1846727440	2.1878129449	2.1909781993	2.1941753448	2.1973918318	2.2006361982	2.2039060791	2.2071931034	2.2105122171	2.2138492130	2.2172068724	2.2205888850	2.2239865949	2.2274075697	2.2308465687	2.2343000385	2.2377748873	2.2412627714	2.2447663240	2.2482850381	2.2518122083	2.2553567837	2.2589100771	2.2624715876	2.2660441454	2.2696202069	2.2732056960	2.2767950374	2.2803850954	2.2839813211	2.2875749187	2.2911691866	2.2947618404	2.2983468659	2.3019321097	2.3055079435	2.3090749054	2.3126338550	2.3161783110	2.3197122755	2.3232307677	2.3267310294	2.3302151472	2.3336780889	2.3371192796	2.3405376611	2.3439293862	2.3472942812	2.3506318475	2.3539369113	2.3572096378	2.3604489407	2.3636501327	2.3668149911	2.3699395325	2.3730215884	2.3760600768	2.3790539018	2.3819994333	2.3848964256	2.3877425264	2.3905356801	2.3932738793	2.3959567910	2.3985814615	2.4011462244	2.4036496559	2.4060901451	2.4084659970	2.4107755599	2.4130171453	2.4151892929	2.4172906102	2.4193196496	2.4212747867	2.4231547224	2.4249577073	2.4266829932	2.4283292936	2.4298953610	2.4313791985	2.4327803653	2.4340977392	2.4353300793	2.4364766396	2.4375364171	2.4385084038	2.4393917999	2.4401857661	2.4408895135	2.4415017420	2.4420222270	2.4424505583	2.4427861646	2.4430285323	2.4431772052	2.4432317832	2.4431919229	2.4430573382	2.4428278016	2.4425031467	2.4420832685	2.4415681219	2.4409575892	2.4402511059	2.4394494486	2.4385528057	2.4375614253	2.4364755257	2.4352955395	2.4340219071	2.4326547787	2.4311949057	2.4296426970	2.4279983282	2.4262631736	2.4244379841	2.4225234733	2.4205198920	2.4184287061	2.4162507437	2.4139871658	2.4116390048	2.4092070803	2.4066927970	2.4040973607	2.4014222311	2.3986685797	2.3958375352	2.3929306041	2.3899501995	2.3868964628	2.3837714561	2.3805772145	2.3773146582	2.3739855355	2.3705926322	2.3671360994	2.3636179546	2.3600422837	2.3564072398	2.3527176634	2.3489740238	2.3451769049	2.3413327804	2.3374381968	2.3334982027	2.3295133972	2.3254864749	2.3214196040	2.3173116758	2.3131712086	2.3089927116	2.3047836771	2.3005413587	2.2962724508	2.2919752462	2.2876527286	2.2833081330	2.2789406986	2.2745547652	2.2701475291	2.2657296294	2.2612935646	2.2568468200	2.2523837603	2.2479199574	2.2434427171	2.2389621233	2.2344726928	2.2299858636	2.2254919369	2.2210032735	2.2165115993	2.2120257240	2.2075366173	2.2030639073	2.1985905693	2.1941280604	2.1896699463	2.1852289871	2.1807932043	2.1763744735	1.8836037106	1.8836037106	1.8836037106	1.8836037106	1.8836037106	1.8836037106	1.8836037106	1.8836037106	1.8836037106	1.8836037106	1.8836037106	1.8836037106	1.8836037106	1.8836037106	1.8836037106	1.8836037106	1.8836037106	1.8836037106	1.8836037106	1.8836037106	1.8836037106	1.8836037106	1.8836037106	1.8836037106	1.8836037106	1.8836037106	1.8836037106	1.8836037106	1.8836037106	1.8836037106	1.8836037106	1.8836037106	1.8836037106	1.8836037106	1.8836037106	1.8836037106
1.8836037106	1.8836037106	1.8836037106	1.8836037106	1.8836037106	1.8836037106	1.8836037106	1.8836037106	1.8836037106	1.8836037106	1.8836037106	1.8836037106	1.8836037106	1.8836037106	1.8836037106	1.8836037106	1.8836037106	1.8836037106	1.8836037106	1.8836037106	1.8836037106	1.8836037106	1.8836037106	1.8836037106	1.8836037106	1.8836037106	1.8836037106	1.8836037106	1.8836037106	1.8836037106	1.8836037106	1.8836037106	1.8836037106	1.8836037106	1.8836037106	2.1745413860	2.1776136166	2.1807070475	2.1838346712	2.1869886458	2.1901667544	2.1933793070	2.1966128556	2.1998738864	2.2031615756	2.2064692548	2.2098064061	2.2131661620	2.2165465010	2.2199515615	2.2233755847	2.2268217299	2.2302888388	2.2337717933	2.2372758557	2.2407962697	2.2443324164	2.2478854935	2.2514491427	2.2550300562	2.2586225995	2.2622242932	2.2658383373	2.2694578905	2.2730878704	2.2767235665	2.2803614660	2.2840070877	2.2876515882	2.2912984861	2.2949453172	2.2985858073	2.3022289762	2.3058634096	2.3094909975	2.3131124787	2.3167201913	2.3203203523	2.3239056012	2.3274742316	2.3310294913	2.3345635273	2.3380787350	2.3415722063	2.3450397032	2.3484842072	2.3519005470	2.3552868934	2.3586427975	2.3619652873	2.3652524735	2.3685042152	2.3717164985	2.3748877745	2.3780181411	2.3811033835	2.3841425662	2.3871340716	2.3900757031	2.3929651998	2.3958020794	2.3985835911	2.4013078653	2.4039734056	2.4065786050	2.4091216030	2.4116007225	2.4140140773	2.4163603419	2.4186379714	2.4208452206	2.4229806881	2.4250423338	2.4270294548	2.4289406348	2.4307740688	2.4325281860	2.4342022282	2.4357947221	2.4373048071	2.4387311665	2.4400727821	2.4413282201	2.4424956158	2.4435752213	2.4445660802	2.4454672878	2.4462779904	2.4469973857	2.4476247233	2.4481593066	2.4486003032	2.4489472238	2.4491997235	2.4493573381	2.4494196609	2.4493863427	2.4492570924	2.4490316789	2.4487099331	2.4482916818	2.4477765820	2.4471649321	2.4464568059	2.4456523360	2.4447517148	2.4437551952	2.4426630918	2.4414757793	2.4401925839	2.4388144520	2.4373424524	2.4357770452	2.4341190231	2.4323686803	2.4305270567	2.4285941837	2.4265715061	2.4244602130	2.4222610775	2.4199746029	2.4176023052	2.4151453510	2.4126049666	2.4099821589	2.4072782600	2.4044946388	2.4016329485	2.3986944014	2.3956802312	2.3925921925	2.3894325222	2.3862015201	2.3829015989	2.3795349823	2.3761017665	2.3726055543	2.3690472473	2.3654277386	2.3617511227	2.3580172823	2.3542288908	2.3503883384	2.3464946467	2.3425555671	2.3385673725	2.3345344871	2.3304596766	2.3263421971	2.3221875069	2.3179931656	2.3137665518	2.3095038830	2.3052125251	2.3008898759	2.2965410725	2.2921664844	2.2877675350	2.2833485627	2.2789082224	2.2744509604	2.2699744509	2.2654882331	2.2609860217	2.2564745097	2.2519494789	2.2474234130	2.2428863405	2.2383479913	2.2338032876	2.2292607383	2.2247128410	2.2201736834	2.2156327662	2.2110980532	2.2065646781	2.2020444377	2.1975271504	2.1930229896	2.1885266583	2.1840445975	2.1795723377	2.1751149304	1.8836037106	1.8836037106	1.8836037106	1.8836037106	1.8836037106	1.8836037106	1.8836037106	1.8836037106	1.8836037106	1.8836037106	1.8836037106	1.8836037106	1.8836037106	1.8836037106	1.8836037106	1.8836037106	1.8836037106	1.8836037106	1.8836037106	1.8836037106	1.8836037106	1.8836037106	1.8836037106	1.8836037106	1.8836037106	1.8836037106	1.8836037106	1.8836037106	1.8836037106	1.8836037106	1.8836037106	1.8836037106	1.8836037106	1.8836037106	1.8836037106
1.8836037106	1.8836037106	1.8836037106	1.8836037106	1.8836037106	1.8836037106	1.8836037106	1.8836037106	1.8836037106	1.8836037106	1.8836037106	1.8836037106	1.8836037106	1.8836037106	1.8836037106	1.8836037106	1.8836037106	1.8836037106	1.8836037106	1.8836037106	1.8836037106	1.8836037106	1.8836037106	1.8836037106	1.8836037106	1.8836037106	1.8836037106	1.8836037106	1.8836037106	1.8836037106	1.8836037106	1.8836037106	1.8836037106	1.8836037106	2.1736131057	2.1766982476	2.1798015638	2.1829390518	2.1861051514	2.1892966307	2.1925202930	2.1957700526	2.1990456635	2.2023496096	2.2056765370	2.2090299406	2.2124110065	2.2158124333	2.2192388357	2.2226876953	2.2261572177	2.2296508471	2.2331617049	2.2366931333	2.2402445477	2.2438115172	2.2473972440	2.2509958229	2.2546111169	2.2582413464	2.2618815033	2.2655352218	2.2691967039	2.2728692894	2.2765496967	2.2802338019	2.2839269474	2.2876208059	2.2913185594	2.2950178833	2.2987123189	2.3024115280	2.3061030712	2.3097898102	2.3134719991	2.3171420585	2.3208063287	2.3244569139	2.3280929565	2.3317170946	2.3353213597	2.3389088919	2.3424758747	2.3460180978	2.3495405732	2.3530345475	2.3565009705	2.3599388541	2.3633435185	2.3667162124	2.3700534765	2.3733527991	2.3766134103	2.3798333820	2.3830096685	2.3861417107	2.3892272090	2.3922635125	2.3952498176	2.3981839968	2.4010637252	2.4038875241	2.4066537000	2.4093603378	2.4120056591	2.4145877367	2.4171051924	2.4195563521	2.4219394251	2.4242525185	2.4264943695	2.4286637654	2.4307587928	2.4327775781	2.4347192435	2.4365824099	2.4383659048	2.4400684168	2.4416879331	2.4432228438	2.4446732061	2.4460378553	2.4473156704	2.4485054642	2.4496055137	2.4506157292	2.4515351901	2.4523627130	2.4530974298	2.4537390305	2.4542868070	2.4547401080	2.4550983414	2.4553609757	2.4555275387	2.4555976168	2.4555708550	2.4554469573	2.4552256891	2.4549068786	2.4544904178	2.4539762612	2.4533644245	2.4526549828	2.4518479090	2.4509428853	2.4499407564	2.4488418432	2.4476459206	2.4463535625	2.4449656620	2.4434827744	2.4419055113	2.4402334860	2.4384672816	2.4366086794	2.4346584784	2.4326173258	2.4304861917	2.4282652361	2.4259562900	2.4235606765	2.4210788651	2.4185122469	2.4158621374	2.4131300130	2.4103170136	2.4074244676	2.4044539037	2.4014070941	2.3982853482	2.3950899236	2.3918230999	2.3884864818	2.3850810417	2.3816092056	2.3780728680	2.3744726736	2.3708126017	2.3670924222	2.3633145427	2.3594826314	2.3555958258	2.3516584692	2.3476701970	2.3436354824	2.3395551200	2.3354299797	2.3312652278	2.3270582044	2.3228165504	2.3185366901	2.3142251237	2.3098797604	2.3055068913	2.3011049041	2.2966776819	2.2922267807	2.2877529701	2.2832607516	2.2787490553	2.2742217503	2.2696776852	2.2651243857	2.2605576011	2.2559828136	2.2513976254	2.2468106094	2.2422152558	2.2376208034	2.2330226217	2.2284258113	2.2238287592	2.2192375834	2.2146491463	2.2100673216	2.2054916889	2.2009250825	2.1963681772	2.1918213863	2.1872887229	2.1827682533	2.1782622782	2.1737645084	1.8836037106	1.8836037106	1.8836037106	1.8836037106	1.8836037106	1.8836037106	1.8836037106	1.8836037106	1.8836037106	1.8836037106	1.8836037106	1.8836037106	1.8836037106	1.8836037106	1.8836037106	1.8836037106	1.8836037106	1.8836037106	1.8836037106	1.8836037106	1.8836037106	1.8836037106	1.8836037106	1.8836037106	1.8836037106	1.8836037106	1.8836037106	1.8836037106	1.8836037106	1.8836037106	1.8836037106	1.8836037106	1.8836037106	1.8836037106
1.8836037106	1.8836037106	1.8836037106	1.8836037106	1.8836037106	1.8836037106	1.8836037106	1.8836037106	1.8836037106	1.8836037106	1.8836037106	1.8836037106	1.8836037106	1.8836037106	1.8836037106	1.8836037106	1.8836037106	1.8836037106	1.8836037106	1.8836037106	1.8836037106	1.8836037106	1.8836037106	1.8836037106	1.8836037106	1.8836037106	1.8836037106	1.8836037106	1.8836037106	1.8836037106	1.8836037106	1.8836037106	1.8836037106	2.1726334465	2.1757278416	2.1788422313	2.1819864315	2.1851629371	2.1883663541	2.1915994710	2.1948640749	2.1981526864	2.2014713337	2.2048160937	2.2081839603	2.2115848753	2.2150057879	2.2184518159	2.2219240198	2.2254151142	2.2289336576	2.2324708190	2.2360277494	2.2396086121	2.2432046118	2.2468212511	2.2504531830	2.2541008748	2.2577671959	2.2614440647	2.2651356133	2.2688374247	2.2725506949	2.2762741300	2.2800027634	2.2837415179	2.2874831430	2.2912299303	2.2949800128	2.2987268216	2.3024801327	2.3062273941	2.3099716300	2.3137126072	2.3174437056	2.3211701733	2.3248845931	2.3285868205	2.3322778082	2.3359514164	2.3396096235	2.3432483114	2.3468654742	2.3504628341	2.3540338720	2.3575791709	2.3610970014	2.3645832898	2.3680397556	2.3714614376	2.3748467941	2.3781959143	2.3815044140	2.3847716366	2.3879955869	2.3911738014	2.3943045740	2.3973868135	2.4004175316	2.4033952508	2.4063182111	2.4091845153	2.4119922694	2.4147394649	2.4174246795	2.4200461179	2.4226020316	2.4250900848	2.4275095220	2.4298587911	2.4321350597	2.4343377478	2.4364651794	2.4385162378	2.4404894831	2.4423818895	2.4441931203	2.4459225479	2.4475688579	2.4491301423	2.4506052077	2.4519935416	2.4532928257	2.4545031998	2.4556236485	2.4566531812	2.4575908609	2.4584358043	2.4591871814	2.4598431786	2.4604040363	2.4608693567	2.4612385381	2.4615110403	2.4616863835	2.4617641479	2.4617439726	2.4616255575	2.4614086641	2.4610931182	2.4606788107	2.4601656959	2.4595537898	2.4588422217	2.4580314189	2.4571220447	2.4561143629	2.4550087009	2.4538054486	2.4525050553	2.4511071794	2.4496126993	2.4480223932	2.4463361137	2.4445556401	2.4426817680	2.4407149054	2.4386542100	2.4365026145	2.4342610769	2.4319302178	2.4295111535	2.4270043542	2.4244121319	2.4217353206	2.4189748925	2.4161324403	2.4132096304	2.4102076758	2.4071280067	2.4039723091	2.4007423560	2.3974396527	2.3940653857	2.3906226316	2.3871118970	2.3835351973	2.3798951258	2.3761921741	2.3724298416	2.3686091758	2.3647310707	2.3608007114	2.3568160742	2.3527825217	2.3487002203	2.3445707777	2.3403990004	2.3361831081	2.3319286623	2.3276332064	2.3233055381	2.3189411461	2.3145459143	2.3101192332	2.3056659437	2.3011856954	2.2966816156	2.2921555513	2.2876085297	2.2830442709	2.2784628433	2.2738668964	2.2692570193	2.2646379416	2.2600082218	2.2553717194	2.2507282423	2.2460816473	2.2414316364	2.2367807695	2.2321309555	2.2274822186	2.2228371473	2.2181953738	2.2135627630	2.2089339133	2.2043179476	2.1997086468	2.1951127856	2.1905238919	2.1859577844	2.1814000289	2.1768611601	1.8836037106	1.8836037106	1.8836037106	1.8836037106	1.8836037106	1.8836037106	1.8836037106	1.8836037106	1.8836037106	1.8836037106	1.8836037106	1.8836037106	1.8836037106	1.8836037106	1.8836037106	1.8836037106	1.8836037106	1.8836037106	1.8836037106	1.8836037106	1.8836037106	1.8836037106	1.8836037106	1.8836037106	1.8836037106	1.8836037106	1.8836037106	1.8836037106	1.8836037106	1.8836037106	1.8836037106	1.8836037106	1.8836037106	1.8836037106
1.8836037106	1.8836037106	1.8836037106	1.8836037106	1.8836037106	1.8836037106	1.8836037106	1.8836037106	1.8836037106	1.8836037106	1.8836037106	1.8836037106	1.8836037106	1.8836037106	1.8836037106	1.8836037106	1.8836037106	1.8836037106	1.8836037106	1.8836037106	1.8836037106	1.8836037106	1.8836037106	1.8836037106	1.8836037106	1.8836037106	1.8836037106	1.8836037106	1.8836037106	1.8836037106	1.8836037106	1.8836037106	1.8836037106	2.1747033523	2.1778281993	2.1809777426	2.1841632261	2.1873771409	2.1906180524	2.1938961271	2.1971962619	2.2005282295	2.2038891188	2.2072708197	2.2106889915	2.2141282248	2.2175924324	2.2210857117	2.2245971582	2.2281384938	2.2317002489	2.2352808019	2.2388895407	2.2425127593	2.2461585527	2.2498222358	2.2535003203	2.2572011097	2.2609129103	2.2646404147	2.2683809218	2.2721329224	2.2758976645	2.2796691091	2.2834515183	2.2872392744	2.2910332290	2.2948322881	2.2986298478	2.3024352717	2.3062365067	2.3100364269	2.3138346148	2.3176249047	2.3214119598	2.3251886148	2.3289552628	2.3327116155	2.3364529150	2.3401802472	2.3438892269	2.3475796826	2.3512505847	2.3548974127	2.3585204027	2.3621165772	2.3656841724	2.3692224406	2.3727275340	2.3761984447	2.3796339325	2.3830303434	2.3863872584	2.3897021285	2.3929722755	2.3961973176	2.3993741798	2.4025010057	2.4055761086	2.4085976464	2.4115635930	2.4144718325	2.4173208899	2.4201089204	2.4228340827	2.4254939292	2.4280877896	2.4306136573	2.4330690277	2.4354529525	2.4377641227	2.4400010133	2.4421608573	2.4442422835	2.4462451546	2.4481680160	2.4500080770	2.4517652285	2.4534369914	2.4550232236	2.4565229159	2.4579348640	2.4592579090	2.4604886200	2.4616283101	2.4626760965	2.4636308436	2.4644917847	2.4652581552	2.4659291667	2.4665040871	2.4669819489	2.4673624324	2.4676450636	2.4678293551	2.4679148799	2.4679012715	2.4677882248	2.4675754974	2.4672629126	2.4668503599	2.4663375886	2.4657245510	2.4650115179	2.4641986301	2.4632860920	2.4622739841	2.4611627125	2.4599527628	2.4586432505	2.4572345850	2.4557285974	2.4541259226	2.4524272537	2.4506320533	2.4487419585	2.4467568571	2.4446786295	2.4425085554	2.4402466157	2.4378929543	2.4354503461	2.4329198393	2.4303023956	2.4275982807	2.4248101078	2.4219390267	2.4189858758	2.4159524690	2.4128405868	2.4096514749	2.4063867658	2.4030483022	2.3996378429	2.3961568481	2.3926071223	2.3889913785	2.3853100882	2.3815660214	2.3777611227	2.3738965371	2.3699757601	2.3659987927	2.3619695602	2.3578888473	2.3537591817	2.3495830707	2.3453599115	2.3410974924	2.3367917941	2.3324487367	2.3280666661	2.3236534184	2.3192055741	2.3147280559	2.3102211440	2.3056889890	2.3011316392	2.2965523453	2.2919523461	2.2873338413	2.2826988222	2.2780493602	2.2733865468	2.2687123644	2.2640288769	2.2593386169	2.2546413156	2.2499414871	2.2452375826	2.2405341617	2.2358282074	2.2311291580	2.2264298938	2.2217384605	2.2170500742	2.2123732958	2.2076983768	2.2030440629	2.1983944347	2.1937607278	2.1891373254	2.1845339118	2.1799414624	2.1753695352	1.8836037106	1.8836037106	1.8836037106	1.8836037106	1.8836037106	1.8836037106	1.8836037106	1.8836037106	1.8836037106	1.8836037106	1.8836037106	1.8836037106	1.8836037106	1.8836037106	1.8836037106	1.8836037106	1.8836037106	1.8836037106	1.8836037106	1.8836037106	1.8836037106	1.8836037106	1.8836037106	1.8836037106	1.8836037106	1.8836037106	1.8836037106	1.8836037106	1.8836037106	1.8836037106	1.8836037106	1.8836037106	1.8836037106
1.8836037106	1.8836037106	1.8836037106	1.8836037106	1.8836037106	1.8836037106	1.8836037106	1.8836037106	1.8836037106	1.8836037106	1.8836037106	1.8836037106	1.8836037106	1.8836037106	1.8836037106	1.8836037106	1.8836037106	1.8836037106	1.8836037106	1.8836037106	1.8836037106	1.8836037106	1.8836037106	1.8836037106	1.8836037106	1.8836037106	1.8836037106	1.8836037106	1.8836037106	1.8836037106	1.8836037106	1.8836037106	2.1736254685	2.1767605511	2.1799157728	2.1831080527	2.1863308946	2.1895812760	2.1928674544	2.1961806109	2.1995233906	2.2028968537	2.2062945198	2.2097246657	2.2131818353	2.2166633911	2.2201739828	2.2237068519	2.2272673300	2.2308519172	2.2344563278	2.2380884810	2.2417382719	2.2454107702	2.2491040705	2.2528105230	2.2565441314	2.2602890574	2.2640506161	2.2678281535	2.2716168995	2.2754211931	2.2792336950	2.2830577673	2.2868899774	2.2907291906	2.2945753995	2.2984220396	2.3022775390	2.3061309440	2.3099846893	2.3138384533	2.3176860294	2.3215320001	2.3253692274	2.3291984665	2.3330186315	2.3368258999	2.3406207345	2.3443985168	2.3481605402	2.3519035617	2.3556246820	2.3593238657	2.3629970646	2.3666445037	2.3702632975	2.3738505623	2.3774059933	2.3809264835	2.3844102077	2.3878556373	2.3912600909	2.3946218714	2.3979396125	2.4012103618	2.4044325452	2.4076044445	2.4107238301	2.4137886302	2.4167971404	2.4197475948	2.4226380188	2.4254658949	2.4282304975	2.4309296090	2.4335609343	2.4361231632	2.4386151794	2.4410353735	2.4433792729	2.4456482873	2.4478408722	2.4499541547	2.4519875705	2.4539383082	2.4558067462	2.4575915154	2.4592912555	2.4609015123	2.4624242690	2.4638581152	2.4652019968	2.4664549321	2.4676150595	2.4686820946	2.4696551826	2.4705328360	2.4713138142	2.4719984634	2.4725860402	2.4730758604	2.4734673019	2.4737598062	2.4739528781	2.4740460843	2.4740390525	2.4739314729	2.4737230997	2.4734137536	2.4730033227	2.4724917606	2.4718790847	2.4711653757	2.4703507773	2.4694339176	2.4684162357	2.4672982894	2.4660800796	2.4647618609	2.4633446974	2.4618288646	2.4602151867	2.4585028542	2.4566922860	2.4547860829	2.4527851254	2.4506891099	2.4484994654	2.4462161310	2.4438418143	2.4413777601	2.4388223009	2.4361788864	2.4334490797	2.4306336571	2.4277332904	2.4247504104	2.4216863670	2.4185421545	2.4153197516	2.4120209832	2.4086470778	2.4051999694	2.4016816484	2.3980937847	2.3944377499	2.3907165872	2.3869311697	2.3830835577	2.3791766587	2.3752104326	2.3711899646	2.3671146932	2.3629873663	2.3588112637	2.3545866392	2.3503172524	2.3460016458	2.3416493038	2.3372548444	2.3328243560	2.3283569667	2.3238592868	2.3193291604	2.3147708245	2.3101848542	2.3055754739	2.3009422631	2.2962894788	2.2916170437	2.2869286650	2.2822242373	2.2775085083	2.2727804256	2.2680437558	2.2632972901	2.2585488856	2.2537918192	2.2490376318	2.2442788985	2.2395230884	2.2347651908	2.2300176705	2.2252691247	2.2205332532	2.2158012837	2.2110808518	2.2063672451	2.2016707314	2.1969832809	2.1923127769	2.1876573478	2.1830185592	2.1783972395	2.1737877957	1.8836037106	1.8836037106	1.8836037106	1.8836037106	1.8836037106	1.8836037106	1.8836037106	1.8836037106	1.8836037106	1.8836037106	1.8836037106	1.8836037106	1.8836037106	1.8836037106	1.8836037106	1.8836037106	1.8836037106	1.8836037106	1.8836037106	1.8836037106	1.8836037106	1.8836037106	1.8836037106	1.8836037106	1.8836037106	1.8836037106	1.8836037106	1.8836037106	1.8836037106	1.8836037106	1.8836037106	1.8836037106
1.8836037106	1.8836037106	1.8836037106	1.8836037106	1.8836037106	1.8836037106	1.8836037106	1.8836037106	1.8836037106	1.8836037106	1.8836037106	1.8836037106	1.8836037106	1.8836037106	1.8836037106	1.8836037106	1.8836037106	1.8836037106	1.8836037106	1.8836037106	1.8836037106	1.8836037106	1.8836037106	1.8836037106	1.8836037106	1.8836037106	1.8836037106	1.8836037106	1.8836037106	1.8836037106	1.8836037106	2.1724987178	2.1756401731	2.1788035827	2.1819987837	2.1852286577	2.1884876738	2.1917793437	2.1951041325	2.1984561268	2.2018405851	2.2052527692	2.2086930772	2.2121666847	2.2156639500	2.2191901006	2.2227428528	2.2263206255	2.2299263862	2.2335533875	2.2372066479	2.2408823210	2.2445796658	2.2482998507	2.2520355594	2.2557974029	2.2595739035	2.2633672924	2.2671801656	2.2710036443	2.2748457015	2.2786974725	2.2825611821	2.2864361298	2.2903186536	2.2942101435	2.2981041480	2.3020076402	2.3059116199	2.3098170226	2.3137246738	2.3176275748	2.3215307308	2.3254268062	2.3293167438	2.3331991023	2.3370705495	2.3409311930	2.3447762159	2.3486080059	2.3524216454	2.3562154793	2.3599892755	2.3637380943	2.3674638270	2.3711617804	2.3748298840	2.3784684531	2.3820727415	2.3856425355	2.3891753232	2.3926683000	2.3961208753	2.3995301189	2.4028939965	2.4062107849	2.4094784643	2.4126948706	2.4158579845	2.4189662045	2.4220173435	2.4250090901	2.4279402578	2.4308088847	2.4336123620	2.4363494222	2.4390189254	2.4416185241	2.4441448038	2.4465986759	2.4489779669	2.4512801285	2.4535036676	2.4556477710	2.4577115914	2.4596928877	2.4615879108	2.4633983046	2.4651224543	2.4667592784	2.4683065335	2.4697641196	2.4711290948	2.4724013048	2.4735805873	2.4746659015	2.4756562629	2.4765507445	2.4773484761	2.4780474259	2.4786479349	2.4791496472	2.4795519308	2.4798542184	2.4800560072	2.4801568574	2.4801563914	2.4800542945	2.4798503175	2.4795442788	2.4791360650	2.4786256293	2.4780129901	2.4772977779	2.4764792225	2.4755586774	2.4745364222	2.4734128037	2.4721882332	2.4708631845	2.4694366179	2.4679092842	2.4662828179	2.4645570990	2.4627338555	2.4608135252	2.4587964015	2.4566813199	2.4544722473	2.4521702386	2.4497743146	2.4472865886	2.4447080607	2.4420411600	2.4392849204	2.4364414903	2.4335133324	2.4305012706	2.4274059566	2.4242301985	2.4209750830	2.4176420518	2.4142331683	2.4107501547	2.4071944971	2.4035682749	2.3998735125	2.3961117636	2.3922850640	2.3883960491	2.3844455656	2.3804366811	2.3763704545	2.3722501460	2.3680770718	2.3638524723	2.3595817281	2.3552631064	2.3509014229	2.3464954488	2.3420532957	2.3375712193	2.3330545780	2.3285029732	2.3239223873	2.3193112380	2.3146736406	2.3100098683	2.3053249860	2.3006172342	2.2958927615	2.2911497429	2.2863928936	2.2816204795	2.2768408122	2.2720486295	2.2672513532	2.2624455666	2.2576388742	2.2528235639	2.2480170618	2.2432052528	2.2383989000	2.2335935867	2.2287966875	2.2240034474	2.2192221772	2.2144485034	2.2096863546	2.2049369857	2.2001998076	2.1954791789	2.1907697977	2.1860852114	2.1814130449	2.1767629351	1.8836037106	1.8836037106	1.8836037106	1.8836037106	1.8836037106	1.8836037106	1.8836037106	1.8836037106	1.8836037106	1.8836037106	1.8836037106	1.8836037106	1.8836037106	1.8836037106	1.8836037106	1.8836037106	1.8836037106	1.8836037106	1.8836037106	1.8836037106	1.8836037106	1.8836037106	1.8836037106	1.8836037106	1.8836037106	1.8836037106	1.8836037106	1.8836037106	1.8836037106	1.8836037106	1.8836037106	1.8836037106
1.8836037106	1.8836037106	1.8836037106	1.8836037106	1.8836037106	1.8836037106	1.8836037106	1.8836037106	1.8836037106	1.8836037106	1.8836037106	1.8836037106	1.8836037106	1.8836037106	1.8836037106	1.8836037106	1.8836037106	1.8836037106	1.8836037106	1.8836037106	1.8836037106	1.8836037106	1.8836037106	1.8836037106	1.8836037106	1.8836037106	1.8836037106	1.8836037106	1.8836037106	1.8836037106	1.8836037106	2.1744679413	2.1776391660	2.1808359960	2.1840714563	2.1873376354	2.1906331230	2.1939681500	2.1973277647	2.2007216422	2.2041468957	2.2075955572	2.2110841001	2.2145954329	2.2181353866	2.2217064744	2.2252996891	2.2289249557	2.2325728806	2.2362453214	2.2399452442	2.2436655654	2.2474108123	2.2511745994	2.2549621237	2.2587693842	2.2625933841	2.2664380888	2.2702944990	2.2741722661	2.2780614864	2.2819627762	2.2858787087	2.2898025586	2.2937374210	2.2976770312	2.3016263912	2.3055792234	2.3095344686	2.3134939452	2.3174501575	2.3214087119	2.3253618527	2.3293105358	2.3332534053	2.3371871756	2.3411118663	2.3450224969	2.3489221796	2.3528048599	2.3566697502	2.3605164965	2.3643396835	2.3681419191	2.3719176294	2.3756655184	2.3793852483	2.3830724044	2.3867267594	2.3903454683	2.3939260574	2.3974679681	2.4009676821	2.4044236518	2.4078340862	2.4111966659	2.4145091635	2.4177699353	2.4209769456	2.4241278923	2.4272209588	2.4302548735	2.4332261969	2.4361341027	2.4389772080	2.4417530200	2.4444581911	2.4470936139	2.4496564695	2.4521449952	2.4545565572	2.4568916888	2.4591487603	2.4613222020	2.4634141217	2.4654230328	2.4673473215	2.4691852709	2.4709350222	2.4725946871	2.4741650234	2.4756447690	2.4770327097	2.4783258423	2.4795240588	2.4806273429	2.4816341752	2.4825437285	2.4833556237	2.4840690357	2.4846831974	2.4851972451	2.4856107079	2.4859230296	2.4861336992	2.4862422700	2.4862483582	2.4861516447	2.4859518764	2.4856488688	2.4852425073	2.4847327417	2.4841193851	2.4834026947	2.4825828198	2.4816599766	2.4806339528	2.4795049483	2.4782739269	2.4769401237	2.4755033816	2.4739660292	2.4723287356	2.4705922323	2.4687544011	2.4668181227	2.4647835942	2.4626528601	2.4604266661	2.4581041734	2.4556865365	2.4531771298	2.4505758388	2.4478837172	2.4451016418	2.4422328219	2.4392763856	2.4362343329	2.4331093701	2.4299024974	2.4266142425	2.4232480271	2.4198043129	2.4162852758	2.4126929936	2.4090289433	2.4052950666	2.4014935808	2.3976263061	2.3936946399	2.3897023007	2.3856494779	2.3815392487	2.3773736353	2.3731543904	2.3688843896	2.3645639066	2.3601988473	2.3557872954	2.3513343981	2.3468390707	2.3423084874	2.3377400346	2.3331386136	2.3285039883	2.3238421135	2.3191512875	2.3144360708	2.3096958582	2.3049372551	2.3001563599	2.2953620763	2.2905501157	2.2857265538	2.2808880958	2.2760460620	2.2711913819	2.2663354395	2.2614722313	2.2566089780	2.2517412301	2.2468802748	2.2420176106	2.2371621868	2.2323114810	2.2274677249	2.2226331007	2.2178060515	2.2129951945	2.2081904534	2.2034073791	2.1986337827	2.1938793973	2.1891388279	2.1844216470	2.1797193446	2.1750391513	1.8836037106	1.8836037106	1.8836037106	1.8836037106	1.8836037106	1.8836037106	1.8836037106	1.8836037106	1.8836037106	1.8836037106	1.8836037106	1.8836037106	1.8836037106	1.8836037106	1.8836037106	1.8836037106	1.8836037106	1.8836037106	1.8836037106	1.8836037106	1.8836037106	1.8836037106	1.8836037106	1.8836037106	1.8836037106	1.8836037106	1.8836037106	1.8836037106	1.8836037106	1.8836037106	1.8836037106
1.8836037106	1.8836037106	1.8836037106	1.8836037106	1.8836037106	1.8836037106	1.8836037106	1.8836037106	1.8836037106	1.8836037106	1.8836037106	1.8836037106	1.8836037106	1.8836037106	1.8836037106	1.8836037106	1.8836037106	1.8836037106	1.8836037106	1.8836037106	1.8836037106	1.8836037106	1.8836037106	1.8836037106	1.8836037106	1.8836037106	1.8836037106	1.8836037106	1.8836037106	1.8836037106	2.1732455370	2.1764235995	2.1796238442	2.1828617815	2.1861333616	2.1894348431	2.1927740242	2.1961430737	2.1995440369	2.2029782691	2.2064389755	2.2099356170	2.2134609910	2.2170138518	2.2205990829	2.2242080059	2.2278493999	2.2315163184	2.2352058443	2.2389283716	2.2426697886	2.2464382615	2.2502284360	2.2540395546	2.2578758511	2.2617287951	2.2656031364	2.2694927811	2.2734024755	2.2773269890	2.2812636574	2.2852187880	2.2891819459	2.2931582358	2.2971416525	2.3011347162	2.3051346049	2.3091379531	2.3131470537	2.3171545135	2.3211666259	2.3251749934	2.3291804114	2.3331820481	2.3371762228	2.3411631336	2.3451376705	2.3491033015	2.3530533724	2.3569877198	2.3609055417	2.3648018900	2.3686785963	2.3725305196	2.3763567722	2.3801559597	2.3839247226	2.3876621741	2.3913653652	2.3950326234	2.3986622457	2.4022513857	2.4057983866	2.4093012230	2.4127575866	2.4161653771	2.4195228979	2.4228279304	2.4260777672	2.4292717679	2.4324066260	2.4354808852	2.4384931961	2.4414415407	2.4443215523	2.4471346731	2.4498778293	2.4525490279	2.4551461019	2.4576692970	2.4601153178	2.4624809342	2.4647672690	2.4669728004	2.4690950072	2.4711320072	2.4730819640	2.4749456529	2.4767216476	2.4784065498	2.4799995136	2.4815006070	2.4829079343	2.4842214559	2.4854398007	2.4865619881	2.4875871818	2.4885138896	2.4893394218	2.4900656113	2.4906916808	2.4912169144	2.4916406604	2.4919623342	2.4921814177	2.4922974581	2.4923100666	2.4922189199	2.4920237616	2.4917244050	2.4913207341	2.4908127017	2.4902003271	2.4894836960	2.4886629603	2.4877361856	2.4867044041	2.4855690276	2.4843303396	2.4829886508	2.4815448001	2.4799982607	2.4783503235	2.4766001587	2.4747484614	2.4727979919	2.4707496755	2.4686012811	2.4663556757	2.4640135231	2.4615771346	2.4590472317	2.4564212305	2.4537049070	2.4508985591	2.4480026627	2.4450183221	2.4419491218	2.4387936776	2.4355550033	2.4322353880	2.4288357022	2.4253575341	2.4218034877	2.4181744521	2.4144728764	2.4107006993	2.4068595138	2.4029516225	2.3989791321	2.3949435810	2.3908479480	2.3866935902	2.3824826069	2.3782183088	2.3739010611	2.3695350267	2.3651199997	2.3606613905	2.3561580810	2.3516151561	2.3470315893	2.3424140608	2.3377605627	2.3330758286	2.3283594675	2.3236180101	2.3188489391	2.3140578285	2.3092434067	2.3044121535	2.2995595882	2.2946974666	2.2898182544	2.2849298060	2.2800290384	2.2751245212	2.2702095426	2.2652964200	2.2603777093	2.2554597433	2.2505422205	2.2456279718	2.2407193250	2.2358136447	2.2309202953	2.2260314730	2.2211568611	2.2162904857	2.2114398797	2.2065986867	2.2017793505	2.1969719675	2.1921849311	2.1874169070	2.1826684438	2.1779413311	2.1732275031	1.8836037106	1.8836037106	1.8836037106	1.8836037106	1.8836037106	1.8836037106	1.8836037106	1.8836037106	1.8836037106	1.8836037106	1.8836037106	1.8836037106	1.8836037106	1.8836037106	1.8836037106	1.8836037106	1.8836037106	1.8836037106	1.8836037106	1.8836037106	1.8836037106	1.8836037106	1.8836037106	1.8836037106	1.8836037106	1.8836037106	1.8836037106	1.8836037106	1.8836037106	1.8836037106
1.8836037106	1.8836037106	1.8836037106	1.8836037106	1.8836037106	1.8836037106	1.8836037106	1.8836037106	1.8836037106	1.8836037106	1.8836037106	1.8836037106	1.8836037106	1.8836037106	1.8836037106	1.8836037106	1.8836037106	1.8836037106	1.8836037106	1.8836037106	1.8836037106	1.8836037106	1.8836037106	1.8836037106	1.8836037106	1.8836037106	1.8836037106	1.8836037106	1.8836037106	1.8836037106	2.1751577220	2.1783635148	2.1816006202	2.1848757849	2.1881825083	2.1915231534	2.1949005406	2.1983068604	2.2017482994	2.2052201092	2.2087225255	2.2122608117	2.2158254905	2.2194220953	2.2230473010	2.2267015782	2.2303857770	2.2340939246	2.2378330957	2.2415952907	2.2453841325	2.2491984279	2.2530310438	2.2568946342	2.2607746226	2.2646766025	2.2685977054	2.2725374399	2.2764956171	2.2804667671	2.2844575361	2.2884579534	2.2924736921	2.2964990790	2.3005336461	2.3045787534	2.3086282215	2.3126849004	2.3167419242	2.3208052764	2.3248669786	2.3289270664	2.3329856682	2.3370382685	2.3410855089	2.3451221850	2.3491517524	2.3531674923	2.3571695450	2.3611565718	2.3651242521	2.3690737730	2.3730002772	2.3769032035	2.3807803277	2.3846291289	2.3884481871	2.3922344562	2.3959869454	2.3997029699	2.4033802587	2.4070170610	2.4106111422	2.4141601382	2.4176622351	2.4211153828	2.4245170734	2.4278656391	2.4311591307	2.4343947670	2.4375713860	2.4406875884	2.4437383456	2.4467247857	2.4496444412	2.4524947601	2.4552735782	2.4579812845	2.4606135173	2.4631685099	2.4656466077	2.4680456246	2.4703640742	2.4725971508	2.4747475477	2.4768136944	2.4787911834	2.4806800625	2.4824790336	2.4841877149	2.4858048382	2.4873293099	2.4887586862	2.4900899184	2.4913254222	2.4924641079	2.4935049445	2.4944469619	2.4952892502	2.4960299669	2.4966689293	2.4972060130	2.4976405565	2.4979719658	2.4981997153	2.4983233455	2.4983424621	2.4982567369	2.4980659100	2.4977697923	2.4973682662	2.4968612843	2.4962488667	2.4955310178	2.4947062849	2.4937763559	2.4927415264	2.4916021614	2.4903586932	2.4890116189	2.4875587321	2.4860008085	2.4843406633	2.4825787223	2.4807158273	2.4787516919	2.4766869259	2.4745213297	2.4722587437	2.4698996098	2.4674416084	2.4648885984	2.4622422545	2.4595041859	2.4566710330	2.4537489096	2.4507384381	2.4476400062	2.4444553032	2.4411878813	2.4378352327	2.4344025476	2.4308910281	2.4273013635	2.4236366206	2.4198979206	2.4160873505	2.4122072655	2.4082591879	2.4042453474	2.4001681663	2.3960293079	2.3918311169	2.3875760833	2.3832655548	2.3789029761	2.3744887707	2.3700277050	2.3655191849	2.3609682945	2.3563745042	2.3517428390	2.3470722447	2.3423693374	2.3376322340	2.3328657448	2.3280690208	2.3232497734	2.3184039725	2.3135387749	2.3086518981	2.3037496971	2.2988273163	2.2938990760	2.2889543869	2.2840029430	2.2790418774	2.2740766048	2.2691061374	2.2641348208	2.2591635663	2.2541917856	2.2492266543	2.2442633089	2.2393083442	2.2343573357	2.2294208100	2.2244891813	2.2195756298	2.2146719071	2.2097835689	2.2049115011	2.2000553256	2.1952192844	2.1903969665	2.1856047726	2.1808264411	2.1760746156	1.8836037106	1.8836037106	1.8836037106	1.8836037106	1.8836037106	1.8836037106	1.8836037106	1.8836037106	1.8836037106	1.8836037106	1.8836037106	1.8836037106	1.8836037106	1.8836037106	1.8836037106	1.8836037106	1.8836037106	1.8836037106	1.8836037106	1.8836037106	1.8836037106	1.8836037106	1.8836037106	1.8836037106	1.8836037106	1.8836037106	1.8836037106	1.8836037106	1.8836037106	1.8836037106
1.8836037106	1.8836037106	1.8836037106	1.8836037106	1.8836037106	1.8836037106	1.8836037106	1.8836037106	1.8836037106	1.8836037106	1.8836037106	1.8836037106	1.8836037106	1.8836037106	1.8836037106	1.8836037106	1.8836037106	1.8836037106	1.8836037106	1.8836037106	1.8836037106	1.8836037106	1.8836037106	1.8836037106	1.8836037106	1.8836037106	1.8836037106	1.8836037106	1.8836037106	2.1738421807	2.1770535995	2.1802887652	2.1835661908	2.1868766884	2.1902179290	2.1936012907	2.1970120518	2.2004588821	2.2039398831	2.2074465089	2.2109959360	2.2145707719	2.2181769761	2.2218168870	2.2254821721	2.2291819498	2.2329071080	2.2366608688	2.2404435162	2.2442509204	2.2480860014	2.2519413563	2.2558271542	2.2597322864	2.2636598590	2.2676106233	2.2715782867	2.2755682271	2.2795726468	2.2835962130	2.2876330068	2.2916850891	2.2957504786	2.2998243160	2.3039127651	2.3080063303	2.3121085001	2.3162137665	2.3203256976	2.3244386813	2.3285513223	2.3326650310	2.3367740211	2.3408796407	2.3449766253	2.3490680525	2.3531476717	2.3572154122	2.3612698949	2.3653070019	2.3693276029	2.3733269750	2.3773048007	2.3812582537	2.3851854349	2.3890845174	2.3929523657	2.3967885513	2.4005895703	2.4043536300	2.4080789011	2.4117629643	2.4154034045	2.4189986583	2.4225463609	2.4260437403	2.4294900660	2.4328817536	2.4362174659	2.4394959093	2.4427133806	2.4458682423	2.4489600640	2.4519853775	2.4549416659	2.4578297778	2.4606452518	2.4633859443	2.4660524910	2.4686421540	2.4711525832	2.4735812779	2.4759296641	2.4781945256	2.4803724666	2.4824640243	2.4844683328	2.4863840744	2.4882102831	2.4899401483	2.4915775801	2.4931217758	2.4945714678	2.4959246742	2.4971790596	2.4983356634	2.4993929401	2.5003487957	2.5012041358	2.5019580994	2.5026098865	2.5031587597	2.5036040472	2.5039451462	2.5041815231	2.5043127119	2.5043383127	2.5042579926	2.5040714879	2.5037786073	2.5033792316	2.5028733131	2.5022608726	2.5015419987	2.5007168490	2.4997856517	2.4987477860	2.4976029475	2.4963529391	2.4949970354	2.4935351245	2.4919695306	2.4903009569	2.4885301723	2.4866521087	2.4846725957	2.4825925092	2.4804128002	2.4781336659	2.4757538424	2.4732767730	2.4707051057	2.4680358086	2.4652724159	2.4624169247	2.4594713631	2.4564321132	2.4533059395	2.4500929068	2.4467938088	2.4434112735	2.4399469855	2.4364008597	2.4327771643	2.4290767451	2.4253011059	2.4214531701	2.4175340201	2.4135463183	2.4094919450	2.4053728538	2.4011915516	2.3969500355	2.3926501376	2.3882952593	2.3838861262	2.3794263105	2.3749163041	2.3703613185	2.3657604634	2.3611186652	2.3564357730	2.3517167538	2.3469604402	2.3421738227	2.3373546381	2.3325080407	2.3276327001	2.3227372527	2.3178163184	2.3128789197	2.3079214183	2.3029500453	2.2979620744	2.2929672015	2.2879593512	2.2829463896	2.2779270959	2.2729036850	2.2678790973	2.2628524022	2.2578307616	2.2528058286	2.2477953145	2.2427848005	2.2377855308	2.2327938207	2.2278138776	2.2228462168	2.2178904004	2.2129540957	2.2080272173	2.2031263534	2.1982379276	2.1933724772	2.1885253762	2.1837026897	2.1789014920	2.1741197081	1.8836037106	1.8836037106	1.8836037106	1.8836037106	1.8836037106	1.8836037106	1.8836037106	1.8836037106	1.8836037106	1.8836037106	1.8836037106	1.8836037106	1.8836037106	1.8836037106	1.8836037106	1.8836037106	1.8836037106	1.8836037106	1.8836037106	1.8836037106	1.8836037106	1.8836037106	1.8836037106	1.8836037106	1.8836037106	1.8836037106	1.8836037106	1.8836037106	1.8836037106
1.8836037106	1.8836037106	1.8836037106	1.8836037106	1.8836037106	1.8836037106	1.8836037106	1.8836037106	1.8836037106	1.8836037106	1.8836037106	1.8836037106	1.8836037106	1.8836037106	1.8836037106	1.8836037106	1.8836037106	1.8836037106	1.8836037106	1.8836037106	1.8836037106	1.8836037106	1.8836037106	1.8836037106	1.8836037106	1.8836037106	1.8836037106	1.8836037106	2.1724813950	2.1756950424	2.1789334474	2.1822077616	2.1855198368	2.1888643586	2.1922467904	2.1956639465	2.1991138308	2.2025997849	2.2061155018	2.2096680706	2.2132533820	2.2168683458	2.2205182729	2.2241948665	2.2279067013	2.2316468569	2.2354131999	2.2392146129	2.2430386608	2.2468926471	2.2507704638	2.2546748998	2.2586050785	2.2625562331	2.2665329642	2.2705264300	2.2745462124	2.2785819718	2.2826361680	2.2867080795	2.2907948005	2.2948971323	2.2990079626	2.3031378407	2.3072734437	2.3114189784	2.3155705674	2.3197290234	2.3238912493	2.3280541239	2.3322210288	2.3363843187	2.3405463098	2.3447017122	2.3488528610	2.3529945039	2.3571258477	2.3612459662	2.3653505218	2.3694403921	2.3735108403	2.3775617102	2.3815898000	2.3855936158	2.3895710503	2.3935189343	2.3974371379	2.4013217058	2.4051710949	2.4089833055	2.4127558605	2.4164865532	2.4201735772	2.4238143881	2.4274067863	2.4309492586	2.4344385369	2.4378735858	2.4412527824	2.4445706844	2.4478293763	2.4510246645	2.4541544338	2.4572183024	2.4602134912	2.4631357806	2.4659867571	2.4687636318	2.4714634063	2.4740843919	2.4766276889	2.4790879962	2.4814650085	2.4837573362	2.4859649682	2.4880863996	2.4901143079	2.4920526052	2.4939007466	2.4956571004	2.4973170752	2.4988829200	2.5003507403	2.5017214996	2.5029946439	2.5041690509	2.5052436579	2.5062174649	2.5070862139	2.5078522381	2.5085152985	2.5090746486	2.5095296080	2.5098795663	2.5101238798	2.5102622141	2.5102941843	2.5102194540	2.5100377567	2.5097488133	2.5093524751	2.5088487542	2.5082376719	2.5075193183	2.5066938533	2.5057588923	2.5047153162	2.5035650653	2.5023085857	2.5009463901	2.4994790574	2.4979044584	2.4962251638	2.4944402161	2.4925512550	2.4905606021	2.4884692254	2.4862709337	2.4839730406	2.4815767751	2.4790817942	2.4764886187	2.4737975354	2.4710134251	2.4681335642	2.4651607210	2.4620975345	2.4589455944	2.4557021422	2.4523743104	2.4489609133	2.4454636407	2.4418864094	2.4382278504	2.4344919139	2.4306807167	2.4267948449	2.4228379536	2.4188106910	2.4147159021	2.4105558183	2.4063321769	2.4020475613	2.3977041556	2.3933035191	2.3888497418	2.3843430587	2.3797871625	2.3751826780	2.3705349363	2.3658430088	2.3611117791	2.3563412636	2.3515363740	2.3466957433	2.3418271839	2.3369275245	2.3320025532	2.3270510553	2.3220804509	2.3170860589	2.3120784211	2.3070521989	2.3020135001	2.2969620791	2.2919022769	2.2868351658	2.2817607004	2.2766859179	2.2716058246	2.2665291365	2.2614513178	2.2563790513	2.2513088690	2.2462490920	2.2411960354	2.2361518494	2.2311221169	2.2261015240	2.2210986288	2.2161078307	2.2111361585	2.2061787200	2.2012443916	2.1963284457	2.1914327624	2.1865634450	2.1817141440	2.1768912367	1.8836037106	1.8836037106	1.8836037106	1.8836037106	1.8836037106	1.8836037106	1.8836037106	1.8836037106	1.8836037106	1.8836037106	1.8836037106	1.8836037106	1.8836037106	1.8836037106	1.8836037106	1.8836037106	1.8836037106	1.8836037106	1.8836037106	1.8836037106	1.8836037106	1.8836037106	1.8836037106	1.8836037106	1.8836037106	1.8836037106	1.8836037106	1.8836037106	1.8836037106
1.8836037106	1.8836037106	1.8836037106	1.8836037106	1.8836037106	1.8836037106	1.8836037106	1.8836037106	1.8836037106	1.8836037106	1.8836037106	1.8836037106	1.8836037106	1.8836037106	1.8836037106	1.8836037106	1.8836037106	1.8836037106	1.8836037106	1.8836037106	1.8836037106	1.8836037106	1.8836037106	1.8836037106	1.8836037106	1.8836037106	1.8836037106	1.8836037106	2.1742885239	2.1775303438	2.1808002412	2.1841124194	2.1874587154	2.1908385401	2.1942606794	2.1977120183	2.2012013368	2.2047246684	2.2082785700	2.2118731801	2.2154959845	2.2191530130	2.2228421787	2.2265623856	2.2303158070	2.2340959484	2.2379101386	2.2417500589	2.2456200244	2.2495184427	2.2534393807	2.2573928088	2.2613665591	2.2653662332	2.2693865418	2.2734314479	2.2774961968	2.2815788378	2.2856839629	2.2898031875	2.2939404041	2.2980887173	2.3022552827	2.3064308310	2.3106175696	2.3148135214	2.3190162666	2.3232258786	2.3274372293	2.3316546785	2.3358701275	2.3400864285	2.3442983003	2.3485069740	2.3527087225	2.3569015210	2.3610853872	2.3652553432	2.3694125987	2.3735522553	2.3776742356	2.3817751888	2.3858538099	2.3899078410	2.3939342524	2.3979325735	2.4018990909	2.4058322214	2.4097298479	2.4135894471	2.4174089767	2.4211864135	2.4249190135	2.4286052521	2.4322424126	2.4358282899	2.4393617625	2.4428390387	2.4462584257	2.4496190306	2.4529173433	2.4561517933	2.4593226193	2.4624217022	2.4654526799	2.4684127645	2.4712986690	2.4741080231	2.4768425353	2.4794959132	2.4820685307	2.4845594523	2.4869678065	2.4892893824	2.4915212697	2.4936666406	2.4957235658	2.4976869238	2.4995584319	2.5013344403	2.5030167913	2.5046041270	2.5060951430	2.5074834865	2.5087723868	2.5099618024	2.5110501526	2.5120370023	2.5129214034	2.5137021090	2.5143778674	2.5149488896	2.5154144857	2.5157740360	2.5160269922	2.5161728762	2.5162112777	2.5161418554	2.5159643390	2.5156785322	2.5152843136	2.5147816348	2.5141705178	2.5134509876	2.5126219285	2.5116847376	2.5106397255	2.5094870574	2.5082269851	2.5068603916	2.5053835717	2.5037986904	2.5021087831	2.5003146438	2.4984154798	2.4964111082	2.4943023169	2.4920908415	2.4897795984	2.4873663174	2.4848503875	2.4822371449	2.4795270910	2.4767202982	2.4738163391	2.4708212025	2.4677314907	2.4645507823	2.4612820079	2.4579249198	2.4544803370	2.4509528743	2.4473420511	2.4436505541	2.4398808443	2.4360327197	2.4321107242	2.4281155534	2.4240497077	2.4199152172	2.4157141039	2.4114490227	2.4071216294	2.4027345877	2.3982902414	2.3937901475	2.3892383367	2.3846352720	2.3799845631	2.3752870183	2.3705478031	2.3657661684	2.3609470840	2.3560905218	2.3512013405	2.3462778871	2.3413292396	2.3363508041	2.3313492776	2.3263235497	2.3212795248	2.3162151103	2.3111375853	2.3060446994	2.3009405049	2.2958278371	2.2907063647	2.2855807473	2.2804483576	2.2753189126	2.2701842761	2.2650570880	2.2599302533	2.2548094194	2.2496967116	2.2445910693	2.2394973582	2.2344114141	2.2293438633	2.2242853537	2.2192475621	2.2142243458	2.2092189942	2.2042357061	2.1992701444	2.1943287625	2.1894062548	2.1845134670	2.1796404429	2.1747938355	1.8836037106	1.8836037106	1.8836037106	1.8836037106	1.8836037106	1.8836037106	1.8836037106	1.8836037106	1.8836037106	1.8836037106	1.8836037106	1.8836037106	1.8836037106	1.8836037106	1.8836037106	1.8836037106	1.8836037106	1.8836037106	1.8836037106	1.8836037106	1.8836037106	1.8836037106	1.8836037106	1.8836037106	1.8836037106	1.8836037106	1.8836037106	1.8836037106
1.8836037106	1.8836037106	1.8836037106	1.8836037106	1.8836037106	1.8836037106	1.8836037106	1.8836037106	1.8836037106	1.8836037106	1.8836037106	1.8836037106	1.8836037106	1.8836037106	1.8836037106	1.8836037106	1.8836037106	1.8836037106	1.8836037106	1.8836037106	1.8836037106	1.8836037106	1.8836037106	1.8836037106	1.8836037106	1.8836037106	1.8836037106	2.1728370150	2.1760803341	2.1793491100	2.1826573874	2.1860034926	2.1893830056	2.1928037809	2.1962580299	2.1997482451	2.2032755704	2.2068324460	2.2104314582	2.2140609696	2.2177230443	2.2214228457	2.2251495402	2.2289145054	2.2327076267	2.2365317045	2.2403881408	2.2442721187	2.2481868966	2.2521247354	2.2560970768	2.2600914544	2.2641120075	2.2681578140	2.2722256726	2.2763177573	2.2804276051	2.2845621559	2.2887117284	2.2928817342	2.2970658651	2.3012664923	2.3054806831	2.3097056181	2.3139439318	2.3181886945	2.3224436270	2.3267019627	2.3309671197	2.3352325397	2.3395010381	2.3437673768	2.3480313239	2.3522912000	2.3565435693	2.3607889043	2.3650221457	2.3692448320	2.3734517562	2.3776428375	2.3818148019	2.3859663175	2.3900951032	2.3941981897	2.3982748975	2.4023216537	2.4063368506	2.4103182796	2.4142633746	2.4181702224	2.4220366215	2.4258596526	2.4296383634	2.4333689999	2.4370502723	2.4406809909	2.4442554330	2.4477752426	2.4512364565	2.4546365579	2.4579757622	2.4612489457	2.4644549749	2.4675937049	2.4706619499	2.4736551782	2.4765766287	2.4794200994	2.4821849986	2.4848708926	2.4874768570	2.4899962853	2.4924303059	2.4947802267	2.4970411725	2.4992130390	2.5012915290	2.5032797410	2.5051761446	2.5069764268	2.5086771879	2.5102820872	2.5117894116	2.5131985215	2.5145064726	2.5157135197	2.5168190676	2.5178190808	2.5187150830	2.5195071075	2.5201943230	2.5207759630	2.5212513288	2.5216197924	2.5218807988	2.5220338639	2.5220785726	2.5220145794	2.5218416110	2.5215594687	2.5211680300	2.5206672463	2.5200571400	2.5193378043	2.5185094045	2.5175721807	2.5165243636	2.5153659633	2.5140994741	2.5127241189	2.5112405754	2.5096504140	2.5079537864	2.5061512978	2.5042370065	2.5022190590	2.5000984525	2.4978734016	2.4955455413	2.4931129783	2.4905819161	2.4879522415	2.4852186683	2.4823894900	2.4794650850	2.4764450686	2.4733300388	2.4701257359	2.4668277729	2.4634414452	2.4599698387	2.4564097640	2.4527674386	2.4490431886	2.4452382190	2.4413570714	2.4373975185	2.4333651519	2.4292611348	2.4250869700	2.4208458543	2.4165391974	2.4121699070	2.4077397331	2.4032512724	2.3987070531	2.3941086822	2.3894600358	2.3847618695	2.3800177244	2.3752284508	2.3703993406	2.3655294645	2.3606242009	2.3556832640	2.3507114626	2.3457072234	2.3406799772	2.3356245494	2.3305483689	2.3254504171	2.3203348904	2.3152029033	2.3100568646	2.3049007661	2.2997316428	2.2945600182	2.2893790743	2.2841968522	2.2790109758	2.2738266666	2.2686437523	2.2634639018	2.2582926525	2.2531228454	2.2479699465	2.2428215789	2.2376882325	2.2325665877	2.2274601365	2.2223704482	2.2172959734	2.2122442332	2.2072051457	2.2021966964	2.1972033650	2.1922370725	2.1872947374	2.1823771326	2.1774864803	2.1726132338	1.8836037106	1.8836037106	1.8836037106	1.8836037106	1.8836037106	1.8836037106	1.8836037106	1.8836037106	1.8836037106	1.8836037106	1.8836037106	1.8836037106	1.8836037106	1.8836037106	1.8836037106	1.8836037106	1.8836037106	1.8836037106	1.8836037106	1.8836037106	1.8836037106	1.8836037106	1.8836037106	1.8836037106	1.8836037106	1.8836037106	1.8836037106
1.8836037106	1.8836037106	1.8836037106	1.8836037106	1.8836037106	1.8836037106	1.8836037106	1.8836037106	1.8836037106	1.8836037106	1.8836037106	1.8836037106	1.8836037106	1.8836037106	1.8836037106	1.8836037106	1.8836037106	1.8836037106	1.8836037106	1.8836037106	1.8836037106	1.8836037106	1.8836037106	1.8836037106	1.8836037106	1.8836037106	1.8836037106	2.1745840781	2.1778541949	2.1811556344	2.1844997788	2.1878790611	2.1912948125	2.1947520658	2.1982414022	2.2017698007	2.2053322299	2.2089299127	2.2125665910	2.2162341471	2.2199385079	2.2236740280	2.2274454729	2.2312493771	2.2350813710	2.2389522098	2.2428482584	2.2467774868	2.2507337090	2.2547195896	2.2587342801	2.2627732516	2.2668413674	2.2709300017	2.2750474544	2.2791841552	2.2833442416	2.2875234230	2.2917227109	2.2959406261	2.3001729676	2.3044242105	2.3086864367	2.3129632069	2.3172476834	2.3215458337	2.3258490403	2.3301596119	2.3344735985	2.3387913069	2.3431100590	2.3474269763	2.3517429457	2.3560528011	2.3603574077	2.3646517557	2.3689378511	2.3732100319	2.3774681324	2.3817091799	2.3859316010	2.3901332124	2.3943110434	2.3984643199	2.4025895144	2.4066850098	2.4107485319	2.4147774745	2.4187700202	2.4227238270	2.4266358254	2.4305052736	2.4343281442	2.4381036055	2.4418293648	2.4455009215	2.4491193419	2.4526802088	2.4561818212	2.4596242000	2.4629997763	2.4663118312	2.4695569542	2.4727303359	2.4758338721	2.4788638691	2.4818171362	2.4846939141	2.4874936219	2.4902089083	2.4928416160	2.4953929020	2.4978560361	2.5002316314	2.5025179941	2.5047163216	2.5068228321	2.5088312060	2.5107467472	2.5125678717	2.5142923082	2.5159186223	2.5174455096	2.5188691520	2.5201927875	2.5214152502	2.5225354348	2.5235523001	2.5244635090	2.5252672889	2.5259654928	2.5265573456	2.5270421398	2.5274192401	2.5276880847	2.5278478985	2.5278987381	2.5278402658	2.5276721653	2.5273938020	2.5270053235	2.5265066807	2.5258978967	2.5251790660	2.5243503566	2.5234086798	2.5223563415	2.5211945934	2.5199239006	2.5185447972	2.5170578867	2.5154575740	2.5137504450	2.5119346774	2.5100131789	2.5079863676	2.5058539335	2.5036113729	2.5012671796	2.4988217937	2.4962723830	2.4936206990	2.4908705728	2.4880237763	2.4850739019	2.4820302399	2.4788928804	2.4756607085	2.4723370911	2.4689242437	2.4654212756	2.4618328132	2.4581597608	2.4544017729	2.4505643405	2.4466469765	2.4426533380	2.4385840335	2.4344417547	2.4302295930	2.4259479621	2.4216009870	2.4171896673	2.4127170989	2.4081852021	2.4035964496	2.3989535428	2.3942581213	2.3895140181	2.3847221391	2.3798860410	2.3750065819	2.3700891486	2.3651325955	2.3601429245	2.3551193785	2.3500667194	2.3449844034	2.3398795491	2.3347494081	2.3296001401	2.3244320459	2.3192473714	2.3140495747	2.3088384612	2.3036198278	2.2983894184	2.2931593952	2.2879215842	2.2826843649	2.2774472973	2.2722113272	2.2669812738	2.2617545922	2.2565376638	2.2513265274	2.2461297430	2.2409440679	2.2357698861	2.2306157555	2.2254727282	2.2203528234	2.2152483659	2.2101656025	2.2051038603	2.2000644465	2.1950505959	2.1900565295	2.1850965913	2.1801556778	2.1752465495	1.8836037106	1.8836037106	1.8836037106	1.8836037106	1.8836037106	1.8836037106	1.8836037106	1.8836037106	1.8836037106	1.8836037106	1.8836037106	1.8836037106	1.8836037106	1.8836037106	1.8836037106	1.8836037106	1.8836037106	1.8836037106	1.8836037106	1.8836037106	1.8836037106	1.8836037106	1.8836037106	1.8836037106	1.8836037106	1.8836037106	1.8836037106
1.8836037106	1.8836037106	1.8836037106	1.8836037106	1.8836037106	1.8836037106	1.8836037106	1.8836037106	1.8836037106	1.8836037106	1.8836037106	1.8836037106	1.8836037106	1.8836037106	1.8836037106	1.8836037106	1.8836037106	1.8836037106	1.8836037106	1.8836037106	1.8836037106	1.8836037106	1.8836037106	1.8836037106	1.8836037106	1.8836037106	2.1730436560	2.1763141432	2.1796108837	2.1829497825	2.1863269726	2.1897386060	2.1931942098	2.1966827963	2.2002100246	2.2037754894	2.2073706837	2.2110123456	2.2146837093	2.2183908441	2.2221351442	2.2259103835	2.2297234487	2.2335660459	2.2374439763	2.2413523911	2.2452926658	2.2492647493	2.2532620108	2.2572957486	2.2613527074	2.2654389040	2.2695487863	2.2736871511	2.2778485049	2.2820318838	2.2862398763	2.2904666719	2.2947146323	2.2989763005	2.3032625587	2.3075598901	2.3118728587	2.3161964437	2.3205339480	2.3248798744	2.3292335306	2.3335943057	2.3379591514	2.3423275918	2.3466951284	2.3510651038	2.3554302609	2.3597919290	2.3641451606	2.3684925634	2.3728279232	2.3771508920	2.3814590217	2.3857502840	2.3900227134	2.3942732774	2.3985012203	2.4027029657	2.4068769017	2.4110207146	2.4151317611	2.4192082681	2.4232476496	2.4272472391	2.4312056741	2.4351194531	2.4389877205	2.4428068649	2.4465746570	2.4502900301	2.4539492407	2.4575519203	2.4610940542	2.4645732363	2.4679897558	2.4713394384	2.4746196584	2.4778320342	2.4809690117	2.4840320184	2.4870211396	2.4899296757	2.4927570028	2.4955058251	2.4981686503	2.5007457757	2.5032369802	2.5056426679	2.5079538763	2.5101732380	2.5123014126	2.5143363305	2.5162759997	2.5181167428	2.5198585877	2.5215031810	2.5230491673	2.5244937506	2.5258327063	2.5270697854	2.5282029266	2.5292310571	2.5301543469	2.5309718780	2.5316824398	2.5322854925	2.5327805152	2.5331668634	2.5334439678	2.5336113319	2.5336685309	2.5336152109	2.5334510917	2.5331759705	2.5327897221	2.5322922972	2.5316837192	2.5309638822	2.5301327133	2.5291908195	2.5281385256	2.5269749002	2.5257007164	2.5243173386	2.5228194266	2.5212124236	2.5194977979	2.5176763774	2.5157439097	2.5137036390	2.5115557408	2.5093037462	2.5069486045	2.5044840482	2.5019165025	2.4992500031	2.4964800279	2.4936093086	2.4906415639	2.4875775925	2.4844133368	2.4811574478	2.4778092154	2.4743666286	2.4708375638	2.4672185759	2.4635136860	2.4597268823	2.4558543698	2.4519040052	2.4478745982	2.4437690529	2.4395904300	2.4353388485	2.4310189208	2.4266311010	2.4221791576	2.4176641802	2.4130894272	2.4084569472	2.4037691486	2.3990288548	2.3942377212	2.3893996500	2.3845155545	2.3795890912	2.3746212329	2.3696170065	2.3645754374	2.3595032244	2.3543989263	2.3492672601	2.3441089398	2.3389282713	2.3337264855	2.3285050609	2.3232694997	2.3180171856	2.3127558008	2.3074824077	2.3022026838	2.2969160874	2.2916270413	2.2863372256	2.2810442960	2.2757596406	2.2704728499	2.2651979775	2.2599271564	2.2546662657	2.2494180185	2.2441802458	2.2389585543	2.2337493101	2.2285601591	2.2233870907	2.2182338584	2.2131040175	2.2079899627	2.2029076183	2.1978429397	2.1928069374	2.1877959509	2.1828129420	2.1778581377	2.1729233800	1.8836037106	1.8836037106	1.8836037106	1.8836037106	1.8836037106	1.8836037106	1.8836037106	1.8836037106	1.8836037106	1.8836037106	1.8836037106	1.8836037106	1.8836037106	1.8836037106	1.8836037106	1.8836037106	1.8836037106	1.8836037106	1.8836037106	1.8836037106	1.8836037106	1.8836037106	1.8836037106	1.8836037106	1.8836037106	1.8836037106
1.8836037106	1.8836037106	1.8836037106	1.8836037106	1.8836037106	1.8836037106	1.8836037106	1.8836037106	1.8836037106	1.8836037106	1.8836037106	1.8836037106	1.8836037106	1.8836037106	1.8836037106	1.8836037106	1.8836037106	1.8836037106	1.8836037106	1.8836037106	1.8836037106	1.8836037106	1.8836037106	1.8836037106	1.8836037106	1.8836037106	2.1747295773	2.1780257265	2.1813554168	2.1847285697	2.1881379385	2.1915860803	2.1950756663	2.1985996610	2.2021638830	2.2057625392	2.2094001711	2.2130759567	2.2167849497	2.2205330477	2.2243119153	2.2281308017	2.2319821586	2.2358651981	2.2397860844	2.2437357208	2.2477196239	2.2517303936	2.2557770787	2.2598500099	2.2639521903	2.2680832343	2.2722394065	2.2764232190	2.2806280714	2.2848616372	2.2891137227	2.2933895837	2.2976823389	2.3019973871	2.3063276149	2.3106744992	2.3150358743	2.3194101177	2.3237961979	2.3281903646	2.3325957991	2.3370055895	2.3414214002	2.3458372899	2.3502589503	2.3546771736	2.3590936392	2.3635042755	2.3679100230	2.3723064206	2.3766920408	2.3810651824	2.3854231496	2.3897643148	2.3940855218	2.3983861478	2.4026624724	2.4069129043	2.4111351158	2.4153264294	2.4194850605	2.4236083345	2.4276937918	2.4317396254	2.4357427240	2.4397022257	2.4436134385	2.4474759884	2.4512870398	2.4550433971	2.4587458482	2.4623868581	2.4659685351	2.4694883454	2.4729408129	2.4763282727	2.4796453245	2.4828904092	2.4860639784	2.4891625426	2.4921798185	2.4951217375	2.4979811263	2.5007569346	2.5034492829	2.5060588946	2.5085739289	2.5110011204	2.5133398880	2.5155856045	2.5177373726	2.5197910929	2.5217509470	2.5236153963	2.5253775082	2.5270393152	2.5286001798	2.5300594435	2.5314169128	2.5326707166	2.5338206294	2.5348648575	2.5357979883	2.5366248953	2.5373447191	2.5379566670	2.5384600151	2.5388541129	2.5391383850	2.5393123304	2.5393755203	2.5393275979	2.5391682804	2.5388973631	2.5385147201	2.5380203017	2.5374141319	2.5366963082	2.5358670036	2.5349264689	2.5338695384	2.5327003015	2.5314203483	2.5300292960	2.5285284563	2.5269172408	2.5251961062	2.5233639054	2.5214199644	2.5193698896	2.5172147179	2.5149472792	2.5125744182	2.5100968928	2.5075172708	2.5048312113	2.5020412669	2.4991541218	2.4961647684	2.4930757405	2.4898925255	2.4866120225	2.4832358201	2.4797694434	2.4762115886	2.4725638405	2.4688303402	2.4650097774	2.4611075650	2.4571229339	2.4530590609	2.4489185975	2.4447023216	2.4404149428	2.4360549115	2.4316281070	2.4271350057	2.4225791108	2.4179616054	2.4132858827	2.4085540778	2.4037685944	2.3989323271	2.3940469302	2.3891164874	2.3841417765	2.3791266380	2.3740721690	2.3689828743	2.3638584326	2.3587052466	2.3535221412	2.3483134034	2.3430812321	2.3378273640	2.3325554334	2.3272648042	2.3219631997	2.3166457480	2.3113224023	2.3059890984	2.3006502711	2.2953099095	2.2899660083	2.2846244433	2.2792831456	2.2739479902	2.2686181193	2.2632951127	2.2579853825	2.2526798020	2.2473967874	2.2421211702	2.2368646607	2.2316250526	2.2264024976	2.2212025581	2.2160208695	2.2108638106	2.2057277803	2.2006179777	2.1955352937	2.1904739468	2.1854497083	2.1804458516	2.1754759191	1.8836037106	1.8836037106	1.8836037106	1.8836037106	1.8836037106	1.8836037106	1.8836037106	1.8836037106	1.8836037106	1.8836037106	1.8836037106	1.8836037106	1.8836037106	1.8836037106	1.8836037106	1.8836037106	1.8836037106	1.8836037106	1.8836037106	1.8836037106	1.8836037106	1.8836037106	1.8836037106	1.8836037106	1.8836037106	1.8836037106
1.8836037106	1.8836037106	1.8836037106	1.8836037106	1.8836037106	1.8836037106	1.8836037106	1.8836037106	1.8836037106	1.8836037106	1.8836037106	1.8836037106	1.8836037106	1.8836037106	1.8836037106	1.8836037106	1.8836037106	1.8836037106	1.8836037106	1.8836037106	1.8836037106	1.8836037106	1.8836037106	1.8836037106	1.8836037106	2.1731022310	2.1763972445	2.1797194324	2.1830855440	2.1864908203	2.1899316453	2.1934184984	2.1969385951	2.2004994436	2.2040997373	2.2077315579	2.2114107987	2.2151212029	2.2188694954	2.2226549073	2.2264748581	2.2303327025	2.2342214769	2.2381493047	2.2421065301	2.2461001517	2.2501251063	2.2541801285	2.2582694777	2.2623853749	2.2665333510	2.2707051219	2.2749096542	2.2791366874	2.2833905073	2.2876667746	2.2919672398	2.2962892145	2.3006304451	2.3049927985	2.3093704614	2.3137668808	2.3181754677	2.3225999261	2.3270332406	2.3314796427	2.3359320289	2.3403929279	2.3448565609	2.3493258897	2.3537948967	2.3582638459	2.3627297126	2.3671915828	2.3716466621	2.3760926550	2.3805286719	2.3849511393	2.3893588976	2.3937485719	2.3981198196	2.4024686708	2.4067935699	2.4110922008	2.4153618549	2.4196007240	2.4238060800	2.4279755712	2.4321071130	2.4361978370	2.4402468927	2.4442487462	2.4482044635	2.4521097238	2.4559619946	2.4597619258	2.4635015403	2.4671841734	2.4708055356	2.4743611091	2.4778539532	2.4812757261	2.4846281884	2.4879114589	2.4911149693	2.4942449389	2.4972971428	2.5002681617	2.5031573284	2.5059667807	2.5086840929	2.5113158173	2.5138612646	2.5163163002	2.5186764473	2.5209437909	2.5231195288	2.5251973652	2.5271761340	2.5290563728	2.5308383239	2.5325204838	2.5341022522	2.5355773962	2.5369464474	2.5382122422	2.5393736368	2.5404295526	2.5413789792	2.5422191174	2.5429498662	2.5435719459	2.5440846242	2.5444872426	2.5447792189	2.5449600463	2.5450292914	2.5449865931	2.5448316658	2.5445643028	2.5441843766	2.5436918374	2.5430867095	2.5423690921	2.5415382780	2.5405924896	2.5395345239	2.5383647904	2.5370837707	2.5356920189	2.5341866482	2.5325652634	2.5308342639	2.5289936700	2.5270442444	2.5249855649	2.5228151192	2.5205358320	2.5181525817	2.5156611438	2.5130628453	2.5103602253	2.5075572195	2.5046486488	2.5016379700	2.4985308015	2.4953239939	2.4920186199	2.4886227820	2.4851270712	2.4815421366	2.4778683668	2.4741030087	2.4702549466	2.4663190332	2.4623018856	2.4582053758	2.4540285755	2.4497773498	2.4454514541	2.4410560117	2.4365885141	2.4320558513	2.4274585028	2.4227997801	2.4180810163	2.4133056580	2.4084759022	2.4035942088	2.3986634923	2.3936853889	2.3886642767	2.3836006543	2.3784986311	2.3733594374	2.3681868936	2.3629821758	2.3577493116	2.3524900025	2.3472056350	2.3419018686	2.3365771007	2.3312369608	2.3258809143	2.3205138347	2.3151362517	2.3097503426	2.3043613658	2.2989636618	2.2935720628	2.2881754599	2.2827844483	2.2773972720	2.2720151950	2.2666435228	2.2612792150	2.2559281923	2.2505887631	2.2452650613	2.2399587259	2.2346659094	2.2293981191	2.2241451110	2.2189178288	2.2137124569	2.2085279593	2.2033744690	2.1982420745	2.1931400026	2.1880644613	2.1830195362	2.1780043711	2.1730113844	1.8836037106	1.8836037106	1.8836037106	1.8836037106	1.8836037106	1.8836037106	1.8836037106	1.8836037106	1.8836037106	1.8836037106	1.8836037106	1.8836037106	1.8836037106	1.8836037106	1.8836037106	1.8836037106	1.8836037106	1.8836037106	1.8836037106	1.8836037106	1.8836037106	1.8836037106	1.8836037106	1.8836037106	1.8836037106
1.8836037106	1.8836037106	1.8836037106	1.8836037106	1.8836037106	1.8836037106	1.8836037106	1.8836037106	1.8836037106	1.8836037106	1.8836037106	1.8836037106	1.8836037106	1.8836037106	1.8836037106	1.8836037106	1.8836037106	1.8836037106	1.8836037106	1.8836037106	1.8836037106	1.8836037106	1.8836037106	1.8836037106	1.8836037106	2.1747259812	2.1780457981	2.1814003769	2.1847995250	2.1882360265	2.1917129648	2.1952320360	2.1987872811	2.2023839975	2.2060159331	2.2096896031	2.2134014507	2.2171484774	2.2209366248	2.2247557617	2.2286186049	2.2325138103	2.2364439005	2.2404112189	2.2444106307	2.2484455345	2.2525075716	2.2566108000	2.2607399533	2.2649010208	2.2690903232	2.2733099040	2.2775565675	2.2818283604	2.2861288408	2.2904513160	2.2947985969	2.2991635681	2.3035562223	2.3079638966	2.3123912433	2.3168319692	2.3212923623	2.3257634385	2.3302475118	2.3347405390	2.3392437799	2.3437529309	2.3482674510	2.3527852555	2.3573039892	2.3618228620	2.3663384852	2.3708501143	2.3753539595	2.3798506528	2.3843353508	2.3888074841	2.3932634768	2.3977031194	2.4021223672	2.4065196242	2.4108926117	2.4152385927	2.4195557239	2.4238412582	2.4280928540	2.4323083147	2.4364848678	2.4406216915	2.4447126499	2.4487595066	2.4527572774	2.4567045535	2.4605996449	2.4644374235	2.4682194121	2.4719403550	2.4755992347	2.4791940621	2.4827207239	2.4861805202	2.4895688891	2.4928812932	2.4961219575	2.4992840926	2.5023651307	2.5053697136	2.5082871092	2.5111194209	2.5138682189	2.5165291459	2.5190963073	2.5215741619	2.5239629605	2.5262515830	2.5284457961	2.5305436925	2.5325452844	2.5344495746	2.5362461643	2.5379417389	2.5395367674	2.5410299067	2.5424172170	2.5436976285	2.5448729081	2.5459393326	2.5468974941	2.5477478688	2.5484895780	2.5491218107	2.5496438262	2.5500549584	2.5503546179	2.5505422922	2.5506175426	2.5505800043	2.5504293887	2.5501654866	2.5497881695	2.5492973870	2.5486931641	2.5479756011	2.5471448764	2.5462012481	2.5451446604	2.5439718627	2.5426869718	2.5412886638	2.5397752671	2.5381512397	2.5364173692	2.5345734145	2.5326102396	2.5305387888	2.5283594938	2.5260715684	2.5236756377	2.5211673375	2.5185565355	2.5158398430	2.5130163536	2.5100901053	2.5070652206	2.5039338427	2.5007048197	2.4973791496	2.4939554451	2.4904382582	2.4868280210	2.4831238217	2.4793327605	2.4754526378	2.4714877425	2.4674386566	2.4633077374	2.4590998165	2.4548109158	2.4504496603	2.4460149722	2.4415117139	2.4369384395	2.4323010652	2.4276006289	2.4228403447	2.4180216910	2.4131481478	2.4082219293	2.4032456119	2.3982220791	2.3931530827	2.3880429561	2.3828922270	2.3777052073	2.3724832693	2.3672295320	2.3619465337	2.3566361426	2.3513028794	2.3459446068	2.3405716099	2.3351780344	2.3297719314	2.3243528051	2.3189232125	2.3134871348	2.3080437964	2.3025985720	2.2971500201	2.2917038122	2.2862609000	2.2808192355	2.2753894508	2.2699625337	2.2645501519	2.2591479158	2.2537568489	2.2483859889	2.2430270945	2.2376890006	2.2323688723	2.2270695744	2.2217936977	2.2165386814	2.2113109863	2.2061049579	2.2009290785	2.1957806815	2.1906568321	2.1855709483	2.1805079164	2.1754804251	1.8836037106	1.8836037106	1.8836037106	1.8836037106	1.8836037106	1.8836037106	1.8836037106	1.8836037106	1.8836037106	1.8836037106	1.8836037106	1.8836037106	1.8836037106	1.8836037106	1.8836037106	1.8836037106	1.8836037106	1.8836037106	1.8836037106	1.8836037106	1.8836037106	1.8836037106	1.8836037106	1.8836037106	1.8836037106
1.8836037106	1.8836037106	1.8836037106	1.8836037106	1.8836037106	1.8836037106	1.8836037106	1.8836037106	1.8836037106	1.8836037106	1.8836037106	1.8836037106	1.8836037106	1.8836037106	1.8836037106	1.8836037106	1.8836037106	1.8836037106	1.8836037106	1.8836037106	1.8836037106	1.8836037106	1.8836037106	1.8836037106	2.1730138388	2.1763306767	2.1796757286	2.1830655917	2.1864959039	2.1899629367	2.1934774031	2.1970261179	2.2006171280	2.2042488701	2.2079140343	2.2116271412	2.2153731584	2.2191588963	2.2229822835	2.2268430181	2.2307422215	2.2346737708	2.2386474310	2.2426514898	2.2466935949	2.2507673504	2.2548758039	2.2590173748	2.2631884322	2.2673941762	2.2716262924	2.2758908849	2.2801797601	2.2844997967	2.2888423266	2.2932124259	2.2976031046	2.3020195022	2.3064549130	2.3109108342	2.3153845061	2.3198756885	2.3243819019	2.3289011897	2.3334339851	2.3379762878	2.3425280864	2.3470852855	2.3516500843	2.3562163024	2.3607852464	2.3653521814	2.3699181122	2.3744779236	2.3790324374	2.3835770355	2.3881112613	2.3926315183	2.3971370961	2.4016245365	2.4060919650	2.4105371658	2.4149573768	2.4193507076	2.4237144268	2.4280461049	2.4323435993	2.4366040863	2.4408267905	2.4450052121	2.4491414027	2.4532302258	2.4572708014	2.4612597552	2.4651941580	2.4690741123	2.4728935273	2.4766543149	2.4803502035	2.4839806839	2.4875466556	2.4910381544	2.4944599762	2.4978079485	2.5010783052	2.5042726933	2.5073873278	2.5104156446	2.5133638597	2.5162265591	2.5189986917	2.5216832518	2.5242810304	2.5267800871	2.5291868245	2.5315004788	2.5337196964	2.5358375325	2.5378533486	2.5397719873	2.5415919117	2.5433054011	2.5449170088	2.5464215745	2.5478214072	2.5491165329	2.5503057820	2.5513880503	2.5523610342	2.5532194440	2.5539688552	2.5546084515	2.5551374873	2.5555552909	2.5558611213	2.5560546208	2.5561354159	2.5561031397	2.5559575017	2.5556982916	2.5553251507	2.5548381453	2.5542373333	2.5535228162	2.5526947742	2.5517498783	2.5506872172	2.5495111483	2.5482221651	2.5468208351	2.5453078021	2.5436778278	2.5419370183	2.5400797293	2.5381124747	2.5360369828	2.5338487045	2.5315456498	2.5291354965	2.5266188278	2.5239956360	2.5212592718	2.5184221797	2.5154796906	2.5124319843	2.5092839916	2.5060384163	2.5026860230	2.4992417523	2.4956997913	2.4920617068	2.4883365443	2.4845133762	2.4806052839	2.4766105156	2.4725294201	2.4683672863	2.4641232879	2.4598036328	2.4554045542	2.4509341354	2.4463916152	2.4417817251	2.4371036871	2.4323628739	2.4275606314	2.4227002189	2.4177831136	2.4128129507	2.4077918693	2.4027226235	2.3976080142	2.3924501230	2.3872526575	2.3820169722	2.3767466898	2.3714440847	2.3661112788	2.3607520904	2.3553672578	2.3499612668	2.3445340014	2.3390912904	2.3336332084	2.3281613619	2.3226824221	2.3171917130	2.3116995852	2.3062012623	2.3007020042	2.2952053190	2.2897092373	2.2842198096	2.2787353095	2.2732603017	2.2677958943	2.2623419773	2.2569044917	2.2514782539	2.2460730817	2.2406852585	2.2353136294	2.2299700877	2.2246416339	2.2193434671	2.2140670472	2.2088152974	2.2035950901	2.1983986913	2.1932344272	2.1880985802	2.1829953759	2.1779237987	2.1728760175	1.8836037106	1.8836037106	1.8836037106	1.8836037106	1.8836037106	1.8836037106	1.8836037106	1.8836037106	1.8836037106	1.8836037106	1.8836037106	1.8836037106	1.8836037106	1.8836037106	1.8836037106	1.8836037106	1.8836037106	1.8836037106	1.8836037106	1.8836037106	1.8836037106	1.8836037106	1.8836037106	1.8836037106
1.8836037106	1.8836037106	1.8836037106	1.8836037106	1.8836037106	1.8836037106	1.8836037106	1.8836037106	1.8836037106	1.8836037106	1.8836037106	1.8836037106	1.8836037106	1.8836037106	1.8836037106	1.8836037106	1.8836037106	1.8836037106	1.8836037106	1.8836037106	1.8836037106	1.8836037106	1.8836037106	1.8836037106	2.1745744742	2.1779155562	2.1812916176	2.1847136996	2.1881743284	2.1916764187	2.1952220684	2.1988050966	2.2024309148	2.2060931130	2.2097988409	2.2135436290	2.2173252074	2.2211496341	2.2250068025	2.2289085411	2.2328440554	2.2368170998	2.2408275269	2.2448727904	2.2489549042	2.2530664300	2.2572201819	2.2614017030	2.2656175876	2.2698616544	2.2741405426	2.2784467797	2.2827816463	2.2871442363	2.2915329789	2.2959477601	2.3003846197	2.3048471290	2.3093283141	2.3138320356	2.3183519409	2.3228912843	2.3274432422	2.3320128650	2.3365923073	2.3411839005	2.3457814626	2.3503906532	2.3550024084	2.3596185181	2.3642342802	2.3688521634	2.3734658014	2.3780754838	2.3826775953	2.3872715708	2.3918538017	2.3964229611	2.4009763196	2.4055116600	2.4100268541	2.4145191181	2.4189864887	2.4234263271	2.4278359761	2.4322135260	2.4365559561	2.4408625542	2.4451266957	2.4493504491	2.4535286182	2.4576606758	2.4617420792	2.4657714480	2.4697478593	2.4736645164	2.4775256345	2.4813213924	2.4850545857	2.4887243231	2.4923196248	2.4958490991	2.4993040040	2.5026823033	2.5059891236	2.5092094779	2.5123515973	2.5154125996	2.5183869981	2.5212738037	2.5240774535	2.5267842468	2.5294008311	2.5319267644	2.5343610727	2.5366911625	2.5389256260	2.5410651766	2.5431027328	2.5450397173	2.5468711784	2.5486013891	2.5502297046	2.5517547506	2.5531674966	2.5544717013	2.5556697259	2.5567597168	2.5577414618	2.5586139918	2.5593755515	2.5600250165	2.5605631299	2.5609892124	2.5613026635	2.5615029611	2.5615896588	2.5615623855	2.5614208475	2.5611648322	2.5607942093	2.5603089277	2.5597090128	2.5589942449	2.5581628848	2.5572170884	2.5561572009	2.5549831746	2.5536955408	2.5522952271	2.5507715312	2.5491348984	2.5473868782	2.5455283479	2.5435538249	2.5414681089	2.5392668445	2.5369584322	2.5345428091	2.5320080157	2.5293678419	2.5266224738	2.5237709670	2.5208082285	2.5177468524	2.5145787634	2.5113085544	2.5079413914	2.5044728108	2.5009061359	2.4972461736	2.4934905633	2.4896457585	2.4857081920	2.4816832365	2.4775744851	2.4733781277	2.4691034259	2.4647471407	2.4603162824	2.4558081854	2.4512296043	2.4465803445	2.4418651424	2.4370834725	2.4322406158	2.4273379689	2.4223788953	2.4173649756	2.4122998707	2.4071856366	2.4020252651	2.3968214233	2.3915765978	2.3862937043	2.3809754183	2.3756235861	2.3702428210	2.3648327173	2.3593996026	2.3539425693	2.3484660714	2.3429722770	2.3374630219	2.3319420896	2.3264092363	2.3208703213	2.3153244205	2.3097749288	2.3042264933	2.2986739040	2.2931309251	2.2875885311	2.2820537164	2.2765296251	2.2710121726	2.2655115655	2.2600217660	2.2545481109	2.2490938442	2.2436556167	2.2382398235	2.2328435828	2.2274712732	2.2221237472	2.2167994884	2.2115048993	2.2062334252	2.2009947417	2.1957851070	2.1906019535	2.1854589509	2.1803401780	2.1752589745	1.8836037106	1.8836037106	1.8836037106	1.8836037106	1.8836037106	1.8836037106	1.8836037106	1.8836037106	1.8836037106	1.8836037106	1.8836037106	1.8836037106	1.8836037106	1.8836037106	1.8836037106	1.8836037106	1.8836037106	1.8836037106	1.8836037106	1.8836037106	1.8836037106	1.8836037106	1.8836037106	1.8836037106
1.8836037106	1.8836037106	1.8836037106	1.8836037106	1.8836037106	1.8836037106	1.8836037106	1.8836037106	1.8836037106	1.8836037106	1.8836037106	1.8836037106	1.8836037106	1.8836037106	1.8836037106	1.8836037106	1.8836037106	1.8836037106	1.8836037106	1.8836037106	1.8836037106	1.8836037106	1.8836037106	2.1727797579	2.1761157362	2.1794810436	2.1828911604	2.1863434116	2.1898336185	2.1933720139	2.1969463985	2.2005640553	2.2042238045	2.2079183253	2.2116621574	2.2154402877	2.2192596832	2.2231178276	2.2270153349	2.2309523884	2.2349232168	2.2389385475	2.2429856592	2.2470722408	2.2511913503	2.2553487862	2.2595390653	2.2637626079	2.2680207386	2.2723088603	2.2766297212	2.2809766394	2.2853585070	2.2897642195	2.2941988123	2.2986545240	2.3031415283	2.3076474251	2.3121765863	2.3167232083	2.3212930408	2.3258775349	2.3304791411	2.3350932527	2.3397222382	2.3443601959	2.3490088143	2.3536636635	2.3583244565	2.3629880394	2.3676540023	2.3723190268	2.3769813916	2.3816390463	2.3862899050	2.3909317597	2.3955620854	2.4001790835	2.4047799446	2.4093628393	2.4139249029	2.4184640297	2.4229778828	2.4274633054	2.4319188433	2.4363411334	2.4407295435	2.4450775619	2.4493870051	2.4536527091	2.4578743232	2.4620466521	2.4661692138	2.4702404535	2.4742530034	2.4782113343	2.4821066673	2.4859416475	2.4897118086	2.4934123500	2.4970462007	2.5006066349	2.5040947239	2.5075077081	2.5108384175	2.5140929838	2.5172662845	2.5203502248	2.5233543355	2.5262671344	2.5290902108	2.5318247791	2.5344703961	2.5370125862	2.5394625166	2.5418198521	2.5440742186	2.5462293663	2.5482832667	2.5502387535	2.5520942579	2.5538352060	2.5554731585	2.5570066350	2.5584352163	2.5597557364	2.5609673196	2.5620708909	2.5630619562	2.5639406769	2.5647091617	2.5653665792	2.5659121695	2.5663452477	2.5666652078	2.5668715235	2.5669637450	2.5669414984	2.5668044876	2.5665524985	2.5661853999	2.5657031403	2.5651057454	2.5643933194	2.5635660472	2.5626241962	2.5615618011	2.5603842744	2.5590926815	2.5576832865	2.5561607314	2.5545249617	2.5527771451	2.5509082556	2.5489240381	2.5468301205	2.5446252404	2.5423064989	2.5398735946	2.5373327613	2.5346871893	2.5319218146	2.5290526710	2.5260793916	2.5229992611	2.5198125963	2.5165276179	2.5131363214	2.5096465014	2.5060624011	2.5023735998	2.4985955791	2.4947224917	2.4907585306	2.4867065420	2.4825649530	2.4783413968	2.4740322383	2.4696455868	2.4651779459	2.4606369915	2.4560207323	2.4513351220	2.4465803434	2.4417612757	2.4368772284	2.4319338446	2.4269323134	2.4218761956	2.4167671778	2.4116089007	2.4064033500	2.4011537598	2.3958626299	2.3905329273	2.3851669092	2.3797679062	2.3743373147	2.3688799485	2.3633956888	2.3578899980	2.3523637522	2.3468183630	2.3412605980	2.3356874559	2.3301057042	2.3245151512	2.3189186043	2.3133199163	2.3077182978	2.3021188287	2.2965214177	2.2909295282	2.2853456572	2.2797681434	2.2742041847	2.2686511202	2.2631117063	2.2575916209	2.2520832047	2.2466007197	2.2411352824	2.2356902498	2.2302735845	2.2248748605	2.2195086557	2.2141658476	2.2088501962	2.2035678641	2.1983113252	2.1930888943	2.1878971342	2.1827394199	2.1776154967	2.1725164414	1.8836037106	1.8836037106	1.8836037106	1.8836037106	1.8836037106	1.8836037106	1.8836037106	1.8836037106	1.8836037106	1.8836037106	1.8836037106	1.8836037106	1.8836037106	1.8836037106	1.8836037106	1.8836037106	1.8836037106	1.8836037106	1.8836037106	1.8836037106	1.8836037106	1.8836037106	1.8836037106
1.8836037106	1.8836037106	1.8836037106	1.8836037106	1.8836037106	1.8836037106	1.8836037106	1.8836037106	1.8836037106	1.8836037106	1.8836037106	1.8836037106	1.8836037106	1.8836037106	1.8836037106	1.8836037106	1.8836037106	1.8836037106	1.8836037106	1.8836037106	1.8836037106	1.8836037106	1.8836037106	2.1742764598	2.1776364271	2.1810305490	2.1844724631	2.1879541678	2.1914777225	2.1950469935	2.1986542877	2.2023057609	2.2059951447	2.2097288917	2.2135034312	2.2173160096	2.2211728730	2.2250640455	2.2290011461	2.2329734461	2.2369852590	2.2410353763	2.2451224689	2.2492478977	2.2534052708	2.2576051441	2.2618350781	2.2661015826	2.2703968830	2.2747308657	2.2790923140	2.2834858042	2.2879067916	2.2923583778	2.2968356965	2.3013397848	2.3058683848	2.3104202697	2.3149947736	2.3195896255	2.3242038104	2.3288348727	2.3334834809	2.3381455607	2.3428210982	2.3475065349	2.3522028068	2.3569049648	2.3616140739	2.3663257089	2.3710395099	2.3757518988	2.3804628273	2.3851682002	2.3898669756	2.3945559951	2.3992342698	2.4038982863	2.4085464529	2.4131759906	2.4177845509	2.4223700491	2.4269291152	2.4314604877	2.4359604655	2.4404285139	2.4448584706	2.4492516318	2.4536029576	2.4579120979	2.4621737194	2.4663875899	2.4705513065	2.4746588903	2.4787130769	2.4827064707	2.4866416636	2.4905113267	2.4943156068	2.4980528121	2.5017178398	2.5053144388	2.5088316618	2.5122729422	2.5156376759	2.5189185917	2.5221176641	2.5252335106	2.5282590510	2.5311979184	2.5340504040	2.5368038323	2.5394653335	2.5420362171	2.5445068718	2.5468784485	2.5491528987	2.5513312869	2.5534023187	2.5553678245	2.5572320248	2.5589943791	2.5606488194	2.5621987432	2.5636359509	2.5649648699	2.5661864836	2.5672996594	2.5683033338	2.5691965173	2.5699736010	2.5706380195	2.5711902805	2.5716296944	2.5719556506	2.5721676192	2.5722651476	2.5722478593	2.5721154566	2.5718677241	2.5715045296	2.5710258214	2.5704316256	2.5697220473	2.5688936901	2.5679467641	2.5668843812	2.5657069718	2.5644150427	2.5630091785	2.5614832209	2.5598409049	2.5580830100	2.5562109213	2.5542269029	2.5521319657	2.5499111096	2.5475817151	2.5451446432	2.5425923132	2.5399276460	2.5371556524	2.5342782618	2.5312842276	2.5281879311	2.5249882896	2.5216799735	2.5182725621	2.5147625938	2.5111517986	2.5074473019	2.5036417469	2.4997444848	2.4957549871	2.4916729817	2.4875066858	2.4832492831	2.4789116956	2.4744903573	2.4699925134	2.4654145874	2.4607647794	2.4560413453	2.4512499678	2.4463910180	2.4414696552	2.4364846063	2.4314423308	2.4263435517	2.4211921206	2.4159898322	2.4107401875	2.4054453327	2.4001086000	2.3947321534	2.3893197365	2.3838727887	2.3783952231	2.3728886321	2.3673565296	2.3618013104	2.3562250283	2.3506319989	2.3450212363	2.3394002428	2.3337674420	2.3281254564	2.3224807453	2.3168283909	2.3111791027	2.3055287383	2.2998797745	2.2942402539	2.2886037916	2.2829789700	2.2773645267	2.2717615506	2.2661758367	2.2606037165	2.2550504325	2.2495174947	2.2440039422	2.2385146693	2.2330468498	2.2276055078	2.2221907987	2.2168015525	2.2114439607	2.2061117649	2.2008136301	2.1955474475	2.1903088481	2.1851128652	2.1799433091	2.1748109046	1.8836037106	1.8836037106	1.8836037106	1.8836037106	1.8836037106	1.8836037106	1.8836037106	1.8836037106	1.8836037106	1.8836037106	1.8836037106	1.8836037106	1.8836037106	1.8836037106	1.8836037106	1.8836037106	1.8836037106	1.8836037106	1.8836037106	1.8836037106	1.8836037106	1.8836037106	1.8836037106
1.8836037106	1.8836037106	1.8836037106	1.8836037106	1.8836037106	1.8836037106	1.8836037106	1.8836037106	1.8836037106	1.8836037106	1.8836037106	1.8836037106	1.8836037106	1.8836037106	1.8836037106	1.8836037106	1.8836037106	1.8836037106	1.8836037106	1.8836037106	1.8836037106	1.8836037106	1.8836037106	2.1757539707	2.1791369422	2.1825637939	2.1860348461	2.1895451492	2.1931037504	2.1967008091	2.2003415513	2.2040258156	2.2077456547	2.2115170101	2.2153236907	2.2191728908	2.2230625016	2.2269926978	2.2309640127	2.2349705405	2.2390232938	2.2431094093	2.2472365416	2.2513974567	2.2555993209	2.2598348233	2.2641063379	2.2684129321	2.2727525903	2.2771257927	2.2815283174	2.2859659781	2.2904305201	2.2949254240	2.2994440970	2.3039952079	2.3085673825	2.3131654134	2.3177831690	2.3224252529	2.3270836343	2.3317630829	2.3364565848	2.3411663389	2.3458859755	2.3506215407	2.3553636113	2.3601142719	2.3648689771	2.3696293310	2.3743895600	2.3791506292	2.3839080427	2.3886612114	2.3934063798	2.3981434752	2.4028682418	2.4075791912	2.4122738100	2.4169494102	2.4216041088	2.4262346102	2.4308395815	2.4354149899	2.4399604145	2.4444702780	2.4489450900	2.4533800259	2.4577745609	2.4621237370	2.4664269242	2.4706816188	2.4748822989	2.4790308667	2.4831206853	2.4871543922	2.4911225102	2.4950288993	2.4988683083	2.5026368629	2.5063405563	2.5099615252	2.5135122014	2.5169862997	2.5203745148	2.5236877195	2.5269116956	2.5300504559	2.5331055528	2.5360686533	2.5389371471	2.5417192637	2.5444023433	2.5469886636	2.5494802348	2.5518784023	2.5541656434	2.5563535918	2.5584426262	2.5604280201	2.5623105778	2.5640806963	2.5657462007	2.5673071356	2.5687621548	2.5701042798	2.5713342345	2.5724554660	2.5734648402	2.5743628905	2.5751495511	2.5758239760	2.5763850025	2.5768320308	2.5771649092	2.5773831022	2.5774861530	2.5774736818	2.5773453878	2.5771010537	2.5767405462	2.5762638132	2.5756701820	2.5749600763	2.5741338903	2.5731918976	2.5721326686	2.5709568120	2.5696661124	2.5682526841	2.5667224694	2.5650785507	2.5633217557	2.5614459200	2.5594532195	2.5573444229	2.5551242633	2.5527941385	2.5503417402	2.5477775732	2.5451072330	2.5423226843	2.5394257203	2.5364246027	2.5333142887	2.5300934062	2.5267717000	2.5233460738	2.5198143440	2.5161866691	2.5124554103	2.5086297785	2.5047084159	2.5006913346	2.4965851880	2.4923873859	2.4881070378	2.4837347872	2.4792840851	2.4747513287	2.4701431875	2.4654561820	2.4606988965	2.4558694037	2.4509736478	2.4460119991	2.4409899433	2.4359054786	2.4307660640	2.4255717877	2.4203268851	2.4150332523	2.4096942248	2.4043121236	2.3988903970	2.3934307071	2.3879378414	2.3824121873	2.3768583383	2.3712781776	2.3656738804	2.3600498995	2.3544065273	2.3487480551	2.3430763547	2.3373937420	2.3317038018	2.3260065447	2.3203070418	2.3146060016	2.3089051388	2.3032093560	2.2975158063	2.2918321973	2.2861579959	2.2804919652	2.2748433914	2.2692059222	2.2635861256	2.2579867250	2.2524009872	2.2468447520	2.2413065626	2.2357916750	2.2303067404	2.2248419885	2.2194118640	2.2140074904	2.2086314381	2.2032917230	2.1979790491	2.1927026150	2.1874594678	2.1822511283	2.1770790029	1.8836037106	1.8836037106	1.8836037106	1.8836037106	1.8836037106	1.8836037106	1.8836037106	1.8836037106	1.8836037106	1.8836037106	1.8836037106	1.8836037106	1.8836037106	1.8836037106	1.8836037106	1.8836037106	1.8836037106	1.8836037106	1.8836037106	1.8836037106	1.8836037106	1.8836037106	1.8836037106
1.8836037106	1.8836037106	1.8836037106	1.8836037106	1.8836037106	1.8836037106	1.8836037106	1.8836037106	1.8836037106	1.8836037106	1.8836037106	1.8836037106	1.8836037106	1.8836037106	1.8836037106	1.8836037106	1.8836037106	1.8836037106	1.8836037106	1.8836037106	1.8836037106	1.8836037106	2.1738335562	2.1772101113	2.1806188818	2.1840774944	2.1875771825	2.1911184796	2.1947083723	2.1983363759	2.2020100134	2.2057234547	2.2094811347	2.2132821784	2.2171221458	2.2210075415	2.2249286256	2.2288974821	2.2329029677	2.2369492849	2.2410355876	2.2451603984	2.2493251541	2.2535237943	2.2577661257	2.2620404096	2.2663532242	2.2706968873	2.2750803483	2.2794930139	2.2839405398	2.2884165981	2.2929260073	2.2974616415	2.3020281517	2.3066195756	2.3112373882	2.3158780157	2.3205431821	2.3252286579	2.3299341819	2.3346571218	2.3393980830	2.3441527157	2.3489216629	2.3537011578	2.3584907393	2.3632870136	2.3680902789	2.3728964058	2.3777044168	2.3825112946	2.3873163161	2.3921157395	2.3969084708	2.4016914808	2.4064627101	2.4112198866	2.4159601352	2.4206816071	2.4253811741	2.4300574168	2.4347059312	2.4393263856	2.4439140356	2.4484683394	2.4529847786	2.4574624795	2.4618973694	2.4662877769	2.4706318418	2.4749235698	2.4791649295	2.4833494199	2.4874798211	2.4915452222	2.4955519631	2.4994915802	2.5033631804	2.5071687288	2.5108960818	2.5145535669	2.5181335393	2.5216328428	2.5250550291	2.5283896768	2.5316420201	2.5348125338	2.5378827668	2.5408699990	2.5437640493	2.5465627197	2.5492672680	2.5518813527	2.5543855814	2.5567929234	2.5591040575	2.5613112862	2.5634142642	2.5654097706	2.5673041372	2.5690958141	2.5707724718	2.5723422802	2.5738028833	2.5751551646	2.5763986747	2.5775313556	2.5785536092	2.5794644289	2.5802552168	2.5809335408	2.5814990111	2.5819509287	2.5822886744	2.5825117105	2.5826195785	2.5826118972	2.5824883649	2.5822487638	2.5818929600	2.5814209011	2.5808326138	2.5801282052	2.5793058818	2.5783603506	2.5772983437	2.5761202841	2.5748247436	2.5734141007	2.5718865399	2.5702430653	2.5684796844	2.5665964167	2.5646010141	2.5624942722	2.5602633840	2.5579194044	2.5554631755	2.5528981102	2.5502114151	2.5474139565	2.5445100397	2.5414943696	2.5383664118	2.5351389772	2.5317953861	2.5283506064	2.5248053321	2.5211525176	2.5174054031	2.5135551461	2.5096090285	2.5055716836	2.5014356099	2.4972132854	2.4929002587	2.4885057493	2.4840202692	2.4794575119	2.4748142359	2.4700968275	2.4653020814	2.4604388245	2.4555045160	2.4505058964	2.4454431435	2.4403214472	2.4351399406	2.4299051477	2.4246173414	2.4192809154	2.4138979598	2.4084716409	2.4030045847	2.3974999252	2.3919599945	2.3863882096	2.3807870895	2.3751584010	2.3695075885	2.3638334487	2.3581428170	2.3524354702	2.3467134047	2.3409835094	2.3352423539	2.3294971802	2.3237482665	2.3179965346	2.3122484482	2.3065012999	2.3007598848	2.2950277309	2.2893025934	2.2835908276	2.2778912117	2.2722063135	2.2665401471	2.2608901479	2.2552614127	2.2496547419	2.2440700625	2.2385117139	2.2329770284	2.2274708022	2.2219935408	2.2165437193	2.2111271650	2.2057391171	2.2003856429	2.1950671151	2.1897785366	2.1845323534	2.1793170068	2.1741359723	1.8836037106	1.8836037106	1.8836037106	1.8836037106	1.8836037106	1.8836037106	1.8836037106	1.8836037106	1.8836037106	1.8836037106	1.8836037106	1.8836037106	1.8836037106	1.8836037106	1.8836037106	1.8836037106	1.8836037106	1.8836037106	1.8836037106	1.8836037106	1.8836037106	1.8836037106
1.8836037106	1.8836037106	1.8836037106	1.8836037106	1.8836037106	1.8836037106	1.8836037106	1.8836037106	1.8836037106	1.8836037106	1.8836037106	1.8836037106	1.8836037106	1.8836037106	1.8836037106	1.8836037106	1.8836037106	1.8836037106	1.8836037106	1.8836037106	1.8836037106	1.8836037106	2.1752471659	2.1786452764	2.1820853395	2.1855720190	2.1890993018	2.1926743556	2.1962910538	2.1999512845	2.2036565314	2.2073981105	2.2111932366	2.2150248525	2.2188999499	2.2228176738	2.2267764136	2.2307783319	2.2348169060	2.2389027594	2.2430237487	2.2471874200	2.2513865000	2.2556281454	2.2599051226	2.2642199092	2.2685711798	2.2729577912	2.2773792872	2.2818327772	2.2863221381	2.2908410161	2.2953919041	2.2999695477	2.3045798681	2.3092139453	2.3138763008	2.3185609417	2.3232705926	2.3279990934	2.3327512372	2.3375196063	2.3423057844	2.3471054323	2.3519208214	2.3567458087	2.3615819647	2.3664248635	2.3712740410	2.3761262862	2.3809808658	2.3858343879	2.3906854315	2.3955311768	2.4003699126	2.4051988219	2.4100159576	2.4148184052	2.4196041714	2.4243703655	2.4291149350	2.4338346989	2.4385277567	2.4431909878	2.4478220767	2.4524182807	2.4569768245	2.4614954887	2.4659709196	2.4704026415	2.4747832619	2.4791157127	2.4833930075	2.4876181659	2.4917795574	2.4958840907	2.4999229518	2.5038965053	2.5078030753	2.5116353280	2.5153984255	2.5190833221	2.5226926119	2.5262212826	2.5296664124	2.5330319123	2.5363087261	2.5394954236	2.5425971683	2.5456050848	2.5485177689	2.5513432054	2.5540644627	2.5566876117	2.5592168373	2.5616445683	2.5639670542	2.5661866994	2.5683075406	2.5703205311	2.5722241272	2.5740211536	2.5757125630	2.5772966596	2.5787733799	2.5801356090	2.5813823108	2.5825196852	2.5835466474	2.5844621866	2.5852653685	2.5859553341	2.5865289156	2.5869870346	2.5873305998	2.5875590695	2.5876719822	2.5876689543	2.5875496822	2.5873139464	2.5869616126	2.5864926278	2.5859051452	2.5851982148	2.5843741644	2.5834332730	2.5823759004	2.5812024851	2.5799135450	2.5784995642	2.5769659876	2.5753165300	2.5735518212	2.5716709367	2.5696753425	2.5675546205	2.5653204662	2.5629764986	2.5605108731	2.5579308802	2.5552394364	2.5524410188	2.5495174816	2.5464890091	2.5433519911	2.5401036027	2.5367501738	2.5332908618	2.5297223206	2.5260555144	2.5222848126	2.5184154509	2.5144477320	2.5103829950	2.5062298700	2.5019757811	2.4976378973	2.4932103639	2.4887020603	2.4841047789	2.4794311638	2.4746784023	2.4698528891	2.4649518721	2.4599842786	2.4549465238	2.4498466784	2.4446845374	2.4394648917	2.4341883096	2.4288595864	2.4234807459	2.4180547037	2.4125847011	2.4070732658	2.4015235076	2.3959381945	2.3903204035	2.3846724729	2.3789979130	2.3732984304	2.3675778961	2.3618384462	2.3560823893	2.3503138904	2.3445325551	2.3387443633	2.3329502652	2.3271506411	2.3213526491	2.3155533150	2.3097576214	2.3039695925	2.2981847483	2.2924143624	2.2866535805	2.2809037652	2.2751745928	2.2694577339	2.2637617745	2.2580876489	2.2524296456	2.2468034062	2.2411975109	2.2356164865	2.2300683066	2.2245423167	2.2190521562	2.2135911882	2.2081583733	2.2027661527	2.1974014798	2.1920753345	2.1867856716	2.1815304573	2.1763142863	1.8836037106	1.8836037106	1.8836037106	1.8836037106	1.8836037106	1.8836037106	1.8836037106	1.8836037106	1.8836037106	1.8836037106	1.8836037106	1.8836037106	1.8836037106	1.8836037106	1.8836037106	1.8836037106	1.8836037106	1.8836037106	1.8836037106	1.8836037106	1.8836037106	1.8836037106
1.8836037106	1.8836037106	1.8836037106	1.8836037106	1.8836037106	1.8836037106	1.8836037106	1.8836037106	1.8836037106	1.8836037106	1.8836037106	1.8836037106	1.8836037106	1.8836037106	1.8836037106	1.8836037106	1.8836037106	1.8836037106	1.8836037106	1.8836037106	1.8836037106	2.1732485683	2.1766385457	2.1800595181	2.1835309385	2.1870453202	2.1906006087	2.1942080888	2.1978532162	2.2015454940	2.2052798237	2.2090573149	2.2128815679	2.2167452646	2.2206552380	2.2246026617	2.2285990324	2.2326340376	2.2367105290	2.2408294365	2.2449877776	2.2491877893	2.2534230320	2.2577040640	2.2620185383	2.2663732519	2.2707606617	2.2751895122	2.2796492840	2.2841461356	2.2886733141	2.2932355725	2.2978254720	2.3024494478	2.3070995661	2.3117783758	2.3164809996	2.3212120156	2.3259639560	2.3307391728	2.3355330362	2.3403476766	2.3451767512	2.3500243973	2.3548834971	2.3597552067	2.3646351159	2.3695251202	2.3744191112	2.3793182090	2.3842179208	2.3891175839	2.3940136588	2.3989056273	2.4037895740	2.4086639996	2.4135260718	2.4183734946	2.4232039121	2.4280142580	2.4328025969	2.4375660424	2.4423025688	2.4470078904	2.4516814785	2.4563187697	2.4609191733	2.4654773331	2.4699944150	2.4744621506	2.4788838828	2.4832520041	2.4875698694	2.4918258402	2.4960265354	2.5001631590	2.5042367901	2.5082434392	2.5121789529	2.5160463322	2.5198353401	2.5235531044	2.5271877160	2.5307423496	2.5342198980	2.5376031018	2.5409051816	2.5441176995	2.5472372919	2.5502688172	2.5532064028	2.5560410617	2.5587847016	2.5614298103	2.5639715810	2.5664118902	2.5687560467	2.5709897299	2.5731187486	2.5751423141	2.5770624507	2.5788776607	2.5805769878	2.5821646942	2.5836457084	2.5850187243	2.5862818137	2.5874273507	2.5884621427	2.5893851716	2.5901913481	2.5908839652	2.5914629034	2.5919274536	2.5922769873	2.5925109584	2.5926289021	2.5926304321	2.5925152429	2.5922831131	2.5919339076	2.5914675729	2.5908841361	2.5901837062	2.5893656967	2.5884263689	2.5873701875	2.5861975938	2.5849004062	2.5834870278	2.5819582641	2.5803148833	2.5785481032	2.5766590428	2.5746547354	2.5725369094	2.5703023179	2.5679468833	2.5654746489	2.5628942044	2.5601917844	2.5573757328	2.5544507294	2.5514151035	2.5482592062	2.5450018352	2.5416333837	2.5381542091	2.5345782304	2.5308862250	2.5270980626	2.5232092063	2.5192183522	2.5151332067	2.5109502857	2.5066800462	2.5023105722	2.4978578945	2.4933167170	2.4886960018	2.4839876107	2.4792044717	2.4743433916	2.4694110676	2.4644053790	2.4593352109	2.4541955029	2.4489961906	2.4437364947	2.4384207043	2.4330509124	2.4276304393	2.4221625152	2.4166491848	2.4110943301	2.4055001287	2.3998701036	2.3942064056	2.3885132510	2.3827916757	2.3770460878	2.3712784705	2.3654910694	2.3596885297	2.3538709815	2.3480425740	2.3422063471	2.3363627514	2.3305167746	2.3246686641	2.3188214521	2.3129789835	2.3071402718	2.3013099412	2.2954901430	2.2896806631	2.2838865372	2.2781066794	2.2723441473	2.2666023918	2.2608791552	2.2551793375	2.2495040599	2.2438526281	2.2382297782	2.2326331040	2.2270662975	2.2215312654	2.2160254235	2.2105541443	2.2051151832	2.1997109791	2.1943440627	2.1890102249	2.1837175860	2.1784611133	2.1732353951	1.8836037106	1.8836037106	1.8836037106	1.8836037106	1.8836037106	1.8836037106	1.8836037106	1.8836037106	1.8836037106	1.8836037106	1.8836037106	1.8836037106	1.8836037106	1.8836037106	1.8836037106	1.8836037106	1.8836037106	1.8836037106	1.8836037106	1.8836037106	1.8836037106
1.8836037106	1.8836037106	1.8836037106	1.8836037106	1.8836037106	1.8836037106	1.8836037106	1.8836037106	1.8836037106	1.8836037106	1.8836037106	1.8836037106	1.8836037106	1.8836037106	1.8836037106	1.8836037106	1.8836037106	1.8836037106	1.8836037106	1.8836037106	1.8836037106	2.1745971617	2.1780081202	2.1814579401	2.1849570522	2.1884981601	2.1920858879	2.1957191599	2.1993952568	2.2031179242	2.2068793397	2.2106927797	2.2145456356	2.2184426808	2.2223851125	2.2263682016	2.2303970077	2.2344639123	2.2385784816	2.2427301467	2.2469262709	2.2511597939	2.2554364930	2.2597507517	2.2641043731	2.2684964328	2.2729253117	2.2773909444	2.2818904656	2.2864274946	2.2909960912	2.2955985090	2.3002301022	2.3048954808	2.3095869342	2.3143089105	2.3190555501	2.3238283817	2.3286234027	2.3334425559	2.3382810730	2.3431391800	2.3480139359	2.3529047848	2.3578091450	2.3627252127	2.3676516213	2.3725856249	2.3775255925	2.3824688061	2.3874144513	2.3923587039	2.3973006882	2.4022371182	2.4071660788	2.4120851583	2.4169915382	2.4218833689	2.4267572168	2.4316115967	2.4364428434	2.4412503974	2.4460274040	2.4507756247	2.4554896882	2.4601697046	2.4648082068	2.4694080654	2.4739612256	2.4784703253	2.4829271877	2.4873355991	2.4916846235	2.4959797702	2.5002125169	2.5043842268	2.5084898852	2.5125268908	2.5164970877	2.5203892589	2.5242136016	2.5279532403	2.5316164328	2.5352022390	2.5386946249	2.5421094362	2.5454331185	2.5486648201	2.5518142319	2.5548579255	2.5578110679	2.5606707806	2.5634308705	2.5660876350	2.5686511907	2.5711062032	2.5734574559	2.5757061414	2.5778526095	2.5798933028	2.5818155903	2.5836345341	2.5853486164	2.5869511077	2.5884409631	2.5898205915	2.5910850578	2.5922394673	2.5932827208	2.5942137926	2.5950317340	2.5957356744	2.5963217386	2.5967891417	2.5971419210	2.5973795305	2.5975015053	2.5975074594	2.5973970873	2.5971701681	2.5968265663	2.5963662285	2.5957851663	2.5950822775	2.5942614329	2.5933229154	2.5922670894	2.5910943996	2.5898053720	2.5883940631	2.5868651873	2.5852147933	2.5834448307	2.5815609145	2.5795640524	2.5774344722	2.5751910035	2.5728347794	2.5703622058	2.5677688235	2.5650599801	2.5622429819	2.5593041359	2.5562527834	2.5530966664	2.5498205877	2.5464377366	2.5429484164	2.5393487074	2.5356496077	2.5318397677	2.5279306194	2.5239239271	2.5198124901	2.5156101019	2.5113097406	2.5069229557	2.5024389640	2.4978724019	2.4932185837	2.4884869787	2.4836683054	2.4787771111	2.4738090116	2.4687713007	2.4636626671	2.4584901652	2.4532517631	2.4479545107	2.4425995544	2.4371895126	2.4317285202	2.4262185618	2.4206634789	2.4150654261	2.4094279429	2.4037535415	2.3980456871	2.3923065584	2.3865399860	2.3807482520	2.3749333935	2.3691006903	2.3632495902	2.3573854815	2.3515104539	2.3456240280	2.3397352400	2.3338405765	2.3279435622	2.3220509710	2.3161581651	2.3102730804	2.3043963545	2.2985253067	2.2926721409	2.2868299345	2.2810012880	2.2751957419	2.2694047151	2.2636365603	2.2578929360	2.2521679068	2.2464755799	2.2408071937	2.2351639797	2.2295576613	2.2239759669	2.2184291951	2.2129167366	2.2074312505	2.2019911973	2.1965808149	2.1912073381	2.1858765172	2.1805778158	2.1753216391	1.8836037106	1.8836037106	1.8836037106	1.8836037106	1.8836037106	1.8836037106	1.8836037106	1.8836037106	1.8836037106	1.8836037106	1.8836037106	1.8836037106	1.8836037106	1.8836037106	1.8836037106	1.8836037106	1.8836037106	1.8836037106	1.8836037106	1.8836037106	1.8836037106
1.8836037106	1.8836037106	1.8836037106	1.8836037106	1.8836037106	1.8836037106	1.8836037106	1.8836037106	1.8836037106	1.8836037106	1.8836037106	1.8836037106	1.8836037106	1.8836037106	1.8836037106	1.8836037106	1.8836037106	1.8836037106	1.8836037106	1.8836037106	2.1725238544	2.1759237815	2.1793560238	2.1828357387	2.1863614486	2.1899286722	2.1935483425	2.1972070573	2.2009143579	2.2046663755	2.2084595328	2.2123036625	2.2161873920	2.2201179505	2.2240889668	2.2281078237	2.2321684993	2.2362707820	2.2404186492	2.2446062690	2.2488373959	2.2531045053	2.2574203980	2.2617708180	2.2661629310	2.2705893782	2.2750594279	2.2795620883	2.2841034465	2.2886770880	2.2932876914	2.2979276786	2.3026040321	2.3073082626	2.3120433065	2.3168036460	2.3215953848	2.3264092952	2.3312492588	2.3361097927	2.3409929204	2.3458920424	2.3508133676	2.3557474379	2.3606965621	2.3656564358	2.3706275963	2.3756054425	2.3805905233	2.3855785438	2.3905684574	2.3955573950	2.4005436384	2.4055244103	2.4104976720	2.4154604883	2.4204108977	2.4253458098	2.4302636617	2.4351600898	2.4400349640	2.4448823436	2.4497027352	2.4544911493	2.4592484222	2.4639649345	2.4686452135	2.4732816904	2.4778761419	2.4824195567	2.4869162473	2.4913566870	2.4957444606	2.5000715737	2.5043392445	2.5085427182	2.5126793205	2.5167507404	2.5207449938	2.5246723273	2.5285174121	2.5322882538	2.5359791055	2.5395825162	2.5431060751	2.5465395434	2.5498864439	2.5531450934	2.5563026109	2.5593730747	2.5623485607	2.5652180596	2.5679963701	2.5706725904	2.5732436497	2.5757137419	2.5780839933	2.5803464640	2.5824953026	2.5845430992	2.5864861054	2.5883143899	2.5900343483	2.5916413324	2.5931409750	2.5945319514	2.5958130079	2.5969712268	2.5980150560	2.5989471191	2.5997661041	2.6004712606	2.6010621364	2.6015380142	2.6018982577	2.6021423139	2.6022697125	2.6022800630	2.6021730563	2.6019484689	2.6016061637	2.6011460863	2.6005682642	2.5998728084	2.5990596719	2.5981288257	2.5970810891	2.5959145928	2.5946174338	2.5932034284	2.5916732767	2.5900277571	2.5882603771	2.5863755657	2.5843651673	2.5822405139	2.5800041099	2.5776383953	2.5751557744	2.5725612139	2.5698517560	2.5670179853	2.5640748242	2.5610178461	2.5578440108	2.5545619995	2.5511705614	2.5476616590	2.5440515717	2.5403315515	2.5365089353	2.5325815161	2.5285512492	2.5244262658	2.5201965090	2.5158772129	2.5114603062	2.5069582082	2.5023601934	2.4976807977	2.4929154811	2.4880736586	2.4831466527	2.4781490049	2.4730753159	2.4679337699	2.4627239765	2.4574507975	2.4521158456	2.4467219574	2.4412744784	2.4357720878	2.4302222374	2.4246250207	2.4189850671	2.4133046570	2.4075869817	2.4018349980	2.3960516757	2.3902401281	2.3844027784	2.3785432218	2.3726633571	2.3667666377	2.3608560955	2.3549332303	2.3490020780	2.3430643036	2.3371225297	2.3311803036	2.3252380048	2.3192995232	2.3133675670	2.3074420028	2.3015272883	2.2956250641	2.2897358031	2.2838641171	2.2780090706	2.2721734789	2.2663611915	2.2605695442	2.2548031891	2.2490646027	2.2433509552	2.2376683341	2.2320146979	2.2263917567	2.2208038705	2.2152466915	2.2097250577	2.2042402283	2.1987896162	2.1933787844	2.1880045082	2.1826705827	2.1773762073	1.8836037106	1.8836037106	1.8836037106	1.8836037106	1.8836037106	1.8836037106	1.8836037106	1.8836037106	1.8836037106	1.8836037106	1.8836037106	1.8836037106	1.8836037106	1.8836037106	1.8836037106	1.8836037106	1.8836037106	1.8836037106	1.8836037106	1.8836037106	1.8836037106
1.8836037106	1.8836037106	1.8836037106	1.8836037106	1.8836037106	1.8836037106	1.8836037106	1.8836037106	1.8836037106	1.8836037106	1.8836037106	1.8836037106	1.8836037106	1.8836037106	1.8836037106	1.8836037106	1.8836037106	1.8836037106	1.8836037106	1.8836037106	2.1738059926	2.1772277717	2.1806840032	2.1841923560	2.1877441075	2.1913407135	2.1949874693	2.1986757939	2.2024122997	2.2061903160	2.2100179280	2.2138892166	2.2178033613	2.2217669747	2.2257701832	2.2298221157	2.2339135853	2.2380524381	2.2422305260	2.2464549563	2.2507191311	2.2550260905	2.2593739935	2.2637613015	2.2681901743	2.2726565463	2.2771620610	2.2817025798	2.2862831359	2.2908967215	2.2955460825	2.3002264966	2.3049426521	2.3096868204	2.3144635729	2.3192671768	2.3240986473	2.3289550032	2.3338367316	2.3387405733	2.3436657787	2.3486105309	2.3535726431	2.3585511366	2.3635425124	2.3685477051	2.3735617477	2.3785845987	2.3836126431	2.3886450949	2.3936781770	2.3987116777	2.4037414379	2.4087660269	2.4137825788	2.4187888506	2.4237822003	2.4287600947	2.4337198330	2.4386591046	2.4435746156	2.4484646436	2.4533249105	2.4581551230	2.4629491075	2.4677073666	2.4724249594	2.4771017616	2.4817303281	2.4863129286	2.4908430363	2.4953209673	2.4997411106	2.5041025085	2.5084024817	2.5126366632	2.5168075855	2.5209027096	2.5249320038	2.5288810633	2.5327579437	2.5365534212	2.5402662515	2.5438978572	2.5474404542	2.5509012020	2.5542663970	2.5575392416	2.5607231826	2.5638091283	2.5667968353	2.5696933755	2.5724802889	2.5751681181	2.5777588472	2.5802449008	2.5826167931	2.5848902680	2.5870575341	2.5891147753	2.5910597575	2.5928985596	2.5946319168	2.5962561479	2.5977542940	2.5991442098	2.6004237132	2.6015924744	2.6026492631	2.6035886305	2.6044149199	2.6051272555	2.6057248383	2.6062030926	2.6065653652	2.6068121505	2.6069429796	2.6069574636	2.6068552941	2.6066362483	2.6063001895	2.6058470635	2.6052712412	2.6045770909	2.6037650101	2.6028352833	2.6017839907	2.6006139636	2.5993270012	2.5979225427	2.5964023805	2.5947496607	2.5929771936	2.5910900787	2.5890869024	2.5869610095	2.5847131201	2.5823483597	2.5798733939	2.5772670733	2.5745461233	2.5717133822	2.5687651204	2.5656938868	2.5625193877	2.5592222329	2.5558147581	2.5523059714	2.5486723749	2.5449413400	2.5411008821	2.5371555813	2.5331101808	2.5289596600	2.5247160772	2.5203693210	2.5159336001	2.5114011897	2.5067851562	2.5020737534	2.4972827145	2.4924071804	2.4874557895	2.4824226942	2.4773199235	2.4721426043	2.4668988982	2.4615896690	2.4562177948	2.4507873736	2.4452999331	2.4397605921	2.4341696130	2.4285323063	2.4228510913	2.4171284161	2.4113683046	2.4055729790	2.3997460785	2.3938897525	2.3880084959	2.3821032920	2.3761782596	2.3702364964	2.3642784017	2.3583108932	2.3523332678	2.3463474569	2.3403613411	2.3343711161	2.3283821543	2.3223987954	2.3164177167	2.3104474387	2.3044872862	2.2985353571	2.2926036245	2.2866853643	2.2807830453	2.2749055444	2.2690457621	2.2632097490	2.2574018357	2.2516151875	2.2458608467	2.2401353368	2.2344367584	2.2287748122	2.2231427148	2.2175441637	2.2119845157	2.2064549922	2.2009674564	2.1955170302	2.1901009493	2.1847324974	2.1793979220	2.1741018269	1.8836037106	1.8836037106	1.8836037106	1.8836037106	1.8836037106	1.8836037106	1.8836037106	1.8836037106	1.8836037106	1.8836037106	1.8836037106	1.8836037106	1.8836037106	1.8836037106	1.8836037106	1.8836037106	1.8836037106	1.8836037106	1.8836037106	1.8836037106
1.8836037106	1.8836037106	1.8836037106	1.8836037106	1.8836037106	1.8836037106	1.8836037106	1.8836037106	1.8836037106	1.8836037106	1.8836037106	1.8836037106	1.8836037106	1.8836037106	1.8836037106	1.8836037106	1.8836037106	1.8836037106	1.8836037106	1.8836037106	2.1750681302	2.1785093340	2.1819938423	2.1855276501	2.1891044562	2.1927316390	2.1964027739	2.2001203455	2.2038855685	2.2076902339	2.2115508798	2.2154509189	2.2193980433	2.2233891674	2.2274266566	2.2315087786	2.2356322615	2.2398053920	2.2440179888	2.2482760342	2.2525707814	2.2569170630	2.2612991129	2.2657240509	2.2701853378	2.2746917180	2.2792329558	2.2838139055	2.2884292504	2.2930835851	2.2977693659	2.3024928909	2.3072465250	2.3120329093	2.3168465457	2.3216937384	2.3265649736	2.3314645807	2.3363868150	2.3413336164	2.3462989740	2.3512880028	2.3562922100	2.3613138281	2.3663486498	2.3713962917	2.3764536466	2.3815194777	2.3865911935	2.3916665473	2.3967436025	2.4018197219	2.4068927174	2.4119602532	2.4170194341	2.4220684418	2.4271037603	2.4321238124	2.4371251850	2.4421063043	2.4470622694	2.4519928866	2.4568933618	2.4617621967	2.4665962273	2.4713926521	2.4761483675	2.4808606682	2.4855269783	2.4901449009	2.4947101678	2.4992221390	2.5036749188	2.5080699571	2.5123995812	2.5166681623	2.5208628187	2.5249929136	2.5290443446	2.5330255172	2.5369250619	2.5407455648	2.5444843745	2.5481353003	2.5517083976	2.5551803812	2.5585673815	2.5618642199	2.5650596486	2.5681657453	2.5711707594	2.5740741399	2.5768812936	2.5795919553	2.5821826545	2.5846778630	2.5870695828	2.5893524918	2.5915229008	2.5935909158	2.5955557164	2.5973982588	2.5991287785	2.6007516241	2.6022665058	2.6036665684	2.6049550930	2.6061295263	2.6071841188	2.6081267059	2.6089563299	2.6096721131	2.6102732550	2.6107590329	2.6111288044	2.6113820109	2.6115181775	2.6115369105	2.6114378981	2.6112209148	2.6108858217	2.6104325640	2.6098611690	2.6091717491	2.6083645042	2.6074397192	2.6063977605	2.6052330316	2.6039450634	2.6025400434	2.6010111652	2.5993663951	2.5976051024	2.5957247994	2.5937096494	2.5915809458	2.5893389338	2.5869726930	2.5844844788	2.5818810601	2.5791659430	2.5763187494	2.5733611170	2.5702913984	2.5670993784	2.5637979808	2.5603822474	2.5568522339	2.5532191110	2.5494679838	2.5456145793	2.5416551061	2.5375881131	2.5334244815	2.5291547294	2.5247934339	2.5203301041	2.5157785871	2.5111318600	2.5064034122	2.5015793962	2.4966780445	2.4916937108	2.4866339771	2.4814967235	2.4762887984	2.4710114189	2.4656666240	2.4602607128	2.4547920463	2.4492682265	2.4436895392	2.4380602445	2.4323829750	2.4266608614	2.4208975311	2.4150953034	2.4092578465	2.4033877897	2.3974886021	2.3915627946	2.3856137117	2.3796444132	2.3736567680	2.3676549803	2.3616410702	2.3556174532	2.3495880604	2.3435537400	2.3375183903	2.3314847352	2.3254532765	2.3194282226	2.3134119160	2.3074044429	2.3014100994	2.2954308755	2.2894666123	2.2835223663	2.2775973774	2.2716934841	2.2658158993	2.2599608370	2.2541326511	2.2483362083	2.2425650288	2.2368275069	2.2311225775	2.2254475646	2.2198118604	2.2142084703	2.2086405985	2.2031150767	2.1976224803	2.1921723081	2.1867627501	2.1813915595	2.1760633396	1.8836037106	1.8836037106	1.8836037106	1.8836037106	1.8836037106	1.8836037106	1.8836037106	1.8836037106	1.8836037106	1.8836037106	1.8836037106	1.8836037106	1.8836037106	1.8836037106	1.8836037106	1.8836037106	1.8836037106	1.8836037106	1.8836037106	1.8836037106
1.8836037106	1.8836037106	1.8836037106	1.8836037106	1.8836037106	1.8836037106	1.8836037106	1.8836037106	1.8836037106	1.8836037106	1.8836037106	1.8836037106	1.8836037106	1.8836037106	1.8836037106	1.8836037106	1.8836037106	1.8836037106	1.8836037106	2.1728782522	2.1763067482	2.1797684101	2.1832811479	2.1868399955	2.1904414970	2.1940986297	2.1977955375	2.2015422900	2.2053336524	2.2091712440	2.2130578933	2.2169870407	2.2209657935	2.2249848673	2.2290561308	2.2331683619	2.2373270320	2.2415290005	2.2457757914	2.2500667717	2.2543991477	2.2587767351	2.2631930139	2.2676544145	2.2721534317	2.2766944903	2.2812708896	2.2858907356	2.2905444826	2.2952360985	2.2999600931	2.3047226254	2.3095147246	2.3143412808	2.3191966817	2.3240821087	2.3289944694	2.3339341857	2.3388983594	2.3438856752	2.3488951363	2.3539238376	2.3589712079	2.3640332029	2.3691120156	2.3742012610	2.3793019860	2.3844099706	2.3895244377	2.3946420624	2.3997618479	2.4048803300	2.4099958398	2.4151053372	2.4202068117	2.4252971940	2.4303748325	2.4354354140	2.4404789265	2.4454986901	2.4504958729	2.4554651955	2.4604064562	2.4653127153	2.4701864821	2.4750185312	2.4798116885	2.4845598851	2.4892637315	2.4939137899	2.4985144663	2.5030576087	2.5075461615	2.5119689768	2.5163332536	2.5206259797	2.5248555878	2.5290076584	2.5330912456	2.5370941626	2.5410204523	2.5448654817	2.5486237931	2.5523067612	2.5558863041	2.5593854175	2.5627936235	2.5661003050	2.5693236042	2.5724376194	2.5754563080	2.5783815381	2.5811973616	2.5839096102	2.5865252012	2.5890297215	2.5914251624	2.5937189849	2.5959121550	2.5979777700	2.5999377880	2.6017923628	2.6035361094	2.6051688718	2.6066846763	2.6080853883	2.6093764401	2.6105566405	2.6116248705	2.6125756457	2.6134062461	2.6141234230	2.6147263771	2.6152143866	2.6155859539	2.6158411242	2.6159801793	2.6160027274	2.6159084585	2.6156971481	2.6153685706	2.6149209108	2.6143555346	2.6136725546	2.6128721705	2.6119511599	2.6109036691	2.6097383838	2.6084558432	2.6070566710	2.6055386329	2.6038916497	2.6021267367	2.6002398134	2.5982378608	2.5961220718	2.5938651390	2.5914956849	2.5890125954	2.5864075673	2.5836770132	2.5808372213	2.5778749547	2.5747916159	2.5715984549	2.5682888818	2.5648609127	2.5613258334	2.5576732535	2.5539163868	2.5500468540	2.5460708666	2.5419919625	2.5378053745	2.5335234133	2.5291356064	2.5246576345	2.5200783029	2.5154117629	2.5106520503	2.5058104650	2.5008771375	2.4958669404	2.4907753584	2.4856086374	2.4803685151	2.4750577381	2.4696814472	2.4642381873	2.4587369606	2.4531746692	2.4475590317	2.4418920975	2.4361750076	2.4304139108	2.4246095878	2.4187665930	2.4128874580	2.4069753149	2.4010333567	2.3950644281	2.3890721833	2.3830583593	2.3770271477	2.3709808542	2.3649213053	2.3588540181	2.3527788193	2.3466986037	2.3406197023	2.3345391849	2.3284626845	2.3223939213	2.3163300085	2.3102789599	2.3042408738	2.2982135994	2.2922077143	2.2862189681	2.2802483235	2.2743034655	2.2683805128	2.2624826374	2.2566143072	2.2507715958	2.2449608321	2.2391823261	2.2334336243	2.2277209558	2.2220433105	2.2163997909	2.2107955084	2.2052272113	2.1996983547	2.1942108362	2.1887608707	2.1833554153	2.1779906666	2.1726592268	1.8836037106	1.8836037106	1.8836037106	1.8836037106	1.8836037106	1.8836037106	1.8836037106	1.8836037106	1.8836037106	1.8836037106	1.8836037106	1.8836037106	1.8836037106	1.8836037106	1.8836037106	1.8836037106	1.8836037106	1.8836037106	1.8836037106
1.8836037106	1.8836037106	1.8836037106	1.8836037106	1.8836037106	1.8836037106	1.8836037106	1.8836037106	1.8836037106	1.8836037106	1.8836037106	1.8836037106	1.8836037106	1.8836037106	1.8836037106	1.8836037106	1.8836037106	1.8836037106	1.8836037106	2.1740737742	2.1775221139	2.1810080901	2.1845467551	2.1881299132	2.1917607830	2.1954412093	2.1991660237	2.2029401872	2.2067560444	2.2106260348	2.2145385935	2.2184982491	2.2225059682	2.2265577972	2.2306579420	2.2347991126	2.2389922548	2.2432254905	2.2475062152	2.2518264984	2.2561964762	2.2606057834	2.2650589137	2.2695516540	2.2740885494	2.2786639752	2.2832795221	2.2879322582	2.2926250813	2.2973522589	2.3021176460	2.3069158625	2.3117485751	2.3166109633	2.3215082117	2.3264319892	2.3313859948	2.3363648109	2.3413703173	2.3463966079	2.3514485245	2.3565178572	2.3616068616	2.3667114187	2.3718307704	2.3769623121	2.3821040911	2.3872545583	2.3924103834	2.3975705826	2.4027317984	2.4078922031	2.4130491801	2.4182001998	2.4233429664	2.4284744447	2.4335923467	2.4386941159	2.4437763531	2.4488373845	2.4538728651	2.4588831880	2.4638597800	2.4688059678	2.4737141882	2.4785858552	2.4834131401	2.4882006455	2.4929334059	2.4976204621	2.5022519428	2.5068323469	2.5113459905	2.5158038839	2.5201930959	2.5245208057	2.5287716585	2.5329556544	2.5370611157	2.5410911727	2.5450412983	2.5489059106	2.5526946941	2.5563838346	2.5599927857	2.5635094893	2.5669303446	2.5702625872	2.5734907561	2.5766256014	2.5796672640	2.5825911346	2.5854240911	2.5881505561	2.5907698544	2.5932853121	2.5957029906	2.5979956201	2.6001822698	2.6022659314	2.6042373338	2.6060996030	2.6078406182	2.6094750608	2.6110015132	2.6124162259	2.6137062113	2.6148857829	2.6159513813	2.6169027165	2.6177409988	2.6184653436	2.6190734190	2.6195661545	2.6199431029	2.6202037034	2.6203474791	2.6203740351	2.6202830587	2.6200743236	2.6197476899	2.6193031020	2.6187405868	2.6180589101	2.6172587036	2.6163408359	2.6153053138	2.6141483095	2.6128744948	2.6114749703	2.6099502218	2.6083093031	2.6065530864	2.6046707661	2.6026665223	2.6005380448	2.5982955171	2.5959383694	2.5934401248	2.5908315953	2.5881060161	2.5852583278	2.5822905050	2.5792145251	2.5760054141	2.5726885611	2.5692602554	2.5657063086	2.5620511648	2.5582761484	2.5543962924	2.5504076321	2.5463101770	2.5421118171	2.5378064854	2.5334062454	2.5289017107	2.5243082467	2.5196136304	2.5148329857	2.5099617617	2.5050076463	2.4999672556	2.4948482625	2.4896526628	2.4843803117	2.4790390392	2.4736276497	2.4681529027	2.4626148550	2.4570185594	2.4513663984	2.4456610037	2.4399076772	2.4341065495	2.4282631651	2.4223801395	2.4164599619	2.4105067087	2.4045227308	2.3985118591	2.3924762231	2.3864199099	2.3803453127	2.3742546080	2.3681524431	2.3620400082	2.3559204886	2.3497976343	2.3436720334	2.3375479733	2.3314279592	2.3253126115	2.3192059145	2.3131106198	2.3070263973	2.3009573866	2.2949068045	2.2888724938	2.2828608712	2.2768718307	2.2709040917	2.2649666036	2.2590544460	2.2531681092	2.2473193993	2.2414973404	2.2357080735	2.2299576424	2.2242367330	2.2185563411	2.2129138110	2.2073030561	2.2017411100	2.1962142276	2.1907262041	2.1852874452	2.1798836485	2.1745237627	1.8836037106	1.8836037106	1.8836037106	1.8836037106	1.8836037106	1.8836037106	1.8836037106	1.8836037106	1.8836037106	1.8836037106	1.8836037106	1.8836037106	1.8836037106	1.8836037106	1.8836037106	1.8836037106	1.8836037106	1.8836037106	1.8836037106
1.8836037106	1.8836037106	1.8836037106	1.8836037106	1.8836037106	1.8836037106	1.8836037106	1.8836037106	1.8836037106	1.8836037106	1.8836037106	1.8836037106	1.8836037106	1.8836037106	1.8836037106	1.8836037106	1.8836037106	1.8836037106	1.8836037106	2.1752475057	2.1787143161	2.1822268712	2.1857894146	2.1893960679	2.1930555868	2.1967589092	2.2005111647	2.2043122874	2.2081556691	2.2120542698	2.2159946482	2.2199844720	2.2240180093	2.2281020543	2.2322310805	2.2364050794	2.2406273117	2.2448930331	2.2492054245	2.2535583384	2.2579615996	2.2624036587	2.2668916735	2.2714184320	2.2759906291	2.2805990635	2.2852525448	2.2899415446	2.2946706511	2.2994328820	2.3042372871	2.3090724255	2.3139436998	2.3188456113	2.3237801845	2.3287430882	2.3337360642	2.3387550973	2.3437997187	2.3488684445	2.3539586513	2.3590697148	2.3641975121	2.3693445002	2.3745039541	2.3796773360	2.3848601529	2.3900516260	2.3952486801	2.4004498577	2.4056521849	2.4108536670	2.4160513053	2.4212432022	2.4264260266	2.4315980968	2.4367557267	2.4418977901	2.4470187662	2.4521187889	2.4571931287	2.4622395086	2.4672555853	2.4722374720	2.4771845157	2.4820889811	2.4869543082	2.4917708026	2.4965419393	2.5012595117	2.5059281347	2.5105319995	2.5150813180	2.5195653136	2.5239888385	2.5283372479	2.5326195227	2.5368265687	2.5409582433	2.5450122069	2.5489818972	2.5528762178	2.5566732628	2.5603909399	2.5640158356	2.5675492849	2.5709902964	2.5743312333	2.5775811370	2.5807299023	2.5837720273	2.5867209942	2.5895622001	2.5922943636	2.5949319244	2.5974546990	2.5998645170	2.6021736387	2.6043724078	2.6064603269	2.6084306744	2.6102966122	2.6120565740	2.6136903593	2.6152144363	2.6166242682	2.6179236624	2.6191105408	2.6201839980	2.6211447163	2.6219866541	2.6227074192	2.6233146032	2.6238074853	2.6241854240	2.6244478607	2.6245943209	2.6246244117	2.6245378218	2.6243343257	2.6240137844	2.6235761420	2.6230214252	2.6223497468	2.6215595075	2.6206399762	2.6196024555	2.6184471515	2.6171714947	2.6157791403	2.6142659419	2.6126353458	2.6108727887	2.6089896942	2.6069923075	2.6048720330	2.6026266686	2.6002570904	2.5977749027	2.5951700715	2.5924330969	2.5895880029	2.5866193387	2.5835266944	2.5803267184	2.5769990073	2.5735573681	2.5700066836	2.5663324654	2.5625565522	2.5586595306	2.5546576050	2.5505492498	2.5463316020	2.5420143275	2.5375908414	2.5330725211	2.5284527356	2.5237432666	2.5189360733	2.5140423852	2.5090608317	2.5039956234	2.4988495904	2.4936231437	2.4883263004	2.4829496699	2.4775097072	2.4719996802	2.4664284251	2.4607976845	2.4551088451	2.4493681659	2.4435765561	2.4377382039	2.4318561988	2.4259334470	2.4199738645	2.4139799272	2.4079551856	2.4019026169	2.3958253651	2.3897267616	2.3836090857	2.3774762144	2.3713303955	2.3651740411	2.3590120567	2.3528445822	2.3466745793	2.3405083140	2.3343430206	2.3281836247	2.3220350508	2.3158939633	2.3097667765	2.3036564534	2.2975595648	2.2914845098	2.2854306408	2.2793971874	2.2733901663	2.2674093486	2.2614548448	2.2555310495	2.2496379307	2.2437759908	2.2379492044	2.2321557305	2.2263977083	2.2206791097	2.2149955820	2.2093514373	2.2037495214	2.1981846826	2.1926640211	2.1871852195	2.1817485538	2.1763562314	1.8836037106	1.8836037106	1.8836037106	1.8836037106	1.8836037106	1.8836037106	1.8836037106	1.8836037106	1.8836037106	1.8836037106	1.8836037106	1.8836037106	1.8836037106	1.8836037106	1.8836037106	1.8836037106	1.8836037106	1.8836037106	1.8836037106
1.8836037106	1.8836037106	1.8836037106	1.8836037106	1.8836037106	1.8836037106	1.8836037106	1.8836037106	1.8836037106	1.8836037106	1.8836037106	1.8836037106	1.8836037106	1.8836037106	1.8836037106	1.8836037106	1.8836037106	1.8836037106	2.1729451894	2.1763971462	2.1798832177	2.1834221876	2.1870081598	2.1906388685	2.1943254504	2.1980538433	2.2018333307	2.2056581054	2.2095323058	2.2134553015	2.2174229726	2.2214424443	2.2255043124	2.2296186257	2.2337753905	2.2379822429	2.2422317546	2.2465308888	2.2508727758	2.2552615564	2.2596937633	2.2641703130	2.2686903484	2.2732531588	2.2778577753	2.2825028643	2.2871891761	2.2919146031	2.2966786950	2.3014805502	2.3063184324	2.3111923604	2.3160988437	2.3210406376	2.3260120515	2.3310150829	2.3360452270	2.3411043272	2.3461860294	2.3512959334	2.3564252193	2.3615763354	2.3667452415	2.3719311627	2.3771315646	2.3823442892	2.3875681863	2.3927994614	2.3980376015	2.4032788718	2.4085216467	2.4137631354	2.4190010453	2.4242325750	2.4294555773	2.4346664163	2.4398641628	2.4450432660	2.4502038643	2.4553409643	2.4604542741	2.4655369123	2.4705907103	2.4756078213	2.4805890361	2.4855299439	2.4904279767	2.4952801816	2.5000821261	2.5048340737	2.5095284151	2.5141670580	2.5187440211	2.5232592194	2.5277055778	2.5320838807	2.5363914231	2.5406224394	2.5447788501	2.5488522608	2.5528517013	2.5567548188	2.5605799662	2.5643126019	2.5679569171	2.5715066778	2.5749594495	2.5783232815	2.5815799512	2.5847390724	2.5877992053	2.5907525153	2.5936045922	2.5963598163	2.5989882667	2.6015187572	2.6039438078	2.6062594018	2.6084557007	2.6105500877	2.6125369131	2.6143985957	2.6161514670	2.6177935223	2.6193253754	2.6207461221	2.6220504779	2.6232303809	2.6242994395	2.6252566114	2.6261009294	2.6268315054	2.6274475320	2.6279471330	2.6283275506	2.6285928110	2.6287424401	2.6287760451	2.6286933152	2.6284940247	2.6281780346	2.6277440989	2.6271882598	2.6265144536	2.6257228816	2.6248138291	2.6237876643	2.6226448404	2.6213812648	2.6199846284	2.6184711592	2.6168373908	2.6150870103	2.6132154967	2.6112174033	2.6090925555	2.6068547838	2.6044917911	2.6020037080	2.5993949695	2.5966748803	2.5938172848	2.5908445630	2.5877558843	2.5845435766	2.5812171895	2.5777719674	2.5742059223	2.5705324318	2.5667379623	2.5628391691	2.5588223014	2.5546993875	2.5504709219	2.5461345124	2.5416987780	2.5371581149	2.5325220625	2.5277886521	2.5229630325	2.5180458911	2.5130395933	2.5079500985	2.5027750627	2.4975234145	2.4921931455	2.4867922393	2.4813181713	2.4757779625	2.4701750874	2.4645082917	2.4587875633	2.4530095103	2.4471818296	2.4413075631	2.4353865016	2.4294260039	2.4234270740	2.4173934375	2.4113286923	2.4052353470	2.3991172335	2.3929765199	2.3868177153	2.3806426396	2.3744538910	2.3682561794	2.3620504847	2.3558401792	2.3496289002	2.3434175356	2.3372098707	2.3310087999	2.3248150580	2.3186318614	2.3124631477	2.3063075330	2.3001690060	2.2940528883	2.2879541445	2.2818800071	2.2758328299	2.2698077974	2.2638141274	2.2578510083	2.2519141154	2.2460153785	2.2401492055	2.2343148880	2.2285211369	2.2227626386	2.2170415624	2.2113628126	2.2057205406	2.2001215157	2.1945656752	2.1890490821	2.1835798863	2.1781531022	2.1727619693	1.8836037106	1.8836037106	1.8836037106	1.8836037106	1.8836037106	1.8836037106	1.8836037106	1.8836037106	1.8836037106	1.8836037106	1.8836037106	1.8836037106	1.8836037106	1.8836037106	1.8836037106	1.8836037106	1.8836037106	1.8836037106
1.8836037106	1.8836037106	1.8836037106	1.8836037106	1.8836037106	1.8836037106	1.8836037106	1.8836037106	1.8836037106	1.8836037106	1.8836037106	1.8836037106	1.8836037106	1.8836037106	1.8836037106	1.8836037106	1.8836037106	1.8836037106	2.1740524334	2.1775228543	2.1810319802	2.1845949601	2.1882036113	2.1918615710	2.1955699249	2.1993243757	2.2031294719	2.2069771614	2.2108816171	2.2148294450	2.2188262714	2.2228716325	2.2269641339	2.2311054977	2.2352898033	2.2395284969	2.2438089389	2.2481382401	2.2525076328	2.2569316754	2.2613950565	2.2659049621	2.2704545168	2.2750533946	2.2796900796	2.2843713691	2.2890906506	2.2938524061	2.2986483766	2.3034891538	2.3083623510	2.3132731635	2.3182161994	2.3231949974	2.3282028689	2.3332442502	2.3383128493	2.3434095244	2.3485319273	2.3536784043	2.3588478198	2.3640362809	2.3692459864	2.3744704768	2.3797111141	2.3849634625	2.3902267183	2.3954978884	2.4007753447	2.4060563187	2.4113386697	2.4166194069	2.4218967127	2.4271670790	2.4324287952	2.4376785759	2.4429140705	2.4481320882	2.4533293892	2.4585053444	2.4636527176	2.4687735420	2.4738606367	2.4789150592	2.4839295651	2.4889071342	2.4938354442	2.4987208316	2.5035542826	2.5083368630	2.5130621070	2.5177308419	2.5223350846	2.5268765335	2.5313500099	2.5357568334	2.5400847931	2.5443421303	2.5485177716	2.5526217772	2.5566289999	2.5605602226	2.5644000024	2.5681533099	2.5718116516	2.5753751749	2.5788516538	2.5822168817	2.5854915856	2.5886630300	2.5917285066	2.5946993835	2.5975588693	2.6003065013	2.6029559547	2.6054970756	2.6079185303	2.6102375281	2.6124527233	2.6145413400	2.6165219109	2.6183945013	2.6201565992	2.6218090021	2.6233305061	2.6247438579	2.6260477811	2.6272410722	2.6283171699	2.6292747984	2.6301199400	2.6308517073	2.6314640220	2.6319620433	2.6323455799	2.6326140726	2.6327670463	2.6328041081	2.6327249465	2.6325293360	2.6322171365	2.6317882912	2.6312428268	2.6305778688	2.6297923124	2.6288896451	2.6278702343	2.6267216376	2.6254556902	2.6240732770	2.6225751057	2.6209504898	2.6191953648	2.6173218354	2.6153319368	2.6132200283	2.6109799296	2.6086145917	2.6061380666	2.6035284230	2.6007967318	2.5979505368	2.5949817411	2.5918817158	2.5886721495	2.5853392203	2.5818870781	2.5783228667	2.5746329526	2.5708369986	2.5669216708	2.5629011904	2.5587636492	2.5545209855	2.5501721456	2.5457185601	2.5411632988	2.5365082610	2.5317549736	2.5269082559	2.5219686063	2.5169431725	2.5118247399	2.5066303798	2.5013468901	2.4959915423	2.4905594401	2.4850562560	2.4794855566	2.4738486893	2.4681517793	2.4623952680	2.4565840541	2.4507212574	2.4448093921	2.4388532918	2.4328546067	2.4268175207	2.4207455679	2.4146413005	2.4085084618	2.4023499460	2.3961690729	2.3899690540	2.3837523885	2.3775228645	2.3712828071	2.3650345664	2.3587832297	2.3525290327	2.3462741031	2.3400261327	2.3337818078	2.3275448458	2.3213217960	2.3151093946	2.3089123626	2.3027342145	2.2965736178	2.2904352748	2.2843210739	2.2782304792	2.2721667669	2.2661333905	2.2601276211	2.2541534342	2.2482156758	2.2423075604	2.2364376646	2.2306058258	2.2248063290	2.2190520659	2.2133355860	2.2076542319	2.2020240859	2.1964304143	2.1908789051	2.1853778666	2.1799141415	2.1744963970	1.8836037106	1.8836037106	1.8836037106	1.8836037106	1.8836037106	1.8836037106	1.8836037106	1.8836037106	1.8836037106	1.8836037106	1.8836037106	1.8836037106	1.8836037106	1.8836037106	1.8836037106	1.8836037106	1.8836037106	1.8836037106
1.8836037106	1.8836037106	1.8836037106	1.8836037106	1.8836037106	1.8836037106	1.8836037106	1.8836037106	1.8836037106	1.8836037106	1.8836037106	1.8836037106	1.8836037106	1.8836037106	1.8836037106	1.8836037106	1.8836037106	1.8836037106	2.1751371017	2.1786246537	2.1821584816	2.1857436987	2.1893742424	2.1930588652	2.1967885692	2.2005685820	2.2043988041	2.2082730168	2.2122033200	2.2161770632	2.2202020272	2.2242715100	2.2283942583	2.2325627379	2.2367787690	2.2410432574	2.2453540558	2.2497129679	2.2541156097	2.2585680591	2.2630620974	2.2676046537	2.2721885235	2.2768180170	2.2814870361	2.2862024914	2.2909562791	2.2957515975	2.3005844634	2.3054578689	2.3103669690	2.3153127991	2.3202936652	2.3253075775	2.3303541543	2.3354302560	2.3405377134	2.3456697048	2.3508320249	2.3560159443	2.3612237433	2.3664514512	2.3716986128	2.3769623957	2.3822408823	2.3875327004	2.3928342085	2.3981448823	2.4034609514	2.4087808333	2.4141016694	2.4194212294	2.4247365839	2.4300459429	2.4353448893	2.4406335842	2.4459049896	2.4511604597	2.4563945690	2.4616058839	2.4667905153	2.4719455906	2.4770696343	2.4821556105	2.4872067003	2.4922121541	2.4971764328	2.5020909146	2.5069597058	2.5117676746	2.5165255499	2.5212181866	2.5258528836	2.5304188107	2.5349242048	2.5393465916	2.5437032077	2.5479794604	2.5521872209	2.5562965696	2.5603323360	2.5642785233	2.5681388084	2.5719054163	2.5755784604	2.5791661537	2.5826404432	2.5860291637	2.5893119137	2.5924894659	2.5955778683	2.5985432980	2.6014089290	2.6041721466	2.6068239421	2.6093629375	2.6118039942	2.6141209870	2.6163281062	2.6184279763	2.6204190183	2.6222948724	2.6240460711	2.6256910400	2.6272283514	2.6286473885	2.6299502891	2.6311406967	2.6322119631	2.6331718490	2.6340193882	2.6347536926	2.6353739548	2.6358794474	2.6362695230	2.6365436165	2.6367012479	2.6367420202	2.6366656190	2.6364718159	2.6361604693	2.6357315213	2.6351849986	2.6345210147	2.6337397700	2.6328415481	2.6318267166	2.6306938156	2.6294355513	2.6280612128	2.6265567236	2.6249338596	2.6231959720	2.6213387144	2.6193420107	2.6172278903	2.6149969591	2.6126460208	2.6101582686	2.6075545577	2.6048316244	2.6019790941	2.5990068707	2.5959243365	2.5926975022	2.5893663309	2.5859119773	2.5823349037	2.5786503799	2.5748373019	2.5709193907	2.5668827534	2.5627419386	2.5584830485	2.5541220304	2.5496527054	2.5450830568	2.5404090131	2.5356415177	2.5307712857	2.5258129517	2.5207606511	2.5156244203	2.5103996969	2.5050971616	2.4997122887	2.4942524470	2.4887234491	2.4831193266	2.4774546302	2.4717236573	2.4659345460	2.4600909777	2.4541921264	2.4482462229	2.4422538944	2.4362181774	2.4301446228	2.4240342524	2.4178917030	2.4117200917	2.4055221202	2.3993016512	2.3930609150	2.3868044943	2.3805342026	2.3742527022	2.3679645018	2.3616711104	2.3553753844	2.3490809571	2.3427895769	2.3365036346	2.3302270226	2.3239606989	2.3177062283	2.3114698514	2.3052495019	2.2990456580	2.2928699847	2.2867143339	2.2805823231	2.2744815783	2.2684069432	2.2623624012	2.2563518356	2.2503723316	2.2444284181	2.2385215210	2.2326497368	2.2268167678	2.2210247642	2.2152704511	2.2095580417	2.2038895127	2.1982607186	2.1926781390	2.1871395918	2.1816451273	2.1761970437	1.8836037106	1.8836037106	1.8836037106	1.8836037106	1.8836037106	1.8836037106	1.8836037106	1.8836037106	1.8836037106	1.8836037106	1.8836037106	1.8836037106	1.8836037106	1.8836037106	1.8836037106	1.8836037106	1.8836037106	1.8836037106
1.8836037106	1.8836037106	1.8836037106	1.8836037106	1.8836037106	1.8836037106	1.8836037106	1.8836037106	1.8836037106	1.8836037106	1.8836037106	1.8836037106	1.8836037106	1.8836037106	1.8836037106	1.8836037106	1.8836037106	2.1727268740	2.1761970482	2.1797023752	2.1832606828	2.1868676683	2.1905200853	2.1942303220	2.1979833046	2.2017887534	2.2056408707	2.2095437155	2.2134967316	2.2174958725	2.2215484193	2.2256450541	2.2297953308	2.2339895382	2.2382361594	2.2425269137	2.2468688018	2.2512544657	2.2556905351	2.2601707304	2.2646977777	2.2692687169	2.2738862439	2.2785466045	2.2832505517	2.2879954913	2.2927846036	2.2976114359	2.3024813436	2.3073875495	2.3123326471	2.3173113433	2.3223293548	2.3273773432	2.3324613551	2.3375741660	2.3427174764	2.3478878455	2.3530853246	2.3583075081	2.3635515000	2.3688181528	2.3741023430	2.3794046631	2.3847210646	2.3900506886	2.3953904770	2.4007388954	2.4060931162	2.4114510165	2.4168095912	2.4221670489	2.4275198090	2.4328661273	2.4382028956	2.4435271644	2.4488366352	2.4541271690	2.4593994649	2.4646436686	2.4698647501	2.4750529344	2.4802101006	2.4853307617	2.4904128439	2.4954531496	2.5004463376	2.5053949762	2.5102870985	2.5151289014	2.5199105078	2.5246365240	2.5292924263	2.5338898198	2.5384093735	2.5428634990	2.5472386179	2.5515443280	2.5557585565	2.5598972010	2.5639489202	2.5679140317	2.5717884471	2.5755696363	2.5792669647	2.5828506678	2.5863505244	2.5897441079	2.5930349681	2.5962375068	2.5993123704	2.6022949616	2.6051719690	2.6079322701	2.6105912609	2.6131418886	2.6155736083	2.6178967158	2.6201145932	2.6222195830	2.6241974884	2.6260714300	2.6278398311	2.6294822535	2.6310162451	2.6324294959	2.6337338692	2.6349281622	2.6360112476	2.6369813348	2.6378201409	2.6385473169	2.6391620655	2.6396636685	2.6400513495	2.6403245671	2.6404830761	2.6405264846	2.6404544824	2.6402668439	2.6399634287	2.6395438380	2.6390082756	2.6383569075	2.6375899307	2.6367022339	2.6356826245	2.6345459310	2.6332926959	2.6319235440	2.6304348700	2.6288211370	2.6270840479	2.6252207212	2.6232434751	2.6211450509	2.6189078716	2.6165529900	2.6140803577	2.6114831828	2.6087523780	2.6059132408	2.6029380742	2.5998414686	2.5966359619	2.5932902477	2.5898348947	2.5862599505	2.5825594818	2.5787534804	2.5748181078	2.5707789052	2.5666206627	2.5623598879	2.5579802647	2.5535024435	2.5489126767	2.5442262313	2.5394362954	2.5345572016	2.5295714268	2.5245037107	2.5193400992	2.5140946007	2.5087650757	2.5033551237	2.4978698453	2.4923091674	2.4866810376	2.4809834684	2.4752227127	2.4694032048	2.4635246310	2.4575945874	2.4516136499	2.4455856337	2.4395157729	2.4334048669	2.4272578817	2.4210781534	2.4148683084	2.4086321898	2.4023726975	2.3960932034	2.3897969855	2.3834864896	2.3771655910	2.3708368446	2.3645018892	2.3581667893	2.3518316576	2.3454977703	2.3391730870	2.3328556824	2.3265478069	2.3202548294	2.3139770064	2.3077158668	2.3014751979	2.2952569559	2.2890607044	2.2828917496	2.2767503751	2.2706346923	2.2645544920	2.2585050241	2.2524844552	2.2465069899	2.2405621774	2.2346521353	2.2287859896	2.2229563215	2.2171668609	2.2114220637	2.2057158045	2.2000550256	2.1944395531	2.1888657115	2.1833408700	2.1778607132	1.8836037106	1.8836037106	1.8836037106	1.8836037106	1.8836037106	1.8836037106	1.8836037106	1.8836037106	1.8836037106	1.8836037106	1.8836037106	1.8836037106	1.8836037106	1.8836037106	1.8836037106	1.8836037106	1.8836037106	1.8836037106
1.8836037106	1.8836037106	1.8836037106	1.8836037106	1.8836037106	1.8836037106	1.8836037106	1.8836037106	1.8836037106	1.8836037106	1.8836037106	1.8836037106	1.8836037106	1.8836037106	1.8836037106	1.8836037106	1.8836037106	2.1737443739	2.1772323571	2.1807579649	2.1843391709	2.1879673055	2.1916450892	2.1953755213	2.1991526479	2.2029818359	2.2068552215	2.2107861021	2.2147621093	2.2187884874	2.2228649471	2.2269900076	2.2311654199	2.2353856362	2.2396614192	2.2439809187	2.2483508601	2.2527624194	2.2572309979	2.2617402865	2.2662982910	2.2708982052	2.2755483294	2.2802381147	2.2849757919	2.2897531017	2.2945744861	2.2994328303	2.3043373202	2.3092765191	2.3142560772	2.3192707572	2.3243216621	2.3294062194	2.3345235677	2.3396732908	2.3448509689	2.3500593863	2.3552924929	2.3605514118	2.3658322327	2.3711352523	2.3764566793	2.3817955762	2.3871496324	2.3925159745	2.3978935865	2.4032790038	2.4086705273	2.4140653371	2.4194611757	2.4248551020	2.4302453111	2.4356274312	2.4410017393	2.4463606117	2.4517059772	2.4570321962	2.4623371050	2.4676181575	2.4728710317	2.4780955975	2.4832835072	2.4884402351	2.4935500406	2.4986219266	2.5036458350	2.5086221283	2.5135458682	2.5184142586	2.5232254135	2.5279729585	2.5326586125	2.5372749212	2.5418246702	2.5462967903	2.5506978804	2.5550158053	2.5592559790	2.5634122172	2.5674798708	2.5714614924	2.5753493106	2.5791545513	2.5828478711	2.5864574264	2.5899612800	2.5933648733	2.5966760771	2.5998651925	2.6029620422	2.6059533718	2.6088245051	2.6116024221	2.6142590431	2.6168054567	2.6192472645	2.6215848374	2.6237870674	2.6258865302	2.6278825056	2.6297524813	2.6315116228	2.6331544916	2.6346902949	2.6361176760	2.6374246795	2.6386049941	2.6396757032	2.6406350814	2.6414827428	2.6422180206	2.6428401102	2.6433437723	2.6437337460	2.6440096679	2.6441710644	2.6442175434	2.6441487946	2.6439645922	2.6436647954	2.6432493462	2.6427169343	2.6420642936	2.6412952543	2.6404100972	2.6394087183	2.6382914531	2.6370593120	2.6356852408	2.6341925778	2.6325846070	2.6308618517	2.6290088141	2.6270329603	2.6249300010	2.6227145960	2.6203672918	2.6178897711	2.6152962274	2.6125824586	2.6097293509	2.6067642645	2.6036715619	2.6004529620	2.5971231089	2.5936585714	2.5900792002	2.5863823321	2.5825599263	2.5786314378	2.5745748006	2.5704151311	2.5661351442	2.5617532810	2.5572553579	2.5526624380	2.5479524239	2.5431503857	2.5382458004	2.5332503457	2.5281567456	2.5229763464	2.5177081508	2.5123531070	2.5069225621	2.5014071199	2.4958224480	2.4901644144	2.4844378550	2.4786487134	2.4727963372	2.4668878826	2.4609249664	2.4549099910	2.4488492756	2.4427439900	2.4365977687	2.4304154637	2.4241986781	2.4179519361	2.4116783961	2.4053808424	2.3990631982	2.3927277789	2.3863788924	2.3800189137	2.3736502104	2.3672769597	2.3609015393	2.3545259873	2.3481539076	2.3417885026	2.3354297795	2.3290833341	2.3227509125	2.3164312480	2.3101319615	2.3038532720	2.2975933470	2.2913603319	2.2851533404	2.2789719119	2.2728210287	2.2667019553	2.2606134513	2.2545593643	2.2485431337	2.2425598502	2.2366168942	2.2307140901	2.2248463397	2.2190259056	2.2132456965	2.2075022813	2.2018129109	2.1961624413	2.1905546847	2.1850012036	2.1794871219	2.1740176847	1.8836037106	1.8836037106	1.8836037106	1.8836037106	1.8836037106	1.8836037106	1.8836037106	1.8836037106	1.8836037106	1.8836037106	1.8836037106	1.8836037106	1.8836037106	1.8836037106	1.8836037106	1.8836037106	1.8836037106
1.8836037106	1.8836037106	1.8836037106	1.8836037106	1.8836037106	1.8836037106	1.8836037106	1.8836037106	1.8836037106	1.8836037106	1.8836037106	1.8836037106	1.8836037106	1.8836037106	1.8836037106	1.8836037106	1.8836037106	2.1747395823	2.1782430391	2.1817913265	2.1853930737	2.1890414597	2.1927438698	2.1964940510	2.2002947972	2.2041472130	2.2080442635	2.2119998920	2.2159998961	2.2200523056	2.2241511170	2.2283040820	2.2325047124	2.2367542887	2.2410540011	2.2454016349	2.2497990366	2.2542421884	2.2587363693	2.2632741170	2.2678624276	2.2724941934	2.2771727781	2.2818939708	2.2866620534	2.2914714486	2.2963240854	2.3012175654	2.3061516741	2.3111257448	2.3161364465	2.3211867166	2.3262705590	2.3313906830	2.3365421775	2.3417267351	2.3469392251	2.3521828436	2.3574515787	2.3627457877	2.3680635369	2.3734019452	2.3787602238	2.3841350381	2.3895254528	2.3949281773	2.4003420600	2.4057639305	2.4111918613	2.4166228063	2.4220549458	2.4274847306	2.4329103767	2.4383287916	2.4437368633	2.4491324676	2.4545113828	2.4598738311	2.4652112353	2.4705270198	2.4758124325	2.4810680985	2.4862900816	2.4914734104	2.4966184382	2.5017177330	2.5067757500	2.5117760590	2.5167305989	2.5216230576	2.5264603620	2.5312338176	2.5359452560	2.5405839162	2.5451554193	2.5496495602	2.5540700974	2.5584079630	2.5626697061	2.5668374877	2.5709255733	2.5749183661	2.5788296568	2.5826326482	2.5863513484	2.5899648299	2.5934793306	2.5969003153	2.6002022119	2.6034113759	2.6065127214	2.6095000238	2.6123935266	2.6151598849	2.6178209154	2.6203793222	2.6228190822	2.6251398301	2.6273602686	2.6294599356	2.6314462642	2.6333159135	2.6350806546	2.6367389792	2.6382600664	2.6396697338	2.6409702942	2.6421614346	2.6432387221	2.6441991924	2.6450483696	2.6457853702	2.6463992277	2.6469011892	2.6472906754	2.6475671332	2.6477300923	2.6477791635	2.6477140388	2.6475344939	2.6472403885	2.6468316643	2.6463083460	2.6456685780	2.6449039673	2.6440234431	2.6430273702	2.6419073594	2.6406701551	2.6393173778	2.6378494571	2.6362526619	2.6345203898	2.6326737909	2.6307121682	2.6286207563	2.6264007852	2.6240598794	2.6216073243	2.6190052972	2.6162875254	2.6134519660	2.6104835921	2.6073931031	2.6041812449	2.6008402359	2.5973867290	2.5938013948	2.5900991151	2.5862802000	2.5823356453	2.5782838171	2.5741071064	2.5698279544	2.5654262422	2.5609236686	2.5563086807	2.5515977171	2.5467725952	2.5418563119	2.5368384616	2.5317276293	2.5265262883	2.5212349617	2.5158615863	2.5104020786	2.5048675123	2.4992549756	2.4935689337	2.4878183593	2.4819966748	2.4761162529	2.4701777151	2.4641811557	2.4581360604	2.4520413001	2.4459016035	2.4397223096	2.4335039759	2.4272518509	2.4209692577	2.4146588942	2.4083246107	2.4019694011	2.3955965654	2.3892096500	2.3828107284	2.3764039844	2.3699923403	2.3635768276	2.3571630227	2.3507529576	2.3443468893	2.3379507089	2.3315657296	2.3251929189	2.3188360354	2.3124983879	2.3061789214	2.2998812876	2.2936116465	2.2873647261	2.2811449313	2.2749595104	2.2688014974	2.2626767949	2.2565887492	2.2505336023	2.2445169213	2.2385394747	2.2325995021	2.2267005304	2.2208449755	2.2150292454	2.2092572372	2.2035321996	2.1978480399	2.1922124073	2.1866240219	2.1810795539	2.1755842412	1.8836037106	1.8836037106	1.8836037106	1.8836037106	1.8836037106	1.8836037106	1.8836037106	1.8836037106	1.8836037106	1.8836037106	1.8836037106	1.8836037106	1.8836037106	1.8836037106	1.8836037106	1.8836037106	1.8836037106
1.8836037106	1.8836037106	1.8836037106	1.8836037106	1.8836037106	1.8836037106	1.8836037106	1.8836037106	1.8836037106	1.8836037106	1.8836037106	1.8836037106	1.8836037106	1.8836037106	1.8836037106	1.8836037106	1.8836037106	2.1757094629	2.1792289372	2.1827996530	2.1864214624	2.1900895846	2.1938160276	2.1975866230	2.2014111707	2.2052844592	2.2092078879	2.2131844832	2.2172079217	2.2212857765	2.2254090197	2.2295880283	2.2338124334	2.2380902512	2.2424140255	2.2467906474	2.2512127641	2.2556868050	2.2602067937	2.2647754528	2.2693895605	2.2740525845	2.2787598975	2.2835132013	2.2883089370	2.2931514186	2.2980326649	2.3029604904	2.3079258440	2.3129325513	2.3179754634	2.3230587024	2.3281749603	2.3333290588	2.3385147103	2.3437327225	2.3489813606	2.3542581066	2.3595624743	2.3648906037	2.3702440402	2.3756171725	2.3810109817	2.3864214405	2.3918470533	2.3972858367	2.4027349704	2.4081924815	2.4136556943	2.4191222485	2.4245892711	2.4300549082	2.4355147423	2.4409690957	2.4464103574	2.4518403889	2.4572535531	2.4626473690	2.4680198052	2.4733658802	2.4786855850	2.4839714971	2.4892262893	2.4944392233	2.4996135599	2.5047438120	2.5098246728	2.5148573739	2.5198341574	2.5247585167	2.5296165532	2.5344205845	2.5391470462	2.5438121511	2.5484012977	2.5529233124	2.5573558541	2.5617176396	2.5659883143	2.5701819832	2.5742779607	2.5782933022	2.5822058725	2.5860320071	2.5897553389	2.5933787761	2.5969105041	2.6003235865	2.6036445224	2.6068565048	2.6099584923	2.6129610380	2.6158418016	2.6186189413	2.6212937288	2.6238367861	2.6262765981	2.6286084578	2.6308224710	2.6329159882	2.6349063656	2.6367926718	2.6385377200	2.6401742732	2.6417033822	2.6431225409	2.6444231957	2.6456148813	2.6466816136	2.6476361849	2.6484804881	2.6492136472	2.6498348648	2.6503434238	2.6507386862	2.6510200946	2.6511871744	2.6512395331	2.6511768602	2.6509989289	2.6507055971	2.6502968054	2.6497725782	2.6491330254	2.6483783408	2.6475088007	2.6465247662	2.6454206585	2.6441888880	2.6428421501	2.6413678336	2.6397790331	2.6380752548	2.6362433888	2.6342721700	2.6321879751	2.6299835231	2.6276532904	2.6251869134	2.6226105855	2.6198976321	2.6170568072	2.6140993842	2.6110135081	2.6077983324	2.6044658564	2.6010021899	2.5974258903	2.5937179417	2.5898940272	2.5859515429	2.5818863461	2.5777104857	2.5734150531	2.5690149018	2.5644942970	2.5598715434	2.5551405150	2.5503084302	2.5453741224	2.5403393864	2.5352154893	2.5299894394	2.5246824402	2.5192827060	2.5138034236	2.5082435510	2.5026049753	2.4968957686	2.4911148019	2.4852682029	2.4793587482	2.4733886414	2.4673641248	2.4612867014	2.4551595698	2.4489884810	2.4427749985	2.4365227510	2.4302367194	2.4239184577	2.4175725448	2.4112023059	2.4048104972	2.3984011318	2.3919766336	2.3855408653	2.3790967941	2.3726466724	2.3661940396	2.3597424707	2.3532928940	2.3468488561	2.3404156283	2.3339913295	2.3275797731	2.3211871094	2.3148104082	2.3084538933	2.3021208182	2.2958115127	2.2895279079	2.2832737568	2.2770492236	2.2708537885	2.2646957165	2.2585708623	2.2524775580	2.2464296310	2.2404169821	2.2344414883	2.2285114303	2.2226211887	2.2167728477	2.2109707142	2.2052107860	2.1994969568	2.1938308239	2.1882093853	2.1826372308	2.1771125305	1.8836037106	1.8836037106	1.8836037106	1.8836037106	1.8836037106	1.8836037106	1.8836037106	1.8836037106	1.8836037106	1.8836037106	1.8836037106	1.8836037106	1.8836037106	1.8836037106	1.8836037106	1.8836037106	1.8836037106
1.8836037106	1.8836037106	1.8836037106	1.8836037106	1.8836037106	1.8836037106	1.8836037106	1.8836037106	1.8836037106	1.8836037106	1.8836037106	1.8836037106	1.8836037106	1.8836037106	1.8836037106	1.8836037106	2.1731541951	2.1766540097	2.1801898093	2.1837827822	2.1874243129	2.1911145909	2.1948611734	2.1986539444	2.2025003040	2.2063931569	2.2103423374	2.2143394101	2.2183875400	2.2224884344	2.2266378228	2.2308399800	2.2350876081	2.2393930065	2.2437432580	2.2481457353	2.2525914850	2.2570957349	2.2616425652	2.2662397803	2.2708807314	2.2755737730	2.2803082502	2.2850926980	2.2899187087	2.2947906646	2.2997021143	2.3046608713	2.3096567649	2.3146953719	2.3197715959	2.3248856713	2.3300362162	2.3352207953	2.3404411442	2.3456903074	2.3509742534	2.3562841966	2.3616226107	2.3669857058	2.3723725258	2.3777809140	2.3832083667	2.3886538608	2.3941136745	2.3995873573	2.4050711081	2.4105633674	2.4160610228	2.4215621738	2.4270634060	2.4325628906	2.4380573896	2.4435440640	2.4490204461	2.4544824465	2.4599302187	2.4653553126	2.4707606361	2.4761384574	2.4814877089	2.4868065221	2.4920872347	2.4973323656	2.5025337488	2.5076937608	2.5128016218	2.5178614856	2.5228648734	2.5278105107	2.5326967401	2.5375167263	2.5422732678	2.5469552697	2.5515725060	2.5561020805	2.5605609295	2.5649340438	2.5692312747	2.5734295244	2.5775467849	2.5815686952	2.5854988075	2.5893326927	2.5930639301	2.5967072111	2.6002297369	2.6036617498	2.6069848348	2.6101998678	2.6133126713	2.6163063560	2.6191978563	2.6219847743	2.6246385228	2.6271963865	2.6296356689	2.6319589158	2.6341708386	2.6362813652	2.6382594004	2.6401201249	2.6418753304	2.6435189163	2.6450474595	2.6464576125	2.6477488751	2.6489321967	2.6500064657	2.6509706457	2.6518177466	2.6525427407	2.6531574662	2.6536612161	2.6540533621	2.6543333547	2.6544998053	2.6545538002	2.6544952470	2.6543236458	2.6540374755	2.6536375663	2.6531239415	2.6524967086	2.6517560574	2.6508878239	2.6498996251	2.6487965608	2.6475791610	2.6462480386	2.6447875004	2.6432052000	2.6414970124	2.6396720403	2.6377331572	2.6356546450	2.6334459956	2.6311260855	2.6286756769	2.6260936153	2.6233927912	2.6205668310	2.6176028642	2.6145232661	2.6113178055	2.6079788311	2.6045244358	2.6009380269	2.5972399602	2.5934077359	2.5894634240	2.5853955474	2.5812120393	2.5769116141	2.5724982377	2.5679738250	2.5633399409	2.5585961357	2.5537515308	2.5487993336	2.5437525434	2.5386053897	2.5333697539	2.5280377971	2.5226209686	2.5171214466	2.5115348904	2.5058780321	2.5001397481	2.4943335067	2.4884630084	2.4825219458	2.4765252081	2.4704711183	2.4643616185	2.4582054405	2.4520015673	2.4457549444	2.4394708674	2.4331502146	2.4267980146	2.4204177633	2.4140122278	2.4075851716	2.4011397721	2.3946791322	2.3882072661	2.3817259834	2.3752387344	2.3687502030	2.3622607027	2.3557743708	2.3492944419	2.3428224359	2.3363610225	2.3299139753	2.3234827576	2.3170673254	2.3106760020	2.3043064727	2.2979584346	2.2916406325	2.2853511358	2.2790896090	2.2728612843	2.2666671542	2.2605060492	2.2543815907	2.2482978661	2.2422488406	2.2362425938	2.2302796197	2.2243538179	2.2184756911	2.2126422800	2.2068479948	2.2011062862	2.1954092814	2.1897559299	2.1841569248	2.1786022081	2.1730889273	1.8836037106	1.8836037106	1.8836037106	1.8836037106	1.8836037106	1.8836037106	1.8836037106	1.8836037106	1.8836037106	1.8836037106	1.8836037106	1.8836037106	1.8836037106	1.8836037106	1.8836037106	1.8836037106
1.8836037106	1.8836037106	1.8836037106	1.8836037106	1.8836037106	1.8836037106	1.8836037106	1.8836037106	1.8836037106	1.8836037106	1.8836037106	1.8836037106	1.8836037106	1.8836037106	1.8836037106	1.8836037106	2.1740584229	2.1775732300	2.1811292266	2.1847413078	2.1884014146	2.1921142414	2.1958789265	2.1996933221	2.2035609566	2.2074728960	2.2114472724	2.2154663429	2.2195384098	2.2236598227	2.2278347133	2.2320597709	2.2363342831	2.2406620466	2.2450381307	2.2494658366	2.2539401216	2.2584683983	2.2630413997	2.2676664815	2.2723367211	2.2770559693	2.2818193551	2.2866318070	2.2914873690	2.2963881342	2.3013319425	2.3063182609	2.3113467162	2.3164134505	2.3215227194	2.3266670165	2.3318504095	2.3370672423	2.3423191162	2.3476020240	2.3529170116	2.3582608324	2.3636310549	2.3690286107	2.3744480973	2.3798905760	2.3853517179	2.3908306629	2.3963247074	2.4018317713	2.4073494513	2.4128753213	2.4184067484	2.4239412910	2.4294764296	2.4350086064	2.4405372183	2.4460555642	2.4515647989	2.4570595038	2.4625372915	2.4679958171	2.4734302270	2.4788403671	2.4842191003	2.4895680656	2.4948786065	2.5001507003	2.5053830993	2.5105649388	2.5157027122	2.5207845741	2.5258150310	2.5307836194	2.5356955807	2.5405363888	2.5453138956	2.5500176358	2.5546481288	2.5592025300	2.5636766252	2.5680684071	2.5723736635	2.5765916743	2.5807225425	2.5847542109	2.5886962063	2.5925357959	2.5962912862	2.5999213688	2.6034636147	2.6068981149	2.6102244021	2.6134485215	2.6165544766	2.6195594642	2.6224545755	2.6252237648	2.6278979271	2.6304466417	2.6328794556	2.6352096585	2.6374288286	2.6395100713	2.6414882756	2.6433583619	2.6451120240	2.6467445776	2.6482611716	2.6496715451	2.6509744317	2.6521550660	2.6532157602	2.6541680343	2.6550065711	2.6557342900	2.6563517350	2.6568581990	2.6572525523	2.6575336868	2.6577028159	2.6577595547	2.6577035979	2.6575347222	2.6572527867	2.6568560400	2.6563450652	2.6557204713	2.6549824468	2.6541296723	2.6531591156	2.6520754247	2.6508641678	2.6495266050	2.6480752294	2.6465108237	2.6448183661	2.6430008137	2.6410544822	2.6389940278	2.6368187969	2.6344857177	2.6320419952	2.6294758908	2.6267781987	2.6239533608	2.6210114167	2.6179243860	2.6147224677	2.6113954987	2.6079337829	2.6043563255	2.6006472512	2.5968286071	2.5928706072	2.5888037809	2.5846130491	2.5803130373	2.5758873043	2.5713554461	2.5667090746	2.5619603683	2.5570969916	2.5521429340	2.5470717878	2.5419137238	2.5366563494	2.5313073607	2.5258716102	2.5203474376	2.5147442362	2.5090602342	2.5033007754	2.4974705494	2.4915703026	2.4856066766	2.4795812682	2.4734973595	2.4673609301	2.4611736690	2.4549386842	2.4486620931	2.4423453882	2.4359919011	2.4296071803	2.4231929589	2.4167531776	2.4102917413	2.4038113447	2.3973158856	2.3908081541	2.3842913599	2.3777689735	2.3712434964	2.3647172482	2.3581956422	2.3516792454	2.3451694587	2.3386731826	2.3321903050	2.3257219553	2.3192726605	2.3128446704	2.3064376960	2.3000552085	2.2937029550	2.2873761501	2.2810789445	2.2748187673	2.2685886860	2.2623941127	2.2562382376	2.2501186060	2.2440387237	2.2380006358	2.2320029307	2.2260472150	2.2201382657	2.2142709832	2.2084481056	2.2026769280	2.1969471332	2.1912666804	2.1856387498	2.1800529612	2.1745179344	1.8836037106	1.8836037106	1.8836037106	1.8836037106	1.8836037106	1.8836037106	1.8836037106	1.8836037106	1.8836037106	1.8836037106	1.8836037106	1.8836037106	1.8836037106	1.8836037106	1.8836037106	1.8836037106
1.8836037106	1.8836037106	1.8836037106	1.8836037106	1.8836037106	1.8836037106	1.8836037106	1.8836037106	1.8836037106	1.8836037106	1.8836037106	1.8836037106	1.8836037106	1.8836037106	1.8836037106	1.8836037106	2.1749382274	2.1784670339	2.1820432900	2.1856736835	2.1893518403	2.1930866000	2.1968689146	2.2007045165	2.2045927370	2.2085286346	2.2125222876	2.2165627712	2.2206580846	2.2247996911	2.2290000962	2.2332473422	2.2375476751	2.2418968737	2.2462993280	2.2507504266	2.2552529778	2.2598043075	2.2644056200	2.2690549751	2.2737537629	2.2784993544	2.2832922980	2.2881298855	2.2930160588	2.2979431340	2.3029184719	2.3079335114	2.3129919682	2.3180888235	2.3232279310	2.3284026149	2.3336167422	2.3388652220	2.3441477778	2.3494639599	2.3548100292	2.3601862096	2.3655887477	2.3710182706	2.3764706833	2.3819451794	2.3874396255	2.3929508250	2.3984782484	2.4040180188	2.4095686984	2.4151272336	2.4206915565	2.4262584724	2.4318261089	2.4373909221	2.4429507828	2.4485023634	2.4540419209	2.4595699491	2.4650769788	2.4705671595	2.4760315754	2.4814699871	2.4868800982	2.4922540397	2.4975946004	2.5028934878	2.5081520295	2.5133622323	2.5185234097	2.5236337209	2.5286832083	2.5336797707	2.5386063209	2.5434730893	2.5482670251	2.5529966875	2.5576402647	2.5622161950	2.5667017681	2.5711108688	2.5754287367	2.5796691082	2.5837997860	2.5878488510	2.5917956594	2.5956581763	2.5993994733	2.6030509602	2.6065970352	2.6100326381	2.6133689758	2.6165863966	2.6197038424	2.6227090756	2.6255922768	2.6283764420	2.6310395261	2.6335841073	2.6360315820	2.6383486516	2.6405463252	2.6426421360	2.6446193851	2.6464802867	2.6482193711	2.6498542957	2.6513836434	2.6527785555	2.6540640399	2.6552365752	2.6562996957	2.6572539054	2.6580946083	2.6588257051	2.6594464091	2.6599557034	2.6603429190	2.6606208631	2.6607890790	2.6608471893	2.6607948946	2.6606319755	2.6603582931	2.6599737878	2.6594656536	2.6588429656	2.6581067178	2.6572571800	2.6562898876	2.6552089426	2.6540130128	2.6526985665	2.6512658755	2.6496936670	2.6480085323	2.6462114217	2.6442786452	2.6422212360	2.6400390686	2.6377446566	2.6353051798	2.6327379539	2.6300545204	2.6272391713	2.6242909706	2.6212302168	2.6180203693	2.6146961515	2.6112459076	2.6076626739	2.6039611722	2.6001296740	2.5961918065	2.5921066938	2.5879177685	2.5836045052	2.5791867652	2.5746371575	2.5699895161	2.5652217213	2.5603538276	2.5553776749	2.5503025631	2.5451269722	2.5398522626	2.5344925615	2.5290315587	2.5234924084	2.5178664519	2.5121591793	2.5063819865	2.5005228773	2.4945991201	2.4886117874	2.4825563936	2.4764469014	2.4702823635	2.4640640318	2.4578010700	2.4514930667	2.4451446349	2.4387607285	2.4323431598	2.4258962345	2.4194238068	2.4129287105	2.4064145290	2.3998848049	2.3933420884	2.3867911942	2.3802338660	2.3736729687	2.3671125847	2.3605552294	2.3540027648	2.3474586174	2.3409271612	2.3344073063	2.3279033735	2.3214208341	2.3149565934	2.3085153723	2.3021001241	2.2957112702	2.2893504775	2.2830216851	2.2767254679	2.2704597712	2.2642346985	2.2580458039	2.2518910716	2.2457812900	2.2397119423	2.2336815864	2.2276969833	2.2217564659	2.2158590194	2.2100086676	2.2042054860	2.1984475524	2.1927399707	2.1870807989	2.1814697674	2.1759092148	1.8836037106	1.8836037106	1.8836037106	1.8836037106	1.8836037106	1.8836037106	1.8836037106	1.8836037106	1.8836037106	1.8836037106	1.8836037106	1.8836037106	1.8836037106	1.8836037106	1.8836037106	1.8836037106
1.8836037106	1.8836037106	1.8836037106	1.8836037106	1.8836037106	1.8836037106	1.8836037106	1.8836037106	1.8836037106	1.8836037106	1.8836037106	1.8836037106	1.8836037106	1.8836037106	1.8836037106	1.8836037106	2.1757920885	2.1793352075	2.1829313685	2.1865795634	2.1902752371	2.1940313092	2.1978326586	2.2016892285	2.2055952618	2.2095545752	2.2135668816	2.2176282029	2.2217461368	2.2259115468	2.2301330522	2.2344014737	2.2387269348	2.2430995233	2.2475263116	2.2519989919	2.2565290681	2.2611049268	2.2657323098	2.2704048123	2.2751322622	2.2799028317	2.2847242356	2.2895894076	2.2945026510	2.2994567903	2.3044610237	2.3095040366	2.3145917136	2.3197190841	2.3248865140	2.3300925860	2.3353348983	2.3406151255	2.3459261907	2.3512747892	2.3566513729	2.3620588559	2.3674935486	2.3729540018	2.3784386705	2.3839446403	2.3894709045	2.3950141726	2.4005732733	2.4061451489	2.4117277822	2.4173181276	2.4229144113	2.4285130516	2.4341119112	2.4397087985	2.4452987131	2.4508814698	2.4564520828	2.4620086688	2.4675477469	2.4730653750	2.4785609895	2.4840270998	2.4894660736	2.4948684178	2.5002344797	2.5055633251	2.5108427491	2.5160808664	2.5212641578	2.5263974124	2.5314719237	2.5364881167	2.5414402069	2.5463234574	2.5511423359	2.5558802755	2.5605485266	2.5651337060	2.5696453217	2.5740601180	2.5783992218	2.5826373683	2.5867923263	2.5908450830	2.5948095042	2.5986647413	2.6024240140	2.6060825718	2.6096254075	2.6130747099	2.6164026414	2.6196313636	2.6227484890	2.6257441180	2.6286392937	2.6314131784	2.6340724625	2.6366360401	2.6390547288	2.6413677199	2.6435740023	2.6456663511	2.6476263053	2.6494824886	2.6512353399	2.6528541620	2.6543622160	2.6557555368	2.6570430461	2.6582177237	2.6592842678	2.6602343368	2.6610602101	2.6617787286	2.6623891223	2.6628906982	2.6632828411	2.6635650127	2.6637367536	2.6637976836	2.6637475013	2.6635859854	2.6633129949	2.6629284688	2.6624324268	2.6618249704	2.6611062811	2.6602766217	2.6593195975	2.6582401968	2.6570474470	2.6557359760	2.6543121026	2.6527668517	2.6511006376	2.6492944639	2.6473766167	2.6453408809	2.6431675294	2.6408657887	2.6384502596	2.6359027169	2.6332124628	2.6304102203	2.6274753431	2.6244046022	2.6212223682	2.6178901168	2.6144437837	2.6108686588	2.6071652964	2.6033389330	2.5993854164	2.5953197037	2.5911164386	2.5868059871	2.5823706729	2.5778267846	2.5731634305	2.5683942652	2.5635131277	2.5585253100	2.5534388536	2.5482445964	2.5429594965	2.5375763648	2.5321044850	2.5265439875	2.5208976141	2.5151731379	2.5093686593	2.5034909415	2.4975435869	2.4915280804	2.4854509007	2.4793141467	2.4731207073	2.4668768478	2.4605847458	2.4542465267	2.4478691914	2.4414549565	2.4350053047	2.4285271286	2.4220225290	2.4154947250	2.4089478407	2.4023847865	2.3958090636	2.3892241778	2.3826323183	2.3760376796	2.3694434999	2.3628508776	2.3562644324	2.3496871114	2.3431198929	2.3365662531	2.3300294434	2.3235110206	2.3170110131	2.3105377251	2.3040890164	2.2976645520	2.2912722927	2.2849110057	2.2785805308	2.2722848869	2.2660267209	2.2598035102	2.2536185532	2.2474786450	2.2413757862	2.2353141481	2.2293020847	2.2233296187	2.2174029952	2.2115257725	2.2056913355	2.1999068752	2.1941720474	2.1884837103	2.1828475929	2.1772607400	1.8836037106	1.8836037106	1.8836037106	1.8836037106	1.8836037106	1.8836037106	1.8836037106	1.8836037106	1.8836037106	1.8836037106	1.8836037106	1.8836037106	1.8836037106	1.8836037106	1.8836037106	1.8836037106
1.8836037106	1.8836037106	1.8836037106	1.8836037106	1.8836037106	1.8836037106	1.8836037106	1.8836037106	1.8836037106	1.8836037106	1.8836037106	1.8836037106	1.8836037106	1.8836037106	1.8836037106	2.1730993542	2.1766199387	2.1801775032	2.1837933469	2.1874589984	2.1911748444	2.1949480217	2.1987689609	2.2026448094	2.2065681566	2.2105502218	2.2145810501	2.2186649348	2.2228021489	2.2269906915	2.2312327073	2.2355230572	2.2398715973	2.2442676496	2.2487173658	2.2532133000	2.2577679046	2.2623675693	2.2670202990	2.2717194421	2.2764707602	2.2812661918	2.2861145658	2.2910066597	2.2959461545	2.3009297877	2.3059589326	2.3110315926	2.3161452546	2.3213027121	2.3264978217	2.3317338959	2.3370056865	2.3423147465	2.3476571073	2.3530336902	2.3584416044	2.3638779116	2.3693442779	2.3748345806	2.3803505130	2.3858873996	2.3914444026	2.3970190925	2.4026089758	2.4082119625	2.4138253954	2.4194469210	2.4250736026	2.4307035400	2.4363326226	2.4419601655	2.4475805044	2.4531925440	2.4587944948	2.4643785189	2.4699480600	2.4754935828	2.4810164191	2.4865120891	2.4919748346	2.4974058761	2.5027973992	2.5081507101	2.5134577381	2.5187171761	2.5239287991	2.5290795994	2.5341814228	2.5392122072	2.5441859098	2.5490884965	2.5539244761	2.5586824930	2.5633668131	2.5679688532	2.5724881214	2.5769224640	2.5812690595	2.5855241360	2.5896858992	2.5937496505	2.5977190812	2.6015815356	2.6053511421	2.6090038309	2.6125666875	2.6160040250	2.6193426925	2.6225733223	2.6256796432	2.6286866801	2.6315718431	2.6343444063	2.6370211294	2.6395466380	2.6419740478	2.6442897760	2.6464867468	2.6485601203	2.6505327331	2.6523842509	2.6541118688	2.6557270328	2.6572362043	2.6586328318	2.6599235933	2.6610761624	2.6621229253	2.6630634419	2.6638967873	2.6646221122	2.6652386431	2.6657375329	2.6661260807	2.6664063158	2.6665777860	2.6666401168	2.6665930112	2.6664362504	2.6661696948	2.6657932829	2.6653058946	2.6646970449	2.6639762679	2.6631438264	2.6622000650	2.6611454092	2.6599803658	2.6586714202	2.6572493519	2.6557078843	2.6540526914	2.6522774021	2.6503663479	2.6483277248	2.6461790415	2.6438905014	2.6414733836	2.6389369408	2.6362769605	2.6334643217	2.6305419503	2.6274858336	2.6242935428	2.6209873140	2.6175332369	2.6139651375	2.6102636902	2.6064417535	2.6024893183	2.5984141054	2.5942186752	2.5899005860	2.5854644683	2.5809126088	2.5762425662	2.5714637703	2.5665720791	2.5615787391	2.5564738126	2.5512761199	2.5459710958	2.5405737382	2.5350889688	2.5295051961	2.5238451260	2.5180975337	2.5122715667	2.5063767200	2.5004017327	2.4943635014	2.4882643248	2.4820984491	2.4758800996	2.4696094353	2.4632878134	2.4569226771	2.4505158445	2.4440709960	2.4375924959	2.4310836857	2.4245476459	2.4179886220	2.4114099256	2.4048145409	2.3982065702	2.3915885802	2.3849642874	2.3783368408	2.3717086813	2.3650826759	2.3584636001	2.3518523160	2.3452503657	2.3386646556	2.3320949278	2.3255423979	2.3190113072	2.3125043901	2.3060209747	2.2995640230	2.2931409463	2.2867460580	2.2803828146	2.2740575707	2.2677670935	2.2615132827	2.2552995975	2.2491269109	2.2429936900	2.2369051508	2.2308611754	2.2248574887	2.2189055404	2.2129988420	2.2071338670	2.2013252451	2.1955623227	2.1898456418	2.1841857734	2.1785721306	2.1730018863	1.8836037106	1.8836037106	1.8836037106	1.8836037106	1.8836037106	1.8836037106	1.8836037106	1.8836037106	1.8836037106	1.8836037106	1.8836037106	1.8836037106	1.8836037106	1.8836037106	1.8836037106
1.8836037106	1.8836037106	1.8836037106	1.8836037106	1.8836037106	1.8836037106	1.8836037106	1.8836037106	1.8836037106	1.8836037106	1.8836037106	1.8836037106	1.8836037106	1.8836037106	1.8836037106	2.1738877099	2.1774217554	2.1809969259	2.1846296562	2.1883116433	2.1920472937	2.1958363984	2.1996763452	2.2035709031	2.2075111448	2.2115152914	2.2155655284	2.2196704122	2.2238257133	2.2280367061	2.2322991573	2.2366132605	2.2409812091	2.2454000380	2.2498720123	2.2543935196	2.2589689395	2.2635925132	2.2682690568	2.2729940650	2.2777687881	2.2825915006	2.2874627003	2.2923818344	2.2973459567	2.3023582039	2.3074132505	2.3125133679	2.3176536520	2.3228390089	2.3280611886	2.3333258106	2.3386262402	2.3439634196	2.3493360823	2.3547410736	2.3601784235	2.3656444648	2.3711397581	2.3766604199	2.3822053117	2.3877727804	2.3933591391	2.3989643641	2.4045842126	2.4102174060	2.4158607717	2.4215123889	2.4271688690	2.4328283177	2.4384876120	2.4441434035	2.4497938147	2.4554345056	2.4610645040	2.4666783760	2.4722738706	2.4778497534	2.4833975454	2.4889220988	2.4944101794	2.4998661438	2.5052854577	2.5106588296	2.5159922191	2.5212729830	2.5265054167	2.5316811160	2.5367993326	2.5418568362	2.5468446712	2.5517734190	2.5566172246	2.5613965310	2.5660911257	2.5707117461	2.5752416763	2.5796972232	2.5840453885	2.5883131762	2.5924805935	2.5965643675	2.6005276495	2.6044043528	2.6081693144	2.6118412641	2.6153916513	2.6188387849	2.6221843705	2.6253994998	2.6285190919	2.6315158551	2.6344001197	2.6371864340	2.6398242481	2.6423650224	2.6447910455	2.6470931182	2.6492809839	2.6513691997	2.6533165142	2.6551537826	2.6568823402	2.6585003736	2.6600111059	2.6613807246	2.6626466925	2.6638078588	2.6648631455	2.6658020068	2.6666248428	2.6673413079	2.6679506421	2.6684451347	2.6688319799	2.6691116019	2.6692835536	2.6693474645	2.6693030404	2.6691500642	2.6688883966	2.6685179755	2.6680388172	2.6674419821	2.6667344638	2.6659169803	2.6649818870	2.6639232029	2.6627534588	2.6614732444	2.6600832299	2.6585467227	2.6568937157	2.6551221451	2.6532330626	2.6512221975	2.6490629231	2.6467941977	2.6443945602	2.6418604820	2.6392034934	2.6364268473	2.6334926374	2.6304489772	2.6272700682	2.6239573837	2.6205248073	2.6169496494	2.6132602979	2.6094312516	2.6054890114	2.6014082944	2.5972170408	2.5928909654	2.5884539853	2.5838934722	2.5792289066	2.5744330374	2.5695417086	2.5645295741	2.5594188822	2.5542042785	2.5488874133	2.5434776718	2.5379712076	2.5323778316	2.5266960241	2.5209300696	2.5150873402	2.5091664118	2.5031734215	2.4971131881	2.4909867926	2.4847998728	2.4785567140	2.4722583384	2.4659113128	2.4595202045	2.4530836648	2.4466104148	2.4401036101	2.4335642994	2.4269983054	2.4204089975	2.4137992759	2.4071729503	2.4005333569	2.3938834286	2.3872276860	2.3805679726	2.3739073524	2.3672499472	2.3605980903	2.3539537769	2.3473203344	2.3407023956	2.3340988496	2.3275135338	2.3209520766	2.3144122531	2.3078974414	2.3014106804	2.2949542172	2.2885267834	2.2821342806	2.2757782142	2.2694550449	2.2631715014	2.2569299322	2.2507253724	2.2445647587	2.2384479775	2.2323735977	2.2263443898	2.2203637778	2.2144272084	2.2085378921	2.2027021181	2.1969102177	2.1911695920	2.1854841216	2.1798430673	2.1742531009	1.8836037106	1.8836037106	1.8836037106	1.8836037106	1.8836037106	1.8836037106	1.8836037106	1.8836037106	1.8836037106	1.8836037106	1.8836037106	1.8836037106	1.8836037106	1.8836037106	1.8836037106
1.8836037106	1.8836037106	1.8836037106	1.8836037106	1.8836037106	1.8836037106	1.8836037106	1.8836037106	1.8836037106	1.8836037106	1.8836037106	1.8836037106	1.8836037106	1.8836037106	1.8836037106	2.1746513625	2.1781974430	2.1817902395	2.1854389775	2.1891367595	2.1928915752	2.1966961095	2.2005544738	2.2044671624	2.2084284447	2.2124493808	2.2165183664	2.2206435998	2.2248166968	2.2290501033	2.2333318397	2.2376685640	2.2420553284	2.2464978108	2.2509897854	2.2555360796	2.2601323217	2.2647807253	2.2694780659	2.2742284009	2.2790263233	2.2838747292	2.2887693697	2.2937144504	2.2987014261	2.3037414197	2.3088217770	2.3139483348	2.3191162329	2.3243269624	2.3295778500	2.3348676133	2.3401972040	2.3455602858	2.3509623451	2.3563950385	2.3618608117	2.3673560558	2.3728794884	2.3784294503	2.3840030987	2.3895994040	2.3952151579	2.4008490602	2.4064982106	2.4121604508	2.4178328941	2.4235134617	2.4291991705	2.4348869272	2.4405758054	2.4462591329	2.4519381070	2.4576072689	2.4632634203	2.4689057118	2.4745275352	2.4801291371	2.4857050689	2.4912519328	2.4967682410	2.5022472588	2.5076912957	2.5130893501	2.5184437015	2.5237507273	2.5289999933	2.5342016866	2.5393340447	2.5444110469	2.5494186501	2.5543594825	2.5592266163	2.5640172774	2.5687328173	2.5733594364	2.5779083937	2.5823627753	2.5867339638	2.5910045815	2.5951908692	2.5992642585	2.6032466531	2.6071235427	2.6108978432	2.6145633413	2.6181197105	2.6215812643	2.6249046264	2.6281373104	2.6312458410	2.6342400787	2.6371391100	2.6398877215	2.6425406507	2.6450776630	2.6474871683	2.6497884411	2.6519815814	2.6540382120	2.6559840889	2.6578234235	2.6595546041	2.6611494945	2.6626322142	2.6640119081	2.6652873479	2.6664341947	2.6674752676	2.6684047365	2.6692212433	2.6699324688	2.6705376622	2.6710361475	2.6714273243	2.6717106676	2.6718857283	2.6719521340	2.6719095889	2.6717578740	2.6714968482	2.6711264476	2.6706466868	2.6700576591	2.6693595361	2.6685525690	2.6676310594	2.6665909377	2.6654414629	2.6641578265	2.6627619776	2.6612564323	2.6596336999	2.6578639349	2.6559777267	2.6539755826	2.6518534890	2.6495806815	2.6471923115	2.6446784791	2.6420260132	2.6392490135	2.6363516222	2.6332968210	2.6301308726	2.6268277813	2.6233960262	2.6198349149	2.6161395850	2.6123296574	2.6083718998	2.6043026116	2.6001007000	2.5957913583	2.5913377729	2.5867804343	2.5820987846	2.5773073544	2.5724010599	2.5673852812	2.5622670922	2.5570357883	2.5517154767	2.5462851016	2.5407660934	2.5351594620	2.5294557692	2.5236765557	2.5178125094	2.5118702328	2.5058607000	2.4997752096	2.4936258888	2.4874179290	2.4811480137	2.4748250223	2.4684530656	2.4620335339	2.4555713757	2.4490712921	2.4425356861	2.4359679465	2.4293735256	2.4227546475	2.4161148790	2.4094585550	2.4027884629	2.3961082698	2.3894213657	2.3827301341	2.3760386748	2.3693503151	2.3626662466	2.3559909154	2.3493271993	2.3426766497	2.3360417809	2.3294265315	2.3228329625	2.3162604224	2.3097152636	2.3031994469	2.2967106357	2.2902546214	2.2838326154	2.2774447066	2.2710921637	2.2647812888	2.2585088477	2.2522733311	2.2460869299	2.2399419638	2.2338388108	2.2277841285	2.2217757160	2.2158127673	2.2098990662	2.2040351498	2.1982182576	2.1924539860	2.1867410330	2.1810768151	2.1754656107	1.8836037106	1.8836037106	1.8836037106	1.8836037106	1.8836037106	1.8836037106	1.8836037106	1.8836037106	1.8836037106	1.8836037106	1.8836037106	1.8836037106	1.8836037106	1.8836037106	1.8836037106
1.8836037106	1.8836037106	1.8836037106	1.8836037106	1.8836037106	1.8836037106	1.8836037106	1.8836037106	1.8836037106	1.8836037106	1.8836037106	1.8836037106	1.8836037106	1.8836037106	1.8836037106	2.1753885354	2.1789467956	2.1825567960	2.1862210095	2.1899340380	2.1937073745	2.1975277665	2.2014048347	2.2053332492	2.2093148866	2.2133520700	2.2174391973	2.2215841203	2.2257779373	2.2300297345	2.2343299342	2.2386885481	2.2430960381	2.2475594098	2.2520702317	2.2566405323	2.2612581837	2.2659293477	2.2706477287	2.2754224057	2.2802420547	2.2851153329	2.2900341848	2.2950028695	2.3000156594	2.3050788321	2.3101845761	2.3153358598	2.3205304974	2.3257665518	2.3310444890	2.3363606104	2.3417164644	2.3471070373	2.3525351452	2.3579958508	2.3634879835	2.3690118184	2.3745623089	2.3801405649	2.3857422110	2.3913663716	2.3970106010	2.4026724421	2.4083498051	2.4140400086	2.4197407328	2.4254489849	2.4311628365	2.4368784257	2.4425942958	2.4483062787	2.4540111027	2.4597089464	2.4653907320	2.4710594778	2.4767084494	2.4823337702	2.4879377766	2.4935067425	2.4990480184	2.5045518204	2.5100152204	2.5154385271	2.5208125141	2.5261402101	2.5314124030	2.5366297799	2.5417875850	2.5468774377	2.5519104423	2.5568588890	2.5617453893	2.5665473690	2.5712756849	2.5759171787	2.5804790493	2.5849436103	2.5893230874	2.5936037390	2.5977924780	2.6018763550	2.6058684768	2.6097425792	2.6135234047	2.6171867104	2.6207551517	2.6241962512	2.6275388678	2.6307614303	2.6338650517	2.6368782266	2.6397375131	2.6425012348	2.6451497741	2.6476688876	2.6500823288	2.6523800396	2.6545476320	2.6566038813	2.6585528045	2.6603858261	2.6620820857	2.6636774208	2.6651704561	2.6665345384	2.6677919970	2.6689308215	2.6699630168	2.6708910782	2.6717141044	2.6724312679	2.6730418162	2.6735318152	2.6739107033	2.6741856875	2.6743563362	2.6744222909	2.6743832664	2.6742390515	2.6739895088	2.6736345752	2.6731719744	2.6725817803	2.6718818869	2.6710725439	2.6701540801	2.6691269046	2.6679912034	2.6667280688	2.6653561225	2.6638443284	2.6622230467	2.6604931947	2.6586202967	2.6566198689	2.6545024950	2.6522633210	2.6498797628	2.6473723090	2.6447413339	2.6419692115	2.6390728991	2.6360508365	2.6328765897	2.6295875185	2.6261590207	2.6226096817	2.6189180138	2.6151023435	2.6111604177	2.6070864987	2.6028898865	2.5985670532	2.5941243417	2.5895605969	2.5848751182	2.5800822042	2.5751627968	2.5701444030	2.5650087572	2.5597742967	2.5544358051	2.5489967496	2.5434651573	2.5378381742	2.5321250755	2.5263257750	2.5204432283	2.5144856302	2.5084526360	2.5023477060	2.4961791828	2.4899465992	2.4836536980	2.4773093362	2.4709113462	2.4644656600	2.4579790514	2.4514515038	2.4448882039	2.4382939275	2.4316711033	2.4250236261	2.4183555681	2.4116701845	2.4049706100	2.3982609766	2.3915439101	2.3848231280	2.3781018033	2.3713824797	2.3646677143	2.3579627963	2.3512685935	2.3445865384	2.3379225596	2.3312774697	2.3246525636	2.3180507167	2.3114766954	2.3049294915	2.2984093552	2.2919258822	2.2854750467	2.2790575196	2.2726781569	2.2663382248	2.2600360813	2.2537748488	2.2475607895	2.2413864622	2.2352557355	2.2291771527	2.2231407568	2.2171522623	2.2112149904	2.2053237857	2.1994836751	2.1936955660	2.1879568669	2.1822710409	2.1766370635	1.8836037106	1.8836037106	1.8836037106	1.8836037106	1.8836037106	1.8836037106	1.8836037106	1.8836037106	1.8836037106	1.8836037106	1.8836037106	1.8836037106	1.8836037106	1.8836037106	1.8836037106
1.8836037106	1.8836037106	1.8836037106	1.8836037106	1.8836037106	1.8836037106	1.8836037106	1.8836037106	1.8836037106	1.8836037106	1.8836037106	1.8836037106	1.8836037106	1.8836037106	2.1725665830	2.1760990588	2.1796695640	2.1832963113	2.1869754588	2.1907045360	2.1944943878	2.1983317063	2.2022254380	2.2061688349	2.2101701317	2.2142230118	2.2183292831	2.2224916071	2.2267054390	2.2309750048	2.2352934828	2.2396728046	2.2441006251	2.2485838744	2.2531147460	2.2577064350	2.2623447453	2.2670379031	2.2717794012	2.2765748185	2.2814166301	2.2863127824	2.2912550347	2.2962465662	2.3012849816	2.3063701969	2.3115017189	2.3166753274	2.3218965332	2.3271563533	2.3324604421	2.3378022764	2.3431833556	2.3486011820	2.3540544218	2.3595420101	2.3650603456	2.3706107697	2.3761883098	2.3817929455	2.3874220944	2.3930727861	2.3987445576	2.4044334296	2.4101380871	2.4158553374	2.4215832666	2.4273184764	2.4330590447	2.4388019495	2.4445434825	2.4502821936	2.4560135671	2.4617359693	2.4674452009	2.4731376846	2.4788125439	2.4844627833	2.4900889497	2.4956850759	2.5012462004	2.5067766549	2.5122596713	2.5177053000	2.5231015366	2.5284461183	2.5337419918	2.5389729515	2.5441493044	2.5492579677	2.5543018562	2.5592730902	2.5641691128	2.5689927521	2.5737259993	2.5783859492	2.5829482500	2.5874296898	2.5918119405	2.5961158315	2.6002950666	2.6043917553	2.6083775813	2.6122738082	2.6160424603	2.6197159695	2.6232758872	2.6267228579	2.6300599011	2.6332760983	2.6363972088	2.6393743679	2.6422473698	2.6450078181	2.6476385576	2.6501627756	2.6525684585	2.6548450646	2.6570128320	2.6590715502	2.6610007765	2.6628081133	2.6645154270	2.6661051838	2.6675764237	2.6689308241	2.6701767876	2.6713200888	2.6723596770	2.6732917553	2.6740865069	2.6747792700	2.6753693222	2.6758558972	2.6762383059	2.6765163637	2.6766896381	2.6767577700	2.6767204731	2.6765775345	2.6763288150	2.6759742496	2.6755136575	2.6749469969	2.6742746508	2.6734968562	2.6725872766	2.6715566620	2.6704172372	2.6691695705	2.6678111449	2.6663253994	2.6647183368	2.6629812655	2.6611360220	2.6591627450	2.6570471829	2.6548123281	2.6524577382	2.6499592290	2.6473334171	2.6445825031	2.6416896141	2.6386748515	2.6355243522	2.6322319717	2.6288191077	2.6252641439	2.6215976752	2.6177726319	2.6138357716	2.6097629204	2.6055736356	2.6012450335	2.5968086657	2.5922326538	2.5875496616	2.5827432352	2.5778289381	2.5727968106	2.5676572811	2.5624152385	2.5570605528	2.5516177758	2.5460669955	2.5404272510	2.5347036697	2.5288819560	2.5229857397	2.5170106068	2.5109549312	2.5048337642	2.4986425841	2.4923870355	2.4860745431	2.4797050174	2.4732833357	2.4668152881	2.4603034508	2.4537496535	2.4471611361	2.4405410247	2.4338903724	2.4272156638	2.4205200163	2.4138064390	2.4070787850	2.4003404516	2.3935942894	2.3868450425	2.3800945767	2.3733458469	2.3666026889	2.3598681363	2.3531435678	2.3464320696	2.3397398561	2.3330649268	2.3264104605	2.3197810296	2.3131775665	2.3066006474	2.3000533842	2.2935416043	2.2870608221	2.2806146764	2.2742095865	2.2678413205	2.2615124749	2.2552261698	2.2489835551	2.2427825035	2.2366285881	2.2305222374	2.2244583182	2.2184471263	2.2124852275	2.2065674882	2.2007050866	2.1948938179	2.1891305022	2.1834234299	2.1777670696	1.8836037106	1.8836037106	1.8836037106	1.8836037106	1.8836037106	1.8836037106	1.8836037106	1.8836037106	1.8836037106	1.8836037106	1.8836037106	1.8836037106	1.8836037106	1.8836037106	1.8836037106
1.8836037106	1.8836037106	1.8836037106	1.8836037106	1.8836037106	1.8836037106	1.8836037106	1.8836037106	1.8836037106	1.8836037106	1.8836037106	1.8836037106	1.8836037106	1.8836037106	2.1732380990	2.1767828634	2.1803659857	2.1840090191	2.1877026513	2.1914487799	2.1952523206	2.1991059561	2.2030157552	2.2069736010	2.2109938608	2.2150631930	2.2191878133	2.2233657044	2.2275988360	2.2318857008	2.2362248929	2.2406209373	2.2450683654	2.2495707872	2.2541236727	2.2587333165	2.2633918331	2.2681059279	2.2728697246	2.2776853134	2.2825506859	2.2874665644	2.2924323607	2.2974449791	2.3025081059	2.3076158886	2.3127709867	2.3179686337	2.3232129854	2.3284972374	2.3338250660	2.3391921958	2.3445971788	2.3500412733	2.3555192925	2.3610323111	2.3665767798	2.3721522392	2.3777561920	2.3833863472	2.3890416118	2.3947185113	2.4004161786	2.4061313704	2.4118621584	2.4176055162	2.4233595124	2.4291209967	2.4348870240	2.4406566139	2.4464229884	2.4521873162	2.4579445450	2.4636904790	2.4694255251	2.4751418541	2.4808400317	2.4865154410	2.4921622395	2.4977817428	2.5033660894	2.5089148369	2.5144229554	2.5198856401	2.5253043937	2.5306676606	2.5359814599	2.5412333157	2.5464231379	2.5515544730	2.5566060069	2.5615955074	2.5665024985	2.5713368489	2.5760859734	2.5807548135	2.5853306427	2.5898183777	2.5942123824	2.5985081837	2.6027079486	2.6068052272	2.6107987139	2.6146860154	2.6184654774	2.6221453279	2.6256942893	2.6291459867	2.6324745672	2.6357015350	2.6387993201	2.6417799420	2.6446525252	2.6473967490	2.6500302023	2.6525471006	2.6549328292	2.6572106325	2.6593794697	2.6614095651	2.6633270935	2.6651455994	2.6668317961	2.6684072045	2.6698642755	2.6712204766	2.6724746097	2.6736089393	2.6746120212	2.6755142612	2.6763142650	2.6770116660	2.6776059322	2.6780964137	2.6784775362	2.6787533526	2.6789259027	2.6789948335	2.6789598628	2.6788207803	2.6785774476	2.6782297986	2.6777690506	2.6772019053	2.6765286354	2.6757494750	2.6748639615	2.6738731415	2.6727579636	2.6715058800	2.6701456358	2.6686779604	2.6670890170	2.6653818462	2.6635295631	2.6615691356	2.6594900286	2.6572580379	2.6549067759	2.6524359578	2.6498184436	2.6470751609	2.6442016682	2.6411870654	2.6380548790	2.6347723433	2.6313633030	2.6278258869	2.6241438172	2.6203432823	2.6164001957	2.6123442847	2.6081397805	2.6038221473	2.5993740630	2.5948111506	2.5901182420	2.5853110102	2.5803911288	2.5753489216	2.5702063675	2.5649476936	2.5595907338	2.5541312371	2.5485707897	2.5429205203	2.5371762082	2.5313455269	2.5254329129	2.5194371161	2.5133681714	2.5072280383	2.5010148292	2.4947411412	2.4884091574	2.4820145183	2.4755712429	2.4690799766	2.4625427759	2.4559656546	2.4493524471	2.4427060856	2.4360300307	2.4293296096	2.4226072013	2.4158664580	2.4091116910	2.4023457963	2.3955723433	2.3887950014	2.3820159905	2.3752389865	2.3684684343	2.3617050945	2.3549525823	2.3482139257	2.3414924170	2.3347880397	2.3281057192	2.3214494442	2.3148170715	2.3082129482	2.3016396624	2.2950989000	2.2885901211	2.2821187454	2.2756864913	2.2692898977	2.2629352777	2.2566247882	2.2503545981	2.2441298174	2.2379514567	2.2318184150	2.2257316707	2.2196968470	2.2137090738	2.2077671504	2.2018845179	2.1960482387	2.1902611855	2.1845347929	2.1788552846	2.1732223988	1.8836037106	1.8836037106	1.8836037106	1.8836037106	1.8836037106	1.8836037106	1.8836037106	1.8836037106	1.8836037106	1.8836037106	1.8836037106	1.8836037106	1.8836037106	1.8836037106
1.8836037106	1.8836037106	1.8836037106	1.8836037106	1.8836037106	1.8836037106	1.8836037106	1.8836037106	1.8836037106	1.8836037106	1.8836037106	1.8836037106	1.8836037106	1.8836037106	2.1738842285	2.1774399138	2.1810379020	2.1846945825	2.1884017091	2.1921641786	2.1959808875	2.1998502240	2.2037754861	2.2077485579	2.2117858659	2.2158712030	2.2200131919	2.2242060679	2.2284580355	2.2327619047	2.2371204187	2.2415325624	2.2459994854	2.2505197433	2.2550938186	2.2597207504	2.2644010528	2.2691329728	2.2739182374	2.2787539224	2.2836413058	2.2885770633	2.2935653309	2.2985975736	2.3036844953	2.3088140117	2.3139918148	2.3192131761	2.3244794514	2.3297882659	2.3351379083	2.3405299683	2.3459573060	2.3514266410	2.3569286055	2.3624660514	2.3680357536	2.3736355242	2.3792646818	2.3849197928	2.3905998834	2.3963022022	2.4020247746	2.4077651991	2.4135209762	2.4192896683	2.4250683815	2.4308551624	2.4366460058	2.4424397618	2.4482318475	2.4540193210	2.4598020776	2.4655713387	2.4713294612	2.4770709277	2.4827899021	2.4884907336	2.4941579884	2.4997986508	2.5054067934	2.5109726694	2.5165035166	2.5219846884	2.5274206474	2.5328052403	2.5381315254	2.5434029734	2.5486084277	2.5537532499	2.5588236811	2.5638233197	2.5687493276	2.5735888922	2.5783551022	2.5830250952	2.5876150215	2.5921068483	2.5965183368	2.6008108221	2.6050199450	2.6091154793	2.6131190400	2.6170021621	2.6207926605	2.6244551024	2.6280214713	2.6314620899	2.6347926977	2.6380136902	2.6411001277	2.6440849156	2.6469443196	2.6496853191	2.6523165142	2.6548113229	2.6571981370	2.6594766590	2.6616121387	2.6636388253	2.6655631987	2.6673538022	2.6690290247	2.6705950498	2.6720609715	2.6734172415	2.6746266294	2.6757366230	2.6767453243	2.6776527803	2.6784535996	2.6791424641	2.6797297021	2.6802146766	2.6805968213	2.6808692352	2.6810387677	2.6811074893	2.6810751258	2.6809414721	2.6807063919	2.6803599129	2.6799075433	2.6793504472	2.6786887763	2.6779168221	2.6770296128	2.6760366921	2.6749378166	2.6737338628	2.6723908981	2.6709179140	2.6693377618	2.6676455345	2.6658248538	2.6638666966	2.6617914465	2.6596011882	2.6572527236	2.6547851953	2.6521974920	2.6494570706	2.6465973674	2.6435988180	2.6404617175	2.6372132952	2.6337952922	2.6302653432	2.6265950789	2.6227990152	2.6188627798	2.6148005527	2.6106088790	2.6062926239	2.6018427709	2.5972787084	2.5925809027	2.5877731006	2.5828424440	2.5778041898	2.5726486953	2.5673857488	2.5620212403	2.5565465615	2.5509818523	2.5453159955	2.5395567986	2.5337159477	2.5277840648	2.5217733349	2.5156879811	2.5095267889	2.5032977011	2.4970045125	2.4906491986	2.4842365432	2.4777732053	2.4712581399	2.4646979925	2.4580988404	2.4514608368	2.4447894914	2.4380895029	2.4313635673	2.4246154020	2.4178491534	2.4110682720	2.4042758430	2.3974760314	2.3906716271	2.3838658998	2.3770623941	2.3702641357	2.3634727557	2.3566933598	2.3499284713	2.3431787854	2.3364481078	2.3297395146	2.3230550436	2.3163944297	2.3097641941	2.3031657281	2.2965970860	2.2900636488	2.2835668440	2.2771071800	2.2706843225	2.2643064826	2.2579701025	2.2516733092	2.2454256696	2.2392237622	2.2330660127	2.2269573807	2.2208986998	2.2148869926	2.2089254375	2.2030186845	2.1971583384	2.1913528695	2.1856037041	2.1799014200	2.1742525780	1.8836037106	1.8836037106	1.8836037106	1.8836037106	1.8836037106	1.8836037106	1.8836037106	1.8836037106	1.8836037106	1.8836037106	1.8836037106	1.8836037106	1.8836037106	1.8836037106
1.8836037106	1.8836037106	1.8836037106	1.8836037106	1.8836037106	1.8836037106	1.8836037106	1.8836037106	1.8836037106	1.8836037106	1.8836037106	1.8836037106	1.8836037106	1.8836037106	2.1745046214	2.1780700907	2.1816824691	2.1853522518	2.1890723142	2.1928504610	2.1966798139	2.2005642283	2.2045043410	2.2084946363	2.2125457162	2.2166464250	2.2208050947	2.2250133969	2.2292830913	2.2336026263	2.2379796986	2.2424079517	2.2468940787	2.2514303515	2.2560247813	2.2606698661	2.2653695547	2.2701186032	2.2749253140	2.2797794876	2.2846880195	2.2896443766	2.2946527401	2.2997064890	2.3048136298	2.3099645055	2.3151636573	2.3204078091	2.3256956903	2.3310275784	2.3363999202	2.3418142122	2.3472656683	2.3527566380	2.3582829528	2.3638425524	2.3694368102	2.3750596595	2.3807130512	2.3863922505	2.3920961427	2.3978228851	2.4035694445	2.4093341015	2.4151139134	2.4209067758	2.4267094628	2.4325200186	2.4383352045	2.4441518065	2.4499677846	2.4557788685	2.4615835677	2.4673772963	2.4731566927	2.4789207172	2.4846625982	2.4903820481	2.4960740313	2.5017332259	2.5073626372	2.5129490873	2.5184966239	2.5240012791	2.5294505585	2.5348578437	2.5401972682	2.5454846610	2.5507081032	2.5558608418	2.5609488279	2.5659581246	2.5708965116	2.5757489986	2.5805251054	2.5852067256	2.5898028572	2.5943060332	2.5987106260	2.6030207341	2.6072274667	2.6113357255	2.6153316332	2.6192232550	2.6230075135	2.6266749893	2.6302344104	2.6336724742	2.6370190802	2.6402093882	2.6433062964	2.6462824134	2.6491291247	2.6518775320	2.6544812275	2.6569756716	2.6593635018	2.6616087245	2.6637433891	2.6657724214	2.6676709913	2.6694484304	2.6711226519	2.6726976328	2.6741326474	2.6754479898	2.6766637169	2.6777794256	2.6787833330	2.6796788973	2.6804738584	2.6811518030	2.6817245856	2.6821978925	2.6825711763	2.6828439581	2.6830158271	2.6830864403	2.6830555228	2.6829228680	2.6826883377	2.6823518629	2.6819134440	2.6813731524	2.6807311308	2.6799652042	2.6790928504	2.6781142187	2.6770127182	2.6758060083	2.6744936028	2.6730706293	2.6714848892	2.6697923470	2.6679937127	2.6660598183	2.6639917084	2.6618021533	2.6594955601	2.6570306436	2.6544472376	2.6517421503	2.6488750788	2.6459001669	2.6427734345	2.6395136582	2.6361328529	2.6325939903	2.6289385140	2.6251390573	2.6212238868	2.6171537125	2.6129724931	2.6086474614	2.6042068999	2.5996338565	2.5949477296	2.5901298815	2.5851982960	2.5801560046	2.5749893604	2.5697259508	2.5643451189	2.5588665962	2.5532900751	2.5476094067	2.5418440003	2.5359859069	2.5300392118	2.5240181035	2.5179133554	2.5117345436	2.5054910651	2.4991773568	2.4928013130	2.4863707360	2.4798845156	2.4733484741	2.4667681783	2.4601464117	2.4534848220	2.4467907845	2.4400676294	2.4333168274	2.4265442562	2.4197534240	2.4129473546	2.4061297614	2.3993043702	2.3924739556	2.3856427363	2.3788134955	2.3719887402	2.3651715494	2.3583665378	2.3515748577	2.3447981222	2.3380424407	2.3313082387	2.3245969172	2.3179112418	2.3112561891	2.3046308602	2.2980354217	2.2914782664	2.2849570128	2.2784717708	2.2720262469	2.2656235938	2.2592614625	2.2529401663	2.2466713948	2.2404449445	2.2342634484	2.2281337773	2.2220521681	2.2160187049	2.2100370336	2.2041071062	2.1982267611	2.1924012123	2.1866294409	2.1809080166	2.1752418178	1.8836037106	1.8836037106	1.8836037106	1.8836037106	1.8836037106	1.8836037106	1.8836037106	1.8836037106	1.8836037106	1.8836037106	1.8836037106	1.8836037106	1.8836037106	1.8836037106
1.8836037106	1.8836037106	1.8836037106	1.8836037106	1.8836037106	1.8836037106	1.8836037106	1.8836037106	1.8836037106	1.8836037106	1.8836037106	1.8836037106	1.8836037106	1.8836037106	2.1750980106	2.1786731962	2.1822994534	2.1859817797	2.1897142137	2.1935073685	2.1973492096	2.2012491418	2.2052020406	2.2092088379	2.2132731162	2.2173885555	2.2215632094	2.2257883329	2.2300729773	2.2344075271	2.2388023842	2.2432477463	2.2477506100	2.2523022350	2.2569162038	2.2615787075	2.2662969297	2.2710646526	2.2758896696	2.2807615672	2.2856903728	2.2906664792	2.2956941227	2.3007695148	2.3058950072	2.3110679438	2.3162859866	2.3215525290	2.3268605925	2.3322146072	2.3376087178	2.3430443805	2.3485189182	2.3540312905	2.3595803092	2.3651624637	2.3707789708	2.3764251667	2.3821005986	2.3878032687	2.3935296884	2.3992798092	2.4050494635	2.4108372926	2.4166401425	2.4224562249	2.4282819193	2.4341151797	2.4399537721	2.4457923745	2.4516311745	2.4574650353	2.4632907119	2.4691072554	2.4749078432	2.4806926105	2.4864568089	2.4921947357	2.4979075515	2.5035874568	2.5092332802	2.5148412002	2.5204050038	2.5259263919	2.5313957559	2.5368138177	2.5421758325	2.5474735243	2.5527168486	2.5578800523	2.5629824523	2.5680047813	2.5729500077	2.5778174135	2.5825945226	2.5872908232	2.5918898163	2.5964103654	2.6008113776	2.6051306325	2.6093362728	2.6134490186	2.6174443019	2.6213488602	2.6251179061	2.6287926968	2.6323429223	2.6357920412	2.6391087159	2.6423131798	2.6454061949	2.6483629036	2.6512241890	2.6539406386	2.6565437266	2.6590406664	2.6613998293	2.6636411462	2.6657780018	2.6677834294	2.6696653443	2.6714468617	2.6731300978	2.6746516863	2.6760720873	2.6773935413	2.6786082844	2.6797086958	2.6807086682	2.6815811084	2.6823556979	2.6830316846	2.6836083855	2.6840851865	2.6844615421	2.6847369745	2.6849110738	2.6849834974	2.6849539697	2.6848222825	2.6845882955	2.6842519365	2.6838132028	2.6832721614	2.6826289506	2.6818837811	2.6810369371	2.6800696918	2.6789863866	2.6777910667	2.6764756493	2.6750552516	2.6735304872	2.6718453214	2.6700406230	2.6681306464	2.6660859322	2.6639039291	2.6616007416	2.6591727752	2.6565906124	2.6538896385	2.6510593572	2.6480727406	2.6449705987	2.6417179581	2.6383432873	2.6348214736	2.6311695375	2.6273830885	2.6234592556	2.6194053817	2.6152194505	2.6109056034	2.6064635873	2.6018905431	2.5972024727	2.5923799561	2.5874485902	2.5823946474	2.5772317359	2.5719553399	2.5665700920	2.5610848873	2.5554938691	2.5498082419	2.5440283665	2.5381559854	2.5322004695	2.5261611875	2.5200416007	2.5138501929	2.5075881065	2.5012556970	2.4948642922	2.4884161266	2.4819074930	2.4753520970	2.4687510337	2.4621066357	2.4554242141	2.4487085995	2.4419623291	2.4351883609	2.4283927948	2.4215781939	2.4147480238	2.4079063740	2.4010564407	2.3942014464	2.3873457348	2.3804913969	2.3736415540	2.3668001014	2.3599698181	2.3531522656	2.3463504455	2.3395707181	2.3328111259	2.3260746655	2.3193655258	2.3126854603	2.3060343626	2.2994148867	2.2928348525	2.2862886048	2.2797791042	2.2733115624	2.2668851112	2.2604995406	2.2541578301	2.2478649093	2.2416144637	2.2354110988	2.2292615047	2.2231567533	2.2171024278	2.2111014923	2.2051493219	2.1992500225	2.1934050246	2.1876121235	2.1818732688	2.1761886370	1.8836037106	1.8836037106	1.8836037106	1.8836037106	1.8836037106	1.8836037106	1.8836037106	1.8836037106	1.8836037106	1.8836037106	1.8836037106	1.8836037106	1.8836037106	1.8836037106
1.8836037106	1.8836037106	1.8836037106	1.8836037106	1.8836037106	1.8836037106	1.8836037106	1.8836037106	1.8836037106	1.8836037106	1.8836037106	1.8836037106	1.8836037106	1.8836037106	2.1756642039	2.1792490068	2.1828886216	2.1865829295	2.1903271671	2.1941346540	2.1979900748	2.2019033801	2.2058683164	2.2098908861	2.2139677822	2.2180981752	2.2222872362	2.2265284392	2.2308273766	2.2351762818	2.2395881408	2.2440498600	2.2485687261	2.2531369649	2.2577676893	2.2624468406	2.2671827845	2.2719691348	2.2768108875	2.2817017690	2.2866479289	2.2916429225	2.2966890283	2.3017850965	2.3069292139	2.3121221796	2.3173593374	2.3226463176	2.3279740417	2.3333488044	2.3387638364	2.3442198778	2.3497164676	2.3552496642	2.3608200588	2.3664241844	2.3720617674	2.3777301819	2.3834272237	2.3891517794	2.3949004511	2.4006722526	2.4064641150	2.4122739525	2.4180989129	2.4239367663	2.4297849463	2.4356395881	2.4415003825	2.4473606100	2.4532201505	2.4590769313	2.4649223370	2.4707600676	2.4765819729	2.4823853251	2.4881721545	2.4939278105	2.4996594956	2.5053603259	2.5110213228	2.5166494828	2.5222297584	2.5277663817	2.5332544675	2.5386841933	2.5440618549	2.5493754250	2.5546264627	2.5598088487	2.5649174299	2.5699575274	2.5749087846	2.5797921037	2.5845737068	2.5892777465	2.5938858392	2.5984005912	2.6028189357	2.6071352558	2.6113533019	2.6154592666	2.6194622044	2.6233548614	2.6271365360	2.6308054941	2.6343538818	2.6378004029	2.6411064076	2.6443119778	2.6473882226	2.6503529890	2.6531914700	2.6559036039	2.6585091048	2.6609862375	2.6633327375	2.6655804250	2.6676914590	2.6696799620	2.6715677329	2.6733528037	2.6749741368	2.6764988012	2.6779256028	2.6792340853	2.6804391536	2.6815179173	2.6824927311	2.6833701049	2.6841492188	2.6848293233	2.6854097381	2.6858668631	2.6862277133	2.6864921644	2.6866598277	2.6867303775	2.6867035513	2.6865791498	2.6863570374	2.6860371422	2.6856194575	2.6850880936	2.6844437843	2.6836970952	2.6828483054	2.6818977683	2.6808459136	2.6796612435	2.6783674281	2.6769461021	2.6754176032	2.6737847046	2.6719982452	2.6700817735	2.6680606789	2.6659026701	2.6636029774	2.6611869863	2.6586327622	2.6559332206	2.6531138234	2.6501510249	2.6470506308	2.6438172993	2.6404402022	2.6369521994	2.6332863434	2.6295104614	2.6255907603	2.6215555468	2.6173602709	2.6130550886	2.6086064741	2.6040414706	2.5993448342	2.5945321989	2.5895940468	2.5845358955	2.5793748622	2.5740838174	2.5686981649	2.5632014973	2.5576002421	2.5519112055	2.5461141556	2.5402313686	2.5342664940	2.5282091237	2.5220768566	2.5158705032	2.5095897951	2.5032431063	2.4968342465	2.4903653736	2.4838406354	2.4772678945	2.4706461349	2.4639805752	2.4572784733	2.4505409223	2.4437725660	2.4369774958	2.4301599800	2.4233224421	2.4164693922	2.4096047275	2.4027314422	2.3958532615	2.3889737434	2.3820952374	2.3752214682	2.3683568335	2.3615022225	2.3546610568	2.3478362959	2.3410318567	2.3342474388	2.3274869195	2.3207554382	2.3140513203	2.3073772199	2.3007359309	2.2941315336	2.2875609973	2.2810282864	2.2745401830	2.2680904573	2.2616832492	2.2553212190	2.2490051978	2.2427333267	2.2365109874	2.2303389567	2.2242119754	2.2181386974	2.2121184694	2.2061448892	2.2002274679	2.1943638847	2.1885511351	2.1827951896	2.1770926836	1.8836037106	1.8836037106	1.8836037106	1.8836037106	1.8836037106	1.8836037106	1.8836037106	1.8836037106	1.8836037106	1.8836037106	1.8836037106	1.8836037106	1.8836037106	1.8836037106
1.8836037106	1.8836037106	1.8836037106	1.8836037106	1.8836037106	1.8836037106	1.8836037106	1.8836037106	1.8836037106	1.8836037106	1.8836037106	1.8836037106	1.8836037106	2.1726477638	2.1762030528	2.1797973162	2.1834497479	2.1871555876	2.1909132863	2.1947320804	2.1986004436	2.2025264977	2.2065029114	2.2105405157	2.2146299279	2.2187754477	2.2229768876	2.2272334200	2.2315459855	2.2359114532	2.2403366478	2.2448139633	2.2493480884	2.2539338367	2.2585788715	2.2632738986	2.2680267422	2.2728308558	2.2776887346	2.2825983563	2.2875602689	2.2925744469	2.2976369923	2.3027527805	2.3079149306	2.3131267358	2.3183835719	2.3236886057	2.3290368821	2.3344296436	2.3398655297	2.3453401211	2.3508577503	2.3564108172	2.3620016086	2.3676266993	2.3732845895	2.3789740119	2.3846918667	2.3904371387	2.3962070278	2.4019996541	2.4078125814	2.4136433151	2.4194894360	2.4253480174	2.4312170819	2.4370928272	2.4429734727	2.4488552867	2.4547346913	2.4606111405	2.4664779504	2.4723337980	2.4781766728	2.4839988673	2.4898027220	2.4955802987	2.5013273951	2.5070477037	2.5127260235	2.5183686747	2.5239698649	2.5295179326	2.5350252902	2.5404679064	2.5458582003	2.5511892692	2.5564471365	2.5616448203	2.5667629188	2.5718101085	2.5767760514	2.5816593559	2.5864595765	2.5911629804	2.5957897343	2.6002981617	2.6047248904	2.6090406700	2.6132640841	2.6173688499	2.6213841627	2.6252635204	2.6290482662	2.6327086632	2.6362722198	2.6396921070	2.6430099927	2.6462069272	2.6492730078	2.6522360488	2.6550566857	2.6577700508	2.6603690096	2.6628190815	2.6651765802	2.6673956968	2.6694927501	2.6714855911	2.6733758794	2.6751000400	2.6767282869	2.6782589816	2.6796650604	2.6809646938	2.6821374883	2.6832142978	2.6841941638	2.6850761984	2.6858380660	2.6864888396	2.6870444025	2.6875041761	2.6878649719	2.6881280241	2.6882952711	2.6883663927	2.6883411301	2.6882192853	2.6880007224	2.6876853672	2.6872676381	2.6867516392	2.6861376640	2.6854259024	2.6845757841	2.6836230289	2.6825685412	2.6814128230	2.6801395789	2.6787389164	2.6772162851	2.6755797148	2.6738389912	2.6719429733	2.6699152603	2.6677800244	2.6655097904	2.6630887634	2.6605609530	2.6578757476	2.6550588540	2.6521209017	2.6490222145	2.6458096279	2.6424392671	2.6389404740	2.6353057831	2.6315290175	2.6276242053	2.6235760472	2.6193994239	2.6150896949	2.6106507126	2.6060871451	2.6013867726	2.5965787895	2.5916290350	2.5865757462	2.5813998507	2.5761119408	2.5707176451	2.5652114541	2.5596076908	2.5539034458	2.5480991697	2.5422090192	2.5362277114	2.5301596375	2.5240179439	2.5177943890	2.5114979987	2.5051384499	2.4987114605	2.4922242481	2.4856837889	2.4790912518	2.4724504791	2.4657672616	2.4590465790	2.4522878279	2.4454986206	2.4386832683	2.4318439352	2.4249850311	2.4181105539	2.4112239241	2.4043283397	2.3974280189	2.3905257920	2.3836248792	2.3767288878	2.3698410513	2.3629629757	2.3560993138	2.3492526076	2.3424245901	2.3356173591	2.3288351827	2.3220807713	2.3153531093	2.3086571484	2.3019949489	2.2953673051	2.2887749083	2.2822223571	2.2757114842	2.2692390776	2.2628112244	2.2564298150	2.2500917471	2.2438008829	2.2375589924	2.2313655596	2.2252192092	2.2191282554	2.2130873827	2.2070933841	2.2011599143	2.1952773874	2.1894457120	2.1836734403	2.1779536150	1.8836037106	1.8836037106	1.8836037106	1.8836037106	1.8836037106	1.8836037106	1.8836037106	1.8836037106	1.8836037106	1.8836037106	1.8836037106	1.8836037106	1.8836037106	1.8836037106
1.8836037106	1.8836037106	1.8836037106	1.8836037106	1.8836037106	1.8836037106	1.8836037106	1.8836037106	1.8836037106	1.8836037106	1.8836037106	1.8836037106	1.8836037106	2.1731499445	2.1767144960	2.1803182012	2.1839830952	2.1876997977	2.1914702991	2.1952994206	2.1991800834	2.2031182554	2.2071055799	2.2111575094	2.2152595398	2.2194186809	2.2236318892	2.2279029926	2.2322289780	2.2366097469	2.2410475988	2.2455397412	2.2500883733	2.2546907672	2.2593494092	2.2640615342	2.2688284426	2.2736494453	2.2785231494	2.2834500989	2.2884275463	2.2934595619	2.2985375931	2.3036721338	2.3088514338	2.3140811563	2.3193567075	2.3246792249	2.3300467373	2.3354572700	2.3409123422	2.3464055645	2.3519422236	2.3575148727	2.3631243899	2.3687696654	2.3744466372	2.3801560473	2.3858937056	2.3916587067	2.3974487679	2.4032612200	2.4090941840	2.4149448036	2.4208109320	2.4266893714	2.4325781426	2.4384740400	2.4443736857	2.4502752416	2.4561743605	2.4620690758	2.4679556741	2.4738298195	2.4796907160	2.4855325223	2.4913522508	2.4971479587	2.5029130929	2.5086477732	2.5143453139	2.5200017189	2.5256178243	2.5311833209	2.5367001577	2.5421623073	2.5475619919	2.5529083630	2.5581777151	2.5633851105	2.5685178368	2.5735694331	2.5785499687	2.5834350539	2.5882426179	2.5929545928	2.5975805053	2.6021020232	2.6065303053	2.6108528045	2.6150708246	2.6191831478	2.6231876242	2.6270788101	2.6308587439	2.6345179215	2.6380715904	2.6414898166	2.6448050342	2.6479862318	2.6510656369	2.6540021807	2.6568231436	2.6595386074	2.6621013724	2.6645622616	2.6668970328	2.6691044450	2.6712010325	2.6732027900	2.6750296973	2.6767607109	2.6783924599	2.6799011097	2.6812933959	2.6825670308	2.6837453323	2.6848272721	2.6857926913	2.6866360615	2.6873852255	2.6880344405	2.6885854614	2.6890416768	2.6894025836	2.6896677413	2.6898367707	2.6899091857	2.6898852291	2.6897642003	2.6895461277	2.6892309336	2.6888186028	2.6883091833	2.6877027890	2.6869902172	2.6861793406	2.6852634670	2.6842065277	2.6830479589	2.6817883361	2.6804203189	2.6789129573	2.6772853803	2.6755409085	2.6736928114	2.6716790960	2.6695408243	2.6672880740	2.6648975743	2.6623614871	2.6597169007	2.6569008107	2.6539654971	2.6508974969	2.6476739505	2.6443269825	2.6408307663	2.6372204917	2.6334367286	2.6295387371	2.6254960661	2.6213357800	2.6170178017	2.6125904089	2.6080155488	2.6033249867	2.5985058018	2.5935644776	2.5885051545	2.5833245069	2.5780378673	2.5726334059	2.5671229559	2.5615123766	2.5557957412	2.5499868600	2.5440838460	2.5380898404	2.5320138056	2.5258561516	2.5196193660	2.5133122935	2.5069379834	2.5004934552	2.4939916937	2.4874359564	2.4808243664	2.4741659748	2.4674652678	2.4607247652	2.4539473055	2.4471395483	2.4403048416	2.4334447736	2.4265655247	2.4196705648	2.4127629763	2.4058464713	2.3989248919	2.3920010697	2.3850789984	2.3781616618	2.3712517423	2.3643515867	2.3574668915	2.3505986698	2.3437482921	2.3369203845	2.3301170481	2.3233402587	2.3165901955	2.3098737389	2.3031913379	2.2965416178	2.2899296681	2.2833569769	2.2768244228	2.2703304415	2.2638844961	2.2574831421	2.2511240662	2.2448151346	2.2385546473	2.2323414230	2.2261780868	2.2200683201	2.2140078144	2.2079970056	2.2020466240	2.1961451420	2.1902954748	2.1845087635	2.1787711520	2.1730819525	1.8836037106	1.8836037106	1.8836037106	1.8836037106	1.8836037106	1.8836037106	1.8836037106	1.8836037106	1.8836037106	1.8836037106	1.8836037106	1.8836037106	1.8836037106
1.8836037106	1.8836037106	1.8836037106	1.8836037106	1.8836037106	1.8836037106	1.8836037106	1.8836037106	1.8836037106	1.8836037106	1.8836037106	1.8836037106	1.8836037106	2.1736252776	2.1771984834	2.1808131887	2.1844882124	2.1882149357	2.1919975552	2.1958364581	2.1997287727	2.2036784253	2.2076770360	2.2117416488	2.2158555734	2.2200276197	2.2242519793	2.2285372377	2.2328757183	2.2372708554	2.2417207021	2.2462279526	2.2507892729	2.2554074390	2.2600795283	2.2648073283	2.2695875429	2.2744249631	2.2793132536	2.2842566249	2.2892500783	2.2942977185	2.2993920189	2.3045427435	2.3097383556	2.3149850069	2.3202782984	2.3256176503	2.3310031381	2.3364313659	2.3419037810	2.3474158114	2.3529693697	2.3585610243	2.3641878992	2.3698523180	2.3755477351	2.3812757055	2.3870324402	2.3928158563	2.3986250486	2.4044563084	2.4103082729	2.4161777389	2.4220628610	2.4279601372	2.4338675641	2.4397825885	2.4457002882	2.4516205733	2.4575383960	2.4634503093	2.4693557253	2.4752473250	2.4811253219	2.4869854965	2.4928205364	2.4986334522	2.5044157066	2.5101639101	2.5158785839	2.5215492844	2.5271787591	2.5327603954	2.5382874439	2.5437632246	2.5491767458	2.5545300291	2.5598156893	2.5650290629	2.5701749100	2.5752343768	2.5802239914	2.5851181373	2.5899300984	2.5946528075	2.5992741959	2.6038054547	2.6082310424	2.6125662367	2.6167774501	2.6208998528	2.6248928528	2.6287887159	2.6325594782	2.6362330252	2.6397632876	2.6431907096	2.6464949207	2.6496729551	2.6527383766	2.6556675352	2.6584902990	2.6611810785	2.6637435580	2.6661966281	2.6685160514	2.6707149227	2.6728203035	2.6747636692	2.6765964986	2.6783320883	2.6799423875	2.6814326831	2.6828064426	2.6840856075	2.6852690791	2.6863102120	2.6872512569	2.6880926871	2.6888350842	2.6894835520	2.6900353241	2.6904870536	2.6908446412	2.6911076574	2.6912757321	2.6913485535	2.6913258670	2.6912074755	2.6909932393	2.6906830775	2.6902769695	2.6897730240	2.6891658603	2.6884615727	2.6876602285	2.6867499830	2.6857422160	2.6845976255	2.6833349714	2.6819715314	2.6805026458	2.6788888690	2.6771528333	2.6753007718	2.6733458960	2.6712064836	2.6689584871	2.6665858178	2.6640683611	2.6614216403	2.6586387881	2.6557050583	2.6526506386	2.6494413600	2.6461075584	2.6426219367	2.6390015581	2.6352452698	2.6313471309	2.6273162611	2.6231476364	2.6188435401	2.6144103216	2.6098436387	2.6051563053	2.6003316868	2.5953991833	2.5903291463	2.5851489428	2.5798598191	2.5744444642	2.5689348482	2.5633127051	2.5575882097	2.5517761008	2.5458585418	2.5398547961	2.5337704004	2.5275977841	2.5213490198	2.5150291671	2.5086383582	2.5021813329	2.4956664916	2.4890939065	2.4824654118	2.4757916572	2.4690737344	2.4623145162	2.4555198120	2.4486941760	2.4418403761	2.4349612544	2.4280630692	2.4211485436	2.4142211324	2.4072848525	2.4003430913	2.3933987807	2.3864567480	2.3795190489	2.3725885144	2.3656685504	2.3587631776	2.3518738040	2.3450022185	2.3381546990	2.3313312936	2.3245335073	2.3177639817	2.3110279189	2.3043245226	2.2976538697	2.2910233778	2.2844315892	2.2778787902	2.2713672732	2.2649020975	2.2584806782	2.2521016867	2.2457758165	2.2394975069	2.2332658010	2.2270860813	2.2209584811	2.2148803360	2.2088545976	2.2028862128	2.1969667741	2.1911033057	2.1852996391	2.1795450619	2.1738431482	1.8836037106	1.8836037106	1.8836037106	1.8836037106	1.8836037106	1.8836037106	1.8836037106	1.8836037106	1.8836037106	1.8836037106	1.8836037106	1.8836037106	1.8836037106
1.8836037106	1.8836037106	1.8836037106	1.8836037106	1.8836037106	1.8836037106	1.8836037106	1.8836037106	1.8836037106	1.8836037106	1.8836037106	1.8836037106	1.8836037106	2.1740747210	2.1776549073	2.1812800509	2.1849646325	2.1887008023	2.1924948526	2.1963429876	2.2002463005	2.2042067907	2.2082179635	2.2122926403	2.2164177933	2.2206020216	2.2248372536	2.2291358667	2.2334858072	2.2378945082	2.2423561821	2.2468774408	2.2514504947	2.2560835512	2.2607689754	2.2655109377	2.2703037175	2.2751568482	2.2800587036	2.2850175813	2.2900261493	2.2950885449	2.3001994207	2.3053642182	2.3105767278	2.3158378753	2.3211482451	2.3265031739	2.3319056394	2.3373505810	2.3428394135	2.3483691741	2.3539392747	2.3595483051	2.3651928447	2.3708740822	2.3765875182	2.3823324324	2.3881072543	2.3939082668	2.3997352764	2.4055844491	2.4114542282	2.4173414950	2.4232443851	2.4291596552	2.4350843810	2.4410178162	2.4469525810	2.4528897649	2.4588260713	2.4647540121	2.4706765896	2.4765855477	2.4824783380	2.4883572512	2.4942067706	2.5000340454	2.5058343988	2.5115947902	2.5173252069	2.5230104923	2.5286508421	2.5342494868	2.5397862326	2.5452748088	2.5507015214	2.5560610688	2.5613597550	2.5665814835	2.5717336517	2.5768056349	2.5817958028	2.5867040175	2.5915166948	2.5962544150	2.6008724184	2.6054117511	2.6098372706	2.6141680547	2.6183879733	2.6225077244	2.6265033811	2.6303953553	2.6341654176	2.6378330897	2.6413596954	2.6447851750	2.6480757867	2.6512660414	2.6543082907	2.6572376948	2.6600599384	2.6627220712	2.6652945357	2.6677242943	2.6700283945	2.6722358907	2.6743027736	2.6762363327	2.6780755365	2.6797893001	2.6813828225	2.6828558656	2.6842351413	2.6855144781	2.6866450712	2.6876831786	2.6886151926	2.6894544167	2.6901954515	2.6908368671	2.6913848928	2.6918389825	2.6921914773	2.6924388600	2.6925973035	2.6926665192	2.6926462700	2.6925363704	2.6923366869	2.6920441367	2.6916379456	2.6911355605	2.6905370791	2.6898417917	2.6890393179	2.6881399535	2.6871367079	2.6860295603	2.6847953910	2.6834287744	2.6819617335	2.6803859981	2.6786662281	2.6768183545	2.6748591588	2.6727796077	2.6705252867	2.6681685509	2.6656737177	2.6630260164	2.6602700075	2.6573445483	2.6542930942	2.6511107342	2.6477667717	2.6443002967	2.6406831048	2.6369533846	2.6330433006	2.6290218909	2.6248539193	2.6205639256	2.6161260467	2.6115702740	2.6068752199	2.6020555274	2.5971183231	2.5920462770	2.5868673391	2.5815665966	2.5761545232	2.5706362422	2.5650066795	2.5592804388	2.5534557952	2.5475303272	2.5415215298	2.5354249674	2.5292395755	2.5229823369	2.5166501031	2.5102438093	2.5037751196	2.4972446978	2.4906563659	2.4840146090	2.4773266078	2.4705917122	2.4638152529	2.4570044736	2.4501609570	2.4432891681	2.4363928560	2.4294768519	2.4225438288	2.4155976745	2.4086427044	2.4016819639	2.3947188892	2.3877575972	2.3808003437	2.3738503859	2.3669116404	2.3599867264	2.3530773643	2.3461862718	2.3393202799	2.3324773164	2.3256601443	2.3188725198	2.3121171876	2.3053939560	2.2987035273	2.2920559481	2.2854456858	2.2788742402	2.2723457915	2.2658623373	2.2594219653	2.2530256060	2.2466838528	2.2403871483	2.2341379866	2.2279427915	2.2217983483	2.2157042218	2.2096637034	2.2036783191	2.1977435352	2.1918659873	2.1860457536	2.1802751580	2.1745626442	1.8836037106	1.8836037106	1.8836037106	1.8836037106	1.8836037106	1.8836037106	1.8836037106	1.8836037106	1.8836037106	1.8836037106	1.8836037106	1.8836037106	1.8836037106
1.8836037106	1.8836037106	1.8836037106	1.8836037106	1.8836037106	1.8836037106	1.8836037106	1.8836037106	1.8836037106	1.8836037106	1.8836037106	1.8836037106	1.8836037106	2.1744967068	2.1780836183	2.1817186140	2.1854121733	2.1891572119	2.1929620014	2.1968188149	2.2007326757	2.2047031460	2.2087261276	2.2128102668	2.2169459760	2.2211416570	2.2253889420	2.2296982800	2.2340589958	2.2384804493	2.2429543993	2.2474876737	2.2520717617	2.2567188409	2.2614167823	2.2661720617	2.2709786334	2.2758445620	2.2807591746	2.2857326342	2.2907554165	2.2958317065	2.3009581533	2.3061362235	2.3113645889	2.3166393721	2.3219659324	2.3273353854	2.3327538203	2.3382144838	2.3437187836	2.3492651990	2.3548510436	2.3604762388	2.3661373968	2.3718345675	2.3775648470	2.3833262193	2.3891175441	2.3949354279	2.4007788916	2.4066449186	2.4125313644	2.4184354814	2.4243548406	2.4302871730	2.4362283069	2.4421776460	2.4481298988	2.4540826395	2.4600352766	2.4659797257	2.4719168301	2.4778429969	2.4837504792	2.4896425829	2.4955101869	2.5013498821	2.5071647038	2.5129402494	2.5186811484	2.5243835065	2.5300342131	2.5356441474	2.5411956559	2.5466909880	2.5521354264	2.5575001449	2.5628100494	2.5680414512	2.5731982923	2.5782820785	2.5832740677	2.5881887391	2.5930089013	2.5977429764	2.6023755366	2.6069114081	2.6113480046	2.6156734188	2.6198989043	2.6240084921	2.6280162612	2.6318972129	2.6356759468	2.6393233594	2.6428611408	2.6462767982	2.6495627432	2.6527378888	2.6557753313	2.6587068036	2.6614996732	2.6641714899	2.6667238977	2.6691428476	2.6714508125	2.6736480851	2.6756811115	2.6776205377	2.6794425050	2.6811443236	2.6827156834	2.6841941929	2.6855707365	2.6867972828	2.6879285903	2.6889564863	2.6898921170	2.6907217853	2.6914589676	2.6921022122	2.6926164215	2.6930426364	2.6933804116	2.6936293574	2.6937891371	2.6938594651	2.6938401055	2.6937308714	2.6935316262	2.6932422838	2.6928628116	2.6923932327	2.6918155730	2.6911202964	2.6903290269	2.6894349193	2.6884372556	2.6873386231	2.6861321569	2.6847991356	2.6833288081	2.6817585142	2.6800700715	2.6782448702	2.6762819205	2.6742161916	2.6719989624	2.6696359385	2.6671580530	2.6645351051	2.6617714618	2.6588791253	2.6558280734	2.6526562343	2.6493274958	2.6458755037	2.6422640381	2.6385250159	2.6346387866	2.6306205439	2.6264589057	2.6221740727	2.6177359166	2.6131821738	2.6084856242	2.6036712454	2.5987267783	2.5936613767	2.5884770148	2.5831719230	2.5777605045	2.5722333913	2.5665999042	2.5608676134	2.5550323659	2.5491026177	2.5430837023	2.5369752689	2.5307834205	2.5245167555	2.5181700640	2.5117529681	2.5052738914	2.4987287935	2.4921256298	2.4854711256	2.4787671344	2.4720169266	2.4652262138	2.4584004621	2.4515401091	2.4446513822	2.4377388509	2.4308056619	2.4238552349	2.4168918418	2.4099193005	2.4029407358	2.3959599722	2.3889805362	2.3820048778	2.3750366389	2.3680802834	2.3611369114	2.3542095311	2.3473010780	2.3404163352	2.3335545453	2.3267191318	2.3199144760	2.3131410131	2.3063994989	2.2996926845	2.2930274067	2.2863987855	2.2798097976	2.2732654189	2.2667647697	2.2603075034	2.2538963509	2.2475371771	2.2412231705	2.2349575899	2.2287484226	2.2225875521	2.2164783937	2.2104239726	2.2044226016	2.1984741630	2.1925826079	2.1867467989	2.1809640893	2.1752384897	1.8836037106	1.8836037106	1.8836037106	1.8836037106	1.8836037106	1.8836037106	1.8836037106	1.8836037106	1.8836037106	1.8836037106	1.8836037106	1.8836037106	1.8836037106
1.8836037106	1.8836037106	1.8836037106	1.8836037106	1.8836037106	1.8836037106	1.8836037106	1.8836037106	1.8836037106	1.8836037106	1.8836037106	1.8836037106	1.8836037106	2.1748911090	2.1784844580	2.1821287091	2.1858306634	2.1895839907	2.1933988233	2.1972638648	2.2011883835	2.2051672976	2.2092013287	2.2132943232	2.2174399110	2.2216463093	2.2259048731	2.2302242485	2.2345950491	2.2390284368	2.2435138758	2.2480583962	2.2526528124	2.2573130211	2.2620226725	2.2667904166	2.2716100903	2.2764878056	2.2814155195	2.2864014689	2.2914375568	2.2965268614	2.3016678759	2.3068592818	2.3121015805	2.3173902470	2.3227308473	2.3281146071	2.3335472848	2.3390229961	2.3445414501	2.3501034590	2.3557040457	2.3613443771	2.3670210961	2.3727333522	2.3784792397	2.3842560848	2.3900628134	2.3958964890	2.4017554652	2.4076371760	2.4135391966	2.4194590810	2.4253939187	2.4313417111	2.4372987388	2.4432629259	2.4492308926	2.4551989301	2.4611659511	2.4671263794	2.4730775025	2.4790178885	2.4849409755	2.4908455045	2.4967275653	2.5025813987	2.5084076471	2.5141983202	2.5199502571	2.5256638379	2.5313289497	2.5369466303	2.5425118585	2.5480165711	2.5534675016	2.5588471972	2.5641604850	2.5694077540	2.5745665828	2.5796625530	2.5846578940	2.5895781430	2.5944058122	2.5991364904	2.6037764083	2.6083113783	2.6127555747	2.6170777737	2.6213130316	2.6254135046	2.6294182105	2.6332988827	2.6370870145	2.6407178048	2.6442537907	2.6476579007	2.6509548557	2.6541100817	2.6571484340	2.6600785033	2.6628475525	2.6655248615	2.6680599460	2.6704665961	2.6727824147	2.6749314396	2.6769702823	2.6789029089	2.6807179368	2.6823865195	2.6839632600	2.6854453694	2.6867670863	2.6879934116	2.6891165818	2.6901442460	2.6910687455	2.6919013222	2.6926049194	2.6932089387	2.6937252338	2.6941533105	2.6944927319	2.6947431151	2.6949041285	2.6949754900	2.6949569647	2.6948483651	2.6946495514	2.6943604323	2.6939809675	2.6935111704	2.6929511128	2.6923009291	2.6915235272	2.6906352535	2.6896474949	2.6885515397	2.6873550631	2.6860494596	2.6846084136	2.6830347580	2.6813616927	2.6795548199	2.6776130881	2.6755436120	2.6733722626	2.6710096969	2.6685391557	2.6659355237	2.6631771718	2.6603059108	2.6572641758	2.6540942629	2.6507887357	2.6473274941	2.6437360188	2.6399963868	2.6361325744	2.6321060175	2.6279602784	2.6236650742	2.6192411426	2.6146835052	2.6099933326	2.6051812489	2.6002318733	2.5951734423	2.5899810954	2.5846748074	2.5792639854	2.5737257679	2.5680914073	2.5623534339	2.5565076382	2.5505744659	2.5445451699	2.5384264925	2.5322277955	2.5259481770	2.5195913355	2.5131655960	2.5066752963	2.5001158285	2.4935008518	2.4868341598	2.4801150538	2.4733508559	2.4665467814	2.4597062300	2.4528301154	2.4459262645	2.4389984416	2.4320488982	2.4250824295	2.4181029597	2.4111139550	2.4041186906	2.3971213543	2.3901249305	2.3831324224	2.3761476054	2.3691740139	2.3622131416	2.3552689841	2.3483441685	2.3414418635	2.3345624415	2.3277099436	2.3208895231	2.3140988935	2.3073411314	2.3006187761	2.2939362462	2.2872904343	2.2806850199	2.2741258916	2.2676089742	2.2611364072	2.2547108843	2.2483354007	2.2420051956	2.2357263882	2.2295022858	2.2233257442	2.2172025125	2.2111351071	2.2051187396	2.1991575210	2.1932528611	2.1874028205	2.1816083987	2.1758704381	1.8836037106	1.8836037106	1.8836037106	1.8836037106	1.8836037106	1.8836037106	1.8836037106	1.8836037106	1.8836037106	1.8836037106	1.8836037106	1.8836037106	1.8836037106
1.8836037106	1.8836037106	1.8836037106	1.8836037106	1.8836037106	1.8836037106	1.8836037106	1.8836037106	1.8836037106	1.8836037106	1.8836037106	1.8836037106	1.8836037106	2.1752578013	2.1788572750	2.1825101775	2.1862199425	2.1899809760	2.1938051515	2.1976790478	2.2016122894	2.2055990639	2.2096433794	2.2137446173	2.2178996318	2.2221157751	2.2263848377	2.2307135572	2.2350937464	2.2395382436	2.2440343781	2.2485893683	2.2531955922	2.2578658323	2.2625863862	2.2673657352	2.2721976073	2.2770862974	2.2820269976	2.2870237888	2.2920727215	2.2971736894	2.3023282681	2.3075320923	2.3127873658	2.3180895856	2.3234426360	2.3288405584	2.3342856610	2.3397757543	2.3453070227	2.3508835540	2.3564978711	2.3621523000	2.3678435205	2.3735698198	2.3793302452	2.3851215029	2.3909425979	2.3967909664	2.4026643936	2.4085607150	2.4144772455	2.4204117351	2.4263610783	2.4323232751	2.4382950250	2.4442731345	2.4502555553	2.4562380354	2.4622184615	2.4681933329	2.4741579698	2.4801116091	2.4860489205	2.4919653525	2.4978607701	2.5037279014	2.5095648048	2.5153687069	2.5211318087	2.5268558548	2.5325335313	2.5381593037	2.5437352194	2.5492507841	2.5547072808	2.5600983343	2.5654178839	2.5706705502	2.5758406368	2.5809365059	2.5859464438	2.5908646636	2.5957065744	2.6004331658	2.6050798076	2.6096150277	2.6140559510	2.6183855270	2.6226146840	2.6267218873	2.6307237475	2.6346041653	2.6383750962	2.6420158561	2.6455506839	2.6489440410	2.6522358691	2.6553809977	2.6584201292	2.6613249951	2.6641027277	2.6667617674	2.6692850330	2.6716992567	2.6739892257	2.6761260857	2.6781706388	2.6800860867	2.6818692367	2.6835430783	2.6851247900	2.6865549442	2.6878779849	2.6890957103	2.6902174694	2.6912363491	2.6921589638	2.6929392648	2.6936327834	2.6942389111	2.6947571033	2.6951868755	2.6955277992	2.6957794981	2.6959416457	2.6960139625	2.6959962147	2.6958882142	2.6956898188	2.6954009332	2.6950215103	2.6945515544	2.6939911253	2.6933403445	2.6925994001	2.6917459054	2.6907605835	2.6896763807	2.6884822551	2.6871855881	2.6857811503	2.6842230223	2.6825465560	2.6807713380	2.6788404583	2.6767787267	2.6746034297	2.6722889570	2.6698126591	2.6672234302	2.6644862421	2.6616080438	2.6585947107	2.6554262313	2.6521364024	2.6486797059	2.6451016961	2.6413654364	2.6375111067	2.6334869956	2.6293436623	2.6250536040	2.6206408060	2.6160786448	2.6113973964	2.6065797191	2.6016329882	2.5965750740	2.5913760910	2.5860743183	2.5806523247	2.5751140736	2.5694793815	2.5637291978	2.5578809535	2.5519449811	2.5459035065	2.5397777686	2.5335723575	2.5272809792	2.5209146690	2.5144791760	2.5079756444	2.5014063343	2.4947812372	2.4881031795	2.4813697324	2.4745927417	2.4677753029	2.4609201645	2.4540306380	2.4471131063	2.4401710299	2.4332062439	2.4262248242	2.4192303515	2.4122259643	2.4052152975	2.3982024168	2.3911901843	2.3841821919	2.3771817645	2.3701920389	2.3632148617	2.3562550729	2.3493150124	2.3423963531	2.3355012142	2.3286338652	2.3217972841	2.3149903579	2.3082174604	2.3014806280	2.2947820293	2.2881202060	2.2815009121	2.2749271236	2.2683945560	2.2619077385	2.2554688311	2.2490781587	2.2427343988	2.2364425688	2.2302037319	2.2240125975	2.2178764162	2.2117968397	2.2057664320	2.1997933157	2.1938764595	2.1880134127	2.1822078166	2.1764582485	1.8836037106	1.8836037106	1.8836037106	1.8836037106	1.8836037106	1.8836037106	1.8836037106	1.8836037106	1.8836037106	1.8836037106	1.8836037106	1.8836037106	1.8836037106
1.8836037106	1.8836037106	1.8836037106	1.8836037106	1.8836037106	1.8836037106	1.8836037106	1.8836037106	1.8836037106	1.8836037106	1.8836037106	1.8836037106	1.8836037106	2.1755966588	2.1792019276	2.1828628726	2.1865798620	2.1903480166	2.1941808300	2.1980629168	2.2020042282	2.2059982755	2.2100521050	2.2141609699	2.2183258688	2.2225498648	2.2268286405	2.2311660057	2.2355563567	2.2400096577	2.2445156883	2.2490803661	2.2536976997	2.2583770379	2.2631076806	2.2678977680	2.2727409278	2.2776399007	2.2825924915	2.2875993168	2.2926605524	2.2977718985	2.3029390299	2.3081543474	2.3134216292	2.3187363928	2.3241009669	2.3295119973	2.3349686009	2.3404720058	2.3460153180	2.3516051096	2.3572325236	2.3628996154	2.3686044425	2.3743435591	2.3801174428	2.3859220431	2.3917564383	2.3976184093	2.4035052157	2.4094150644	2.4153450292	2.4212930419	2.4272558161	2.4332313508	2.4392167238	2.4452077352	2.4512035410	2.4571993961	2.4631921744	2.4691804850	2.4751576388	2.4811235537	2.4870740406	2.4930015001	2.4989092906	2.5047887407	2.5106351568	2.5164516755	2.5222251235	2.5279583781	2.5336481861	2.5392814611	2.5448672809	2.5503929021	2.5558544210	2.5612554223	2.5665814987	2.5718391724	2.5770183349	2.5821154773	2.5871324226	2.5920552894	2.5968996113	2.6016330473	2.6062814293	2.6108215490	2.6152594528	2.6195928641	2.6238140939	2.6279318518	2.6319224963	2.6358122422	2.6395672563	2.6432139443	2.6467352478	2.6501344075	2.6534094851	2.6565556748	2.6595970454	2.6624786486	2.6652644086	2.6679065283	2.6704188415	2.6728400586	2.6750889467	2.6772310062	2.6792610452	2.6811649382	2.6829346215	2.6846132958	2.6861615408	2.6875816129	2.6888943169	2.6901122154	2.6912248210	2.6922363257	2.6931052719	2.6938878900	2.6945835146	2.6951915482	2.6957114568	2.6961427656	2.6964617458	2.6966950959	2.6968456682	2.6969132064	2.6968974953	2.6967983605	2.6966156691	2.6963493302	2.6959838631	2.6955137954	2.6949530675	2.6943017870	2.6935601270	2.6927283332	2.6917867733	2.6907044653	2.6895211284	2.6882290701	2.6868299840	2.6853225798	2.6836430047	2.6818643835	2.6799653876	2.6779216237	2.6757428364	2.6734626607	2.6709913052	2.6684089822	2.6656906986	2.6628132321	2.6598261968	2.6566573587	2.6533683925	2.6499312734	2.6463562816	2.6426325916	2.6387704975	2.6347651887	2.6306240791	2.6263387792	2.6219320919	2.6173671033	2.6126910140	2.6078679835	2.6029279993	2.5978611656	2.5926671904	2.5873615038	2.5819350120	2.5763985340	2.5707549494	2.5650013437	2.5591517456	2.5532053100	2.5471581028	2.5410282847	2.5348162251	2.5285128510	2.5221392805	2.5156942349	2.5091789546	2.5026005209	2.4959651905	2.4892742801	2.4825297714	2.4757418753	2.4689120148	2.4620434032	2.4551414513	2.4482112456	2.4412557172	2.4342768983	2.4272817928	2.4202732975	2.4132547148	2.4062298944	2.3992025815	2.3921757088	2.3851533767	2.3781384935	2.3711338280	2.3641415532	2.3571676101	2.3502131138	2.3432793631	2.3363702638	2.3294886399	2.3226369795	2.3158149663	2.3090280564	2.3022778211	2.2955643553	2.2888892698	2.2822565529	2.2756682005	2.2691211469	2.2626211383	2.2561698411	2.2497651107	2.2434092239	2.2371049204	2.2308524466	2.2246478068	2.2185015148	2.2124087983	2.2063653980	2.2003812730	2.1944531352	2.1885780543	2.1827620913	2.1770016937	1.8836037106	1.8836037106	1.8836037106	1.8836037106	1.8836037106	1.8836037106	1.8836037106	1.8836037106	1.8836037106	1.8836037106	1.8836037106	1.8836037106	1.8836037106
1.8836037106	1.8836037106	1.8836037106	1.8836037106	1.8836037106	1.8836037106	1.8836037106	1.8836037106	1.8836037106	1.8836037106	1.8836037106	1.8836037106	1.8836037106	2.1759075684	2.1795182861	2.1831866587	2.1869102839	2.1906862398	2.1945257148	2.1984153234	2.2023640473	2.2063647757	2.2104273437	2.2145435336	2.2187171929	2.2229484028	2.2272361006	2.2315814082	2.2359814148	2.2404424827	2.2449576045	2.2495311822	2.2541587217	2.2588464190	2.2635871116	2.2683862837	2.2732398138	2.2781485129	2.2831117499	2.2881277953	2.2932003347	2.2983212173	2.3034998824	2.3087257611	2.3140040772	2.3193303673	2.3247058584	2.3301286071	2.3355966390	2.3411114180	2.3466669709	2.3522677771	2.3579075701	2.3635859577	2.3693032900	2.3750541875	2.3808404407	2.3866574811	2.3925039249	2.3983783990	2.4042775036	2.4101997868	2.4161420859	2.4221025447	2.4280776657	2.4340653635	2.4400633588	2.4460662318	2.4520742960	2.4580824949	2.4640864438	2.4700872980	2.4760759611	2.4820522200	2.4880157660	2.4939533675	2.4998709847	2.5057633156	2.5116183191	2.5174450700	2.5232295701	2.5289698731	2.5346722636	2.5403124442	2.5459048755	2.5514422491	2.5569077846	2.5623185480	2.5676506328	2.5729124527	2.5781000272	2.5831987542	2.5882206846	2.5931492944	2.5979912020	2.6027348285	2.6073785793	2.6119301942	2.6163611098	2.6207018843	2.6249162259	2.6290318418	2.6330225289	2.6369223533	2.6406620306	2.6443076830	2.6478201776	2.6512282481	2.6544870976	2.6576324816	2.6606588522	2.6635387363	2.6663113326	2.6689433502	2.6714606615	2.6738607331	2.6760990789	2.6782457998	2.6802619642	2.6821391027	2.6839134433	2.6855877835	2.6871009777	2.6885130601	2.6898279334	2.6910345891	2.6921461193	2.6931031509	2.6939743792	2.6947590784	2.6954565939	2.6960663393	2.6965565420	2.6969557907	2.6972727625	2.6975071202	2.6976585680	2.6977268502	2.6977117512	2.6976130958	2.6974307501	2.6971646210	2.6968146578	2.6963808532	2.6958364155	2.6951847189	2.6944424528	2.6936098462	2.6926872069	2.6916456771	2.6904665549	2.6891815059	2.6877918737	2.6862882652	2.6846503690	2.6828686536	2.6809886756	2.6789573053	2.6767888587	2.6745052348	2.6720743480	2.6694868923	2.6667805347	2.6639207063	2.6609306996	2.6577852263	2.6544995991	2.6510813939	2.6474988438	2.6437883654	2.6399277906	2.6359397791	2.6317923682	2.6275197799	2.6231036348	2.6185510656	2.6138701043	2.6090517984	2.6041133339	2.5990429673	2.5938535845	2.5885436266	2.5831136561	2.5775773765	2.5719270299	2.5661702685	2.5603159589	2.5543614770	2.5483108661	2.5421756033	2.5359523524	2.5296439947	2.5232644423	2.5168106066	2.5102843344	2.5036976894	2.4970513870	2.4903493976	2.4835955267	2.4767975983	2.4699563124	2.4630752785	2.4561619293	2.4492193564	2.4422511260	2.4352602954	2.4282527540	2.4212313644	2.4141997287	2.4071618944	2.4001213117	2.3930809787	2.3860454626	2.3790172889	2.3719990469	2.3649938200	2.3580063529	2.3510380127	2.3440903895	2.3371684572	2.3302737115	2.3234081908	2.3165723107	2.3097726399	2.3030099665	2.2962828543	2.2895956731	2.2829505080	2.2763487712	2.2697884051	2.2632762735	2.2568136161	2.2503959407	2.2440289093	2.2377131431	2.2314481386	2.2252329781	2.2190755048	2.2129707148	2.2069153772	2.2009218003	2.1949826403	2.1890965033	2.1832709893	2.1775005594	1.8836037106	1.8836037106	1.8836037106	1.8836037106	1.8836037106	1.8836037106	1.8836037106	1.8836037106	1.8836037106	1.8836037106	1.8836037106	1.8836037106	1.8836037106
1.8836037106	1.8836037106	1.8836037106	1.8836037106	1.8836037106	1.8836037106	1.8836037106	1.8836037106	1.8836037106	1.8836037106	1.8836037106	1.8836037106	2.1726146023	2.1761904617	2.1798062419	2.1834814109	2.1872112464	2.1909944402	2.1948396727	2.1987361311	2.2026916062	2.2066984202	2.2107689469	2.2148921929	2.2190734467	2.2233112276	2.2276070519	2.2319598215	2.2363683950	2.2408365382	2.2453599410	2.2499416258	2.2545784616	2.2592737740	2.2640240357	2.2688310696	2.2736940466	2.2786116063	2.2835845420	2.2886099416	2.2936918248	2.2988213963	2.3040105691	2.3092460701	2.3145344397	2.3198712315	2.3252566975	2.3306900956	2.3361686172	2.3416936841	2.3472603904	2.3528712341	2.3585223072	2.3642110585	2.3699397167	2.3757018871	2.3814988763	2.3873273068	2.3931846787	2.3990705478	2.4049809320	2.4109144773	2.4168680170	2.4228397877	2.4288261962	2.4348248398	2.4408344813	2.4468481668	2.4528667128	2.4588868563	2.4649009889	2.4709119580	2.4769124331	2.4828981232	2.4888717973	2.4948204230	2.5007464853	2.5066497097	2.5125139100	2.5183478333	2.5241445694	2.5298913030	2.5355998222	2.5412516474	2.5468487948	2.5523966479	2.5578674068	2.5632821964	2.5686246424	2.5738878531	2.5790854972	2.5841856770	2.5892121581	2.5941460087	2.5989857246	2.6037340111	2.6083781810	2.6129312868	2.6173643206	2.6217116891	2.6259203892	2.6300340580	2.6340247876	2.6379122087	2.6416592125	2.6453042138	2.6488086828	2.6522100694	2.6554630451	2.6586105267	2.6616177984	2.6645045896	2.6672633488	2.6698864857	2.6724098419	2.6747759504	2.6770188393	2.6791528304	2.6811579770	2.6830265548	2.6848051127	2.6864399434	2.6879528129	2.6893603382	2.6906662832	2.6918746672	2.6929332917	2.6938925493	2.6947658127	2.6955523660	2.6962463058	2.6968103285	2.6972927509	2.6976931529	2.6980111587	2.6982365361	2.6983801344	2.6984451779	2.6984314626	2.6983388232	2.6981671329	2.6979069168	2.6975570270	2.6971231700	2.6966053794	2.6959886751	2.6952458969	2.6944125978	2.6934890681	2.6924756844	2.6913223667	2.6900467185	2.6886574999	2.6871637816	2.6855606799	2.6837835351	2.6819005168	2.6798955322	2.6777418503	2.6754551035	2.6730611040	2.6704689861	2.6677735071	2.6649297595	2.6619341672	2.6588103355	2.6555241555	2.6521166167	2.6485398949	2.6448395266	2.6409812898	2.6370086619	2.6328545276	2.6285872883	2.6241710839	2.6196268141	2.6149444199	2.6101304131	2.6051933268	2.6001190673	2.5949345282	2.5896199369	2.5841875224	2.5786514147	2.5729941956	2.5672352522	2.5613766405	2.5554148180	2.5493610959	2.5432181927	2.5369874049	2.5306744963	2.5242889001	2.5178245990	2.5112909923	2.5046971948	2.4980408859	2.4913287928	2.4845663821	2.4777587291	2.4709062901	2.4640150086	2.4570914952	2.4501375239	2.4431578344	2.4361560517	2.4291371719	2.4221040266	2.4150604912	2.4080107926	2.4009581342	2.3939057683	2.3868582161	2.3798176872	2.3727871601	2.3657700556	2.3587702432	2.3517892853	2.3448290187	2.3378953897	2.3309886847	2.3241105326	2.3172628291	2.3104518579	2.3036767060	2.2969371584	2.2902389542	2.2835824452	2.2769685124	2.2703961087	2.2638743587	2.2573998305	2.2509703582	2.2445931716	2.2382669610	2.2319907945	2.2257661542	2.2195981320	2.2134823421	2.2074161300	2.2014145204	2.1954647463	2.1895685372	2.1837344248	2.1779546486	1.8836037106	1.8836037106	1.8836037106	1.8836037106	1.8836037106	1.8836037106	1.8836037106	1.8836037106	1.8836037106	1.8836037106	1.8836037106	1.8836037106	1.8836037106
1.8836037106	1.8836037106	1.8836037106	1.8836037106	1.8836037106	1.8836037106	1.8836037106	1.8836037106	1.8836037106	1.8836037106	1.8836037106	1.8836037106	2.1728648320	2.1764453036	2.1800657039	2.1837471610	2.1874825453	2.1912721612	2.1951225826	2.1990252155	2.2029867770	2.2069990777	2.2110768019	2.2152063864	2.2193944869	2.2236381924	2.2279413428	2.2323009351	2.2367171373	2.2411916600	2.2457226185	2.2503115233	2.2549567406	2.2596589196	2.2644178089	2.2692319321	2.2741035764	2.2790289764	2.2840106573	2.2890445861	2.2941348009	2.2992733993	2.3044708560	2.3097150469	2.3150124702	2.3203587326	2.3257531944	2.3311961964	2.3366841783	2.3422185237	2.3477952891	2.3534153473	2.3590764331	2.3647752011	2.3705134059	2.3762858017	2.3820924177	2.3879311222	2.3937985520	2.3996945001	2.4056150765	2.4115587644	2.4175224444	2.4235041915	2.4295010119	2.4355095307	2.4415290822	2.4475531202	2.4535811239	2.4596114664	2.4656353654	2.4716551917	2.4776662256	2.4836607949	2.4896425375	2.4956021111	2.5015358658	2.5074465786	2.5133214203	2.5191618183	2.5249659886	2.5307221343	2.5364357530	2.5420971531	2.5476999277	2.5532518005	2.5587327149	2.5641498761	2.5695018735	2.5747674123	2.5799693889	2.5850756418	2.5901026160	2.5950448177	2.5998821012	2.6046350595	2.6092796132	2.6138306676	2.6182690179	2.6226084254	2.6268259540	2.6309375219	2.6349286407	2.6388043653	2.6425584904	2.6461961234	2.6497001365	2.6530891899	2.6563431714	2.6594925416	2.6624825853	2.6653752657	2.6681200986	2.6707369930	2.6732641701	2.6756012600	2.6778482318	2.6799707281	2.6819541954	2.6838267596	2.6855997440	2.6872082803	2.6887137415	2.6901207385	2.6914210965	2.6925962643	2.6936428725	2.6946040981	2.6954791585	2.6962608680	2.6969073954	2.6974726720	2.6979562380	2.6983414640	2.6986422895	2.6988649823	2.6990092610	2.6990748821	2.6990616409	2.6989693719	2.6987979491	2.6985472851	2.6982173310	2.6977921719	2.6972742269	2.6966723103	2.6959700460	2.6951361592	2.6942118701	2.6931975382	2.6920936155	2.6908167996	2.6894379436	2.6879493224	2.6863479232	2.6846084743	2.6827227381	2.6807394023	2.6785939288	2.6763111476	2.6739207840	2.6713546420	2.6686585111	2.6658296105	2.6628391261	2.6597348178	2.6564481442	2.6530410274	2.6494787654	2.6457875159	2.6419313880	2.6379527076	2.6338124338	2.6295466278	2.6251337556	2.6205969671	2.6159110096	2.6111031420	2.6061638430	2.6010892848	2.5959093411	2.5905854570	2.5851559396	2.5796187962	2.5739544123	2.5681956370	2.5623331378	2.5563641863	2.5503081514	2.5441583499	2.5379207570	2.5316034387	2.5252090977	2.5187380671	2.5121987041	2.5055984480	2.4989331071	2.4922118944	2.4854415326	2.4786239340	2.4717623382	2.4648623090	2.4579296222	2.4509653647	2.4439753345	2.4369636685	2.4299345573	2.4228907508	2.4158365231	2.4087761283	2.4017126358	2.3946495230	2.3875909574	2.3805392650	2.3734976546	2.3664698345	2.3594588851	2.3524665447	2.3454948728	2.3385506922	2.3316331992	2.3247440028	2.3178860338	2.3110641199	2.3042777127	2.2975269490	2.2908188020	2.2841520613	2.2775271680	2.2709455604	2.2644134606	2.2579282090	2.2514880977	2.2451017521	2.2387661221	2.2324800902	2.2262466997	2.2200691642	2.2139434550	2.2078693816	2.2018585853	2.1958992440	2.1899939526	2.1841525397	2.1783637996	2.1726239595	1.8836037106	1.8836037106	1.8836037106	1.8836037106	1.8836037106	1.8836037106	1.8836037106	1.8836037106	1.8836037106	1.8836037106	1.8836037106	1.8836037106
1.8836037106	1.8836037106	1.8836037106	1.8836037106	1.8836037106	1.8836037106	1.8836037106	1.8836037106	1.8836037106	1.8836037106	1.8836037106	1.8836037106	2.1730874155	2.1766720495	2.1802967399	2.1839838465	2.1877239645	2.1915192950	2.1953743351	2.1992824645	2.2032494444	2.2072666298	2.2113507852	2.2154859886	2.2196801843	2.2239291644	2.2282388545	2.2326045035	2.2370274972	2.2415076998	2.2460459256	2.2506407182	2.2552933976	2.2600021116	2.2647682612	2.2695886967	2.2744682230	2.2794004390	2.2843899064	2.2894314298	2.2945290632	2.2996759911	2.3048805328	2.3101332208	2.3154379471	2.3207927785	2.3261951154	2.3316466698	2.3371430763	2.3426857101	2.3482714082	2.3538999143	2.3595696756	2.3652773644	2.3710240718	2.3768055747	2.3826208690	2.3884686203	2.3943451273	2.4002499341	2.4061795891	2.4121322641	2.4181050243	2.4240956583	2.4301017403	2.4361190698	2.4421471926	2.4481807102	2.4542171400	2.4602558037	2.4662891689	2.4723168874	2.4783361634	2.4843398093	2.4903287419	2.4962966354	2.5022386791	2.5081560655	2.5140394508	2.5198865573	2.5256972986	2.5314616989	2.5371800506	2.5428481719	2.5484577732	2.5540132311	2.5595019449	2.5649224725	2.5702779616	2.5755505979	2.5807526925	2.5858681042	2.5908940154	2.5958451663	2.6006800151	2.6054374127	2.6100823129	2.6146315452	2.6190731078	2.6234069563	2.6276323501	2.6317349033	2.6357335174	2.6395988277	2.6433546775	2.6469833048	2.6504939738	2.6538720434	2.6571269187	2.6602690340	2.6632526664	2.6661345016	2.6688724377	2.6714943403	2.6739945974	2.6763356044	2.6785797365	2.6806981754	2.6826631423	2.6845392387	2.6862808054	2.6878893314	2.6893911871	2.6907903076	2.6920928215	2.6932259976	2.6942744853	2.6952374303	2.6961140587	2.6968480109	2.6974957473	2.6980621351	2.6985197694	2.6988992862	2.6992009013	2.6994242941	2.6995691815	2.6996353182	2.6996224985	2.6995305572	2.6993593687	2.6991088474	2.6987789458	2.6983696540	2.6978694865	2.6972673356	2.6965812304	2.6957801636	2.6948552316	2.6938400933	2.6927351865	2.6915023572	2.6901291488	2.6886424694	2.6870488404	2.6853429765	2.6834548402	2.6814689001	2.6793443556	2.6770731980	2.6746801497	2.6721433004	2.6694432468	2.6666228389	2.6636449976	2.6605416430	2.6572703710	2.6538642332	2.6503148503	2.6466179204	2.6427774730	2.6387934025	2.6346654710	2.6304009398	2.6259910331	2.6214609042	2.6167700598	2.6119693661	2.6070223506	2.6019532642	2.5967683763	2.5914452435	2.5860183005	2.5804725853	2.5748094593	2.5690508274	2.5631806457	2.5572094055	2.5511514528	2.5449955019	2.5387518423	2.5324302094	2.5260284559	2.5195514260	2.5130069300	2.5064006676	2.4997262927	2.4929981858	2.4862206833	2.4793942762	2.4725245205	2.4656166955	2.4586758341	2.4517024113	2.4447031676	2.4376826680	2.4306441256	2.4235909377	2.4165274026	2.4094574850	2.4023843405	2.3953116537	2.3882432769	2.3811816398	2.3741301564	2.3670927907	2.3600719207	2.3530694415	2.3460879416	2.3391344590	2.3322069290	2.3253079176	2.3184407830	2.3116091229	2.3048126915	2.2980519385	2.2913349360	2.2846590827	2.2780247791	2.2714346232	2.2648933062	2.2583985050	2.2519489196	2.2455544173	2.2392103989	2.2329155819	2.2266743989	2.2204883919	2.2143538500	2.2082731372	2.2022538007	2.1962859430	2.1903725656	2.1845246414	2.1787278834	2.1729815112	1.8836037106	1.8836037106	1.8836037106	1.8836037106	1.8836037106	1.8836037106	1.8836037106	1.8836037106	1.8836037106	1.8836037106	1.8836037106	1.8836037106
1.8836037106	1.8836037106	1.8836037106	1.8836037106	1.8836037106	1.8836037106	1.8836037106	1.8836037106	1.8836037106	1.8836037106	1.8836037106	1.8836037106	2.1732823172	2.1768706346	2.1804998542	2.1841911476	2.1879354102	2.1917357462	2.1955948330	2.1995077782	2.2034795055	2.2075010071	2.2115907611	2.2157308877	2.2199304239	2.2241840258	2.2284997212	2.2328704018	2.2372993463	2.2417845260	2.2463291195	2.2509290715	2.2555882893	2.2603028658	2.2650752413	2.2699012084	2.2747876414	2.2797258305	2.2847221212	2.2897702997	2.2948744344	2.3000286616	2.3052394124	2.3104995468	2.3158106734	2.3211730964	2.3265822531	2.3320413027	2.3375450927	2.3430949949	2.3486885176	2.3543244281	2.3600017932	2.3657173008	2.3714714623	2.3772609461	2.3830840262	2.3889395283	2.3948239919	2.4007365641	2.4066741772	2.4126347083	2.4186154505	2.4246138752	2.4306277685	2.4366531300	2.4426887675	2.4487302948	2.4547744132	2.4608203730	2.4668618371	2.4728966764	2.4789231795	2.4849347171	2.4909300216	2.4969052109	2.5028545230	2.5087777625	2.5146683881	2.5205216300	2.5263381347	2.5321094312	2.5378322780	2.5435062941	2.5491218827	2.5546804872	2.5601750498	2.5655995228	2.5709580762	2.5762367730	2.5814391386	2.5865599853	2.5915875644	2.5965405654	2.6013792804	2.6061373930	2.6107857794	2.6153334180	2.6197771386	2.6241067784	2.6283334456	2.6324337226	2.6364389073	2.6402947252	2.6440499967	2.6476731892	2.6511896911	2.6545568246	2.6578101922	2.6609389350	2.6639275553	2.6667998820	2.6695317687	2.6721580545	2.6746347129	2.6769790458	2.6792144161	2.6813161824	2.6832843921	2.6851635698	2.6868775905	2.6884804934	2.6899834371	2.6913769622	2.6926427556	2.6937776987	2.6948278064	2.6957922308	2.6966325883	2.6973623141	2.6980111057	2.6985497148	2.6990076258	2.6993879164	2.6996902282	2.6999142385	2.7000596618	2.7001262513	2.7001138008	2.7000221446	2.6998511580	2.6996007568	2.6992708957	2.6988615669	2.6983727987	2.6977885461	2.6971021494	2.6963318723	2.6954188283	2.6944030124	2.6932972740	2.6921021363	2.6907285624	2.6892498219	2.6876630213	2.6859589173	2.6840963823	2.6821081746	2.6800019841	2.6777410243	2.6753456335	2.6728344644	2.6701309803	2.6673180218	2.6643512662	2.6612438295	2.6579875245	2.6545842085	2.6510476105	2.6473456874	2.6435129015	2.6395302050	2.6354130898	2.6311473644	2.6267423659	2.6222094055	2.6175229417	2.6127222190	2.6077747513	2.6027098434	2.5975191442	2.5921987540	2.5867700298	2.5812208308	2.5755588025	2.5697969562	2.5639222240	2.5579501210	2.5518904823	2.5457273127	2.5394801556	2.5331547361	2.5267464811	2.5202641884	2.5137148054	2.5071007370	2.5004209106	2.4936872066	2.4869034412	2.4800693097	2.4731923980	2.4662777363	2.4593296882	2.4523479456	2.4453409245	2.4383126418	2.4312657899	2.4242044540	2.4171327582	2.4100544916	2.4029728848	2.3958918042	2.3888148259	2.3817444705	2.3746843317	2.3676385977	2.3606090309	2.3535979702	2.3466083277	2.3396459945	2.3327095836	2.3258019688	2.3189267997	2.3120865966	2.3052813789	2.2985118704	2.2917871542	2.2851032650	2.2784607136	2.2718630649	2.2653136696	2.2588104988	2.2523526101	2.2459514873	2.2395995884	2.2332970722	2.2270490596	2.2208556283	2.2147139940	2.2086268137	2.2025999936	2.1966246741	2.1907055716	2.1848505791	2.1790467797	2.1732946476	1.8836037106	1.8836037106	1.8836037106	1.8836037106	1.8836037106	1.8836037106	1.8836037106	1.8836037106	1.8836037106	1.8836037106	1.8836037106	1.8836037106
1.8836037106	1.8836037106	1.8836037106	1.8836037106	1.8836037106	1.8836037106	1.8836037106	1.8836037106	1.8836037106	1.8836037106	1.8836037106	1.8836037106	2.1734494840	2.1770409883	2.1806740998	2.1843689841	2.1881168014	2.1919214317	2.1957839910	2.1997010690	2.2036768704	2.2077030919	2.2117966342	2.2159409856	2.2201451048	2.2244026732	2.2287235219	2.2330985207	2.2375325720	2.2420220233	2.2465720812	2.2511764613	2.2558412903	2.2605608982	2.2653386169	2.2701693316	2.2750616921	2.2800050076	2.2850071544	2.2900610448	2.2951707594	2.3003312512	2.3055473315	2.3108138569	2.3161304772	2.3214994160	2.3269144263	2.3323799093	2.3378900368	2.3434461780	2.3490464169	2.3546886831	2.3603725752	2.3660947943	2.3718554673	2.3776516891	2.3834814528	2.3893436086	2.3952349025	2.4011541828	2.4070985859	2.4130658614	2.4190534561	2.4250585693	2.4310791689	2.4371114263	2.4431535156	2.4492017830	2.4552526397	2.4613048642	2.4673530746	2.4733942361	2.4794269449	2.4854451397	2.4914460355	2.4974274899	2.5033830438	2.5093113106	2.5152081539	2.5210666655	2.5268881206	2.5326653400	2.5383920487	2.5440711278	2.5496918593	2.5552531681	2.5607527545	2.5661806175	2.5715418047	2.5768249504	2.5820283083	2.5871519988	2.5921828365	2.5971346593	2.6019794646	2.6067347880	2.6113895743	2.6159334825	2.6203814220	2.6247074510	2.6289330938	2.6330335376	2.6370422587	2.6408917854	2.6446468096	2.6482653377	2.6517816223	2.6551417313	2.6583964963	2.6615139271	2.6645068262	2.6673709881	2.6700976787	2.6727277219	2.6751841200	2.6775313009	2.6797591435	2.6818465914	2.6838175744	2.6856856469	2.6873897534	2.6889878162	2.6904849724	2.6918803825	2.6931146457	2.6942510846	2.6953025612	2.6962616860	2.6970728531	2.6978035545	2.6984316101	2.6989675444	2.6994261883	2.6998071477	2.7001100616	2.7003346047	2.7004804899	2.7005474692	2.7005353355	2.7004439228	2.7002731069	2.7000228047	2.6996929733	2.6992836075	2.6987947374	2.6982264284	2.6975490716	2.6967784683	2.6959023880	2.6948860110	2.6937795826	2.6925836142	2.6912429449	2.6897710355	2.6881830041	2.6864844668	2.6846469807	2.6826568387	2.6805664112	2.6783124691	2.6759166490	2.6734193325	2.6707212762	2.6679147168	2.6649574805	2.6618465435	2.6586030880	2.6551992902	2.6516737615	2.6479703658	2.6441434919	2.6401623976	2.6360548083	2.6317840861	2.6273872703	2.6228489890	2.6181691723	2.6133656099	2.6084205643	2.6033563303	2.5981635504	2.5928455112	2.5874143072	2.5818630627	2.5762018627	2.5704353178	2.5645587226	2.5585858752	2.5525222273	2.5463545931	2.5401052533	2.5337765801	2.5273627409	2.5208759272	2.5143216396	2.5077015737	2.5010170644	2.4942785526	2.4874894080	2.4806486431	2.4737655856	2.4668448651	2.4598897362	2.4529016903	2.4458882459	2.4388532800	2.4317992929	2.4247309604	2.4176522574	2.4105668220	2.4034779495	2.3963896618	2.3893052984	2.3822274578	2.3751599220	2.3681070429	2.3610699358	2.3540516053	2.3470548743	2.3400849431	2.3331409081	2.3262259075	2.3193438409	2.3124963040	2.3056835439	2.2989065194	2.2921756933	2.2854843940	2.2788347627	2.2722306821	2.2656743523	2.2591639976	2.2526989862	2.2462923760	2.2399335128	2.2336243880	2.2273705131	2.2211707093	2.2150230289	2.2089302558	2.2028970127	2.1969152897	2.1909914629	2.1851302164	2.1793203681	2.1735634032	1.8836037106	1.8836037106	1.8836037106	1.8836037106	1.8836037106	1.8836037106	1.8836037106	1.8836037106	1.8836037106	1.8836037106	1.8836037106	1.8836037106
1.8836037106	1.8836037106	1.8836037106	1.8836037106	1.8836037106	1.8836037106	1.8836037106	1.8836037106	1.8836037106	1.8836037106	1.8836037106	1.8836037106	2.1735890965	2.1771830465	2.1808194087	2.1845172873	2.1882680684	2.1920762801	2.1959417361	2.1998622614	2.2038414613	2.2078716200	2.2119683225	2.2161161982	2.2203241404	2.2245850176	2.2289101652	2.2332887662	2.2377270775	2.2422202244	2.2467747087	2.2513827829	2.2560522928	2.2607760980	2.2655582742	2.2703930325	2.2752902550	2.2802378474	2.2852448796	2.2903035352	2.2954179079	2.3005836232	2.3058041499	2.3110760072	2.3163972110	2.3217715858	2.3271914801	2.3326623304	2.3381777455	2.3437390920	2.3493449345	2.3549925035	2.3606818414	2.3664096604	2.3721757663	2.3779776101	2.3838129504	2.3896806581	2.3955776511	2.4015025310	2.4074525977	2.4134255009	2.4194187677	2.4254295080	2.4314557038	2.4374937066	2.4435411890	2.4495950809	2.4556515609	2.4617090133	2.4677628537	2.4738092914	2.4798471795	2.4858709300	2.4918764927	2.4978631760	2.5038239396	2.5097564028	2.5156584357	2.5215213462	2.5273469338	2.5331290969	2.5388590303	2.5445423362	2.5501673607	2.5557308731	2.5612347090	2.5666654029	2.5720287901	2.5773156501	2.5825198384	2.5876459041	2.5926794630	2.5976303052	2.6024801937	2.6072331921	2.6118933196	2.6164339175	2.6208855780	2.6252085959	2.6294333851	2.6335339690	2.6375363308	2.6413899194	2.6451447375	2.6487593738	2.6522689406	2.6556297245	2.6588856544	2.6619936460	2.6649901131	2.6678474608	2.6705698133	2.6732029879	2.6756424789	2.6779920310	2.6802135880	2.6822890842	2.6842623734	2.6861109264	2.6878150212	2.6894110147	2.6909033310	2.6922864299	2.6935082479	2.6946459191	2.6956985217	2.6966279882	2.6974400296	2.6981659017	2.6987794167	2.6993160179	2.6997752772	2.7001567978	2.7004602166	2.7006852069	2.7008314797	2.7008987855	2.7008869160	2.7007957051	2.7006250294	2.7003748071	2.7000449968	2.6996355954	2.6991466360	2.6985781851	2.6979218027	2.6971509306	2.6962962423	2.6952888538	2.6941818664	2.6929852222	2.6916720156	2.6902010851	2.6886166577	2.6869228891	2.6851063090	2.6831145616	2.6810257738	2.6787814267	2.6763927543	2.6738936435	2.6712137614	2.6684061486	2.6654610680	2.6623493986	2.6591166659	2.6557124678	2.6521870471	2.6484915520	2.6446696108	2.6406895577	2.6365902115	2.6323153197	2.6279244448	2.6233826085	2.6187078465	2.6139024031	2.6089593767	2.6038957031	2.5987011855	2.5933851056	2.5879518304	2.5823988770	2.5767376410	2.5709678984	2.5650897463	2.5591162213	2.5530472157	2.5468779183	2.5406267549	2.5342953644	2.5278765254	2.5213862754	2.5148278933	2.5082028210	2.5015144021	2.4947718765	2.4879782415	2.4811319311	2.4742437525	2.4673177654	2.4603569362	2.4533636289	2.4463448234	2.4393042794	2.4322443374	2.4251701656	2.4180856145	2.4109941963	2.4038992601	2.3968049579	2.3897144314	2.3826304539	2.3755569752	2.3684978300	2.3614543946	2.3544299975	2.3474273515	2.3404510800	2.3335006832	2.3265795196	2.3196916974	2.3128380412	2.3060189876	2.2992367602	2.2924997675	2.2858022855	2.2791467468	2.2725372995	2.2659751840	2.2594588353	2.2529891555	2.2465766926	2.2402120189	2.2338973805	2.2276386144	2.2214334940	2.2152807692	2.2091833299	2.2031447283	2.1971576636	2.1912298961	2.1853634334	2.1795485359	2.1737882796	1.8836037106	1.8836037106	1.8836037106	1.8836037106	1.8836037106	1.8836037106	1.8836037106	1.8836037106	1.8836037106	1.8836037106	1.8836037106	1.8836037106
1.8836037106	1.8836037106	1.8836037106	1.8836037106	1.8836037106	1.8836037106	1.8836037106	1.8836037106	1.8836037106	1.8836037106	1.8836037106	1.8836037106	2.1737010805	2.1772967560	2.1809357243	2.1846359999	2.1883891530	2.1922002317	2.1960680069	2.1999912924	2.2039732133	2.2080065242	2.2121057571	2.2162564547	2.2204674578	2.2247309845	2.2290595740	2.2334410594	2.2378827816	2.2423792141	2.2469369161	2.2515479483	2.2562212062	2.2609483723	2.2657341177	2.2705726279	2.2754732295	2.2804242466	2.2854351907	2.2904976621	2.2956157693	2.3007856627	2.3060097501	2.3112858769	2.3166107512	2.3219894790	2.3274132842	2.3328884326	2.3384080819	2.3439735969	2.3495839267	2.3552357423	2.3609294412	2.3666617446	2.3724322015	2.3782385475	2.3840783538	2.3899505130	2.3958520648	2.4017814291	2.4077360315	2.4137134418	2.4197112473	2.4257264981	2.4317571758	2.4377997575	2.4438515818	2.4499099784	2.4559709621	2.4620326019	2.4680909512	2.4741416149	2.4801836514	2.4862118520	2.4922211529	2.4982120243	2.5041769607	2.5101126877	2.5160189754	2.5218854096	2.5277142701	2.5335004310	2.5392329481	2.5449196401	2.5505481037	2.5561131577	2.5616206226	2.5670535849	2.5724187354	2.5777085712	2.5829134262	2.5880413954	2.5930771349	2.5980271934	2.6028796377	2.6076322919	2.6122958395	2.6168346463	2.6212892877	2.6256098955	2.6298340021	2.6339346987	2.6379319689	2.6417888106	2.6455434638	2.6491549836	2.6526591705	2.6560204944	2.6592773564	2.6623777884	2.6653767453	2.6682255227	2.6709478775	2.6735686971	2.6760092532	2.6783583074	2.6805774744	2.6826433961	2.6846185272	2.6864514453	2.6881524076	2.6897498537	2.6912382866	2.6926004801	2.6938233632	2.6949620106	2.6960155041	2.6969212212	2.6977339607	2.6984437547	2.6990578463	2.6995949843	2.7000547387	2.7004367108	2.7007405365	2.7009658879	2.7011124741	2.7011800429	2.7011683846	2.7010773334	2.7009067673	2.7006566063	2.7003268102	2.6999173775	2.6994283431	2.6988597757	2.6982117766	2.6974490956	2.6965941399	2.6956113505	2.6945039261	2.6933067525	2.6920155442	2.6905438355	2.6889638737	2.6872739305	2.6854712988	2.6834810693	2.6813908973	2.6791569401	2.6767739951	2.6742734510	2.6716081250	2.6687984549	2.6658575225	2.6627520725	2.6595279277	2.6561234099	2.6525980764	2.6489089084	2.6450909176	2.6411116983	2.6370174053	2.6327407218	2.6283503800	2.6238099199	2.6191383755	2.6143322544	2.6093908438	2.6043276179	2.5991317076	2.5938171954	2.5883822602	2.5828279370	2.5771666707	2.5713943660	2.5655149657	2.5595396281	2.5534675989	2.5472969679	2.5410443426	2.5347107743	2.5282874394	2.5217949266	2.5152332639	2.5086041811	2.5019126298	2.4951668884	2.4883696208	2.4815185171	2.4746266223	2.4676964163	2.4607310209	2.4537334991	2.4467103990	2.4396653868	2.4326006749	2.4255218259	2.4184325906	2.4113363803	2.4042365874	2.3971374678	2.3900420129	2.3829532127	2.3758748735	2.3688107098	2.3617622060	2.3547329502	2.3477255667	2.3407442176	2.3337887258	2.3268626265	2.3199701947	2.3131116378	2.3062877779	2.2995011825	2.2927592188	2.2860567855	2.2793965162	2.2727827710	2.2662160222	2.2596948737	2.2532214551	2.2468043055	2.2404349789	2.2341159253	2.2278532424	2.2216438647	2.2154871004	2.2093859244	2.2033430322	2.1973520735	2.1914207681	2.1855501292	2.1797311867	2.1739682849	1.8836037106	1.8836037106	1.8836037106	1.8836037106	1.8836037106	1.8836037106	1.8836037106	1.8836037106	1.8836037106	1.8836037106	1.8836037106	1.8836037106
1.8836037106	1.8836037106	1.8836037106	1.8836037106	1.8836037106	1.8836037106	1.8836037106	1.8836037106	1.8836037106	1.8836037106	1.8836037106	1.8836037106	2.1737850968	2.1773820749	2.1810230013	2.1847250756	2.1884800085	2.1922932385	2.1961627542	2.2000881111	2.2040720742	2.2081077509	2.2122088828	2.2163616982	2.2205749985	2.2248408720	2.2291716864	2.2335553366	2.2379996187	2.2424985171	2.2470586341	2.2516718864	2.2563479628	2.2610776458	2.2658660701	2.2707073962	2.2756105341	2.2805641217	2.2855780018	2.2906433372	2.2957642473	2.3009372768	2.3061641091	2.3114433681	2.3167709974	2.3221529924	2.3275797332	2.3330581078	2.3385809353	2.3441495791	2.3497632770	2.3554182802	2.3611152526	2.3668509221	2.3726246448	2.3784343704	2.3842775290	2.3901530314	2.3960580034	2.4019907339	2.4079487410	2.4139295345	2.4199307470	2.4259493837	2.4319834258	2.4380294448	2.4440845284	2.4501463065	2.4562106711	2.4622754542	2.4683371885	2.4743910246	2.4804361753	2.4864677165	2.4924798238	2.4984738394	2.5044419083	2.5103800244	2.5162895673	2.5221586470	2.5279894830	2.5337791269	2.5395135839	2.5452028180	2.5508338638	2.5564000757	2.5619102649	2.5673449306	2.5727114053	2.5780034753	2.5832088315	2.5883382302	2.5933756071	2.5983250781	2.6031789879	2.6079318380	2.6125947726	2.6171354164	2.6215922958	2.6259110952	2.6301346900	2.6342354717	2.6382289205	2.6420882041	2.6458418483	2.6494519145	2.6529520635	2.6563137925	2.6595713537	2.6626661112	2.6656610757	2.6685073373	2.6712316352	2.6738424325	2.6762844776	2.6786298491	2.6808449705	2.6829093166	2.6848858271	2.6867070077	2.6884056150	2.6900025198	2.6914896602	2.6928361594	2.6940598358	2.6951992093	2.6962479661	2.6971412581	2.6979545214	2.6986522522	2.6992667781	2.6998043205	2.7002644478	2.7006467604	2.7009508941	2.7011765198	2.7013233437	2.7013911112	2.7013796110	2.7012886777	2.7011181912	2.7008680736	2.7005382862	2.7001288282	2.6996397356	2.6990710787	2.6984229596	2.6976728343	2.6968176795	2.6958533526	2.6947456061	2.6935480421	2.6922612548	2.6908010627	2.6892244573	2.6875373893	2.6857339240	2.6837561433	2.6816649356	2.6794387790	2.6770601352	2.6745585173	2.6719041182	2.6690929054	2.6661550878	2.6630543068	2.6598366087	2.6564318517	2.6529065841	2.6492221654	2.6454071398	2.6414285464	2.6373321581	2.6330600178	2.6286700758	2.6241306485	2.6194615186	2.6146548885	2.6097146902	2.6046517997	2.5994547480	2.5941415072	2.5887053253	2.5831499730	2.5774886832	2.5717144546	2.5658341164	2.5598574173	2.5537831179	2.5476114850	2.5413577613	2.5350208517	2.5285958471	2.5221016347	2.5155375088	2.5089054148	2.5022115115	2.4954633553	2.4886623714	2.4818086580	2.4749139728	2.4679805995	2.4610117758	2.4540110899	2.4469847655	2.4399363988	2.4328681060	2.4257857457	2.4186929938	2.4115931860	2.4044897553	2.3973870110	2.3902878576	2.3831954358	2.3761134481	2.3690455170	2.3619932086	2.3549603055	2.3479493658	2.3409642051	2.3340048888	2.3270750845	2.3201791927	2.3133169571	2.3064895774	2.2996996154	2.2929539203	2.2862477706	2.2795839504	2.2729669792	2.2663967527	2.2598722046	2.2533957765	2.2469751092	2.2406022904	2.2342799229	2.2280143001	2.2218017269	2.2156419308	2.2095379501	2.2034918375	2.1974981252	2.1915639959	2.1856902230	2.1798682431	2.1741033499	1.8836037106	1.8836037106	1.8836037106	1.8836037106	1.8836037106	1.8836037106	1.8836037106	1.8836037106	1.8836037106	1.8836037106	1.8836037106	1.8836037106
1.8836037106	1.8836037106	1.8836037106	1.8836037106	1.8836037106	1.8836037106	1.8836037106	1.8836037106	1.8836037106	1.8836037106	1.8836037106	1.8836037106	2.1738411218	2.1774389725	2.1810812059	2.1847844799	2.1885405996	2.1923552643	2.1962259409	2.2001526795	2.2041380047	2.2081752592	2.2122776579	2.2164318858	2.2206467184	2.2249142045	2.2292464555	2.2336315497	2.2380775393	2.2425780825	2.2471398102	2.2517545435	2.2564324999	2.2611638618	2.2659540728	2.2707972772	2.2757021069	2.2806574091	2.2856732477	2.2907404934	2.2958632733	2.3010383945	2.3062671440	2.3115484062	2.3168778732	2.3222620478	2.3276907467	2.3331712733	2.3386962566	2.3442669519	2.3498828966	2.3555400261	2.3612391822	2.3669770971	2.3727529985	2.3785649785	2.3844103733	2.3902881061	2.3961953597	2.4021303357	2.4080906141	2.4140736646	2.4200771500	2.4260980454	2.4321343320	2.4381826440	2.4442399019	2.4503039359	2.4563705559	2.4624374362	2.4685014287	2.4745573812	2.4806046095	2.4866383792	2.4926523588	2.4986484720	2.5046186309	2.5105583408	2.5164700554	2.5223409002	2.5281730541	2.5339650216	2.5397007730	2.5453911591	2.5510244716	2.5565914562	2.5621034629	2.5675392651	2.5729061754	2.5782001840	2.5834058748	2.5885362273	2.5935746965	2.5985237761	2.6033786636	2.6081316446	2.6127941706	2.6173360398	2.6217924782	2.6261120054	2.6303352589	2.6344360975	2.6384269973	2.6422879099	2.6460382036	2.6496499775	2.6531474330	2.6565094322	2.6597674594	2.6628584316	2.6658507327	2.6686953158	2.6714209091	2.6740250206	2.6764680582	2.6788109724	2.6810213765	2.6830866880	2.6850641171	2.6868774672	2.6885745018	2.6901695163	2.6916573192	2.6929933479	2.6942175506	2.6953574053	2.6963943389	2.6972880047	2.6980999463	2.6987913039	2.6994061203	2.6999439331	2.7004043097	2.7007868506	2.7010911918	2.7013170025	2.7014639865	2.7015318875	2.7015204926	2.7014296366	2.7012592012	2.7010091108	2.7006793278	2.7002698520	2.6997807196	2.6992120020	2.6985638021	2.6978220501	2.6969667630	2.6960147507	2.6949067919	2.6937089709	2.6924218769	2.6909726276	2.6893982634	2.6877125640	2.6859090959	2.6839396203	2.6818477231	2.6796267711	2.6772509973	2.6747486643	2.6721015547	2.6692893136	2.6663535742	2.6632559082	2.6600398845	2.6566375945	2.6531123712	2.6494311207	2.6456180731	2.6416398973	2.6375421112	2.6332730014	2.6288833261	2.6243445875	2.6196770682	2.6148700982	2.6099307084	2.6048680413	2.5996701062	2.5943578347	2.5889208210	2.5833647820	2.5777034759	2.5719279635	2.5660469994	2.5600693916	2.5539935775	2.5478212758	2.5415668189	2.5352275192	2.5288015610	2.5223062145	2.5157404450	2.5091063420	2.5024108693	2.4956609049	2.4888576385	2.4820021840	2.4751056371	2.4681701505	2.4611990396	2.4541962427	2.4471677672	2.4401171625	2.4330464807	2.4259617778	2.4188666799	2.4117644712	2.4046586305	2.3975534521	2.3904518313	2.3833569935	2.3762725718	2.3692021275	2.3621472810	2.3551119448	2.3480986327	2.3411109294	2.3341490618	2.3272167860	2.3203185860	2.3134538965	2.3066241688	2.2998319611	2.2930837769	2.2863751482	2.2797089594	2.2730898361	2.2665172899	2.2599905372	2.2535120385	2.2470890247	2.2407138764	2.2343892984	2.2281217145	2.2219070099	2.2157451914	2.2096393399	2.2035910794	2.1975955303	2.1916595177	2.1857836543	2.1799596476	2.1741934231	1.8836037106	1.8836037106	1.8836037106	1.8836037106	1.8836037106	1.8836037106	1.8836037106	1.8836037106	1.8836037106	1.8836037106	1.8836037106	1.8836037106
1.8836037106	1.8836037106	1.8836037106	1.8836037106	1.8836037106	1.8836037106	1.8836037106	1.8836037106	1.8836037106	1.8836037106	1.8836037106	1.8836037106	2.1738691399	2.1774674282	2.1811103156	2.1848141897	2.1885709029	2.1923862852	2.1962575424	2.2001849720	2.2041709785	2.2082090222	2.2123120545	2.2164669889	2.2206825879	2.2249508806	2.2292838502	2.2336696666	2.2381165103	2.2426178761	2.2471804096	2.2517958835	2.2564747803	2.2612069819	2.2659980867	2.2708422306	2.2757479065	2.2807040664	2.2857208846	2.2907890858	2.2959128009	2.3010889684	2.3063186769	2.3116009411	2.3169313524	2.3223165921	2.3277462705	2.3332278736	2.3387539690	2.3443256567	2.3499427253	2.3556009184	2.3613011667	2.3670402048	2.3728171960	2.3786303037	2.3844768172	2.3903556656	2.3962640605	2.4022001598	2.4081615743	2.4141457539	2.4201503762	2.4261724015	2.4322098109	2.4382592700	2.4443176156	2.4503827781	2.4564505264	2.4625184558	2.4685835778	2.4746405891	2.4806888567	2.4867237413	2.4927386575	2.4987358199	2.5047070244	2.5106475316	2.5165603326	2.5224320603	2.5282648736	2.5340580035	2.5397944024	2.5454852785	2.5511198112	2.5566871824	2.5622000983	2.5676364691	2.5730035398	2.5782985758	2.5835044340	2.5886352636	2.5936742793	2.5986231630	2.6034785397	2.6082315862	2.6128939078	2.6174363900	2.6218919687	2.6262124991	2.6304355819	2.6345364489	2.6385260738	2.6423878011	2.6461364189	2.6497490470	2.6532451551	2.6566072893	2.6598655496	2.6629546282	2.6659455970	2.6687893403	2.6715155814	2.6741163486	2.6765598822	2.6789015671	2.6811096113	2.6831754054	2.6851532935	2.6869627265	2.6886589740	2.6902530423	2.6917411757	2.6930719668	2.6942964317	2.6954365261	2.6964675458	2.6973613982	2.6981693365	2.6988608493	2.6994758112	2.7000137595	2.7004742610	2.7008569166	2.7011613623	2.7013872661	2.7015343311	2.7016022993	2.7015909569	2.7015001389	2.7013297283	2.7010796507	2.7007498695	2.7003403844	2.6998512320	2.6992824836	2.6986342430	2.6978966787	2.6970413255	2.6960954727	2.6949874084	2.6937894599	2.6925022136	2.6910584382	2.6894851958	2.6877992494	2.6859967127	2.6840313917	2.6819391501	2.6797208016	2.6773464639	2.6748437735	2.6722003102	2.6693875551	2.6664528553	2.6633567476	2.6601401162	2.6567405057	2.6532153045	2.6495356389	2.6457235807	2.6417456138	2.6376471286	2.6333795347	2.6289899927	2.6244515986	2.6197848847	2.6149777447	2.6100387591	2.6049762037	2.5997778267	2.5944660400	2.5890286101	2.5834722274	2.5778109130	2.5720347585	2.5661534810	2.5601754187	2.5540988466	2.5479262102	2.5416713864	2.5353308911	2.5289044558	2.5224085419	2.5158419501	2.5092068421	2.5025105841	2.4957596011	2.4889553070	2.4820989814	2.4752015032	2.4682649593	2.4612927043	2.4542888513	2.4472592998	2.4402075755	2.4331356986	2.4260498239	2.4189535524	2.4118501323	2.4047430965	2.3976367005	2.3905338454	2.3834377990	2.3763521597	2.3692804583	2.3622243422	2.3551877889	2.3481732902	2.3411843149	2.3342211712	2.3272876591	2.3203883045	2.3135223876	2.3066914854	2.2998981543	2.2931487251	2.2864388564	2.2797714828	2.2731512831	2.2665775765	2.2600497211	2.2535701866	2.2471459992	2.2407696857	2.2344440020	2.2281754372	2.2219596665	2.2157968364	2.2096900492	2.2036407142	2.1976442465	2.1917072919	2.1858303829	2.1800053622	2.1742384709	1.8836037106	1.8836037106	1.8836037106	1.8836037106	1.8836037106	1.8836037106	1.8836037106	1.8836037106	1.8836037106	1.8836037106	1.8836037106	1.8836037106
1.8836037106	1.8836037106	1.8836037106	1.8836037106	1.8836037106	1.8836037106	1.8836037106	1.8836037106	1.8836037106	1.8836037106	1.8836037106	1.8836037106	2.1738691434	2.1774674317	2.1811103192	2.1848141933	2.1885709066	2.1923862890	2.1962575463	2.2001849760	2.2041709826	2.2082090264	2.2123120587	2.2164669932	2.2206825923	2.2249508851	2.2292838548	2.2336696713	2.2381165150	2.2426178810	2.2471804146	2.2517958886	2.2564747855	2.2612069872	2.2659980921	2.2708422361	2.2757479122	2.2807040721	2.2857208904	2.2907890917	2.2959128070	2.3010889746	2.3063186832	2.3116009475	2.3169313589	2.3223165987	2.3277462773	2.3332278805	2.3387539761	2.3443256639	2.3499427326	2.3556009258	2.3613011743	2.3670402126	2.3728172039	2.3786303117	2.3844768253	2.3903556739	2.3962640689	2.4022001683	2.4081615830	2.4141457627	2.4201503852	2.4261724106	2.4322098201	2.4382592794	2.4443176252	2.4503827878	2.4564505363	2.4625184658	2.4685835879	2.4746405994	2.4806888671	2.4867237518	2.4927386681	2.4987358307	2.5047070352	2.5106475426	2.5165603438	2.5224320716	2.5282648849	2.5340580149	2.5397944139	2.5454852901	2.5511198229	2.5566871942	2.5622001101	2.5676364810	2.5730035518	2.5782985879	2.5835044461	2.5886352758	2.5936742916	2.5986231752	2.6034785520	2.6082315985	2.6128939200	2.6174364024	2.6218919810	2.6262125115	2.6304355942	2.6345364613	2.6385260860	2.6423878134	2.6461364309	2.6497490592	2.6532451672	2.6566073013	2.6598655617	2.6629546401	2.6659456087	2.6687893519	2.6715155931	2.6741163598	2.6765598936	2.6789015782	2.6811096221	2.6831754162	2.6851533045	2.6869627370	2.6886589844	2.6902530526	2.6917411860	2.6930719764	2.6942964414	2.6954365358	2.6964675548	2.6973614073	2.6981693451	2.6988608579	2.6994758198	2.7000137681	2.7004742696	2.7008569253	2.7011613709	2.7013872748	2.7015343397	2.7016023080	2.7015909656	2.7015001476	2.7013297370	2.7010796594	2.7007498782	2.7003403932	2.6998512407	2.6992824923	2.6986342516	2.6978966879	2.6970413348	2.6960954826	2.6949874184	2.6937894699	2.6925022235	2.6910584488	2.6894852065	2.6877992601	2.6859967235	2.6840314030	2.6819391614	2.6797208133	2.6773464757	2.6748437852	2.6722003224	2.6693875672	2.6664528677	2.6633567601	2.6601401286	2.6567405184	2.6532153173	2.6495356518	2.6457235938	2.6417456268	2.6376471415	2.6333795478	2.6289900059	2.6244516119	2.6197848980	2.6149777580	2.6100387725	2.6049762171	2.5997778401	2.5944660535	2.5890286234	2.5834722407	2.5778109263	2.5720347717	2.5661534942	2.5601754318	2.5540988596	2.5479262232	2.5416713993	2.5353309039	2.5289044686	2.5224085546	2.5158419628	2.5092068545	2.5025105965	2.4957596133	2.4889553191	2.4820989933	2.4752015150	2.4682649710	2.4612927158	2.4542888627	2.4472593111	2.4402075866	2.4331357097	2.4260498348	2.4189535631	2.4118501429	2.4047431069	2.3976367108	2.3905338556	2.3834378090	2.3763521696	2.3692804680	2.3622243518	2.3551877983	2.3481732994	2.3411843240	2.3342211801	2.3272876679	2.3203883132	2.3135223961	2.3066914937	2.2998981625	2.2931487331	2.2864388643	2.2797714905	2.2731512907	2.2665775839	2.2600497284	2.2535701938	2.2471460063	2.2407696926	2.2344440088	2.2281754439	2.2219596730	2.2157968428	2.2096900554	2.2036407203	2.1976442525	2.1917072977	2.1858303886	2.1800053678	2.1742384763	1.8836037106	1.8836037106	1.8836037106	1.8836037106	1.8836037106	1.8836037106	1.8836037106	1.8836037106	1.8836037106	1.8836037106	1.8836037106	1.8836037106
1.8836037106	1.8836037106	1.8836037106	1.8836037106	1.8836037106	1.8836037106	1.8836037106	1.8836037106	1.8836037106	1.8836037106	1.8836037106	1.8836037106	2.1738411321	2.1774389830	2.1810812166	2.1847844908	2.1885406108	2.1923552757	2.1962259525	2.2001526914	2.2041380168	2.2081752716	2.2122776705	2.2164318987	2.2206467316	2.2249142180	2.2292464692	2.2336315637	2.2380775536	2.2425780971	2.2471398252	2.2517545587	2.2564325154	2.2611638776	2.2659540890	2.2707972937	2.2757021238	2.2806574263	2.2856732652	2.2907405113	2.2958632915	2.3010384131	2.3062671630	2.3115484255	2.3168778929	2.3222620678	2.3276907671	2.3331712942	2.3386962779	2.3442669735	2.3498829187	2.3555400486	2.3612392050	2.3669771203	2.3727530221	2.3785650025	2.3844103978	2.3902881310	2.3961953850	2.4021303614	2.4080906402	2.4140736912	2.4200771769	2.4260980727	2.4321343598	2.4381826722	2.4442399306	2.4503039650	2.4563705855	2.4624374662	2.4685014590	2.4745574119	2.4806046406	2.4866384107	2.4926523906	2.4986485042	2.5046186635	2.5105583737	2.5164700887	2.5223409339	2.5281730880	2.5339650559	2.5397008075	2.5453911938	2.5510245068	2.5565914915	2.5621034985	2.5675393010	2.5729062114	2.5782002204	2.5834059111	2.5885362638	2.5935747333	2.5985238127	2.6033787005	2.6081316815	2.6127942074	2.6173360769	2.6217925150	2.6261120425	2.6303352959	2.6344361345	2.6384270339	2.6422879468	2.6460382398	2.6496500141	2.6531474691	2.6565094683	2.6597674956	2.6628584671	2.6658507678	2.6686953505	2.6714209441	2.6740250543	2.6764680921	2.6788110059	2.6810214090	2.6830867207	2.6850641500	2.6868774987	2.6885745331	2.6901695472	2.6916573502	2.6929933770	2.6942175797	2.6953574345	2.6963943660	2.6972880318	2.6980999720	2.6987913296	2.6994061461	2.6999439590	2.7004043356	2.7007868766	2.7010912178	2.7013170285	2.7014640125	2.7015319135	2.7015205186	2.7014296626	2.7012592272	2.7010091368	2.7006793539	2.7002698781	2.6997807458	2.6992120281	2.6985638281	2.6978220777	2.6969667906	2.6960147805	2.6949068217	2.6937090007	2.6924219067	2.6909726593	2.6893982956	2.6877125961	2.6859091283	2.6839396544	2.6818477570	2.6796268059	2.6772510328	2.6747486997	2.6721015913	2.6692893501	2.6663536111	2.6632559457	2.6600399217	2.6566376327	2.6531124093	2.6494311595	2.6456181123	2.6416399365	2.6375421501	2.6332730410	2.6288833657	2.6243446273	2.6196771081	2.6148701381	2.6099307484	2.6048680814	2.5996701462	2.5943578750	2.5889208611	2.5833648219	2.5777035157	2.5719280031	2.5660470389	2.5600694309	2.5539936165	2.5478213148	2.5415668577	2.5352275576	2.5288015993	2.5223062526	2.5157404827	2.5091063792	2.5024109062	2.4956609416	2.4888576748	2.4820022198	2.4751056726	2.4681701856	2.4611990743	2.4541962769	2.4471678011	2.4401171960	2.4330465138	2.4259618104	2.4188667121	2.4117645030	2.4046586618	2.3975534830	2.3904518617	2.3833570234	2.3762726012	2.3692021565	2.3621473096	2.3551119729	2.3480986604	2.3411109565	2.3341490885	2.3272168123	2.3203186118	2.3134539219	2.3066241937	2.2998319856	2.2930838010	2.2863751718	2.2797089825	2.2730898589	2.2665173122	2.2599905591	2.2535120600	2.2470890458	2.2407138970	2.2343893186	2.2281217344	2.2219070294	2.2157452105	2.2096393586	2.2035910976	2.1975955482	2.1916595352	2.1857836714	2.1799596643	2.1741934394	1.8836037106	1.8836037106	1.8836037106	1.8836037106	1.8836037106	1.8836037106	1.8836037106	1.8836037106	1.8836037106	1.8836037106	1.8836037106	1.8836037106
1.8836037106	1.8836037106	1.8836037106	1.8836037106	1.8836037106	1.8836037106	1.8836037106	1.8836037106	1.8836037106	1.8836037106	1.8836037106	1.8836037106	2.1737851140	2.1773820924	2.1810230191	2.1847250938	2.1884800271	2.1922932575	2.1961627735	2.2000881309	2.2040720944	2.2081077715	2.2122089039	2.2163617197	2.2205750205	2.2248408945	2.2291717093	2.2335553599	2.2379996426	2.2424985415	2.2470586589	2.2516719117	2.2563479887	2.2610776723	2.2658660971	2.2707074237	2.2756105622	2.2805641503	2.2855780311	2.2906433670	2.2957642777	2.3009373078	2.3061641407	2.3114434003	2.3167710301	2.3221530259	2.3275797673	2.3330581425	2.3385809706	2.3441496152	2.3497633138	2.3554183176	2.3611152907	2.3668509608	2.3726246842	2.3784344105	2.3842775698	2.3901530729	2.3960580456	2.4019907767	2.4079487846	2.4139295788	2.4199307920	2.4259494294	2.4319834722	2.4380294919	2.4440845762	2.4501463549	2.4562107203	2.4622755042	2.4683372391	2.4743910758	2.4804362271	2.4864677689	2.4924798767	2.4984738930	2.5044419627	2.5103800793	2.5162896228	2.5221587032	2.5279895394	2.5337791841	2.5395136415	2.5452028762	2.5508339226	2.5564001346	2.5619103243	2.5673449905	2.5727114654	2.5780035359	2.5832088921	2.5883382912	2.5933756684	2.5983251393	2.6031790495	2.6079318997	2.6125948341	2.6171354783	2.6215923580	2.6259111570	2.6301347517	2.6342355334	2.6382289814	2.6420882656	2.6458419087	2.6494519754	2.6529521236	2.6563138528	2.6595714140	2.6626661704	2.6656611341	2.6685073952	2.6712316934	2.6738424886	2.6762845341	2.6786299049	2.6808450248	2.6829093711	2.6848858820	2.6867070603	2.6884056671	2.6900025712	2.6914897119	2.6928362078	2.6940598844	2.6951992581	2.6962480112	2.6971413033	2.6979545667	2.6986522950	2.6992668210	2.6998043635	2.7002644908	2.7006468035	2.7009509374	2.7011765631	2.7013233870	2.7013911545	2.7013796544	2.7012887211	2.7011182346	2.7008681170	2.7005383297	2.7001288716	2.6996397791	2.6990711221	2.6984230030	2.6976728803	2.6968177254	2.6958534023	2.6947456558	2.6935480917	2.6922613042	2.6908011155	2.6892245109	2.6875374435	2.6857339781	2.6837561999	2.6816649919	2.6794388370	2.6770601941	2.6745585761	2.6719041793	2.6690929662	2.6661551492	2.6630543691	2.6598366724	2.6564319153	2.6529066477	2.6492222301	2.6454072051	2.6414286119	2.6373322230	2.6330600837	2.6286701418	2.6241307146	2.6194615852	2.6146549550	2.6097147571	2.6046518666	2.5994548146	2.5941415742	2.5887053922	2.5831500397	2.5774887496	2.5717145207	2.5658341823	2.5598574829	2.5537831831	2.5476115500	2.5413578261	2.5350209158	2.5285959108	2.5221016980	2.5155375715	2.5089054770	2.5022115731	2.4954634166	2.4886624318	2.4818087180	2.4749140321	2.4679806582	2.4610118337	2.4540111472	2.4469848221	2.4399364547	2.4328681612	2.4257858001	2.4186930475	2.4115932390	2.4044898074	2.3973870625	2.3902879083	2.3831954857	2.3761134972	2.3690455654	2.3619932562	2.3549603523	2.3479494119	2.3409642504	2.3340049333	2.3270751282	2.3201792357	2.3133169994	2.3064896189	2.2996996562	2.2929539603	2.2862478099	2.2795839890	2.2729670170	2.2663967898	2.2598722410	2.2533958123	2.2469751443	2.2406023247	2.2342799565	2.2280143331	2.2218017592	2.2156419625	2.2095379812	2.2034918679	2.1974981550	2.1915640251	2.1856902514	2.1798682707	2.1741033769	1.8836037106	1.8836037106	1.8836037106	1.8836037106	1.8836037106	1.8836037106	1.8836037106	1.8836037106	1.8836037106	1.8836037106	1.8836037106	1.8836037106
1.8836037106	1.8836037106	1.8836037106	1.8836037106	1.8836037106	1.8836037106	1.8836037106	1.8836037106	1.8836037106	1.8836037106	1.8836037106	1.8836037106	2.1737011046	2.1772967804	2.1809357493	2.1846360254	2.1883891791	2.1922002584	2.1960680340	2.1999913201	2.2039732416	2.2080065532	2.2121057866	2.2162564848	2.2204674886	2.2247310159	2.2290596061	2.2334410921	2.2378828151	2.2423792483	2.2469369509	2.2515479838	2.2562212425	2.2609484093	2.2657341555	2.2705726665	2.2754732689	2.2804242867	2.2854352316	2.2904977038	2.2956158118	2.3007857062	2.3060097943	2.3112859221	2.3166107971	2.3219895259	2.3274133319	2.3328884813	2.3384081315	2.3439736474	2.3495839781	2.3552357947	2.3609294945	2.3666617989	2.3724322567	2.3782386037	2.3840784110	2.3899505711	2.3958521239	2.4017814891	2.4077360925	2.4137135038	2.4197113103	2.4257265620	2.4317572408	2.4377998235	2.4438516487	2.4499100463	2.4559710309	2.4620326717	2.4680910220	2.4741416865	2.4801837239	2.4862119255	2.4922212272	2.4982120995	2.5041770369	2.5101127646	2.5160190530	2.5218854881	2.5277143491	2.5335005110	2.5392330287	2.5449197215	2.5505481859	2.5561132402	2.5616207058	2.5670536687	2.5724188195	2.5777086559	2.5829135110	2.5880414807	2.5930772207	2.5980272790	2.6028797237	2.6076323781	2.6122959254	2.6168347328	2.6212893748	2.6256099820	2.6298340885	2.6339347850	2.6379320541	2.6417888965	2.6455435498	2.6491550688	2.6526592546	2.6560205787	2.6592774409	2.6623778713	2.6653768269	2.6682256036	2.6709479590	2.6735687757	2.6760093322	2.6783583854	2.6805775529	2.6826434724	2.6846186039	2.6864515188	2.6881524804	2.6897499268	2.6912383588	2.6926005478	2.6938234312	2.6949620788	2.6960155725	2.6969212844	2.6977340240	2.6984438146	2.6990579063	2.6995950444	2.7000547989	2.7004367711	2.7007405969	2.7009659485	2.7011125347	2.7011801035	2.7011684452	2.7010773940	2.7009068281	2.7006566671	2.7003268709	2.6999174382	2.6994284039	2.6988598364	2.6982118374	2.6974491600	2.6965942041	2.6956114200	2.6945039956	2.6933068218	2.6920156182	2.6905439094	2.6889639486	2.6872740062	2.6854713744	2.6834811484	2.6813909761	2.6791570211	2.6767740775	2.6742735331	2.6716082103	2.6687985398	2.6658576083	2.6627521596	2.6595280167	2.6561234989	2.6525981654	2.6489089989	2.6450910089	2.6411117899	2.6370174963	2.6327408141	2.6283504724	2.6238100126	2.6191384689	2.6143323476	2.6093909376	2.6043277117	2.5991318011	2.5938172893	2.5883823538	2.5828280302	2.5771667638	2.5713944586	2.5655150579	2.5595397200	2.5534676902	2.5472970591	2.5410444334	2.5347108646	2.5282875287	2.5217950153	2.5152333519	2.5086042683	2.5019127163	2.4951669742	2.4883697055	2.4815186011	2.4746267054	2.4676964986	2.4607311021	2.4537335795	2.4467104783	2.4396654651	2.4326007522	2.4255219022	2.4184326659	2.4113364545	2.4042366605	2.3971375398	2.3900420839	2.3829532826	2.3758749424	2.3688107776	2.3617622727	2.3547330158	2.3477256313	2.3407442810	2.3337887881	2.3268626877	2.3199702550	2.3131116970	2.3062878361	2.2995012397	2.2927592748	2.2860568405	2.2793965701	2.2727828240	2.2662160742	2.2596949246	2.2532215052	2.2468043546	2.2404350270	2.2341159724	2.2278532886	2.2216439099	2.2154871448	2.2093859679	2.2033430746	2.1973521151	2.1914208088	2.1855501689	2.1797312254	2.1739683228	1.8836037106	1.8836037106	1.8836037106	1.8836037106	1.8836037106	1.8836037106	1.8836037106	1.8836037106	1.8836037106	1.8836037106	1.8836037106	1.8836037106
1.8836037106	1.8836037106	1.8836037106	1.8836037106	1.8836037106	1.8836037106	1.8836037106	1.8836037106	1.8836037106	1.8836037106	1.8836037106	1.8836037106	2.1735891275	2.1771830780	2.1808194409	2.1845173201	2.1882681019	2.1920763144	2.1959417710	2.1998622970	2.2038414977	2.2078716572	2.2119683604	2.2161162369	2.2203241799	2.2245850579	2.2289102064	2.2332888083	2.2377271205	2.2422202684	2.2467747535	2.2513828285	2.2560523395	2.2607761456	2.2655583228	2.2703930822	2.2752903056	2.2802378989	2.2852449322	2.2903035889	2.2954179626	2.3005836791	2.3058042068	2.3110760653	2.3163972701	2.3217716461	2.3271915414	2.3326623930	2.3381778092	2.3437391569	2.3493450007	2.3549925708	2.3606819099	2.3664097301	2.3721758373	2.3779776824	2.3838130239	2.3896807329	2.3955777271	2.4015026082	2.4074526762	2.4134255807	2.4194188487	2.4254295902	2.4314557873	2.4374937913	2.4435412750	2.4495951682	2.4556516494	2.4617091029	2.4677629444	2.4738093833	2.4798472726	2.4858710245	2.4918765882	2.4978632726	2.5038240374	2.5097565015	2.5156585355	2.5215214469	2.5273470355	2.5331291998	2.5388591340	2.5445424409	2.5501674663	2.5557309790	2.5612348161	2.5666655106	2.5720288982	2.5773157589	2.5825199474	2.5876460136	2.5926795731	2.5976304151	2.6024803048	2.6072333026	2.6118934313	2.6164340285	2.6208856898	2.6252087070	2.6294334961	2.6335340799	2.6375364404	2.6413900299	2.6451448480	2.6487594834	2.6522690486	2.6556298327	2.6588857629	2.6619937524	2.6649902202	2.6678475664	2.6705699180	2.6732030932	2.6756425804	2.6779921331	2.6802136887	2.6822891823	2.6842624720	2.6861110206	2.6878151146	2.6894111085	2.6909034238	2.6922865168	2.6935083352	2.6946460067	2.6956986095	2.6966280694	2.6974401109	2.6981659787	2.6987794939	2.6993160951	2.6997753545	2.7001568753	2.7004602942	2.7006852846	2.7008315575	2.7008988634	2.7008869939	2.7007957831	2.7006251075	2.7003748852	2.7000450748	2.6996356735	2.6991467140	2.6985782631	2.6979218853	2.6971510132	2.6962963248	2.6952889431	2.6941819556	2.6929853112	2.6916721108	2.6902011800	2.6886167539	2.6869229864	2.6851064109	2.6831146631	2.6810258750	2.6787815308	2.6763928600	2.6738937489	2.6712138708	2.6684062574	2.6654611781	2.6623495105	2.6591167802	2.6557125819	2.6521871613	2.6484916680	2.6446697279	2.6406896752	2.6365903309	2.6323154382	2.6279245634	2.6233827275	2.6187079665	2.6139025229	2.6089594970	2.6038958236	2.5987013056	2.5933852262	2.5879519506	2.5823989968	2.5767377606	2.5709680174	2.5650898650	2.5591163395	2.5530473331	2.5468780355	2.5406268717	2.5342954805	2.5278766403	2.5213863896	2.5148280065	2.5082029332	2.5015145134	2.4947719869	2.4879783509	2.4811320391	2.4742438596	2.4673178712	2.4603570407	2.4533637324	2.4463449255	2.4393043802	2.4322444369	2.4251702638	2.4180857114	2.4109942919	2.4038993543	2.3968050507	2.3897145228	2.3826305440	2.3755570639	2.3684979173	2.3614544804	2.3544300820	2.3474274346	2.3404511618	2.3335007635	2.3265795985	2.3196917750	2.3128381174	2.3060190624	2.2992368338	2.2924998397	2.2858023563	2.2791468163	2.2725373678	2.2659752510	2.2594589009	2.2529892200	2.2465767558	2.2402120808	2.2338974411	2.2276386739	2.2214335523	2.2152808263	2.2091833859	2.2031447830	2.1971577170	2.1912299486	2.1853634846	2.1795485858	2.1737883284	1.8836037106	1.8836037106	1.8836037106	1.8836037106	1.8836037106	1.8836037106	1.8836037106	1.8836037106	1.8836037106	1.8836037106	1.8836037106	1.8836037106
1.8836037106	1.8836037106	1.8836037106	1.8836037106	1.8836037106	1.8836037106	1.8836037106	1.8836037106	1.8836037106	1.8836037106	1.8836037106	1.8836037106	2.1734495218	2.1770410268	2.1806741391	2.1843690242	2.1881168423	2.1919214736	2.1957840337	2.1997011125	2.2036769149	2.2077031375	2.2117966806	2.2159410330	2.2201451532	2.2244027225	2.2287235724	2.2330985721	2.2375326246	2.2420220768	2.2465721360	2.2511765171	2.2558413474	2.2605609564	2.2653386763	2.2701693921	2.2750617539	2.2800050706	2.2850072187	2.2900611104	2.2951708263	2.3003313195	2.3055474010	2.3108139278	2.3161305494	2.3214994897	2.3269145014	2.3323799858	2.3378901147	2.3434462573	2.3490464978	2.3546887654	2.3603726589	2.3660948796	2.3718555540	2.3776517774	2.3834815425	2.3893436999	2.3952349953	2.4011542772	2.4070986818	2.4130659589	2.4190535550	2.4250586697	2.4310792709	2.4371115298	2.4431536206	2.4492018897	2.4552527480	2.4613049737	2.4673531855	2.4733943483	2.4794270587	2.4854452550	2.4914461520	2.4974276079	2.5033831633	2.5093114311	2.5152082758	2.5210667886	2.5268882448	2.5326654657	2.5383921753	2.5440712556	2.5496919881	2.5552532976	2.5607528851	2.5661807489	2.5715419367	2.5768250833	2.5820284414	2.5871521326	2.5921829710	2.5971347935	2.6019796002	2.6067349228	2.6113897106	2.6159336180	2.6203815584	2.6247075866	2.6289332292	2.6330336730	2.6370423926	2.6408919204	2.6446469445	2.6482654715	2.6517817542	2.6551418634	2.6583966288	2.6615140569	2.6645069570	2.6673711170	2.6700978064	2.6727278505	2.6751842440	2.6775314256	2.6797592665	2.6818467113	2.6838176948	2.6856857620	2.6873898690	2.6889879308	2.6904850857	2.6918804962	2.6931147523	2.6942511915	2.6953026684	2.6962617852	2.6970729525	2.6978036541	2.6984317043	2.6989676388	2.6994262828	2.6998072423	2.7001101563	2.7003346996	2.7004805849	2.7005475644	2.7005354307	2.7004440180	2.7002732021	2.7000229001	2.6996930687	2.6992837028	2.6987948327	2.6982265236	2.6975491726	2.6967785692	2.6959024972	2.6948861202	2.6937796915	2.6925837230	2.6912430612	2.6897711532	2.6881831216	2.6864845855	2.6846471051	2.6826569625	2.6805665387	2.6783125962	2.6759167780	2.6734194610	2.6707214097	2.6679148518	2.6649576176	2.6618466799	2.6586032274	2.6551994295	2.6516739008	2.6479705073	2.6441436347	2.6401625408	2.6360549538	2.6317842305	2.6273874166	2.6228491342	2.6181693190	2.6133657560	2.6084207110	2.6033564773	2.5981636970	2.5928456583	2.5874144538	2.5818632089	2.5762020087	2.5704354630	2.5645588675	2.5585860200	2.5525223706	2.5463547360	2.5401053959	2.5337767220	2.5273628816	2.5208760667	2.5143217779	2.5077017108	2.5010172004	2.4942786875	2.4874895417	2.4806487753	2.4737657164	2.4668449944	2.4598898641	2.4529018168	2.4458883708	2.4388534034	2.4317994147	2.4247310806	2.4176523760	2.4105669389	2.4034780647	2.3963897754	2.3893054102	2.3822275679	2.3751600305	2.3681071497	2.3610700409	2.3540517087	2.3470549761	2.3400850431	2.3331410063	2.3262260040	2.3193439359	2.3124963973	2.3056836354	2.2989066092	2.2921757817	2.2854844807	2.2788348477	2.2722307656	2.2656744343	2.2591640779	2.2526990652	2.2462924534	2.2399335886	2.2336244623	2.2273705860	2.2211707807	2.2150230989	2.2089303244	2.2028970797	2.1969153552	2.1909915271	2.1851302791	2.1793204291	2.1735634630	1.8836037106	1.8836037106	1.8836037106	1.8836037106	1.8836037106	1.8836037106	1.8836037106	1.8836037106	1.8836037106	1.8836037106	1.8836037106	1.8836037106
1.8836037106	1.8836037106	1.8836037106	1.8836037106	1.8836037106	1.8836037106	1.8836037106	1.8836037106	1.8836037106	1.8836037106	1.8836037106	1.8836037106	2.1732823618	2.1768706800	2.1804999007	2.1841911950	2.1879354586	2.1917357957	2.1955948834	2.1995078297	2.2034795581	2.2075010610	2.2115908160	2.2157309436	2.2199304811	2.2241840840	2.2284997808	2.2328704625	2.2372994084	2.2417845893	2.2463291842	2.2509291374	2.2555883568	2.2603029346	2.2650753115	2.2699012799	2.2747877145	2.2797259049	2.2847221972	2.2897703772	2.2948745135	2.3000287423	2.3052394945	2.3104996306	2.3158107587	2.3211731835	2.3265823417	2.3320413930	2.3375451847	2.3430950886	2.3486886131	2.3543245253	2.3600018921	2.3657174015	2.3714715647	2.3772610503	2.3830841322	2.3889396362	2.3948241015	2.4007366755	2.4066742905	2.4126348234	2.4186155674	2.4246139938	2.4306278890	2.4366532523	2.4426888915	2.4487304207	2.4547745409	2.4608205023	2.4668619682	2.4728968091	2.4789233139	2.4849348533	2.4909301591	2.4969053502	2.5028546640	2.5087779048	2.5146685320	2.5205217754	2.5263382814	2.5321095797	2.5378324274	2.5435064447	2.5491220347	2.5546806398	2.5601752038	2.5655996778	2.5709582319	2.5762369298	2.5814392957	2.5865601432	2.5915877230	2.5965407238	2.6013794404	2.6061375521	2.6107859403	2.6153335785	2.6197772996	2.6241069384	2.6283336054	2.6324338825	2.6364390687	2.6402948844	2.6440501558	2.6476733472	2.6511898504	2.6545569805	2.6578103484	2.6609390883	2.6639277097	2.6668000342	2.6695319195	2.6721582063	2.6746348594	2.6769791930	2.6792145614	2.6813163238	2.6832845342	2.6851637126	2.6868777270	2.6884806285	2.6899835708	2.6913770965	2.6926428813	2.6937778249	2.6948279330	2.6957923578	2.6966327057	2.6973624318	2.6980112235	2.6985498262	2.6990077374	2.6993880281	2.6996903401	2.6999143506	2.7000597740	2.7001263636	2.7001139132	2.7000222571	2.6998512705	2.6996008693	2.6992710082	2.6988616795	2.6983729113	2.6977886654	2.6971022686	2.6963319914	2.6954189573	2.6944031413	2.6932974026	2.6921022647	2.6907286996	2.6892499609	2.6876631618	2.6859590574	2.6840965291	2.6821083209	2.6800021347	2.6777411772	2.6753457858	2.6728346226	2.6701311379	2.6673181811	2.6643514279	2.6612439904	2.6579876888	2.6545843726	2.6510477784	2.6473458542	2.6435130700	2.6395303739	2.6354132613	2.6311475346	2.6267425383	2.6222095765	2.6175231145	2.6127223911	2.6077749241	2.6027100166	2.5975193169	2.5921989274	2.5867702026	2.5812210032	2.5755589750	2.5697971274	2.5639223948	2.5579502917	2.5518906527	2.5457274812	2.5394803236	2.5331549034	2.5267466469	2.5202643530	2.5137149687	2.5071008987	2.5004210712	2.4936873660	2.4869035991	2.4800694659	2.4731925524	2.4662778892	2.4593298392	2.4523480949	2.4453410720	2.4383127876	2.4312659338	2.4242045959	2.4171328982	2.4100546297	2.4029730210	2.3958919384	2.3888149581	2.3817446007	2.3746844599	2.3676387240	2.3606091552	2.3535980925	2.3466084480	2.3396461128	2.3327096998	2.3258020831	2.3189269121	2.3120867070	2.3052814872	2.2985119766	2.2917872588	2.2851033676	2.2784608143	2.2718631638	2.2653137666	2.2588105939	2.2523527032	2.2459515789	2.2395996782	2.2332971601	2.2270491459	2.2208557128	2.2147140769	2.2086268950	2.2026000730	2.1966247517	2.1907056478	2.1848506534	2.1790468521	2.1732947183	1.8836037106	1.8836037106	1.8836037106	1.8836037106	1.8836037106	1.8836037106	1.8836037106	1.8836037106	1.8836037106	1.8836037106	1.8836037106	1.8836037106
1.8836037106	1.8836037106	1.8836037106	1.8836037106	1.8836037106	1.8836037106	1.8836037106	1.8836037106	1.8836037106	1.8836037106	1.8836037106	1.8836037106	2.1730874669	2.1766721019	2.1802967934	2.1839839012	2.1877240202	2.1915193521	2.1953743932	2.1992825239	2.2032495050	2.2072666915	2.2113508485	2.2154860531	2.2196802503	2.2239292316	2.2282389233	2.2326045736	2.2370275689	2.2415077728	2.2460460003	2.2506407942	2.2552934754	2.2600021909	2.2647683422	2.2695887791	2.2744683073	2.2794005248	2.2843899941	2.2894315192	2.2945291543	2.2996760842	2.3048806275	2.3101333174	2.3154380454	2.3207928789	2.3261952175	2.3316467739	2.3371431824	2.3426858181	2.3482715182	2.3539000263	2.3595697896	2.3652774805	2.3710241899	2.3768056949	2.3826209913	2.3884687445	2.3943452536	2.4002500625	2.4061797196	2.4121323966	2.4181051590	2.4240957951	2.4301018791	2.4361192107	2.4421473355	2.4481808553	2.4542172870	2.4602559526	2.4662893201	2.4723170404	2.4783363183	2.4843399662	2.4903289003	2.4962967959	2.5022388414	2.5081562294	2.5140396167	2.5198867247	2.5256974676	2.5314618698	2.5371802226	2.5428483454	2.5484579483	2.5540134070	2.5595021223	2.5649226511	2.5702781410	2.5755507788	2.5807528734	2.5858682872	2.5908941982	2.5958453512	2.6006801993	2.6054375980	2.6100824984	2.6146317302	2.6190732934	2.6234071408	2.6276325364	2.6317350876	2.6357337033	2.6395990113	2.6433548608	2.6469834867	2.6504941573	2.6538722242	2.6571270997	2.6602692106	2.6632528443	2.6661346770	2.6688726115	2.6714945153	2.6739947661	2.6763357740	2.6785799039	2.6806983383	2.6826633061	2.6845394033	2.6862809627	2.6878894872	2.6893913436	2.6907904623	2.6920929664	2.6932261431	2.6942746313	2.6952375767	2.6961142053	2.6968481465	2.6974958832	2.6980622713	2.6985198980	2.6988994151	2.6992010302	2.6994244233	2.6995693108	2.6996354476	2.6996226281	2.6995306868	2.6993594984	2.6991089771	2.6987790755	2.6983697837	2.6978696241	2.6972674730	2.6965813678	2.6957803124	2.6948553803	2.6938402418	2.6927353348	2.6915025156	2.6901293069	2.6886426295	2.6870490024	2.6853431462	2.6834550094	2.6814690686	2.6793445290	2.6770733741	2.6746803252	2.6721434828	2.6694434283	2.6666230223	2.6636451839	2.6605418283	2.6572705602	2.6538644234	2.6503150436	2.6466181125	2.6427776688	2.6387935970	2.6346656682	2.6304011374	2.6259912314	2.6214611041	2.6167702586	2.6119695667	2.6070225494	2.6019534645	2.5967685749	2.5914454430	2.5860185006	2.5804727835	2.5748096577	2.5690510259	2.5631808422	2.5572096019	2.5511516488	2.5449956966	2.5387520356	2.5324304017	2.5260286465	2.5195516154	2.5130071183	2.5064008537	2.4997264775	2.4929983692	2.4862208651	2.4793944560	2.4725246983	2.4656168715	2.4586760083	2.4517025834	2.4447033376	2.4376828359	2.4306442913	2.4235911013	2.4165275640	2.4094576443	2.4023844975	2.3953118084	2.3882434293	2.3811817900	2.3741303042	2.3670929363	2.3600720640	2.3530695824	2.3460880804	2.3391345954	2.3322070631	2.3253080494	2.3184409127	2.3116092502	2.3048128165	2.2980520612	2.2913350565	2.2846592011	2.2780248953	2.2714347373	2.2648934183	2.2583986148	2.2519490271	2.2455545229	2.2392105024	2.2329156834	2.2266744986	2.2204884895	2.2143539455	2.2082732311	2.2022538924	2.1962860327	2.1903726532	2.1845247273	2.1787279671	2.1729815930	1.8836037106	1.8836037106	1.8836037106	1.8836037106	1.8836037106	1.8836037106	1.8836037106	1.8836037106	1.8836037106	1.8836037106	1.8836037106	1.8836037106
1.8836037106	1.8836037106	1.8836037106	1.8836037106	1.8836037106	1.8836037106	1.8836037106	1.8836037106	1.8836037106	1.8836037106	1.8836037106	1.8836037106	2.1728648902	2.1764453629	2.1800657643	2.1837472229	2.1874826085	2.1912722258	2.1951226485	2.1990252827	2.2029868456	2.2069991476	2.2110768735	2.2152064595	2.2193945616	2.2236382684	2.2279414206	2.2323010145	2.2367172185	2.2411917426	2.2457227031	2.2503116093	2.2549568287	2.2596590092	2.2644179006	2.2692320254	2.2741036718	2.2790290736	2.2840107565	2.2890446873	2.2941349040	2.2992735046	2.3044709632	2.3097151563	2.3150125815	2.3203588461	2.3257533100	2.3311963142	2.3366842984	2.3422186459	2.3477954137	2.3534154741	2.3590765621	2.3647753324	2.3705135395	2.3762859377	2.3820925559	2.3879312628	2.3937986950	2.3996946453	2.4056152242	2.4115589144	2.4175225968	2.4235043462	2.4295011690	2.4355096901	2.4415292439	2.4475532844	2.4535812902	2.4596116348	2.4656355363	2.4716553648	2.4776664008	2.4836609724	2.4896427168	2.4956022925	2.5015360495	2.5074467640	2.5133216082	2.5191620078	2.5249661798	2.5307223277	2.5364359475	2.5420973495	2.5477001258	2.5532519995	2.5587329162	2.5641500780	2.5695020763	2.5747676170	2.5799695936	2.5850758488	2.5901028228	2.5950450269	2.5998823097	2.6046352692	2.6092798230	2.6138308769	2.6182692285	2.6226086342	2.6268261649	2.6309377304	2.6349288510	2.6388045730	2.6425586997	2.6461963291	2.6497003441	2.6530893945	2.6563433762	2.6594927469	2.6624827865	2.6653754641	2.6681202953	2.6707371911	2.6732643610	2.6756014521	2.6778484249	2.6799709185	2.6819543808	2.6838269459	2.6855999220	2.6872084592	2.6887139187	2.6901209136	2.6914212721	2.6925964289	2.6936430377	2.6946042638	2.6954793245	2.6962610214	2.6969075492	2.6974728261	2.6979563924	2.6983416098	2.6986424356	2.6988651285	2.6990094074	2.6990750287	2.6990617876	2.6989695186	2.6987980958	2.6985474319	2.6982174779	2.6977923276	2.6972743826	2.6966724659	2.6959702145	2.6951363276	2.6942120384	2.6931977063	2.6920937833	2.6908169789	2.6894381253	2.6879495037	2.6863481065	2.6846086664	2.6827229296	2.6807395931	2.6785941250	2.6763113469	2.6739209825	2.6713548482	2.6686587163	2.6658298180	2.6628393369	2.6597350332	2.6564483594	2.6530412426	2.6494789841	2.6457877368	2.6419316095	2.6379529276	2.6338126570	2.6295468513	2.6251339799	2.6205971932	2.6159112345	2.6111033687	2.6061640677	2.6010895110	2.5959095684	2.5905856822	2.5851561656	2.5796190199	2.5739546365	2.5681958612	2.5623333612	2.5563644081	2.5503083728	2.5441585698	2.5379209754	2.5316036558	2.5252093131	2.5187382811	2.5121989167	2.5055986591	2.4989333161	2.4922121014	2.4854417379	2.4786241370	2.4717625391	2.4648625079	2.4579298191	2.4509655591	2.4439755266	2.4369638583	2.4299347448	2.4228909358	2.4158367056	2.4087763084	2.4017128133	2.3946496980	2.3875911299	2.3805394349	2.3734978219	2.3664699993	2.3594590472	2.3524667042	2.3454950296	2.3385508465	2.3316333510	2.3247441520	2.3178861806	2.3110642641	2.3042778543	2.2975270879	2.2908189386	2.2841521955	2.2775272996	2.2709456898	2.2644135876	2.2579283334	2.2514882196	2.2451018718	2.2387662395	2.2324802053	2.2262468127	2.2200692749	2.2139435633	2.2078694881	2.2018586894	2.1958993457	2.1899940521	2.1841526372	2.1783638946	2.1726240525	1.8836037106	1.8836037106	1.8836037106	1.8836037106	1.8836037106	1.8836037106	1.8836037106	1.8836037106	1.8836037106	1.8836037106	1.8836037106	1.8836037106
1.8836037106	1.8836037106	1.8836037106	1.8836037106	1.8836037106	1.8836037106	1.8836037106	1.8836037106	1.8836037106	1.8836037106	1.8836037106	1.8836037106	2.1726146674	2.1761905279	2.1798063094	2.1834814799	2.1872113169	2.1909945123	2.1948397462	2.1987362061	2.2026916828	2.2066984982	2.2107690269	2.2148922745	2.2190735301	2.2233113126	2.2276071387	2.2319599101	2.2363684856	2.2408366305	2.2453600352	2.2499417219	2.2545785599	2.2592738741	2.2640241380	2.2688311738	2.2736941529	2.2786117147	2.2835846527	2.2886100545	2.2936919399	2.2988215134	2.3040106887	2.3092461919	2.3145345639	2.3198713582	2.3252568265	2.3306902270	2.3361687512	2.3416938204	2.3472605294	2.3528713754	2.3585224512	2.3642112051	2.3699398658	2.3757020388	2.3814990305	2.3873274636	2.3931848381	2.3990707099	2.4049810967	2.4109146446	2.4168681869	2.4228399602	2.4288263714	2.4348250176	2.4408346618	2.4468483499	2.4528668983	2.4588870446	2.4649011796	2.4709121509	2.4769126287	2.4828983211	2.4888719974	2.4948206259	2.5007466902	2.5066499166	2.5125141197	2.5183480446	2.5241447836	2.5298915187	2.5356000392	2.5412518673	2.5468490157	2.5523968699	2.5578676314	2.5632824216	2.5686248704	2.5738880815	2.5790857278	2.5841859080	2.5892123902	2.5941462420	2.5989859575	2.6037342451	2.6083784150	2.6129315202	2.6173645555	2.6217119220	2.6259206244	2.6300342927	2.6340250223	2.6379124404	2.6416594460	2.6453044471	2.6488089143	2.6522102976	2.6554632736	2.6586107557	2.6616180229	2.6645048157	2.6672635718	2.6698867066	2.6724100642	2.6747761647	2.6770190547	2.6791530428	2.6811581837	2.6830267626	2.6848053214	2.6864401429	2.6879530105	2.6893605366	2.6906664792	2.6918748638	2.6929334760	2.6938927341	2.6947659979	2.6955525517	2.6962464776	2.6968105007	2.6972929233	2.6976933256	2.6980113316	2.6982366994	2.6983802979	2.6984453415	2.6984316264	2.6983389870	2.6981672968	2.6979070906	2.6975572008	2.6971233438	2.6966055532	2.6959888633	2.6952460850	2.6944127858	2.6934892559	2.6924758719	2.6913225671	2.6900469185	2.6886577027	2.6871639867	2.6855608845	2.6837837495	2.6819007305	2.6798957520	2.6777420734	2.6754553260	2.6730613351	2.6704692162	2.6677737396	2.6649299958	2.6619344023	2.6588105757	2.6555243955	2.6521168569	2.6485401389	2.6448397729	2.6409815369	2.6370089072	2.6328547765	2.6285875377	2.6241713341	2.6196270662	2.6149446718	2.6101306659	2.6051935799	2.6001193194	2.5949347815	2.5896201879	2.5841877742	2.5786516665	2.5729944453	2.5672355020	2.5613768894	2.5554150652	2.5493613424	2.5432184376	2.5369876482	2.5306747383	2.5242891399	2.5178248372	2.5112912291	2.5046974299	2.4980411186	2.4913290234	2.4845666108	2.4777589552	2.4709065139	2.4640152301	2.4570917144	2.4501377405	2.4431580483	2.4361562631	2.4291373808	2.4221042327	2.4150606945	2.4080109933	2.4009583321	2.3939059634	2.3868584083	2.3798178766	2.3727873466	2.3657702393	2.3587704240	2.3517894631	2.3448291935	2.3378955618	2.3309888540	2.3241106990	2.3172629928	2.3104520188	2.3036768639	2.2969373134	2.2902391066	2.2835825949	2.2769686592	2.2703962531	2.2638745004	2.2573999694	2.2509704943	2.2445933052	2.2382670921	2.2319909231	2.2257662804	2.2195982556	2.2134824631	2.2074162483	2.2014146368	2.1954648601	2.1895686484	2.1837345339	2.1779547550	1.8836037106	1.8836037106	1.8836037106	1.8836037106	1.8836037106	1.8836037106	1.8836037106	1.8836037106	1.8836037106	1.8836037106	1.8836037106	1.8836037106	1.8836037106
1.8836037106	1.8836037106	1.8836037106	1.8836037106	1.8836037106	1.8836037106	1.8836037106	1.8836037106	1.8836037106	1.8836037106	1.8836037106	1.8836037106	1.8836037106	2.1759076416	2.1795183605	2.1831867349	2.1869103616	2.1906863195	2.1945257959	2.1984154063	2.2023641319	2.2063648618	2.2104274319	2.2145436237	2.2187172849	2.2229484965	2.2272361964	2.2315815059	2.2359815147	2.2404425845	2.2449577084	2.2495312882	2.2541588301	2.2588465294	2.2635872245	2.2683863986	2.2732399311	2.2781486325	2.2831118721	2.2881279196	2.2932004617	2.2983213465	2.3035000144	2.3087258955	2.3140042143	2.3193305070	2.3247060007	2.3301287521	2.3355967868	2.3411115685	2.3466671242	2.3522679330	2.3579077289	2.3635861191	2.3693034544	2.3750543546	2.3808406107	2.3866576541	2.3925041008	2.3983785778	2.4042776852	2.4101999714	2.4161422733	2.4221027351	2.4280778590	2.4340655596	2.4400635579	2.4460664338	2.4520745007	2.4580827026	2.4640866542	2.4700875112	2.4760761770	2.4820524383	2.4880159873	2.4939535913	2.4998712107	2.5057635447	2.5116185502	2.5174453029	2.5232298063	2.5289701110	2.5346725044	2.5403126868	2.5459051192	2.5514424960	2.5569080323	2.5623187981	2.5676508843	2.5729127045	2.5781002817	2.5831990090	2.5882209406	2.5931495518	2.5979914588	2.6027350866	2.6073788375	2.6119304551	2.6163613690	2.6207021453	2.6249164853	2.6290321007	2.6330227878	2.6369226146	2.6406622881	2.6443079403	2.6478204329	2.6512285054	2.6544873497	2.6576327342	2.6606590999	2.6635389858	2.6663115784	2.6689435938	2.6714609068	2.6738609695	2.6760993164	2.6782460340	2.6802621997	2.6821393318	2.6839136736	2.6855880037	2.6871011987	2.6885132790	2.6898281530	2.6910348060	2.6921463226	2.6931033548	2.6939745837	2.6947592834	2.6954567993	2.6960665452	2.6965567322	2.6969559812	2.6972729533	2.6975073113	2.6976587593	2.6977270416	2.6977119427	2.6976132875	2.6974309418	2.6971648128	2.6968148496	2.6963810450	2.6958366233	2.6951849265	2.6944426604	2.6936100537	2.6926874141	2.6916458986	2.6904667761	2.6891817301	2.6877920973	2.6862884914	2.6846506062	2.6828688901	2.6809889113	2.6789575478	2.6767891050	2.6745054802	2.6720746030	2.6694871461	2.6667807913	2.6639209671	2.6609309589	2.6577854912	2.6544998639	2.6510816648	2.6474991128	2.6437886371	2.6399280630	2.6359400557	2.6317926427	2.6275200581	2.6231039108	2.6185513437	2.6138703820	2.6090520774	2.6041136132	2.5990432456	2.5938538639	2.5885439049	2.5831139337	2.5775776542	2.5719273058	2.5661705437	2.5603162331	2.5543617494	2.5483111377	2.5421758729	2.5359526203	2.5296442614	2.5232647075	2.5168108698	2.5102845950	2.5036979481	2.4970516432	2.4903496515	2.4835957784	2.4767978478	2.4699565592	2.4630755223	2.4561621705	2.4492195948	2.4422513615	2.4352605282	2.4282529839	2.4212315913	2.4141999527	2.4071621153	2.4001215296	2.3930811934	2.3860456742	2.3790174975	2.3719992523	2.3649940223	2.3580065521	2.3510382086	2.3440905822	2.3371686468	2.3302738980	2.3234083741	2.3165724908	2.3097728172	2.3030101406	2.2962830252	2.2895958412	2.2829506731	2.2763489331	2.2697885639	2.2632764294	2.2568137693	2.2503960908	2.2440290567	2.2377132878	2.2314482804	2.2252331174	2.2190756413	2.2129708483	2.2069155079	2.2009219288	2.1949827659	2.1890966262	2.1832711097	2.1775006771	1.8836037106	1.8836037106	1.8836037106	1.8836037106	1.8836037106	1.8836037106	1.8836037106	1.8836037106	1.8836037106	1.8836037106	1.8836037106	1.8836037106	1.8836037106
1.8836037106	1.8836037106	1.8836037106	1.8836037106	1.8836037106	1.8836037106	1.8836037106	1.8836037106	1.8836037106	1.8836037106	1.8836037106	1.8836037106	1.8836037106	2.1755967388	2.1792020090	2.1828629558	2.1865799469	2.1903481032	2.1941809187	2.1980630074	2.2020043207	2.2059983698	2.2100522014	2.2141610682	2.2183259694	2.2225499672	2.2268287453	2.2311661125	2.2355564660	2.2400097689	2.2445158019	2.2490804820	2.2536978183	2.2583771586	2.2631078036	2.2678978936	2.2727410560	2.2776400315	2.2825926250	2.2875994527	2.2926606912	2.2977720397	2.3029391741	2.3081544943	2.3134217789	2.3187365455	2.3241011223	2.3295121558	2.3349687622	2.3404721702	2.3460154856	2.3516052800	2.3572326971	2.3628997919	2.3686046221	2.3743437418	2.3801176286	2.3859222321	2.3917566304	2.3976186047	2.4035054142	2.4094152662	2.4153452341	2.4212932500	2.4272560274	2.4332315652	2.4392169414	2.4452079559	2.4512037649	2.4571996231	2.4631924042	2.4691807181	2.4751578748	2.4811237924	2.4870742825	2.4930017447	2.4989095382	2.5047889912	2.5106354094	2.5164519312	2.5222253816	2.5279586381	2.5336484493	2.5392817261	2.5448675483	2.5503931718	2.5558546916	2.5612556956	2.5665817735	2.5718394485	2.5770186130	2.5821157558	2.5871327024	2.5920555707	2.5968998920	2.6016333308	2.6062817114	2.6108218341	2.6152597371	2.6195931492	2.6238143773	2.6279321346	2.6319227792	2.6358125277	2.6395675380	2.6432142256	2.6467355268	2.6501346887	2.6534097623	2.6565559523	2.6595973235	2.6624789212	2.6652646832	2.6679067988	2.6704191094	2.6728403282	2.6750892065	2.6772312673	2.6792613026	2.6811651887	2.6829348732	2.6846135487	2.6861617825	2.6875818556	2.6888945571	2.6901124527	2.6912250590	2.6922365487	2.6931054956	2.6938881141	2.6945837392	2.6951917732	2.6957116822	2.6961429915	2.6964619545	2.6966953049	2.6968458773	2.6969134157	2.6968977048	2.6967985701	2.6966158788	2.6963495400	2.6959840905	2.6955140227	2.6949532947	2.6943020141	2.6935603540	2.6927285600	2.6917870158	2.6907047074	2.6895213740	2.6882293151	2.6868302318	2.6853228396	2.6836432638	2.6818646418	2.6799656535	2.6779218939	2.6757431055	2.6734629290	2.6709915838	2.6684092595	2.6656909789	2.6628135170	2.6598264879	2.6566576497	2.6533686838	2.6499315693	2.6463565755	2.6426328912	2.6387707952	2.6347654908	2.6306243818	2.6263390831	2.6219323934	2.6173674081	2.6126913174	2.6078682883	2.6029283044	2.5978614698	2.5926674957	2.5873618080	2.5819353152	2.5763988374	2.5707552509	2.5650016445	2.5591520451	2.5532056075	2.5471583993	2.5410285803	2.5348165175	2.5285131421	2.5221395700	2.5156945221	2.5091792391	2.5026008034	2.4959654702	2.4892745571	2.4825300459	2.4757421475	2.4689122840	2.4620436691	2.4551417144	2.4482115058	2.4412559741	2.4342771522	2.4272820436	2.4202735451	2.4132549590	2.4062301354	2.3992028191	2.3921759430	2.3851536076	2.3781387210	2.3711340520	2.3641417737	2.3571678275	2.3502133276	2.3432795733	2.3363704708	2.3294888436	2.3226371796	2.3158151628	2.3090282496	2.3022780112	2.2955645419	2.2888894533	2.2822567332	2.2756683773	2.2691213203	2.2626213086	2.2561700084	2.2497652746	2.2434093850	2.2371050785	2.2308526014	2.2246479585	2.2185016640	2.2124089443	2.2063655409	2.2003814132	2.1944532726	2.1885781887	2.1827622230	2.1770018226	1.8836037106	1.8836037106	1.8836037106	1.8836037106	1.8836037106	1.8836037106	1.8836037106	1.8836037106	1.8836037106	1.8836037106	1.8836037106	1.8836037106	1.8836037106
1.8836037106	1.8836037106	1.8836037106	1.8836037106	1.8836037106	1.8836037106	1.8836037106	1.8836037106	1.8836037106	1.8836037106	1.8836037106	1.8836037106	1.8836037106	2.1752578881	2.1788573633	2.1825102678	2.1862200347	2.1899810700	2.1938052477	2.1976791461	2.2016123897	2.2055991661	2.2096434841	2.2137447239	2.2178997410	2.2221158863	2.2263849513	2.2307136731	2.2350938645	2.2395383643	2.2440345014	2.2485894940	2.2531957208	2.2578659632	2.2625865197	2.2673658714	2.2721977464	2.2770864391	2.2820271424	2.2870239362	2.2920728720	2.2971738426	2.3023284245	2.3075322517	2.3127875282	2.3180897512	2.3234428046	2.3288407303	2.3342858359	2.3397759326	2.3453072040	2.3508837388	2.3564980592	2.3621524914	2.3678437154	2.3735700179	2.3793304468	2.3851217079	2.3909428063	2.3967911783	2.4026646089	2.4085609338	2.4144774677	2.4204119608	2.4263613074	2.4323235076	2.4382952610	2.4442733738	2.4502557980	2.4562382815	2.4622187107	2.4681935856	2.4741582258	2.4801118681	2.4860491830	2.4919656178	2.4978610386	2.5037281729	2.5095650789	2.5153689842	2.5211320887	2.5268561373	2.5325338168	2.5381595911	2.5437355093	2.5492510766	2.5547075745	2.5600986306	2.5654181820	2.5706708496	2.5758409390	2.5809368080	2.5859467493	2.5908649687	2.5957068828	2.6004334733	2.6050801166	2.6096153368	2.6140562593	2.6183858371	2.6226149913	2.6267221974	2.6307240570	2.6346044747	2.6383754015	2.6420161638	2.6455509914	2.6489443459	2.6522361696	2.6553812986	2.6584204307	2.6613252907	2.6641030253	2.6667620607	2.6692853234	2.6716995489	2.6739895075	2.6761263688	2.6781709234	2.6800863672	2.6818695097	2.6835433525	2.6851250654	2.6865552073	2.6878782453	2.6890959716	2.6902177275	2.6912366081	2.6921592063	2.6929395079	2.6936330271	2.6942391553	2.6947573480	2.6951871206	2.6955280445	2.6957797438	2.6959418916	2.6960142086	2.6959964610	2.6958884606	2.6956900653	2.6954011798	2.6950217570	2.6945518010	2.6939913719	2.6933405910	2.6925996463	2.6917461687	2.6907608465	2.6896766474	2.6884825213	2.6871858575	2.6857814191	2.6842233041	2.6825468370	2.6807716180	2.6788407465	2.6767790196	2.6746037218	2.6722892606	2.6698129613	2.6672237357	2.6644865525	2.6616083527	2.6585950264	2.6554265468	2.6521367181	2.6486800267	2.6451020201	2.6413657611	2.6375114293	2.6334873231	2.6293439905	2.6250539333	2.6206411379	2.6160789751	2.6113977295	2.6065800494	2.6016333207	2.5965754038	2.5913764221	2.5860746504	2.5806526535	2.5751144030	2.5694797085	2.5637295240	2.5578812794	2.5519453062	2.5459038281	2.5397780891	2.5335726764	2.5272812952	2.5209149827	2.5144794873	2.5079759528	2.5014066404	2.4947815410	2.4881034806	2.4813700297	2.4745930365	2.4677755944	2.4609204525	2.4540309230	2.4471133882	2.4401713084	2.4332065189	2.4262250956	2.4192306194	2.4122262287	2.4052155583	2.3982026739	2.3911904378	2.3841824417	2.3771820107	2.3701922814	2.3632151003	2.3562553078	2.3493152438	2.3423965807	2.3355014382	2.3286340856	2.3217975007	2.3149905707	2.3082176696	2.3014808338	2.2947822313	2.2881204042	2.2815011073	2.2749273151	2.2683947438	2.2619079229	2.2554690123	2.2490783363	2.2427345734	2.2364427401	2.2302038997	2.2240127618	2.2178765779	2.2117969980	2.2057665869	2.1997934677	2.1938766085	2.1880135585	2.1822079595	2.1764583884	1.8836037106	1.8836037106	1.8836037106	1.8836037106	1.8836037106	1.8836037106	1.8836037106	1.8836037106	1.8836037106	1.8836037106	1.8836037106	1.8836037106	1.8836037106
1.8836037106	1.8836037106	1.8836037106	1.8836037106	1.8836037106	1.8836037106	1.8836037106	1.8836037106	1.8836037106	1.8836037106	1.8836037106	1.8836037106	1.8836037106	2.1748912026	2.1784845532	2.1821288064	2.1858307627	2.1895840920	2.1933989270	2.1972639707	2.2011884917	2.2051674078	2.2092014415	2.2132944381	2.2174400283	2.2216464291	2.2259049956	2.2302243734	2.2345951763	2.2390285669	2.2435140086	2.2480585317	2.2526529503	2.2573131622	2.2620228164	2.2667905634	2.2716102403	2.2764879583	2.2814156755	2.2864016277	2.2914377188	2.2965270265	2.3016680444	2.3068594535	2.3121017555	2.3173904255	2.3227310290	2.3281147924	2.3335474732	2.3390231882	2.3445416455	2.3501036581	2.3557042483	2.3613445833	2.3670213060	2.3727335657	2.3784794568	2.3842563056	2.3900630379	2.3958967173	2.4017556972	2.4076374116	2.4135394360	2.4194593241	2.4253941655	2.4313419616	2.4372989931	2.4432631837	2.4492311541	2.4551991952	2.4611662196	2.4671266516	2.4730777781	2.4790181677	2.4849412583	2.4908457904	2.4967278545	2.5025816912	2.5084079425	2.5141986192	2.5199505588	2.5256641424	2.5313292573	2.5369469399	2.5425121709	2.5480168863	2.5534678182	2.5588475174	2.5641608060	2.5694080765	2.5745669082	2.5796628784	2.5846582231	2.5895784716	2.5944061444	2.5991368218	2.6037767412	2.6083117112	2.6127559068	2.6170781076	2.6213133678	2.6254138387	2.6294185437	2.6332992159	2.6370873433	2.6407181363	2.6442541218	2.6476582291	2.6509551868	2.6541104080	2.6571487604	2.6600788216	2.6628478730	2.6655251772	2.6680602589	2.6704669109	2.6727827313	2.6749317448	2.6769705888	2.6789032111	2.6807182308	2.6823868149	2.6839635567	2.6854456527	2.6867673708	2.6879936931	2.6891168643	2.6901445250	2.6910690252	2.6919016027	2.6926051821	2.6932092019	2.6937254975	2.6941535746	2.6944929964	2.6947433798	2.6949043936	2.6949757553	2.6949572302	2.6948486307	2.6946498171	2.6943606982	2.6939812333	2.6935114361	2.6929513785	2.6923011946	2.6915238113	2.6906355372	2.6896477827	2.6885518270	2.6873553539	2.6860497499	2.6846087181	2.6830350616	2.6813619954	2.6795551315	2.6776134047	2.6755439278	2.6733725772	2.6710100238	2.6685394810	2.6659358528	2.6631775062	2.6603062436	2.6572645158	2.6540946051	2.6507890833	2.6473278395	2.6437363677	2.6399967365	2.6361329297	2.6321063702	2.6279606318	2.6236654288	2.6192415001	2.6146838623	2.6099936913	2.6051816083	2.6002322315	2.5951738021	2.5899814518	2.5846751651	2.5792643433	2.5737261227	2.5680917624	2.5623537875	2.5565079892	2.5505748161	2.5445455176	2.5384268378	2.5322281390	2.5259485175	2.5195916735	2.5131659319	2.5066756284	2.5001161581	2.4935011789	2.4868344840	2.4801153744	2.4733511733	2.4665470955	2.4597065400	2.4528304221	2.4459265678	2.4389987412	2.4320491940	2.4250827215	2.4181032480	2.4111142393	2.4041189710	2.3971216309	2.3901252031	2.3831326911	2.3761478702	2.3691742746	2.3622133981	2.3552692368	2.3483444173	2.3414421082	2.3345626821	2.3277101801	2.3208897561	2.3140991223	2.3073413564	2.3006189974	2.2939364635	2.2872906475	2.2806852292	2.2741260975	2.2676091761	2.2611366056	2.2547110793	2.2483355918	2.2420053828	2.2357265725	2.2295024664	2.2233259210	2.2172026860	2.2111352775	2.2051189064	2.1991576847	2.1932530216	2.1874029775	2.1816085527	2.1758705890	1.8836037106	1.8836037106	1.8836037106	1.8836037106	1.8836037106	1.8836037106	1.8836037106	1.8836037106	1.8836037106	1.8836037106	1.8836037106	1.8836037106	1.8836037106
1.8836037106	1.8836037106	1.8836037106	1.8836037106	1.8836037106	1.8836037106	1.8836037106	1.8836037106	1.8836037106	1.8836037106	1.8836037106	1.8836037106	1.8836037106	2.1744968071	2.1780837203	2.1817187183	2.1854122798	2.1891573205	2.1929621125	2.1968189281	2.2007327916	2.2047032641	2.2087262485	2.2128103899	2.2169461017	2.2211417854	2.2253890732	2.2296984138	2.2340591322	2.2384805887	2.2429545416	2.2474878189	2.2520719096	2.2567189921	2.2614169365	2.2661722191	2.2709787941	2.2758447257	2.2807593413	2.2857328045	2.2907555901	2.2958318834	2.3009583339	2.3061364075	2.3113647765	2.3166395629	2.3219661270	2.3273355836	2.3327540223	2.3382146894	2.3437189929	2.3492654123	2.3548512607	2.3604764597	2.3661376216	2.3718347962	2.3775650797	2.3833264559	2.3891177847	2.3949356725	2.4007791401	2.4066451711	2.4125316209	2.4184357419	2.4243551051	2.4302874414	2.4362285794	2.4421779222	2.4481301792	2.4540829237	2.4600355643	2.4659800177	2.4719171255	2.4778432960	2.4837507824	2.4896428892	2.4955104975	2.5013501956	2.5071650203	2.5129405701	2.5186814716	2.5243838326	2.5300345430	2.5356444791	2.5411959919	2.5466913256	2.5521357682	2.5575004879	2.5628103933	2.5680417994	2.5731986409	2.5782824306	2.5832744202	2.5881890931	2.5930092571	2.5977433314	2.6023758949	2.6069117645	2.6113483647	2.6156737764	2.6198992645	2.6240088500	2.6280166182	2.6318975697	2.6356763068	2.6393237147	2.6428614954	2.6462771498	2.6495630977	2.6527382382	2.6557756809	2.6587071538	2.6615000164	2.6641718355	2.6667242381	2.6691431847	2.6714511516	2.6736484119	2.6756814401	2.6776208677	2.6794428302	2.6811446400	2.6827160012	2.6841945119	2.6855710411	2.6867975886	2.6879288928	2.6889567899	2.6898924214	2.6907220858	2.6914592688	2.6921024942	2.6926167040	2.6930429194	2.6933806950	2.6936296411	2.6937894211	2.6938597494	2.6938403900	2.6937311561	2.6935319110	2.6932425688	2.6928630965	2.6923935175	2.6918158778	2.6911206010	2.6903293312	2.6894352281	2.6884375639	2.6873389351	2.6861324684	2.6847994624	2.6833291342	2.6817588394	2.6800704063	2.6782452039	2.6762822596	2.6742165298	2.6719993139	2.6696362884	2.6671584070	2.6645354650	2.6617718200	2.6588794915	2.6558284395	2.6526566007	2.6493278682	2.6458758735	2.6422644152	2.6385253907	2.6346391670	2.6306209252	2.6264592884	2.6221744525	2.6177363005	2.6131825562	2.6084860082	2.6036716301	2.5987271620	2.5936617620	2.5884773988	2.5831723060	2.5777608878	2.5722337724	2.5666002845	2.5608679921	2.5550327420	2.5491029929	2.5430840748	2.5369756388	2.5307837889	2.5245171203	2.5181704261	2.5117533280	2.5052742488	2.4987291474	2.4921259800	2.4854714727	2.4787674777	2.4720172664	2.4652265499	2.4584007947	2.4515404377	2.4446517069	2.4377391717	2.4308059785	2.4238555474	2.4168921502	2.4099196047	2.4029410359	2.3959602681	2.3889808278	2.3820051651	2.3750369218	2.3680805622	2.3611371858	2.3542098013	2.3473013440	2.3404165968	2.3335548026	2.3267193847	2.3199147249	2.3131412577	2.3063997394	2.2996929211	2.2930276389	2.2863990135	2.2798100214	2.2732656390	2.2667649857	2.2603077155	2.2538965594	2.2475373815	2.2412233707	2.2349577862	2.2287486158	2.2225877413	2.2164785793	2.2104241549	2.2044227801	2.1984743382	2.1925827797	2.1867469669	2.1809642543	2.1752386513	1.8836037106	1.8836037106	1.8836037106	1.8836037106	1.8836037106	1.8836037106	1.8836037106	1.8836037106	1.8836037106	1.8836037106	1.8836037106	1.8836037106	1.8836037106
1.8836037106	1.8836037106	1.8836037106	1.8836037106	1.8836037106	1.8836037106	1.8836037106	1.8836037106	1.8836037106	1.8836037106	1.8836037106	1.8836037106	1.8836037106	2.1740748280	2.1776550160	2.1812801622	2.1849647460	2.1887009181	2.1924949711	2.1963431083	2.2002464238	2.2042069166	2.2082180924	2.2122927716	2.2164179273	2.2206021585	2.2248373936	2.2291360094	2.2334859527	2.2378946569	2.2423563339	2.2468775956	2.2514506524	2.2560837125	2.2607691398	2.2655111055	2.2703038883	2.2751570227	2.2800588814	2.2850177628	2.2900263344	2.2950887335	2.3001996133	2.3053644141	2.3105769278	2.3158380788	2.3211484526	2.3265033851	2.3319058547	2.3373508003	2.3428396367	2.3483694016	2.3539395061	2.3595485407	2.3651930845	2.3708743260	2.3765877663	2.3823326845	2.3881075108	2.3939085276	2.3997355414	2.4055847183	2.4114545017	2.4173417728	2.4232446670	2.4291599415	2.4350846715	2.4410181111	2.4469528800	2.4528900679	2.4588263787	2.4647543234	2.4706769046	2.4765858674	2.4824786612	2.4883575788	2.4942071017	2.5000343797	2.5058347377	2.5115951320	2.5173255514	2.5230108416	2.5286511937	2.5342498426	2.5397865906	2.5452751687	2.5507018858	2.5560614345	2.5613601240	2.5665818544	2.5717340241	2.5768060101	2.5817961785	2.5867043947	2.5915170739	2.5962547932	2.6008728003	2.6054121349	2.6098376543	2.6141684374	2.6183883581	2.6225081057	2.6265037659	2.6303957391	2.6341658012	2.6378334682	2.6413600768	2.6447855559	2.6480761644	2.6512664220	2.6543086657	2.6572380679	2.6600603042	2.6627224395	2.6652949063	2.6677246594	2.6700287559	2.6722362540	2.6743031238	2.6762366844	2.6780758899	2.6797896483	2.6813831611	2.6828562057	2.6842354827	2.6855148040	2.6866453983	2.6876835022	2.6886155171	2.6894547420	2.6901957725	2.6908371888	2.6913852153	2.6918393056	2.6921917795	2.6924391625	2.6925976064	2.6926668223	2.6926465734	2.6925366740	2.6923369906	2.6920444620	2.6916382708	2.6911358855	2.6905374039	2.6898421215	2.6890396473	2.6881402826	2.6871370411	2.6860298929	2.6847957400	2.6834291227	2.6819620810	2.6803863560	2.6786665849	2.6768187171	2.6748595204	2.6727799837	2.6705256612	2.6681689238	2.6656740949	2.6630263999	2.6602703891	2.6573449383	2.6542934868	2.6511111334	2.6477671685	2.6443006974	2.6406835067	2.6369537840	2.6330437062	2.6290222972	2.6248543272	2.6205643368	2.6161264558	2.6115706865	2.6068756291	2.6020559393	2.5971187317	2.5920466873	2.5868677481	2.5815670046	2.5761549314	2.5706366481	2.5650070845	2.5592808422	2.5534561960	2.5475307270	2.5415219284	2.5354253616	2.5292399681	2.5229827275	2.5166504907	2.5102441931	2.5037755007	2.4972450749	2.4906567393	2.4840149793	2.4773269747	2.4705920744	2.4638156112	2.4570048281	2.4501613073	2.4432895141	2.4363931979	2.4294771895	2.4225441619	2.4155980031	2.4086430285	2.4016822836	2.3947192043	2.3877579078	2.3808006496	2.3738506872	2.3669119373	2.3599870185	2.3530776518	2.3461865550	2.3393205584	2.3324775901	2.3256604135	2.3188727847	2.3121174479	2.3053942116	2.2987037782	2.2920561953	2.2854459284	2.2788744783	2.2723460256	2.2658625671	2.2594221906	2.2530258279	2.2466840703	2.2403873614	2.2341381955	2.2279429968	2.2217985496	2.2157044194	2.2096638975	2.2036785091	2.1977437217	2.1918661703	2.1860459325	2.1802753338	2.1745628165	1.8836037106	1.8836037106	1.8836037106	1.8836037106	1.8836037106	1.8836037106	1.8836037106	1.8836037106	1.8836037106	1.8836037106	1.8836037106	1.8836037106	1.8836037106
1.8836037106	1.8836037106	1.8836037106	1.8836037106	1.8836037106	1.8836037106	1.8836037106	1.8836037106	1.8836037106	1.8836037106	1.8836037106	1.8836037106	1.8836037106	2.1736253913	2.1771985988	2.1808133068	2.1844883329	2.1882150586	2.1919976811	2.1958365863	2.1997289036	2.2036785591	2.2076771729	2.2117417882	2.2158557157	2.2200277651	2.2242521274	2.2285373892	2.2328758728	2.2372710133	2.2417208628	2.2462281171	2.2507894403	2.2554076102	2.2600797029	2.2648075065	2.2695877242	2.2744251484	2.2793134423	2.2842568176	2.2892502748	2.2942979188	2.2993922233	2.3045429516	2.3097385680	2.3149852229	2.3202785186	2.3256178746	2.3310033667	2.3364315988	2.3419040180	2.3474160529	2.3529696152	2.3585612744	2.3641881538	2.3698525768	2.3755479985	2.3812759732	2.3870327125	2.3928161330	2.3986253299	2.4044565943	2.4103085633	2.4161780338	2.4220631605	2.4279604412	2.4338678725	2.4397829016	2.4457006056	2.4516208952	2.4575387224	2.4634506397	2.4693560604	2.4752476643	2.4811256650	2.4869858443	2.4928208880	2.4986338079	2.5044160663	2.5101642728	2.5158789510	2.5215496550	2.5271791328	2.5327607729	2.5382878239	2.5437636080	2.5491771324	2.5545304174	2.5598160807	2.5650294564	2.5701753052	2.5752347755	2.5802243900	2.5851185402	2.5899305006	2.5946532141	2.5992746014	2.6038058619	2.6082314495	2.6125666427	2.6167778583	2.6209002636	2.6248932610	2.6287891231	2.6325598852	2.6362334358	2.6397636926	2.6431911137	2.6464953214	2.6496733589	2.6527387745	2.6556679333	2.6584906977	2.6611814692	2.6637439513	2.6661970154	2.6685164348	2.6707153083	2.6728206912	2.6747640427	2.6765968736	2.6783324577	2.6799427585	2.6814330440	2.6828068049	2.6840859711	2.6852694439	2.6863105602	2.6872516061	2.6880930324	2.6888354303	2.6894838989	2.6900356664	2.6904873965	2.6908449846	2.6911080012	2.6912760763	2.6913488980	2.6913262118	2.6912078205	2.6909935844	2.6906834228	2.6902773147	2.6897733745	2.6891662106	2.6884619227	2.6876605830	2.6867503371	2.6857425697	2.6845979966	2.6833353418	2.6819719010	2.6805030265	2.6788892486	2.6771532193	2.6753011568	2.6733462796	2.6712068825	2.6689588843	2.6665862198	2.6640687699	2.6614220472	2.6586392040	2.6557054742	2.6526510551	2.6494417835	2.6461079793	2.6426223659	2.6390019850	2.6352457032	2.6313475611	2.6273166972	2.6231480691	2.6188439763	2.6144107574	2.6098440765	2.6051567439	2.6003321239	2.5953996226	2.5903295815	2.5851493794	2.5798602518	2.5744448977	2.5689352820	2.5633131347	2.5575886389	2.5517765293	2.5458589658	2.5398552189	2.5337708214	2.5275982013	2.5213494342	2.5150295785	2.5086387658	2.5021817373	2.4956668919	2.4890943029	2.4824658049	2.4757920466	2.4690741197	2.4623148968	2.4555201883	2.4486945479	2.4418407433	2.4349616173	2.4280634275	2.4211488971	2.4142214812	2.4072851965	2.4003434304	2.3933991149	2.3864570775	2.3795193734	2.3725888339	2.3656688653	2.3587634875	2.3518741088	2.3450025183	2.3381549940	2.3313315838	2.3245337926	2.3177642626	2.3110281949	2.3043247936	2.2976541357	2.2910236394	2.2844318463	2.2778790426	2.2713675213	2.2649023410	2.2584809169	2.2521019208	2.2457760470	2.2394977328	2.2332660224	2.2270862989	2.2209586944	2.2148805453	2.2088548033	2.2028864142	2.1969669712	2.1911034996	2.1852998288	2.1795452475	2.1738433310	1.8836037106	1.8836037106	1.8836037106	1.8836037106	1.8836037106	1.8836037106	1.8836037106	1.8836037106	1.8836037106	1.8836037106	1.8836037106	1.8836037106	1.8836037106
1.8836037106	1.8836037106	1.8836037106	1.8836037106	1.8836037106	1.8836037106	1.8836037106	1.8836037106	1.8836037106	1.8836037106	1.8836037106	1.8836037106	1.8836037106	2.1731500644	2.1767146182	2.1803183261	2.1839832227	2.1876999277	2.1914704322	2.1952995562	2.1991802220	2.2031183969	2.2071057240	2.2111576570	2.2152596903	2.2194188347	2.2236320458	2.2279031527	2.2322291414	2.2366099139	2.2410477689	2.2455399149	2.2500885504	2.2546909483	2.2593495936	2.2640617226	2.2688286344	2.2736496412	2.2785233491	2.2834503027	2.2884277542	2.2934597737	2.2985378087	2.3036723538	2.3088516580	2.3140813848	2.3193569405	2.3246794621	2.3300469791	2.3354575163	2.3409125929	2.3464058199	2.3519424832	2.3575151372	2.3631246588	2.3687699392	2.3744469156	2.3801563304	2.3858939935	2.3916589994	2.3974490654	2.4032615223	2.4090944912	2.4149451156	2.4208112488	2.4266896929	2.4325784688	2.4384743712	2.4443740214	2.4502755821	2.4561747057	2.4620694254	2.4679560284	2.4738301781	2.4796910792	2.4855328901	2.4913526223	2.4971483346	2.5029134731	2.5086481568	2.5143457020	2.5200021106	2.5256182193	2.5311837204	2.5367005593	2.5421627124	2.5475624004	2.5529087732	2.5581781301	2.5633855264	2.5685182576	2.5735698543	2.5785503942	2.5834354796	2.5882430454	2.5929550223	2.5975809338	2.6021024557	2.6065307356	2.6108532391	2.6150712578	2.6191835820	2.6231880555	2.6270792454	2.6308591781	2.6345183554	2.6380720184	2.6414902477	2.6448054647	2.6479866586	2.6510660669	2.6540026043	2.6568235673	2.6595390316	2.6621017880	2.6645626797	2.6668974445	2.6691048525	2.6712014423	2.6732032018	2.6750300940	2.6767611091	2.6783928522	2.6799015036	2.6812937789	2.6825674152	2.6837457179	2.6848276590	2.6857930604	2.6866364317	2.6873855965	2.6880348072	2.6885858289	2.6890420450	2.6894029524	2.6896681106	2.6898371403	2.6899095500	2.6898855994	2.6897645708	2.6895464983	2.6892313044	2.6888189735	2.6883095539	2.6877031594	2.6869905924	2.6861797153	2.6852638604	2.6842069206	2.6830483511	2.6817887276	2.6804207223	2.6789133596	2.6772857895	2.6755413168	2.6736932183	2.6716795192	2.6695412460	2.6672885007	2.6648980083	2.6623619191	2.6597173424	2.6569012526	2.6539659396	2.6508979467	2.6476743979	2.6443274346	2.6408312198	2.6372209426	2.6334371865	2.6295391960	2.6254965269	2.6213362447	2.6170182641	2.6125908696	2.6080160116	2.6033254502	2.5985062642	2.5935649420	2.5885056173	2.5833249685	2.5780383293	2.5726338655	2.5671234143	2.5615128332	2.5557961947	2.5499873128	2.5440842958	2.5380902872	2.5320142504	2.5258565926	2.5196198040	2.5133127289	2.5069384141	2.5004938828	2.4939921180	2.4874363769	2.4808247823	2.4741663864	2.4674656750	2.4607251677	2.4539477036	2.4471399418	2.4403052304	2.4334451574	2.4265659036	2.4196709387	2.4127633451	2.4058468350	2.3989252505	2.3920014231	2.3850793467	2.3781620049	2.3712520801	2.3643519194	2.3574672190	2.3505989920	2.3437486089	2.3369206962	2.3301173548	2.3233405601	2.3165904915	2.3098740304	2.3031916241	2.2965418988	2.2899299444	2.2833572484	2.2768246891	2.2703307027	2.2638847532	2.2574833942	2.2511243133	2.2448153774	2.2385548857	2.2323416568	2.2261783165	2.2200685453	2.2140080350	2.2079972227	2.2020468366	2.1961453501	2.1902956787	2.1845089639	2.1787713480	2.1730821450	1.8836037106	1.8836037106	1.8836037106	1.8836037106	1.8836037106	1.8836037106	1.8836037106	1.8836037106	1.8836037106	1.8836037106	1.8836037106	1.8836037106	1.8836037106
1.8836037106	1.8836037106	1.8836037106	1.8836037106	1.8836037106	1.8836037106	1.8836037106	1.8836037106	1.8836037106	1.8836037106	1.8836037106	1.8836037106	1.8836037106	2.1726478903	2.1762031816	2.1797974474	2.1834498821	2.1871557247	2.1909134266	2.1947322233	2.1986005897	2.2025266469	2.2065030633	2.2105406713	2.2146300867	2.2187756099	2.2229770528	2.2272335888	2.2315461576	2.2359116293	2.2403368271	2.2448141464	2.2493482751	2.2539340277	2.2585790659	2.2632740968	2.2680269444	2.2728310623	2.2776889451	2.2825985712	2.2875604876	2.2925746702	2.2976372195	2.3027530125	2.3079151669	2.3131269766	2.3183838174	2.3236888556	2.3290371370	2.3344299028	2.3398657939	2.3453403898	2.3508580241	2.3564110958	2.3620018921	2.3676269878	2.3732848829	2.3789743104	2.3846921703	2.3904374472	2.3962073414	2.4019999728	2.4078129052	2.4136436439	2.4194897699	2.4253483563	2.4312174258	2.4370931762	2.4429738265	2.4488556456	2.4547350550	2.4606115090	2.4664783240	2.4723341759	2.4781770554	2.4839992549	2.4898031135	2.4955806948	2.5013277956	2.5070481078	2.5127264329	2.5183690872	2.5239702828	2.5295183533	2.5350257131	2.5404683347	2.5458586306	2.5511897047	2.5564475737	2.5616452613	2.5667633620	2.5718105535	2.5767764996	2.5816598044	2.5864600268	2.5911634329	2.5957901917	2.6002986173	2.6047253483	2.6090411278	2.6132645405	2.6173693086	2.6213846244	2.6252639788	2.6290487234	2.6327091201	2.6362726806	2.6396925616	2.6430104462	2.6462073768	2.6492734606	2.6522364948	2.6550571319	2.6577704975	2.6603694473	2.6628195218	2.6651770232	2.6673961329	2.6694931817	2.6714860249	2.6733762971	2.6751004598	2.6767287082	2.6782593964	2.6796654769	2.6809650986	2.6821378945	2.6832147054	2.6841945725	2.6850766081	2.6858384569	2.6864892315	2.6870447951	2.6875045694	2.6878653604	2.6881284131	2.6882956605	2.6883667826	2.6883415203	2.6882196758	2.6880011129	2.6876857578	2.6872680341	2.6867520351	2.6861380597	2.6854262976	2.6845761991	2.6836234434	2.6825689551	2.6814132362	2.6801400048	2.6787393414	2.6772167174	2.6755801461	2.6738394211	2.6719434205	2.6699157060	2.6677804755	2.6655102398	2.6630892204	2.6605614079	2.6578762128	2.6550593194	2.6521213677	2.6490226882	2.6458100989	2.6424397475	2.6389409518	2.6353062684	2.6315294996	2.6276246942	2.6235765325	2.6193999133	2.6150901840	2.6106512040	2.6060876325	2.6013872634	2.5965792764	2.5916295241	2.5865762337	2.5814003370	2.5761124280	2.5707181290	2.5652119368	2.5596081717	2.5539039237	2.5480996466	2.5422094928	2.5362281818	2.5301601060	2.5240184102	2.5177948503	2.5114984572	2.5051389055	2.4987119118	2.4922246949	2.4856842319	2.4790916899	2.4724509127	2.4657676909	2.4590470038	2.4522882473	2.4454990353	2.4386836781	2.4318443397	2.4249854304	2.4181109480	2.4112243128	2.4043287230	2.3974283968	2.3905261644	2.3836252462	2.3767292494	2.3698414073	2.3629633259	2.3560996586	2.3492529470	2.3424249239	2.3356176876	2.3288355058	2.3220810888	2.3153534211	2.3086574548	2.3019952503	2.2953676010	2.2887751992	2.2822226429	2.2757117646	2.2692393526	2.2628114944	2.2564300803	2.2500920072	2.2438011385	2.2375592433	2.2313658054	2.2252194509	2.2191284925	2.2130876149	2.2070936114	2.2011601381	2.1952776064	2.1894459265	2.1836736512	2.1779538214	1.8836037106	1.8836037106	1.8836037106	1.8836037106	1.8836037106	1.8836037106	1.8836037106	1.8836037106	1.8836037106	1.8836037106	1.8836037106	1.8836037106	1.8836037106	1.8836037106
1.8836037106	1.8836037106	1.8836037106	1.8836037106	1.8836037106	1.8836037106	1.8836037106	1.8836037106	1.8836037106	1.8836037106	1.8836037106	1.8836037106	1.8836037106	1.8836037106	2.1756643394	2.1792491447	2.1828887627	2.1865830735	2.1903273140	2.1941348043	2.1979902284	2.2019035369	2.2058684761	2.2098910496	2.2139679488	2.2180983457	2.2222874098	2.2265286167	2.2308275575	2.2351764662	2.2395883293	2.2440500524	2.2485689224	2.2531371656	2.2577678936	2.2624470489	2.2671829971	2.2719693518	2.2768111085	2.2817019949	2.2866481587	2.2916431569	2.2966892671	2.3017853403	2.3069294623	2.3121224327	2.3173595956	2.3226465803	2.3279743096	2.3333490769	2.3387641142	2.3442201602	2.3497167554	2.3552499570	2.3608203567	2.3664244877	2.3720620758	2.3777304956	2.3834275426	2.3891521036	2.3949007807	2.4006725874	2.4064644551	2.4122742980	2.4180992638	2.4239371224	2.4297853078	2.4356399548	2.4415007542	2.4473609873	2.4532205327	2.4590773191	2.4649227295	2.4707604646	2.4765823755	2.4823857321	2.4881725672	2.4939282273	2.4996599163	2.5053607522	2.5110217527	2.5166499176	2.5222301971	2.5277668233	2.5332549145	2.5386846431	2.5440623086	2.5493758825	2.5546269219	2.5598093117	2.5649178952	2.5699579946	2.5749092558	2.5797925746	2.5845741829	2.5892782244	2.5938863194	2.5984010700	2.6028194164	2.6071357365	2.6113537873	2.6154597482	2.6194626890	2.6233553427	2.6271370217	2.6308059784	2.6343543657	2.6378008800	2.6411068880	2.6443124575	2.6473886979	2.6503534677	2.6531919416	2.6559040755	2.6585095769	2.6609866998	2.6633332025	2.6655808828	2.6676919194	2.6696804175	2.6715681906	2.6733532444	2.6749745795	2.6764992453	2.6779260487	2.6792345242	2.6804395941	2.6815183452	2.6824931602	2.6833705351	2.6841496503	2.6848297558	2.6854101714	2.6858672761	2.6862281270	2.6864925788	2.6866602425	2.6867307927	2.6867039668	2.6865795656	2.6863574532	2.6860375581	2.6856198734	2.6850885306	2.6844442210	2.6836975315	2.6828487412	2.6818982035	2.6808463482	2.6796616915	2.6783678752	2.6769465570	2.6754180573	2.6737851574	2.6719987162	2.6700822429	2.6680611467	2.6659031438	2.6636034594	2.6611874661	2.6586332530	2.6559337117	2.6531143152	2.6501515251	2.6470511282	2.6438178020	2.6404407064	2.6369527009	2.6332868528	2.6295109722	2.6255912735	2.6215560644	2.6173607861	2.6130556021	2.6086069900	2.6040419875	2.5993453495	2.5945327171	2.5895945603	2.5845364109	2.5793753779	2.5740843289	2.5686986769	2.5632020042	2.5576007487	2.5519117112	2.5461146561	2.5402318678	2.5342669909	2.5282096155	2.5220773462	2.5158709893	2.5095902766	2.5032435844	2.4968347200	2.4903658426	2.4838411006	2.4772683555	2.4706465903	2.4639810261	2.4572789195	2.4505413633	2.4437730017	2.4369779263	2.4301604049	2.4233228617	2.4164698063	2.4096051360	2.4027318450	2.3958536587	2.3889741347	2.3820956228	2.3752218482	2.3683572075	2.3615025905	2.3546614190	2.3478366525	2.3410322073	2.3342477834	2.3274872582	2.3207557717	2.3140516478	2.3073775418	2.3007362476	2.2941318443	2.2875613021	2.2810285857	2.2745404774	2.2680907460	2.2616835327	2.2553214976	2.2490054708	2.2427335950	2.2365112508	2.2303392147	2.2242122281	2.2181389462	2.2121187130	2.2061451278	2.2002277022	2.1943641145	2.1885513602	2.1827954107	2.1770929004	1.8836037106	1.8836037106	1.8836037106	1.8836037106	1.8836037106	1.8836037106	1.8836037106	1.8836037106	1.8836037106	1.8836037106	1.8836037106	1.8836037106	1.8836037106	1.8836037106
1.8836037106	1.8836037106	1.8836037106	1.8836037106	1.8836037106	1.8836037106	1.8836037106	1.8836037106	1.8836037106	1.8836037106	1.8836037106	1.8836037106	1.8836037106	1.8836037106	2.1750981528	2.1786733408	2.1822996013	2.1859819307	2.1897143677	2.1935075261	2.1973493706	2.2012493061	2.2052022080	2.2092090093	2.2132732908	2.2173887336	2.2215633914	2.2257885190	2.2300731670	2.2344077204	2.2388025817	2.2432479480	2.2477508158	2.2523024445	2.2569164179	2.2615789258	2.2662971526	2.2710648801	2.2758899013	2.2807618032	2.2856906138	2.2906667249	2.2956943731	2.3007697704	2.3058952672	2.3110682092	2.3162862565	2.3215528044	2.3268608727	2.3322148928	2.3376090087	2.3430446765	2.3485192198	2.3540315974	2.3595806215	2.3651627815	2.3707792939	2.3764254954	2.3821009327	2.3878036085	2.3935300338	2.3992801601	2.4050498199	2.4108376546	2.4166405101	2.4224565980	2.4282822980	2.4341155638	2.4399541619	2.4457927696	2.4516315752	2.4574654414	2.4632911230	2.4691076719	2.4749082647	2.4806930372	2.4864572410	2.4921951723	2.4979079931	2.5035879033	2.5092337306	2.5148416554	2.5204054632	2.5259268553	2.5313962240	2.5368142887	2.5421763074	2.5474740034	2.5527173296	2.5578805386	2.5629829396	2.5680052741	2.5729505010	2.5778179115	2.5825950210	2.5872913236	2.5918903190	2.5964108666	2.6008118836	2.6051311409	2.6093367810	2.6134495250	2.6174448107	2.6213493722	2.6251184145	2.6287932037	2.6323434287	2.6357925517	2.6391092193	2.6423136866	2.6454067008	2.6483634049	2.6512246937	2.6539411355	2.6565442235	2.6590411637	2.6614003162	2.6636416359	2.6657784838	2.6677839140	2.6696658235	2.6714473431	2.6731305813	2.6746521517	2.6760725541	2.6773940099	2.6786087456	2.6797091585	2.6807091175	2.6815815590	2.6823561497	2.6830321375	2.6836088393	2.6840856411	2.6844619974	2.6847374305	2.6849115304	2.6849839543	2.6849544269	2.6848227399	2.6845887531	2.6842523943	2.6838136605	2.6832726189	2.6826294079	2.6818842380	2.6810373935	2.6800701624	2.6789868564	2.6777915450	2.6764761266	2.6750557282	2.6735309626	2.6718458160	2.6700411161	2.6681311379	2.6660864298	2.6639044355	2.6616012460	2.6591732913	2.6565911290	2.6538901561	2.6510598837	2.6480732643	2.6449711281	2.6417184890	2.6383438155	2.6348220102	2.6311700707	2.6273836293	2.6234597927	2.6194059235	2.6152199921	2.6109061478	2.6064641274	2.6018910871	2.5972030127	2.5923804986	2.5874491311	2.5823951870	2.5772322759	2.5719558770	2.5665706281	2.5610854217	2.5554944001	2.5498087716	2.5440288926	2.5381565081	2.5322009899	2.5261617034	2.5200421133	2.5138507016	2.5075886104	2.5012561975	2.4948647891	2.4884166176	2.4819079800	2.4753525795	2.4687515115	2.4621071080	2.4554246814	2.4487090614	2.4419627854	2.4351888118	2.4283932401	2.4215786335	2.4147484575	2.4079068019	2.4010568626	2.3942018625	2.3873461448	2.3804918008	2.3736419518	2.3668004932	2.3599702037	2.3531526450	2.3463508193	2.3395710856	2.3328114870	2.3260750205	2.3193658750	2.3126858035	2.3060346995	2.2994152185	2.2928351781	2.2862889242	2.2797794177	2.2733118706	2.2668854136	2.2604998375	2.2541581219	2.2478651953	2.2416147439	2.2354113746	2.2292617749	2.2231570178	2.2171026874	2.2111017473	2.2051495716	2.1992502677	2.1934052652	2.1876123592	2.1818735003	2.1761888640	1.8836037106	1.8836037106	1.8836037106	1.8836037106	1.8836037106	1.8836037106	1.8836037106	1.8836037106	1.8836037106	1.8836037106	1.8836037106	1.8836037106	1.8836037106	1.8836037106
1.8836037106	1.8836037106	1.8836037106	1.8836037106	1.8836037106	1.8836037106	1.8836037106	1.8836037106	1.8836037106	1.8836037106	1.8836037106	1.8836037106	1.8836037106	1.8836037106	2.1745047701	2.1780702419	2.1816826237	2.1853524097	2.1890724752	2.1928506258	2.1966799817	2.2005643998	2.2045045161	2.2084948155	2.2125458988	2.2166466113	2.2208052850	2.2250135915	2.2292832896	2.2336028284	2.2379799052	2.2424081627	2.2468942939	2.2514305706	2.2560250053	2.2606700944	2.2653697878	2.2701188404	2.2749255564	2.2797797345	2.2846882715	2.2896446336	2.2946530019	2.2997067563	2.3048139017	2.3099647830	2.3151639395	2.3204080969	2.3256959833	2.3310278770	2.3364002243	2.3418145216	2.3472659836	2.3527569585	2.3582832792	2.3638428842	2.3694371479	2.3750600028	2.3807134004	2.3863926056	2.3920965034	2.3978232518	2.4035698169	2.4093344798	2.4151142975	2.4209071657	2.4267098585	2.4325204201	2.4383356118	2.4441522193	2.4499682031	2.4557792926	2.4615839971	2.4673777314	2.4731571331	2.4789211629	2.4846630497	2.4903825040	2.4960744925	2.5017336922	2.5073631076	2.5129495636	2.5184971038	2.5240017653	2.5294510478	2.5348583357	2.5401977662	2.5454851613	2.5507086095	2.5558613497	2.5609493401	2.5659586392	2.5708970283	2.5757495195	2.5805256259	2.5852072517	2.5898033821	2.5943065636	2.5987111548	2.6030212649	2.6072279971	2.6113362610	2.6153321669	2.6192237896	2.6230080443	2.6266755246	2.6302349440	2.6336730073	2.6370196058	2.6402099174	2.6433068246	2.6462829367	2.6491296517	2.6518780509	2.6544817463	2.6569761936	2.6593640242	2.6616092358	2.6637439032	2.6657729273	2.6676714997	2.6694489330	2.6711231568	2.6726981400	2.6741331354	2.6754484796	2.6766642080	2.6777799183	2.6787838176	2.6796793833	2.6804743456	2.6811522760	2.6817250596	2.6821983674	2.6825716520	2.6828444345	2.6830163039	2.6830869175	2.6830560004	2.6829233458	2.6826888158	2.6823523410	2.6819139221	2.6813736302	2.6807316083	2.6799656969	2.6790933425	2.6781147199	2.6770132185	2.6758065077	2.6744941016	2.6730711486	2.6714854072	2.6697928636	2.6679942360	2.6660603398	2.6639922391	2.6618026820	2.6594961012	2.6570311855	2.6544477769	2.6517426907	2.6488756286	2.6459007138	2.6427739924	2.6395142131	2.6361334167	2.6325945506	2.6289390758	2.6251396218	2.6212244565	2.6171542797	2.6129730585	2.6086480297	2.6042074695	2.5996344245	2.5949483009	2.5901304479	2.5851988646	2.5801565681	2.5749899252	2.5697265120	2.5643456789	2.5588671560	2.5532906298	2.5476099599	2.5418445499	2.5359864527	2.5300397556	2.5240186446	2.5179138906	2.5117350757	2.5054915937	2.4991778795	2.4928018318	2.4863712503	2.4798850246	2.4733489780	2.4667686772	2.4601469049	2.4534853100	2.4467912672	2.4400681065	2.4333172985	2.4265447214	2.4197538832	2.4129478077	2.4061302084	2.3993048110	2.3924743902	2.3856431647	2.3788139176	2.3719891559	2.3651719590	2.3583669409	2.3515752542	2.3447985121	2.3380428245	2.3313086162	2.3245972883	2.3179116069	2.3112565479	2.3046312124	2.2980357674	2.2914786062	2.2849573467	2.2784720985	2.2720265690	2.2656239099	2.2592617723	2.2529404713	2.2466716937	2.2404452373	2.2342637355	2.2281340592	2.2220524446	2.2160189761	2.2100373000	2.2041073670	2.1982270172	2.1924014636	2.1866296868	2.1809082584	2.1752420550	1.8836037106	1.8836037106	1.8836037106	1.8836037106	1.8836037106	1.8836037106	1.8836037106	1.8836037106	1.8836037106	1.8836037106	1.8836037106	1.8836037106	1.8836037106	1.8836037106
1.8836037106	1.8836037106	1.8836037106	1.8836037106	1.8836037106	1.8836037106	1.8836037106	1.8836037106	1.8836037106	1.8836037106	1.8836037106	1.8836037106	1.8836037106	1.8836037106	2.1738843839	2.1774400716	2.1810380634	2.1846947472	2.1884018771	2.1921643506	2.1959810627	2.1998504030	2.2037756688	2.2077487450	2.2117860565	2.2158713974	2.2200133905	2.2242062701	2.2284582424	2.2327621156	2.2371206343	2.2415327819	2.2459997099	2.2505199718	2.2550940523	2.2597209882	2.2644012959	2.2691332203	2.2739184901	2.2787541799	2.2836415687	2.2885773314	2.2935656040	2.2985978515	2.3036847789	2.3088143006	2.3139921092	2.3192134763	2.3244797570	2.3297885773	2.3351382254	2.3405302911	2.3459576349	2.3514269753	2.3569289460	2.3624663974	2.3680361058	2.3736358822	2.3792650459	2.3849201630	2.3906002596	2.3963025844	2.4020251629	2.4077655935	2.4135213766	2.4192900748	2.4250687939	2.4308555808	2.4366464304	2.4424401921	2.4482322841	2.4540197631	2.4598025252	2.4655717925	2.4713299203	2.4770713932	2.4827903726	2.4884912088	2.4941584701	2.4997991368	2.5054072859	2.5109731658	2.5165040187	2.5219851952	2.5274211584	2.5328057562	2.5381320445	2.5434034967	2.5486089553	2.5537537795	2.5588242165	2.5638238560	2.5687498700	2.5735894350	2.5783556500	2.5830256432	2.5876155715	2.5921074007	2.5965188876	2.6008113779	2.6050205033	2.6091160371	2.6131195959	2.6170027207	2.6207932223	2.6244556601	2.6280220272	2.6314626453	2.6347932575	2.6380142419	2.6411006830	2.6440854697	2.6469448685	2.6496858717	2.6523170583	2.6548118667	2.6571986811	2.6594772063	2.6616126742	2.6636393636	2.6655637283	2.6673543344	2.6690295507	2.6705955781	2.6720615019	2.6734177517	2.6746271414	2.6757371363	2.6767458391	2.6776532966	2.6784541073	2.6791429730	2.6797302122	2.6802151876	2.6805973331	2.6808697315	2.6810392646	2.6811079866	2.6810756236	2.6809419700	2.6807068900	2.6803604273	2.6799080576	2.6793509613	2.6786892900	2.6779173455	2.6770301356	2.6760372143	2.6749383383	2.6737343834	2.6723914403	2.6709184549	2.6693383015	2.6676460814	2.6658253989	2.6638672515	2.6617919994	2.6596017540	2.6572532871	2.6547857596	2.6521980576	2.6494576460	2.6465979399	2.6435993969	2.6404622985	2.6372138733	2.6337958796	2.6302659323	2.6265956708	2.6227996031	2.6188633730	2.6148011460	2.6106094754	2.6062932159	2.6018433674	2.5972793006	2.5925814978	2.5877736941	2.5828430364	2.5778047827	2.5726492854	2.5673863379	2.5620218276	2.5565471448	2.5509824348	2.5453165720	2.5395573736	2.5337165201	2.5277846314	2.5217738989	2.5156885410	2.5095273436	2.5032982520	2.4970050582	2.4906497391	2.4842370792	2.4777737355	2.4712586649	2.4646985126	2.4580993551	2.4514613456	2.4447899942	2.4380899999	2.4313640580	2.4246158866	2.4178496319	2.4110687442	2.4042763088	2.3974764909	2.3906720800	2.3838663463	2.3770628341	2.3702645689	2.3634731821	2.3566937797	2.3499288847	2.3431791920	2.3364485080	2.3297399083	2.3230554305	2.3163948096	2.3097645683	2.3031660954	2.2965974465	2.2900640032	2.2835671923	2.2771075216	2.2706846585	2.2643068122	2.2579704256	2.2516736259	2.2454259806	2.2392240675	2.2330663120	2.2269576747	2.2208989881	2.2148872753	2.2089257152	2.2030189564	2.1971586045	2.1913531314	2.1856039605	2.1799016709	2.1742528253	1.8836037106	1.8836037106	1.8836037106	1.8836037106	1.8836037106	1.8836037106	1.8836037106	1.8836037106	1.8836037106	1.8836037106	1.8836037106	1.8836037106	1.8836037106	1.8836037106
1.8836037106	1.8836037106	1.8836037106	1.8836037106	1.8836037106	1.8836037106	1.8836037106	1.8836037106	1.8836037106	1.8836037106	1.8836037106	1.8836037106	1.8836037106	1.8836037106	2.1732382603	2.1767830277	2.1803661537	2.1840091907	2.1877028262	2.1914489589	2.1952525029	2.1991061424	2.2030159454	2.2069737947	2.2109940592	2.2150633954	2.2191880201	2.2233659149	2.2275990512	2.2318859204	2.2362251174	2.2406211658	2.2450685987	2.2495710252	2.2541239160	2.2587335642	2.2633920862	2.2681061855	2.2728699877	2.2776855815	2.2825509595	2.2874668429	2.2924326451	2.2974452684	2.3025084012	2.3076161894	2.3127712932	2.3179689461	2.3232133033	2.3284975616	2.3338253956	2.3391925317	2.3445975203	2.3500416212	2.3555196464	2.3610326712	2.3665771462	2.3721526117	2.3777565709	2.3833867323	2.3890420031	2.3947189090	2.4004165825	2.4061317806	2.4118625749	2.4176059390	2.4233599414	2.4291214322	2.4348874656	2.4406570619	2.4464234425	2.4521877761	2.4579450115	2.4636909510	2.4694260035	2.4751423382	2.4808405214	2.4865159368	2.4921627404	2.4977822493	2.5033666016	2.5089153535	2.5144234775	2.5198861670	2.5253049249	2.5306681975	2.5359819996	2.5412338620	2.5464236864	2.5515550280	2.5566065635	2.5615960686	2.5665030623	2.5713374148	2.5760865438	2.5807553833	2.5853312185	2.5898189520	2.5942129625	2.5985087619	2.6027085289	2.6068058070	2.6107992991	2.6146865985	2.6184660630	2.6221459075	2.6256948738	2.6291465694	2.6324751491	2.6357021213	2.6387998978	2.6417805234	2.6446531052	2.6473973233	2.6500307803	2.6525476696	2.6549333978	2.6572112013	2.6593800415	2.6614101246	2.6633276558	2.6651461645	2.6668323517	2.6684077536	2.6698648269	2.6712210300	2.6724751652	2.6736094733	2.6746125569	2.6755147985	2.6763148031	2.6770122054	2.6776064729	2.6780969553	2.6784780682	2.6787538854	2.6789264362	2.6789953674	2.6789603971	2.6788213149	2.6785779823	2.6782303334	2.6777695958	2.6772024502	2.6765291799	2.6757500190	2.6748645054	2.6738736847	2.6727585294	2.6715064447	2.6701461993	2.6686785227	2.6670895870	2.6653824146	2.6635301418	2.6615697123	2.6594906190	2.6572586259	2.6549073648	2.6524365482	2.6498190444	2.6470757589	2.6442022730	2.6411876727	2.6380554835	2.6347729576	2.6313639136	2.6278265063	2.6241444324	2.6203439031	2.6164008140	2.6123449012	2.6081404003	2.6038227686	2.5993746829	2.5948117741	2.5901188604	2.5853116314	2.5803917445	2.5753495390	2.5702069810	2.5649483059	2.5595913442	2.5541318440	2.5485713953	2.5429211220	2.5371768061	2.5313461222	2.5254335032	2.5194377026	2.5133687546	2.5072286152	2.5010154020	2.4947417098	2.4884097194	2.4820150757	2.4755717954	2.4690805236	2.4625433168	2.4559661898	2.4493529761	2.4427066082	2.4360305474	2.4293301201	2.4226077054	2.4158669555	2.4091121820	2.4023462806	2.3955728210	2.3887954723	2.3820164546	2.3752394441	2.3684688849	2.3617055380	2.3549530190	2.3482143559	2.3414928400	2.3347884555	2.3281061290	2.3214498468	2.3148174669	2.3082133369	2.3016400447	2.2950992753	2.2885904901	2.2821191079	2.2756868469	2.2692902463	2.2629356199	2.2566251245	2.2503549276	2.2441301412	2.2379517745	2.2318187265	2.2257319767	2.2196971469	2.2137093674	2.2077674394	2.2018848008	2.1960485156	2.1902614567	2.1845350596	2.1788555456	2.1732226552	1.8836037106	1.8836037106	1.8836037106	1.8836037106	1.8836037106	1.8836037106	1.8836037106	1.8836037106	1.8836037106	1.8836037106	1.8836037106	1.8836037106	1.8836037106	1.8836037106
1.8836037106	1.8836037106	1.8836037106	1.8836037106	1.8836037106	1.8836037106	1.8836037106	1.8836037106	1.8836037106	1.8836037106	1.8836037106	1.8836037106	1.8836037106	1.8836037106	2.1725667509	2.1760992297	2.1796697379	2.1832964893	2.1869756404	2.1907047221	2.1944945774	2.1983319000	2.2022256357	2.2061690362	2.2101703378	2.2142232218	2.2183294980	2.2224918260	2.2267056628	2.2309752328	2.2352937161	2.2396730421	2.2441008676	2.2485841218	2.2531149988	2.2577066923	2.2623450077	2.2670381708	2.2717796745	2.2765750969	2.2814169145	2.2863130717	2.2912553297	2.2962468667	2.3012852884	2.3063705094	2.3115020373	2.3166756512	2.3218968635	2.3271566893	2.3324607845	2.3378026250	2.3431837103	2.3486015433	2.3540547893	2.3595423839	2.3650607260	2.3706111563	2.3761887031	2.3817933450	2.3874225006	2.3930731987	2.3987449769	2.4044338555	2.4101385195	2.4158557763	2.4215837121	2.4273189284	2.4330595031	2.4388024146	2.4445439537	2.4502826713	2.4560140513	2.4617364593	2.4674456973	2.4731381870	2.4788130523	2.4844632981	2.4900894697	2.4956856018	2.5012467320	2.5067771911	2.5122602143	2.5177058468	2.5231020902	2.5284466752	2.5337425553	2.5389735183	2.5441498756	2.5492585436	2.5543024341	2.5592736725	2.5641696978	2.5689933437	2.5737265910	2.5783865463	2.5829488473	2.5874302891	2.5918125423	2.5961164312	2.6002956716	2.6043923629	2.6083781884	2.6122744130	2.6160430678	2.6197165804	2.6232764935	2.6267234693	2.6300605103	2.6332767064	2.6363978214	2.6393749715	2.6422479770	2.6450084237	2.6476391572	2.6501633790	2.6525690523	2.6548456578	2.6570134285	2.6590721466	2.6610013598	2.6628086994	2.6645160159	2.6661057627	2.6675770049	2.6689313983	2.6701773638	2.6713206669	2.6723602569	2.6732923127	2.6740870656	2.6747798301	2.6753698836	2.6758564591	2.6762388687	2.6765169273	2.6766902024	2.6767583349	2.6767210384	2.6765781000	2.6763293807	2.6759748153	2.6755142235	2.6749475628	2.6742752162	2.6734974210	2.6725878654	2.6715572500	2.6704178243	2.6691701564	2.6678117390	2.6663259920	2.6647189407	2.6629818678	2.6611366224	2.6591633598	2.6570477987	2.6548129414	2.6524583530	2.6499598550	2.6473340402	2.6445831335	2.6416902474	2.6386754819	2.6355249931	2.6322326089	2.6288197469	2.6252647864	2.6215983237	2.6177732778	2.6138364156	2.6097635679	2.6055742848	2.6012456812	2.5968093090	2.5922333004	2.5875503068	2.5827438794	2.5778295832	2.5727974510	2.5676579223	2.5624158780	2.5570611881	2.5516184104	2.5460676237	2.5404278778	2.5347042939	2.5288825742	2.5229863550	2.5170112178	2.5109555366	2.5048343656	2.4986431799	2.4923876257	2.4860751284	2.4797055964	2.4732839091	2.4668158557	2.4603040121	2.4537502088	2.4471616854	2.4405415677	2.4338909085	2.4272161934	2.4205205393	2.4138069552	2.4070792944	2.4003409541	2.3935947851	2.3868455312	2.3800950583	2.3733463213	2.3666031565	2.3598685967	2.3531440208	2.3464325161	2.3397402953	2.3330653586	2.3264108850	2.3197814474	2.3131779771	2.3066010511	2.3000537813	2.2935419940	2.2870612045	2.2806150518	2.2742099558	2.2678416827	2.2615128305	2.2552265192	2.2489838975	2.2427828399	2.2366289183	2.2305225608	2.2244586349	2.2184474379	2.2124855327	2.2065677868	2.2007053805	2.1948941055	2.1891307839	2.1834237066	2.1777673408	1.8836037106	1.8836037106	1.8836037106	1.8836037106	1.8836037106	1.8836037106	1.8836037106	1.8836037106	1.8836037106	1.8836037106	1.8836037106	1.8836037106	1.8836037106	1.8836037106	1.8836037106
1.8836037106	1.8836037106	1.8836037106	1.8836037106	1.8836037106	1.8836037106	1.8836037106	1.8836037106	1.8836037106	1.8836037106	1.8836037106	1.8836037106	1.8836037106	1.8836037106	1.8836037106	2.1753887128	2.1789469761	2.1825569807	2.1862211980	2.1899342302	2.1937075712	2.1975279675	2.2014050398	2.2053334581	2.2093151005	2.2133522879	2.2174394196	2.2215843474	2.2257781694	2.2300299711	2.2343301753	2.2386887945	2.2430962896	2.2475596663	2.2520704928	2.2566407993	2.2612584559	2.2659296254	2.2706480122	2.2754226944	2.2802423487	2.2851156330	2.2900344907	2.2950031811	2.3000159775	2.3050791557	2.3101849062	2.3153361955	2.3205308396	2.3257669001	2.3310448439	2.3363609718	2.3417168320	2.3471074118	2.3525355258	2.3579962383	2.3634883773	2.3690122191	2.3745627161	2.3801409789	2.3857426319	2.3913667992	2.3970110355	2.4026728833	2.4083502531	2.4140404633	2.4197411944	2.4254494532	2.4311633115	2.4368789075	2.4425947841	2.4483067740	2.4540116043	2.4597094542	2.4653912468	2.4710599985	2.4767089773	2.4823343035	2.4879383171	2.4935072885	2.4990485703	2.5045523783	2.5100157828	2.5154390957	2.5208130876	2.5261407881	2.5314129866	2.5366303668	2.5417881766	2.5468780341	2.5519110456	2.5568594940	2.5617459991	2.5665479816	2.5712762994	2.5759177980	2.5804796678	2.5849442352	2.5893237144	2.5936043683	2.5977931050	2.6018769875	2.6058691053	2.6097432134	2.6135240364	2.6171873447	2.6207557895	2.6241968841	2.6275395058	2.6307620657	2.6338656858	2.6368788654	2.6397381424	2.6425018677	2.6451504052	2.6476695123	2.6500829573	2.6523806579	2.6545482495	2.6566045022	2.6585534251	2.6603864329	2.6620826953	2.6636780330	2.6651710707	2.6665351425	2.6677926032	2.6689314201	2.6699636172	2.6708916803	2.6717147080	2.6724318729	2.6730424227	2.6735323976	2.6739112866	2.6741862716	2.6743569209	2.6744228762	2.6743838523	2.6742396376	2.6739900950	2.6736351615	2.6731725861	2.6725823917	2.6718824978	2.6710731542	2.6701546897	2.6691275133	2.6679918210	2.6667286853	2.6653567509	2.6638449551	2.6622236719	2.6604938182	2.6586209353	2.6566205089	2.6545031326	2.6522639602	2.6498804135	2.6473729570	2.6447419896	2.6419698702	2.6390735551	2.6360515037	2.6328772532	2.6295881843	2.6261596900	2.6226103467	2.6189186853	2.6151030152	2.6111610931	2.6070871692	2.6028905586	2.5985677243	2.5941250165	2.5895612663	2.5848757906	2.5800828710	2.5751634657	2.5701450678	2.5650094211	2.5597749590	2.5544364634	2.5489974067	2.5434658103	2.5378388233	2.5321257218	2.5263264163	2.5204438655	2.5144862629	2.5084532633	2.5023483290	2.4961798000	2.4899472106	2.4836543045	2.4773099375	2.4709119403	2.4644662484	2.4579796338	2.4514520796	2.4448887729	2.4382944899	2.4316716588	2.4250241747	2.4183561098	2.4116707191	2.4049711376	2.3982614970	2.3915444233	2.3848236340	2.3781023021	2.3713829710	2.3646681987	2.3579632733	2.3512690628	2.3445870001	2.3379230142	2.3312779171	2.3246530036	2.3180511497	2.3114771209	2.3049299094	2.2984097654	2.2919262862	2.2854754432	2.2790579088	2.2726785395	2.2663386003	2.2600364500	2.2537752111	2.2475611446	2.2413868101	2.2352560779	2.2291774881	2.2231410852	2.2171525845	2.2112153068	2.2053240955	2.1994839792	2.1936958643	2.1879571591	2.1822713277	2.1766373449	1.8836037106	1.8836037106	1.8836037106	1.8836037106	1.8836037106	1.8836037106	1.8836037106	1.8836037106	1.8836037106	1.8836037106	1.8836037106	1.8836037106	1.8836037106	1.8836037106	1.8836037106
1.8836037106	1.8836037106	1.8836037106	1.8836037106	1.8836037106	1.8836037106	1.8836037106	1.8836037106	1.8836037106	1.8836037106	1.8836037106	1.8836037106	1.8836037106	1.8836037106	1.8836037106	2.1746515465	2.1781976300	2.1817904309	2.1854391727	2.1891369586	2.1928917790	2.1966963170	2.2005546858	2.2044673788	2.2084286663	2.2124496064	2.2165185967	2.2206438350	2.2248169372	2.2290503484	2.2333320894	2.2376688193	2.2420555882	2.2464980765	2.2509900559	2.2555363561	2.2601326035	2.2647810129	2.2694783585	2.2742286999	2.2790266277	2.2838750399	2.2887696864	2.2937147730	2.2987017543	2.3037417546	2.3088221180	2.3139486823	2.3191165871	2.3243273230	2.3295782173	2.3348679866	2.3401975845	2.3455606725	2.3509627389	2.3563954390	2.3618612191	2.3673564702	2.3728799097	2.3784298787	2.3840035341	2.3895998463	2.3952156073	2.4008495166	2.4064986740	2.4121609212	2.4178333716	2.4235139461	2.4291996621	2.4348874256	2.4405763111	2.4462596453	2.4519386264	2.4576077952	2.4632639527	2.4689062513	2.4745280810	2.4801296892	2.4857056279	2.4912524972	2.4967688116	2.5022478357	2.5076918776	2.5130899391	2.5184442944	2.5237513276	2.5290005972	2.5342022972	2.5393346588	2.5444116658	2.5494192739	2.5543601083	2.5592272468	2.5640179107	2.5687334574	2.5733600766	2.5779090396	2.5823634212	2.5867346119	2.5910052321	2.5951915260	2.5992649128	2.6032473094	2.6071241982	2.6108985045	2.6145639998	2.6181203716	2.6215819289	2.6249052857	2.6281379672	2.6312464965	2.6342407390	2.6371397603	2.6398883763	2.6425413090	2.6450783193	2.6474878178	2.6497890944	2.6519822240	2.6540388579	2.6559847338	2.6578240679	2.6595552514	2.6611501273	2.6626328495	2.6640125458	2.6652879879	2.6664348233	2.6674758982	2.6684053588	2.6692218673	2.6699330942	2.6705382890	2.6710367756	2.6714279534	2.6717112975	2.6718863589	2.6719527653	2.6719102207	2.6717585062	2.6714974805	2.6711270798	2.6706473190	2.6700582910	2.6693601675	2.6685531998	2.6676316997	2.6665915771	2.6654421012	2.6641584773	2.6627626270	2.6612570801	2.6596343636	2.6578645968	2.6559783903	2.6539762484	2.6518541524	2.6495813570	2.6471929841	2.6446791599	2.6420266972	2.6392496948	2.6363523153	2.6332975104	2.6301315647	2.6268284773	2.6233967179	2.6198356133	2.6161402809	2.6123303516	2.6083725979	2.6043033116	2.6001013984	2.5957920612	2.5913384704	2.5867811302	2.5820994793	2.5773080504	2.5724017529	2.5673859735	2.5622677829	2.5570364748	2.5517161626	2.5462857809	2.5407667711	2.5351601329	2.5294564379	2.5236772217	2.5178131682	2.5118708882	2.5058613514	2.4997758539	2.4936265286	2.4874185635	2.4811486410	2.4748256441	2.4684536812	2.4620341426	2.4555719780	2.4490718875	2.4425362745	2.4359685282	2.4293741004	2.4227552148	2.4161154391	2.4094591079	2.4027890084	2.3961088079	2.3894218963	2.3827306573	2.3760391905	2.3693508231	2.3626667468	2.3559914081	2.3493276847	2.3426771272	2.3360422511	2.3294269943	2.3228334173	2.3162608693	2.3097157038	2.3031998793	2.2967110601	2.2902550389	2.2838330257	2.2774451091	2.2710925597	2.2647816775	2.2585092287	2.2522737045	2.2460872975	2.2399423240	2.2338391639	2.2277844753	2.2217760560	2.2158131009	2.2098993938	2.2040354705	2.1982185725	2.1924542948	2.1867413353	2.1810771122	2.1754659022	1.8836037106	1.8836037106	1.8836037106	1.8836037106	1.8836037106	1.8836037106	1.8836037106	1.8836037106	1.8836037106	1.8836037106	1.8836037106	1.8836037106	1.8836037106	1.8836037106	1.8836037106
1.8836037106	1.8836037106	1.8836037106	1.8836037106	1.8836037106	1.8836037106	1.8836037106	1.8836037106	1.8836037106	1.8836037106	1.8836037106	1.8836037106	1.8836037106	1.8836037106	1.8836037106	2.1738879004	2.1774219489	2.1809971238	2.1846298581	2.1883118492	2.1920475045	2.1958366131	2.1996765645	2.2035711269	2.2075113740	2.2115155248	2.2155657665	2.2196706555	2.2238259609	2.2280369592	2.2322994156	2.2366135244	2.2409814778	2.2454003122	2.2498722919	2.2543938054	2.2589692304	2.2635928105	2.2682693593	2.2729943737	2.2777691028	2.2825918217	2.2874630269	2.2923821679	2.2973462959	2.3023585501	2.3074136029	2.3125137270	2.3176540180	2.3228393812	2.3280615681	2.3333261964	2.3386266329	2.3439638191	2.3493364891	2.3547414874	2.3601788444	2.3656448929	2.3711401931	2.3766608623	2.3822057611	2.3877732373	2.3933596030	2.3989648355	2.4045846912	2.4102178919	2.4158612649	2.4215128894	2.4271693767	2.4328288327	2.4384881343	2.4441439326	2.4497943511	2.4554350490	2.4610650540	2.4666789330	2.4722744342	2.4778503234	2.4833981227	2.4889226816	2.4944107698	2.4998667393	2.5052860610	2.5106594376	2.5159928335	2.5212736027	2.5265060412	2.5316817464	2.5367999665	2.5418574750	2.5468453150	2.5517740700	2.5566178773	2.5613971889	2.5660917864	2.5707124086	2.5752423438	2.5796978898	2.5840460618	2.5883138516	2.5924812713	2.5965650427	2.6005283303	2.6044050361	2.6081699967	2.6118419522	2.6153923334	2.6188394707	2.6221850507	2.6254001854	2.6285197747	2.6315165363	2.6344008057	2.6371871095	2.6398249281	2.6423657059	2.6447917268	2.6470937923	2.6492816618	2.6513698811	2.6533171841	2.6551544512	2.6568830119	2.6585010445	2.6600117615	2.6613813827	2.6626473530	2.6638085214	2.6648638102	2.6658026594	2.6666254970	2.6673419637	2.6679512994	2.6684457828	2.6688326289	2.6691122519	2.6692842044	2.6693481160	2.6693036924	2.6691507165	2.6688890490	2.6685186279	2.6680394695	2.6674426446	2.6667351258	2.6659176417	2.6649825619	2.6639238769	2.6627541317	2.6614739159	2.6600838999	2.6585474093	2.6568944043	2.6551228318	2.6532337519	2.6512228999	2.6490636229	2.6467948948	2.6443952659	2.6418611910	2.6392041998	2.6364275659	2.6334933524	2.6304496951	2.6272707903	2.6239581017	2.6205255325	2.6169503721	2.6132610190	2.6094319770	2.6054897391	2.6014090207	2.5972177621	2.5928916906	2.5884547091	2.5838941951	2.5792296307	2.5744337565	2.5695424236	2.5645302883	2.5594195947	2.5542049872	2.5488881210	2.5434783755	2.5379719072	2.5323785285	2.5266967155	2.5209307570	2.5150880230	2.5091670887	2.5031740941	2.4971138547	2.4909874531	2.4848005280	2.4785573623	2.4722589806	2.4659119490	2.4595208331	2.4530842868	2.4466110302	2.4401042185	2.4335649004	2.4269988990	2.4204095836	2.4137998544	2.4071735212	2.4005339202	2.3938839843	2.3872282338	2.3805685125	2.3739078844	2.3672504716	2.3605986068	2.3539542856	2.3473208356	2.3407028886	2.3340993344	2.3275140106	2.3209525462	2.3144127145	2.3078978953	2.3014111270	2.2949546556	2.2885272147	2.2821347044	2.2757786300	2.2694554527	2.2631719020	2.2569303260	2.2507257583	2.2445651379	2.2384483497	2.2323739626	2.2263447483	2.2203641292	2.2144275532	2.2085382307	2.2027024496	2.1969105421	2.1911699113	2.1854844340	2.1798433730	2.1742534024	1.8836037106	1.8836037106	1.8836037106	1.8836037106	1.8836037106	1.8836037106	1.8836037106	1.8836037106	1.8836037106	1.8836037106	1.8836037106	1.8836037106	1.8836037106	1.8836037106	1.8836037106
1.8836037106	1.8836037106	1.8836037106	1.8836037106	1.8836037106	1.8836037106	1.8836037106	1.8836037106	1.8836037106	1.8836037106	1.8836037106	1.8836037106	1.8836037106	1.8836037106	1.8836037106	2.1730995505	2.1766201386	2.1801777067	2.1837935555	2.1874592111	2.1911750621	2.1949482434	2.1987691874	2.2026450406	2.2065683921	2.2105504628	2.2145812960	2.2186651860	2.2228024046	2.2269909529	2.2312329737	2.2355233296	2.2398718747	2.2442679327	2.2487176544	2.2532135950	2.2577682048	2.2623678754	2.2670206112	2.2717197608	2.2764710847	2.2812665232	2.2861149028	2.2910070033	2.2959465045	2.3009301449	2.3059592958	2.3110319631	2.3161456313	2.3213030962	2.3264982124	2.3317342938	2.3370060916	2.3423151586	2.3476575270	2.3530341167	2.3584420385	2.3638783527	2.3693447266	2.3748350366	2.3803509765	2.3858878707	2.3914448811	2.3970195786	2.4026094694	2.4082124637	2.4138259040	2.4194474372	2.4250741263	2.4307040710	2.4363331612	2.4419607111	2.4475810579	2.4531931044	2.4587950630	2.4643790937	2.4699486423	2.4754941718	2.4810170147	2.4865126919	2.4919754431	2.4974064912	2.5027980211	2.5081513371	2.5134583726	2.5187178148	2.5239294456	2.5290802497	2.5341820802	2.5392128684	2.5441865759	2.5490891676	2.5539251493	2.5586831730	2.5633674939	2.5679695411	2.5724888111	2.5769231578	2.5812697534	2.5855248366	2.5896865975	2.5937503555	2.5977197833	2.6015822434	2.6053518523	2.6090045398	2.6125673934	2.6160047336	2.6193434046	2.6225740285	2.6256803547	2.6286873885	2.6315725498	2.6343451178	2.6370218299	2.6395473428	2.6419747562	2.6442904820	2.6464874452	2.6485608223	2.6505334386	2.6523849443	2.6541125654	2.6557277277	2.6572368983	2.6586335284	2.6599242924	2.6610768450	2.6621236101	2.6630641287	2.6638974760	2.6646228025	2.6652393349	2.6657382113	2.6661267603	2.6664069964	2.6665784673	2.6666407989	2.6665936937	2.6664369333	2.6661703778	2.6657939659	2.6653065922	2.6646977421	2.6639769646	2.6631445224	2.6622007602	2.6611461035	2.6599810589	2.6586721310	2.6572500612	2.6557085956	2.6540534056	2.6522781144	2.6503670738	2.6483284483	2.6461797624	2.6438912314	2.6414741174	2.6389376721	2.6362777045	2.6334650620	2.6305426937	2.6274865816	2.6242942866	2.6209880655	2.6175339861	2.6139658852	2.6102644426	2.6064425008	2.6024900720	2.5984148543	2.5942194284	2.5899013332	2.5854652193	2.5809133536	2.5762433124	2.5714645133	2.5665728215	2.5615794798	2.5564745489	2.5512768558	2.5459718248	2.5405744660	2.5350896895	2.5295059147	2.5238458417	2.5180982420	2.5122722718	2.5063774178	2.5004024260	2.4943641900	2.4882650079	2.4820991246	2.4758807694	2.4696100986	2.4632884693	2.4569233265	2.4505164866	2.4440716306	2.4375931233	2.4310843054	2.4245482580	2.4179892265	2.4114105222	2.4048151297	2.3982071510	2.3915891528	2.3849648521	2.3783373975	2.3717092299	2.3650832165	2.3584641325	2.3518528400	2.3452508813	2.3386651638	2.3320954276	2.3255428896	2.3190117912	2.3125048659	2.3060214421	2.2995644835	2.2931413985	2.2867465018	2.2803832504	2.2740579996	2.2677675142	2.2615136960	2.2553000037	2.2491273091	2.2429940812	2.2369055349	2.2308615517	2.2248578587	2.2189059031	2.2129991972	2.2071342146	2.2013255873	2.1955626576	2.1898459698	2.1841860959	2.1785724463	2.1730021965	1.8836037106	1.8836037106	1.8836037106	1.8836037106	1.8836037106	1.8836037106	1.8836037106	1.8836037106	1.8836037106	1.8836037106	1.8836037106	1.8836037106	1.8836037106	1.8836037106	1.8836037106
1.8836037106	1.8836037106	1.8836037106	1.8836037106	1.8836037106	1.8836037106	1.8836037106	1.8836037106	1.8836037106	1.8836037106	1.8836037106	1.8836037106	1.8836037106	1.8836037106	1.8836037106	1.8836037106	2.1757922948	2.1793354174	2.1829315833	2.1865797826	2.1902754606	2.1940315379	2.1978328923	2.2016894670	2.2055955046	2.2095548237	2.2135671347	2.2176284611	2.2217464005	2.2259118163	2.2301333268	2.2344017535	2.2387272207	2.2430998151	2.2475266091	2.2519992947	2.2565293776	2.2611052422	2.2657326316	2.2704051408	2.2751325966	2.2799031722	2.2847245830	2.2895897616	2.2945030117	2.2994571584	2.3044613979	2.3095044176	2.3145921017	2.3197194796	2.3248869165	2.3300929960	2.3353353156	2.3406155501	2.3459266221	2.3512752285	2.3566518196	2.3620593102	2.3674940107	2.3729544714	2.3784391479	2.3839451255	2.3894713973	2.3950146733	2.4005737817	2.4061456651	2.4117283061	2.4173186593	2.4229149506	2.4285135988	2.4341124658	2.4397093611	2.4452992831	2.4508820473	2.4564526678	2.4620092608	2.4675483464	2.4730659814	2.4785616026	2.4840277206	2.4894667002	2.4948690525	2.5002351197	2.5055639733	2.5108434022	2.5160815264	2.5212648233	2.5263980829	2.5314726004	2.5364887970	2.5414408950	2.5463241479	2.5511430340	2.5558809752	2.5605492318	2.5651344140	2.5696460315	2.5740608330	2.5783999430	2.5826380891	2.5867930492	2.5908458084	2.5948102362	2.5986654701	2.6024247485	2.6060833012	2.6096261430	2.6130754420	2.6164033760	2.6196321018	2.6227492210	2.6257448551	2.6286400275	2.6314139104	2.6340731992	2.6366367813	2.6390554582	2.6413684529	2.6435747326	2.6456670852	2.6476270311	2.6494832179	2.6512360725	2.6528548817	2.6543629386	2.6557562573	2.6570437693	2.6582184453	2.6592849916	2.6602350434	2.6610609185	2.6617794387	2.6623898339	2.6628914112	2.6632835553	2.6635657279	2.6637374696	2.6637984003	2.6637482186	2.6635867030	2.6633137127	2.6629291865	2.6624331444	2.6618256877	2.6611069979	2.6602773378	2.6593203323	2.6582409306	2.6570481837	2.6557367113	2.6543128411	2.6527675884	2.6511013886	2.6492952128	2.6473773633	2.6453416374	2.6431682833	2.6408665467	2.6384510152	2.6359034861	2.6332132282	2.6304109890	2.6274761166	2.6244053716	2.6212231456	2.6178908920	2.6144445577	2.6108694378	2.6071660704	2.6033397097	2.5993861917	2.5953204845	2.5911172136	2.5868067607	2.5823714457	2.5778275587	2.5731641995	2.5683950356	2.5635138914	2.5585260744	2.5534396117	2.5482453534	2.5429602492	2.5375771136	2.5321052312	2.5265447281	2.5208983505	2.5151738697	2.5093693851	2.5034916629	2.4975443020	2.4915287891	2.4854516038	2.4793148426	2.4731213967	2.4668775307	2.4605854211	2.4542471952	2.4478698529	2.4414556099	2.4350059508	2.4285277671	2.4220231596	2.4154953475	2.4089484552	2.4023853928	2.3958096618	2.3892247675	2.3826328999	2.3760382529	2.3694440646	2.3628514336	2.3562649801	2.3496876510	2.3431204238	2.3365667760	2.3300299580	2.3235115265	2.3170115115	2.3105382151	2.3040894976	2.2976650247	2.2912727576	2.2849114628	2.2785809796	2.2722853282	2.2660271542	2.2598039358	2.2536189716	2.2474790551	2.2413761882	2.2353145438	2.2293024724	2.2233299984	2.2174033677	2.2115261385	2.2056916938	2.1999072270	2.1941723925	2.1884840484	2.1828479248	2.1772610655	1.8836037106	1.8836037106	1.8836037106	1.8836037106	1.8836037106	1.8836037106	1.8836037106	1.8836037106	1.8836037106	1.8836037106	1.8836037106	1.8836037106	1.8836037106	1.8836037106	1.8836037106	1.8836037106
1.8836037106	1.8836037106	1.8836037106	1.8836037106	1.8836037106	1.8836037106	1.8836037106	1.8836037106	1.8836037106	1.8836037106	1.8836037106	1.8836037106	1.8836037106	1.8836037106	1.8836037106	1.8836037106	2.1749384402	2.1784672502	2.1820435113	2.1856739093	2.1893520705	2.1930868355	2.1968691545	2.2007047621	2.2045929871	2.2085288906	2.2125225482	2.2165630370	2.2206583562	2.2247999686	2.2290003790	2.2332476303	2.2375479695	2.2418971733	2.2462996344	2.2507507383	2.2552532964	2.2598046322	2.2644059512	2.2690553121	2.2737541068	2.2784997048	2.2832926555	2.2881302491	2.2930164299	2.2979435114	2.3029188570	2.3079339035	2.3129923675	2.3180892305	2.3232283449	2.3284030367	2.3336171710	2.3388656588	2.3441482216	2.3494644119	2.3548104887	2.3601866770	2.3655892230	2.3710187535	2.3764711744	2.3819456782	2.3874401325	2.3929513398	2.3984787713	2.4040185497	2.4095692373	2.4151277805	2.4206921114	2.4262590352	2.4318266795	2.4373915008	2.4429513689	2.4485029571	2.4540425225	2.4595705578	2.4650775956	2.4705677831	2.4760322072	2.4814706253	2.4868807446	2.4922546923	2.4975952598	2.5028941541	2.5081527013	2.5133629120	2.5185240937	2.5236344133	2.5286839044	2.5336804743	2.5386070280	2.5434738016	2.5482677427	2.5529974072	2.5576409917	2.5622169273	2.5667025032	2.5711116057	2.5754294790	2.5796698491	2.5838005339	2.5878496007	2.5917964115	2.5956589351	2.5994002280	2.6030517173	2.6065977908	2.6100333999	2.6133697339	2.6165871573	2.6197046065	2.6227098329	2.6255930394	2.6283772009	2.6310402829	2.6335848688	2.6360323481	2.6383494053	2.6405470824	2.6426428972	2.6446201432	2.6464810359	2.6482201238	2.6498550515	2.6513844023	2.6527793008	2.6540647880	2.6552373207	2.6563004434	2.6572546512	2.6580953560	2.6588264546	2.6594471603	2.6599564359	2.6603436527	2.6606215978	2.6607898146	2.6608479256	2.6607956315	2.6606327128	2.6603590305	2.6599745251	2.6594664110	2.6588437227	2.6581074744	2.6572579359	2.6562906467	2.6552097005	2.6540137748	2.6526993269	2.6512666512	2.6496944408	2.6480093038	2.6462121909	2.6442794248	2.6422220204	2.6400398502	2.6377454361	2.6353059734	2.6327387441	2.6300553142	2.6272399701	2.6242917652	2.6212310199	2.6180211701	2.6146969513	2.6112467129	2.6076634741	2.6039619755	2.6001304763	2.5961926037	2.5921074960	2.5879185695	2.5836053055	2.5791875672	2.5746379542	2.5699903085	2.5652225131	2.5603546175	2.5553784608	2.5503033480	2.5451277529	2.5398530392	2.5344933357	2.5290323258	2.5234931727	2.5178672086	2.5121599326	2.5063827324	2.5005236187	2.4945998566	2.4886125158	2.4825571166	2.4764476185	2.4702830723	2.4640647344	2.4578017657	2.4514937546	2.4451453151	2.4387614013	2.4323438244	2.4258968911	2.4194244554	2.4129293508	2.4064151610	2.3998854284	2.3933427032	2.3867918009	2.3802344639	2.3736735578	2.3671131654	2.3605558013	2.3540033282	2.3474591724	2.3409277072	2.3344078433	2.3279039028	2.3214213544	2.3149571047	2.3085158752	2.3021006190	2.2957117562	2.2893509557	2.2830221552	2.2767259292	2.2704602252	2.2642351442	2.2580462410	2.2518915001	2.2457817119	2.2397123559	2.2336819920	2.2276973817	2.2217568565	2.2158594028	2.2100090442	2.2042058547	2.1984479145	2.1927403259	2.1870811468	2.1814701090	2.1759095500	1.8836037106	1.8836037106	1.8836037106	1.8836037106	1.8836037106	1.8836037106	1.8836037106	1.8836037106	1.8836037106	1.8836037106	1.8836037106	1.8836037106	1.8836037106	1.8836037106	1.8836037106	1.8836037106
1.8836037106	1.8836037106	1.8836037106	1.8836037106	1.8836037106	1.8836037106	1.8836037106	1.8836037106	1.8836037106	1.8836037106	1.8836037106	1.8836037106	1.8836037106	1.8836037106	1.8836037106	1.8836037106	2.1740586421	2.1775734526	2.1811294543	2.1847415401	2.1884016515	2.1921144838	2.1958791733	2.1996935742	2.2035612139	2.2074731580	2.2114475406	2.2154666163	2.2195386891	2.2236601070	2.2278350038	2.2320600672	2.2363345858	2.2406623546	2.2450384451	2.2494661571	2.2539404491	2.2584687316	2.2630417393	2.2676668280	2.2723370746	2.2770563292	2.2818197226	2.2866321807	2.2914877499	2.2963885222	2.3013323382	2.3063186639	2.3113471266	2.3164138677	2.3215231447	2.3266674491	2.3318508500	2.3370676907	2.3423195723	2.3476024884	2.3529174834	2.3582613126	2.3636315428	2.3690291070	2.3744486015	2.3798910885	2.3853522386	2.3908311918	2.3963252446	2.4018323167	2.4073500050	2.4128758831	2.4184073184	2.4239418690	2.4294770161	2.4350092007	2.4405378210	2.4460561745	2.4515654171	2.4570601301	2.4625379252	2.4679964588	2.4734308759	2.4788410231	2.4842197643	2.4895687356	2.4948792850	2.5001513844	2.5053837920	2.5105656364	2.5157034170	2.5207852849	2.5258157469	2.5307843422	2.5356963066	2.5405371229	2.5453146321	2.5500183805	2.5546488755	2.5592032817	2.5636773797	2.5680691693	2.5723744275	2.5765924422	2.5807233100	2.5847549856	2.5886969827	2.5925365746	2.5962920613	2.5999221499	2.6034643981	2.6068988966	2.6102251900	2.6134493053	2.6165552628	2.6195602539	2.6224553580	2.6252245525	2.6278987110	2.6304474304	2.6328802417	2.6352104492	2.6374296063	2.6395108531	2.6414890606	2.6433591432	2.6451128089	2.6467453531	2.6482619503	2.6496723269	2.6509752164	2.6521558361	2.6532165325	2.6541688088	2.6550073424	2.6557350632	2.6563525099	2.6568589754	2.6572533258	2.6575344614	2.6577035915	2.6577603310	2.6577043748	2.6575354995	2.6572535641	2.6568568216	2.6563458466	2.6557212524	2.6549832273	2.6541304574	2.6531598998	2.6520762076	2.6508649669	2.6495274026	2.6480760253	2.6465116175	2.6448191709	2.6430016161	2.6410552895	2.6389948332	2.6368196173	2.6344865351	2.6320428094	2.6294767090	2.6267790225	2.6239541805	2.6210122452	2.6179252123	2.6147232929	2.6113963296	2.6079346090	2.6043571549	2.6006480798	2.5968294308	2.5928714361	2.5888046089	2.5846138766	2.5803138585	2.5758881287	2.5713562662	2.5667098940	2.5619611862	2.5570978047	2.5521437469	2.5470725934	2.5419145250	2.5366571463	2.5313081551	2.5258723989	2.5203482219	2.5147450158	2.5090610078	2.5033015445	2.4974713120	2.4915710585	2.4856074267	2.4795820111	2.4734980957	2.4673616592	2.4611743905	2.4549393986	2.4486627995	2.4423460867	2.4359925921	2.4296078633	2.4231936333	2.4167538438	2.4102923991	2.4038119938	2.3973165261	2.3908087858	2.3842919830	2.3777695878	2.3712441015	2.3647178449	2.3581962298	2.3516798237	2.3451700277	2.3386737435	2.3321908566	2.3257224979	2.3192731947	2.3128451957	2.3064382126	2.3000557169	2.2937034542	2.2873766403	2.2810794274	2.2748192412	2.2685891508	2.2623945694	2.2562386866	2.2501190462	2.2440391564	2.2380010606	2.2320033474	2.2260476244	2.2201386672	2.2142713764	2.2084484925	2.2026773069	2.1969475041	2.1912670454	2.1856391070	2.1800533109	2.1745182791	1.8836037106	1.8836037106	1.8836037106	1.8836037106	1.8836037106	1.8836037106	1.8836037106	1.8836037106	1.8836037106	1.8836037106	1.8836037106	1.8836037106	1.8836037106	1.8836037106	1.8836037106	1.8836037106
1.8836037106	1.8836037106	1.8836037106	1.8836037106	1.8836037106	1.8836037106	1.8836037106	1.8836037106	1.8836037106	1.8836037106	1.8836037106	1.8836037106	1.8836037106	1.8836037106	1.8836037106	1.8836037106	2.1731544197	2.1766542385	2.1801900422	2.1837830209	2.1874245563	2.1911148400	2.1948614270	2.1986542034	2.2025005684	2.2063934260	2.2103426128	2.2143396905	2.2183878269	2.2224887265	2.2266381213	2.2308402841	2.2350879178	2.2393933229	2.2437435809	2.2481460645	2.2525918199	2.2570960772	2.2616429140	2.2662401360	2.2708810944	2.2755741426	2.2803086264	2.2850930818	2.2899190998	2.2947910629	2.2997025206	2.3046612844	2.3096571854	2.3146958002	2.3197720323	2.3248861154	2.3300366684	2.3352212556	2.3404416123	2.3456907831	2.3509747377	2.3562846889	2.3616231114	2.3669862150	2.3723730433	2.3777814399	2.3832089011	2.3886544035	2.3941142258	2.3995879169	2.4050716761	2.4105639439	2.4160616076	2.4215627670	2.4270640076	2.4325635004	2.4380580078	2.4435446901	2.4490210804	2.4544830889	2.4599308687	2.4653559713	2.4707613017	2.4761391317	2.4814883898	2.4868072115	2.4920879305	2.4973330687	2.5025344590	2.5076944765	2.5128023459	2.5178622142	2.5228656107	2.5278112517	2.5326974890	2.5375174789	2.5422740258	2.5469560331	2.5515732776	2.5561028534	2.5605617080	2.5649348251	2.5692320638	2.5734303127	2.5775475795	2.5815694892	2.5854996087	2.5893334954	2.5930647351	2.5967080123	2.6002305440	2.6036625592	2.6069856423	2.6102006814	2.6133134805	2.6163071675	2.6191986712	2.6219855816	2.6246393353	2.6271972041	2.6296364821	2.6319597260	2.6341716534	2.6362821842	2.6382602054	2.6401209330	2.6418761422	2.6435197241	2.6450482708	2.6464584137	2.6477496791	2.6489330034	2.6500072749	2.6509714572	2.6518185424	2.6525435384	2.6531582656	2.6536620171	2.6540541645	2.6543341583	2.6545006044	2.6545546001	2.6544960475	2.6543244522	2.6540382820	2.6536383727	2.6531247477	2.6524975144	2.6517568626	2.6508886465	2.6499004466	2.6487973810	2.6475799798	2.6462488558	2.6447883294	2.6432060270	2.6414978448	2.6396728710	2.6377339851	2.6356554886	2.6334468361	2.6311269230	2.6286765189	2.6260944634	2.6233936353	2.6205676845	2.6176037158	2.6145241165	2.6113186619	2.6079796824	2.6045252908	2.6009388812	2.5972408098	2.5934085913	2.5894642787	2.5853964018	2.5812128873	2.5769124643	2.5724990851	2.5679746720	2.5633407808	2.5585969766	2.5537523651	2.5488001670	2.5437533724	2.5386062144	2.5333705759	2.5280386119	2.5226217807	2.5171222505	2.5115356908	2.5058788285	2.5001405363	2.4943342901	2.4884637833	2.4825227152	2.4765259716	2.4704718731	2.4643623668	2.4582061818	2.4520023006	2.4457556696	2.4394715848	2.4331509235	2.4267987152	2.4204184554	2.4140129112	2.4075858464	2.4011404381	2.3946797894	2.3882079143	2.3817266224	2.3752393647	2.3687508240	2.3622613142	2.3557749733	2.3492950355	2.3428230199	2.3363615977	2.3299145415	2.3234833141	2.3170678737	2.3106765410	2.3043070022	2.2979589546	2.2916411441	2.2853516387	2.2790901029	2.2728617701	2.2666676312	2.2605065178	2.2543820515	2.2482983178	2.2422492846	2.2362430298	2.2302800469	2.2243542364	2.2184761031	2.2126426835	2.2068483899	2.2011066751	2.1954096621	2.1897563028	2.1841572915	2.1786025670	2.1730892800	1.8836037106	1.8836037106	1.8836037106	1.8836037106	1.8836037106	1.8836037106	1.8836037106	1.8836037106	1.8836037106	1.8836037106	1.8836037106	1.8836037106	1.8836037106	1.8836037106	1.8836037106	1.8836037106
1.8836037106	1.8836037106	1.8836037106	1.8836037106	1.8836037106	1.8836037106	1.8836037106	1.8836037106	1.8836037106	1.8836037106	1.8836037106	1.8836037106	1.8836037106	1.8836037106	1.8836037106	1.8836037106	1.8836037106	2.1757096980	2.1792291763	2.1827998976	2.1864217120	2.1900898390	2.1938162879	2.1975868888	2.2014114420	2.2052847354	2.2092081705	2.2131847710	2.2172082151	2.2212860761	2.2254093259	2.2295883402	2.2338127511	2.2380905759	2.2424143567	2.2467909851	2.2512131077	2.2556871560	2.2602071515	2.2647758177	2.2693899316	2.2740529635	2.2787602832	2.2835135948	2.2883093380	2.2931518270	2.2980330802	2.3029609140	2.3079262753	2.3129329905	2.3179759109	2.3230591574	2.3281754240	2.3333295301	2.3385151899	2.3437332103	2.3489818572	2.3542586115	2.3595629877	2.3648911258	2.3702445705	2.3756177117	2.3810115292	2.3864219968	2.3918476181	2.3972864102	2.4027355525	2.4081930723	2.4136562937	2.4191228565	2.4245898876	2.4300555334	2.4355153758	2.4409697380	2.4464110078	2.4518410476	2.4572542202	2.4626480439	2.4680204884	2.4733665710	2.4786862832	2.4839722035	2.4892270020	2.4944399450	2.4996142874	2.5047445483	2.5098254149	2.5148581231	2.5198349124	2.5247592772	2.5296173209	2.5344213602	2.5391478256	2.5438129358	2.5484020879	2.5529241045	2.5573566537	2.5617184448	2.5659891223	2.5701827927	2.5742787755	2.5782941233	2.5822066927	2.5860328346	2.5897561631	2.5933796072	2.5969113311	2.6003244195	2.6036453574	2.6068573376	2.6099593312	2.6129618722	2.6158426380	2.6186197809	2.6212945739	2.6238376230	2.6262774400	2.6286092948	2.6308233127	2.6329168265	2.6349072081	2.6367935182	2.6385385517	2.6401751078	2.6417042203	2.6431233745	2.6444240323	2.6456157206	2.6466824419	2.6476370155	2.6484813208	2.6492144820	2.6498357015	2.6503442620	2.6507395259	2.6510209355	2.6511880163	2.6512403758	2.6511777035	2.6509997727	2.6507064410	2.6502976493	2.6497734219	2.6491338686	2.6483791834	2.6475096425	2.6465256070	2.6454215120	2.6441897400	2.6428430085	2.6413686900	2.6397798882	2.6380761076	2.6362442581	2.6342730363	2.6321888385	2.6299843914	2.6276541655	2.6251877850	2.6226114535	2.6198985101	2.6170576834	2.6141002596	2.6110143899	2.6077992090	2.6044667367	2.6010030697	2.5974267654	2.5937188229	2.5898949027	2.5859524237	2.5818872207	2.5777113625	2.5734159247	2.5690157760	2.5644951641	2.5598724090	2.5551413766	2.5503092913	2.5453749757	2.5403402386	2.5352163337	2.5299902818	2.5246832760	2.5192835374	2.5138042501	2.5082443709	2.5026057906	2.4968965773	2.4911156039	2.4852689991	2.4793595369	2.4733894233	2.4673648995	2.4612874679	2.4551603291	2.4489892322	2.4427757414	2.4365234860	2.4302374457	2.4239191755	2.4175732540	2.4112030063	2.4048111886	2.3984018142	2.3919773067	2.3855415294	2.3790974490	2.3726473179	2.3661946761	2.3597430976	2.3532935116	2.3468494647	2.3404162270	2.3339919183	2.3275803523	2.3211876801	2.3148109690	2.3084544450	2.3021213610	2.2958120458	2.2895284324	2.2832742724	2.2770497296	2.2708542865	2.2646962055	2.2585713419	2.2524780283	2.2464300941	2.2404174360	2.2344419335	2.2285118682	2.2226216178	2.2167732688	2.2109711279	2.2052111910	2.1994973546	2.1938312142	2.1882097676	2.1826376062	2.1771128987	1.8836037106	1.8836037106	1.8836037106	1.8836037106	1.8836037106	1.8836037106	1.8836037106	1.8836037106	1.8836037106	1.8836037106	1.8836037106	1.8836037106	1.8836037106	1.8836037106	1.8836037106	1.8836037106	1.8836037106
1.8836037106	1.8836037106	1.8836037106	1.8836037106	1.8836037106	1.8836037106	1.8836037106	1.8836037106	1.8836037106	1.8836037106	1.8836037106	1.8836037106	1.8836037106	1.8836037106	1.8836037106	1.8836037106	1.8836037106	2.1747398237	2.1782432844	2.1817915774	2.1853933296	2.1890417206	2.1927441367	2.1964943227	2.2002950747	2.2041474961	2.2080445532	2.2120001869	2.2160001969	2.2200526127	2.2241514296	2.2283044018	2.2325050381	2.2367546214	2.2410543397	2.2454019802	2.2497993886	2.2542425481	2.2587367352	2.2632744898	2.2678628078	2.2724945814	2.2771731731	2.2818943740	2.2866624634	2.2914718664	2.2963245108	2.3012179994	2.3061521159	2.3111261947	2.3161369038	2.3211871828	2.3262710330	2.3313911657	2.3365426687	2.3417272347	2.3469397337	2.3521833602	2.3574521045	2.3627463217	2.3680640800	2.3734024968	2.3787607843	2.3841356076	2.3895260310	2.3949287645	2.4003426559	2.4057645353	2.4111924750	2.4166234287	2.4220555771	2.4274853706	2.4329110254	2.4383294491	2.4437375291	2.4491331419	2.4545120657	2.4598745219	2.4652119350	2.4705277268	2.4758131487	2.4810688221	2.4862908136	2.4914741489	2.4966191842	2.5017184865	2.5067765092	2.5117768269	2.5167313745	2.5216238392	2.5264611490	2.5312346112	2.5359460533	2.5405847222	2.5451562307	2.5496503769	2.5540709158	2.5584087891	2.5626705324	2.5668383221	2.5709264092	2.5749192072	2.5788305042	2.5826334945	2.5863521962	2.5899656798	2.5934801876	2.5969011678	2.6002030702	2.6034122361	2.6065135792	2.6095008878	2.6123943856	2.6151607496	2.6178217820	2.6203801917	2.6228199431	2.6251406958	2.6273611390	2.6294608006	2.6314471255	2.6333167789	2.6350815240	2.6367398526	2.6382609242	2.6396705949	2.6409711575	2.6421623007	2.6432395830	2.6442000558	2.6450492353	2.6457862379	2.6464000830	2.6469020462	2.6472915339	2.6475679929	2.6477309529	2.6477800250	2.6477149010	2.6475353565	2.6472412513	2.6468325271	2.6463092085	2.6456694544	2.6449048430	2.6440243181	2.6430282441	2.6419082402	2.6406710343	2.6393182562	2.6378503335	2.6362535557	2.6345212812	2.6326746796	2.6307130622	2.6286216473	2.6264016833	2.6240607740	2.6216082297	2.6190061989	2.6162884256	2.6134528657	2.6104844986	2.6073940047	2.6041821505	2.6008411410	2.5973876294	2.5938023015	2.5901000161	2.5862811004	2.5823365457	2.5782847203	2.5741080045	2.5698288483	2.5654271361	2.5609245611	2.5563095687	2.5515986053	2.5467734758	2.5418571880	2.5368393333	2.5317284985	2.5265271516	2.5212358205	2.5158624401	2.5104029254	2.5048683548	2.4992558095	2.4935697627	2.4878191824	2.4819974895	2.4761170614	2.4701785163	2.4641819488	2.4581368462	2.4520420770	2.4459023728	2.4397230708	2.4335047283	2.4272525946	2.4209699925	2.4146596201	2.4083253275	2.4019701088	2.3955972639	2.3892103391	2.3828114083	2.3764046548	2.3699930010	2.3635774784	2.3571636646	2.3507535896	2.3443475112	2.3379513216	2.3315663327	2.3251935122	2.3188366196	2.3124989622	2.3061794864	2.2998818437	2.2936121926	2.2873652621	2.2811454594	2.2749600287	2.2688020058	2.2626772945	2.2565892404	2.2505340838	2.2445173946	2.2385399395	2.2325999580	2.2267009784	2.2208454148	2.2150296765	2.2092576608	2.2035326144	2.1978484473	2.1922128070	2.1866244130	2.1810799384	2.1755846184	1.8836037106	1.8836037106	1.8836037106	1.8836037106	1.8836037106	1.8836037106	1.8836037106	1.8836037106	1.8836037106	1.8836037106	1.8836037106	1.8836037106	1.8836037106	1.8836037106	1.8836037106	1.8836037106	1.8836037106
1.8836037106	1.8836037106	1.8836037106	1.8836037106	1.8836037106	1.8836037106	1.8836037106	1.8836037106	1.8836037106	1.8836037106	1.8836037106	1.8836037106	1.8836037106	1.8836037106	1.8836037106	1.8836037106	1.8836037106	2.1737446215	2.1772326085	2.1807582219	2.1843394330	2.1879675727	2.1916453626	2.1953757996	2.1991529321	2.2029821259	2.2068555167	2.2107864041	2.2147624174	2.2187888019	2.2228652672	2.2269903347	2.2311657531	2.2353859769	2.2396617658	2.2439812723	2.2483512205	2.2527627877	2.2572313725	2.2617406682	2.2662986802	2.2708986024	2.2755487337	2.2802385262	2.2849762115	2.2897535294	2.2945749216	2.2994332745	2.3043377718	2.3092769787	2.3142565452	2.3192712340	2.3243221472	2.3294067133	2.3345240696	2.3396738020	2.3448514882	2.3500599150	2.3552930302	2.3605519581	2.3658327882	2.3711358164	2.3764572527	2.3817961583	2.3871502238	2.3925165747	2.3978941960	2.4032796222	2.4086711549	2.4140659737	2.4194618212	2.4248557566	2.4302459745	2.4356281036	2.4410024209	2.4463613019	2.4517066761	2.4570329038	2.4623378207	2.4676188817	2.4728717638	2.4780963374	2.4832842556	2.4884409900	2.4935508048	2.4986226986	2.5036466145	2.5086229135	2.5135466608	2.5184150573	2.5232262212	2.5279737701	2.5326594323	2.5372757446	2.5418254992	2.5462976246	2.5506987232	2.5550166500	2.5592568288	2.5634130696	2.5674807312	2.5714623542	2.5753501777	2.5791554248	2.5828487432	2.5864583000	2.5899621556	2.5933657558	2.5966769548	2.5998660760	2.6029629274	2.6059542544	2.6088253938	2.6116033167	2.6142599322	2.6168063473	2.6192481579	2.6215857359	2.6237879563	2.6258874239	2.6278833935	2.6297533734	2.6315125107	2.6331553835	2.6346911905	2.6361185750	2.6374255620	2.6386058796	2.6396765914	2.6406359714	2.6414836352	2.6422189150	2.6428410066	2.6433446621	2.6437346372	2.6440105605	2.6441719580	2.6442184379	2.6441496898	2.6439654878	2.6436656912	2.6432502420	2.6427178382	2.6420651970	2.6412961571	2.6404109991	2.6394096200	2.6382923534	2.6370602108	2.6356861579	2.6341934929	2.6325855198	2.6308627707	2.6290097303	2.6270338840	2.6249309215	2.6227155131	2.6203682201	2.6178906984	2.6152971548	2.6125833819	2.6097302815	2.6067651903	2.6036724922	2.6004538920	2.5971240343	2.5936595034	2.5900801263	2.5863832578	2.5825608522	2.5786323667	2.5745757245	2.5704160510	2.5661360644	2.5617542002	2.5572562725	2.5526633459	2.5479533314	2.5431512888	2.5382466993	2.5332512421	2.5281576344	2.5229772325	2.5177090283	2.5123539809	2.5069234278	2.5014079807	2.4958233020	2.4901652615	2.4844386963	2.4786495466	2.4727971634	2.4668887013	2.4609257771	2.4549107941	2.4488500704	2.4427447762	2.4365985468	2.4304162328	2.4241994384	2.4179526875	2.4116791384	2.4053815754	2.3990639218	2.3927284929	2.3863795971	2.3800196085	2.3736508955	2.3672776354	2.3609022050	2.3545266433	2.3481545541	2.3417891389	2.3354304063	2.3290839512	2.3227515193	2.3164318444	2.3101325492	2.3038538495	2.2975939142	2.2913608899	2.2851538890	2.2789724507	2.2728215587	2.2667024756	2.2606139625	2.2545598669	2.2485436264	2.2425603346	2.2366173698	2.2307145562	2.2248467981	2.2190263551	2.2132461368	2.2075027147	2.2018133353	2.1961628567	2.1905550936	2.1850016038	2.1794875136	2.1740180709	1.8836037106	1.8836037106	1.8836037106	1.8836037106	1.8836037106	1.8836037106	1.8836037106	1.8836037106	1.8836037106	1.8836037106	1.8836037106	1.8836037106	1.8836037106	1.8836037106	1.8836037106	1.8836037106	1.8836037106
1.8836037106	1.8836037106	1.8836037106	1.8836037106	1.8836037106	1.8836037106	1.8836037106	1.8836037106	1.8836037106	1.8836037106	1.8836037106	1.8836037106	1.8836037106	1.8836037106	1.8836037106	1.8836037106	1.8836037106	2.1727271269	2.1761973056	2.1797026371	2.1832609507	2.1868679415	2.1905203650	2.1942306068	2.1979835954	2.2017890501	2.2056411728	2.2095440245	2.2134970462	2.2174961933	2.2215487468	2.2256453887	2.2297956716	2.2339898853	2.2382365139	2.2425272754	2.2468691704	2.2512548408	2.2556909183	2.2601711208	2.2646981758	2.2692691218	2.2738866570	2.2785470253	2.2832509808	2.2879959277	2.2927850488	2.2976118886	2.3024818054	2.3073880195	2.3123331256	2.3173118308	2.3223298505	2.3273778472	2.3324618682	2.3375746881	2.3427180073	2.3478883859	2.3530858734	2.3583080664	2.3635520669	2.3688187293	2.3741029285	2.3794052580	2.3847216687	2.3900513020	2.3953910998	2.4007395272	2.4060937574	2.4114516669	2.4168102509	2.4221677179	2.4275204872	2.4328668144	2.4382035920	2.4435278693	2.4488373492	2.4541278918	2.4594001958	2.4646444087	2.4698654993	2.4750536917	2.4802108657	2.4853315352	2.4904136243	2.4954539397	2.5004471335	2.5053957816	2.5102879093	2.5151297201	2.5199113325	2.5246373541	2.5292932638	2.5338906658	2.5384102231	2.5428643540	2.5472394782	2.5515451970	2.5557594264	2.5598980767	2.5639497984	2.5679149181	2.5717893348	2.5755705292	2.5792678639	2.5828515655	2.5863514233	2.5897450086	2.5930358757	2.5962384092	2.5993132794	2.6022958763	2.6051728851	2.6079331830	2.6105921797	2.6131428014	2.6155745225	2.6178976352	2.6201155149	2.6222204949	2.6241984049	2.6260723508	2.6278407562	2.6294831720	2.6310171589	2.6324304132	2.6337347898	2.6349290859	2.6360121741	2.6369822437	2.6378210522	2.6385482304	2.6391629809	2.6396645856	2.6400522673	2.6403254863	2.6404839964	2.6405274058	2.6404554042	2.6402677661	2.6399643512	2.6395447612	2.6390091985	2.6383578299	2.6375908525	2.6367031755	2.6356835650	2.6345468700	2.6332936334	2.6319244797	2.6304358124	2.6288220770	2.6270849963	2.6252216668	2.6232444177	2.6211460052	2.6189088223	2.6165539398	2.6140813078	2.6114841410	2.6087533320	2.6059141902	2.6029390286	2.5998424231	2.5966369118	2.5932912047	2.5898358458	2.5862609012	2.5825604328	2.5787544348	2.5748190572	2.5707798507	2.5666216086	2.5623608330	2.5579812055	2.5535033777	2.5489136107	2.5442271612	2.5394372210	2.5345581250	2.5295723426	2.5245046199	2.5193410040	2.5140955002	2.5087659684	2.5033560115	2.4978707261	2.4923100410	2.4866819053	2.4809843283	2.4752235653	2.4694040498	2.4635254676	2.4575954166	2.4516144707	2.4455864458	2.4395165767	2.4334056617	2.4272586676	2.4210789303	2.4148690759	2.4086329480	2.4023734461	2.3960939425	2.3897977148	2.3834872094	2.3771663010	2.3708375444	2.3645025795	2.3581674695	2.3518323274	2.3454984297	2.3391737373	2.3328563221	2.3265484364	2.3202554494	2.3139776161	2.3077164666	2.3014757883	2.2952575358	2.2890612749	2.2828923105	2.2767509256	2.2706352341	2.2645550240	2.2585055459	2.2524849669	2.2465074938	2.2405626713	2.2346526197	2.2287864662	2.2229567883	2.2171673190	2.2114225139	2.2057162452	2.2000554584	2.1944399777	2.1888661275	2.1833412784	2.1778611137	1.8836037106	1.8836037106	1.8836037106	1.8836037106	1.8836037106	1.8836037106	1.8836037106	1.8836037106	1.8836037106	1.8836037106	1.8836037106	1.8836037106	1.8836037106	1.8836037106	1.8836037106	1.8836037106	1.8836037106	1.8836037106
1.8836037106	1.8836037106	1.8836037106	1.8836037106	1.8836037106	1.8836037106	1.8836037106	1.8836037106	1.8836037106	1.8836037106	1.8836037106	1.8836037106	1.8836037106	1.8836037106	1.8836037106	1.8836037106	1.8836037106	1.8836037106	2.1751373652	2.1786249215	2.1821587555	2.1857439780	2.1893745271	2.1930591564	2.1967888656	2.2005688846	2.2043991129	2.2082733327	2.2122036415	2.2161773911	2.2202023619	2.2242718506	2.2283946066	2.2325630927	2.2367791314	2.2410436260	2.2453544318	2.2497133511	2.2541160012	2.2585684574	2.2630625032	2.2676050674	2.2721889456	2.2768184466	2.2814874747	2.2862029373	2.2909567334	2.2957520600	2.3005849352	2.3054583484	2.3103674579	2.3153132960	2.3202941713	2.3253080923	2.3303546784	2.3354307893	2.3405382556	2.3456702555	2.3508325853	2.3560165138	2.3612243222	2.3664520397	2.3716992106	2.3769630030	2.3822414988	2.3875333265	2.3928348440	2.3981455274	2.4034616059	2.4087814973	2.4141023429	2.4194219122	2.4247372761	2.4300466447	2.4353456001	2.4406343046	2.4459057188	2.4511611979	2.4563953163	2.4616066393	2.4667912797	2.4719463632	2.4770704167	2.4821564000	2.4872074993	2.4922129601	2.4971772467	2.5020917363	2.5069605333	2.5117685110	2.5165263944	2.5212190371	2.5258537395	2.5304196743	2.5349250714	2.5393474672	2.5437040887	2.5479803467	2.5521881159	2.5562974655	2.5603332374	2.5642794272	2.5681397204	2.5719063294	2.5755793787	2.5791670783	2.5826413659	2.5860300937	2.5893128446	2.5924903981	2.5955788073	2.5985442312	2.6014098679	2.6041730867	2.6068248787	2.6093638799	2.6118049422	2.6141219282	2.6163290484	2.6184289236	2.6204199676	2.6222958112	2.6240470142	2.6256919873	2.6272293025	2.6286483323	2.6299512363	2.6311416381	2.6322129074	2.6331727961	2.6340203379	2.6347546446	2.6353749088	2.6358804034	2.6362704804	2.6365445752	2.6367022078	2.6367429811	2.6366665806	2.6364727780	2.6361614315	2.6357324835	2.6351859604	2.6345219760	2.6337407306	2.6328425079	2.6318276751	2.6306947816	2.6294365158	2.6280621755	2.6265576951	2.6249348288	2.6231969387	2.6213396938	2.6193429870	2.6172288658	2.6149979352	2.6126469930	2.6101592493	2.6075555343	2.6048326066	2.6019800770	2.5990078496	2.5959253233	2.5926984836	2.5893673125	2.5859129596	2.5823358796	2.5786513593	2.5748382763	2.5709203612	2.5668837247	2.5627429029	2.5584840150	2.5541229902	2.5496536654	2.5450840128	2.5404099651	2.5356424615	2.5307722280	2.5258138873	2.5207615824	2.5156253467	2.5104006160	2.5050980762	2.4997131943	2.4942533475	2.4887243402	2.4831202118	2.4774555091	2.4717245269	2.4659354085	2.4600918311	2.4541929723	2.4482470609	2.4422547228	2.4362189975	2.4301454337	2.4240350542	2.4178924957	2.4117208749	2.4055228939	2.3993024152	2.3930616690	2.3868052388	2.3805349368	2.3742534262	2.3679652162	2.3616718142	2.3553760782	2.3490816410	2.3427902501	2.3365042980	2.3302276759	2.3239613414	2.3177068614	2.3114704740	2.3052501138	2.2990462611	2.2928705770	2.2867149155	2.2805828943	2.2744821407	2.2684074950	2.2623629434	2.2563523688	2.2503728543	2.2444289319	2.2385220256	2.2326502317	2.2268172542	2.2210252412	2.2152709191	2.2095585014	2.2038899629	2.1982611607	2.1926785727	2.1871400166	2.1816455445	2.1761974529	1.8836037106	1.8836037106	1.8836037106	1.8836037106	1.8836037106	1.8836037106	1.8836037106	1.8836037106	1.8836037106	1.8836037106	1.8836037106	1.8836037106	1.8836037106	1.8836037106	1.8836037106	1.8836037106	1.8836037106	1.8836037106
1.8836037106	1.8836037106	1.8836037106	1.8836037106	1.8836037106	1.8836037106	1.8836037106	1.8836037106	1.8836037106	1.8836037106	1.8836037106	1.8836037106	1.8836037106	1.8836037106	1.8836037106	1.8836037106	1.8836037106	1.8836037106	2.1740527029	2.1775231280	2.1810322600	2.1845952454	2.1882039021	2.1918618684	2.1955702277	2.1993246849	2.2031297873	2.2069774824	2.2108819455	2.2148297798	2.2188266133	2.2228719804	2.2269644893	2.2311058597	2.2352901733	2.2395288733	2.2438093229	2.2481386314	2.2525080309	2.2569320821	2.2613954708	2.2659053846	2.2704549479	2.2750538332	2.2796905259	2.2843718243	2.2890911144	2.2938528783	2.2986488565	2.3034896432	2.3083628490	2.3132736706	2.3182167159	2.3231955224	2.3282034037	2.3332447935	2.3383134020	2.3434100863	2.3485324991	2.3536789854	2.3588484104	2.3640368805	2.3692465961	2.3744710959	2.3797117429	2.3849641011	2.3902273665	2.3954985464	2.4007760123	2.4060569960	2.4113393566	2.4166201034	2.4218974189	2.4271677947	2.4324295202	2.4376793105	2.4429148140	2.4481328417	2.4533301512	2.4585061160	2.4636534975	2.4687743312	2.4738614342	2.4789158650	2.4839303799	2.4889079557	2.4938362756	2.4987216709	2.5035551297	2.5083377158	2.5130629691	2.5177317087	2.5223359608	2.5268774152	2.5313508985	2.5357577256	2.5400856943	2.5443430368	2.5485186835	2.5526226906	2.5566299212	2.5605611495	2.5644009316	2.5681542472	2.5718125898	2.5753761183	2.5788526032	2.5822178290	2.5854925402	2.5886639853	2.5917294632	2.5947003468	2.5975598264	2.6003074640	2.6029569185	2.6054980453	2.6079194958	2.6102384991	2.6124536872	2.6145423089	2.6165228806	2.6183954756	2.6201575752	2.6218099668	2.6233314747	2.6247448302	2.6260487568	2.6272420511	2.6283181407	2.6292757719	2.6301209161	2.6308526858	2.6314649936	2.6319630168	2.6323465549	2.6326150490	2.6327680240	2.6328050866	2.6327259258	2.6325303156	2.6322181163	2.6317892710	2.6312438063	2.6305788570	2.6297932999	2.6288906316	2.6278712196	2.6267226329	2.6254566838	2.6240742686	2.6225760951	2.6209514927	2.6191963651	2.6173228357	2.6153329382	2.6132210263	2.6109809364	2.6086155945	2.6061390653	2.6035294278	2.6007977375	2.5979515388	2.5949827514	2.5918827208	2.5886731550	2.5853402270	2.5818880787	2.5783238710	2.5746339518	2.5708379939	2.5669226669	2.5629021795	2.5587646407	2.5545219706	2.5501731311	2.5457195381	2.5411642766	2.5365092308	2.5317559413	2.5269092178	2.5219695639	2.5169441253	2.5118256855	2.5066313169	2.5013478223	2.4959924674	2.4905603578	2.4850571674	2.4794864598	2.4738495851	2.4681526674	2.4623961473	2.4565849255	2.4507221201	2.4448102460	2.4388541372	2.4328554427	2.4268183476	2.4207463855	2.4146421086	2.4085092603	2.4023507347	2.3961698518	2.3899698228	2.3837531474	2.3775236132	2.3712835453	2.3650352949	2.3587839476	2.3525297398	2.3462748008	2.3400268194	2.3337824836	2.3275455109	2.3213224515	2.3151100391	2.3089129968	2.3027348389	2.2965742312	2.2904358785	2.2843216675	2.2782310623	2.2721673405	2.2661339538	2.2601281745	2.2541539785	2.2482162095	2.2423080850	2.2364381797	2.2306063306	2.2248068255	2.2190525528	2.2133360629	2.2076547012	2.2020245455	2.1964308642	2.1908793478	2.1853782998	2.1799145654	2.1744968148	1.8836037106	1.8836037106	1.8836037106	1.8836037106	1.8836037106	1.8836037106	1.8836037106	1.8836037106	1.8836037106	1.8836037106	1.8836037106	1.8836037106	1.8836037106	1.8836037106	1.8836037106	1.8836037106	1.8836037106	1.8836037106
1.8836037106	1.8836037106	1.8836037106	1.8836037106	1.8836037106	1.8836037106	1.8836037106	1.8836037106	1.8836037106	1.8836037106	1.8836037106	1.8836037106	1.8836037106	1.8836037106	1.8836037106	1.8836037106	1.8836037106	1.8836037106	2.1729454639	2.1763974257	2.1798835020	2.1834224784	2.1870084564	2.1906391721	2.1943257594	2.1980541589	2.2018336526	2.2056584330	2.2095326409	2.2134556426	2.2174233203	2.2214427993	2.2255046750	2.2296189951	2.2337757666	2.2379826270	2.2422321464	2.2465312881	2.2508731820	2.2552619714	2.2596941853	2.2641707440	2.2686907867	2.2732536059	2.2778582307	2.2825033286	2.2871896482	2.2919150847	2.2966791845	2.3014810494	2.3063189404	2.3111928775	2.3160993691	2.3210411730	2.3260125957	2.3310156368	2.3360457905	2.3411049000	2.3461866124	2.3512965253	2.3564258208	2.3615769467	2.3667458628	2.3719317937	2.3771322056	2.3823449397	2.3875688469	2.3928001316	2.3980382819	2.4032795619	2.4085223468	2.4137638452	2.4190017650	2.4242333042	2.4294563164	2.4346671648	2.4398649212	2.4450440335	2.4502046413	2.4553417505	2.4604550689	2.4655377169	2.4705915227	2.4756086437	2.4805898668	2.4855307835	2.4904288233	2.4952810382	2.5000829888	2.5048349461	2.5095292934	2.5141679440	2.5187449132	2.5232601211	2.5277064832	2.5320847948	2.5363923406	2.5406233660	2.5447797819	2.5488531981	2.5528526397	2.5567557653	2.5605809182	2.5643135559	2.5679578794	2.5715076407	2.5749604173	2.5783242554	2.5815809228	2.5847400512	2.5878001846	2.5907534956	2.5936055792	2.5963607968	2.5989892536	2.6015197493	2.6039448004	2.6062603899	2.6084566942	2.6105510863	2.6125379040	2.6143995914	2.6161524630	2.6177945226	2.6193263769	2.6207471274	2.6220514707	2.6232313770	2.6243004387	2.6252576134	2.6261019340	2.6268325125	2.6274485414	2.6279481327	2.6283285519	2.6285938138	2.6287434441	2.6287770500	2.6286943208	2.6284950309	2.6281790408	2.6277451168	2.6271892775	2.6265154708	2.6257238979	2.6248148444	2.6237886785	2.6226458530	2.6213822921	2.6199856537	2.6184721852	2.6168384142	2.6150880353	2.6132165187	2.6112184352	2.6090935839	2.6068558084	2.6044928220	2.6020047401	2.5993959973	2.5966759045	2.5938183178	2.5908455910	2.5877569131	2.5845446069	2.5812182140	2.5777729961	2.5742069459	2.5705334516	2.5667389830	2.5628401828	2.5588233178	2.5547003973	2.5504719324	2.5461355154	2.5416997812	2.5371591100	2.5325230557	2.5277896379	2.5229640161	2.5180468661	2.5130405650	2.5079510618	2.5027760210	2.4975243657	2.4921940895	2.4867931771	2.4813190998	2.4757788844	2.4701760016	2.4645091968	2.4587884607	2.4530103978	2.4471827088	2.4413084326	2.4353873625	2.4294268558	2.4234279161	2.4173942702	2.4113295154	2.4052361602	2.3991180367	2.3929773129	2.3868184985	2.3806434123	2.3744546532	2.3682569316	2.3620512261	2.3558409100	2.3496296208	2.3434182451	2.3372105700	2.3310094887	2.3248157360	2.3186325293	2.3124638048	2.3063081796	2.3001696426	2.2940535138	2.2879547588	2.2818806124	2.2758334242	2.2698083806	2.2638147020	2.2578515719	2.2519146681	2.2460159229	2.2401497392	2.2343154115	2.2285216519	2.2227631431	2.2170420576	2.2113632991	2.2057210169	2.2001219834	2.1945661341	2.1890495314	2.1835803275	2.1781535347	2.1727623941	1.8836037106	1.8836037106	1.8836037106	1.8836037106	1.8836037106	1.8836037106	1.8836037106	1.8836037106	1.8836037106	1.8836037106	1.8836037106	1.8836037106	1.8836037106	1.8836037106	1.8836037106	1.8836037106	1.8836037106	1.8836037106
1.8836037106	1.8836037106	1.8836037106	1.8836037106	1.8836037106	1.8836037106	1.8836037106	1.8836037106	1.8836037106	1.8836037106	1.8836037106	1.8836037106	1.8836037106	1.8836037106	1.8836037106	1.8836037106	1.8836037106	1.8836037106	1.8836037106	2.1752477911	2.1787146062	2.1822271679	2.1857897170	2.1893963761	2.1930559021	2.1967592300	2.2005114922	2.2043126215	2.2081560109	2.2120546176	2.2159950029	2.2199848340	2.2240183776	2.2281024305	2.2322314639	2.2364054710	2.2406277101	2.2448934394	2.2492058386	2.2535587615	2.2579620298	2.2624040970	2.2668921204	2.2714188878	2.2759910929	2.2805995353	2.2852530260	2.2899420347	2.2946711500	2.2994333907	2.3042378040	2.3090729515	2.3139442352	2.3188461565	2.3237807386	2.3287436525	2.3337366374	2.3387556809	2.3438003113	2.3488690475	2.3539592639	2.3590703375	2.3641981449	2.3693451427	2.3745046063	2.3796779985	2.3848608255	2.3900523085	2.3952493729	2.4004505604	2.4056528977	2.4108543898	2.4160520380	2.4212439449	2.4264267791	2.4315988589	2.4367564988	2.4418985713	2.4470195576	2.4521195892	2.4571939392	2.4622403277	2.4672564137	2.4722383090	2.4771853630	2.4820898360	2.4869551727	2.4917716741	2.4965428190	2.5012603994	2.5059290323	2.5105329024	2.5150822292	2.5195662309	2.5239897653	2.5283381784	2.5326204618	2.5368275112	2.5409591949	2.5450131638	2.5489828594	2.5528771811	2.5566742340	2.5603919165	2.5640168142	2.5675502717	2.5709912835	2.5743322252	2.5775821351	2.5807308977	2.5837730299	2.5867219970	2.5895632038	2.5922953740	2.5949329412	2.5974557085	2.5998655316	2.6021746590	2.6043734281	2.6064613422	2.6084316947	2.6102976374	2.6120576039	2.6136913807	2.6152154618	2.6166252931	2.6179246908	2.6191115697	2.6201850302	2.6211457515	2.6219876754	2.6227084429	2.6233156293	2.6238085134	2.6241864538	2.6244488919	2.6245953534	2.6246254451	2.6245388560	2.6243353604	2.6240148193	2.6235771767	2.6230224597	2.6223507808	2.6215605574	2.6206410250	2.6196035031	2.6184482006	2.6171725420	2.6157801855	2.6142669894	2.6126363907	2.6108738441	2.6089907466	2.6069933567	2.6048730893	2.6026277210	2.6002581441	2.5977759528	2.5951711312	2.5924341519	2.5895890529	2.5866203900	2.5835277475	2.5803277659	2.5770000594	2.5735584157	2.5700077276	2.5663335105	2.5625575903	2.5586605715	2.5546586394	2.5505502850	2.5463326296	2.5420153513	2.5375918616	2.5330735395	2.5284537466	2.5237442756	2.5189370737	2.5140433808	2.5090618206	2.5039966075	2.4988505675	2.4936241136	2.4883272642	2.4829506244	2.4775106530	2.4720006184	2.4664293560	2.4607986059	2.4551097584	2.4493690699	2.4435774509	2.4377390898	2.4318570751	2.4259343139	2.4199747218	2.4139807746	2.4079560232	2.4019034444	2.3958261826	2.3897275687	2.3836098826	2.3774770009	2.3713311713	2.3651748068	2.3590128115	2.3528453258	2.3466753131	2.3405090365	2.3343437317	2.3281843263	2.3220357410	2.3158946420	2.3097674458	2.3036571112	2.2975602112	2.2914851461	2.2854312667	2.2793978024	2.2733907715	2.2674099429	2.2614554289	2.2555316239	2.2496384941	2.2437765447	2.2379497484	2.2321562642	2.2263982327	2.2206796241	2.2149960868	2.2093519332	2.2037500070	2.1981851594	2.1926644888	2.1871856775	2.1817490035	2.1763566724	1.8836037106	1.8836037106	1.8836037106	1.8836037106	1.8836037106	1.8836037106	1.8836037106	1.8836037106	1.8836037106	1.8836037106	1.8836037106	1.8836037106	1.8836037106	1.8836037106	1.8836037106	1.8836037106	1.8836037106	1.8836037106	1.8836037106
1.8836037106	1.8836037106	1.8836037106	1.8836037106	1.8836037106	1.8836037106	1.8836037106	1.8836037106	1.8836037106	1.8836037106	1.8836037106	1.8836037106	1.8836037106	1.8836037106	1.8836037106	1.8836037106	1.8836037106	1.8836037106	1.8836037106	2.1740740655	2.1775224097	2.1810083925	2.1845470634	2.1881302274	2.1917611043	2.1954415363	2.1991663575	2.2029405277	2.2067563909	2.2106263893	2.2145389549	2.2184986180	2.2225063436	2.2265581805	2.2306583324	2.2347995101	2.2389926607	2.2432259045	2.2475066371	2.2518269275	2.2561969145	2.2606062299	2.2650593688	2.2695521167	2.2740890217	2.2786644557	2.2832800121	2.2879327562	2.2926255893	2.2973527752	2.3021181723	2.3069163980	2.3117491202	2.3166115170	2.3215087758	2.3264325626	2.3313865783	2.3363654044	2.3413709205	2.3463972217	2.3514491476	2.3565184902	2.3616075049	2.3667120725	2.3718314342	2.3769629863	2.3821047752	2.3872552528	2.3924110879	2.3975712976	2.4027325235	2.4078929384	2.4130499255	2.4182009554	2.4233437319	2.4284752204	2.4335931323	2.4386949115	2.4437771581	2.4488381992	2.4538736895	2.4588840228	2.4638606232	2.4688068208	2.4737150498	2.4785867252	2.4834140194	2.4882015347	2.4929343023	2.4976213666	2.5022528554	2.5068332654	2.5113469185	2.5158048200	2.5201940380	2.5245217532	2.5287726139	2.5329566186	2.5370620830	2.5410921492	2.5450422800	2.5489068975	2.5526956818	2.5563848301	2.5599937866	2.5635104921	2.5669313553	2.5702635981	2.5734917718	2.5766266231	2.5796682827	2.5825921606	2.5854251239	2.5881515887	2.5907708874	2.5932863513	2.5957040359	2.5979966576	2.6001833119	2.6022669789	2.6042383811	2.6061006446	2.6078416645	2.6094761116	2.6110025682	2.6124172714	2.6137072605	2.6148868357	2.6159524328	2.6169037710	2.6177420561	2.6184664034	2.6190744782	2.6195672157	2.6199441658	2.6202047677	2.6203485448	2.6203751018	2.6202841262	2.6200753914	2.6197487580	2.6193041700	2.6187416545	2.6180599804	2.6172597730	2.6163419042	2.6153063856	2.6141493798	2.6128755633	2.6114760503	2.6099512994	2.6083103780	2.6065541585	2.6046718462	2.6026675990	2.6005391235	2.5982965928	2.5959394550	2.5934412059	2.5908326717	2.5881070941	2.5852594082	2.5822915802	2.5792156058	2.5760064907	2.5726896348	2.5692613310	2.5657073776	2.5620522337	2.5582772134	2.5543973510	2.5504086916	2.5463112288	2.5421128651	2.5378075300	2.5334072884	2.5289027464	2.5243092760	2.5196146558	2.5148340065	2.5099627753	2.5050086559	2.4999682559	2.4948492580	2.4896536488	2.4843812920	2.4790400108	2.4736286136	2.4681538587	2.4626158018	2.4570194981	2.4513673280	2.4456619238	2.4399085883	2.4341074505	2.4282640567	2.4223810213	2.4164608337	2.4105075705	2.4045235825	2.3985127006	2.3924770540	2.3864207308	2.3803461227	2.3742554073	2.3681532321	2.3620407860	2.3559212557	2.3497983908	2.3436727786	2.3375487079	2.3314286829	2.3253133240	2.3192066165	2.3131113106	2.3070270773	2.3009580562	2.2949074626	2.2888731416	2.2828615084	2.2768724563	2.2709047078	2.2649672089	2.2590550398	2.2531686942	2.2473199732	2.2414979030	2.2357086277	2.2299581855	2.2242372652	2.2185568651	2.2129143243	2.2073035587	2.2017416047	2.1962147119	2.1907266806	2.1852879114	2.1798841047	2.1745242122	1.8836037106	1.8836037106	1.8836037106	1.8836037106	1.8836037106	1.8836037106	1.8836037106	1.8836037106	1.8836037106	1.8836037106	1.8836037106	1.8836037106	1.8836037106	1.8836037106	1.8836037106	1.8836037106	1.8836037106	1.8836037106	1.8836037106
1.8836037106	1.8836037106	1.8836037106	1.8836037106	1.8836037106	1.8836037106	1.8836037106	1.8836037106	1.8836037106	1.8836037106	1.8836037106	1.8836037106	1.8836037106	1.8836037106	1.8836037106	1.8836037106	1.8836037106	1.8836037106	1.8836037106	2.1728785485	2.1763070497	2.1797687167	2.1832814615	2.1868403152	2.1904418242	2.1940989628	2.1977958775	2.2015426368	2.2053340054	2.2091716049	2.2130582606	2.2169874151	2.2209661758	2.2249852577	2.2290565284	2.2331687666	2.2373274454	2.2415294209	2.2457762210	2.2500672086	2.2543995939	2.2587771888	2.2631934760	2.2676548855	2.2721539121	2.2766949790	2.2812713883	2.2858912424	2.2905449988	2.2952366238	2.2999606287	2.3047231695	2.3095152782	2.3143418442	2.3191972553	2.3240826916	2.3289950630	2.3339347885	2.3388989730	2.3438862982	2.3488957701	2.3539244815	2.3589718621	2.3640338669	2.3691126905	2.3742019460	2.3793026816	2.3844106766	2.3895251541	2.3946427893	2.3997625850	2.4048810776	2.4099965977	2.4151061054	2.4202075901	2.4252979826	2.4303756310	2.4354362228	2.4404797458	2.4454995189	2.4504967115	2.4554660438	2.4604073132	2.4653135827	2.4701873592	2.4750194171	2.4798125828	2.4845607889	2.4892646423	2.4939147109	2.4985153956	2.5030585460	2.5075471047	2.5119699293	2.5163342144	2.5206269466	2.5248565600	2.5290086384	2.5330922343	2.5370951544	2.5410214533	2.5448664877	2.5486248042	2.5523077729	2.5558873236	2.5593864423	2.5627946498	2.5661013394	2.5693246464	2.5724386614	2.5754573545	2.5783825904	2.5811984102	2.5839106656	2.5865262562	2.5890307827	2.5914262235	2.5937200520	2.5959132280	2.5979788344	2.5999388567	2.6017934366	2.6035371825	2.6051699494	2.6066857471	2.6080864632	2.6093775189	2.6105577229	2.6116259562	2.6125767206	2.6134073238	2.6141245033	2.6147274599	2.6152154715	2.6155870358	2.6158422076	2.6159812640	2.6160038131	2.6159095449	2.6156982350	2.6153696624	2.6149220027	2.6143566261	2.6136736456	2.6128732608	2.6119522629	2.6109047707	2.6097394839	2.6084569415	2.6070577672	2.6055397379	2.6038927520	2.6021278421	2.6002409156	2.5982389604	2.5961231678	2.5938662455	2.5914967871	2.5890136995	2.5864086665	2.5836781149	2.5808383180	2.5778760571	2.5747927145	2.5715995510	2.5682899803	2.5648620048	2.5613269259	2.5576743423	2.5539174691	2.5500479374	2.5460719423	2.5419930345	2.5378064429	2.5335244805	2.5291366661	2.5246586880	2.5200793527	2.5154128082	2.5106530886	2.5058114994	2.5008781629	2.4958679589	2.4907763695	2.4856096424	2.4803695119	2.4750587273	2.4696824284	2.4642391593	2.4587379246	2.4531756231	2.4475599771	2.4418930325	2.4361759336	2.4304148267	2.4246104939	2.4187674892	2.4128883439	2.4069761906	2.4010342220	2.3950652832	2.3890730276	2.3830591932	2.3770279709	2.3709816663	2.3649221071	2.3588548088	2.3527795984	2.3466993728	2.3406204598	2.3345399307	2.3284634204	2.3223946455	2.3163307208	2.3102796625	2.3042415645	2.2982142783	2.2922083837	2.2862196257	2.2802489697	2.2743041020	2.2683811377	2.2624832516	2.2566149115	2.2507721886	2.2449614150	2.2391828987	2.2334341862	2.2277215082	2.2220438523	2.2164003226	2.2107960308	2.2052277230	2.1996988572	2.1942113292	2.1887613535	2.1833558893	2.1779911312	2.1726596830	1.8836037106	1.8836037106	1.8836037106	1.8836037106	1.8836037106	1.8836037106	1.8836037106	1.8836037106	1.8836037106	1.8836037106	1.8836037106	1.8836037106	1.8836037106	1.8836037106	1.8836037106	1.8836037106	1.8836037106	1.8836037106	1.8836037106
1.8836037106	1.8836037106	1.8836037106	1.8836037106	1.8836037106	1.8836037106	1.8836037106	1.8836037106	1.8836037106	1.8836037106	1.8836037106	1.8836037106	1.8836037106	1.8836037106	1.8836037106	1.8836037106	1.8836037106	1.8836037106	1.8836037106	1.8836037106	2.1750684375	2.1785096462	2.1819941615	2.1855279755	2.1891047878	2.1927319780	2.1964031189	2.2001206977	2.2038859277	2.2076906013	2.2115512537	2.2154513000	2.2193984323	2.2233895631	2.2274270607	2.2315091901	2.2356326821	2.2398058197	2.2440184250	2.2482764786	2.2525712333	2.2569175245	2.2612995829	2.2657245299	2.2701858248	2.2746922150	2.2792334614	2.2838144209	2.2884297753	2.2930841192	2.2977699086	2.3024934441	2.3072470878	2.3120334821	2.3168471275	2.3216943310	2.3265655758	2.3314651935	2.3363874382	2.3413342496	2.3462996182	2.3512886568	2.3562928743	2.3613145030	2.3663493354	2.3713969875	2.3764543534	2.3815201947	2.3865919213	2.3916672855	2.3967443514	2.4018204813	2.4068934873	2.4119610335	2.4170202250	2.4220692431	2.4271045719	2.4321246341	2.4371260172	2.4421071460	2.4470631218	2.4519937490	2.4568942339	2.4617630778	2.4665971188	2.4713935516	2.4761492775	2.4808615867	2.4855279060	2.4901458358	2.4947111130	2.4992230904	2.5036758805	2.5080709245	2.5124005581	2.5166691475	2.5208638098	2.5249939098	2.5290453486	2.5330265300	2.5369260777	2.5407465898	2.5444854044	2.5481363350	2.5517094410	2.5551814248	2.5585684329	2.5618652764	2.5650607061	2.5681668106	2.5711718242	2.5740752090	2.5768823683	2.5795930260	2.5821837319	2.5846789470	2.5870706657	2.5893535808	2.5915239892	2.5935920099	2.5955568159	2.5973993491	2.5991298736	2.6007527229	2.6022676090	2.6036676699	2.6049561985	2.6061306241	2.6071852200	2.6081278102	2.6089574372	2.6096732229	2.6102743673	2.6107601474	2.6111299206	2.6113831286	2.6115192965	2.6115380305	2.6114390189	2.6112220360	2.6108869433	2.6104336856	2.6098622902	2.6091728698	2.6083656241	2.6074408380	2.6063988780	2.6052341588	2.6039461888	2.6025411726	2.6010122920	2.5993675191	2.5976062244	2.5957259329	2.5937107795	2.5915820722	2.5893400629	2.5869738177	2.5844856065	2.5818821828	2.5791670719	2.5763198730	2.5733622369	2.5702925160	2.5671004989	2.5637990952	2.5603833627	2.5568533458	2.5532202165	2.5494690907	2.5456156786	2.5416562063	2.5375892053	2.5334255725	2.5291558130	2.5247945112	2.5203311779	2.5157796565	2.5111329225	2.5064044662	2.5015804460	2.4966790875	2.4916947467	2.4866350069	2.4814977440	2.4762898123	2.4710124231	2.4656676210	2.4602616998	2.4547930251	2.4492691960	2.4436904991	2.4380611952	2.4323839156	2.4266617921	2.4208984516	2.4150962136	2.4092587463	2.4033886789	2.3974894808	2.3915636625	2.3856145689	2.3796452595	2.3736576032	2.3676558049	2.3616418835	2.3556182554	2.3495888519	2.3435545198	2.3375191593	2.3314854929	2.3254540227	2.3194289581	2.3134126399	2.3074051556	2.3014108015	2.2954315656	2.2894672917	2.2835230348	2.2775980344	2.2716941307	2.2658165346	2.2599614616	2.2541332656	2.2483368111	2.2425656216	2.2368280894	2.2311231485	2.2254481265	2.2198124115	2.2142090103	2.2086411301	2.2031155974	2.1976229916	2.1921728098	2.1867632409	2.1813920418	2.1760638125	1.8836037106	1.8836037106	1.8836037106	1.8836037106	1.8836037106	1.8836037106	1.8836037106	1.8836037106	1.8836037106	1.8836037106	1.8836037106	1.8836037106	1.8836037106	1.8836037106	1.8836037106	1.8836037106	1.8836037106	1.8836037106	1.8836037106	1.8836037106
1.8836037106	1.8836037106	1.8836037106	1.8836037106	1.8836037106	1.8836037106	1.8836037106	1.8836037106	1.8836037106	1.8836037106	1.8836037106	1.8836037106	1.8836037106	1.8836037106	1.8836037106	1.8836037106	1.8836037106	1.8836037106	1.8836037106	1.8836037106	2.1738063057	2.1772280895	2.1806843279	2.1841926871	2.1877444448	2.1913410584	2.1949878202	2.1986761521	2.2024126651	2.2061906878	2.2100183082	2.2138896034	2.2178037556	2.2217673771	2.2257705941	2.2298225341	2.2339140112	2.2380528730	2.2422309694	2.2464554080	2.2507195905	2.2550265596	2.2593744704	2.2637617884	2.2681906692	2.2726570510	2.2771625744	2.2817031035	2.2862836681	2.2908972635	2.2955466340	2.3002270588	2.3049432232	2.3096874013	2.3144641640	2.3192677786	2.3240992587	2.3289556258	2.3338373637	2.3387412165	2.3436664318	2.3486111951	2.3535733178	2.3585518220	2.3635432078	2.3685484117	2.3735624648	2.3785853267	2.3836133819	2.3886458443	2.3936789374	2.3987124486	2.4037422194	2.4087668192	2.4137833817	2.4187896641	2.4237830241	2.4287609293	2.4337206778	2.4386599600	2.4435754806	2.4484655188	2.4533257955	2.4581560188	2.4629500123	2.4677082812	2.4724258828	2.4771026955	2.4817312696	2.4863138803	2.4908439951	2.4953219366	2.4997420861	2.5041034942	2.5084034731	2.5126376641	2.5168085946	2.5209037245	2.5249330240	2.5288820912	2.5327589803	2.5365544605	2.5402673000	2.5438989105	2.5474415123	2.5509022687	2.5542674638	2.5575403161	2.5607242618	2.5638102083	2.5667979232	2.5696944625	2.5724813833	2.5751692163	2.5777599506	2.5802459997	2.5826178984	2.5848913795	2.5870586442	2.5891158911	2.5910608721	2.5928996795	2.5946330416	2.5962572626	2.5977554131	2.5991453333	2.6004248397	2.6015936046	2.6026503907	2.6035897613	2.6044160538	2.6051283920	2.6057259771	2.6062042220	2.6065664963	2.6068132833	2.6069441138	2.6069585987	2.6068564300	2.6066373848	2.6063013263	2.6058482003	2.6052723893	2.6045782384	2.6037661567	2.6028364288	2.6017851410	2.6006151123	2.5993281489	2.5979236882	2.5964035236	2.5947508161	2.5929783458	2.5910912276	2.5890880548	2.5869621581	2.5847142724	2.5823495076	2.5798745370	2.5772682230	2.5745472695	2.5717145262	2.5687662677	2.5656950284	2.5625205309	2.5592233699	2.5558158921	2.5523070993	2.5486735046	2.5449424667	2.5411020058	2.5371566971	2.5331112955	2.5289607673	2.5247171781	2.5203704183	2.5159346931	2.5114022759	2.5067862342	2.5020748269	2.4972837815	2.4924082405	2.4874568437	2.4824237391	2.4773209619	2.4721436329	2.4668999188	2.4615906807	2.4562187983	2.4507883676	2.4453009176	2.4397615674	2.4341705779	2.4285332615	2.4228520359	2.4171293505	2.4113692285	2.4055738922	2.3997469809	2.3938906443	2.3880093766	2.3821041614	2.3761791185	2.3702373439	2.3642792385	2.3583117186	2.3523340814	2.3463482603	2.3403621326	2.3343718956	2.3283829237	2.3223995526	2.3164184618	2.3104481738	2.3044880091	2.2985360678	2.2926043254	2.2866860530	2.2807837223	2.2749062114	2.2690464170	2.2632103929	2.2574024694	2.2516158091	2.2458614594	2.2401359377	2.2344373481	2.2287753926	2.2231432837	2.2175447223	2.2119850647	2.2064555299	2.2009679858	2.1955175485	2.1901014569	2.1847329965	2.1793984103	2.1741023082	1.8836037106	1.8836037106	1.8836037106	1.8836037106	1.8836037106	1.8836037106	1.8836037106	1.8836037106	1.8836037106	1.8836037106	1.8836037106	1.8836037106	1.8836037106	1.8836037106	1.8836037106	1.8836037106	1.8836037106	1.8836037106	1.8836037106	1.8836037106
1.8836037106	1.8836037106	1.8836037106	1.8836037106	1.8836037106	1.8836037106	1.8836037106	1.8836037106	1.8836037106	1.8836037106	1.8836037106	1.8836037106	1.8836037106	1.8836037106	1.8836037106	1.8836037106	1.8836037106	1.8836037106	1.8836037106	1.8836037106	2.1725241722	2.1759241048	2.1793563525	2.1828360748	2.1863617912	2.1899290212	2.1935486993	2.1972074204	2.2009147293	2.2046667534	2.2084599192	2.2123040557	2.2161877928	2.2201183594	2.2240893828	2.2281082484	2.2321689321	2.2362712238	2.2404190985	2.2446067271	2.2488378626	2.2531049819	2.2574208825	2.2617713113	2.2661634337	2.2705898908	2.2750599493	2.2795626186	2.2841039870	2.2886776384	2.2932882514	2.2979282475	2.3026046120	2.3073088524	2.3120439067	2.3168042555	2.3215960056	2.3264099259	2.3312499005	2.3361104451	2.3409935833	2.3458927152	2.3508140518	2.3557481327	2.3606972679	2.3656571527	2.3706283238	2.3756061812	2.3805912725	2.3855793040	2.3905692284	2.3955581771	2.4005444312	2.4055252141	2.4104984866	2.4154613135	2.4204117337	2.4253466564	2.4302645186	2.4351609574	2.4400358424	2.4448832318	2.4497036335	2.4544920576	2.4592493415	2.4639658626	2.4686461516	2.4732826374	2.4778770973	2.4824205219	2.4869172228	2.4913576697	2.4957454515	2.5000725729	2.5043402539	2.5085437333	2.5126803452	2.5167517733	2.5207460324	2.5246733710	2.5285184633	2.5322893135	2.5359801679	2.5395835879	2.5431071514	2.5465406244	2.5498875335	2.5531461828	2.5563037078	2.5593741763	2.5623496701	2.5652191695	2.5679974874	2.5706737062	2.5732447692	2.5757148682	2.5780851243	2.5803475900	2.5824964347	2.5845442371	2.5864872412	2.5883155311	2.5900354877	2.5916424765	2.5931421236	2.5945331044	2.5958141650	2.5969723725	2.5980162052	2.5989482715	2.5997672586	2.6004724178	2.6010632960	2.6015391759	2.6018994213	2.6021434792	2.6022708791	2.6022812307	2.6021742249	2.6019496380	2.6016073330	2.6011472557	2.6005694332	2.5998739767	2.5990608402	2.5981299929	2.5970822551	2.5959157726	2.5946186117	2.5932046041	2.5916744499	2.5900289273	2.5882615511	2.5863767364	2.5843663425	2.5822416853	2.5800052772	2.5776395700	2.5751569460	2.5725623837	2.5698529204	2.5670191531	2.5640759864	2.5610190101	2.5578451723	2.5545631555	2.5511717202	2.5476628110	2.5440527208	2.5403326979	2.5365100740	2.5325826540	2.5285523798	2.5244273900	2.5201976296	2.5158783293	2.5114614156	2.5069593093	2.5023612906	2.4976818880	2.4929165646	2.4880747364	2.4831477213	2.4781500651	2.4730763685	2.4679348147	2.4627250123	2.4574518252	2.4521168629	2.4467229662	2.4412754767	2.4357730769	2.4302232162	2.4246259894	2.4189860256	2.4133056047	2.4075879188	2.4018359241	2.3960525910	2.3902410322	2.3844036714	2.3785441037	2.3726642275	2.3667674971	2.3608569433	2.3549340667	2.3490029034	2.3430651168	2.3371233319	2.3311810944	2.3252387838	2.3193002912	2.3133683231	2.3074427474	2.3015280220	2.2956257855	2.2897365136	2.2838648162	2.2780097580	2.2721741556	2.2663618565	2.2605701981	2.2548038325	2.2490652340	2.2433515762	2.2376689444	2.2320152969	2.2263923456	2.2208044485	2.2152472590	2.2097256154	2.2042407746	2.1987901529	2.1933793111	2.1880050241	2.1826710893	2.1773767039	1.8836037106	1.8836037106	1.8836037106	1.8836037106	1.8836037106	1.8836037106	1.8836037106	1.8836037106	1.8836037106	1.8836037106	1.8836037106	1.8836037106	1.8836037106	1.8836037106	1.8836037106	1.8836037106	1.8836037106	1.8836037106	1.8836037106	1.8836037106	1.8836037106
1.8836037106	1.8836037106	1.8836037106	1.8836037106	1.8836037106	1.8836037106	1.8836037106	1.8836037106	1.8836037106	1.8836037106	1.8836037106	1.8836037106	1.8836037106	1.8836037106	1.8836037106	1.8836037106	1.8836037106	1.8836037106	1.8836037106	1.8836037106	1.8836037106	2.1745974907	2.1780084544	2.1814582816	2.1849574003	2.1884985147	2.1920862504	2.1957195288	2.1993956333	2.2031183081	2.2068797302	2.2106931790	2.2145460426	2.2184430962	2.2223855350	2.2263686330	2.2303974469	2.2344643592	2.2385789378	2.2427306118	2.2469267447	2.2511602756	2.2554369848	2.2597512517	2.2641048834	2.2684969514	2.2729258405	2.2773914822	2.2818910142	2.2864280520	2.2909966588	2.2955990865	2.3002306907	2.3048960786	2.3095875421	2.3143095290	2.3190561797	2.3238290213	2.3286240537	2.3334432168	2.3382817449	2.3431398625	2.3480146299	2.3529054891	2.3578098609	2.3627259389	2.3676523589	2.3725863734	2.3775263523	2.3824695770	2.3874152331	2.3923594965	2.3973014921	2.4022379330	2.4071669046	2.4120859949	2.4169923858	2.4218842274	2.4267580859	2.4316124764	2.4364437338	2.4412512976	2.4460283153	2.4507765462	2.4554906197	2.4601706452	2.4648091581	2.4694090268	2.4739621958	2.4784713042	2.4829281764	2.4873365981	2.4916856297	2.4959807847	2.5002135394	2.5043852596	2.5084909236	2.5125279388	2.5164981438	2.5203903206	2.5242146681	2.5279543144	2.5316175156	2.5352033242	2.5386957191	2.5421105349	2.5454342219	2.5486659321	2.5518153522	2.5548590451	2.5578121947	2.5606719116	2.5634320016	2.5660887733	2.5686523360	2.5711073467	2.5734586027	2.5757072947	2.5778537672	2.5798944548	2.5818167480	2.5836356971	2.5853497846	2.5869522728	2.5884421327	2.5898217587	2.5910862291	2.5922406424	2.5932838995	2.5942149745	2.5950329190	2.5957368623	2.5963229133	2.5967903186	2.5971430999	2.5973807110	2.5975026871	2.5975086423	2.5973982711	2.5971713525	2.5968277509	2.5963674130	2.5957863663	2.5950834769	2.5942626313	2.5933241126	2.5922682852	2.5910955937	2.5898065641	2.5883952601	2.5868663818	2.5852159930	2.5834460273	2.5815621076	2.5795652420	2.5774356699	2.5751921988	2.5728359703	2.5703633953	2.5677700169	2.5650611681	2.5622441718	2.5593053200	2.5562539652	2.5530978430	2.5498217673	2.5464389098	2.5429495872	2.5393498756	2.5356507685	2.5318409279	2.5279317726	2.5239250791	2.5198136336	2.5156112413	2.5113108732	2.5069240797	2.5024400841	2.4978735154	2.4932196903	2.4884880759	2.4836693972	2.4787781946	2.4738100877	2.4687723691	2.4636637263	2.4584912166	2.4532528043	2.4479555432	2.4426005765	2.4371905255	2.4317295228	2.4262195544	2.4206644610	2.4150663976	2.4094289037	2.4037544913	2.3980466259	2.3923074857	2.3865409024	2.3807491568	2.3749342866	2.3691015724	2.3632504602	2.3573863409	2.3515113011	2.3456248630	2.3397360645	2.3338413886	2.3279443640	2.3220517603	2.3161589419	2.3102738471	2.3043971086	2.2985260483	2.2926728726	2.2868306536	2.2810019951	2.2751964387	2.2694053995	2.2636372351	2.2578935984	2.2521685569	2.2464762207	2.2408078223	2.2351645968	2.2295582688	2.2239765624	2.2184297818	2.2129173117	2.2074318138	2.2019917521	2.1965813583	2.1912078730	2.1858770407	2.1805783303	2.1753221438	1.8836037106	1.8836037106	1.8836037106	1.8836037106	1.8836037106	1.8836037106	1.8836037106	1.8836037106	1.8836037106	1.8836037106	1.8836037106	1.8836037106	1.8836037106	1.8836037106	1.8836037106	1.8836037106	1.8836037106	1.8836037106	1.8836037106	1.8836037106	1.8836037106
1.8836037106	1.8836037106	1.8836037106	1.8836037106	1.8836037106	1.8836037106	1.8836037106	1.8836037106	1.8836037106	1.8836037106	1.8836037106	1.8836037106	1.8836037106	1.8836037106	1.8836037106	1.8836037106	1.8836037106	1.8836037106	1.8836037106	1.8836037106	1.8836037106	2.1732489018	2.1766388852	2.1800598633	2.1835312915	2.1870456803	2.1906009768	2.1942084634	2.1978535984	2.2015458837	2.2052802201	2.2090577203	2.2128819803	2.2167456849	2.2206556668	2.2246030977	2.2285994781	2.2326344911	2.2367109920	2.2408299072	2.2449882575	2.2491882781	2.2534235310	2.2577045712	2.2620190547	2.2663737781	2.2707611982	2.2751900578	2.2796498388	2.2841467010	2.2886738897	2.2932361582	2.2978260669	2.3024500540	2.3071001827	2.3117790031	2.3164816365	2.3212126641	2.3259646148	2.3307398429	2.3355337173	2.3403483685	2.3451774533	2.3500251111	2.3548842219	2.3597559427	2.3646358635	2.3695258786	2.3744198805	2.3793189897	2.3842187128	2.3891183871	2.3940144733	2.3989064529	2.4037904106	2.4086648474	2.4135269305	2.4183743645	2.4232047926	2.4280151497	2.4328034991	2.4375669554	2.4423034917	2.4470088244	2.4516824228	2.4563197240	2.4609201368	2.4654783076	2.4699953995	2.4744631440	2.4788848849	2.4832530159	2.4875708915	2.4918268696	2.4960275731	2.5001642047	2.5042378460	2.5082445006	2.5121800238	2.5160474112	2.5198364245	2.5235541984	2.5271888147	2.5307434556	2.5342210123	2.5376042183	2.5409063070	2.5441188290	2.5472384254	2.5502699591	2.5532075438	2.5560422096	2.5587858571	2.5614309696	2.5639727399	2.5664130560	2.5687572193	2.5709909000	2.5731199216	2.5751434931	2.5770636337	2.5788788492	2.5805781695	2.5821658809	2.5836468997	2.5850199200	2.5862830055	2.5874285465	2.5884633422	2.5893863745	2.5901925468	2.5908851667	2.5914641074	2.5919286600	2.5922781956	2.5925121683	2.5926301135	2.5926316446	2.5925164561	2.5922843271	2.5919351218	2.5914687870	2.5908853498	2.5901849193	2.5893669162	2.5884275872	2.5873714042	2.5861988089	2.5849016276	2.5834882469	2.5819594805	2.5803160969	2.5785493260	2.5766602621	2.5746559528	2.5725381263	2.5703035306	2.5679481008	2.5654758616	2.5628954118	2.5601929941	2.5573769404	2.5544519319	2.5514163095	2.5482604059	2.5450030330	2.5416345798	2.5381553983	2.5345794198	2.5308874079	2.5270992399	2.5232103807	2.5192195182	2.5151343686	2.5109514409	2.5066811930	2.5023117149	2.4978590306	2.4933178462	2.4886971216	2.4839887254	2.4792055780	2.4743444907	2.4694121590	2.4644064613	2.4593362834	2.4541965672	2.4489972458	2.4437375402	2.4384217405	2.4330519384	2.4276314553	2.4221635208	2.4166501797	2.4110953143	2.4055011019	2.3998710657	2.3942073567	2.3885141905	2.3827926038	2.3770470045	2.3712793751	2.3654919629	2.3596894111	2.3538718513	2.3480434324	2.3422071930	2.3363635860	2.3305175974	2.3246694748	2.3188222516	2.3129797707	2.3071410473	2.3013107056	2.2954908947	2.2896814037	2.2838872662	2.2781073963	2.2723448532	2.2666030857	2.2608798377	2.2551800092	2.2495047193	2.2438532768	2.2382304159	2.2326337300	2.2270669132	2.2215318697	2.2160260170	2.2105547278	2.2051157550	2.1997115409	2.1943446142	2.1890107652	2.1837181174	2.1784616336	2.1732359062	1.8836037106	1.8836037106	1.8836037106	1.8836037106	1.8836037106	1.8836037106	1.8836037106	1.8836037106	1.8836037106	1.8836037106	1.8836037106	1.8836037106	1.8836037106	1.8836037106	1.8836037106	1.8836037106	1.8836037106	1.8836037106	1.8836037106	1.8836037106	1.8836037106
1.8836037106	1.8836037106	1.8836037106	1.8836037106	1.8836037106	1.8836037106	1.8836037106	1.8836037106	1.8836037106	1.8836037106	1.8836037106	1.8836037106	1.8836037106	1.8836037106	1.8836037106	1.8836037106	1.8836037106	1.8836037106	1.8836037106	1.8836037106	1.8836037106	1.8836037106	2.1752475108	2.1786456269	2.1820856977	2.1855723841	2.1890996736	2.1926747357	2.1962914405	2.1999516791	2.2036569337	2.2073985197	2.2111936550	2.2150252788	2.2189003849	2.2228181162	2.2267768651	2.2307787916	2.2348173737	2.2389032368	2.2430242354	2.2471879156	2.2513870038	2.2556286597	2.2599056463	2.2642204427	2.2685717220	2.2729583439	2.2773798492	2.2818333504	2.2863227204	2.2908416089	2.2953925071	2.2999701622	2.3045804921	2.3092145798	2.3138769462	2.3185615985	2.3232712598	2.3279997724	2.3327519263	2.3375203066	2.3423064957	2.3471061555	2.3519215551	2.3567465536	2.3615827210	2.3664256314	2.3712748200	2.3761270770	2.3809816675	2.3858352011	2.3906862560	2.3955320128	2.4003707597	2.4051996803	2.4100168272	2.4148192859	2.4196050632	2.4243712681	2.4291158489	2.4338356232	2.4385286921	2.4431919331	2.4478230331	2.4524192466	2.4569778017	2.4614964751	2.4659719166	2.4704036469	2.4747842783	2.4791167374	2.4833940421	2.4876192111	2.4917806094	2.4958851509	2.4999240200	2.5038975838	2.5078041591	2.5116364213	2.5153995269	2.5190844288	2.5226937283	2.5262224034	2.5296675404	2.5330330486	2.5363098643	2.5394965705	2.5425983191	2.5456062395	2.5485189318	2.5513443763	2.5540656320	2.5566887876	2.5592180168	2.5616457548	2.5639682398	2.5661878916	2.5683087392	2.5703217267	2.5722253285	2.5740223571	2.5757137717	2.5772978716	2.5787745966	2.5801368180	2.5813835239	2.5825209022	2.5835478683	2.5844634110	2.5852665960	2.5859565644	2.5865301401	2.5869882614	2.5873318285	2.5875603000	2.5876732141	2.5876701872	2.5875509160	2.5873151809	2.5869628473	2.5864938624	2.5859063879	2.5851994568	2.5843754056	2.5834345129	2.5823771388	2.5812037218	2.5799147797	2.5785008090	2.5769672299	2.5753177714	2.5735530593	2.5716721748	2.5696765768	2.5675558601	2.5653217015	2.5629777294	2.5605121071	2.5579321128	2.5552406641	2.5524422406	2.5495187071	2.5464902283	2.5433532086	2.5401048186	2.5367513830	2.5332920718	2.5297235243	2.5260567129	2.5222860085	2.5184166387	2.5144489160	2.5103841724	2.5062310443	2.5019769462	2.4976390558	2.4932115156	2.4887032026	2.4841059160	2.4794322925	2.4746795238	2.4698540030	2.4649529771	2.4599853739	2.4549476110	2.4498477564	2.4446856059	2.4394659510	2.4341893584	2.4288606255	2.4234817741	2.4180557217	2.4125857082	2.4070742621	2.4015244927	2.3959391685	2.3903213660	2.3846734238	2.3789988523	2.3732993578	2.3675788119	2.3618393498	2.3560832810	2.3503147705	2.3445334226	2.3387452199	2.3329511091	2.3271514726	2.3213534696	2.3155541227	2.3097584186	2.3039703770	2.2981855199	2.2924151238	2.2866543291	2.2809045015	2.2751753186	2.2694584469	2.2637624777	2.2580883394	2.2524303234	2.2468040746	2.2411981668	2.2356171330	2.2300689407	2.2245429385	2.2190527690	2.2135917888	2.2081589650	2.2027667326	2.1974020496	2.1920758939	2.1867862192	2.1815309957	2.1763148145	1.8836037106	1.8836037106	1.8836037106	1.8836037106	1.8836037106	1.8836037106	1.8836037106	1.8836037106	1.8836037106	1.8836037106	1.8836037106	1.8836037106	1.8836037106	1.8836037106	1.8836037106	1.8836037106	1.8836037106	1.8836037106	1.8836037106	1.8836037106	1.8836037106	1.8836037106
1.8836037106	1.8836037106	1.8836037106	1.8836037106	1.8836037106	1.8836037106	1.8836037106	1.8836037106	1.8836037106	1.8836037106	1.8836037106	1.8836037106	1.8836037106	1.8836037106	1.8836037106	1.8836037106	1.8836037106	1.8836037106	1.8836037106	1.8836037106	1.8836037106	1.8836037106	2.1738339067	2.1772104670	2.1806192451	2.1840778647	2.1875775596	2.1911188651	2.1947087644	2.1983367760	2.2020104214	2.2057238696	2.2094815588	2.2132826099	2.2171225854	2.2210079899	2.2249290833	2.2288979480	2.2329034418	2.2369497688	2.2410360795	2.2451608998	2.2493256647	2.2535243156	2.2577666554	2.2620409489	2.2663537737	2.2706974473	2.2750809178	2.2794935929	2.2839411298	2.2884171987	2.2929266182	2.2974622619	2.3020287838	2.3066202183	2.3112380419	2.3158786793	2.3205438577	2.3252293441	2.3299348797	2.3346578299	2.3393988033	2.3441534465	2.3489224057	2.3537019119	2.3584915049	2.3632877901	2.3680910675	2.3728972055	2.3777052283	2.3825121176	2.3873171506	2.3921165851	2.3969093281	2.4016923495	2.4064635901	2.4112207779	2.4159610376	2.4206825208	2.4253820987	2.4300583527	2.4347068776	2.4393273432	2.4439150032	2.4484693175	2.4529857670	2.4574634790	2.4618983781	2.4662887965	2.4706328697	2.4749246085	2.4791659769	2.4833504770	2.4874808886	2.4915462965	2.4955530478	2.4994926706	2.5033642811	2.5071698347	2.5108971972	2.5145546902	2.5181346679	2.5216339809	2.5250561715	2.5283908263	2.5316431778	2.5348136931	2.5378839347	2.5408711753	2.5437652290	2.5465639030	2.5492684591	2.5518825515	2.5543867779	2.5567941261	2.5591052634	2.5613124988	2.5634154754	2.5654109879	2.5673053605	2.5690970431	2.5707736967	2.5723435101	2.5738041145	2.5751564004	2.5763999129	2.5775325978	2.5785548553	2.5794656785	2.5802564569	2.5809347837	2.5815002567	2.5819521766	2.5822899243	2.5825129620	2.5826208315	2.5826131513	2.5824896199	2.5822500194	2.5818942158	2.5814221569	2.5808338694	2.5801294601	2.5793071484	2.5783616161	2.5772996076	2.5761215482	2.5748260056	2.5734153603	2.5718878005	2.5702443231	2.5684809486	2.5665976773	2.5646022708	2.5624955328	2.5602646403	2.5579206600	2.5554644271	2.5528993565	2.5502126657	2.5474152011	2.5445112828	2.5414956112	2.5383676469	2.5351402058	2.5317966158	2.5283518300	2.5248065508	2.5211537342	2.5174066118	2.5135563514	2.5096102281	2.5055728798	2.5014367971	2.4972144661	2.4929014325	2.4885069137	2.4840214285	2.4794586626	2.4748153796	2.4700979635	2.4653032084	2.4604399419	2.4555056256	2.4505069968	2.4454442345	2.4403225291	2.4351410120	2.4299062094	2.4246183924	2.4192819559	2.4138989895	2.4084726598	2.4030055925	2.3975009219	2.3919609795	2.3863891835	2.3807880513	2.3751593516	2.3695085267	2.3638343744	2.3581437315	2.3524363720	2.3467142954	2.3409843873	2.3352432201	2.3294980344	2.3237491076	2.3179973646	2.3122492657	2.3065021055	2.3007606789	2.2950285120	2.2893033631	2.2835915855	2.2778919572	2.2722070478	2.2665408691	2.2608908582	2.2552621121	2.2496554286	2.2440707383	2.2385123784	2.2329776808	2.2274714440	2.2219941710	2.2165443383	2.2111277738	2.2057397138	2.2003862294	2.1950676910	2.1897791011	2.1845329087	2.1793175505	2.1741365085	1.8836037106	1.8836037106	1.8836037106	1.8836037106	1.8836037106	1.8836037106	1.8836037106	1.8836037106	1.8836037106	1.8836037106	1.8836037106	1.8836037106	1.8836037106	1.8836037106	1.8836037106	1.8836037106	1.8836037106	1.8836037106	1.8836037106	1.8836037106	1.8836037106	1.8836037106
1.8836037106	1.8836037106	1.8836037106	1.8836037106	1.8836037106	1.8836037106	1.8836037106	1.8836037106	1.8836037106	1.8836037106	1.8836037106	1.8836037106	1.8836037106	1.8836037106	1.8836037106	1.8836037106	1.8836037106	1.8836037106	1.8836037106	1.8836037106	1.8836037106	1.8836037106	1.8836037106	2.1757543316	2.1791373089	2.1825641687	2.1860352281	2.1895455381	2.1931041479	2.1967012133	2.2003419637	2.2040262360	2.2077460845	2.2115174473	2.2153241361	2.2191733452	2.2230629636	2.2269931693	2.2309644926	2.2349710288	2.2390237922	2.2431099172	2.2472370589	2.2513979824	2.2555998575	2.2598353695	2.2641068944	2.2684134975	2.2727531666	2.2771263786	2.2815289148	2.2859665849	2.2904311377	2.2949260521	2.2994447370	2.3039958577	2.3085680431	2.3131660852	2.3177838525	2.3224259470	2.3270843391	2.3317637996	2.3364573131	2.3411670783	2.3458867257	2.3506223032	2.3553643853	2.3601150575	2.3648697747	2.3696301399	2.3743903802	2.3791514614	2.3839088865	2.3886620667	2.3934072465	2.3981443536	2.4028691317	2.4075800926	2.4122747227	2.4169503342	2.4216050440	2.4262355565	2.4308405386	2.4354159582	2.4399613940	2.4444712676	2.4489460900	2.4533810363	2.4577755827	2.4621247679	2.4664279659	2.4706826687	2.4748833597	2.4790319361	2.4831217645	2.4871554817	2.4911236064	2.4950300059	2.4988694229	2.5026379852	2.5063416888	2.5099626620	2.5135133462	2.5169874541	2.5203756741	2.5236888880	2.5269128682	2.5300516352	2.5331067398	2.5360698415	2.5389383437	2.5417204682	2.5444035509	2.5469898743	2.5494814528	2.5518796275	2.5541668659	2.5563548202	2.5584438612	2.5604292575	2.5623118213	2.5640819373	2.5657474469	2.5673083871	2.5687634112	2.5701055312	2.5713354903	2.5724567260	2.5734661003	2.5743641541	2.5751508178	2.5758252456	2.5763862729	2.5768333035	2.5771661840	2.5773843788	2.5774874311	2.5774749610	2.5773466678	2.5771023343	2.5767418272	2.5762650940	2.5756714644	2.5749613582	2.5741351713	2.5731931773	2.5721339504	2.5709580920	2.5696673903	2.5682539695	2.5667237522	2.5650798305	2.5633230321	2.5614472010	2.5594544966	2.5573456998	2.5551255368	2.5527954074	2.5503430142	2.5477788418	2.5451085007	2.5423239461	2.5394269810	2.5364258567	2.5333155440	2.5300946558	2.5267729451	2.5233473173	2.5198155802	2.5161879026	2.5124566380	2.5086309986	2.5047096331	2.5006925432	2.4965863903	2.4923885816	2.4881082282	2.4837359683	2.4792852578	2.4747524941	2.4701443453	2.4654573308	2.4607000356	2.4558705350	2.4509747702	2.4460131119	2.4409910472	2.4359065721	2.4307671473	2.4255728609	2.4203279479	2.4150343043	2.4096952660	2.4043131536	2.3988914158	2.3934317148	2.3879388374	2.3824131713	2.3768593110	2.3712791380	2.3656748293	2.3600508359	2.3544074515	2.3487489674	2.3430772540	2.3373946294	2.3317046768	2.3260074070	2.3203078923	2.3146068393	2.3089059643	2.3032101699	2.2975166070	2.2918329876	2.2861587730	2.2804927298	2.2748441452	2.2692066630	2.2635868564	2.2579874428	2.2524016920	2.2468454472	2.2413072450	2.2357923478	2.2303074005	2.2248426386	2.2194125023	2.2140081162	2.2086320548	2.2032923275	2.1979796434	2.1927031986	2.1874600399	2.1822516904	2.1770795543	1.8836037106	1.8836037106	1.8836037106	1.8836037106	1.8836037106	1.8836037106	1.8836037106	1.8836037106	1.8836037106	1.8836037106	1.8836037106	1.8836037106	1.8836037106	1.8836037106	1.8836037106	1.8836037106	1.8836037106	1.8836037106	1.8836037106	1.8836037106	1.8836037106	1.8836037106	1.8836037106
1.8836037106	1.8836037106	1.8836037106	1.8836037106	1.8836037106	1.8836037106	1.8836037106	1.8836037106	1.8836037106	1.8836037106	1.8836037106	1.8836037106	1.8836037106	1.8836037106	1.8836037106	1.8836037106	1.8836037106	1.8836037106	1.8836037106	1.8836037106	1.8836037106	1.8836037106	1.8836037106	2.1742768262	2.1776367988	2.1810309287	2.1844728500	2.1879545618	2.1914781252	2.1950474031	2.1986547055	2.2023061868	2.2059955778	2.2097293344	2.2135038814	2.2173164683	2.2211733409	2.2250645230	2.2290016321	2.2329739405	2.2369857636	2.2410358891	2.2451229916	2.2492484299	2.2534058141	2.2576056962	2.2618356399	2.2661021549	2.2703974663	2.2747314587	2.2790929169	2.2834864184	2.2879074152	2.2923590134	2.2968363419	2.3013404423	2.3058690523	2.3104209494	2.3149954634	2.3195903273	2.3242045233	2.3288355977	2.3334842164	2.3381463079	2.3428218569	2.3475073060	2.3522035889	2.3569057593	2.3616148794	2.3663265266	2.3710403390	2.3757527401	2.3804636799	2.3851690646	2.3898678518	2.3945568832	2.3992351692	2.4038991973	2.4085473755	2.4131769245	2.4177854963	2.4223710059	2.4269300831	2.4314614665	2.4359614555	2.4404295152	2.4448594820	2.4492526536	2.4536039899	2.4579131415	2.4621747721	2.4663886534	2.4705523781	2.4746599729	2.4787141681	2.4827075714	2.4866427747	2.4905124445	2.4943167350	2.4980539481	2.5017189835	2.5053155925	2.5088328202	2.5122741097	2.5156388511	2.5189197716	2.5221188532	2.5252347035	2.5282602504	2.5311991265	2.5340516195	2.5368050483	2.5394665573	2.5420374438	2.5445081061	2.5468796853	2.5491541426	2.5513325377	2.5534035661	2.5553690781	2.5572332836	2.5589956437	2.5606500855	2.5622000145	2.5636372189	2.5649661426	2.5661877608	2.5673009406	2.5683046189	2.5691978059	2.5699748830	2.5706393045	2.5711915681	2.5716309843	2.5719569427	2.5721689131	2.5722664429	2.5722491559	2.5721167540	2.5718690220	2.5715058278	2.5710271195	2.5704329235	2.5697233447	2.5688949964	2.5679480690	2.5668856845	2.5657082734	2.5644163422	2.5630104757	2.5614845238	2.5598422049	2.5580843106	2.5562122183	2.5542281969	2.5521332657	2.5499124052	2.5475830061	2.5451459340	2.5425935987	2.5399289308	2.5371569311	2.5342795422	2.5312855014	2.5281891992	2.5249895532	2.5216812358	2.5182738172	2.5147638465	2.5111530459	2.5074485419	2.5036429843	2.4997457137	2.4957562100	2.4916741984	2.4875078974	2.4832504856	2.4789128896	2.4744915443	2.4699936928	2.4654157576	2.4607659399	2.4560424981	2.4512511114	2.4463921524	2.4414707792	2.4364857214	2.4314434357	2.4263446466	2.4211932052	2.4159909061	2.4107412506	2.4054463847	2.4001096407	2.3947331830	2.3893207543	2.3838737950	2.3783962176	2.3728896144	2.3673575001	2.3618022683	2.3562259740	2.3506329326	2.3450221568	2.3394011520	2.3337683380	2.3281263413	2.3224816167	2.3168292488	2.3111799498	2.3055295720	2.2998805976	2.2942410636	2.2886045896	2.2829797559	2.2773652993	2.2717623124	2.2661765860	2.2606044538	2.2550511586	2.2495182078	2.2440046442	2.2385153598	2.2330475280	2.2276061752	2.2221914541	2.2168021966	2.2114445944	2.2061123861	2.2008142423	2.1955480474	2.1903094363	2.1851134441	2.1799438761	2.1748114638	1.8836037106	1.8836037106	1.8836037106	1.8836037106	1.8836037106	1.8836037106	1.8836037106	1.8836037106	1.8836037106	1.8836037106	1.8836037106	1.8836037106	1.8836037106	1.8836037106	1.8836037106	1.8836037106	1.8836037106	1.8836037106	1.8836037106	1.8836037106	1.8836037106	1.8836037106	1.8836037106
1.8836037106	1.8836037106	1.8836037106	1.8836037106	1.8836037106	1.8836037106	1.8836037106	1.8836037106	1.8836037106	1.8836037106	1.8836037106	1.8836037106	1.8836037106	1.8836037106	1.8836037106	1.8836037106	1.8836037106	1.8836037106	1.8836037106	1.8836037106	1.8836037106	1.8836037106	1.8836037106	2.1727801284	2.1761161129	2.1794814264	2.1828915517	2.1863438101	2.1898340243	2.1933724285	2.1969468202	2.2005644855	2.2042242430	2.2079187734	2.2116626132	2.2154407519	2.2192601568	2.2231183090	2.2270158262	2.2309528884	2.2349237254	2.2389390665	2.2429861882	2.2470727794	2.2511918976	2.2553493447	2.2595396329	2.2637631870	2.2680213268	2.2723094597	2.2766303305	2.2809772587	2.2853591378	2.2897648615	2.2941994650	2.2986551867	2.3031422033	2.3076481111	2.3121772839	2.3167239162	2.3212937612	2.3258782663	2.3304798846	2.3350940082	2.3397230052	2.3443609738	2.3490096048	2.3536644657	2.3583252707	2.3629888648	2.3676548399	2.3723198762	2.3769822532	2.3816399193	2.3862907902	2.3909326564	2.3955629941	2.4001800037	2.4047808766	2.4093637828	2.4139258579	2.4184649962	2.4229788604	2.4274642945	2.4319198434	2.4363421447	2.4407305662	2.4450785947	2.4493880485	2.4536537629	2.4578753882	2.4620477262	2.4661702987	2.4702415466	2.4742541075	2.4782124466	2.4821077892	2.4859427797	2.4897129473	2.4934134991	2.4970473576	2.5006077994	2.5040958983	2.5075088871	2.5108396054	2.5140941792	2.5172674846	2.5203514339	2.5233555535	2.5262683555	2.5290914381	2.5318260137	2.5344716386	2.5370138288	2.5394637668	2.5418211047	2.5440754783	2.5462306281	2.5482845351	2.5502400283	2.5520955388	2.5538364825	2.5554744406	2.5570079214	2.5584365076	2.5597570285	2.5609686161	2.5620721915	2.5630632525	2.5639419767	2.5647104647	2.5653678851	2.5659134780	2.5663465586	2.5666665210	2.5668728384	2.5669650615	2.5669428161	2.5668058062	2.5665538177	2.5661867194	2.5657044597	2.5651070645	2.5643946379	2.5635673647	2.5626255124	2.5615631243	2.5603855958	2.5590940049	2.5576846074	2.5561620496	2.5545262778	2.5527784577	2.5509095751	2.5489253536	2.5468314318	2.5446265522	2.5423078059	2.5398749020	2.5373340633	2.5346884937	2.5319231128	2.5290539638	2.5260806802	2.5230005486	2.5198138768	2.5165288963	2.5131375947	2.5096477680	2.5060636657	2.5023748567	2.4985968305	2.4947237373	2.4907597675	2.4867077743	2.4825661762	2.4783426118	2.4740334463	2.4696467873	2.4651791374	2.4606381731	2.4560219061	2.4513362867	2.4465814987	2.4417624207	2.4368783645	2.4319349706	2.4269334295	2.4218773015	2.4167682731	2.4116099852	2.4064044235	2.4011548222	2.3958636809	2.3905339666	2.3851679369	2.3797689221	2.3743383184	2.3688809406	2.3633966681	2.3578909660	2.3523647071	2.3468193065	2.3412615282	2.3356883741	2.3301066097	2.3245160436	2.3189194846	2.3133207835	2.3077191525	2.3021196714	2.2965222468	2.2909303454	2.2853464621	2.2797689354	2.2742049657	2.2686518878	2.2631124618	2.2575923651	2.2520839356	2.2466014407	2.2411359903	2.2356909481	2.2302742699	2.2248755356	2.2195093188	2.2141664979	2.2088508373	2.2035684928	2.1983119433	2.1930895016	2.1878977297	2.1827400052	2.1776160711	2.1725170062	1.8836037106	1.8836037106	1.8836037106	1.8836037106	1.8836037106	1.8836037106	1.8836037106	1.8836037106	1.8836037106	1.8836037106	1.8836037106	1.8836037106	1.8836037106	1.8836037106	1.8836037106	1.8836037106	1.8836037106	1.8836037106	1.8836037106	1.8836037106	1.8836037106	1.8836037106	1.8836037106
1.8836037106	1.8836037106	1.8836037106	1.8836037106	1.8836037106	1.8836037106	1.8836037106	1.8836037106	1.8836037106	1.8836037106	1.8836037106	1.8836037106	1.8836037106	1.8836037106	1.8836037106	1.8836037106	1.8836037106	1.8836037106	1.8836037106	1.8836037106	1.8836037106	1.8836037106	1.8836037106	1.8836037106	2.1745748562	2.1779159439	2.1812920135	2.1847141030	2.1881747391	2.1916768384	2.1952224952	2.1988055319	2.2024313585	2.2060935641	2.2097993020	2.2135440978	2.2173256850	2.2211501212	2.2250072996	2.2289090470	2.2328445699	2.2368176248	2.2408280605	2.2448733342	2.2489554577	2.2530669949	2.2572207558	2.2614022870	2.2656181824	2.2698622585	2.2741411587	2.2784474058	2.2827822840	2.2871448838	2.2915336377	2.2959484299	2.3003853019	2.3048478214	2.3093290178	2.3138327511	2.3183526685	2.3228920230	2.3274439920	2.3320136272	2.3365930816	2.3411846865	2.3457822596	2.3503914630	2.3550032301	2.3596193518	2.3642351263	2.3688530211	2.3734666708	2.3780763655	2.3826784889	2.3872724763	2.3918547187	2.3964238903	2.4009772605	2.4055126126	2.4100278184	2.4145200939	2.4189874761	2.4234273256	2.4278369862	2.4322145472	2.4365569885	2.4408635980	2.4451277496	2.4493515136	2.4535296931	2.4576617619	2.4617431744	2.4657725540	2.4697489755	2.4736656413	2.4775267676	2.4813225350	2.4850557386	2.4887254825	2.4923207943	2.4958502763	2.4993051887	2.5026834977	2.5059903279	2.5092106864	2.5123528144	2.5154138238	2.5183882264	2.5212750407	2.5240786991	2.5267854951	2.5294020851	2.5319280253	2.5343623413	2.5366924307	2.5389269013	2.5410664589	2.5431040165	2.5450410074	2.5468724698	2.5486026863	2.5502310075	2.5517560588	2.5531687996	2.5544730089	2.5556710370	2.5567610321	2.5577427811	2.5586153148	2.5593768736	2.5600263416	2.5605644577	2.5609905426	2.5613039960	2.5615042953	2.5615909946	2.5615637225	2.5614221854	2.5611661708	2.5607955481	2.5603102664	2.5597103512	2.5589955868	2.5581642257	2.5572184280	2.5561585390	2.5549845118	2.5536968757	2.5522965596	2.5507728717	2.5491362357	2.5473882121	2.5455296781	2.5435551562	2.5414694412	2.5392681723	2.5369597553	2.5345441353	2.5320093366	2.5293691581	2.5266237864	2.5237722790	2.5208095337	2.5177481506	2.5145800596	2.5113098457	2.5079426762	2.5044740937	2.5009074111	2.4972474437	2.4934918279	2.4896470147	2.4857094438	2.4816844798	2.4775757204	2.4733793561	2.4691046471	2.4647483528	2.4603174849	2.4558093800	2.4512307898	2.4465815205	2.4418663081	2.4370846293	2.4322417624	2.4273391058	2.4223800220	2.4173660917	2.4123009760	2.4071867311	2.4020263485	2.3968224954	2.3915776582	2.3862947535	2.3809764553	2.3756246118	2.3702438341	2.3648337188	2.3594005915	2.3539435458	2.3484670358	2.3429732280	2.3374639607	2.3319430157	2.3264101491	2.3208712224	2.3153253078	2.3097758049	2.3042273557	2.2986747525	2.2931317627	2.2875893550	2.2820545296	2.2765304247	2.2710129612	2.2655123411	2.2600225294	2.2545488628	2.2490945829	2.2436563440	2.2382405390	2.2328442858	2.2274719652	2.2221244271	2.2168001567	2.2115055570	2.2062340702	2.2009953776	2.1957857304	2.1906025679	2.1854595529	2.1803407704	2.1752595564	1.8836037106	1.8836037106	1.8836037106	1.8836037106	1.8836037106	1.8836037106	1.8836037106	1.8836037106	1.8836037106	1.8836037106	1.8836037106	1.8836037106	1.8836037106	1.8836037106	1.8836037106	1.8836037106	1.8836037106	1.8836037106	1.8836037106	1.8836037106	1.8836037106	1.8836037106	1.8836037106	1.8836037106
1.8836037106	1.8836037106	1.8836037106	1.8836037106	1.8836037106	1.8836037106	1.8836037106	1.8836037106	1.8836037106	1.8836037106	1.8836037106	1.8836037106	1.8836037106	1.8836037106	1.8836037106	1.8836037106	1.8836037106	1.8836037106	1.8836037106	1.8836037106	1.8836037106	1.8836037106	1.8836037106	1.8836037106	2.1730142247	2.1763310692	2.1796761273	2.1830659991	2.1864963189	2.1899633592	2.1934778348	2.1970265568	2.2006175757	2.2042493264	2.2079145007	2.2116276154	2.2153736414	2.2191593889	2.2229827842	2.2268435290	2.2307427413	2.2346742996	2.2386479705	2.2426520395	2.2466941545	2.2507679189	2.2548763840	2.2590179641	2.2631890318	2.2673947868	2.2716269144	2.2758915171	2.2801804026	2.2845004510	2.2888429923	2.2932131026	2.2976037915	2.3020202017	2.3064556238	2.3109115569	2.3153852393	2.3198764342	2.3243826593	2.3289019595	2.3334347659	2.3379770807	2.3425288912	2.3470861032	2.3516509133	2.3562171434	2.3607860995	2.3653530471	2.3699189896	2.3744788128	2.3790333389	2.3835779491	2.3881121868	2.3926324556	2.3971380456	2.4016254977	2.4060929381	2.4105381506	2.4149583732	2.4193517155	2.4237154460	2.4280471358	2.4323446412	2.4366051395	2.4408278550	2.4450062868	2.4491424879	2.4532313214	2.4572719082	2.4612608709	2.4651952844	2.4690752491	2.4728946726	2.4766554708	2.4803513676	2.4839818573	2.4875478388	2.4910393438	2.4944611759	2.4978091555	2.5010795194	2.5042739171	2.5073885555	2.5104168808	2.5133651048	2.5162278108	2.5189999472	2.5216845157	2.5242822967	2.5267813614	2.5291881041	2.5315017649	2.5337209899	2.5358388249	2.5378546476	2.5397732927	2.5415932233	2.5433067133	2.5449183265	2.5464228927	2.5478227306	2.5491178610	2.5503071146	2.5513893872	2.5523623644	2.5532207779	2.5539701924	2.5546097918	2.5551388302	2.5555566363	2.5558624679	2.5560559692	2.5561367659	2.5561044909	2.5559588538	2.5556996443	2.5553265047	2.5548394991	2.5542386868	2.5535241692	2.5526961261	2.5517512398	2.5506885771	2.5495125064	2.5482235210	2.5468221885	2.5453091528	2.5436791804	2.5419383675	2.5400810803	2.5381138216	2.5360383254	2.5338500508	2.5315469913	2.5291368340	2.5266201625	2.5239969709	2.5212606005	2.5184235019	2.5154810114	2.5124333002	2.5092853009	2.5060397243	2.5026873236	2.4992430453	2.4957010793	2.4920629895	2.4883378234	2.4845146474	2.4806065476	2.4766117732	2.4725306683	2.4683685274	2.4641245203	2.4598048556	2.4554057691	2.4509353413	2.4463928117	2.4417829112	2.4371048643	2.4323640408	2.4275617885	2.4227013658	2.4177842500	2.4128140763	2.4077929843	2.4027237274	2.3976091070	2.3924512041	2.3872537273	2.3820180298	2.3767477362	2.3714451185	2.3661123009	2.3607530999	2.3553682548	2.3499622517	2.3445349728	2.3390922505	2.3336341547	2.3281622969	2.3226833433	2.3171926224	2.3117004812	2.3062021454	2.3007028750	2.2952061758	2.2897100820	2.2842206416	2.2787361283	2.2732611086	2.2677966881	2.2623427587	2.2569052614	2.2514790101	2.2460738278	2.2406859912	2.2353143523	2.2299707973	2.2246423304	2.2193441541	2.2140677213	2.2088159620	2.2035957421	2.1983993327	2.1932350575	2.1880991985	2.1829959839	2.1779243956	2.1728766046	1.8836037106	1.8836037106	1.8836037106	1.8836037106	1.8836037106	1.8836037106	1.8836037106	1.8836037106	1.8836037106	1.8836037106	1.8836037106	1.8836037106	1.8836037106	1.8836037106	1.8836037106	1.8836037106	1.8836037106	1.8836037106	1.8836037106	1.8836037106	1.8836037106	1.8836037106	1.8836037106	1.8836037106
1.8836037106	1.8836037106	1.8836037106	1.8836037106	1.8836037106	1.8836037106	1.8836037106	1.8836037106	1.8836037106	1.8836037106	1.8836037106	1.8836037106	1.8836037106	1.8836037106	1.8836037106	1.8836037106	1.8836037106	1.8836037106	1.8836037106	1.8836037106	1.8836037106	1.8836037106	1.8836037106	1.8836037106	1.8836037106	2.1747263786	2.1780462015	2.1814007888	2.1847999447	2.1882364537	2.1917134013	2.1952324798	2.1987877337	2.2023844588	2.2060164021	2.2096900824	2.2134019380	2.2171489737	2.2209371309	2.2247562781	2.2286191303	2.2325143447	2.2364444457	2.2404117728	2.2444111951	2.2484461089	2.2525081551	2.2566113954	2.2607405590	2.2649016376	2.2690909495	2.2733105421	2.2775572164	2.2818290212	2.2861295116	2.2904519985	2.2947992906	2.2991642745	2.3035569392	2.3079646250	2.3123919836	2.3168327203	2.3212931264	2.3257642140	2.3302482999	2.3347413383	2.3392445922	2.3437537545	2.3482682877	2.3527861034	2.3573048502	2.3618237344	2.3663393703	2.3708510112	2.3753548691	2.3798515740	2.3843362842	2.3888084296	2.3932644340	2.3977040890	2.4021233486	2.4065206175	2.4108936167	2.4152396094	2.4195567522	2.4238422978	2.4280939053	2.4323093770	2.4364859413	2.4406227765	2.4447137448	2.4487606121	2.4527583932	2.4567056805	2.4606007807	2.4644385702	2.4682205687	2.4719415201	2.4756004106	2.4791952459	2.4827219169	2.4861817231	2.4895700980	2.4928825121	2.4961231837	2.4992853256	2.5023663731	2.5053709654	2.5082883644	2.5111206842	2.5138694886	2.5165304240	2.5190975886	2.5215754513	2.5239642577	2.5262528820	2.5284471001	2.5305450034	2.5325466011	2.5344508977	2.5362474853	2.5379430659	2.5395381000	2.5410312447	2.5424185548	2.5436989712	2.5448742554	2.5459406791	2.5468988445	2.5477492230	2.5484909354	2.5491231711	2.5496451895	2.5500563242	2.5503559858	2.5505436619	2.5506189138	2.5505813769	2.5504307622	2.5501668607	2.5497895439	2.5492987614	2.5486945380	2.5479769744	2.5471462488	2.5462026192	2.5451460350	2.5439732354	2.5426883423	2.5412900375	2.5397766379	2.5381526075	2.5364187336	2.5345747835	2.5326116046	2.5305401506	2.5283608511	2.5260729232	2.5236769934	2.5211686879	2.5185578800	2.5158411868	2.5130176931	2.5100914380	2.5070665471	2.5039351679	2.5007061374	2.4973804626	2.4939567534	2.4904395586	2.4868293177	2.4831251108	2.4793340424	2.4754539139	2.4714890096	2.4674399170	2.4633089892	2.4591010615	2.4548121508	2.4504508862	2.4460161888	2.4415129201	2.4369396368	2.4323022522	2.4276018060	2.4228415110	2.4180228473	2.4131492933	2.4082230642	2.4032467358	2.3982231920	2.3931541839	2.3880440462	2.3828933056	2.3777062739	2.3724843236	2.3672305744	2.3619475634	2.3566371598	2.3513038844	2.3459456004	2.3405725900	2.3351790022	2.3297728864	2.3243537467	2.3189241417	2.3134880505	2.3080446992	2.3025994623	2.2971508962	2.2917046760	2.2862617509	2.2808200730	2.2753902768	2.2699633457	2.2645509533	2.2591487033	2.2537576260	2.2483867524	2.2430278464	2.2376897404	2.2323695993	2.2270702902	2.2217944011	2.2165393730	2.2113116672	2.2061056258	2.2009297373	2.1957813275	2.1906574690	2.1855715727	2.1805085311	2.1754810291	1.8836037106	1.8836037106	1.8836037106	1.8836037106	1.8836037106	1.8836037106	1.8836037106	1.8836037106	1.8836037106	1.8836037106	1.8836037106	1.8836037106	1.8836037106	1.8836037106	1.8836037106	1.8836037106	1.8836037106	1.8836037106	1.8836037106	1.8836037106	1.8836037106	1.8836037106	1.8836037106	1.8836037106	1.8836037106
1.8836037106	1.8836037106	1.8836037106	1.8836037106	1.8836037106	1.8836037106	1.8836037106	1.8836037106	1.8836037106	1.8836037106	1.8836037106	1.8836037106	1.8836037106	1.8836037106	1.8836037106	1.8836037106	1.8836037106	1.8836037106	1.8836037106	1.8836037106	1.8836037106	1.8836037106	1.8836037106	1.8836037106	1.8836037106	2.1731026321	2.1763976524	2.1797198470	2.1830859675	2.1864912517	2.1899320844	2.1934189469	2.1969390511	2.2004999087	2.2041002112	2.2077320422	2.2114112911	2.2151217044	2.2188700067	2.2226554270	2.2264753883	2.2303332418	2.2342220255	2.2381498642	2.2421070985	2.2461007318	2.2501256955	2.2541807297	2.2582700883	2.2623859961	2.2665339834	2.2707057661	2.2749103088	2.2791373525	2.2833911845	2.2876674619	2.2919679400	2.2962899251	2.3006311686	2.3049935327	2.3093712072	2.3137676387	2.3181762384	2.3226007082	2.3270340342	2.3314804490	2.3359328477	2.3403937587	2.3448574031	2.3493267451	2.3537957642	2.3582647258	2.3627306040	2.3671924870	2.3716475786	2.3760935840	2.3805296126	2.3849520923	2.3893598628	2.3937495495	2.3981208089	2.4024696721	2.4067945831	2.4110932258	2.4153628915	2.4196017722	2.4238071395	2.4279766425	2.4321081952	2.4361989304	2.4402479975	2.4442498612	2.4482055899	2.4521108595	2.4559631414	2.4597630813	2.4635027064	2.4671853496	2.4708067202	2.4743623043	2.4778551562	2.4812769383	2.4846294108	2.4879126909	2.4911162069	2.4942461862	2.4972983969	2.5002694224	2.5031585980	2.5059680592	2.5086853743	2.5113171064	2.5138625599	2.5163176037	2.5186777535	2.5209451047	2.5231208499	2.5251986874	2.5271774630	2.5290577060	2.5308396634	2.5325218283	2.5341036024	2.5355787433	2.5369477996	2.5382135992	2.5393749985	2.5404309185	2.5413803492	2.5422204855	2.5429512378	2.5435733205	2.5440860016	2.5444886225	2.5447806010	2.5449614304	2.5450306770	2.5449879799	2.5448330536	2.5445656911	2.5441857653	2.5436932260	2.5430880978	2.5423704797	2.5415396703	2.5405938805	2.5395359132	2.5383661776	2.5370851558	2.5356934016	2.5341880366	2.5325666489	2.5308356471	2.5289950494	2.5270456221	2.5249869383	2.5228164940	2.5205372020	2.5181539465	2.5156625086	2.5130642065	2.5103615804	2.5075585690	2.5046499976	2.5016393118	2.4985321390	2.4953253266	2.4920199448	2.4886240991	2.4851283851	2.4815434429	2.4778696661	2.4741043025	2.4702562317	2.4663203129	2.4623031565	2.4582066397	2.4540298295	2.4497785951	2.4454526904	2.4410572390	2.4365897311	2.4320570580	2.4274596995	2.4228009661	2.4180821922	2.4133068231	2.4084770567	2.4035953522	2.3986646247	2.3936865103	2.3886653864	2.3836017526	2.3784997175	2.3733605116	2.3681879561	2.3629832253	2.3577503497	2.3524910274	2.3472066484	2.3419028684	2.3365780882	2.3312379354	2.3258818755	2.3205147835	2.3151371869	2.3097512663	2.3043622754	2.2989645601	2.2935729468	2.2881763315	2.2827853069	2.2773981164	2.2720160278	2.2666443422	2.2612800217	2.2559289870	2.2505895439	2.2452658303	2.2399594827	2.2346666532	2.2293988523	2.2241458307	2.2189185390	2.2137131538	2.2085286467	2.2033751435	2.1982427382	2.1931406550	2.1880651016	2.1830201661	2.1780049898	2.1730119933	1.8836037106	1.8836037106	1.8836037106	1.8836037106	1.8836037106	1.8836037106	1.8836037106	1.8836037106	1.8836037106	1.8836037106	1.8836037106	1.8836037106	1.8836037106	1.8836037106	1.8836037106	1.8836037106	1.8836037106	1.8836037106	1.8836037106	1.8836037106	1.8836037106	1.8836037106	1.8836037106	1.8836037106	1.8836037106
1.8836037106	1.8836037106	1.8836037106	1.8836037106	1.8836037106	1.8836037106	1.8836037106	1.8836037106	1.8836037106	1.8836037106	1.8836037106	1.8836037106	1.8836037106	1.8836037106	1.8836037106	1.8836037106	1.8836037106	1.8836037106	1.8836037106	1.8836037106	1.8836037106	1.8836037106	1.8836037106	1.8836037106	1.8836037106	1.8836037106	2.1747299901	2.1780261454	2.1813558446	2.1847290054	2.1881383821	2.1915865334	2.1950761270	2.1986001308	2.2021643617	2.2057630259	2.2094006683	2.2130764622	2.2167854644	2.2205335725	2.2243124486	2.2281313456	2.2319827124	2.2358657629	2.2397866583	2.2437363053	2.2477202188	2.2517309978	2.2557776950	2.2598506368	2.2639528285	2.2680838823	2.2722400665	2.2764238896	2.2806287526	2.2848623307	2.2891144281	2.2933903006	2.2976830664	2.3019981276	2.3063283672	2.3106752638	2.3150366498	2.3194109061	2.3237969977	2.3281911778	2.3325966236	2.3370064265	2.3414222493	2.3458381505	2.3502598242	2.3546780598	2.3590945379	2.3635051859	2.3679109465	2.3723073561	2.3766929890	2.3810661424	2.3854241220	2.3897652993	2.3940865188	2.3983871567	2.4026634933	2.4069139371	2.4111361604	2.4153274857	2.4194861284	2.4236094137	2.4276948826	2.4317407272	2.4357438370	2.4397033502	2.4436145729	2.4474771342	2.4512881958	2.4550445630	2.4587470252	2.4623880437	2.4659697311	2.4694895512	2.4729420269	2.4763294972	2.4796465564	2.4828916501	2.4860652287	2.4891637982	2.4921810836	2.4951230118	2.4979824071	2.5007582214	2.5034505786	2.5060601988	2.5085752355	2.5110024346	2.5133412101	2.5155869319	2.5177387022	2.5197924296	2.5217522904	2.5236167463	2.5253788586	2.5270406715	2.5286015394	2.5300608086	2.5314182819	2.5326720907	2.5338220082	2.5348662320	2.5357993667	2.5366262774	2.5373461047	2.5379580557	2.5384614067	2.5388555069	2.5391397812	2.5393137286	2.5393769201	2.5393289988	2.5391696822	2.5388987656	2.5385161230	2.5380217045	2.5374155344	2.5366977101	2.5358684044	2.5349278683	2.5338709447	2.5327017060	2.5314217506	2.5300306968	2.5285298545	2.5269186386	2.5251975006	2.5233653022	2.5214213570	2.5193712777	2.5172161013	2.5149486631	2.5125757993	2.5100982685	2.5075186413	2.5048325819	2.5020426313	2.4991554824	2.4961661218	2.4930770895	2.4898938668	2.4866133608	2.4832371508	2.4797707675	2.4762129077	2.4725651512	2.4688316450	2.4650110746	2.4611088535	2.4571242159	2.4530603335	2.4489198613	2.4447035766	2.4404161893	2.4360561478	2.4316293331	2.4271362219	2.4225803167	2.4179628006	2.4132870671	2.4085552514	2.4037697570	2.3989334786	2.3940480708	2.3891176163	2.3841428940	2.3791277438	2.3740732626	2.3689839562	2.3638595015	2.3587063042	2.3535231863	2.3483144362	2.3430822514	2.3378283709	2.3325564273	2.3272657846	2.3219641681	2.3166467023	2.3113233451	2.3059900269	2.3006511883	2.2953108123	2.2899668986	2.2846253205	2.2792840090	2.2739488420	2.2686189567	2.2632959393	2.2579861949	2.2526806001	2.2473975751	2.2421219439	2.2368654242	2.2316258023	2.2264032365	2.2212032844	2.2160215837	2.2108645137	2.2057284704	2.2006186568	2.1955359615	2.1904746055	2.1854503542	2.1804464878	2.1754765444	1.8836037106	1.8836037106	1.8836037106	1.8836037106	1.8836037106	1.8836037106	1.8836037106	1.8836037106	1.8836037106	1.8836037106	1.8836037106	1.8836037106	1.8836037106	1.8836037106	1.8836037106	1.8836037106	1.8836037106	1.8836037106	1.8836037106	1.8836037106	1.8836037106	1.8836037106	1.8836037106	1.8836037106	1.8836037106	1.8836037106
1.8836037106	1.8836037106	1.8836037106	1.8836037106	1.8836037106	1.8836037106	1.8836037106	1.8836037106	1.8836037106	1.8836037106	1.8836037106	1.8836037106	1.8836037106	1.8836037106	1.8836037106	1.8836037106	1.8836037106	1.8836037106	1.8836037106	1.8836037106	1.8836037106	1.8836037106	1.8836037106	1.8836037106	1.8836037106	1.8836037106	2.1730440723	2.1763145666	2.1796113138	2.1829502219	2.1863274201	2.1897390614	2.1931946749	2.1966832692	2.2002105068	2.2037759807	2.2073711831	2.2110128558	2.2146842289	2.2183913738	2.2221356824	2.2259109325	2.2297240071	2.2335666137	2.2374445554	2.2413529793	2.2452932649	2.2492653589	2.2532626326	2.2572963800	2.2613533496	2.2654395577	2.2695494499	2.2736878269	2.2778491920	2.2820325833	2.2862405862	2.2904673939	2.2947153658	2.2989770473	2.3032633163	2.3075606596	2.3118736405	2.3161972366	2.3205347539	2.3248806925	2.3292343616	2.3335951481	2.3379600065	2.3423284592	2.3466960091	2.3510659961	2.3554311656	2.3597928464	2.3641460897	2.3684935058	2.3728288777	2.3771518592	2.3814600008	2.3857512755	2.3900237172	2.3942742936	2.3985022485	2.4027040058	2.4068779538	2.4110217785	2.4151328367	2.4192093553	2.4232487481	2.4272483492	2.4312067951	2.4351205852	2.4389888640	2.4428080183	2.4465758217	2.4502912050	2.4539504254	2.4575531161	2.4610952585	2.4645744508	2.4679909800	2.4713406707	2.4746209010	2.4778332842	2.4809702716	2.4840332867	2.4870224169	2.4899309579	2.4927582942	2.4955071254	2.4981699565	2.5007470878	2.5032383007	2.5056439966	2.5079552069	2.5101745756	2.5123027575	2.5143376804	2.5162773564	2.5181181007	2.5198599520	2.5215045513	2.5230505435	2.5244951261	2.5258340869	2.5270711711	2.5282043143	2.5292324492	2.5301557430	2.5309732779	2.5316838421	2.5322868979	2.5327819234	2.5331682742	2.5334453807	2.5336127468	2.5336699474	2.5336166286	2.5334525104	2.5331773898	2.5327911417	2.5322937167	2.5316851384	2.5309653020	2.5301341318	2.5291922367	2.5281399412	2.5269763166	2.5257021305	2.5243187500	2.5228208416	2.5212138356	2.5194992065	2.5176777822	2.5157453159	2.5137050407	2.5115571402	2.5093051413	2.5069499942	2.5044854387	2.5019178872	2.4992513818	2.4964814033	2.4936106802	2.4906429284	2.4875789543	2.4844146913	2.4811587945	2.4778105556	2.4743679637	2.4708388909	2.4672198973	2.4635149999	2.4597281879	2.4558556691	2.4519052965	2.4478758810	2.4437703261	2.4395916949	2.4353401034	2.4310201656	2.4266323361	2.4221803825	2.4176653945	2.4130906305	2.4084581398	2.4037703301	2.3990300252	2.3942388806	2.3894007977	2.3845166908	2.3795902157	2.3746223452	2.3696181074	2.3645765267	2.3595043010	2.3543999904	2.3492683120	2.3441099781	2.3389292981	2.3337274984	2.3285060623	2.3232704870	2.3180181610	2.3127567624	2.3074833562	2.3022036197	2.2969170089	2.2916279502	2.2863381213	2.2810451804	2.2757605106	2.2704737081	2.2651988219	2.2599279878	2.2546670849	2.2494188234	2.2441810387	2.2389593346	2.2337500770	2.2285609152	2.2233878331	2.2182345909	2.2131047365	2.2079906719	2.2029083144	2.1978436248	2.1928076111	2.1877966124	2.1828135929	2.1778587772	2.1729240097	1.8836037106	1.8836037106	1.8836037106	1.8836037106	1.8836037106	1.8836037106	1.8836037106	1.8836037106	1.8836037106	1.8836037106	1.8836037106	1.8836037106	1.8836037106	1.8836037106	1.8836037106	1.8836037106	1.8836037106	1.8836037106	1.8836037106	1.8836037106	1.8836037106	1.8836037106	1.8836037106	1.8836037106	1.8836037106	1.8836037106
1.8836037106	1.8836037106	1.8836037106	1.8836037106	1.8836037106	1.8836037106	1.8836037106	1.8836037106	1.8836037106	1.8836037106	1.8836037106	1.8836037106	1.8836037106	1.8836037106	1.8836037106	1.8836037106	1.8836037106	1.8836037106	1.8836037106	1.8836037106	1.8836037106	1.8836037106	1.8836037106	1.8836037106	1.8836037106	1.8836037106	1.8836037106	2.1745845062	2.1778546292	2.1811560778	2.1845002304	2.1878795208	2.1912952820	2.1947525432	2.1982418889	2.2017702966	2.2053327339	2.2089304275	2.2125671142	2.2162346798	2.2199390509	2.2236745797	2.2274460356	2.2312499494	2.2350819528	2.2389528031	2.2428488626	2.2467781016	2.2507343333	2.2547202263	2.2587349266	2.2627739090	2.2668420365	2.2709306832	2.2750481466	2.2791848583	2.2833449572	2.2875241491	2.2917234493	2.2959413764	2.3001737312	2.3044249850	2.3086872232	2.3129640060	2.3172484955	2.3215466575	2.3258498759	2.3301604606	2.3344744587	2.3387921806	2.3431109444	2.3474278751	2.3517438563	2.3560537241	2.3603583435	2.3646527046	2.3689388120	2.3732110050	2.3774691184	2.3817101778	2.3859326114	2.3901342350	2.3943120785	2.3984653669	2.4025905734	2.4066860808	2.4107496147	2.4147785690	2.4187711264	2.4227249447	2.4266369542	2.4305064133	2.4343292950	2.4381047676	2.4418305367	2.4455021046	2.4491205349	2.4526814118	2.4561830350	2.4596254222	2.4630010089	2.4663130743	2.4695582065	2.4727315960	2.4758351421	2.4788651460	2.4818184215	2.4846952088	2.4874949252	2.4902102160	2.4928429325	2.4953942272	2.4978573669	2.5002329673	2.5025193380	2.5047176733	2.5068241852	2.5088325661	2.5107481136	2.5125692448	2.5142936852	2.5159200053	2.5174468930	2.5188705410	2.5201941817	2.5214166494	2.5225368387	2.5235537085	2.5244649151	2.5252686987	2.5259669062	2.5265587621	2.5270435591	2.5274206619	2.5276895087	2.5278493218	2.5279001629	2.5278416919	2.5276735951	2.5273952324	2.5270067543	2.5265081115	2.5258993271	2.5251804957	2.5243517853	2.5234101134	2.5223577735	2.5211960235	2.5199253285	2.5185462225	2.5170593093	2.5154589990	2.5137518667	2.5119360977	2.5100145950	2.5079877799	2.5058553473	2.5036127816	2.5012685830	2.4988231949	2.4962737784	2.4936220913	2.4908719588	2.4880251601	2.4850752787	2.4820316098	2.4788942440	2.4756620673	2.4723384419	2.4689255890	2.4654226138	2.4618341434	2.4581610851	2.4544030884	2.4505656485	2.4466482765	2.4426546285	2.4385853159	2.4344430274	2.4302308560	2.4259492155	2.4216022303	2.4171909001	2.4127183209	2.4081864134	2.4035976497	2.3989547317	2.3942592991	2.3895151842	2.3847232938	2.3798871839	2.3750077126	2.3700902679	2.3651337034	2.3601440196	2.3551204612	2.3500677899	2.3449854603	2.3398805945	2.3347504396	2.3296011601	2.3244330524	2.3192483653	2.3140505548	2.3088394280	2.3036207820	2.2983903581	2.2931603235	2.2879224980	2.2826852674	2.2774481852	2.2722122032	2.2669821360	2.2617554411	2.2565385004	2.2513273495	2.2461305544	2.2409448650	2.2357706728	2.2306165280	2.2254734896	2.2203535718	2.2152491021	2.2101663273	2.2051045718	2.2000651468	2.1950512846	2.1900572057	2.1850972577	2.1801563316	2.1752471953	1.8836037106	1.8836037106	1.8836037106	1.8836037106	1.8836037106	1.8836037106	1.8836037106	1.8836037106	1.8836037106	1.8836037106	1.8836037106	1.8836037106	1.8836037106	1.8836037106	1.8836037106	1.8836037106	1.8836037106	1.8836037106	1.8836037106	1.8836037106	1.8836037106	1.8836037106	1.8836037106	1.8836037106	1.8836037106	1.8836037106	1.8836037106
1.8836037106	1.8836037106	1.8836037106	1.8836037106	1.8836037106	1.8836037106	1.8836037106	1.8836037106	1.8836037106	1.8836037106	1.8836037106	1.8836037106	1.8836037106	1.8836037106	1.8836037106	1.8836037106	1.8836037106	1.8836037106	1.8836037106	1.8836037106	1.8836037106	1.8836037106	1.8836037106	1.8836037106	1.8836037106	1.8836037106	1.8836037106	2.1728374465	2.1760807727	2.1793495556	2.1826578425	2.1860039559	2.1893834771	2.1928042625	2.1962585193	2.1997487441	2.2032760788	2.2068329626	2.2104319859	2.2140615059	2.2177235902	2.2214234021	2.2251501077	2.2289150825	2.2327082133	2.2365323027	2.2403887483	2.2442727374	2.2481875260	2.2521253745	2.2560977284	2.2600921171	2.2641126819	2.2681584986	2.2722263697	2.2763184653	2.2804283240	2.2845628876	2.2887124724	2.2928824901	2.2970666318	2.3012672726	2.3054814744	2.3097064215	2.3139447479	2.3181895238	2.3224444680	2.3267028156	2.3309679860	2.3352334188	2.3395019296	2.3437682801	2.3480322407	2.3522921286	2.3565445104	2.3607898583	2.3650231128	2.3692458113	2.3734527476	2.3776438419	2.3818158182	2.3859673463	2.3900961444	2.3941992434	2.3982759631	2.4023227312	2.4063379401	2.4103193810	2.4142644875	2.4181713471	2.4220377576	2.4258607999	2.4296395221	2.4333701693	2.4370514526	2.4406821823	2.4442566339	2.4477764546	2.4512376785	2.4546377895	2.4579770046	2.4612501962	2.4644562352	2.4675949743	2.4706632268	2.4736564649	2.4765779251	2.4794214022	2.4821863092	2.4848722118	2.4874781850	2.4899976173	2.4924316464	2.4947815754	2.4970425262	2.4992143975	2.5012928950	2.5032811141	2.5051775247	2.5069778074	2.5086785748	2.5102834795	2.5117908098	2.5131999252	2.5145078791	2.5157149312	2.5168204840	2.5178204960	2.5187165023	2.5195085305	2.5201957495	2.5207773927	2.5212527612	2.5216212274	2.5218822361	2.5220353031	2.5220800133	2.5220160214	2.5218430539	2.5215609123	2.5211694740	2.5206686903	2.5200585837	2.5193392472	2.5185108465	2.5175736213	2.5165258081	2.5153674059	2.5141009145	2.5127255592	2.5112420129	2.5096518491	2.5079552181	2.5061527320	2.5042384367	2.5022204847	2.5000998734	2.4978748204	2.4955469580	2.4931143896	2.4905833215	2.4879536457	2.4852200661	2.4823908815	2.4794664709	2.4764464502	2.4733314126	2.4701271045	2.4668291334	2.4634427985	2.4599711842	2.4564111038	2.4527687699	2.4490445125	2.4452395351	2.4413583783	2.4373988179	2.4333664420	2.4292624158	2.4250882410	2.4208471154	2.4165404482	2.4121711472	2.4077409626	2.4032524908	2.3987082604	2.3941098783	2.3894612201	2.3847630423	2.3800188854	2.3752296006	2.3704004778	2.3655305903	2.3606253141	2.3556843648	2.3507125513	2.3457082985	2.3406810409	2.3356256007	2.3305494072	2.3254514418	2.3203359025	2.3152039016	2.3100578514	2.3049017384	2.2997326037	2.2945609645	2.2893800079	2.2841977725	2.2790118821	2.2738275602	2.2686446320	2.2634647704	2.2582935064	2.2531236884	2.2479707749	2.2428223951	2.2376890358	2.2325673773	2.2274609142	2.2223712126	2.2172967253	2.2122449737	2.2072058725	2.2021974135	2.1972040687	2.1922377668	2.1872954190	2.1823778036	2.1774871398	2.1726138834	1.8836037106	1.8836037106	1.8836037106	1.8836037106	1.8836037106	1.8836037106	1.8836037106	1.8836037106	1.8836037106	1.8836037106	1.8836037106	1.8836037106	1.8836037106	1.8836037106	1.8836037106	1.8836037106	1.8836037106	1.8836037106	1.8836037106	1.8836037106	1.8836037106	1.8836037106	1.8836037106	1.8836037106	1.8836037106	1.8836037106	1.8836037106
1.8836037106	1.8836037106	1.8836037106	1.8836037106	1.8836037106	1.8836037106	1.8836037106	1.8836037106	1.8836037106	1.8836037106	1.8836037106	1.8836037106	1.8836037106	1.8836037106	1.8836037106	1.8836037106	1.8836037106	1.8836037106	1.8836037106	1.8836037106	1.8836037106	1.8836037106	1.8836037106	1.8836037106	1.8836037106	1.8836037106	1.8836037106	1.8836037106	2.1742889671	2.1775307933	2.1808007001	2.1841128867	2.1874591910	2.1908390258	2.1942611730	2.1977125215	2.2012018495	2.2047251893	2.2082791021	2.2118737208	2.2154965349	2.2191535739	2.2228427485	2.2265629666	2.2303163978	2.2340965490	2.2379107509	2.2417506807	2.2456206574	2.2495190866	2.2534400374	2.2573934754	2.2613672369	2.2653669229	2.2693872418	2.2734321606	2.2774969211	2.2815795748	2.2856847106	2.2898039477	2.2939411762	2.2980895004	2.3022560795	2.3064316399	2.3106183913	2.3148143544	2.3190171129	2.3232267367	2.3274380995	2.3316555621	2.3358710241	2.3400873376	2.3442992212	2.3485079086	2.3527096689	2.3569024810	2.3610863591	2.3652563284	2.3694135960	2.3735532649	2.3776752581	2.3817762233	2.3858548569	2.3899089003	2.3939353242	2.3979336572	2.4019001865	2.4058333290	2.4097309673	2.4135905781	2.4174101194	2.4211875675	2.4249201786	2.4286064286	2.4322435997	2.4358294879	2.4393629715	2.4428402572	2.4462596552	2.4496202699	2.4529185921	2.4561530526	2.4593238864	2.4624229795	2.4654539669	2.4684140603	2.4712999719	2.4741093352	2.4768438566	2.4794972406	2.4820698656	2.4845607959	2.4869691580	2.4892907375	2.4915226328	2.4936680115	2.4957249413	2.4976883064	2.4995598184	2.5013358335	2.5030181909	2.5046055326	2.5060965545	2.5074848973	2.5087738028	2.5099632228	2.5110515778	2.5120384319	2.5129228370	2.5137035440	2.5143793058	2.5149503312	2.5154159301	2.5157754830	2.5160284415	2.5161743274	2.5162127304	2.5161433094	2.5159657939	2.5156799878	2.5152857697	2.5147830909	2.5141719734	2.5134524450	2.5126233849	2.5116861927	2.5106411790	2.5094885096	2.5082284350	2.5068618389	2.5053850227	2.5038001384	2.5021102277	2.5003160845	2.4984169195	2.4964125435	2.4943037504	2.4920922699	2.4897810215	2.4873677400	2.4848518042	2.4822385560	2.4795284973	2.4767217009	2.4738177348	2.4708225908	2.4677328740	2.4645521587	2.4612833766	2.4579262830	2.4544816918	2.4509542218	2.4473433913	2.4436518855	2.4398821685	2.4360340349	2.4321120304	2.4281168509	2.4240509954	2.4199164954	2.4157153720	2.4114502805	2.4071228765	2.4027358239	2.3982914665	2.3937913615	2.3892395389	2.3846364626	2.3799857419	2.3752881858	2.3705489580	2.3657673118	2.3609482148	2.3560916402	2.3512024468	2.3462789821	2.3413303210	2.3363518731	2.3313503337	2.3263245922	2.3212805553	2.3162161264	2.3111385899	2.3060456894	2.3009414835	2.2958288011	2.2907073159	2.2855816851	2.2804492813	2.2753198245	2.2701851731	2.2650579738	2.2599311258	2.2548102794	2.2496975569	2.2445919022	2.2394981781	2.2344122201	2.2293446581	2.2242861341	2.2192483322	2.2142251018	2.2092197401	2.2042364383	2.1992708652	2.1943294715	2.1894069510	2.1845141532	2.1796411163	2.1747945009	1.8836037106	1.8836037106	1.8836037106	1.8836037106	1.8836037106	1.8836037106	1.8836037106	1.8836037106	1.8836037106	1.8836037106	1.8836037106	1.8836037106	1.8836037106	1.8836037106	1.8836037106	1.8836037106	1.8836037106	1.8836037106	1.8836037106	1.8836037106	1.8836037106	1.8836037106	1.8836037106	1.8836037106	1.8836037106	1.8836037106	1.8836037106	1.8836037106
1.8836037106	1.8836037106	1.8836037106	1.8836037106	1.8836037106	1.8836037106	1.8836037106	1.8836037106	1.8836037106	1.8836037106	1.8836037106	1.8836037106	1.8836037106	1.8836037106	1.8836037106	1.8836037106	1.8836037106	1.8836037106	1.8836037106	1.8836037106	1.8836037106	1.8836037106	1.8836037106	1.8836037106	1.8836037106	1.8836037106	1.8836037106	1.8836037106	2.1724818415	2.1756954961	2.1789339081	2.1822082320	2.1855203157	2.1888648459	2.1922472881	2.1956644522	2.1991143463	2.2026003099	2.2061160353	2.2096686154	2.2132539356	2.2168689092	2.2205188470	2.2241954497	2.2279072959	2.2316474614	2.2354138167	2.2392152392	2.2430392985	2.2468932958	2.2507711223	2.2546755712	2.2586057600	2.2625569259	2.2665336691	2.2705271476	2.2745469411	2.2785827116	2.2826369209	2.2867088431	2.2907955767	2.2948979206	2.2990087646	2.3031386539	2.3072742692	2.3114198167	2.3155714170	2.3197298866	2.3238921244	2.3280550129	2.3322219295	2.3363852325	2.3405472362	2.3447026505	2.3488538130	2.3529954678	2.3571268254	2.3612469557	2.3653515247	2.3694414071	2.3735118676	2.3775627505	2.3815908523	2.3855946806	2.3895721274	2.3935200239	2.3974382394	2.4013228193	2.4051722203	2.4089844426	2.4127570091	2.4164877134	2.4201747487	2.4238155706	2.4274079801	2.4309504630	2.4344397521	2.4378748119	2.4412540179	2.4445719308	2.4478306333	2.4510259310	2.4541557094	2.4572195882	2.4602147844	2.4631370834	2.4659880695	2.4687649524	2.4714647336	2.4740857283	2.4766290342	2.4790893471	2.4814663665	2.4837587025	2.4859663420	2.4880877812	2.4901156922	2.4920539968	2.4939021451	2.4956585024	2.4973184836	2.4988843346	2.5003521576	2.5017229225	2.5029960721	2.5041704841	2.5052450960	2.5062189074	2.5070876539	2.5078536820	2.5085167459	2.5090760990	2.5095310613	2.5098810222	2.5101253372	2.5102636734	2.5102956453	2.5102209163	2.5100392199	2.5097502779	2.5093539401	2.5088502191	2.5082391365	2.5075207822	2.5066953163	2.5057603605	2.5047167828	2.5035665299	2.5023100479	2.5009478498	2.4994805142	2.4979059153	2.4962266174	2.4944416690	2.4925527038	2.4905620465	2.4884706650	2.4862723730	2.4839744750	2.4815782040	2.4790832188	2.4764900405	2.4737989508	2.4710148338	2.4681349687	2.4651621193	2.4620989254	2.4589469801	2.4557035199	2.4523756797	2.4489622754	2.4454649954	2.4418877555	2.4382291895	2.4344932442	2.4306820383	2.4267961581	2.4228392572	2.4188119855	2.4147171867	2.4105570928	2.4063334410	2.4020488147	2.3977053981	2.3933047500	2.3888509615	2.3843442669	2.3797883588	2.3751838631	2.3705361086	2.3658441696	2.3611129271	2.3563423992	2.3515374976	2.3466968555	2.3418282826	2.3369286109	2.3320036266	2.3270521152	2.3220814988	2.3170870948	2.3120794432	2.3070532076	2.3020144961	2.2969630604	2.2919032468	2.2868361209	2.2817616442	2.2766868468	2.2716067416	2.2665300393	2.2614522072	2.2563799282	2.2513097310	2.2462499431	2.2411968717	2.2361526750	2.2311229278	2.2261023235	2.2210994147	2.2161086038	2.2111369200	2.2061794673	2.2012451291	2.1963291694	2.1914334765	2.1865641456	2.1817148343	2.1768919154	1.8836037106	1.8836037106	1.8836037106	1.8836037106	1.8836037106	1.8836037106	1.8836037106	1.8836037106	1.8836037106	1.8836037106	1.8836037106	1.8836037106	1.8836037106	1.8836037106	1.8836037106	1.8836037106	1.8836037106	1.8836037106	1.8836037106	1.8836037106	1.8836037106	1.8836037106	1.8836037106	1.8836037106	1.8836037106	1.8836037106	1.8836037106	1.8836037106	1.8836037106
1.8836037106	1.8836037106	1.8836037106	1.8836037106	1.8836037106	1.8836037106	1.8836037106	1.8836037106	1.8836037106	1.8836037106	1.8836037106	1.8836037106	1.8836037106	1.8836037106	1.8836037106	1.8836037106	1.8836037106	1.8836037106	1.8836037106	1.8836037106	1.8836037106	1.8836037106	1.8836037106	1.8836037106	1.8836037106	1.8836037106	1.8836037106	1.8836037106	1.8836037106	2.1738426389	2.1770540640	2.1802892392	2.1835666728	2.1868771790	2.1902184281	2.1936018003	2.1970125696	2.2004594099	2.2039404206	2.2074470549	2.2109964936	2.2145713395	2.2181775545	2.2218174743	2.2254827710	2.2291825587	2.2329077267	2.2366614996	2.2404441566	2.2442515724	2.2480866644	2.2519420293	2.2558278403	2.2597329827	2.2636605686	2.2676113433	2.2715790196	2.2755689712	2.2795734022	2.2835969815	2.2876337862	2.2916858812	2.2957512829	2.2998251342	2.3039135945	2.3080071721	2.3121093549	2.3162146327	2.3203265775	2.3244395738	2.3285522282	2.3326659487	2.3367749520	2.3408805842	2.3449775808	2.3490690219	2.3531486529	2.3572164072	2.3612709018	2.3653080222	2.3693286353	2.3733280197	2.3773058584	2.3812593234	2.3851865171	2.3890856119	2.3929534721	2.3967896701	2.4005907009	2.4043547725	2.4080800553	2.4117641300	2.4154045817	2.4189998469	2.4225475607	2.4260449509	2.4294912879	2.4328829858	2.4362187087	2.4394971628	2.4427146431	2.4458695153	2.4489613464	2.4519866701	2.4549429671	2.4578310888	2.4606465699	2.4633872715	2.4660538273	2.4686434985	2.4711539339	2.4735826373	2.4759310320	2.4781958987	2.4803738477	2.4824654117	2.4844697277	2.4863854761	2.4882116917	2.4899415587	2.4915789969	2.4931231988	2.4945728966	2.4959261057	2.4971804964	2.4983371051	2.4993943833	2.5003502435	2.5012055876	2.5019595550	2.5026113457	2.5031602219	2.5036055123	2.5039466139	2.5041829931	2.5043141838	2.5043397862	2.5042594673	2.5040729637	2.5037800837	2.5033807085	2.5028747899	2.5022623490	2.5015434745	2.5007183238	2.4997871251	2.4987492611	2.4976044207	2.4963544099	2.4949985067	2.4935365928	2.4919709959	2.4903024189	2.4885316304	2.4866535679	2.4846740509	2.4825939597	2.4804142469	2.4781351072	2.4757552814	2.4732782063	2.4707065328	2.4680372321	2.4652738340	2.4624183361	2.4594727672	2.4564335125	2.4533073308	2.4500942913	2.4467951861	2.4434126423	2.4399483475	2.4364022131	2.4327785094	2.4290780821	2.4253024338	2.4214544893	2.4175353300	2.4135476185	2.4094932354	2.4053741341	2.4011928214	2.3969512946	2.3926513853	2.3882964961	2.3838873515	2.3794275240	2.3749175052	2.3703625080	2.3657616413	2.3611198302	2.3564369256	2.3517178942	2.3469615693	2.3421749382	2.3373557413	2.3325091311	2.3276337770	2.3227383176	2.3178173714	2.3128799588	2.3079224441	2.3029510583	2.2979630727	2.2929681884	2.2879603232	2.2829473502	2.2779280423	2.2729046187	2.2678800168	2.2628533083	2.2578316551	2.2528067109	2.2477961819	2.2427856554	2.2377863725	2.2327946484	2.2278146930	2.2228470185	2.2178911916	2.2129548725	2.2080279838	2.2031271059	2.1982386683	2.1933732059	2.1885260918	2.1837033951	2.1789021842	2.1741203923	1.8836037106	1.8836037106	1.8836037106	1.8836037106	1.8836037106	1.8836037106	1.8836037106	1.8836037106	1.8836037106	1.8836037106	1.8836037106	1.8836037106	1.8836037106	1.8836037106	1.8836037106	1.8836037106	1.8836037106	1.8836037106	1.8836037106	1.8836037106	1.8836037106	1.8836037106	1.8836037106	1.8836037106	1.8836037106	1.8836037106	1.8836037106	1.8836037106	1.8836037106
1.8836037106	1.8836037106	1.8836037106	1.8836037106	1.8836037106	1.8836037106	1.8836037106	1.8836037106	1.8836037106	1.8836037106	1.8836037106	1.8836037106	1.8836037106	1.8836037106	1.8836037106	1.8836037106	1.8836037106	1.8836037106	1.8836037106	1.8836037106	1.8836037106	1.8836037106	1.8836037106	1.8836037106	1.8836037106	1.8836037106	1.8836037106	1.8836037106	1.8836037106	1.8836037106	2.1751581906	2.1783639904	2.1816011056	2.1848762791	2.1881830111	2.1915236667	2.1949010621	2.1983073919	2.2017488407	2.2052206591	2.2087230870	2.2122613821	2.2158260710	2.2194226867	2.2230479016	2.2267021905	2.2303863994	2.2340945571	2.2378337403	2.2415959451	2.2453847986	2.2491991053	2.2530317343	2.2568953350	2.2607753349	2.2646773270	2.2685984405	2.2725381880	2.2764963765	2.2804675378	2.2844583202	2.2884587501	2.2924745011	2.2964998991	2.3005344803	2.3045795990	2.3086290795	2.3126857716	2.3167428068	2.3208061733	2.3248678877	2.3289279891	2.3329866026	2.3370392162	2.3410864693	2.3451231573	2.3491527387	2.3531684905	2.3571705570	2.3611575957	2.3651252894	2.3690748226	2.3730013391	2.3769042783	2.3807814144	2.3846302282	2.3884492986	2.3922355796	2.3959880811	2.3997041174	2.4033814179	2.4070182320	2.4106123247	2.4141613320	2.4176634403	2.4211165991	2.4245183004	2.4278668772	2.4311603790	2.4343960258	2.4375726552	2.4406888682	2.4437396341	2.4467260843	2.4496457487	2.4524960761	2.4552749040	2.4579826196	2.4606148590	2.4631698605	2.4656479672	2.4680469918	2.4703654472	2.4725985319	2.4747489368	2.4768150913	2.4787925847	2.4806814709	2.4824804476	2.4841891356	2.4858062648	2.4873307426	2.4887601199	2.4900913577	2.4913268667	2.4924655574	2.4935063989	2.4944484207	2.4952907131	2.4960314304	2.4966703964	2.4972074833	2.4976420296	2.4979734416	2.4982011933	2.4983248253	2.4983439436	2.4982582198	2.4980673938	2.4977712768	2.4973697510	2.4968627690	2.4962503511	2.4955325049	2.4947077710	2.4937778407	2.4927430094	2.4916036424	2.4903601718	2.4890130949	2.4875602104	2.4860022837	2.4843421356	2.4825801908	2.4807172933	2.4787531535	2.4766883859	2.4745227845	2.4722601931	2.4699010565	2.4674430493	2.4648900344	2.4622436844	2.4595056093	2.4566724524	2.4537503217	2.4507398440	2.4476414053	2.4444566940	2.4411892638	2.4378366085	2.4344039148	2.4308923870	2.4273027144	2.4236379626	2.4198992541	2.4160886750	2.4122085806	2.4082604935	2.4042466429	2.4001694516	2.3960305829	2.3918323807	2.3875773364	2.3832667966	2.3789042062	2.3744899885	2.3700289113	2.3655203797	2.3609694763	2.3563756735	2.3517439960	2.3470733905	2.3423704695	2.3376333537	2.3328668516	2.3280701163	2.3232508547	2.3184050420	2.3135398306	2.3086529405	2.3037507268	2.2988283312	2.2939000796	2.2889553777	2.2840039203	2.2790428404	2.2740775557	2.2691070733	2.2641357456	2.2591644760	2.2541926842	2.2492275380	2.2442641799	2.2393092020	2.2343581793	2.2294216421	2.2244899986	2.2195764366	2.2146727009	2.2097843507	2.2049122685	2.2000560811	2.1952200277	2.1903976965	2.1856054921	2.1808271501	2.1760753129	1.8836037106	1.8836037106	1.8836037106	1.8836037106	1.8836037106	1.8836037106	1.8836037106	1.8836037106	1.8836037106	1.8836037106	1.8836037106	1.8836037106	1.8836037106	1.8836037106	1.8836037106	1.8836037106	1.8836037106	1.8836037106	1.8836037106	1.8836037106	1.8836037106	1.8836037106	1.8836037106	1.8836037106	1.8836037106	1.8836037106	1.8836037106	1.8836037106	1.8836037106	1.8836037106
1.8836037106	1.8836037106	1.8836037106	1.8836037106	1.8836037106	1.8836037106	1.8836037106	1.8836037106	1.8836037106	1.8836037106	1.8836037106	1.8836037106	1.8836037106	1.8836037106	1.8836037106	1.8836037106	1.8836037106	1.8836037106	1.8836037106	1.8836037106	1.8836037106	1.8836037106	1.8836037106	1.8836037106	1.8836037106	1.8836037106	1.8836037106	1.8836037106	1.8836037106	1.8836037106	2.1732460083	2.1764240788	2.1796243309	2.1828622784	2.1861338674	2.1894353575	2.1927745494	2.1961436072	2.1995445806	2.2029788227	2.2064395378	2.2099361911	2.2134615742	2.2170144452	2.2205996874	2.2242086198	2.2278500256	2.2315169543	2.2352064930	2.2389290301	2.2426704588	2.2464389430	2.2502291276	2.2540402595	2.2578765663	2.2617295220	2.2656038758	2.2694935311	2.2734032386	2.2773277635	2.2812644458	2.2852195875	2.2891827582	2.2931590603	2.2971424883	2.3011355663	2.3051354664	2.3091388271	2.3131479409	2.3171554145	2.3211675390	2.3251759187	2.3291813505	2.3331829990	2.3371771871	2.3411641105	2.3451386595	2.3491043044	2.3530543872	2.3569887486	2.3609065824	2.3648029441	2.3686796626	2.3725315981	2.3763578637	2.3801570631	2.3839258384	2.3876633021	2.3913665051	2.3950337755	2.3986634095	2.4022525613	2.4057995739	2.4093024217	2.4127587965	2.4161665983	2.4195241301	2.4228291732	2.4260790210	2.4292730324	2.4324079004	2.4354821697	2.4384944908	2.4414428438	2.4443228654	2.4471359960	2.4498791608	2.4525503676	2.4551474508	2.4576706551	2.4601166822	2.4624823074	2.4647686503	2.4669741887	2.4690964034	2.4711334084	2.4730833728	2.4749470689	2.4767230705	2.4784079762	2.4800009464	2.4815020445	2.4829093778	2.4842229049	2.4854412544	2.4865634470	2.4875886455	2.4885153528	2.4893408891	2.4900670823	2.4906931554	2.4912183921	2.4916421410	2.4919638174	2.4921829031	2.4922989453	2.4923115555	2.4922204101	2.4920252528	2.4917258969	2.4913222264	2.4908141939	2.4902018190	2.4894851873	2.4886644505	2.4877376796	2.4867058965	2.4855705179	2.4843318281	2.4829901368	2.4815462832	2.4799997421	2.4783518016	2.4766016364	2.4747499349	2.4727994610	2.4707511398	2.4686027432	2.4663571335	2.4640149754	2.4615785815	2.4590486755	2.4564226680	2.4537063378	2.4508999844	2.4480040818	2.4450197338	2.4419505256	2.4387950750	2.4355563925	2.4322367690	2.4288370754	2.4253588985	2.4218048438	2.4181757994	2.4144742146	2.4107020285	2.4068608336	2.4029529326	2.3989804323	2.3949448711	2.3908492272	2.3866948589	2.3824838646	2.3782195549	2.3739022952	2.3695362493	2.3651212108	2.3606625888	2.3561592668	2.3516163296	2.3470327514	2.3424152092	2.3377616986	2.3330769516	2.3283605792	2.3236191075	2.3188500247	2.3140589003	2.3092444653	2.3044131994	2.2995606228	2.2946984864	2.2898192614	2.2849307995	2.2800300177	2.2751254884	2.2702104947	2.2652973608	2.2603786365	2.2554606579	2.2505431200	2.2456288586	2.2407201985	2.2358145073	2.2309211430	2.2260323090	2.2211576833	2.2162912947	2.2114406767	2.2065994691	2.2017801227	2.1969727253	2.1921856789	2.1874176414	2.1826691668	2.1779420417	2.1732282031	1.8836037106	1.8836037106	1.8836037106	1.8836037106	1.8836037106	1.8836037106	1.8836037106	1.8836037106	1.8836037106	1.8836037106	1.8836037106	1.8836037106	1.8836037106	1.8836037106	1.8836037106	1.8836037106	1.8836037106	1.8836037106	1.8836037106	1.8836037106	1.8836037106	1.8836037106	1.8836037106	1.8836037106	1.8836037106	1.8836037106	1.8836037106	1.8836037106	1.8836037106	1.8836037106
1.8836037106	1.8836037106	1.8836037106	1.8836037106	1.8836037106	1.8836037106	1.8836037106	1.8836037106	1.8836037106	1.8836037106	1.8836037106	1.8836037106	1.8836037106	1.8836037106	1.8836037106	1.8836037106	1.8836037106	1.8836037106	1.8836037106	1.8836037106	1.8836037106	1.8836037106	1.8836037106	1.8836037106	1.8836037106	1.8836037106	1.8836037106	1.8836037106	1.8836037106	1.8836037106	1.8836037106	2.1744684246	2.1776396562	2.1808364962	2.1840719654	2.1873381533	2.1906336517	2.1939686871	2.1973283119	2.2007221994	2.2041474616	2.2075961349	2.2110846869	2.2145960300	2.2181359949	2.2217070920	2.2253003186	2.2289255955	2.2325735306	2.2362459838	2.2399459165	2.2436662496	2.2474115079	2.2511753052	2.2549628430	2.2587701139	2.2625941256	2.2664388428	2.2702952638	2.2741730448	2.2780622766	2.2819635798	2.2858795234	2.2898033862	2.2937382611	2.2976778826	2.3016272569	2.3055801006	2.3095353585	2.3134948484	2.3174510745	2.3214096411	2.3253627942	2.3293114911	2.3332543724	2.3371881561	2.3411128596	2.3450235022	2.3489231988	2.3528058912	2.3566707942	2.3605175536	2.3643407538	2.3681430016	2.3719187243	2.3756666261	2.3793863679	2.3830735364	2.3867279036	2.3903466242	2.3939272256	2.3974691479	2.4009688735	2.4044248547	2.4078353006	2.4111978916	2.4145104002	2.4177711831	2.4209782041	2.4241291611	2.4272222381	2.4302561626	2.4332274962	2.4361354117	2.4389785268	2.4417543469	2.4444595278	2.4470949600	2.4496578238	2.4521463574	2.4545579282	2.4568930685	2.4591501485	2.4613235958	2.4634155229	2.4654244417	2.4673487368	2.4691866934	2.4709364490	2.4725961206	2.4741664633	2.4756462151	2.4770341618	2.4783272966	2.4795255185	2.4806288075	2.4816356431	2.4825452009	2.4833571004	2.4840705161	2.4846846813	2.4851987317	2.4856121973	2.4859245216	2.4861351935	2.4862437660	2.4862498559	2.4861531437	2.4859533765	2.4856503697	2.4852440085	2.4847342434	2.4841208866	2.4834041955	2.4825843195	2.4816614749	2.4806354509	2.4795064443	2.4782754208	2.4769416184	2.4755048733	2.4739675178	2.4723302208	2.4705937137	2.4687558814	2.4668195985	2.4647850665	2.4626543278	2.4604281284	2.4581056329	2.4556879902	2.4531785774	2.4505772814	2.4478851545	2.4451030721	2.4422342451	2.4392778032	2.4362357428	2.4331107723	2.4299038922	2.4266156286	2.4232494045	2.4198056820	2.4162866362	2.4126943450	2.4090302859	2.4052964000	2.4014949046	2.3976276202	2.3936959443	2.3897035944	2.3856507610	2.3815405207	2.3773748968	2.3731556400	2.3688856280	2.3645651337	2.3602000616	2.3557884972	2.3513355877	2.3468402488	2.3423096518	2.3377411865	2.3331397524	2.3285051158	2.3238432268	2.3191523889	2.3144371583	2.3096969325	2.3049383167	2.3001574103	2.2953631119	2.2905511386	2.2857275633	2.2808890909	2.2760470451	2.2711923529	2.2663363962	2.2614731744	2.2566099083	2.2517421452	2.2468811790	2.2420184996	2.2371630649	2.2323123448	2.2274685763	2.2226339381	2.2178068755	2.2129960064	2.2081912548	2.2034081660	2.1986345575	2.1938801595	2.1891395765	2.1844223849	2.1797200687	2.1750398669	1.8836037106	1.8836037106	1.8836037106	1.8836037106	1.8836037106	1.8836037106	1.8836037106	1.8836037106	1.8836037106	1.8836037106	1.8836037106	1.8836037106	1.8836037106	1.8836037106	1.8836037106	1.8836037106	1.8836037106	1.8836037106	1.8836037106	1.8836037106	1.8836037106	1.8836037106	1.8836037106	1.8836037106	1.8836037106	1.8836037106	1.8836037106	1.8836037106	1.8836037106	1.8836037106	1.8836037106
1.8836037106	1.8836037106	1.8836037106	1.8836037106	1.8836037106	1.8836037106	1.8836037106	1.8836037106	1.8836037106	1.8836037106	1.8836037106	1.8836037106	1.8836037106	1.8836037106	1.8836037106	1.8836037106	1.8836037106	1.8836037106	1.8836037106	1.8836037106	1.8836037106	1.8836037106	1.8836037106	1.8836037106	1.8836037106	1.8836037106	1.8836037106	1.8836037106	1.8836037106	1.8836037106	1.8836037106	2.1724992038	2.1756406669	2.1788040838	2.1819992952	2.1852291783	2.1884882033	2.1917798841	2.1951046814	2.1984566860	2.2018411544	2.2052533475	2.2086936674	2.2121672842	2.2156645598	2.2191907218	2.2227434835	2.2263212682	2.2299270393	2.2335540510	2.2372073239	2.2408830070	2.2445803638	2.2483005603	2.2520362793	2.2557981364	2.2595746476	2.2633680503	2.2671809342	2.2710044262	2.2748464949	2.2786982775	2.2825620006	2.2864369596	2.2903194965	2.2942109989	2.2981050148	2.3020085214	2.3059125126	2.3098179297	2.3137255926	2.3176285076	2.3215316759	2.3254277636	2.3293177150	2.3332000854	2.3370715460	2.3409322023	2.3447772372	2.3486090412	2.3524226926	2.3562165393	2.3599903485	2.3637391793	2.3674649253	2.3711628908	2.3748310066	2.3784695885	2.3820738886	2.3856436950	2.3891764947	2.3926694830	2.3961220705	2.3995313256	2.4028952147	2.4062120146	2.4094797051	2.4126961222	2.4158592470	2.4189674777	2.4220186272	2.4250103836	2.4279415616	2.4308101978	2.4336136851	2.4363507547	2.4390202673	2.4416198738	2.4441461628	2.4466000439	2.4489793429	2.4512815132	2.4535050595	2.4556491711	2.4577129994	2.4596943007	2.4615893311	2.4633997317	2.4651238884	2.4667607182	2.4683079797	2.4697655720	2.4711305501	2.4724027656	2.4735820535	2.4746673728	2.4756577389	2.4765522251	2.4773499608	2.4780489110	2.4786494235	2.4791511390	2.4795534253	2.4798557156	2.4800575068	2.4801583589	2.4801578943	2.4800557988	2.4798518229	2.4795457849	2.4791375714	2.4786271358	2.4780144962	2.4772992866	2.4764807303	2.4755601838	2.4745379270	2.4734143065	2.4721897338	2.4708646825	2.4694381158	2.4679107789	2.4662843105	2.4645585879	2.4627353406	2.4608150060	2.4587978806	2.4566827940	2.4544737160	2.4521717016	2.4497757731	2.4472880422	2.4447095079	2.4420426008	2.4392863562	2.4364429191	2.4335147542	2.4305026847	2.4274073635	2.4242315970	2.4209764735	2.4176434337	2.4142345415	2.4107515191	2.4071958524	2.4035696210	2.3998748493	2.3961130911	2.3922863812	2.3883973566	2.3844468628	2.3804379675	2.3763717306	2.3722514104	2.3680783253	2.3638537129	2.3595829578	2.3552643238	2.3509026281	2.3464966428	2.3420544757	2.3375723869	2.3330557325	2.3285041163	2.3239235161	2.3193123548	2.3146747435	2.3100109600	2.3053260630	2.3006183000	2.2958938125	2.2911507813	2.2863939185	2.2816214932	2.2768418108	2.2720496161	2.2672523253	2.2624465251	2.2576398199	2.2528244985	2.2480179813	2.2432061595	2.2383997933	2.2335944656	2.2287975548	2.2240042997	2.2192230189	2.2144493318	2.2096871707	2.2049377871	2.2002005969	2.1954799555	2.1907705641	2.1860859634	2.1814137859	2.1767636637	1.8836037106	1.8836037106	1.8836037106	1.8836037106	1.8836037106	1.8836037106	1.8836037106	1.8836037106	1.8836037106	1.8836037106	1.8836037106	1.8836037106	1.8836037106	1.8836037106	1.8836037106	1.8836037106	1.8836037106	1.8836037106	1.8836037106	1.8836037106	1.8836037106	1.8836037106	1.8836037106	1.8836037106	1.8836037106	1.8836037106	1.8836037106	1.8836037106	1.8836037106	1.8836037106	1.8836037106	1.8836037106
1.8836037106	1.8836037106	1.8836037106	1.8836037106	1.8836037106	1.8836037106	1.8836037106	1.8836037106	1.8836037106	1.8836037106	1.8836037106	1.8836037106	1.8836037106	1.8836037106	1.8836037106	1.8836037106	1.8836037106	1.8836037106	1.8836037106	1.8836037106	1.8836037106	1.8836037106	1.8836037106	1.8836037106	1.8836037106	1.8836037106	1.8836037106	1.8836037106	1.8836037106	1.8836037106	1.8836037106	1.8836037106	2.1736259664	2.1767610555	2.1799162851	2.1831085756	2.1863314267	2.1895818170	2.1928680065	2.1961811716	2.1995239619	2.2028974352	2.2062951103	2.2097252684	2.2131824473	2.2166640137	2.2201746168	2.2237074955	2.2272679858	2.2308525835	2.2344570046	2.2380891706	2.2417389715	2.2454114820	2.2491047939	2.2528112600	2.2565448790	2.2602898169	2.2640513883	2.2678289365	2.2716176959	2.2754220012	2.2792345148	2.2830586007	2.2868908221	2.2907300484	2.2945762700	2.2984229216	2.3022784354	2.3061318532	2.3099856118	2.3138393876	2.3176869776	2.3215329607	2.3253702003	2.3291994533	2.3330196302	2.3368269120	2.3406217594	2.3443995537	2.3481615912	2.3519046245	2.3556257576	2.3593249543	2.3629981651	2.3666456175	2.3702644234	2.3738517003	2.3774071441	2.3809276459	2.3844113823	2.3878568239	2.3912612891	2.3946230817	2.3979408341	2.4012115947	2.4044337895	2.4076056997	2.4107250962	2.4137899068	2.4167984276	2.4197488922	2.4226393265	2.4254672121	2.4282318246	2.4309309451	2.4335622800	2.4361245180	2.4386165434	2.4410367466	2.4433806531	2.4456496763	2.4478422695	2.4499555591	2.4519889830	2.4539397270	2.4558081723	2.4575929486	2.4592926956	2.4609029563	2.4624257194	2.4638595713	2.4652034589	2.4664563997	2.4676165313	2.4686835715	2.4696566644	2.4705343193	2.4713153016	2.4719999545	2.4725875348	2.4730773581	2.4734688024	2.4737613094	2.4739543837	2.4740475918	2.4740405615	2.4739329832	2.4737246110	2.4734152657	2.4730048352	2.4724932731	2.4718805969	2.4711668872	2.4703522876	2.4694354297	2.4684177461	2.4672997979	2.4660815870	2.4647633658	2.4633461994	2.4618303638	2.4602166824	2.4585043492	2.4566937769	2.4547875696	2.4527866074	2.4506905883	2.4485009384	2.4462175996	2.4438432770	2.4413792167	2.4388237531	2.4361803322	2.4334505191	2.4306350895	2.4277347163	2.4247518286	2.4216877777	2.4185435571	2.4153211457	2.4120223685	2.4086484545	2.4052013371	2.4016830068	2.3980951339	2.3944390900	2.3907179172	2.3869324902	2.3830848681	2.3791779586	2.3752117225	2.3711912427	2.3671159606	2.3629886215	2.3588125081	2.3545878715	2.3503184727	2.3460028550	2.3416504992	2.3372560274	2.3328255259	2.3283581252	2.3238604308	2.3193302925	2.3147719426	2.3101859610	2.3055765660	2.3009433439	2.2962905449	2.2916180970	2.2869297049	2.2822252660	2.2775095228	2.2727814272	2.2680447431	2.2632982663	2.2585498465	2.2537927690	2.2490385663	2.2442798203	2.2395239966	2.2347660846	2.2300185527	2.2252699951	2.2205341095	2.2158021266	2.2110816825	2.2063680609	2.2016715369	2.1969840717	2.1923135574	2.1876581144	2.1830193140	2.1783979814	2.1737885291	1.8836037106	1.8836037106	1.8836037106	1.8836037106	1.8836037106	1.8836037106	1.8836037106	1.8836037106	1.8836037106	1.8836037106	1.8836037106	1.8836037106	1.8836037106	1.8836037106	1.8836037106	1.8836037106	1.8836037106	1.8836037106	1.8836037106	1.8836037106	1.8836037106	1.8836037106	1.8836037106	1.8836037106	1.8836037106	1.8836037106	1.8836037106	1.8836037106	1.8836037106	1.8836037106	1.8836037106	1.8836037106
1.8836037106	1.8836037106	1.8836037106	1.8836037106	1.8836037106	1.8836037106	1.8836037106	1.8836037106	1.8836037106	1.8836037106	1.8836037106	1.8836037106	1.8836037106	1.8836037106	1.8836037106	1.8836037106	1.8836037106	1.8836037106	1.8836037106	1.8836037106	1.8836037106	1.8836037106	1.8836037106	1.8836037106	1.8836037106	1.8836037106	1.8836037106	1.8836037106	1.8836037106	1.8836037106	1.8836037106	1.8836037106	1.8836037106	2.1747038605	2.1778287146	2.1809782684	2.1841637611	2.1873776849	2.1906186076	2.1938966909	2.1971968345	2.2005288128	2.2038897124	2.2072714225	2.2106896066	2.2141288493	2.2175930676	2.2210863586	2.2245978147	2.2281391627	2.2317009284	2.2352814948	2.2388902436	2.2425134744	2.2461592795	2.2498229730	2.2535010712	2.2572018713	2.2609136838	2.2646412011	2.2683817190	2.2721337332	2.2758984871	2.2796699435	2.2834523664	2.2872401338	2.2910341017	2.2948331735	2.2986307447	2.3024361832	2.3062374310	2.3100373646	2.3138355642	2.3176258682	2.3214129356	2.3251896029	2.3289562649	2.3327126295	2.3364539423	2.3401812874	2.3438902790	2.3475807488	2.3512516628	2.3548985035	2.3585215066	2.3621176928	2.3656853012	2.3692235814	2.3727286869	2.3761996103	2.3796351097	2.3830315328	2.3863884597	2.3897033412	2.3929734996	2.3961985535	2.3993754268	2.4025022638	2.4055773777	2.4085989262	2.4115648833	2.4144731330	2.4173222006	2.4201102409	2.4228354126	2.4254952689	2.4280891389	2.4306150153	2.4330703950	2.4354543285	2.4377655075	2.4400024066	2.4421622573	2.4442436917	2.4462465707	2.4481694397	2.4500095069	2.4517666656	2.4534384340	2.4550246729	2.4565243717	2.4579363259	2.4592593766	2.4604900904	2.4616297859	2.4626775773	2.4636323287	2.4644932743	2.4652596489	2.4659306642	2.4665055880	2.4669834519	2.4673639382	2.4676465720	2.4678308657	2.4679163925	2.4679027858	2.4677897403	2.4675770139	2.4672644299	2.4668518775	2.4663391073	2.4657260695	2.4650130356	2.4642001467	2.4632876074	2.4622754984	2.4611642248	2.4599542728	2.4586447610	2.4572360927	2.4557301020	2.4541274237	2.4524287511	2.4506335480	2.4487434489	2.4467583440	2.4446801115	2.4425100321	2.4402480886	2.4378944214	2.4354518072	2.4329212946	2.4303038444	2.4275997236	2.4248115436	2.4219404558	2.4189872974	2.4159538827	2.4128419923	2.4096528720	2.4063881542	2.4030496816	2.3996392132	2.3961582093	2.3926084737	2.3889927206	2.3853114206	2.3815673436	2.3777624354	2.3738978388	2.3699770515	2.3660000737	2.3619708292	2.3578901058	2.3537604283	2.3495843055	2.3453611328	2.3410987026	2.3367929920	2.3324499215	2.3280678396	2.3236545775	2.3192067212	2.3147291889	2.3102222656	2.3056900959	2.3011327348	2.2965534260	2.2919534156	2.2873348958	2.2826998655	2.2780503893	2.2733875632	2.2687133664	2.2640298678	2.2593395925	2.2546422801	2.2499424364	2.2452385190	2.2405350846	2.2358291194	2.2311300547	2.2264307787	2.2217393312	2.2170509314	2.2123741408	2.2076992112	2.2030448825	2.1983952420	2.1937615223	2.1891381058	2.1845346813	2.1799422175	2.1753702814	1.8836037106	1.8836037106	1.8836037106	1.8836037106	1.8836037106	1.8836037106	1.8836037106	1.8836037106	1.8836037106	1.8836037106	1.8836037106	1.8836037106	1.8836037106	1.8836037106	1.8836037106	1.8836037106	1.8836037106	1.8836037106	1.8836037106	1.8836037106	1.8836037106	1.8836037106	1.8836037106	1.8836037106	1.8836037106	1.8836037106	1.8836037106	1.8836037106	1.8836037106	1.8836037106	1.8836037106	1.8836037106	1.8836037106
1.8836037106	1.8836037106	1.8836037106	1.8836037106	1.8836037106	1.8836037106	1.8836037106	1.8836037106	1.8836037106	1.8836037106	1.8836037106	1.8836037106	1.8836037106	1.8836037106	1.8836037106	1.8836037106	1.8836037106	1.8836037106	1.8836037106	1.8836037106	1.8836037106	1.8836037106	1.8836037106	1.8836037106	1.8836037106	1.8836037106	1.8836037106	1.8836037106	1.8836037106	1.8836037106	1.8836037106	1.8836037106	1.8836037106	2.1726339571	2.1757283603	2.1788427576	2.1819869685	2.1851634835	2.1883669096	2.1916000378	2.1948646505	2.1981532726	2.2014719303	2.2048166994	2.2081845785	2.2115855029	2.2150064262	2.2184524658	2.2219246794	2.2254157862	2.2289343402	2.2324715122	2.2360284554	2.2396093283	2.2432053403	2.2468219914	2.2504539337	2.2541016395	2.2577679713	2.2614448522	2.2651364137	2.2688382360	2.2725515200	2.2762749669	2.2800036121	2.2837423805	2.2874840169	2.2912308176	2.2949809128	2.2987277333	2.3024810590	2.3062283333	2.3099725826	2.3137135715	2.3174446840	2.3211711641	2.3248855963	2.3285878376	2.3322788371	2.3359524587	2.3396106786	2.3432493785	2.3468665553	2.3504639271	2.3540349776	2.3575802894	2.3610981317	2.3645844333	2.3680409110	2.3714626046	2.3748479731	2.3781971059	2.3815056170	2.3847728517	2.3879968137	2.3911750394	2.3943058237	2.3973880741	2.4004188030	2.4033965329	2.4063195039	2.4091858185	2.4119935826	2.4147407881	2.4174260125	2.4200474606	2.4226033838	2.4250914460	2.4275108924	2.4298601706	2.4321364472	2.4343391436	2.4364665835	2.4385176499	2.4404909031	2.4423833153	2.4441945535	2.4459239882	2.4475703051	2.4491315950	2.4506066668	2.4519950067	2.4532942953	2.4545046751	2.4556251291	2.4566546667	2.4575923512	2.4584372990	2.4591886802	2.4598446782	2.4604055393	2.4608708629	2.4612400473	2.4615125520	2.4616878974	2.4617656637	2.4617454901	2.4616270762	2.4614101838	2.4610946388	2.4606803317	2.4601672168	2.4595553103	2.4588437447	2.4580329410	2.4571235654	2.4561158819	2.4550102180	2.4538069634	2.4525065676	2.4511086904	2.4496142071	2.4480238987	2.4463376155	2.4445571380	2.4426832616	2.4407163963	2.4386556959	2.4365040952	2.4342625520	2.4319316875	2.4295126181	2.4270058125	2.4244135837	2.4217367662	2.4189763313	2.4161338719	2.4132110544	2.4102090921	2.4071294148	2.4039737086	2.4007437467	2.3974410345	2.3940667585	2.3906239946	2.3871132508	2.3835365414	2.3798964599	2.3761934988	2.3724311555	2.3686104797	2.3647323644	2.3608019934	2.3568173447	2.3527837808	2.3487014688	2.3445720129	2.3404002247	2.3361843204	2.3319298616	2.3276343920	2.3233067118	2.3189423078	2.3145470620	2.3101203695	2.3056670651	2.3011868055	2.2966827108	2.2921566352	2.2876095985	2.2830453286	2.2784638867	2.2738679270	2.2692580356	2.2646389469	2.2600092135	2.2553726984	2.2507292060	2.2460826000	2.2414325738	2.2367816959	2.2321318673	2.2274831178	2.2228380322	2.2181962480	2.2135636220	2.2089347617	2.2043187811	2.1997094679	2.1951135938	2.1905246897	2.1859585674	2.1814008008	2.1768619191	1.8836037106	1.8836037106	1.8836037106	1.8836037106	1.8836037106	1.8836037106	1.8836037106	1.8836037106	1.8836037106	1.8836037106	1.8836037106	1.8836037106	1.8836037106	1.8836037106	1.8836037106	1.8836037106	1.8836037106	1.8836037106	1.8836037106	1.8836037106	1.8836037106	1.8836037106	1.8836037106	1.8836037106	1.8836037106	1.8836037106	1.8836037106	1.8836037106	1.8836037106	1.8836037106	1.8836037106	1.8836037106	1.8836037106	1.8836037106
1.8836037106	1.8836037106	1.8836037106	1.8836037106	1.8836037106	1.8836037106	1.8836037106	1.8836037106	1.8836037106	1.8836037106	1.8836037106	1.8836037106	1.8836037106	1.8836037106	1.8836037106	1.8836037106	1.8836037106	1.8836037106	1.8836037106	1.8836037106	1.8836037106	1.8836037106	1.8836037106	1.8836037106	1.8836037106	1.8836037106	1.8836037106	1.8836037106	1.8836037106	1.8836037106	1.8836037106	1.8836037106	1.8836037106	1.8836037106	2.1736136283	2.1766987769	2.1798021011	2.1829396000	2.1861057090	2.1892971975	2.1925208714	2.1957706398	2.1990462616	2.2023502182	2.2056771547	2.2090305709	2.2124116463	2.2158130840	2.2192394981	2.2226883675	2.2261579024	2.2296515425	2.2331624111	2.2366938525	2.2402452771	2.2438122590	2.2473979976	2.2509965871	2.2546118952	2.2582421355	2.2618823046	2.2655360361	2.2691975292	2.2728701286	2.2765505477	2.2802346648	2.2839278243	2.2876216941	2.2913194611	2.2950187978	2.2987132450	2.3024124688	2.3061040237	2.3097907774	2.3134729780	2.3171430516	2.3208073340	2.3244579316	2.3280939881	2.3317181381	2.3353224166	2.3389099616	2.3424769563	2.3460191935	2.3495416806	2.3530356666	2.3565021022	2.3599399986	2.3633446747	2.3667173816	2.3700546577	2.3733539921	2.3766146158	2.3798345989	2.3830108973	2.3861429510	2.3892284603	2.3922647747	2.3952510912	2.3981852809	2.4010650199	2.4038888292	2.4066550153	2.4093616631	2.4120069942	2.4145890816	2.4171065468	2.4195577157	2.4219407980	2.4242538999	2.4264957597	2.4286651642	2.4307601991	2.4327789924	2.4347206653	2.4365838393	2.4383673414	2.4400698606	2.4416893819	2.4432242992	2.4446746679	2.4460393232	2.4473171441	2.4485069422	2.4496069970	2.4506172176	2.4515366832	2.4523642090	2.4530989299	2.4537405344	2.4542883143	2.4547416185	2.4550998548	2.4553624916	2.4555290568	2.4555991369	2.4555723767	2.4554484804	2.4552272132	2.4549084034	2.4544919429	2.4539777864	2.4533659493	2.4526565070	2.4518494336	2.4509444087	2.4499422781	2.4488433629	2.4476474394	2.4463550787	2.4449671754	2.4434842847	2.4419070182	2.4402349912	2.4384687828	2.4366101765	2.4346599708	2.4326188138	2.4304876745	2.4282667142	2.4259577623	2.4235621427	2.4210803256	2.4185137011	2.4158635849	2.4131314535	2.4103184471	2.4074258937	2.4044553219	2.4014085040	2.3982867496	2.3950913163	2.3918244831	2.3884878559	2.3850824063	2.3816105602	2.3780742134	2.3744740085	2.3708139268	2.3670937375	2.3633158467	2.3594839257	2.3555971088	2.3516597411	2.3476714585	2.3436367309	2.3395563578	2.3354312056	2.3312664409	2.3270594041	2.3228177382	2.3185378661	2.3142262857	2.3098809110	2.3055080270	2.3011060285	2.2966787913	2.2922278788	2.2877540530	2.2832618233	2.2787501127	2.2742227958	2.2696787154	2.2651254050	2.2605586067	2.2559838066	2.2513986031	2.2468115762	2.2422162097	2.2376217439	2.2330235476	2.2284267255	2.2238296581	2.2192384715	2.2146500210	2.2100681838	2.2054925361	2.2009259193	2.1963689989	2.1918221977	2.1872895201	2.1827690384	2.1782630501	2.1737652716	1.8836037106	1.8836037106	1.8836037106	1.8836037106	1.8836037106	1.8836037106	1.8836037106	1.8836037106	1.8836037106	1.8836037106	1.8836037106	1.8836037106	1.8836037106	1.8836037106	1.8836037106	1.8836037106	1.8836037106	1.8836037106	1.8836037106	1.8836037106	1.8836037106	1.8836037106	1.8836037106	1.8836037106	1.8836037106	1.8836037106	1.8836037106	1.8836037106	1.8836037106	1.8836037106	1.8836037106	1.8836037106	1.8836037106	1.8836037106
1.8836037106	1.8836037106	1.8836037106	1.8836037106	1.8836037106	1.8836037106	1.8836037106	1.8836037106	1.8836037106	1.8836037106	1.8836037106	1.8836037106	1.8836037106	1.8836037106	1.8836037106	1.8836037106	1.8836037106	1.8836037106	1.8836037106	1.8836037106	1.8836037106	1.8836037106	1.8836037106	1.8836037106	1.8836037106	1.8836037106	1.8836037106	1.8836037106	1.8836037106	1.8836037106	1.8836037106	1.8836037106	1.8836037106	1.8836037106	1.8836037106	2.1745419187	2.1776141566	2.1807075981	2.1838352314	2.1869892147	2.1901673326	2.1933798968	2.1966134544	2.1998744961	2.2031621960	2.2064698846	2.2098070486	2.2131668141	2.2165471640	2.2199522364	2.2233762694	2.2268224272	2.2302895470	2.2337725123	2.2372765877	2.2407970121	2.2443331713	2.2478862604	2.2514499203	2.2550308480	2.2586234021	2.2622251081	2.2658391653	2.2694587296	2.2730887234	2.2767244314	2.2803623429	2.2840079786	2.2876524905	2.2912994019	2.2949462458	2.2985867476	2.3022299313	2.3058643763	2.3094919771	2.3131134719	2.3167211963	2.3203213714	2.3239066326	2.3274752754	2.3310305490	2.3345645968	2.3380798179	2.3415733020	2.3450408106	2.3484853285	2.3519016800	2.3552880390	2.3586439559	2.3619664572	2.3652536565	2.3685054099	2.3717177050	2.3748889922	2.3780193711	2.3811046246	2.3841438190	2.3871353356	2.3900769778	2.3929664850	2.3958033757	2.3985848977	2.4013091822	2.4039747325	2.4065799419	2.4091229495	2.4116020786	2.4140154426	2.4163617164	2.4186393549	2.4208466127	2.4229820882	2.4250437422	2.4270308712	2.4289420591	2.4307754998	2.4325296243	2.4342036732	2.4357961740	2.4373062656	2.4387326312	2.4400742529	2.4413296948	2.4424970960	2.4435767068	2.4445675708	2.4454687831	2.4462794901	2.4469988893	2.4476262308	2.4481608175	2.4486018159	2.4489487393	2.4492012416	2.4493588585	2.4494211833	2.4493878666	2.4492586176	2.4490332051	2.4487114600	2.4482932104	2.4477781106	2.4471664604	2.4464583337	2.4456538628	2.4447532402	2.4437567190	2.4426646137	2.4414772990	2.4401941029	2.4388159682	2.4373439656	2.4357785551	2.4341205293	2.4323701830	2.4305285552	2.4285956786	2.4265729961	2.4244616977	2.4222625572	2.4199760769	2.4176037733	2.4151468129	2.4126064220	2.4099836079	2.4072797020	2.4044960736	2.4016343758	2.3986958207	2.3956816425	2.3925935948	2.3894339158	2.3862029050	2.3829029743	2.3795363478	2.3761031229	2.3726069002	2.3690485835	2.3654290651	2.3617524381	2.3580185881	2.3542301856	2.3503896222	2.3464959205	2.3425568281	2.3385686219	2.3345357242	2.3304609029	2.3263434102	2.3221887084	2.3179943554	2.3137677276	2.3095050455	2.3052136748	2.3008910143	2.2965421958	2.2921675964	2.2877686317	2.2833496482	2.2789092935	2.2744520196	2.2699754948	2.2654892659	2.2609870410	2.2564755163	2.2519504701	2.2474243934	2.2428873081	2.2383489455	2.2338042272	2.2292616663	2.2247137536	2.2201745853	2.2156336544	2.2110989291	2.2065655388	2.2020452879	2.1975279881	2.1930238143	2.1885274687	2.1840453969	2.1795731224	2.1751157060	1.8836037106	1.8836037106	1.8836037106	1.8836037106	1.8836037106	1.8836037106	1.8836037106	1.8836037106	1.8836037106	1.8836037106	1.8836037106	1.8836037106	1.8836037106	1.8836037106	1.8836037106	1.8836037106	1.8836037106	1.8836037106	1.8836037106	1.8836037106	1.8836037106	1.8836037106	1.8836037106	1.8836037106	1.8836037106	1.8836037106	1.8836037106	1.8836037106	1.8836037106	1.8836037106	1.8836037106	1.8836037106	1.8836037106	1.8836037106	1.8836037106
1.8836037106	1.8836037106	1.8836037106	1.8836037106	1.8836037106	1.8836037106	1.8836037106	1.8836037106	1.8836037106	1.8836037106	1.8836037106	1.8836037106	1.8836037106	1.8836037106	1.8836037106	1.8836037106	1.8836037106	1.8836037106	1.8836037106	1.8836037106	1.8836037106	1.8836037106	1.8836037106	1.8836037106	1.8836037106	1.8836037106	1.8836037106	1.8836037106	1.8836037106	1.8836037106	1.8836037106	1.8836037106	1.8836037106	1.8836037106	1.8836037106	1.8836037106	2.1754147132	2.1784736307	2.1815579786	2.1846733153	2.1878135255	2.1909787916	2.1941759461	2.1973924441	2.2006368196	2.2039067113	2.2071937450	2.2105128716	2.2138498772	2.2172075476	2.2205895722	2.2239872920	2.2274082796	2.2308472895	2.2343007702	2.2377756322	2.2412635267	2.2447670920	2.2482858182	2.2518129991	2.2553575889	2.2589108931	2.2624724159	2.2660449870	2.2696210595	2.2732065627	2.2767959161	2.2803859861	2.2839822258	2.2875758349	2.2911701163	2.2947627829	2.2983478200	2.3019330787	2.3055089242	2.3090758990	2.3126348622	2.3161793299	2.3197133085	2.3232318130	2.3267320871	2.3302162188	2.3336791722	2.3371203762	2.3405387705	2.3439305072	2.3472954162	2.3506329940	2.3539380703	2.3572108096	2.3604501240	2.3636513273	2.3668161986	2.3699407516	2.3730228189	2.3760613195	2.3790551553	2.3820006976	2.3848977013	2.3877438130	2.3905369771	2.3932751865	2.3959581090	2.3985827894	2.4011475623	2.4036510035	2.4060915024	2.4084673637	2.4107769358	2.4130185299	2.4151906863	2.4172920120	2.4193210594	2.4212762046	2.4231561475	2.4249591399	2.4266844332	2.4283307407	2.4298968149	2.4313806581	2.4327818312	2.4340992108	2.4353315567	2.4364781225	2.4375379051	2.4385098967	2.4393932975	2.4401872681	2.4408910195	2.4415032499	2.4420237383	2.4424520728	2.4427876819	2.4430300521	2.4431787272	2.4432333072	2.4431934485	2.4430588651	2.4428293295	2.4425046753	2.4420847974	2.4415696509	2.4409591199	2.4402526358	2.4394509776	2.4385543334	2.4375629514	2.4364770500	2.4352970617	2.4340234267	2.4326562959	2.4311964199	2.4296442087	2.4279998363	2.4262646777	2.4244394841	2.4225249693	2.4205213831	2.4184301923	2.4162522244	2.4139886408	2.4116404739	2.4092085431	2.4066942535	2.4040988103	2.4014236738	2.3986700151	2.3958389633	2.3929320237	2.3899516112	2.3868978662	2.3837728505	2.3805785994	2.3773160342	2.3739869011	2.3705939883	2.3671374459	2.3636192901	2.3600436098	2.3564085552	2.3527189682	2.3489753190	2.3451781876	2.3413340531	2.3374394583	2.3334994520	2.3295146361	2.3254877007	2.3214208183	2.3173128787	2.3131723977	2.3089938874	2.3047848404	2.3005425107	2.2962735877	2.2919763719	2.2876538389	2.2833092321	2.2789417833	2.2745558379	2.2701485864	2.2657306757	2.2612945971	2.2568478399	2.2523847648	2.2479209510	2.2434436980	2.2389630908	2.2344736457	2.2299868049	2.2254928664	2.2210041888	2.2165125009	2.2120266133	2.2075374958	2.2030647707	2.1985914202	2.1941288983	2.1896707698	2.1852297995	2.1807940053	2.1763752616	1.8836037106	1.8836037106	1.8836037106	1.8836037106	1.8836037106	1.8836037106	1.8836037106	1.8836037106	1.8836037106	1.8836037106	1.8836037106	1.8836037106	1.8836037106	1.8836037106	1.8836037106	1.8836037106	1.8836037106	1.8836037106	1.8836037106	1.8836037106	1.8836037106	1.8836037106	1.8836037106	1.8836037106	1.8836037106	1.8836037106	1.8836037106	1.8836037106	1.8836037106	1.8836037106	1.8836037106	1.8836037106	1.8836037106	1.8836037106	1.8836037106	1.8836037106
1.8836037106	1.8836037106	1.8836037106	1.8836037106	1.8836037106	1.8836037106	1.8836037106	1.8836037106	1.8836037106	1.8836037106	1.8836037106	1.8836037106	1.8836037106	1.8836037106	1.8836037106	1.8836037106	1.8836037106	1.8836037106	1.8836037106	1.8836037106	1.8836037106	1.8836037106	1.8836037106	1.8836037106	1.8836037106	1.8836037106	1.8836037106	1.8836037106	1.8836037106	1.8836037106	1.8836037106	1.8836037106	1.8836037106	1.8836037106	1.8836037106	1.8836037106	2.1732030246	2.1762313507	2.1792762043	2.1823500527	2.1854516876	2.1885767567	2.1917286936	2.1949078993	2.1981077119	2.2013337700	2.2045826615	2.2078494851	2.2111469881	2.2144599198	2.2177931743	2.2211504575	2.2245204044	2.2279144432	2.2313237725	2.2347462076	2.2381900281	2.2416438876	2.2451131115	2.2485957878	2.2520849701	2.2555912920	2.2591038157	2.2626234693	2.2661527773	2.2696838339	2.2732229999	2.2767643973	2.2803050343	2.2838500510	2.2873912610	2.2909311878	2.2944680449	2.2979961527	2.3015216576	2.3050374727	2.3085422574	2.3120370782	2.3155169187	2.3189830646	2.3224334254	2.3258639633	2.3292754282	2.3326660529	2.3360318453	2.3393738660	2.3426886916	2.3459726266	2.3492303776	2.3524536570	2.3556427665	2.3587967170	2.3619124765	2.3649882178	2.3680241267	2.3710162766	2.3739630500	2.3768637879	2.3797161248	2.3825173843	2.3852674458	2.3879636830	2.3906041579	2.3931870227	2.3957118697	2.3981759790	2.4005776540	2.4029155779	2.4051881065	2.4073938052	2.4095310035	2.4115982492	2.4135938843	2.4155167304	2.4173654055	2.4191386050	2.4208348066	2.4224529861	2.4239914353	2.4254493647	2.4268257441	2.4281194673	2.4293294699	2.4304545048	2.4314934237	2.4324457594	2.4333106383	2.4340871309	2.4347744634	2.4353720421	2.4358791946	2.4362953027	2.4366198048	2.4368521963	2.4369920284	2.4370389075	2.4369924958	2.4368525118	2.4366187316	2.4362909912	2.4358691869	2.4353532742	2.4347432662	2.4340392331	2.4332411501	2.4323492344	2.4313638191	2.4302852061	2.4291131684	2.4278485284	2.4264918817	2.4250437532	2.4235047204	2.4218750717	2.4201555045	2.4183469453	2.4164501242	2.4144660057	2.4123954702	2.4102392761	2.4079984975	2.4056742319	2.4032676864	2.4007799838	2.3982123771	2.3955657850	2.3928417399	2.3900423723	2.3871678784	2.3842201048	2.3812008697	2.3781115555	2.3749526767	2.3717283275	2.3684380769	2.3650832652	2.3616680170	2.3581917202	2.3546569609	2.3510661299	2.3474188684	2.3437201132	2.3399701992	2.3361697889	2.3323234051	2.3284291699	2.3244937070	2.3205154154	2.3164956937	2.3124414458	2.3083481773	2.3042224932	2.3000614014	2.2958737645	2.2916550611	2.2874103093	2.2831411328	2.2788480633	2.2745346589	2.2701983263	2.2658499017	2.2614814756	2.2571009023	2.2527015762	2.2483012621	2.2438853341	2.2394640787	2.2350316486	2.2306019356	2.2261635539	2.2217269803	2.2172862145	2.2128507079	2.2084120612	2.2039839015	2.1995560914	2.1951368949	2.1907202538	2.1863204106	2.1819255069	2.1775436709	2.1731644506	1.8836037106	1.8836037106	1.8836037106	1.8836037106	1.8836037106	1.8836037106	1.8836037106	1.8836037106	1.8836037106	1.8836037106	1.8836037106	1.8836037106	1.8836037106	1.8836037106	1.8836037106	1.8836037106	1.8836037106	1.8836037106	1.8836037106	1.8836037106	1.8836037106	1.8836037106	1.8836037106	1.8836037106	1.8836037106	1.8836037106	1.8836037106	1.8836037106	1.8836037106	1.8836037106	1.8836037106	1.8836037106	1.8836037106	1.8836037106	1.8836037106	1.8836037106
1.8836037106	1.8836037106	1.8836037106	1.8836037106	1.8836037106	1.8836037106	1.8836037106	1.8836037106	1.8836037106	1.8836037106	1.8836037106	1.8836037106	1.8836037106	1.8836037106	1.8836037106	1.8836037106	1.8836037106	1.8836037106	1.8836037106	1.8836037106	1.8836037106	1.8836037106	1.8836037106	1.8836037106	1.8836037106	1.8836037106	1.8836037106	1.8836037106	1.8836037106	1.8836037106	1.8836037106	1.8836037106	1.8836037106	1.8836037106	1.8836037106	1.8836037106	1.8836037106	2.1739770895	2.1769908866	2.1800208030	2.1830827095	2.1861692446	2.1892777818	2.1924147590	2.1955746819	2.1987562584	2.2019624984	2.2051889957	2.2084354195	2.2117083911	2.2149966514	2.2183045829	2.2216339066	2.2249755235	2.2283400982	2.2317180818	2.2351079184	2.2385188907	2.2419372370	2.2453703981	2.2488153660	2.2522650620	2.2557312165	2.2592014646	2.2626775988	2.2661619043	2.2696464618	2.2731374852	2.2766293697	2.2801190286	2.2836110425	2.2870984082	2.2905823076	2.2940617774	2.2975315482	2.3009955289	2.3044499440	2.3078910372	2.3113201703	2.3147340807	2.3181308280	2.3215117304	2.3248712387	2.3282085882	2.3315257269	2.3348151079	2.3380797548	2.3413161593	2.3445206739	2.3476947377	2.3508358764	2.3539401639	2.3570074207	2.3600369608	2.3630241412	2.3659696882	2.3688713047	2.3717261560	2.3745328406	2.3772909821	2.3799974624	2.3826502549	2.3852490423	2.3877913563	2.3902753608	2.3926992710	2.3950623793	2.3973626440	2.3995981700	2.4017675895	2.4038694604	2.4059024209	2.4078649442	2.4097555862	2.4115730034	2.4133156872	2.4149825436	2.4165723316	2.4180838645	2.4195159264	2.4208673216	2.4221371026	2.4233240016	2.4244270326	2.4254454816	2.4263784426	2.4272250577	2.4279845167	2.4286560583	2.4292389706	2.4297325927	2.4301362837	2.4304493699	2.4306715666	2.4308024330	2.4308415824	2.4307886829	2.4306434577	2.4304056869	2.4300752060	2.4296516618	2.4291352075	2.4285258558	2.4278236749	2.4270287893	2.4261413792	2.4251616822	2.4240899936	2.4229266659	2.4216716855	2.4203258328	2.4188896622	2.4173635837	2.4157483873	2.4140447141	2.4122533055	2.4103747653	2.4084100149	2.4063599836	2.4042256082	2.4020080755	2.3997082477	2.3973271927	2.3948658569	2.3923259593	2.3897088802	2.3870151058	2.3842463793	2.3814042845	2.3784903061	2.3755047063	2.3724513055	2.3693300444	2.3661420551	2.3628900824	2.3595761926	2.3561999426	2.3527653469	2.3492731420	2.3457228666	2.3421226076	2.3384673850	2.3347618732	2.3310093474	2.3272073384	2.3233634637	2.3194745019	2.3155444213	2.3115761579	2.3075691094	2.3035277382	2.2994487048	2.2953436565	2.2912048742	2.2870388070	2.2828460358	2.2786287412	2.2743890155	2.2701251732	2.2658473325	2.2615479959	2.2572349566	2.2529019428	2.2485654528	2.2442122825	2.2398519174	2.2354793598	2.2311069569	2.2267255245	2.2223427580	2.2179549565	2.2135709195	2.2091840636	2.2048023047	2.2004215867	2.1960473473	2.1916770954	2.1873169561	2.1829640465	2.1786205201	2.1742830839	1.8836037106	1.8836037106	1.8836037106	1.8836037106	1.8836037106	1.8836037106	1.8836037106	1.8836037106	1.8836037106	1.8836037106	1.8836037106	1.8836037106	1.8836037106	1.8836037106	1.8836037106	1.8836037106	1.8836037106	1.8836037106	1.8836037106	1.8836037106	1.8836037106	1.8836037106	1.8836037106	1.8836037106	1.8836037106	1.8836037106	1.8836037106	1.8836037106	1.8836037106	1.8836037106	1.8836037106	1.8836037106	1.8836037106	1.8836037106	1.8836037106	1.8836037106	1.8836037106
1.8836037106	1.8836037106	1.8836037106	1.8836037106	1.8836037106	1.8836037106	1.8836037106	1.8836037106	1.8836037106	1.8836037106	1.8836037106	1.8836037106	1.8836037106	1.8836037106	1.8836037106	1.8836037106	1.8836037106	1.8836037106	1.8836037106	1.8836037106	1.8836037106	1.8836037106	1.8836037106	1.8836037106	1.8836037106	1.8836037106	1.8836037106	1.8836037106	1.8836037106	1.8836037106	1.8836037106	1.8836037106	1.8836037106	1.8836037106	1.8836037106	1.8836037106	1.8836037106	1.8836037106	2.1746949443	2.1776924077	2.1807084003	2.1837550605	2.1868249319	2.1899155548	2.1930359491	2.1961752666	2.1993370643	2.2025219742	2.2057247171	2.2089489968	2.2121960399	2.2154580900	2.2187391603	2.2220389972	2.2253514482	2.2286844859	2.2320296027	2.2353858718	2.2387614102	2.2421427941	2.2455381995	2.2489438316	2.2523525873	2.2557767075	2.2592032225	2.2626342254	2.2660718288	2.2695084472	2.2729495661	2.2763904275	2.2798276119	2.2832648931	2.2866970218	2.2901232754	2.2935438367	2.2969539216	2.3003546681	2.3037463764	2.3071223424	2.3104843102	2.3138310573	2.3171569122	2.3204671507	2.3237546101	2.3270177968	2.3302588121	2.3334722519	2.3366574598	2.3398137480	2.3429379822	2.3460271188	2.3490852873	2.3521047462	2.3550853914	2.3580261954	2.3609252630	2.3637791622	2.3665894524	2.3693522016	2.3720654175	2.3747276496	2.3773387521	2.3798954250	2.3823957494	2.3848395839	2.3872243554	2.3895485541	2.3918103447	2.3940085163	2.3961421450	2.3982089251	2.4002074554	2.4021365066	2.4039946354	2.4057806367	2.4074930958	2.4091307042	2.4106922443	2.4121764814	2.4135821992	2.4149084260	2.4161540793	2.4173181390	2.4183996335	2.4193975832	2.4203110577	2.4211393100	2.4218815448	2.4225370142	2.4231048820	2.4235845868	2.4239756171	2.4242774317	2.4244895438	2.4246115201	2.4246429809	2.4245835998	2.4244331047	2.4241912794	2.4238579650	2.4234330605	2.4229165221	2.4223081878	2.4216081986	2.4208167395	2.4199339870	2.4189601557	2.4178954222	2.4167402494	2.4154950369	2.4141602110	2.4127362990	2.4112237900	2.4096232226	2.4079353768	2.4061609594	2.4043007426	2.4023557470	2.4003266465	2.3982144671	2.3960199752	2.3937441482	2.3913891133	2.3889550566	2.3864429298	2.3838545368	2.3811911910	2.3784541224	2.3756437393	2.3727634924	2.3698135213	2.3667948273	2.3637092105	2.3605604596	2.3573465386	2.3540717359	2.3507371292	2.3473424149	2.3438925505	2.3403879636	2.3368288412	2.3332192398	2.3295591768	2.3258514130	2.3220984877	2.3182992162	2.3144596385	2.3105779528	2.3066580103	2.3027018121	2.2987062866	2.2946843474	2.2906264694	2.2865402241	2.2824247538	2.2782845492	2.2741195638	2.2699297073	2.2657234769	2.2614945959	2.2572503723	2.2529847833	2.2487137622	2.2444247206	2.2401267242	2.2358158216	2.2315018727	2.2271787284	2.2228514208	2.2185195809	2.2141870510	2.2098532603	2.2055196953	2.2011888791	2.1968598877	2.1925373274	2.1882193043	2.1839095662	2.1796054004	2.1753118689	1.8836037106	1.8836037106	1.8836037106	1.8836037106	1.8836037106	1.8836037106	1.8836037106	1.8836037106	1.8836037106	1.8836037106	1.8836037106	1.8836037106	1.8836037106	1.8836037106	1.8836037106	1.8836037106	1.8836037106	1.8836037106	1.8836037106	1.8836037106	1.8836037106	1.8836037106	1.8836037106	1.8836037106	1.8836037106	1.8836037106	1.8836037106	1.8836037106	1.8836037106	1.8836037106	1.8836037106	1.8836037106	1.8836037106	1.8836037106	1.8836037106	1.8836037106	1.8836037106	1.8836037106
1.8836037106	1.8836037106	1.8836037106	1.8836037106	1.8836037106	1.8836037106	1.8836037106	1.8836037106	1.8836037106	1.8836037106	1.8836037106	1.8836037106	1.8836037106	1.8836037106	1.8836037106	1.8836037106	1.8836037106	1.8836037106	1.8836037106	1.8836037106	1.8836037106	1.8836037106	1.8836037106	1.8836037106	1.8836037106	1.8836037106	1.8836037106	1.8836037106	1.8836037106	1.8836037106	1.8836037106	1.8836037106	1.8836037106	1.8836037106	1.8836037106	1.8836037106	1.8836037106	1.8836037106	1.8836037106	2.1753546631	2.1783350799	2.1813368584	2.1843666310	2.1874180875	2.1904894096	2.1935912741	2.1967086770	2.1998491625	2.2030112413	2.2061888846	2.2093892871	2.2126090220	2.2158433403	2.2190959152	2.2223648730	2.2256464457	2.2289464492	2.2322572160	2.2355784610	2.2389168534	2.2422600971	2.2456158442	2.2489805458	2.2523469435	2.2557271980	2.2591085618	2.2624928624	2.2658821062	2.2692693905	2.2726588889	2.2760472656	2.2794305294	2.2828114001	2.2861869539	2.2895539997	2.2929141896	2.2962633002	2.2995991658	2.3029269257	2.3062363959	2.3095301190	2.3128082113	2.3160637972	2.3193007411	2.3225149266	2.3257033205	2.3288660538	2.3320025926	2.3351072511	2.3381828551	2.3412256132	2.3442321880	2.3472031584	2.3501376765	2.3530306853	2.3558827375	2.3586921479	2.3614562709	2.3641725529	2.3668428594	2.3694625429	2.3720300426	2.3745439934	2.3770040196	2.3794073501	2.3817519493	2.3840372651	2.3862613214	2.3884228609	2.3905198240	2.3925508265	2.3945150431	2.3964109747	2.3982368196	2.3999912826	2.4016731973	2.4032813107	2.4048143955	2.4062713789	2.4076509910	2.4089521455	2.4101737946	2.4113149312	2.4123745129	2.4133516534	2.4142455358	2.4150553332	2.4157802571	2.4164195751	2.4169726085	2.4174387208	2.4178173272	2.4181078963	2.4183099501	2.4184230631	2.4184468620	2.4183810262	2.4182252884	2.4179794357	2.4176433120	2.4172168175	2.4166999087	2.4160925964	2.4153949452	2.4146070584	2.4137291225	2.4127613648	2.4117040612	2.4105574178	2.4093219532	2.4079981107	2.4065863845	2.4050873188	2.4035016250	2.4018299237	2.4000728958	2.3982313317	2.3963059052	2.3942974490	2.3922075030	2.3900368358	2.3877859917	2.3854561281	2.3830486280	2.3805651248	2.3780060321	2.3753721414	2.3726669091	2.3698900310	2.3670426140	2.3641259509	2.3611446021	2.3580961383	2.3549838355	2.3518095744	2.3485737945	2.3452778191	2.3419273081	2.3385185427	2.3350556214	2.3315422970	2.3279749218	2.3243619636	2.3207004078	2.3169912938	2.3132429845	2.3094488572	2.3056169776	2.3017460805	2.2978369235	2.2938970084	2.2899209501	2.2859155796	2.2818782247	2.2778163436	2.2737272409	2.2696126293	2.2654789628	2.2613218313	2.2571476352	2.2529505164	2.2487465422	2.2445229362	2.2402887252	2.2360406058	2.2317868674	2.2275232193	2.2232529686	2.2189782801	2.2146996220	2.2104195034	2.2061358806	2.2018567291	2.1975753137	2.1933006220	2.1890264475	2.1847621743	2.1804990925	2.1762491996	1.8836037106	1.8836037106	1.8836037106	1.8836037106	1.8836037106	1.8836037106	1.8836037106	1.8836037106	1.8836037106	1.8836037106	1.8836037106	1.8836037106	1.8836037106	1.8836037106	1.8836037106	1.8836037106	1.8836037106	1.8836037106	1.8836037106	1.8836037106	1.8836037106	1.8836037106	1.8836037106	1.8836037106	1.8836037106	1.8836037106	1.8836037106	1.8836037106	1.8836037106	1.8836037106	1.8836037106	1.8836037106	1.8836037106	1.8836037106	1.8836037106	1.8836037106	1.8836037106	1.8836037106	1.8836037106
1.8836037106	1.8836037106	1.8836037106	1.8836037106	1.8836037106	1.8836037106	1.8836037106	1.8836037106	1.8836037106	1.8836037106	1.8836037106	1.8836037106	1.8836037106	1.8836037106	1.8836037106	1.8836037106	1.8836037106	1.8836037106	1.8836037106	1.8836037106	1.8836037106	1.8836037106	1.8836037106	1.8836037106	1.8836037106	1.8836037106	1.8836037106	1.8836037106	1.8836037106	1.8836037106	1.8836037106	1.8836037106	1.8836037106	1.8836037106	1.8836037106	1.8836037106	1.8836037106	1.8836037106	1.8836037106	2.1730071384	2.1759555448	2.1789180012	2.1819041216	2.1849156377	2.1879475144	2.1910001466	2.1940797963	2.1971739885	2.2002916395	2.2034293991	2.2065806140	2.2097554198	2.2129464861	2.2161515700	2.2193740349	2.2226107451	2.2258597490	2.2291252469	2.2324002078	2.2356847058	2.2389845651	2.2422881186	2.2456027426	2.2489249544	2.2522476144	2.2555822093	2.2589170456	2.2622531153	2.2655923864	2.2689289887	2.2722651984	2.2755996793	2.2789276292	2.2822504656	2.2855681630	2.2888744973	2.2921729137	2.2954598243	2.2987298638	2.3019918642	2.3052346801	2.3084593266	2.3116660258	2.3148508456	2.3180126186	2.3211524735	2.3242650467	2.3273491972	2.3304070851	2.3334325627	2.3364253362	2.3393847654	2.3423082372	2.3451923990	2.3480398649	2.3508461776	2.3536085980	2.3563271175	2.3590005333	2.3616256000	2.3642002995	2.3667262803	2.3691990933	2.3716171968	2.3739794466	2.3762847754	2.3785316579	2.3807175962	2.3828414063	2.3849024292	2.3868985377	2.3888284902	2.3906906042	2.3924835789	2.3942065381	2.3958582964	2.3974371325	2.3989418738	2.4003713818	2.4017246565	2.4030005621	2.4041980291	2.4053161829	2.4063539831	2.4073104992	2.4081848747	2.4089762980	2.4096840025	2.4103072676	2.4108454198	2.4112978345	2.4116639380	2.4119431852	2.4121351297	2.4122393655	2.4122555261	2.4121832967	2.4120224146	2.4117726709	2.4114338709	2.4110059440	2.4104888489	2.4098825958	2.4091872478	2.4084029209	2.4075297838	2.4065680586	2.4055180218	2.4043800097	2.4031545501	2.4018419379	2.4004426909	2.3989574324	2.3973866290	2.3957309101	2.3939909535	2.3921681703	2.3902629960	2.3882759848	2.3862079681	2.3840604825	2.3818342286	2.3795307853	2.3771502242	2.3746939956	2.3721647387	2.3695622615	2.3668876121	2.3641420110	2.3613298453	2.3584488116	2.3555015774	2.3524903138	2.3494159820	2.3462780936	2.3430838512	2.3398297764	2.3365183406	2.3331528896	2.3297332962	2.3262618592	2.3227418782	2.3191719022	2.3155558521	2.3118962242	2.3081919069	2.3044478354	2.3006620341	2.2968402344	2.2929829528	2.2890895440	2.2851660161	2.2812075101	2.2772252982	2.2732130506	2.2691747595	2.2651145362	2.2610303739	2.2569273459	2.2527996743	2.2486642562	2.2445073275	2.2403382549	2.2361539860	2.2319621578	2.2277591535	2.2235475024	2.2193311019	2.2151081785	2.2108827404	2.2066507613	2.2024244541	2.1981932030	2.1939667371	2.1897380974	2.1855206044	2.1813027962	2.1770949703	2.1728842567	1.8836037106	1.8836037106	1.8836037106	1.8836037106	1.8836037106	1.8836037106	1.8836037106	1.8836037106	1.8836037106	1.8836037106	1.8836037106	1.8836037106	1.8836037106	1.8836037106	1.8836037106	1.8836037106	1.8836037106	1.8836037106	1.8836037106	1.8836037106	1.8836037106	1.8836037106	1.8836037106	1.8836037106	1.8836037106	1.8836037106	1.8836037106	1.8836037106	1.8836037106	1.8836037106	1.8836037106	1.8836037106	1.8836037106	1.8836037106	1.8836037106	1.8836037106	1.8836037106	1.8836037106	1.8836037106
1.8836037106	1.8836037106	1.8836037106	1.8836037106	1.8836037106	1.8836037106	1.8836037106	1.8836037106	1.8836037106	1.8836037106	1.8836037106	1.8836037106	1.8836037106	1.8836037106	1.8836037106	1.8836037106	1.8836037106	1.8836037106	1.8836037106	1.8836037106	1.8836037106	1.8836037106	1.8836037106	1.8836037106	1.8836037106	1.8836037106	1.8836037106	1.8836037106	1.8836037106	1.8836037106	1.8836037106	1.8836037106	1.8836037106	1.8836037106	1.8836037106	1.8836037106	1.8836037106	1.8836037106	1.8836037106	1.8836037106	2.1735656167	2.1764967327	2.1794402323	2.1824092362	2.1854011457	2.1884121115	2.1914444704	2.1945006296	2.1975713976	2.2006636798	2.2037756038	2.2068990802	2.2100465854	2.2132076438	2.2163820119	2.2195727738	2.2227758931	2.2259906622	2.2292202106	2.2324579395	2.2357039966	2.2389639687	2.2422262372	2.2454983883	2.2487765886	2.2520541710	2.2553413522	2.2586283282	2.2619146833	2.2652024146	2.2684870359	2.2717683389	2.2750475654	2.2783188620	2.2815820967	2.2848407145	2.2880850927	2.2913208143	2.2945437741	2.2977491139	2.3009415790	2.3041168290	2.3072710314	2.3104051022	2.3135181713	2.3166042918	2.3196685416	2.3227047443	2.3257108814	2.3286868111	2.3316324838	2.3345421348	2.3374178485	2.3402566217	2.3430559066	2.3458131586	2.3485320856	2.3512059665	2.3538335526	2.3564144051	2.3589475919	2.3614298708	2.3638593024	2.3662371147	2.3685596552	2.3708252854	2.3730326488	2.3751800970	2.3772678791	2.3792926853	2.3812531668	2.3831484100	2.3849773572	2.3867382415	2.3884299514	2.3900509199	2.3915999918	2.3930759783	2.3944783318	2.3958055529	2.3970564026	2.3982298721	2.3993249920	2.4003408349	2.4012765718	2.4021313436	2.4029043094	2.4035947169	2.4042018593	2.4047251138	2.4051638474	2.4055174688	2.4057854664	2.4059673797	2.4060627985	2.4060713630	2.4059927640	2.4058267435	2.4055730961	2.4052316705	2.4048023700	2.4042851694	2.4036801196	2.4029872339	2.4022066255	2.4013384592	2.4003829922	2.3993405255	2.3982113207	2.3969957528	2.3956942465	2.3943072759	2.3928356860	2.3912802454	2.3896410978	2.3879189491	2.3861144654	2.3842290003	2.3822628885	2.3802179510	2.3780940263	2.3758920343	2.3736143326	2.3712613608	2.3688340353	2.3663331534	2.3637602342	2.3611185521	2.3584064442	2.3556263726	2.3527802909	2.3498694642	2.3468932353	2.3438571483	2.3407604604	2.3376034573	2.3343893262	2.3311205433	2.3277946066	2.3244198286	2.3209926980	2.3175144848	2.3139920944	2.3104212449	2.3068072930	2.3031515678	2.2994512854	2.2957177400	2.2919436155	2.2881336914	2.2842927966	2.2804156901	2.2765126740	2.2725778486	2.2686170361	2.2646310600	2.2606210110	2.2565902189	2.2525336284	2.2484674786	2.2443784020	2.2402757555	2.2361563424	2.2320278872	2.2278867904	2.2237352242	2.2195781937	2.2154124427	2.2112430639	2.2070643314	2.2028920013	2.1987122980	2.1945355247	2.1903540554	2.1861846137	2.1820133497	2.1778489877	2.1736823100	1.8836037106	1.8836037106	1.8836037106	1.8836037106	1.8836037106	1.8836037106	1.8836037106	1.8836037106	1.8836037106	1.8836037106	1.8836037106	1.8836037106	1.8836037106	1.8836037106	1.8836037106	1.8836037106	1.8836037106	1.8836037106	1.8836037106	1.8836037106	1.8836037106	1.8836037106	1.8836037106	1.8836037106	1.8836037106	1.8836037106	1.8836037106	1.8836037106	1.8836037106	1.8836037106	1.8836037106	1.8836037106	1.8836037106	1.8836037106	1.8836037106	1.8836037106	1.8836037106	1.8836037106	1.8836037106	1.8836037106
1.8836037106	1.8836037106	1.8836037106	1.8836037106	1.8836037106	1.8836037106	1.8836037106	1.8836037106	1.8836037106	1.8836037106	1.8836037106	1.8836037106	1.8836037106	1.8836037106	1.8836037106	1.8836037106	1.8836037106	1.8836037106	1.8836037106	1.8836037106	1.8836037106	1.8836037106	1.8836037106	1.8836037106	1.8836037106	1.8836037106	1.8836037106	1.8836037106	1.8836037106	1.8836037106	1.8836037106	1.8836037106	1.8836037106	1.8836037106	1.8836037106	1.8836037106	1.8836037106	1.8836037106	1.8836037106	1.8836037106	1.8836037106	2.1740663256	2.1769773561	2.1799008810	2.1828513127	2.1858222796	2.1888110185	2.1918215318	2.1948529405	2.1978989741	2.2009651156	2.2040490705	2.2071435184	2.2102620370	2.2133917710	2.2165339649	2.2196914544	2.2228596670	2.2260385614	2.2292307465	2.2324298483	2.2356358022	2.2388545682	2.2420742576	2.2453023593	2.2485350652	2.2517662721	2.2550043278	2.2582421558	2.2614773589	2.2647120320	2.2679434237	2.2711682539	2.2743909215	2.2776042818	2.2808071056	2.2840047809	2.2871875982	2.2903583302	2.2935154946	2.2966550619	2.2997765708	2.3028832468	2.3059660631	2.3090274152	2.3120665682	2.3150787623	2.3180640156	2.3210227314	2.3239500852	2.3268448909	2.3297081784	2.3325361915	2.3353259814	2.3380792883	2.3407927966	2.3434636622	2.3460902384	2.3486755889	2.3512131667	2.3537018910	2.3561414610	2.3585305626	2.3608667113	2.3631477344	2.3653737935	2.3675431469	2.3696535608	2.3717033330	2.3736915022	2.3756166644	2.3774783301	2.3792738938	2.3810021048	2.3826618686	2.3842526648	2.3857724922	2.3872205783	2.3885955541	2.3898962559	2.3911216854	2.3922708194	2.3933427075	2.3943369333	2.3952521422	2.3960874627	2.3968421133	2.3975153562	2.3981064977	2.3986148896	2.3990399310	2.3993810700	2.3996378050	2.3998096841	2.3998963050	2.3998973143	2.3998124085	2.3996413344	2.3993838903	2.3990399273	2.3986093501	2.3980921159	2.3974882335	2.3967977626	2.3960208136	2.3951575474	2.3942081763	2.3931731040	2.3920529757	2.3908477356	2.3895578055	2.3881836767	2.3867258291	2.3851851131	2.3835620638	2.3818574735	2.3800723961	2.3782069178	2.3762618207	2.3742387483	2.3721388711	2.3699624805	2.3677103153	2.3653836807	2.3629845712	2.3605141929	2.3579720308	2.3553607415	2.3526815574	2.3499358291	2.3471230381	2.3442478537	2.3413107099	2.3383107818	2.3352513413	2.3321356502	2.3289611105	2.3257329255	2.3224517988	2.3191173383	2.3157330966	2.3123019511	2.3088216890	2.3052979857	2.3017299942	2.2981182625	2.2944711085	2.2907819350	2.2870570441	2.2832973016	2.2795030611	2.2756794217	2.2718227695	2.2679405127	2.2640295121	2.2600946439	2.2561370853	2.2521533634	2.2481568934	2.2441367755	2.2401017761	2.2360481606	2.2319844776	2.2279064917	2.2238164362	2.2197198015	2.2156126059	2.2115005545	2.2073766781	2.2032594089	2.1991325899	2.1950069289	2.1908763864	2.1867540506	2.1826305653	2.1785110645	2.1743917144	1.8836037106	1.8836037106	1.8836037106	1.8836037106	1.8836037106	1.8836037106	1.8836037106	1.8836037106	1.8836037106	1.8836037106	1.8836037106	1.8836037106	1.8836037106	1.8836037106	1.8836037106	1.8836037106	1.8836037106	1.8836037106	1.8836037106	1.8836037106	1.8836037106	1.8836037106	1.8836037106	1.8836037106	1.8836037106	1.8836037106	1.8836037106	1.8836037106	1.8836037106	1.8836037106	1.8836037106	1.8836037106	1.8836037106	1.8836037106	1.8836037106	1.8836037106	1.8836037106	1.8836037106	1.8836037106	1.8836037106	1.8836037106
1.8836037106	1.8836037106	1.8836037106	1.8836037106	1.8836037106	1.8836037106	1.8836037106	1.8836037106	1.8836037106	1.8836037106	1.8836037106	1.8836037106	1.8836037106	1.8836037106	1.8836037106	1.8836037106	1.8836037106	1.8836037106	1.8836037106	1.8836037106	1.8836037106	1.8836037106	1.8836037106	1.8836037106	1.8836037106	1.8836037106	1.8836037106	1.8836037106	1.8836037106	1.8836037106	1.8836037106	1.8836037106	1.8836037106	1.8836037106	1.8836037106	1.8836037106	1.8836037106	1.8836037106	1.8836037106	1.8836037106	1.8836037106	1.8836037106	2.1745064879	2.1773966253	2.1802992968	2.1832295203	2.1861782138	2.1891434246	2.1921305339	2.1951359496	2.1981557809	2.2011943526	2.2042490741	2.2073132258	2.2104010913	2.2134982093	2.2166067956	2.2197294689	2.2228614880	2.2260028962	2.2291563355	2.2323154487	2.2354796705	2.2386559485	2.2418319319	2.2450143180	2.2482000883	2.2513836650	2.2545709274	2.2577583666	2.2609410290	2.2641211752	2.2672981409	2.2704649864	2.2736300844	2.2767845827	2.2799270048	2.2830606410	2.2861808208	2.2892852702	2.2923754550	2.2954482490	2.2984988669	2.3015346175	2.3045466609	2.3075340418	2.3104969472	2.3134344222	2.3163410249	2.3192207907	2.3220689179	2.3248828715	2.3276612809	2.3304068959	2.3331129652	2.3357789324	2.3384050150	2.3409889705	2.3435275233	2.3460191913	2.3484670985	2.3508648699	2.3532110789	2.3555061327	2.3577476833	2.3599347625	2.3620645970	2.3641358307	2.3661497099	2.3681023541	2.3699927643	2.3718193534	2.3735811833	2.3752767323	2.3769060273	2.3784664686	2.3799569177	2.3813762680	2.3827236090	2.3839983151	2.3851987577	2.3863240368	2.3873734148	2.3883457117	2.3892400778	2.3900557132	2.3907918566	2.3914477691	2.3920227706	2.3925162256	2.3929275450	2.3932561879	2.3935017015	2.3936636527	2.3937415521	2.3937350529	2.3936438572	2.3934677162	2.3932065532	2.3928601672	2.3924284437	2.3919113402	2.3913088648	2.3906210755	2.3898480797	2.3889900573	2.3880471977	2.3870197566	2.3859081052	2.3847128582	2.3834341306	2.3820725919	2.3806291530	2.3791037809	2.3774970661	2.3758096440	2.3740431961	2.3721981546	2.3702750021	2.3682744306	2.3661974708	2.3640448818	2.3618200639	2.3595213240	2.3571496496	2.3547082867	2.3521972465	2.3496177480	2.3469697149	2.3442577223	2.3414818304	2.3386411760	2.3357394142	2.3327786230	2.3297578434	2.3266795296	2.3235472874	2.3203595796	2.3171177542	2.3138289194	2.3104876326	2.3070995825	2.3036660257	2.3001850493	2.2966643166	2.2931020806	2.2894986389	2.2858591732	2.2821810262	2.2784705077	2.2747268691	2.2709490610	2.2671463558	2.2633109832	2.2594527875	2.2555689010	2.2516592941	2.2477332934	2.2437831711	2.2398169716	2.2358300309	2.2318324543	2.2278187207	2.2237915409	2.2197562703	2.2157089560	2.2116554370	2.2075884708	2.2035268069	2.1994541590	2.1953809823	2.1913027598	2.1872290440	2.1831543566	2.1790810930	2.1750098719	1.8836037106	1.8836037106	1.8836037106	1.8836037106	1.8836037106	1.8836037106	1.8836037106	1.8836037106	1.8836037106	1.8836037106	1.8836037106	1.8836037106	1.8836037106	1.8836037106	1.8836037106	1.8836037106	1.8836037106	1.8836037106	1.8836037106	1.8836037106	1.8836037106	1.8836037106	1.8836037106	1.8836037106	1.8836037106	1.8836037106	1.8836037106	1.8836037106	1.8836037106	1.8836037106	1.8836037106	1.8836037106	1.8836037106	1.8836037106	1.8836037106	1.8836037106	1.8836037106	1.8836037106	1.8836037106	1.8836037106	1.8836037106	1.8836037106
1.8836037106	1.8836037106	1.8836037106	1.8836037106	1.8836037106	1.8836037106	1.8836037106	1.8836037106	1.8836037106	1.8836037106	1.8836037106	1.8836037106	1.8836037106	1.8836037106	1.8836037106	1.8836037106	1.8836037106	1.8836037106	1.8836037106	1.8836037106	1.8836037106	1.8836037106	1.8836037106	1.8836037106	1.8836037106	1.8836037106	1.8836037106	1.8836037106	1.8836037106	1.8836037106	1.8836037106	1.8836037106	1.8836037106	1.8836037106	1.8836037106	1.8836037106	1.8836037106	1.8836037106	1.8836037106	1.8836037106	1.8836037106	1.8836037106	1.8836037106	2.1748854668	2.1777538283	2.1806358610	2.1835430679	2.1864681694	2.1894085706	2.1923707343	2.1953489343	2.1983411127	2.2013507048	2.2043749511	2.2074075624	2.2104631303	2.2135263670	2.2165999390	2.2196862800	2.2227808497	2.2258831908	2.2289965353	2.2321143333	2.2352352296	2.2383677763	2.2414988187	2.2446340125	2.2477714486	2.2509061857	2.2540410331	2.2571768913	2.2603056742	2.2634298770	2.2665512743	2.2696609691	2.2727654865	2.2758596681	2.2789404467	2.2820086786	2.2850652079	2.2881023089	2.2911251331	2.2941293673	2.2971110377	2.3000717363	2.3030121781	2.3059248852	2.3088119885	2.3116723765	2.3145023759	2.3172998156	2.3200680560	2.3228010967	2.3254973312	2.3281558540	2.3307782592	2.3333584102	2.3358961855	2.3383912873	2.3408417458	2.3432444464	2.3455977729	2.3479042959	2.3501591351	2.3523602359	2.3545072643	2.3565984779	2.3586337044	2.3606100043	2.3625258151	2.3643801531	2.3661735153	2.3679025773	2.3695665068	2.3711637190	2.3726934326	2.3741542372	2.3755453495	2.3768661577	2.3781147417	2.3792901144	2.3803913247	2.3814174594	2.3823676454	2.3832415160	2.3840378116	2.3847557374	2.3853945837	2.3859536838	2.3864325192	2.3868304298	2.3871468373	2.3873812594	2.3875332612	2.3876024554	2.3875885018	2.3874911079	2.3873100299	2.3870450730	2.3866960935	2.3862629985	2.3857458603	2.3851446492	2.3844593709	2.3836901302	2.3828370808	2.3819007409	2.3808813254	2.3797789054	2.3785938315	2.3773265013	2.3759773589	2.3745474277	2.3730375744	2.3714475903	2.3697785813	2.3680307455	2.3662051923	2.3643023432	2.3623253113	2.3602728308	2.3581455766	2.3559453920	2.3536736724	2.3513315491	2.3489189488	2.3464365356	2.3438895646	2.3412761836	2.3385965552	2.3358540655	2.3330504998	2.3301854168	2.3272598349	2.3242790276	2.3212409756	2.3181465885	2.3150007842	2.3118029460	2.3085535858	2.3052569482	2.3019126347	2.2985201213	2.2950896193	2.2916127083	2.2880954082	2.2845417673	2.2809458514	2.2773196716	2.2736566707	2.2699594040	2.2662358420	2.2624787525	2.2586968317	2.2548866967	2.2510523909	2.2471975786	2.2433184180	2.2394221014	2.2355026470	2.2315725578	2.2276240412	2.2236610397	2.2196880427	2.2157018776	2.2117080399	2.2076995801	2.2036944168	2.1996771756	2.1956578043	2.1916329388	2.1876096063	2.1835847323	2.1795590855	2.1755367960	1.8836037106	1.8836037106	1.8836037106	1.8836037106	1.8836037106	1.8836037106	1.8836037106	1.8836037106	1.8836037106	1.8836037106	1.8836037106	1.8836037106	1.8836037106	1.8836037106	1.8836037106	1.8836037106	1.8836037106	1.8836037106	1.8836037106	1.8836037106	1.8836037106	1.8836037106	1.8836037106	1.8836037106	1.8836037106	1.8836037106	1.8836037106	1.8836037106	1.8836037106	1.8836037106	1.8836037106	1.8836037106	1.8836037106	1.8836037106	1.8836037106	1.8836037106	1.8836037106	1.8836037106	1.8836037106	1.8836037106	1.8836037106	1.8836037106	1.8836037106
1.8836037106	1.8836037106	1.8836037106	1.8836037106	1.8836037106	1.8836037106	1.8836037106	1.8836037106	1.8836037106	1.8836037106	1.8836037106	1.8836037106	1.8836037106	1.8836037106	1.8836037106	1.8836037106	1.8836037106	1.8836037106	1.8836037106	1.8836037106	1.8836037106	1.8836037106	1.8836037106	1.8836037106	1.8836037106	1.8836037106	1.8836037106	1.8836037106	1.8836037106	1.8836037106	1.8836037106	1.8836037106	1.8836037106	1.8836037106	1.8836037106	1.8836037106	1.8836037106	1.8836037106	1.8836037106	1.8836037106	1.8836037106	1.8836037106	1.8836037106	1.8836037106	2.1752026443	2.1780482473	2.1809082185	2.1837914181	2.1866914215	2.1896057535	2.1925414472	2.1954912289	2.1984543233	2.2014335471	2.2044261005	2.2074259526	2.2104476022	2.2134757205	2.2165129000	2.2195614221	2.2226173190	2.2256790445	2.2287509803	2.2318261734	2.2349032911	2.2379898005	2.2410747085	2.2441612761	2.2472490244	2.2503337590	2.2534146179	2.2564977529	2.2595716713	2.2626399293	2.2657030080	2.2687548015	2.2717970441	2.2748298000	2.2778478541	2.2808499498	2.2838413116	2.2868125817	2.2897653658	2.2926991412	2.2956110320	2.2984969306	2.3013635962	2.3042027739	2.3070128424	2.3097938415	2.3125466441	2.3152648772	2.3179495860	2.3206008137	2.3232145156	2.3257888842	2.3283232165	2.3308184285	2.3332690193	2.3356745696	2.3380352827	2.3403486529	2.3426123255	2.3448244831	2.3469858265	2.3490950026	2.3511484205	2.3531447756	2.3550842683	2.3569642598	2.3587851114	2.3605437599	2.3622390013	2.3638696573	2.3654362355	2.3669362420	2.3683683482	2.3697315527	2.3710246036	2.3722467318	2.3733968487	2.3744738909	2.3754772925	2.3764064024	2.3772598018	2.3780367142	2.3787364030	2.3793581725	2.3799013692	2.3803653821	2.3807496455	2.3810536396	2.3812768918	2.3814189760	2.3814795123	2.3814581671	2.3813546537	2.3811687328	2.3809002133	2.3805489539	2.3801148633	2.3795978995	2.3789980691	2.3783154266	2.3775500743	2.3767021618	2.3757718868	2.3747598323	2.3736666334	2.3724920307	2.3712364815	2.3699006798	2.3684847996	2.3669895686	2.3654155344	2.3637636479	2.3620357808	2.3602309929	2.3583500166	2.3563941036	2.3543652017	2.3522633680	2.3500897011	2.3478441980	2.3455286247	2.3431472221	2.3406971617	2.3381798646	2.3355978004	2.3329533470	2.3302454656	2.3274750474	2.3246478736	2.3217614313	2.3188167423	2.3158171322	2.3127652002	2.3096577747	2.3065017530	2.3032964482	2.3000400491	2.2967406707	2.2933962693	2.2900068546	2.2865771157	2.2831066231	2.2795970705	2.2760529189	2.2724709104	2.2688561952	2.2652103549	2.2615324129	2.2578274265	2.2540916252	2.2503337297	2.2465507538	2.2427434496	2.2389180285	2.2350672595	2.2312056128	2.2273231169	2.2234255323	2.2195156587	2.2155918505	2.2116587860	2.2077097630	2.2037625516	2.1998019003	2.1958376033	2.1918670799	2.1878955916	2.1839221601	2.1799451218	2.1759726099	1.8836037106	1.8836037106	1.8836037106	1.8836037106	1.8836037106	1.8836037106	1.8836037106	1.8836037106	1.8836037106	1.8836037106	1.8836037106	1.8836037106	1.8836037106	1.8836037106	1.8836037106	1.8836037106	1.8836037106	1.8836037106	1.8836037106	1.8836037106	1.8836037106	1.8836037106	1.8836037106	1.8836037106	1.8836037106	1.8836037106	1.8836037106	1.8836037106	1.8836037106	1.8836037106	1.8836037106	1.8836037106	1.8836037106	1.8836037106	1.8836037106	1.8836037106	1.8836037106	1.8836037106	1.8836037106	1.8836037106	1.8836037106	1.8836037106	1.8836037106	1.8836037106
1.8836037106	1.8836037106	1.8836037106	1.8836037106	1.8836037106	1.8836037106	1.8836037106	1.8836037106	1.8836037106	1.8836037106	1.8836037106	1.8836037106	1.8836037106	1.8836037106	1.8836037106	1.8836037106	1.8836037106	1.8836037106	1.8836037106	1.8836037106	1.8836037106	1.8836037106	1.8836037106	1.8836037106	1.8836037106	1.8836037106	1.8836037106	1.8836037106	1.8836037106	1.8836037106	1.8836037106	1.8836037106	1.8836037106	1.8836037106	1.8836037106	1.8836037106	1.8836037106	1.8836037106	1.8836037106	1.8836037106	1.8836037106	1.8836037106	1.8836037106	1.8836037106	2.1726457317	2.1754573466	2.1782791730	2.1811156610	2.1839737216	2.1868473029	2.1897343267	2.1926420438	2.1955622265	2.1984948266	2.2014423164	2.2044019847	2.2073678859	2.2103540224	2.2133458146	2.2163452541	2.2193545019	2.2223705369	2.2253901324	2.2284193826	2.2314509394	2.2344831011	2.2375218526	2.2405594761	2.2435960283	2.2466327814	2.2496663986	2.2526917729	2.2557210894	2.2587399840	2.2617505277	2.2647536233	2.2677465073	2.2707251566	2.2736956234	2.2766503919	2.2795877711	2.2825097872	2.2854143748	2.2882960592	2.2911592791	2.2939998334	2.2968140435	2.2996020048	2.3023670140	2.3051006166	2.3078036556	2.3104752327	2.3131146912	2.3157171367	2.3182844332	2.3208148814	2.3233052518	2.3257539235	2.3281598544	2.3305244534	2.3328421844	2.3351118233	2.3373350979	2.3395081546	2.3416300437	2.3436983625	2.3457117649	2.3476725165	2.3495760949	2.3514208133	2.3532054476	2.3549301602	2.3565923633	2.3581922756	2.3597275984	2.3611969562	2.3625992770	2.3639335185	2.3652000212	2.3663966521	2.3675221726	2.3685758604	2.3695567020	2.3704637868	2.3712963150	2.3720537000	2.3727350743	2.3733397055	2.3738669532	2.3743162191	2.3746869486	2.3749786329	2.3751908718	2.3753232443	2.3753752440	2.3753465433	2.3752368608	2.3750460331	2.3747739819	2.3744204629	2.3739853861	2.3734687099	2.3728704401	2.3721906296	2.3714293889	2.3705870920	2.3696637169	2.3686595035	2.3675747986	2.3664101096	2.3651656045	2.3638421170	2.3624411160	2.3609618039	2.3594047333	2.3577704983	2.3560605600	2.3542757912	2.3524165980	2.3504840058	2.3484779605	2.3463992884	2.3442522975	2.3420355678	2.3397491678	2.3373950568	2.3349742062	2.3324902356	2.3299406299	2.3273273754	2.3246552540	2.3219222211	2.3191291702	2.3162785122	2.3133745502	2.3104132192	2.3073999843	2.3043355234	2.3012192099	2.2980535188	2.2948447041	2.2915866169	2.2882846690	2.2849428408	2.2815556415	2.2781330005	2.2746712096	2.2711705782	2.2676391205	2.2640713820	2.2604733020	2.2568459025	2.2531849430	2.2495044888	2.2457939264	2.2420596066	2.2383057172	2.2345259983	2.2307323311	2.2269167098	2.2230857154	2.2192397542	2.2153794496	2.2115081914	2.2076194794	2.2037316151	2.1998286833	2.1959206767	2.1920054290	2.1880871934	2.1841663448	2.1802393235	2.1763174506	1.8836037106	1.8836037106	1.8836037106	1.8836037106	1.8836037106	1.8836037106	1.8836037106	1.8836037106	1.8836037106	1.8836037106	1.8836037106	1.8836037106	1.8836037106	1.8836037106	1.8836037106	1.8836037106	1.8836037106	1.8836037106	1.8836037106	1.8836037106	1.8836037106	1.8836037106	1.8836037106	1.8836037106	1.8836037106	1.8836037106	1.8836037106	1.8836037106	1.8836037106	1.8836037106	1.8836037106	1.8836037106	1.8836037106	1.8836037106	1.8836037106	1.8836037106	1.8836037106	1.8836037106	1.8836037106	1.8836037106	1.8836037106	1.8836037106	1.8836037106	1.8836037106	1.8836037106
1.8836037106	1.8836037106	1.8836037106	1.8836037106	1.8836037106	1.8836037106	1.8836037106	1.8836037106	1.8836037106	1.8836037106	1.8836037106	1.8836037106	1.8836037106	1.8836037106	1.8836037106	1.8836037106	1.8836037106	1.8836037106	1.8836037106	1.8836037106	1.8836037106	1.8836037106	1.8836037106	1.8836037106	1.8836037106	1.8836037106	1.8836037106	1.8836037106	1.8836037106	1.8836037106	1.8836037106	1.8836037106	1.8836037106	1.8836037106	1.8836037106	1.8836037106	1.8836037106	1.8836037106	1.8836037106	1.8836037106	1.8836037106	1.8836037106	1.8836037106	1.8836037106	1.8836037106	2.1728608846	2.1756489188	2.1784459438	2.1812575362	2.1840892037	2.1869352020	2.1897936995	2.1926719530	2.1955613790	2.1984620977	2.2013765125	2.2043021310	2.2072329180	2.2101819741	2.2131362643	2.2160966480	2.2190651993	2.2220402187	2.2250162061	2.2280017789	2.2309884280	2.2339743218	2.2369638468	2.2399530804	2.2429382741	2.2459227727	2.2489042075	2.2518762056	2.2548471027	2.2578099438	2.2607616143	2.2637034966	2.2666365219	2.2695529612	2.2724583416	2.2753484111	2.2782198607	2.2810713913	2.2839085134	2.2867213093	2.2895114079	2.2922784520	2.2950203298	2.2977325946	2.3004188753	2.3030766698	2.3057006328	2.3082922617	2.3108499437	2.3133722323	2.3158551601	2.3183006576	2.3207066248	2.3230702410	2.3253897128	2.3276635863	2.3298942742	2.3320761991	2.3342078274	2.3362897606	2.3383199646	2.3402974112	2.3422196302	2.3440851987	2.3458927838	2.3476447113	2.3493362204	2.3509660846	2.3525331721	2.3540370332	2.3554764237	2.3568497530	2.3581573426	2.3593967966	2.3605671448	2.3616674587	2.3626968440	2.3636544425	2.3645399299	2.3653525847	2.3660910080	2.3667544923	2.3673423696	2.3678540228	2.3682889531	2.3686464996	2.3689261637	2.3691274912	2.3692500726	2.3692935425	2.3692575801	2.3691419096	2.3689463004	2.3686705685	2.3683145773	2.3678782381	2.3673616222	2.3667646589	2.3660873827	2.3653298903	2.3644923243	2.3635756283	2.3625798190	2.3615047424	2.3603507250	2.3591181379	2.3578073958	2.3564194102	2.3549552872	2.3534145858	2.3517990109	2.3501082803	2.3483428944	2.3465035536	2.3445937400	2.3426128174	2.3405605199	2.3384377985	2.3362470768	2.3339891120	2.3316652206	2.3292745319	2.3268200071	2.3243039345	2.3217256912	2.3190858038	2.3163864427	2.3136321104	2.3108187850	2.3079508574	2.3050298094	2.3020558417	2.2990277450	2.2959567070	2.2928345939	2.2896651825	2.2864521109	2.2831946654	2.2798943180	2.2765562690	2.2731769837	2.2697593951	2.2663098457	2.2628217054	2.2593036808	2.2557537116	2.2521703410	2.2485659470	2.2449297376	2.2412695669	2.2375862304	2.2338785919	2.2301536376	2.2264056793	2.2226423817	2.2188610601	2.2150653434	2.2112568647	2.2074296164	2.2036021005	2.1997579631	2.1959074097	2.1920483196	2.1881846928	2.1843174360	2.1804426788	2.1765714892	2.1726878206	1.8836037106	1.8836037106	1.8836037106	1.8836037106	1.8836037106	1.8836037106	1.8836037106	1.8836037106	1.8836037106	1.8836037106	1.8836037106	1.8836037106	1.8836037106	1.8836037106	1.8836037106	1.8836037106	1.8836037106	1.8836037106	1.8836037106	1.8836037106	1.8836037106	1.8836037106	1.8836037106	1.8836037106	1.8836037106	1.8836037106	1.8836037106	1.8836037106	1.8836037106	1.8836037106	1.8836037106	1.8836037106	1.8836037106	1.8836037106	1.8836037106	1.8836037106	1.8836037106	1.8836037106	1.8836037106	1.8836037106	1.8836037106	1.8836037106	1.8836037106	1.8836037106	1.8836037106
1.8836037106	1.8836037106	1.8836037106	1.8836037106	1.8836037106	1.8836037106	1.8836037106	1.8836037106	1.8836037106	1.8836037106	1.8836037106	1.8836037106	1.8836037106	1.8836037106	1.8836037106	1.8836037106	1.8836037106	1.8836037106	1.8836037106	1.8836037106	1.8836037106	1.8836037106	1.8836037106	1.8836037106	1.8836037106	1.8836037106	1.8836037106	1.8836037106	1.8836037106	1.8836037106	1.8836037106	1.8836037106	1.8836037106	1.8836037106	1.8836037106	1.8836037106	1.8836037106	1.8836037106	1.8836037106	1.8836037106	1.8836037106	1.8836037106	1.8836037106	1.8836037106	1.8836037106	1.8836037106	2.1730134078	2.1757767496	2.1785479494	2.1813332462	2.1841372868	2.1869545632	2.1897833387	2.1926306626	2.1954881993	2.1983556740	2.2012356991	2.2041261317	2.2070206714	2.2099311097	2.2128467543	2.2157668002	2.2186932677	2.2216261551	2.2245578434	2.2274981054	2.2304384390	2.2333769057	2.2363157800	2.2392555645	2.2421881045	2.2451202070	2.2480473773	2.2509650041	2.2538760796	2.2567819050	2.2596737312	2.2625549813	2.2654253759	2.2682798981	2.2711178680	2.2739423452	2.2767475716	2.2795315874	2.2822959241	2.2850394180	2.2877561724	2.2904498819	2.2931170507	2.2957553311	2.2983616061	2.3009412700	2.3034879670	2.3059984914	2.3084746011	2.3109141972	2.3133157908	2.3156757805	2.3179954023	2.3202736487	2.3225072809	2.3246943882	2.3268341620	2.3289267303	2.3309702720	2.3329615894	2.3348994382	2.3367852323	2.3386152222	2.3403895760	2.3421055525	2.3437620545	2.3453578635	2.3468938468	2.3483679779	2.3497780289	2.3511229703	2.3524018010	2.3536138684	2.3547585031	2.3558341510	2.3568399360	2.3577759668	2.3586404359	2.3594325568	2.3601515989	2.3607968695	2.3613677145	2.3618635189	2.3622837089	2.3626277525	2.3628951614	2.3630854911	2.3631983403	2.3632333513	2.3631902097	2.3630686453	2.3628684319	2.3625893893	2.3622313831	2.3617943261	2.3612781773	2.3606829411	2.3600086668	2.3592554488	2.3584234259	2.3575127814	2.3565240898	2.3554580366	2.3543142639	2.3530932291	2.3517961790	2.3504226848	2.3489732340	2.3474483549	2.3458487760	2.3441782223	2.3424342136	2.3406175415	2.3387288330	2.3367705238	2.3347422680	2.3326471243	2.3304833264	2.3282517594	2.3259570908	2.3235979673	2.3211751447	2.3186895301	2.3161433948	2.3135399472	2.3108760449	2.3081556394	2.3053801820	2.3025504381	2.2996648764	2.2967320198	2.2937484106	2.2907142003	2.2876331594	2.2845081356	2.2813347644	2.2781231806	2.2748687656	2.2715722652	2.2682401916	2.2648701347	2.2614641306	2.2580257990	2.2545523942	2.2510495637	2.2475194802	2.2439584905	2.2403730045	2.2367607279	2.2331261277	2.2294705525	2.2257909793	2.2220964182	2.2183804009	2.2146502928	2.2109055110	2.2071416444	2.2033745904	2.1995902661	2.1957982739	2.1919961716	2.1881884566	2.1843757507	2.1805543565	2.1767349653	2.1729020497	1.8836037106	1.8836037106	1.8836037106	1.8836037106	1.8836037106	1.8836037106	1.8836037106	1.8836037106	1.8836037106	1.8836037106	1.8836037106	1.8836037106	1.8836037106	1.8836037106	1.8836037106	1.8836037106	1.8836037106	1.8836037106	1.8836037106	1.8836037106	1.8836037106	1.8836037106	1.8836037106	1.8836037106	1.8836037106	1.8836037106	1.8836037106	1.8836037106	1.8836037106	1.8836037106	1.8836037106	1.8836037106	1.8836037106	1.8836037106	1.8836037106	1.8836037106	1.8836037106	1.8836037106	1.8836037106	1.8836037106	1.8836037106	1.8836037106	1.8836037106	1.8836037106	1.8836037106	1.8836037106
1.8836037106	1.8836037106	1.8836037106	1.8836037106	1.8836037106	1.8836037106	1.8836037106	1.8836037106	1.8836037106	1.8836037106	1.8836037106	1.8836037106	1.8836037106	1.8836037106	1.8836037106	1.8836037106	1.8836037106	1.8836037106	1.8836037106	1.8836037106	1.8836037106	1.8836037106	1.8836037106	1.8836037106	1.8836037106	1.8836037106	1.8836037106	1.8836037106	1.8836037106	1.8836037106	1.8836037106	1.8836037106	1.8836037106	1.8836037106	1.8836037106	1.8836037106	1.8836037106	1.8836037106	1.8836037106	1.8836037106	1.8836037106	1.8836037106	1.8836037106	1.8836037106	1.8836037106	1.8836037106	1.8836037106	2.1731027442	2.1758402720	2.1785846311	2.1813422482	2.1841174493	2.1869048881	2.1897027691	2.1925177201	2.1953422610	2.1981751553	2.2010195042	2.2038736454	2.2067308362	2.2096011503	2.2124770402	2.2153555015	2.2182385342	2.2211282116	2.2240155755	2.2269080899	2.2298009615	2.2326908864	2.2355777321	2.2384670556	2.2413479417	2.2442248966	2.2470961876	2.2499585014	2.2528084091	2.2556563384	2.2584891133	2.2613080969	2.2641136938	2.2669054979	2.2696771917	2.2724342279	2.2751718804	2.2778871557	2.2805790311	2.2832512156	2.2858969868	2.2885144082	2.2911063933	2.2936693662	2.2962002044	2.2986967111	2.3011650712	2.3035970637	2.3059906372	2.3083474109	2.3106650296	2.3129427152	2.3151766652	2.3173666559	2.3195143997	2.3216150377	2.3236672555	2.3256701637	2.3276218897	2.3295245460	2.3313735097	2.3331672829	2.3349046950	2.3365869396	2.3382106335	2.3397754888	2.3412797641	2.3427220274	2.3441012778	2.3454164427	2.3466680650	2.3478545859	2.3489740321	2.3500255125	2.3510081693	2.3519211796	2.3527637562	2.3535354044	2.3542354525	2.3548628650	2.3554170012	2.3558972589	2.3563030761	2.3566339320	2.3568893804	2.3570691073	2.3571724872	2.3571991690	2.3571488442	2.3570212476	2.3568162009	2.3565337321	2.3561735407	2.3557355409	2.3552196919	2.3546259974	2.3539545051	2.3532053124	2.3523792000	2.3514757572	2.3504952068	2.3494378156	2.3483038950	2.3470937988	2.3458081672	2.3444497450	2.3430166107	2.3415093304	2.3399284597	2.3382748866	2.3365501037	2.3347540476	2.3328894126	2.3309546480	2.3289505260	2.3268796955	2.3247437214	2.3225419873	2.3202749612	2.3179441722	2.3155527723	2.3131010588	2.3105875953	2.3080165255	2.3053884419	2.3027044120	2.2999630281	2.2971712770	2.2943281141	2.2914316494	2.2884862483	2.2854952922	2.2824548456	2.2793705002	2.2762437766	2.2730727731	2.2698601033	2.2666123074	2.2633218451	2.2599984054	2.2566401424	2.2532435454	2.2498220093	2.2463665588	2.2428813551	2.2393712419	2.2358304632	2.2322697869	2.2286841894	2.2250736571	2.2214488038	2.2177987880	2.2141356208	2.2104549834	2.2067556409	2.2030497547	2.1993262054	2.1955938264	2.1918494895	2.1880989357	2.1843416892	2.1805746099	2.1768081928	2.1730270482	1.8836037106	1.8836037106	1.8836037106	1.8836037106	1.8836037106	1.8836037106	1.8836037106	1.8836037106	1.8836037106	1.8836037106	1.8836037106	1.8836037106	1.8836037106	1.8836037106	1.8836037106	1.8836037106	1.8836037106	1.8836037106	1.8836037106	1.8836037106	1.8836037106	1.8836037106	1.8836037106	1.8836037106	1.8836037106	1.8836037106	1.8836037106	1.8836037106	1.8836037106	1.8836037106	1.8836037106	1.8836037106	1.8836037106	1.8836037106	1.8836037106	1.8836037106	1.8836037106	1.8836037106	1.8836037106	1.8836037106	1.8836037106	1.8836037106	1.8836037106	1.8836037106	1.8836037106	1.8836037106	1.8836037106
1.8836037106	1.8836037106	1.8836037106	1.8836037106	1.8836037106	1.8836037106	1.8836037106	1.8836037106	1.8836037106	1.8836037106	1.8836037106	1.8836037106	1.8836037106	1.8836037106	1.8836037106	1.8836037106	1.8836037106	1.8836037106	1.8836037106	1.8836037106	1.8836037106	1.8836037106	1.8836037106	1.8836037106	1.8836037106	1.8836037106	1.8836037106	1.8836037106	1.8836037106	1.8836037106	1.8836037106	1.8836037106	1.8836037106	1.8836037106	1.8836037106	1.8836037106	1.8836037106	1.8836037106	1.8836037106	1.8836037106	1.8836037106	1.8836037106	1.8836037106	1.8836037106	1.8836037106	1.8836037106	1.8836037106	1.8836037106	2.1731283714	2.1758389643	2.1785554823	2.1812840549	2.1840292268	2.1867857363	2.1895515747	2.1923327335	2.1951231996	2.1979202054	2.2007276214	2.2035443971	2.2063631703	2.2091918869	2.2120269487	2.2148626150	2.2177013109	2.2205463292	2.2233883418	2.2262317573	2.2290760646	2.2319163785	2.2347515688	2.2375877651	2.2404160971	2.2432366815	2.2460510050	2.2488571178	2.2516492082	2.2544337829	2.2572066579	2.2599624164	2.2627036911	2.2654305403	2.2681376757	2.2708238585	2.2734935409	2.2761400734	2.2787617229	2.2813578927	2.2839321799	2.2864763559	2.2889909414	2.2914765398	2.2939312406	2.2963510429	2.2987342865	2.3010869279	2.3034009015	2.3056743116	2.3079082357	2.3101002952	2.3122511814	2.3143563199	2.3164144676	2.3184279787	2.3203931378	2.3223084653	2.3241718891	2.3259832017	2.3277401489	2.3294450387	2.3310932380	2.3326835734	2.3342149590	2.3356873272	2.3370997707	2.3384500595	2.3397381746	2.3409623154	2.3421213649	2.3432144797	2.3442407354	2.3451992821	2.3460896495	2.3469120880	2.3476643635	2.3483457751	2.3489556581	2.3494933848	2.3499583655	2.3503500494	2.3506679266	2.3509115287	2.3510804290	2.3511742422	2.3511926246	2.3511352742	2.3510019311	2.3507923780	2.3505064410	2.3501439907	2.3497049422	2.3491892550	2.3485969321	2.3479280198	2.3471826069	2.3463608253	2.3454638026	2.3444918510	2.3434443389	2.3423215696	2.3411239636	2.3398518387	2.3385057541	2.3370871760	2.3355955387	2.3340328741	2.3323992370	2.3306943863	2.3289189748	2.3270751314	2.3251646496	2.3231864866	2.3211414951	2.3190306892	2.3168546321	2.3146188942	2.3123193559	2.3099569443	2.3075366196	2.3050572959	2.3025200818	2.2999241341	2.2972760272	2.2945748783	2.2918184269	2.2890116076	2.2861562254	2.2832508135	2.2802969277	2.2773004973	2.2742579959	2.2711706438	2.2680451975	2.2648777649	2.2616710890	2.2584286208	2.2551485485	2.2518327072	2.2484893118	2.2451098323	2.2417011019	2.2382656931	2.2347982998	2.2313111845	2.2277962289	2.2242567793	2.2207006075	2.2171192393	2.2135225142	2.2099061084	2.2062724208	2.2026283505	2.1989664797	2.1952947095	2.1916088622	2.1879166643	2.1842157344	2.1805038720	2.1767915595	2.1730631694	1.8836037106	1.8836037106	1.8836037106	1.8836037106	1.8836037106	1.8836037106	1.8836037106	1.8836037106	1.8836037106	1.8836037106	1.8836037106	1.8836037106	1.8836037106	1.8836037106	1.8836037106	1.8836037106	1.8836037106	1.8836037106	1.8836037106	1.8836037106	1.8836037106	1.8836037106	1.8836037106	1.8836037106	1.8836037106	1.8836037106	1.8836037106	1.8836037106	1.8836037106	1.8836037106	1.8836037106	1.8836037106	1.8836037106	1.8836037106	1.8836037106	1.8836037106	1.8836037106	1.8836037106	1.8836037106	1.8836037106	1.8836037106	1.8836037106	1.8836037106	1.8836037106	1.8836037106	1.8836037106	1.8836037106	1.8836037106
1.8836037106	1.8836037106	1.8836037106	1.8836037106	1.8836037106	1.8836037106	1.8836037106	1.8836037106	1.8836037106	1.8836037106	1.8836037106	1.8836037106	1.8836037106	1.8836037106	1.8836037106	1.8836037106	1.8836037106	1.8836037106	1.8836037106	1.8836037106	1.8836037106	1.8836037106	1.8836037106	1.8836037106	1.8836037106	1.8836037106	1.8836037106	1.8836037106	1.8836037106	1.8836037106	1.8836037106	1.8836037106	1.8836037106	1.8836037106	1.8836037106	1.8836037106	1.8836037106	1.8836037106	1.8836037106	1.8836037106	1.8836037106	1.8836037106	1.8836037106	1.8836037106	1.8836037106	1.8836037106	1.8836037106	1.8836037106	1.8836037106	2.1730898022	2.1757723509	2.1784600493	2.1811582358	2.1838722130	2.1865967260	2.1893293990	2.1920753723	2.1948307137	2.1975905522	2.2003604933	2.2031381788	2.2059174998	2.2087031805	2.2114963772	2.2142882519	2.2170827557	2.2198805240	2.2226762009	2.2254692103	2.2282638967	2.2310541469	2.2338377433	2.2366179869	2.2393928707	2.2421560019	2.2449137465	2.2476613607	2.2503953114	2.2531148370	2.2558270653	2.2585207533	2.2611970704	2.2638558977	2.2664978320	2.2691162802	2.2717143824	2.2742908421	2.2768418548	2.2793658454	2.2818631050	2.2843343898	2.2867733366	2.2891809013	2.2915566328	2.2938992514	2.2962047040	2.2984714774	2.3007042708	2.3028972131	2.3050475562	2.3071554314	2.3092195741	2.3112402025	2.3132141024	2.3151391758	2.3170144618	2.3188426958	2.3206185153	2.3223416029	2.3240099399	2.3256232907	2.3271797526	2.3286800539	2.3301223818	2.3315044954	2.3328254024	2.3340841362	2.3352801410	2.3364134377	2.3374817291	2.3384841616	2.3394205975	2.3402896588	2.3410904367	2.3418222107	2.3424843075	2.3430760902	2.3435969144	2.3440462033	2.3444234182	2.3447280604	2.3449596717	2.3451178345	2.3452021718	2.3452123471	2.3451480647	2.3450090701	2.3447951505	2.3445061353	2.3441418976	2.3437023538	2.3431874637	2.3425972297	2.3419317194	2.3411910204	2.3403752414	2.3394845523	2.3385192876	2.3374803863	2.3363674033	2.3351806754	2.3339222364	2.3325911901	2.3311877564	2.3297124274	2.3281657323	2.3265507621	2.3248665531	2.3231135431	2.3212922526	2.3194035636	2.3174480506	2.3154296387	2.3133469806	2.3111996480	2.3089898205	2.3067199165	2.3043903392	2.3020006526	2.2995510137	2.2970487002	2.2944907572	2.2918761081	2.2892093572	2.2864918834	2.2837232618	2.2809027093	2.2780392726	2.2751276734	2.2721691107	2.2691677549	2.2661258358	2.2630393017	2.2599160999	2.2567550951	2.2535528679	2.2503207158	2.2470531935	2.2437513861	2.2404202335	2.2370578604	2.2336671097	2.2302519270	2.2268081132	2.2233413006	2.2198529860	2.2163410608	2.2128114735	2.2092598509	2.2056928846	2.2021112200	2.1985118726	2.1949016491	2.1912749621	2.1876422594	2.1839984507	2.1803426549	2.1766855262	2.1730108305	1.8836037106	1.8836037106	1.8836037106	1.8836037106	1.8836037106	1.8836037106	1.8836037106	1.8836037106	1.8836037106	1.8836037106	1.8836037106	1.8836037106	1.8836037106	1.8836037106	1.8836037106	1.8836037106	1.8836037106	1.8836037106	1.8836037106	1.8836037106	1.8836037106	1.8836037106	1.8836037106	1.8836037106	1.8836037106	1.8836037106	1.8836037106	1.8836037106	1.8836037106	1.8836037106	1.8836037106	1.8836037106	1.8836037106	1.8836037106	1.8836037106	1.8836037106	1.8836037106	1.8836037106	1.8836037106	1.8836037106	1.8836037106	1.8836037106	1.8836037106	1.8836037106	1.8836037106	1.8836037106	1.8836037106	1.8836037106	1.8836037106
1.8836037106	1.8836037106	1.8836037106	1.8836037106	1.8836037106	1.8836037106	1.8836037106	1.8836037106	1.8836037106	1.8836037106	1.8836037106	1.8836037106	1.8836037106	1.8836037106	1.8836037106	1.8836037106	1.8836037106	1.8836037106	1.8836037106	1.8836037106	1.8836037106	1.8836037106	1.8836037106	1.8836037106	1.8836037106	1.8836037106	1.8836037106	1.8836037106	1.8836037106	1.8836037106	1.8836037106	1.8836037106	1.8836037106	1.8836037106	1.8836037106	1.8836037106	1.8836037106	1.8836037106	1.8836037106	1.8836037106	1.8836037106	1.8836037106	1.8836037106	1.8836037106	1.8836037106	1.8836037106	1.8836037106	1.8836037106	1.8836037106	1.8836037106	2.1729865864	2.1756400035	2.1782979326	2.1809644175	2.1836460601	2.1863375358	2.1890359478	2.1917453689	2.1944645651	2.1971861237	2.1999176395	2.2026548495	2.2053937192	2.2081349619	2.2108853032	2.2136333387	2.2163815920	2.2191308878	2.2218792881	2.2246211314	2.2273656418	2.2301041643	2.2328350210	2.2355580969	2.2382786899	2.2409864426	2.2436843821	2.2463718225	2.2490468815	2.2517046054	2.2543511370	2.2569823897	2.2595928567	2.2621853687	2.2647586868	2.2673103308	2.2698362653	2.2723416648	2.2748213080	2.2772727871	2.2796953090	2.2820892801	2.2844541032	2.2867844448	2.2890810643	2.2913437252	2.2935707304	2.2957588092	2.2979062019	2.3000153158	2.3020845266	2.3041092198	2.3060882022	2.3080227883	2.3099096457	2.3117502370	2.3135403048	2.3152787169	2.3169644607	2.3186001216	2.3201807005	2.3217057530	2.3231737777	2.3245838235	2.3259351845	2.3272263110	2.3284576735	2.3296279355	2.3307350753	2.3317782277	2.3327565571	2.3336692598	2.3345155649	2.3352951407	2.3360075390	2.3366513237	2.3372258579	2.3377305403	2.3381648060	2.3385281276	2.3388201633	2.3390403683	2.3391882185	2.3392633441	2.3392654151	2.3391941414	2.3390492734	2.3388306020	2.3385380658	2.3381716560	2.3377311346	2.3372164615	2.3366276385	2.3359647083	2.3352277548	2.3344178145	2.3335345571	2.3325778837	2.3315480419	2.3304453199	2.3292700466	2.3280225901	2.3267055613	2.3253178653	2.3238596373	2.3223319508	2.3207346694	2.3190691562	2.3173353999	2.3155372518	2.3136732476	2.3117431208	2.3097476216	2.3076912516	2.3055719883	2.3033920389	2.3011501991	2.2988475938	2.2964925894	2.2940786665	2.2916069857	2.2890816680	2.2865040692	2.2838736341	2.2811893995	2.2784602938	2.2756815084	2.2728539235	2.2699797202	2.2670654833	2.2641042769	2.2611028409	2.2580617275	2.2549794996	2.2518587518	2.2487070461	2.2455157685	2.2422916277	2.2390384779	2.2357493315	2.2324358511	2.2290929588	2.2257207055	2.2223272603	2.2189071811	2.2154654270	2.2120036091	2.2085172598	2.2050180162	2.2014992889	2.1979632512	2.1944154551	2.1908485453	2.1872764199	2.1836904832	2.1800922998	2.1764906260	2.1728705123	1.8836037106	1.8836037106	1.8836037106	1.8836037106	1.8836037106	1.8836037106	1.8836037106	1.8836037106	1.8836037106	1.8836037106	1.8836037106	1.8836037106	1.8836037106	1.8836037106	1.8836037106	1.8836037106	1.8836037106	1.8836037106	1.8836037106	1.8836037106	1.8836037106	1.8836037106	1.8836037106	1.8836037106	1.8836037106	1.8836037106	1.8836037106	1.8836037106	1.8836037106	1.8836037106	1.8836037106	1.8836037106	1.8836037106	1.8836037106	1.8836037106	1.8836037106	1.8836037106	1.8836037106	1.8836037106	1.8836037106	1.8836037106	1.8836037106	1.8836037106	1.8836037106	1.8836037106	1.8836037106	1.8836037106	1.8836037106	1.8836037106	1.8836037106
1.8836037106	1.8836037106	1.8836037106	1.8836037106	1.8836037106	1.8836037106	1.8836037106	1.8836037106	1.8836037106	1.8836037106	1.8836037106	1.8836037106	1.8836037106	1.8836037106	1.8836037106	1.8836037106	1.8836037106	1.8836037106	1.8836037106	1.8836037106	1.8836037106	1.8836037106	1.8836037106	1.8836037106	1.8836037106	1.8836037106	1.8836037106	1.8836037106	1.8836037106	1.8836037106	1.8836037106	1.8836037106	1.8836037106	1.8836037106	1.8836037106	1.8836037106	1.8836037106	1.8836037106	1.8836037106	1.8836037106	1.8836037106	1.8836037106	1.8836037106	1.8836037106	1.8836037106	1.8836037106	1.8836037106	1.8836037106	1.8836037106	1.8836037106	1.8836037106	2.1728183104	2.1754415412	2.1780687870	2.1807022854	2.1833508954	2.1860079087	2.1886709895	2.1913425175	2.1940245781	2.1967080033	2.1993987542	2.2020943351	2.2047917915	2.2074872670	2.2101938620	2.2128970204	2.2155979426	2.2182975871	2.2209978146	2.2236904229	2.2263807909	2.2290665954	2.2317438058	2.2344116000	2.2370740639	2.2397256708	2.2423628115	2.2449904970	2.2476046529	2.2502017447	2.2527796863	2.2553479294	2.2578943560	2.2604188902	2.2629222867	2.2654057134	2.2678633890	2.2702931909	2.2727014676	2.2750805732	2.2774290894	2.2797465755	2.2820331247	2.2842882915	2.2865069236	2.2886889461	2.2908356175	2.2929437677	2.2950117595	2.2970371571	2.2990190723	2.3009621776	2.3028589736	2.3047083120	2.3065095803	2.3082628973	2.3099657997	2.3116192914	2.3132196277	2.3147657492	2.3162566167	2.3176930498	2.3190736633	2.3203958985	2.3216593981	2.3228626843	2.3240047823	2.3250853692	2.3261030980	2.3270570644	2.3279468443	2.3287726644	2.3295323239	2.3302251322	2.3308504320	2.3314076002	2.3318960482	2.3323152232	2.3326646092	2.3329437283	2.3331521414	2.3332894482	2.3333552868	2.3333493345	2.3332713073	2.3331209608	2.3328980903	2.3326025319	2.3322341628	2.3317929021	2.3312787100	2.3306915876	2.3300315761	2.3292987568	2.3284932513	2.3276155433	2.3266671503	2.3256468238	2.3245548448	2.3233919834	2.3221584285	2.3208543386	2.3194807045	2.3180376428	2.3165264305	2.3149494869	2.3133047278	2.3115927605	2.3098142257	2.3079729984	2.3060669505	2.3040990809	2.3020677183	2.2999736516	2.2978213932	2.2956118354	2.2933423679	2.2910148748	2.2886315523	2.2861954234	2.2837042102	2.2811578813	2.2785649903	2.2759207191	2.2732259578	2.2704820026	2.2676969198	2.2648636381	2.2619862039	2.2590676801	2.2561077630	2.2531039139	2.2500687300	2.2469936544	2.2438814482	2.2407362826	2.2375575741	2.2343450884	2.2311066431	2.2278362388	2.2245362990	2.2212160471	2.2178645173	2.2144935953	2.2111001137	2.2076794663	2.2042488806	2.2007935634	2.1973215625	2.1938370175	2.1903308681	2.1868201203	2.1832930526	2.1797534729	2.1762074628	2.1726427577	1.8836037106	1.8836037106	1.8836037106	1.8836037106	1.8836037106	1.8836037106	1.8836037106	1.8836037106	1.8836037106	1.8836037106	1.8836037106	1.8836037106	1.8836037106	1.8836037106	1.8836037106	1.8836037106	1.8836037106	1.8836037106	1.8836037106	1.8836037106	1.8836037106	1.8836037106	1.8836037106	1.8836037106	1.8836037106	1.8836037106	1.8836037106	1.8836037106	1.8836037106	1.8836037106	1.8836037106	1.8836037106	1.8836037106	1.8836037106	1.8836037106	1.8836037106	1.8836037106	1.8836037106	1.8836037106	1.8836037106	1.8836037106	1.8836037106	1.8836037106	1.8836037106	1.8836037106	1.8836037106	1.8836037106	1.8836037106	1.8836037106	1.8836037106	1.8836037106
1.8836037106	1.8836037106	1.8836037106	1.8836037106	1.8836037106	1.8836037106	1.8836037106	1.8836037106	1.8836037106	1.8836037106	1.8836037106	1.8836037106	1.8836037106	1.8836037106	1.8836037106	1.8836037106	1.8836037106	1.8836037106	1.8836037106	1.8836037106	1.8836037106	1.8836037106	1.8836037106	1.8836037106	1.8836037106	1.8836037106	1.8836037106	1.8836037106	1.8836037106	1.8836037106	1.8836037106	1.8836037106	1.8836037106	1.8836037106	1.8836037106	1.8836037106	1.8836037106	1.8836037106	1.8836037106	1.8836037106	1.8836037106	1.8836037106	1.8836037106	1.8836037106	1.8836037106	1.8836037106	1.8836037106	1.8836037106	1.8836037106	1.8836037106	1.8836037106	1.8836037106	2.1725845987	2.1751766317	2.1777723237	2.1803715873	2.1829861871	2.1856076469	2.1882343507	2.1908666730	2.1935106399	2.1961549840	2.1988037942	2.2014566294	2.2041117479	2.2067638631	2.2094220742	2.2120794499	2.2147320036	2.2173823075	2.2200320669	2.2226746068	2.2253096811	2.2279421855	2.2305655795	2.2331778174	2.2357795820	2.2383743302	2.2409530573	2.2435183385	2.2460694436	2.2486052965	2.2511206315	2.2536183740	2.2561002115	2.2585581244	2.2609929433	2.2634036898	2.2657927290	2.2681529726	2.2704836216	2.2727902013	2.2750652888	2.2773076652	2.2795168065	2.2816920594	2.2838346492	2.2859387481	2.2880031841	2.2900308640	2.2920172188	2.2939627360	2.2958638316	2.2977193991	2.2995303222	2.3012973164	2.3030152401	2.3046830073	2.3062997969	2.3078660996	2.3093790166	2.3108396150	2.3122453203	2.3135945493	2.3148863486	2.3161197881	2.3172948518	2.3184115365	2.3194670755	2.3204606401	2.3213918831	2.3222595890	2.3230629797	2.3238013483	2.3244742097	2.3250809000	2.3256206019	2.3260927398	2.3264967732	2.3268321973	2.3270985449	2.3272953865	2.3274223304	2.3274790227	2.3274651472	2.3273804261	2.3272246200	2.3269975286	2.3266989909	2.3263288865	2.3258871358	2.3253736992	2.3247885772	2.3241318217	2.3234039174	2.3226046063	2.3217340453	2.3207924303	2.3197803954	2.3186979886	2.3175453867	2.3163243626	2.3150355318	2.3136778303	2.3122517158	2.3107576804	2.3091971935	2.3075719285	2.3058808424	2.3041262573	2.3023069207	2.3004235192	2.2984782526	2.2964756448	2.2944114433	2.2922864530	2.2901038087	2.2878635329	2.2855694081	2.2832180902	2.2808111769	2.2783557424	2.2758473356	2.2732868981	2.2706758280	2.2680211511	2.2653174310	2.2625665436	2.2597730308	2.2569374265	2.2540562614	2.2511373968	2.2481811381	2.2451835183	2.2421496094	2.2390839197	2.2359793386	2.2328461870	2.2296813685	2.2264840191	2.2232597677	2.2200091295	2.2167299579	2.2134287435	2.2101023946	2.2067515476	2.2033866225	2.1999966856	2.1965898366	2.1931673037	2.1897248937	2.1862743355	2.1828066595	2.1793265571	2.1758367110	1.8836037106	1.8836037106	1.8836037106	1.8836037106	1.8836037106	1.8836037106	1.8836037106	1.8836037106	1.8836037106	1.8836037106	1.8836037106	1.8836037106	1.8836037106	1.8836037106	1.8836037106	1.8836037106	1.8836037106	1.8836037106	1.8836037106	1.8836037106	1.8836037106	1.8836037106	1.8836037106	1.8836037106	1.8836037106	1.8836037106	1.8836037106	1.8836037106	1.8836037106	1.8836037106	1.8836037106	1.8836037106	1.8836037106	1.8836037106	1.8836037106	1.8836037106	1.8836037106	1.8836037106	1.8836037106	1.8836037106	1.8836037106	1.8836037106	1.8836037106	1.8836037106	1.8836037106	1.8836037106	1.8836037106	1.8836037106	1.8836037106	1.8836037106	1.8836037106	1.8836037106	1.8836037106
1.8836037106	1.8836037106	1.8836037106	1.8836037106	1.8836037106	1.8836037106	1.8836037106	1.8836037106	1.8836037106	1.8836037106	1.8836037106	1.8836037106	1.8836037106	1.8836037106	1.8836037106	1.8836037106	1.8836037106	1.8836037106	1.8836037106	1.8836037106	1.8836037106	1.8836037106	1.8836037106	1.8836037106	1.8836037106	1.8836037106	1.8836037106	1.8836037106	1.8836037106	1.8836037106	1.8836037106	1.8836037106	1.8836037106	1.8836037106	1.8836037106	1.8836037106	1.8836037106	1.8836037106	1.8836037106	1.8836037106	1.8836037106	1.8836037106	1.8836037106	1.8836037106	1.8836037106	1.8836037106	1.8836037106	1.8836037106	1.8836037106	1.8836037106	1.8836037106	1.8836037106	1.8836037106	1.8836037106	2.1748449909	2.1774083047	2.1799733972	2.1825517567	2.1851366062	2.1877259183	2.1903182322	2.1929227025	2.1955270526	2.1981327824	2.2007417927	2.2033536879	2.2059615695	2.2085701216	2.2111808516	2.2137851939	2.2163857038	2.2189824056	2.2215740912	2.2241550982	2.2267321660	2.2293000177	2.2318558798	2.2343990108	2.2369331441	2.2394533462	2.2419554407	2.2444445189	2.2469162189	2.2493687905	2.2517987509	2.2542116430	2.2566035563	2.2589694467	2.2613106982	2.2636256938	2.2659161068	2.2681756863	2.2704033926	2.2726049505	2.2747727936	2.2769061161	2.2790038707	2.2810642232	2.2830915988	2.2850786316	2.2870241844	2.2889287822	2.2907920886	2.2926116831	2.2943865481	2.2961142499	2.2977937167	2.2994255564	2.3010106412	2.3025441476	2.3040250606	2.3054523846	2.3068260809	2.3081450443	2.3094074850	2.3106141615	2.3117629662	2.3128524812	2.3138818694	2.3148503206	2.3157570532	2.3166013155	2.3173834866	2.3181023849	2.3187565871	2.3193454638	2.3198684185	2.3203248876	2.3207144365	2.3210365527	2.3212906669	2.3214763585	2.3215932437	2.3216409758	2.3216192448	2.3215277783	2.3213663417	2.3211347384	2.3208328103	2.3204604790	2.3200178202	2.3195046377	2.3189209313	2.3182667391	2.3175421376	2.3167476545	2.3158846748	2.3149519105	2.3139495903	2.3128779810	2.3117373872	2.3105281500	2.3092514896	2.3079086105	2.3064984490	2.3050229033	2.3034816643	2.3018747695	2.3002027972	2.2984678771	2.2966736583	2.2948165158	2.2928971779	2.2909175161	2.2888788076	2.2867832616	2.2846302919	2.2824191783	2.2801534698	2.2778357298	2.2754641848	2.2730392229	2.2705620764	2.2680399707	2.2654671166	2.2628449902	2.2601791949	2.2574689409	2.2547122651	2.2519129291	2.2490775021	2.2461981459	2.2432805040	2.2403271299	2.2373361699	2.2343091153	2.2312526031	2.2281611993	2.2250370120	2.2218889291	2.2187080531	2.2155018471	2.2122708476	2.2090117079	2.2057323667	2.2024324641	2.1991088363	2.1957677450	2.1924073587	2.1890295701	2.1856397647	2.1822320989	2.1788123456	2.1753791024	1.8836037106	1.8836037106	1.8836037106	1.8836037106	1.8836037106	1.8836037106	1.8836037106	1.8836037106	1.8836037106	1.8836037106	1.8836037106	1.8836037106	1.8836037106	1.8836037106	1.8836037106	1.8836037106	1.8836037106	1.8836037106	1.8836037106	1.8836037106	1.8836037106	1.8836037106	1.8836037106	1.8836037106	1.8836037106	1.8836037106	1.8836037106	1.8836037106	1.8836037106	1.8836037106	1.8836037106	1.8836037106	1.8836037106	1.8836037106	1.8836037106	1.8836037106	1.8836037106	1.8836037106	1.8836037106	1.8836037106	1.8836037106	1.8836037106	1.8836037106	1.8836037106	1.8836037106	1.8836037106	1.8836037106	1.8836037106	1.8836037106	1.8836037106	1.8836037106	1.8836037106	1.8836037106	1.8836037106
1.8836037106	1.8836037106	1.8836037106	1.8836037106	1.8836037106	1.8836037106	1.8836037106	1.8836037106	1.8836037106	1.8836037106	1.8836037106	1.8836037106	1.8836037106	1.8836037106	1.8836037106	1.8836037106	1.8836037106	1.8836037106	1.8836037106	1.8836037106	1.8836037106	1.8836037106	1.8836037106	1.8836037106	1.8836037106	1.8836037106	1.8836037106	1.8836037106	1.8836037106	1.8836037106	1.8836037106	1.8836037106	1.8836037106	1.8836037106	1.8836037106	1.8836037106	1.8836037106	1.8836037106	1.8836037106	1.8836037106	1.8836037106	1.8836037106	1.8836037106	1.8836037106	1.8836037106	1.8836037106	1.8836037106	1.8836037106	1.8836037106	1.8836037106	1.8836037106	1.8836037106	1.8836037106	1.8836037106	1.8836037106	2.1744463495	2.1769764924	2.1795070439	2.1820474822	2.1845947077	2.1871456468	2.1896991718	2.1922607836	2.1948242608	2.1973858070	2.1999516165	2.2025177787	2.2050805948	2.2076382562	2.2102016396	2.2127575445	2.2153066455	2.2178492646	2.2203893581	2.2229177689	2.2254361809	2.2279480255	2.2304475795	2.2329327017	2.2354029147	2.2378640168	2.2403060391	2.2427294202	2.2451365854	2.2475249002	2.2498907076	2.2522318615	2.2545554273	2.2568540778	2.2591246704	2.2613687165	2.2635841472	2.2657728675	2.2679287962	2.2700507994	2.2721434836	2.2742011194	2.2762227457	2.2782063495	2.2801511887	2.2820582995	2.2839260367	2.2857505938	2.2875308833	2.2892682274	2.2909604783	2.2926063802	2.2942047392	2.2957534128	2.2972514144	2.2986977134	2.3000952885	2.3014398000	2.3027295688	2.3039636813	2.3051412469	2.3062615976	2.3073248779	2.3083290056	2.3092731884	2.3101574893	2.3109810351	2.3117423161	2.3124406554	2.3130754066	2.3136459546	2.3141517160	2.3145921401	2.3149667096	2.3152749417	2.3155163893	2.3156906413	2.3157973225	2.3158360940	2.3158066527	2.3157087321	2.3155421028	2.3153065722	2.3150019856	2.3146282270	2.3141852190	2.3136729226	2.3130913368	2.3124404983	2.3117204811	2.3109313967	2.3100733936	2.3091476917	2.3081542785	2.3070927413	2.3059635661	2.3047682682	2.3035059308	2.3021769559	2.3007817790	2.2993208689	2.2977985016	2.2962130042	2.2945636163	2.2928509387	2.2910765314	2.2892417364	2.2873474923	2.2853951602	2.2833831327	2.2813121685	2.2791887060	2.2770092779	2.2747748747	2.2724861903	2.2701443855	2.2677559454	2.2653149275	2.2628234408	2.2602865949	2.2577035501	2.2550728580	2.2523959469	2.2496830643	2.2469247441	2.2441249690	2.2412866607	2.2384114536	2.2354950589	2.2325489205	2.2295669176	2.2265496150	2.2235018589	2.2204254660	2.2173160965	2.2141819998	2.2110211714	2.2078294507	2.2046223184	2.2013877020	2.1981308980	2.1948561785	2.1915583073	2.1882459622	2.1849174110	2.1815702946	2.1782116648	2.1748353820	1.8836037106	1.8836037106	1.8836037106	1.8836037106	1.8836037106	1.8836037106	1.8836037106	1.8836037106	1.8836037106	1.8836037106	1.8836037106	1.8836037106	1.8836037106	1.8836037106	1.8836037106	1.8836037106	1.8836037106	1.8836037106	1.8836037106	1.8836037106	1.8836037106	1.8836037106	1.8836037106	1.8836037106	1.8836037106	1.8836037106	1.8836037106	1.8836037106	1.8836037106	1.8836037106	1.8836037106	1.8836037106	1.8836037106	1.8836037106	1.8836037106	1.8836037106	1.8836037106	1.8836037106	1.8836037106	1.8836037106	1.8836037106	1.8836037106	1.8836037106	1.8836037106	1.8836037106	1.8836037106	1.8836037106	1.8836037106	1.8836037106	1.8836037106	1.8836037106	1.8836037106	1.8836037106	1.8836037106	1.8836037106
1.8836037106	1.8836037106	1.8836037106	1.8836037106	1.8836037106	1.8836037106	1.8836037106	1.8836037106	1.8836037106	1.8836037106	1.8836037106	1.8836037106	1.8836037106	1.8836037106	1.8836037106	1.8836037106	1.8836037106	1.8836037106	1.8836037106	1.8836037106	1.8836037106	1.8836037106	1.8836037106	1.8836037106	1.8836037106	1.8836037106	1.8836037106	1.8836037106	1.8836037106	1.8836037106	1.8836037106	1.8836037106	1.8836037106	1.8836037106	1.8836037106	1.8836037106	1.8836037106	1.8836037106	1.8836037106	1.8836037106	1.8836037106	1.8836037106	1.8836037106	1.8836037106	1.8836037106	1.8836037106	1.8836037106	1.8836037106	1.8836037106	1.8836037106	1.8836037106	1.8836037106	1.8836037106	1.8836037106	1.8836037106	1.8836037106	2.1739803693	2.1764766612	2.1789719341	2.1814733209	2.1839819462	2.1864940527	2.1890074202	2.1915249635	2.1940467232	2.1965651027	2.1990850440	2.2016042548	2.2041212152	2.2066312912	2.2091421128	2.2116487826	2.2141460407	2.2166370102	2.2191209622	2.2215961094	2.2240575981	2.2265113026	2.2289527910	2.2313794030	2.2337900274	2.2361860033	2.2385674641	2.2409278349	2.2432690250	2.2455902979	2.2478914241	2.2501671768	2.2524162926	2.2546462498	2.2568485113	2.2590207630	2.2611641957	2.2632765015	2.2653606914	2.2674102367	2.2694240104	2.2714042578	2.2733494645	2.2752565675	2.2771238198	2.2789508149	2.2807355781	2.2824811845	2.2841829510	2.2858389147	2.2874480443	2.2890111570	2.2905269085	2.2919930527	2.2934099535	2.2947749088	2.2960870108	2.2973453381	2.2985489790	2.2996996861	2.3007950450	2.3018329836	2.3028127007	2.3037334208	2.3045943964	2.3053949079	2.3061342986	2.3068127252	2.3074286232	2.3079813910	2.3084704581	2.3088952857	2.3092553681	2.3095502331	2.3097795747	2.3099430292	2.3100399372	2.3100699663	2.3100328193	2.3099282350	2.3097559881	2.3095162439	2.3092087094	2.3088331827	2.3083895874	2.3078778849	2.3072980736	2.3066501886	2.3059345288	2.3051517703	2.3043013508	2.3033834507	2.3023982868	2.3013461124	2.3002272166	2.2990419239	2.2977943812	2.2964818269	2.2951042796	2.2936622293	2.2921561253	2.2905881495	2.2889578548	2.2872672451	2.2855167861	2.2837053975	2.2818337447	2.2799059783	2.2779219720	2.2758812675	2.2737838918	2.2716318222	2.2694273109	2.2671724010	2.2648638535	2.2625045466	2.2600975548	2.2576432510	2.2551397187	2.2525878082	2.2499988738	2.2473631121	2.2446833915	2.2419626684	2.2392050640	2.2364047358	2.2335690589	2.2306985126	2.2277905581	2.2248468768	2.2218769745	2.2188711306	2.2158364258	2.2127740036	2.2096814750	2.2065619721	2.2034228301	2.2002546416	2.1970646951	2.1938563888	2.1906213516	2.1873752154	2.1841083619	2.1808222593	2.1775254143	2.1742063174	1.8836037106	1.8836037106	1.8836037106	1.8836037106	1.8836037106	1.8836037106	1.8836037106	1.8836037106	1.8836037106	1.8836037106	1.8836037106	1.8836037106	1.8836037106	1.8836037106	1.8836037106	1.8836037106	1.8836037106	1.8836037106	1.8836037106	1.8836037106	1.8836037106	1.8836037106	1.8836037106	1.8836037106	1.8836037106	1.8836037106	1.8836037106	1.8836037106	1.8836037106	1.8836037106	1.8836037106	1.8836037106	1.8836037106	1.8836037106	1.8836037106	1.8836037106	1.8836037106	1.8836037106	1.8836037106	1.8836037106	1.8836037106	1.8836037106	1.8836037106	1.8836037106	1.8836037106	1.8836037106	1.8836037106	1.8836037106	1.8836037106	1.8836037106	1.8836037106	1.8836037106	1.8836037106	1.8836037106	1.8836037106	1.8836037106
1.8836037106	1.8836037106	1.8836037106	1.8836037106	1.8836037106	1.8836037106	1.8836037106	1.8836037106	1.8836037106	1.8836037106	1.8836037106	1.8836037106	1.8836037106	1.8836037106	1.8836037106	1.8836037106	1.8836037106	1.8836037106	1.8836037106	1.8836037106	1.8836037106	1.8836037106	1.8836037106	1.8836037106	1.8836037106	1.8836037106	1.8836037106	1.8836037106	1.8836037106	1.8836037106	1.8836037106	1.8836037106	1.8836037106	1.8836037106	1.8836037106	1.8836037106	1.8836037106	1.8836037106	1.8836037106	1.8836037106	1.8836037106	1.8836037106	1.8836037106	1.8836037106	1.8836037106	1.8836037106	1.8836037106	1.8836037106	1.8836037106	1.8836037106	1.8836037106	1.8836037106	1.8836037106	1.8836037106	1.8836037106	1.8836037106	1.8836037106	2.1734471087	2.1759087118	2.1783680523	2.1808293013	2.1832988683	2.1857709000	2.1882430862	2.1907153849	2.1931946193	2.1956695311	2.1981421037	2.2006134936	2.2030837741	2.2055462806	2.2080026653	2.2104594652	2.2129059182	2.2153426943	2.2177697194	2.2201907965	2.2225974508	2.2249894330	2.2273731643	2.2297408833	2.2320911408	2.2344233158	2.2367407806	2.2390392562	2.2413146792	2.2435697837	2.2458022073	2.2480122911	2.2501949059	2.2523489677	2.2544812448	2.2565842225	2.2586553280	2.2606949788	2.2627022896	2.2646779236	2.2666186168	2.2685217884	2.2703864272	2.2722172603	2.2740073157	2.2757568301	2.2774633677	2.2791271759	2.2807459309	2.2823225424	2.2838528310	2.2853349266	2.2867678627	2.2881506902	2.2894853539	2.2907680067	2.2919980497	2.2931755892	2.2942983669	2.2953655536	2.2963763751	2.2973300131	2.2982257105	2.2990632229	2.2998434972	2.3005635221	2.3012226499	2.3018202619	2.3023557693	2.3028286138	2.3032382685	2.3035842381	2.3038660610	2.3040833091	2.3042355889	2.3043225411	2.3043438406	2.3042991971	2.3041883551	2.3040110942	2.3037672295	2.3034566124	2.3030791306	2.3026347092	2.3021233095	2.3015449293	2.3008996023	2.3001873978	2.2994084210	2.2985640073	2.2976550055	2.2966799817	2.2956391819	2.2945329151	2.2933614819	2.2921252211	2.2908258374	2.2894630440	2.2880370604	2.2865510239	2.2850026143	2.2833923679	2.2817208509	2.2799918546	2.2782050809	2.2763599529	2.2744568884	2.2724971857	2.2704808886	2.2684146340	2.2662934066	2.2641176267	2.2618916978	2.2596153646	2.2572907760	2.2549152586	2.2524905986	2.2500267051	2.2475147172	2.2449569336	2.2423565177	2.2397175713	2.2370349777	2.2343126307	2.2315556518	2.2287599125	2.2259266532	2.2230615479	2.2201631148	2.2172296801	2.2142681635	2.2112773722	2.2082532081	2.2052081786	2.2021353989	2.1990357704	2.1959141786	2.1927696950	2.1896016498	2.1864191042	2.1832143809	2.1799902885	2.1767545955	2.1734929242	1.8836037106	1.8836037106	1.8836037106	1.8836037106	1.8836037106	1.8836037106	1.8836037106	1.8836037106	1.8836037106	1.8836037106	1.8836037106	1.8836037106	1.8836037106	1.8836037106	1.8836037106	1.8836037106	1.8836037106	1.8836037106	1.8836037106	1.8836037106	1.8836037106	1.8836037106	1.8836037106	1.8836037106	1.8836037106	1.8836037106	1.8836037106	1.8836037106	1.8836037106	1.8836037106	1.8836037106	1.8836037106	1.8836037106	1.8836037106	1.8836037106	1.8836037106	1.8836037106	1.8836037106	1.8836037106	1.8836037106	1.8836037106	1.8836037106	1.8836037106	1.8836037106	1.8836037106	1.8836037106	1.8836037106	1.8836037106	1.8836037106	1.8836037106	1.8836037106	1.8836037106	1.8836037106	1.8836037106	1.8836037106	1.8836037106	1.8836037106
1.8836037106	1.8836037106	1.8836037106	1.8836037106	1.8836037106	1.8836037106	1.8836037106	1.8836037106	1.8836037106	1.8836037106	1.8836037106	1.8836037106	1.8836037106	1.8836037106	1.8836037106	1.8836037106	1.8836037106	1.8836037106	1.8836037106	1.8836037106	1.8836037106	1.8836037106	1.8836037106	1.8836037106	1.8836037106	1.8836037106	1.8836037106	1.8836037106	1.8836037106	1.8836037106	1.8836037106	1.8836037106	1.8836037106	1.8836037106	1.8836037106	1.8836037106	1.8836037106	1.8836037106	1.8836037106	1.8836037106	1.8836037106	1.8836037106	1.8836037106	1.8836037106	1.8836037106	1.8836037106	1.8836037106	1.8836037106	1.8836037106	1.8836037106	1.8836037106	1.8836037106	1.8836037106	1.8836037106	1.8836037106	1.8836037106	1.8836037106	1.8836037106	2.1728481486	2.1752726136	2.1776954171	2.1801161281	2.1825456609	2.1849762168	2.1874063444	2.1898350382	2.1922681957	2.1946988867	2.1971234506	2.1995482626	2.2019686809	2.2043829311	2.2067874782	2.2091901916	2.2115850790	2.2139676903	2.2163405794	2.2187025781	2.2210538566	2.2233886033	2.2257095681	2.2280172530	2.2303076300	2.2325783290	2.2348285235	2.2370633614	2.2392756897	2.2414630575	2.2436283694	2.2457686432	2.2478845875	2.2499712021	2.2520274214	2.2540581701	2.2560592165	2.2580266092	2.2599595598	2.2618594914	2.2637235812	2.2655532272	2.2673437060	2.2690939806	2.2708044350	2.2724766295	2.2741055766	2.2756912705	2.2772315422	2.2787263863	2.2801740280	2.2815749788	2.2829291528	2.2842329995	2.2854856254	2.2866861565	2.2878337389	2.2889291946	2.2899706897	2.2909566830	2.2918865993	2.2927605627	2.2935767219	2.2943343890	2.2950329035	2.2956716444	2.2962500045	2.2967673983	2.2972232809	2.2976171374	2.2979484847	2.2982168717	2.2984218806	2.2985631269	2.2986402598	2.2986529616	2.2986009484	2.2984839706	2.2983018126	2.2980542936	2.2977412680	2.2973626259	2.2969182932	2.2964082318	2.2958324388	2.2951909514	2.2944838508	2.2937112217	2.2928732007	2.2919699586	2.2910027711	2.2899712092	2.2888752380	2.2877161751	2.2864950270	2.2852106292	2.2838633849	2.2824537286	2.2809822886	2.2794539123	2.2778647935	2.2762164615	2.2745088653	2.2727432739	2.2709198861	2.2690431715	2.2671114893	2.2651237588	2.2630812302	2.2609890089	2.2588446480	2.2566495778	2.2544026087	2.2521071185	2.2497690453	2.2473817372	2.2449474640	2.2424690731	2.2399502437	2.2373867611	2.2347803233	2.2321391277	2.2294573938	2.2267361688	2.2239787962	2.2211897472	2.2183622209	2.2155047060	2.2126158953	2.2096940559	2.2067419620	2.2037679536	2.2007615878	2.1977308169	2.1946779797	2.1915974898	2.1884980105	2.1853787283	2.1822368347	2.1790771486	2.1759002592	2.1726989547	1.8836037106	1.8836037106	1.8836037106	1.8836037106	1.8836037106	1.8836037106	1.8836037106	1.8836037106	1.8836037106	1.8836037106	1.8836037106	1.8836037106	1.8836037106	1.8836037106	1.8836037106	1.8836037106	1.8836037106	1.8836037106	1.8836037106	1.8836037106	1.8836037106	1.8836037106	1.8836037106	1.8836037106	1.8836037106	1.8836037106	1.8836037106	1.8836037106	1.8836037106	1.8836037106	1.8836037106	1.8836037106	1.8836037106	1.8836037106	1.8836037106	1.8836037106	1.8836037106	1.8836037106	1.8836037106	1.8836037106	1.8836037106	1.8836037106	1.8836037106	1.8836037106	1.8836037106	1.8836037106	1.8836037106	1.8836037106	1.8836037106	1.8836037106	1.8836037106	1.8836037106	1.8836037106	1.8836037106	1.8836037106	1.8836037106	1.8836037106	1.8836037106
1.8836037106	1.8836037106	1.8836037106	1.8836037106	1.8836037106	1.8836037106	1.8836037106	1.8836037106	1.8836037106	1.8836037106	1.8836037106	1.8836037106	1.8836037106	1.8836037106	1.8836037106	1.8836037106	1.8836037106	1.8836037106	1.8836037106	1.8836037106	1.8836037106	1.8836037106	1.8836037106	1.8836037106	1.8836037106	1.8836037106	1.8836037106	1.8836037106	1.8836037106	1.8836037106	1.8836037106	1.8836037106	1.8836037106	1.8836037106	1.8836037106	1.8836037106	1.8836037106	1.8836037106	1.8836037106	1.8836037106	1.8836037106	1.8836037106	1.8836037106	1.8836037106	1.8836037106	1.8836037106	1.8836037106	1.8836037106	1.8836037106	1.8836037106	1.8836037106	1.8836037106	1.8836037106	1.8836037106	1.8836037106	1.8836037106	1.8836037106	1.8836037106	1.8836037106	1.8836037106	2.1745682935	2.1769539975	2.1793360220	2.1817219936	2.1841102146	2.1864979340	2.1888831778	2.1912677622	2.1936535154	2.1960322272	2.1984066970	2.2007764098	2.2031417621	2.2054964838	2.2078414619	2.2101843084	2.2125139359	2.2148301299	2.2171345185	2.2194276835	2.2217056696	2.2239652386	2.2262110996	2.2284397746	2.2306491565	2.2328369795	2.2350021249	2.2371503938	2.2392736079	2.2413700162	2.2434420319	2.2454872663	2.2475060000	2.2494939821	2.2514498058	2.2533754126	2.2552721498	2.2571334980	2.2589584237	2.2607475286	2.2624993881	2.2642140507	2.2658900358	2.2675243184	2.2691159105	2.2706647960	2.2721729614	2.2736353960	2.2750520845	2.2764213725	2.2777423246	2.2790146249	2.2802365817	2.2814084789	2.2825306321	2.2835997784	2.2846151234	2.2855758954	2.2864813457	2.2873307510	2.2881234132	2.2888601640	2.2895388422	2.2901587147	2.2907191904	2.2912197070	2.2916597312	2.2920391673	2.2923571802	2.2926131950	2.2928068023	2.2929376256	2.2930053207	2.2930095762	2.2929501140	2.2928266890	2.2926390898	2.2923871389	2.2920706933	2.2916897350	2.2912446454	2.2907349341	2.2901605975	2.2895216661	2.2888182050	2.2880505873	2.2872202234	2.2863258680	2.2853677207	2.2843460146	2.2832610165	2.2821130258	2.2809027813	2.2796337175	2.2783029386	2.2769113062	2.2754595218	2.2739474266	2.2723767934	2.2707469682	2.2690627238	2.2673218375	2.2655236995	2.2636689510	2.2617621873	2.2598013011	2.2577893085	2.2557238377	2.2536056045	2.2514408687	2.2492290812	2.2469670482	2.2446575467	2.2423020260	2.2399050375	2.2374617481	2.2349735030	2.2324495235	2.2298833197	2.2272759485	2.2246289750	2.2219510225	2.2192331512	2.2164806575	2.2136960939	2.2108786805	2.2080257317	2.2051499439	2.2022429797	2.1993062352	2.1963441231	2.1933576119	2.1903416080	2.1873108814	2.1842551012	2.1811762920	2.1780814691	2.1749634204	1.8836037106	1.8836037106	1.8836037106	1.8836037106	1.8836037106	1.8836037106	1.8836037106	1.8836037106	1.8836037106	1.8836037106	1.8836037106	1.8836037106	1.8836037106	1.8836037106	1.8836037106	1.8836037106	1.8836037106	1.8836037106	1.8836037106	1.8836037106	1.8836037106	1.8836037106	1.8836037106	1.8836037106	1.8836037106	1.8836037106	1.8836037106	1.8836037106	1.8836037106	1.8836037106	1.8836037106	1.8836037106	1.8836037106	1.8836037106	1.8836037106	1.8836037106	1.8836037106	1.8836037106	1.8836037106	1.8836037106	1.8836037106	1.8836037106	1.8836037106	1.8836037106	1.8836037106	1.8836037106	1.8836037106	1.8836037106	1.8836037106	1.8836037106	1.8836037106	1.8836037106	1.8836037106	1.8836037106	1.8836037106	1.8836037106	1.8836037106	1.8836037106	1.8836037106	1.8836037106
1.8836037106	1.8836037106	1.8836037106	1.8836037106	1.8836037106	1.8836037106	1.8836037106	1.8836037106	1.8836037106	1.8836037106	1.8836037106	1.8836037106	1.8836037106	1.8836037106	1.8836037106	1.8836037106	1.8836037106	1.8836037106	1.8836037106	1.8836037106	1.8836037106	1.8836037106	1.8836037106	1.8836037106	1.8836037106	1.8836037106	1.8836037106	1.8836037106	1.8836037106	1.8836037106	1.8836037106	1.8836037106	1.8836037106	1.8836037106	1.8836037106	1.8836037106	1.8836037106	1.8836037106	1.8836037106	1.8836037106	1.8836037106	1.8836037106	1.8836037106	1.8836037106	1.8836037106	1.8836037106	1.8836037106	1.8836037106	1.8836037106	1.8836037106	1.8836037106	1.8836037106	1.8836037106	1.8836037106	1.8836037106	1.8836037106	1.8836037106	1.8836037106	1.8836037106	1.8836037106	1.8836037106	2.1737955157	2.1761437331	2.1784866088	2.1808281024	2.1831738415	2.1855180901	2.1878587372	2.1901947597	2.1925338284	2.1948660324	2.1971894155	2.1995102224	2.2018233572	2.2041276774	2.2064195522	2.2087043321	2.2109803455	2.2132414047	2.2154883405	2.2177202162	2.2199406809	2.2221422204	2.2243234982	2.2264903184	2.2286369279	2.2307620989	2.2328639107	2.2349411315	2.2369990791	2.2390304202	2.2410331792	2.2430086088	2.2449564316	2.2468748211	2.2487617768	2.2506148967	2.2524331657	2.2542222870	2.2559755522	2.2576908549	2.2593671454	2.2610055335	2.2626035151	2.2641617393	2.2656786354	2.2671515009	2.2685794031	2.2699614242	2.2712996733	2.2725914138	2.2738344578	2.2750288568	2.2761728991	2.2772656972	2.2783070985	2.2792958068	2.2802309045	2.2811118931	2.2819401294	2.2827124655	2.2834282437	2.2840868325	2.2846876268	2.2852300491	2.2857135496	2.2861376071	2.2865017295	2.2868054546	2.2870483513	2.2872300200	2.2873500930	2.2874082341	2.2874041392	2.2873375364	2.2872081865	2.2870158826	2.2867604511	2.2864417521	2.2860596793	2.2856141611	2.2851051595	2.2845326704	2.2838967232	2.2831973803	2.2824347376	2.2816089238	2.2807210639	2.2797723305	2.2787612004	2.2776879329	2.2765535356	2.2753578263	2.2741009942	2.2727843519	2.2714075794	2.2699722516	2.2684811102	2.2669312909	2.2653233175	2.2636577408	2.2619386121	2.2601641682	2.2583364500	2.2564545129	2.2545184103	2.2525295156	2.2504960359	2.2484106843	2.2462742099	2.2440904273	2.2418591693	2.2395845862	2.2372622758	2.2348942061	2.2324884598	2.2300391540	2.2275471753	2.2250140231	2.2224475766	2.2198409048	2.2171959189	2.2145181030	2.2118068453	2.2090587190	2.2062805288	2.2034750193	2.2006350242	2.1977682933	2.1948763724	2.1919546513	2.1890091858	2.1860426408	2.1830504700	2.1800350640	2.1770043777	2.1739450176	1.8836037106	1.8836037106	1.8836037106	1.8836037106	1.8836037106	1.8836037106	1.8836037106	1.8836037106	1.8836037106	1.8836037106	1.8836037106	1.8836037106	1.8836037106	1.8836037106	1.8836037106	1.8836037106	1.8836037106	1.8836037106	1.8836037106	1.8836037106	1.8836037106	1.8836037106	1.8836037106	1.8836037106	1.8836037106	1.8836037106	1.8836037106	1.8836037106	1.8836037106	1.8836037106	1.8836037106	1.8836037106	1.8836037106	1.8836037106	1.8836037106	1.8836037106	1.8836037106	1.8836037106	1.8836037106	1.8836037106	1.8836037106	1.8836037106	1.8836037106	1.8836037106	1.8836037106	1.8836037106	1.8836037106	1.8836037106	1.8836037106	1.8836037106	1.8836037106	1.8836037106	1.8836037106	1.8836037106	1.8836037106	1.8836037106	1.8836037106	1.8836037106	1.8836037106	1.8836037106	1.8836037106
1.8836037106	1.8836037106	1.8836037106	1.8836037106	1.8836037106	1.8836037106	1.8836037106	1.8836037106	1.8836037106	1.8836037106	1.8836037106	1.8836037106	1.8836037106	1.8836037106	1.8836037106	1.8836037106	1.8836037106	1.8836037106	1.8836037106	1.8836037106	1.8836037106	1.8836037106	1.8836037106	1.8836037106	1.8836037106	1.8836037106	1.8836037106	1.8836037106	1.8836037106	1.8836037106	1.8836037106	1.8836037106	1.8836037106	1.8836037106	1.8836037106	1.8836037106	1.8836037106	1.8836037106	1.8836037106	1.8836037106	1.8836037106	1.8836037106	1.8836037106	1.8836037106	1.8836037106	1.8836037106	1.8836037106	1.8836037106	1.8836037106	1.8836037106	1.8836037106	1.8836037106	1.8836037106	1.8836037106	1.8836037106	1.8836037106	1.8836037106	1.8836037106	1.8836037106	1.8836037106	1.8836037106	1.8836037106	2.1729563311	2.1752647069	2.1775680859	2.1798660025	2.1821675088	2.1844668341	2.1867623716	2.1890529366	2.1913403027	2.1936253802	2.1959007611	2.1981684915	2.2004288826	2.2026817526	2.2049218166	2.2071476428	2.2093680164	2.2115741214	2.2137633571	2.2159375319	2.2180946888	2.2202378689	2.2223599702	2.2244600125	2.2265440180	2.2286054575	2.2306436228	2.2326564842	2.2346431099	2.2366071853	2.2385441116	2.2404507536	2.2423265313	2.2441746275	2.2459899556	2.2477737383	2.2495221002	2.2512340568	2.2529095626	2.2545530215	2.2561569926	2.2577205869	2.2592427923	2.2607243041	2.2621633482	2.2635588663	2.2649120299	2.2662190606	2.2674790900	2.2686912665	2.2698547559	2.2709706913	2.2720378251	2.2730537161	2.2740176845	2.2749295798	2.2757879774	2.2765921860	2.2773415386	2.2780358267	2.2786740622	2.2792555493	2.2797797239	2.2802460492	2.2806540160	2.2810031438	2.2812937692	2.2815246002	2.2816951456	2.2818050450	2.2818539690	2.2818416194	2.2817677297	2.2816320650	2.2814344226	2.2811746320	2.2808531147	2.2804698217	2.2800242581	2.2795163865	2.2789462021	2.2783137327	2.2776190388	2.2768626894	2.2760444912	2.2751644908	2.2742228768	2.2732204429	2.2721571659	2.2710330824	2.2698501834	2.2686094816	2.2673091989	2.2659497366	2.2645315246	2.2630556098	2.2615252505	2.2599377431	2.2582960713	2.2565987577	2.2548461373	2.2530387775	2.2511839909	2.2492774724	2.2473183946	2.2453081580	2.2432500181	2.2411443559	2.2389921869	2.2367913438	2.2345451276	2.2322583419	2.2299270140	2.2275516826	2.2251338895	2.2226806861	2.2201864896	2.2176512319	2.2150829587	2.2124786080	2.2098369932	2.2071594561	2.2044572216	2.2017190411	2.1989498780	2.1961526027	2.1933276891	2.1904707421	2.1875962180	2.1846942237	2.1817663995	2.1788178748	2.1758471080	2.1728487171	1.8836037106	1.8836037106	1.8836037106	1.8836037106	1.8836037106	1.8836037106	1.8836037106	1.8836037106	1.8836037106	1.8836037106	1.8836037106	1.8836037106	1.8836037106	1.8836037106	1.8836037106	1.8836037106	1.8836037106	1.8836037106	1.8836037106	1.8836037106	1.8836037106	1.8836037106	1.8836037106	1.8836037106	1.8836037106	1.8836037106	1.8836037106	1.8836037106	1.8836037106	1.8836037106	1.8836037106	1.8836037106	1.8836037106	1.8836037106	1.8836037106	1.8836037106	1.8836037106	1.8836037106	1.8836037106	1.8836037106	1.8836037106	1.8836037106	1.8836037106	1.8836037106	1.8836037106	1.8836037106	1.8836037106	1.8836037106	1.8836037106	1.8836037106	1.8836037106	1.8836037106	1.8836037106	1.8836037106	1.8836037106	1.8836037106	1.8836037106	1.8836037106	1.8836037106	1.8836037106	1.8836037106	1.8836037106
1.8836037106	1.8836037106	1.8836037106	1.8836037106	1.8836037106	1.8836037106	1.8836037106	1.8836037106	1.8836037106	1.8836037106	1.8836037106	1.8836037106	1.8836037106	1.8836037106	1.8836037106	1.8836037106	1.8836037106	1.8836037106	1.8836037106	1.8836037106	1.8836037106	1.8836037106	1.8836037106	1.8836037106	1.8836037106	1.8836037106	1.8836037106	1.8836037106	1.8836037106	1.8836037106	1.8836037106	1.8836037106	1.8836037106	1.8836037106	1.8836037106	1.8836037106	1.8836037106	1.8836037106	1.8836037106	1.8836037106	1.8836037106	1.8836037106	1.8836037106	1.8836037106	1.8836037106	1.8836037106	1.8836037106	1.8836037106	1.8836037106	1.8836037106	1.8836037106	1.8836037106	1.8836037106	1.8836037106	1.8836037106	1.8836037106	1.8836037106	1.8836037106	1.8836037106	1.8836037106	1.8836037106	1.8836037106	1.8836037106	1.8836037106	2.1743169479	2.1765805522	2.1788369849	2.1810909222	2.1833450276	2.1855951421	2.1878387797	2.1900751177	2.1923108486	2.1945376732	2.1967530579	2.1989615268	2.2011594642	2.2033472581	2.2055199643	2.2076776195	2.2098285416	2.2119616820	2.2140761089	2.2161741670	2.2182533504	2.2203160283	2.2223558743	2.2243719186	2.2263695140	2.2283428718	2.2302914385	2.2322126159	2.2341061886	2.2359730528	2.2378132475	2.2396215361	2.2413969420	2.2431411284	2.2448525097	2.2465296480	2.2481714606	2.2497754142	2.2513405661	2.2528667260	2.2543580515	2.2558076220	2.2572145771	2.2585779973	2.2598972310	2.2611730666	2.2624026827	2.2635860252	2.2647236526	2.2658124896	2.2668517552	2.2678406882	2.2687785475	2.2696646132	2.2704986114	2.2712815494	2.2720104967	2.2726848251	2.2733039313	2.2738672378	2.2743745636	2.2748250100	2.2752180351	2.2755531686	2.2758299687	2.2760480233	2.2762069505	2.2763063983	2.2763460451	2.2763255998	2.2762448020	2.2761034221	2.2759012621	2.2756381553	2.2753139668	2.2749285943	2.2744819681	2.2739740506	2.2734052582	2.2727752894	2.2720841589	2.2713319565	2.2705188034	2.2696471866	2.2687156402	2.2677238896	2.2666721799	2.2655607870	2.2643900165	2.2631605219	2.2618753488	2.2605320387	2.2591320513	2.2576761982	2.2561636428	2.2545949479	2.2529705716	2.2512972578	2.2495708245	2.2477906645	2.2459573934	2.2440747256	2.2421409653	2.2401614783	2.2381317857	2.2360526001	2.2339296074	2.2317622194	2.2295496596	2.2272919436	2.2249902969	2.2226522604	2.2202715435	2.2178480267	2.2153904416	2.2128948028	2.2103611446	2.2077885926	2.2051896872	2.2025550136	2.1998857363	2.1971857057	2.1944595232	2.1916998254	2.1889147489	2.1861051989	2.1832674654	2.1804034589	2.1775219499	2.1746108036	1.8836037106	1.8836037106	1.8836037106	1.8836037106	1.8836037106	1.8836037106	1.8836037106	1.8836037106	1.8836037106	1.8836037106	1.8836037106	1.8836037106	1.8836037106	1.8836037106	1.8836037106	1.8836037106	1.8836037106	1.8836037106	1.8836037106	1.8836037106	1.8836037106	1.8836037106	1.8836037106	1.8836037106	1.8836037106	1.8836037106	1.8836037106	1.8836037106	1.8836037106	1.8836037106	1.8836037106	1.8836037106	1.8836037106	1.8836037106	1.8836037106	1.8836037106	1.8836037106	1.8836037106	1.8836037106	1.8836037106	1.8836037106	1.8836037106	1.8836037106	1.8836037106	1.8836037106	1.8836037106	1.8836037106	1.8836037106	1.8836037106	1.8836037106	1.8836037106	1.8836037106	1.8836037106	1.8836037106	1.8836037106	1.8836037106	1.8836037106	1.8836037106	1.8836037106	1.8836037106	1.8836037106	1.8836037106	1.8836037106	1.8836037106
1.8836037106	1.8836037106	1.8836037106	1.8836037106	1.8836037106	1.8836037106	1.8836037106	1.8836037106	1.8836037106	1.8836037106	1.8836037106	1.8836037106	1.8836037106	1.8836037106	1.8836037106	1.8836037106	1.8836037106	1.8836037106	1.8836037106	1.8836037106	1.8836037106	1.8836037106	1.8836037106	1.8836037106	1.8836037106	1.8836037106	1.8836037106	1.8836037106	1.8836037106	1.8836037106	1.8836037106	1.8836037106	1.8836037106	1.8836037106	1.8836037106	1.8836037106	1.8836037106	1.8836037106	1.8836037106	1.8836037106	1.8836037106	1.8836037106	1.8836037106	1.8836037106	1.8836037106	1.8836037106	1.8836037106	1.8836037106	1.8836037106	1.8836037106	1.8836037106	1.8836037106	1.8836037106	1.8836037106	1.8836037106	1.8836037106	1.8836037106	1.8836037106	1.8836037106	1.8836037106	1.8836037106	1.8836037106	1.8836037106	1.8836037106	1.8836037106	2.1733011592	2.1755240724	2.1777388310	2.1799458905	2.1821539952	2.1843568278	2.1865533049	2.1887419606	2.1909230819	2.1931008325	2.1952663181	2.1974192382	2.1995642206	2.2016967390	2.2038159377	2.2059183179	2.2080056169	2.2100823731	2.2121396452	2.2141764372	2.2161951829	2.2181929520	2.2201724399	2.2221274003	2.2240568766	2.2259646560	2.2278476411	2.2297038073	2.2315309307	2.2333290643	2.2350959419	2.2368369810	2.2385449192	2.2402184674	2.2418566833	2.2434621392	2.2450311559	2.2465636549	2.2480581841	2.2495125990	2.2509260052	2.2522975198	2.2536303789	2.2549211981	2.2561673605	2.2573680874	2.2585225137	2.2596298393	2.2606908614	2.2617033634	2.2626663972	2.2635800015	2.2644441734	2.2652566350	2.2660167257	2.2667238084	2.2673772700	2.2679765214	2.2685209987	2.2690101631	2.2694435022	2.2698205298	2.2701407872	2.2704039616	2.2706100807	2.2707580360	2.2708474830	2.2708781067	2.2708496219	2.2707617735	2.2706143365	2.2704071168	2.2701406857	2.2698144983	2.2694283259	2.2689821000	2.2684757834	2.2679093700	2.2672828852	2.2665963849	2.2658499559	2.2650437156	2.2641778122	2.2632525049	2.2622703771	2.2612293643	2.2601297349	2.2589730947	2.2577591940	2.2564877508	2.2551591939	2.2537738977	2.2523338953	2.2508430211	2.2492970206	2.2476964027	2.2460417006	2.2443360461	2.2425782471	2.2407720178	2.2389154104	2.2370079597	2.2350508450	2.2330516161	2.2310043851	2.2289104797	2.2267710595	2.2245867016	2.2223648317	2.2200983250	2.2177880921	2.2154422679	2.2130568815	2.2106323677	2.2081677879	2.2056731062	2.2031433643	2.2005760764	2.1979779914	2.1953498896	2.1926892257	2.1899966030	2.1872818885	2.1845375541	2.1817650168	2.1789688425	2.1761485627	2.1732973883	1.8836037106	1.8836037106	1.8836037106	1.8836037106	1.8836037106	1.8836037106	1.8836037106	1.8836037106	1.8836037106	1.8836037106	1.8836037106	1.8836037106	1.8836037106	1.8836037106	1.8836037106	1.8836037106	1.8836037106	1.8836037106	1.8836037106	1.8836037106	1.8836037106	1.8836037106	1.8836037106	1.8836037106	1.8836037106	1.8836037106	1.8836037106	1.8836037106	1.8836037106	1.8836037106	1.8836037106	1.8836037106	1.8836037106	1.8836037106	1.8836037106	1.8836037106	1.8836037106	1.8836037106	1.8836037106	1.8836037106	1.8836037106	1.8836037106	1.8836037106	1.8836037106	1.8836037106	1.8836037106	1.8836037106	1.8836037106	1.8836037106	1.8836037106	1.8836037106	1.8836037106	1.8836037106	1.8836037106	1.8836037106	1.8836037106	1.8836037106	1.8836037106	1.8836037106	1.8836037106	1.8836037106	1.8836037106	1.8836037106	1.8836037106	1.8836037106
1.8836037106	1.8836037106	1.8836037106	1.8836037106	1.8836037106	1.8836037106	1.8836037106	1.8836037106	1.8836037106	1.8836037106	1.8836037106	1.8836037106	1.8836037106	1.8836037106	1.8836037106	1.8836037106	1.8836037106	1.8836037106	1.8836037106	1.8836037106	1.8836037106	1.8836037106	1.8836037106	1.8836037106	1.8836037106	1.8836037106	1.8836037106	1.8836037106	1.8836037106	1.8836037106	1.8836037106	1.8836037106	1.8836037106	1.8836037106	1.8836037106	1.8836037106	1.8836037106	1.8836037106	1.8836037106	1.8836037106	1.8836037106	1.8836037106	1.8836037106	1.8836037106	1.8836037106	1.8836037106	1.8836037106	1.8836037106	1.8836037106	1.8836037106	1.8836037106	1.8836037106	1.8836037106	1.8836037106	1.8836037106	1.8836037106	1.8836037106	1.8836037106	1.8836037106	1.8836037106	1.8836037106	1.8836037106	1.8836037106	1.8836037106	1.8836037106	1.8836037106	1.8836037106	2.1743987278	2.1765717606	2.1787353574	2.1808930889	2.1830488628	2.1851975267	2.1873371452	2.1894673231	2.1915909857	2.1937061222	2.1958072996	2.1978957095	2.1999727924	2.2020365310	2.2040842739	2.2061135053	2.2081265936	2.2101264312	2.2121050955	2.2140615977	2.2159980079	2.2179110979	2.2198048979	2.2216725376	2.2235130764	2.2253278337	2.2271183417	2.2288795476	2.2306109799	2.2323110074	2.2339790934	2.2356150584	2.2372208975	2.2387909338	2.2403242571	2.2418199655	2.2432801794	2.2447018532	2.2460839358	2.2474265736	2.2487270422	2.2499845023	2.2511981292	2.2523671129	2.2534941657	2.2545762622	2.2556111749	2.2565981744	2.2575365419	2.2584255416	2.2592644860	2.2600532157	2.2607913116	2.2614773332	2.2621106812	2.2626907803	2.2632170795	2.2636900991	2.2641083227	2.2644711018	2.2647779870	2.2650285564	2.2652224162	2.2653592011	2.2654385748	2.2654602294	2.2654238863	2.2653292961	2.2651762389	2.2649645248	2.2646939936	2.2643645159	2.2639759926	2.2635283560	2.2630222447	2.2624577587	2.2618342919	2.2611518984	2.2604106620	2.2596109327	2.2587538233	2.2578384000	2.2568648652	2.2558334687	2.2547444851	2.2535981753	2.2523961916	2.2511417579	2.2498312799	2.2484651542	2.2470438030	2.2455678816	2.2440403827	2.2424591785	2.2408284501	2.2391460039	2.2374116218	2.2356258889	2.2337948990	2.2319157361	2.2299888004	2.2280137113	2.2259927445	2.2239278455	2.2218215419	2.2196697018	2.2174742090	2.2152407580	2.2129668962	2.2106524544	2.2082968355	2.2059087554	2.2034851237	2.2010225866	2.1985270432	2.1959990943	2.1934390083	2.1908436222	2.1882243047	2.1855750477	2.1828955298	2.1801872982	2.1774591746	2.1746989524	1.8836037106	1.8836037106	1.8836037106	1.8836037106	1.8836037106	1.8836037106	1.8836037106	1.8836037106	1.8836037106	1.8836037106	1.8836037106	1.8836037106	1.8836037106	1.8836037106	1.8836037106	1.8836037106	1.8836037106	1.8836037106	1.8836037106	1.8836037106	1.8836037106	1.8836037106	1.8836037106	1.8836037106	1.8836037106	1.8836037106	1.8836037106	1.8836037106	1.8836037106	1.8836037106	1.8836037106	1.8836037106	1.8836037106	1.8836037106	1.8836037106	1.8836037106	1.8836037106	1.8836037106	1.8836037106	1.8836037106	1.8836037106	1.8836037106	1.8836037106	1.8836037106	1.8836037106	1.8836037106	1.8836037106	1.8836037106	1.8836037106	1.8836037106	1.8836037106	1.8836037106	1.8836037106	1.8836037106	1.8836037106	1.8836037106	1.8836037106	1.8836037106	1.8836037106	1.8836037106	1.8836037106	1.8836037106	1.8836037106	1.8836037106	1.8836037106	1.8836037106	1.8836037106
1.8836037106	1.8836037106	1.8836037106	1.8836037106	1.8836037106	1.8836037106	1.8836037106	1.8836037106	1.8836037106	1.8836037106	1.8836037106	1.8836037106	1.8836037106	1.8836037106	1.8836037106	1.8836037106	1.8836037106	1.8836037106	1.8836037106	1.8836037106	1.8836037106	1.8836037106	1.8836037106	1.8836037106	1.8836037106	1.8836037106	1.8836037106	1.8836037106	1.8836037106	1.8836037106	1.8836037106	1.8836037106	1.8836037106	1.8836037106	1.8836037106	1.8836037106	1.8836037106	1.8836037106	1.8836037106	1.8836037106	1.8836037106	1.8836037106	1.8836037106	1.8836037106	1.8836037106	1.8836037106	1.8836037106	1.8836037106	1.8836037106	1.8836037106	1.8836037106	1.8836037106	1.8836037106	1.8836037106	1.8836037106	1.8836037106	1.8836037106	1.8836037106	1.8836037106	1.8836037106	1.8836037106	1.8836037106	1.8836037106	1.8836037106	1.8836037106	1.8836037106	1.8836037106	1.8836037106	2.1732056383	2.1753358792	2.1774560041	2.1795659042	2.1816721453	2.1837714121	2.1858624946	2.1879425601	2.1900108897	2.1920733176	2.1941229638	2.1961569906	2.1981774734	2.2001838745	2.2021756084	2.2041491850	2.2061026008	2.2080377718	2.2099581080	2.2118556002	2.2137293388	2.2155805727	2.2174072684	2.2192117170	2.2209898039	2.2227392444	2.2244591193	2.2261539963	2.2278184918	2.2294519266	2.2310524392	2.2326194837	2.2341518971	2.2356500639	2.2371151886	2.2385423199	2.2399305923	2.2412791502	2.2425882826	2.2438583449	2.2450860838	2.2462718357	2.2474147147	2.2485128094	2.2495653576	2.2505716140	2.2515308509	2.2524423589	2.2533081347	2.2541257341	2.2548933742	2.2556104241	2.2562762780	2.2568903729	2.2574521188	2.2579609768	2.2584164325	2.2588179962	2.2591652037	2.2594576167	2.2596948238	2.2598766514	2.2600025335	2.2600720464	2.2600848891	2.2600407892	2.2599395029	2.2597808150	2.2595648530	2.2592912933	2.2589599593	2.2585707542	2.2581236112	2.2576184934	2.2570553939	2.2564343352	2.2557553901	2.2550186310	2.2542241588	2.2533721130	2.2524636983	2.2515012964	2.2504821636	2.2494065533	2.2482747465	2.2470870516	2.2458438033	2.2445475314	2.2431968815	2.2417929752	2.2403381501	2.2388300783	2.2372692425	2.2356561488	2.2339960185	2.2322867794	2.2305281648	2.2287202908	2.2268647659	2.2249613101	2.2230168027	2.2210261293	2.2189891372	2.2169094942	2.2147888249	2.2126274897	2.2104237854	2.2081778574	2.2058984922	2.2035818988	2.2012253049	2.1988338393	2.1964080108	2.1939498089	2.1914550717	2.1889317593	2.1863793644	2.1837950106	2.1811811283	2.1785424661	2.1758751488	2.1731755592	1.8836037106	1.8836037106	1.8836037106	1.8836037106	1.8836037106	1.8836037106	1.8836037106	1.8836037106	1.8836037106	1.8836037106	1.8836037106	1.8836037106	1.8836037106	1.8836037106	1.8836037106	1.8836037106	1.8836037106	1.8836037106	1.8836037106	1.8836037106	1.8836037106	1.8836037106	1.8836037106	1.8836037106	1.8836037106	1.8836037106	1.8836037106	1.8836037106	1.8836037106	1.8836037106	1.8836037106	1.8836037106	1.8836037106	1.8836037106	1.8836037106	1.8836037106	1.8836037106	1.8836037106	1.8836037106	1.8836037106	1.8836037106	1.8836037106	1.8836037106	1.8836037106	1.8836037106	1.8836037106	1.8836037106	1.8836037106	1.8836037106	1.8836037106	1.8836037106	1.8836037106	1.8836037106	1.8836037106	1.8836037106	1.8836037106	1.8836037106	1.8836037106	1.8836037106	1.8836037106	1.8836037106	1.8836037106	1.8836037106	1.8836037106	1.8836037106	1.8836037106	1.8836037106	1.8836037106
1.8836037106	1.8836037106	1.8836037106	1.8836037106	1.8836037106	1.8836037106	1.8836037106	1.8836037106	1.8836037106	1.8836037106	1.8836037106	1.8836037106	1.8836037106	1.8836037106	1.8836037106	1.8836037106	1.8836037106	1.8836037106	1.8836037106	1.8836037106	1.8836037106	1.8836037106	1.8836037106	1.8836037106	1.8836037106	1.8836037106	1.8836037106	1.8836037106	1.8836037106	1.8836037106	1.8836037106	1.8836037106	1.8836037106	1.8836037106	1.8836037106	1.8836037106	1.8836037106	1.8836037106	1.8836037106	1.8836037106	1.8836037106	1.8836037106	1.8836037106	1.8836037106	1.8836037106	1.8836037106	1.8836037106	1.8836037106	1.8836037106	1.8836037106	1.8836037106	1.8836037106	1.8836037106	1.8836037106	1.8836037106	1.8836037106	1.8836037106	1.8836037106	1.8836037106	1.8836037106	1.8836037106	1.8836037106	1.8836037106	1.8836037106	1.8836037106	1.8836037106	1.8836037106	1.8836037106	1.8836037106	1.8836037106	2.1740311894	2.1761080604	2.1781729167	2.1802264697	2.1822776369	2.1843180997	2.1863478823	2.1883653825	2.1903690561	2.1923665859	2.1943479995	2.1963121707	2.1982614421	2.2001945274	2.2021111793	2.2040080400	2.2058831407	2.2077368487	2.2095752795	2.2113892187	2.2131779089	2.2149413170	2.2166797290	2.2183917378	2.2200782510	2.2217346484	2.2233600348	2.2249543204	2.2265211334	2.2280541469	2.2295539666	2.2310183889	2.2324470185	2.2338389134	2.2351926694	2.2365125693	2.2377924724	2.2390315638	2.2402290417	2.2413841181	2.2424969034	2.2435677815	2.2445938606	2.2455744121	2.2465103250	2.2473994103	2.2482407966	2.2490338275	2.2497778669	2.2504722998	2.2511165331	2.2517099957	2.2522521392	2.2527426349	2.2531825249	2.2535693577	2.2539026787	2.2541820587	2.2544070948	2.2545774106	2.2546926573	2.2547525131	2.2547566836	2.2547049022	2.2545969302	2.2544325568	2.2542116000	2.2539339060	2.2535993503	2.2532078372	2.2527593009	2.2522556610	2.2516954750	2.2510784938	2.2504047672	2.2496743736	2.2488874199	2.2480440410	2.2471444002	2.2461886888	2.2451780825	2.2441129618	2.2429926168	2.2418183105	2.2405917862	2.2393111629	2.2379768164	2.2365891472	2.2351487120	2.2336615783	2.2321226711	2.2305335098	2.2288939967	2.2272054312	2.2254680363	2.2236858063	2.2218581632	2.2199829104	2.2180606749	2.2160977079	2.2140905191	2.2120418820	2.2099493179	2.2078135517	2.2056447457	2.2034358667	2.2011859926	2.1989000577	2.1965780693	2.1942228176	2.1918298949	2.1894049674	2.1869509996	2.1844642823	2.1819457656	2.1793985600	2.1768252856	2.1742179385	1.8836037106	1.8836037106	1.8836037106	1.8836037106	1.8836037106	1.8836037106	1.8836037106	1.8836037106	1.8836037106	1.8836037106	1.8836037106	1.8836037106	1.8836037106	1.8836037106	1.8836037106	1.8836037106	1.8836037106	1.8836037106	1.8836037106	1.8836037106	1.8836037106	1.8836037106	1.8836037106	1.8836037106	1.8836037106	1.8836037106	1.8836037106	1.8836037106	1.8836037106	1.8836037106	1.8836037106	1.8836037106	1.8836037106	1.8836037106	1.8836037106	1.8836037106	1.8836037106	1.8836037106	1.8836037106	1.8836037106	1.8836037106	1.8836037106	1.8836037106	1.8836037106	1.8836037106	1.8836037106	1.8836037106	1.8836037106	1.8836037106	1.8836037106	1.8836037106	1.8836037106	1.8836037106	1.8836037106	1.8836037106	1.8836037106	1.8836037106	1.8836037106	1.8836037106	1.8836037106	1.8836037106	1.8836037106	1.8836037106	1.8836037106	1.8836037106	1.8836037106	1.8836037106	1.8836037106	1.8836037106	1.8836037106
1.8836037106	1.8836037106	1.8836037106	1.8836037106	1.8836037106	1.8836037106	1.8836037106	1.8836037106	1.8836037106	1.8836037106	1.8836037106	1.8836037106	1.8836037106	1.8836037106	1.8836037106	1.8836037106	1.8836037106	1.8836037106	1.8836037106	1.8836037106	1.8836037106	1.8836037106	1.8836037106	1.8836037106	1.8836037106	1.8836037106	1.8836037106	1.8836037106	1.8836037106	1.8836037106	1.8836037106	1.8836037106	1.8836037106	1.8836037106	1.8836037106	1.8836037106	1.8836037106	1.8836037106	1.8836037106	1.8836037106	1.8836037106	1.8836037106	1.8836037106	1.8836037106	1.8836037106	1.8836037106	1.8836037106	1.8836037106	1.8836037106	1.8836037106	1.8836037106	1.8836037106	1.8836037106	1.8836037106	1.8836037106	1.8836037106	1.8836037106	1.8836037106	1.8836037106	1.8836037106	1.8836037106	1.8836037106	1.8836037106	1.8836037106	1.8836037106	1.8836037106	1.8836037106	1.8836037106	1.8836037106	1.8836037106	1.8836037106	2.1726608626	2.1746916237	2.1767116903	2.1787187810	2.1807153015	2.1827058538	2.1846844827	2.1866502134	2.1886022661	2.1905391830	2.1924677034	2.1943782833	2.1962700404	2.1981449603	2.2000022548	2.2018409067	2.2036586726	2.2054531339	2.2072234136	2.2089763120	2.2107045464	2.2124060629	2.2140797749	2.2157273733	2.2173458951	2.2189374692	2.2204991026	2.2220283639	2.2235243903	2.2249872552	2.2264198417	2.2278165060	2.2291774750	2.2305012704	2.2317866965	2.2330338928	2.2342410085	2.2354081519	2.2365372216	2.2376237364	2.2386669531	2.2396661437	2.2406205965	2.2415296166	2.2423931287	2.2432114941	2.2439823212	2.2447049881	2.2453788941	2.2460040887	2.2465798593	2.2471050978	2.2475792899	2.2480019442	2.2483725934	2.2486907940	2.2489561276	2.2491682014	2.2493266484	2.2494311282	2.2494813269	2.2494769574	2.2494177593	2.2493034996	2.2491339726	2.2489090002	2.2486284323	2.2482921468	2.2479000501	2.2474520773	2.2469481918	2.2463883855	2.2457726783	2.2451022206	2.2443762784	2.2435947697	2.2427578253	2.2418664358	2.2409216985	2.2399222322	2.2388682766	2.2377600973	2.2365979863	2.2353822605	2.2341174742	2.2328007794	2.2314320134	2.2300123647	2.2285413018	2.2270206240	2.2254498809	2.2238328096	2.2221692697	2.2204570653	2.2186967555	2.2168919511	2.2150431713	2.2131505999	2.2112138566	2.2092325726	2.2072086653	2.2051505044	2.2030497633	2.2009071361	2.1987279322	2.1965112534	2.1942597763	2.1919695922	2.1896451828	2.1872912120	2.1849030939	2.1824815250	2.1800280246	2.1775499054	2.1750370498	2.1724925627	1.8836037106	1.8836037106	1.8836037106	1.8836037106	1.8836037106	1.8836037106	1.8836037106	1.8836037106	1.8836037106	1.8836037106	1.8836037106	1.8836037106	1.8836037106	1.8836037106	1.8836037106	1.8836037106	1.8836037106	1.8836037106	1.8836037106	1.8836037106	1.8836037106	1.8836037106	1.8836037106	1.8836037106	1.8836037106	1.8836037106	1.8836037106	1.8836037106	1.8836037106	1.8836037106	1.8836037106	1.8836037106	1.8836037106	1.8836037106	1.8836037106	1.8836037106	1.8836037106	1.8836037106	1.8836037106	1.8836037106	1.8836037106	1.8836037106	1.8836037106	1.8836037106	1.8836037106	1.8836037106	1.8836037106	1.8836037106	1.8836037106	1.8836037106	1.8836037106	1.8836037106	1.8836037106	1.8836037106	1.8836037106	1.8836037106	1.8836037106	1.8836037106	1.8836037106	1.8836037106	1.8836037106	1.8836037106	1.8836037106	1.8836037106	1.8836037106	1.8836037106	1.8836037106	1.8836037106	1.8836037106	1.8836037106	1.8836037106
1.8836037106	1.8836037106	1.8836037106	1.8836037106	1.8836037106	1.8836037106	1.8836037106	1.8836037106	1.8836037106	1.8836037106	1.8836037106	1.8836037106	1.8836037106	1.8836037106	1.8836037106	1.8836037106	1.8836037106	1.8836037106	1.8836037106	1.8836037106	1.8836037106	1.8836037106	1.8836037106	1.8836037106	1.8836037106	1.8836037106	1.8836037106	1.8836037106	1.8836037106	1.8836037106	1.8836037106	1.8836037106	1.8836037106	1.8836037106	1.8836037106	1.8836037106	1.8836037106	1.8836037106	1.8836037106	1.8836037106	1.8836037106	1.8836037106	1.8836037106	1.8836037106	1.8836037106	1.8836037106	1.8836037106	1.8836037106	1.8836037106	1.8836037106	1.8836037106	1.8836037106	1.8836037106	1.8836037106	1.8836037106	1.8836037106	1.8836037106	1.8836037106	1.8836037106	1.8836037106	1.8836037106	1.8836037106	1.8836037106	1.8836037106	1.8836037106	1.8836037106	1.8836037106	1.8836037106	1.8836037106	1.8836037106	1.8836037106	1.8836037106	1.8836037106	2.1732077632	2.1751823547	2.1771432825	2.1790900883	2.1810263329	2.1829534573	2.1848673475	2.1867664088	2.1886502663	2.1905172204	2.1923739988	2.1942112956	2.1960282364	2.1978258191	2.1996050152	2.2013629172	2.2030993873	2.2048110683	2.2064970990	2.2081600688	2.2098007167	2.2114130665	2.2129963604	2.2145498894	2.2160750892	2.2175684324	2.2190329677	2.2204646992	2.2218619527	2.2232239036	2.2245497355	2.2258429110	2.2270989969	2.2283165267	2.2294958287	2.2306348833	2.2317329658	2.2327902107	2.2338049544	2.2347764869	2.2357061789	2.2365927156	2.2374338288	2.2382288733	2.2389772224	2.2396782690	2.2403314263	2.2409361280	2.2414918291	2.2419980060	2.2424549273	2.2428616796	2.2432173327	2.2435214534	2.2437736326	2.2439734863	2.2441206558	2.2442148082	2.2442556366	2.2442428599	2.2441762236	2.2440554995	2.2438804861	2.2436510092	2.2433669216	2.2430281033	2.2426344624	2.2421859349	2.2416838139	2.2411269494	2.2405153211	2.2398489748	2.2391279837	2.2383524479	2.2375224945	2.2366382771	2.2356999763	2.2347096680	2.2336679686	2.2325730955	2.2314255744	2.2302262837	2.2289747890	2.2276720609	2.2263187590	2.2249144480	2.2234645861	2.2219654271	2.2204167919	2.2188191676	2.2171751771	2.2154865876	2.2137519560	2.2119728620	2.2101478685	2.2082776170	2.2063684112	2.2044193030	2.2024268708	2.2003923750	2.1983202416	2.1962100902	2.1940629708	2.1918762099	2.1896542050	2.1874011837	2.1851127724	2.1827895103	2.1804325402	2.1780498668	2.1756324336	2.1731801570	1.8836037106	1.8836037106	1.8836037106	1.8836037106	1.8836037106	1.8836037106	1.8836037106	1.8836037106	1.8836037106	1.8836037106	1.8836037106	1.8836037106	1.8836037106	1.8836037106	1.8836037106	1.8836037106	1.8836037106	1.8836037106	1.8836037106	1.8836037106	1.8836037106	1.8836037106	1.8836037106	1.8836037106	1.8836037106	1.8836037106	1.8836037106	1.8836037106	1.8836037106	1.8836037106	1.8836037106	1.8836037106	1.8836037106	1.8836037106	1.8836037106	1.8836037106	1.8836037106	1.8836037106	1.8836037106	1.8836037106	1.8836037106	1.8836037106	1.8836037106	1.8836037106	1.8836037106	1.8836037106	1.8836037106	1.8836037106	1.8836037106	1.8836037106	1.8836037106	1.8836037106	1.8836037106	1.8836037106	1.8836037106	1.8836037106	1.8836037106	1.8836037106	1.8836037106	1.8836037106	1.8836037106	1.8836037106	1.8836037106	1.8836037106	1.8836037106	1.8836037106	1.8836037106	1.8836037106	1.8836037106	1.8836037106	1.8836037106	1.8836037106	1.8836037106
1.8836037106	1.8836037106	1.8836037106	1.8836037106	1.8836037106	1.8836037106	1.8836037106	1.8836037106	1.8836037106	1.8836037106	1.8836037106	1.8836037106	1.8836037106	1.8836037106	1.8836037106	1.8836037106	1.8836037106	1.8836037106	1.8836037106	1.8836037106	1.8836037106	1.8836037106	1.8836037106	1.8836037106	1.8836037106	1.8836037106	1.8836037106	1.8836037106	1.8836037106	1.8836037106	1.8836037106	1.8836037106	1.8836037106	1.8836037106	1.8836037106	1.8836037106	1.8836037106	1.8836037106	1.8836037106	1.8836037106	1.8836037106	1.8836037106	1.8836037106	1.8836037106	1.8836037106	1.8836037106	1.8836037106	1.8836037106	1.8836037106	1.8836037106	1.8836037106	1.8836037106	1.8836037106	1.8836037106	1.8836037106	1.8836037106	1.8836037106	1.8836037106	1.8836037106	1.8836037106	1.8836037106	1.8836037106	1.8836037106	1.8836037106	1.8836037106	1.8836037106	1.8836037106	1.8836037106	1.8836037106	1.8836037106	1.8836037106	1.8836037106	1.8836037106	1.8836037106	1.8836037106	2.1735847346	2.1755001441	2.1773996154	2.1792836960	2.1811563513	2.1830175053	2.1848638767	2.1866937909	2.1885068498	2.1903010985	2.1920832324	2.1938449539	2.1955848395	2.1973022631	2.1990012284	2.2006758072	2.2023289660	2.2039559162	2.2055558146	2.2071278208	2.2086772262	2.2101988199	2.2116899821	2.2131498750	2.2145779396	2.2159752891	2.2173387290	2.2186701737	2.2199675765	2.2212285607	2.2224523454	2.2236381604	2.2247853887	2.2258973409	2.2269689270	2.2279994238	2.2289889755	2.2299362368	2.2308402788	2.2317004381	2.2325167852	2.2332879351	2.2340132758	2.2346922154	2.2353247437	2.2359114963	2.2364500013	2.2369397460	2.2373802393	2.2377710124	2.2381116189	2.2384016357	2.2386406634	2.2388283269	2.2389642757	2.2390481848	2.2390797540	2.2390587088	2.2389848001	2.2388578048	2.2386775260	2.2384437929	2.2381564613	2.2378154139	2.2374205601	2.2369718367	2.2364692075	2.2359126633	2.2353022214	2.2346400704	2.2339248220	2.2331560995	2.2323340258	2.2314589630	2.2305314760	2.2295512088	2.2285183876	2.2274341436	2.2262982596	2.2251107063	2.2238752319	2.2225903693	2.2212550753	2.2198697405	2.2184347776	2.2169534547	2.2154255092	2.2138504787	2.2122299491	2.2105624677	2.2088487200	2.2070911413	2.2052954499	2.2034552056	2.2015710024	2.1996458497	2.1976802962	2.1956776375	2.1936352195	2.1915523271	2.1894343644	2.1872829393	2.1850951854	2.1828713694	2.1806128283	2.1783264124	2.1760052088	2.1736471652	1.8836037106	1.8836037106	1.8836037106	1.8836037106	1.8836037106	1.8836037106	1.8836037106	1.8836037106	1.8836037106	1.8836037106	1.8836037106	1.8836037106	1.8836037106	1.8836037106	1.8836037106	1.8836037106	1.8836037106	1.8836037106	1.8836037106	1.8836037106	1.8836037106	1.8836037106	1.8836037106	1.8836037106	1.8836037106	1.8836037106	1.8836037106	1.8836037106	1.8836037106	1.8836037106	1.8836037106	1.8836037106	1.8836037106	1.8836037106	1.8836037106	1.8836037106	1.8836037106	1.8836037106	1.8836037106	1.8836037106	1.8836037106	1.8836037106	1.8836037106	1.8836037106	1.8836037106	1.8836037106	1.8836037106	1.8836037106	1.8836037106	1.8836037106	1.8836037106	1.8836037106	1.8836037106	1.8836037106	1.8836037106	1.8836037106	1.8836037106	1.8836037106	1.8836037106	1.8836037106	1.8836037106	1.8836037106	1.8836037106	1.8836037106	1.8836037106	1.8836037106	1.8836037106	1.8836037106	1.8836037106	1.8836037106	1.8836037106	1.8836037106	1.8836037106	1.8836037106	1.8836037106
1.8836037106	1.8836037106	1.8836037106	1.8836037106	1.8836037106	1.8836037106	1.8836037106	1.8836037106	1.8836037106	1.8836037106	1.8836037106	1.8836037106	1.8836037106	1.8836037106	1.8836037106	1.8836037106	1.8836037106	1.8836037106	1.8836037106	1.8836037106	1.8836037106	1.8836037106	1.8836037106	1.8836037106	1.8836037106	1.8836037106	1.8836037106	1.8836037106	1.8836037106	1.8836037106	1.8836037106	1.8836037106	1.8836037106	1.8836037106	1.8836037106	1.8836037106	1.8836037106	1.8836037106	1.8836037106	1.8836037106	1.8836037106	1.8836037106	1.8836037106	1.8836037106	1.8836037106	1.8836037106	1.8836037106	1.8836037106	1.8836037106	1.8836037106	1.8836037106	1.8836037106	1.8836037106	1.8836037106	1.8836037106	1.8836037106	1.8836037106	1.8836037106	1.8836037106	1.8836037106	1.8836037106	1.8836037106	1.8836037106	1.8836037106	1.8836037106	1.8836037106	1.8836037106	1.8836037106	1.8836037106	1.8836037106	1.8836037106	1.8836037106	1.8836037106	1.8836037106	1.8836037106	1.8836037106	1.8836037106	2.1737892192	2.1756421071	2.1774778472	2.1792968226	2.1811026665	2.1828954427	2.1846716610	2.1864301037	2.1881699098	2.1898896926	2.1915935999	2.1932776202	2.1949383837	2.1965750490	2.1981897819	2.1997807230	2.2013466725	2.2028871377	2.2043992225	2.2058821089	2.2073349829	2.2087636124	2.2101612802	2.2115264517	2.2128583560	2.2141560799	2.2154208589	2.2166502691	2.2178431650	2.2190024419	2.2201235398	2.2212057274	2.2222482859	2.2232505099	2.2242117075	2.2251326988	2.2260132643	2.2268506492	2.2276442210	2.2283935543	2.2290984577	2.2297577063	2.2303707401	2.2309370188	2.2314560222	2.2319274497	2.2323507969	2.2327253908	2.2330507961	2.2333266001	2.2335524132	2.2337278694	2.2338526269	2.2339263684	2.2339488011	2.2339196566	2.2338386921	2.2337056894	2.2335204562	2.2332828255	2.2329926563	2.2326498334	2.2322542682	2.2318058984	2.2313050363	2.2307514624	2.2301451007	2.2294859934	2.2287742084	2.2280100771	2.2271941536	2.2263259685	2.2254056916	2.2244347499	2.2234148960	2.2223438104	2.2212217608	2.2200490379	2.2188259561	2.2175537413	2.2162352470	2.2148676297	2.2134530840	2.2119912768	2.2104817772	2.2089251508	2.2073225993	2.2056813822	2.2039945998	2.2022627838	2.2004868647	2.1986710055	2.1968132268	2.1949174687	2.1929798572	2.1910010433	2.1889885114	2.1869391760	2.1848527120	2.1827292556	2.1805698045	2.1783813115	2.1761569834	2.1738950775	1.8836037106	1.8836037106	1.8836037106	1.8836037106	1.8836037106	1.8836037106	1.8836037106	1.8836037106	1.8836037106	1.8836037106	1.8836037106	1.8836037106	1.8836037106	1.8836037106	1.8836037106	1.8836037106	1.8836037106	1.8836037106	1.8836037106	1.8836037106	1.8836037106	1.8836037106	1.8836037106	1.8836037106	1.8836037106	1.8836037106	1.8836037106	1.8836037106	1.8836037106	1.8836037106	1.8836037106	1.8836037106	1.8836037106	1.8836037106	1.8836037106	1.8836037106	1.8836037106	1.8836037106	1.8836037106	1.8836037106	1.8836037106	1.8836037106	1.8836037106	1.8836037106	1.8836037106	1.8836037106	1.8836037106	1.8836037106	1.8836037106	1.8836037106	1.8836037106	1.8836037106	1.8836037106	1.8836037106	1.8836037106	1.8836037106	1.8836037106	1.8836037106	1.8836037106	1.8836037106	1.8836037106	1.8836037106	1.8836037106	1.8836037106	1.8836037106	1.8836037106	1.8836037106	1.8836037106	1.8836037106	1.8836037106	1.8836037106	1.8836037106	1.8836037106	1.8836037106	1.8836037106	1.8836037106	1.8836037106
1.8836037106	1.8836037106	1.8836037106	1.8836037106	1.8836037106	1.8836037106	1.8836037106	1.8836037106	1.8836037106	1.8836037106	1.8836037106	1.8836037106	1.8836037106	1.8836037106	1.8836037106	1.8836037106	1.8836037106	1.8836037106	1.8836037106	1.8836037106	1.8836037106	1.8836037106	1.8836037106	1.8836037106	1.8836037106	1.8836037106	1.8836037106	1.8836037106	1.8836037106	1.8836037106	1.8836037106	1.8836037106	1.8836037106	1.8836037106	1.8836037106	1.8836037106	1.8836037106	1.8836037106	1.8836037106	1.8836037106	1.8836037106	1.8836037106	1.8836037106	1.8836037106	1.8836037106	1.8836037106	1.8836037106	1.8836037106	1.8836037106	1.8836037106	1.8836037106	1.8836037106	1.8836037106	1.8836037106	1.8836037106	1.8836037106	1.8836037106	1.8836037106	1.8836037106	1.8836037106	1.8836037106	1.8836037106	1.8836037106	1.8836037106	1.8836037106	1.8836037106	1.8836037106	1.8836037106	1.8836037106	1.8836037106	1.8836037106	1.8836037106	1.8836037106	1.8836037106	1.8836037106	1.8836037106	1.8836037106	1.8836037106	1.8836037106	2.1738173526	2.1756056216	2.1773754239	2.1791270365	2.1808629829	2.1825851263	2.1842887077	2.1859735092	2.1876377654	2.1892810191	2.1909037470	2.1925081124	2.1940878633	2.1956421720	2.1971702210	2.1986757173	2.2001534360	2.2016046846	2.2030274810	2.2044198514	2.2057810081	2.2071101692	2.2084113117	2.2096807406	2.2109156932	2.2121156053	2.2132795384	2.2144068081	2.2154986935	2.2165523506	2.2175670778	2.2185445003	2.2194823441	2.2203790999	2.2212341194	2.2220467696	2.2228164336	2.2235425115	2.2242244208	2.2248620383	2.2254562561	2.2260044896	2.2265062302	2.2269609889	2.2273682979	2.2277277100	2.2280388001	2.2283012516	2.2285147477	2.2286787246	2.2287928479	2.2288568069	2.2288703149	2.2288331092	2.2287449518	2.2286056291	2.2284149523	2.2281728141	2.2278792909	2.2275340562	2.2271370227	2.2266881288	2.2261873387	2.2256346420	2.2250300538	2.2243750802	2.2236696199	2.2229126666	2.2221043355	2.2212447666	2.2203341246	2.2193725982	2.2183604008	2.2172994825	2.2161902722	2.2150313330	2.2138240449	2.2125690171	2.2112653358	2.2099135357	2.2085139021	2.2070690053	2.2055825891	2.2040498175	2.2024711569	2.2008470931	2.1991816428	2.1974724078	2.1957241664	2.1939336627	2.1921007247	2.1902268756	2.1883199996	2.1863733683	2.1843882344	2.1823658113	2.1803058852	2.1782167712	2.1760898010	2.1739244627	1.8836037106	1.8836037106	1.8836037106	1.8836037106	1.8836037106	1.8836037106	1.8836037106	1.8836037106	1.8836037106	1.8836037106	1.8836037106	1.8836037106	1.8836037106	1.8836037106	1.8836037106	1.8836037106	1.8836037106	1.8836037106	1.8836037106	1.8836037106	1.8836037106	1.8836037106	1.8836037106	1.8836037106	1.8836037106	1.8836037106	1.8836037106	1.8836037106	1.8836037106	1.8836037106	1.8836037106	1.8836037106	1.8836037106	1.8836037106	1.8836037106	1.8836037106	1.8836037106	1.8836037106	1.8836037106	1.8836037106	1.8836037106	1.8836037106	1.8836037106	1.8836037106	1.8836037106	1.8836037106	1.8836037106	1.8836037106	1.8836037106	1.8836037106	1.8836037106	1.8836037106	1.8836037106	1.8836037106	1.8836037106	1.8836037106	1.8836037106	1.8836037106	1.8836037106	1.8836037106	1.8836037106	1.8836037106	1.8836037106	1.8836037106	1.8836037106	1.8836037106	1.8836037106	1.8836037106	1.8836037106	1.8836037106	1.8836037106	1.8836037106	1.8836037106	1.8836037106	1.8836037106	1.8836037106	1.8836037106	1.8836037106	1.8836037106
1.8836037106	1.8836037106	1.8836037106	1.8836037106	1.8836037106	1.8836037106	1.8836037106	1.8836037106	1.8836037106	1.8836037106	1.8836037106	1.8836037106	1.8836037106	1.8836037106	1.8836037106	1.8836037106	1.8836037106	1.8836037106	1.8836037106	1.8836037106	1.8836037106	1.8836037106	1.8836037106	1.8836037106	1.8836037106	1.8836037106	1.8836037106	1.8836037106	1.8836037106	1.8836037106	1.8836037106	1.8836037106	1.8836037106	1.8836037106	1.8836037106	1.8836037106	1.8836037106	1.8836037106	1.8836037106	1.8836037106	1.8836037106	1.8836037106	1.8836037106	1.8836037106	1.8836037106	1.8836037106	1.8836037106	1.8836037106	1.8836037106	1.8836037106	1.8836037106	1.8836037106	1.8836037106	1.8836037106	1.8836037106	1.8836037106	1.8836037106	1.8836037106	1.8836037106	1.8836037106	1.8836037106	1.8836037106	1.8836037106	1.8836037106	1.8836037106	1.8836037106	1.8836037106	1.8836037106	1.8836037106	1.8836037106	1.8836037106	1.8836037106	1.8836037106	1.8836037106	1.8836037106	1.8836037106	1.8836037106	1.8836037106	1.8836037106	1.8836037106	1.8836037106	2.1736667000	2.1753883560	2.1770901389	2.1787722682	2.1804353867	2.1820848197	2.1837134503	2.1853226087	2.1869092944	2.1884740136	2.1900146994	2.1915357087	2.1930327364	2.1945030501	2.1959458484	2.1973607510	2.1987504957	2.2001102813	2.2014412395	2.2027419099	2.2040102492	2.2052455050	2.2064469332	2.2076144216	2.2087518896	2.2098531649	2.2109175383	2.2119444754	2.2129331240	2.2138828078	2.2147936694	2.2156651430	2.2164956349	2.2172845271	2.2180318759	2.2187380604	2.2194007490	2.2200193891	2.2205934467	2.2211224063	2.2216057715	2.2220430659	2.2224338327	2.2227776360	2.2230740611	2.2233227144	2.2235232245	2.2236752425	2.2237784424	2.2238325213	2.2238371996	2.2237922212	2.2236973539	2.2235523892	2.2233571429	2.2231114553	2.2228151908	2.2224682389	2.2220705138	2.2216219550	2.2211225266	2.2205722178	2.2199710425	2.2193190392	2.2186162709	2.2178628252	2.2170612989	2.2162096180	2.2153078297	2.2143561610	2.2133566676	2.2123077825	2.2112097580	2.2100630097	2.2088677449	2.2076242373	2.2063388417	2.2050068233	2.2036278861	2.2022024286	2.2007308700	2.1992170761	2.1976583923	2.1960587620	2.1944164972	2.1927307804	2.1910021546	2.1892368142	2.1874326798	2.1855888959	2.1837051265	2.1817841605	2.1798258806	2.1778354240	2.1758060843	2.1737375756	1.8836037106	1.8836037106	1.8836037106	1.8836037106	1.8836037106	1.8836037106	1.8836037106	1.8836037106	1.8836037106	1.8836037106	1.8836037106	1.8836037106	1.8836037106	1.8836037106	1.8836037106	1.8836037106	1.8836037106	1.8836037106	1.8836037106	1.8836037106	1.8836037106	1.8836037106	1.8836037106	1.8836037106	1.8836037106	1.8836037106	1.8836037106	1.8836037106	1.8836037106	1.8836037106	1.8836037106	1.8836037106	1.8836037106	1.8836037106	1.8836037106	1.8836037106	1.8836037106	1.8836037106	1.8836037106	1.8836037106	1.8836037106	1.8836037106	1.8836037106	1.8836037106	1.8836037106	1.8836037106	1.8836037106	1.8836037106	1.8836037106	1.8836037106	1.8836037106	1.8836037106	1.8836037106	1.8836037106	1.8836037106	1.8836037106	1.8836037106	1.8836037106	1.8836037106	1.8836037106	1.8836037106	1.8836037106	1.8836037106	1.8836037106	1.8836037106	1.8836037106	1.8836037106	1.8836037106	1.8836037106	1.8836037106	1.8836037106	1.8836037106	1.8836037106	1.8836037106	1.8836037106	1.8836037106	1.8836037106	1.8836037106	1.8836037106	1.8836037106	1.8836037106
1.8836037106	1.8836037106	1.8836037106	1.8836037106	1.8836037106	1.8836037106	1.8836037106	1.8836037106	1.8836037106	1.8836037106	1.8836037106	1.8836037106	1.8836037106	1.8836037106	1.8836037106	1.8836037106	1.8836037106	1.8836037106	1.8836037106	1.8836037106	1.8836037106	1.8836037106	1.8836037106	1.8836037106	1.8836037106	1.8836037106	1.8836037106	1.8836037106	1.8836037106	1.8836037106	1.8836037106	1.8836037106	1.8836037106	1.8836037106	1.8836037106	1.8836037106	1.8836037106	1.8836037106	1.8836037106	1.8836037106	1.8836037106	1.8836037106	1.8836037106	1.8836037106	1.8836037106	1.8836037106	1.8836037106	1.8836037106	1.8836037106	1.8836037106	1.8836037106	1.8836037106	1.8836037106	1.8836037106	1.8836037106	1.8836037106	1.8836037106	1.8836037106	1.8836037106	1.8836037106	1.8836037106	1.8836037106	1.8836037106	1.8836037106	1.8836037106	1.8836037106	1.8836037106	1.8836037106	1.8836037106	1.8836037106	1.8836037106	1.8836037106	1.8836037106	1.8836037106	1.8836037106	1.8836037106	1.8836037106	1.8836037106	1.8836037106	1.8836037106	1.8836037106	1.8836037106	1.8836037106	2.1733358192	2.1749882209	2.1766200900	2.1782308448	2.1798203609	2.1813932280	2.1829457446	2.1844764437	2.1859843411	2.1874680641	2.1889273495	2.1903604337	2.1917729366	2.1931578036	2.1945139787	2.1958406905	2.1971371791	2.1984063702	2.1996440340	2.2008496324	2.2020242709	2.2031648266	2.2042705883	2.2053408547	2.2063749349	2.2073721490	2.2083361917	2.2092624807	2.2101497355	2.2109973332	2.2118047663	2.2125713039	2.2132963576	2.2139793553	2.2146202088	2.2152186034	2.2157732439	2.2162836272	2.2167492690	2.2171697040	2.2175444867	2.2178733378	2.2181564746	2.2183925928	2.2185813287	2.2187223405	2.2188153088	2.2188599371	2.2188559511	2.2188031001	2.2187011560	2.2185499147	2.2183491953	2.2180988409	2.2177988134	2.2174499446	2.2170512758	2.2166027471	2.2161043230	2.2155559920	2.2149577666	2.2143098173	2.2136132869	2.2128671400	2.2120714847	2.2112264520	2.2103322942	2.2093891460	2.2083971609	2.2073572745	2.2062739491	2.2051427724	2.2039640315	2.2027380349	2.2014651126	2.2001468120	2.1987843803	2.1973762474	2.1959269081	2.1944333166	2.1928954701	2.1913138453	2.1896924025	2.1880326500	2.1863315149	2.1845898485	2.1828084257	2.1809879166	2.1791323545	2.1772403354	2.1753086380	2.1733377415	1.8836037106	1.8836037106	1.8836037106	1.8836037106	1.8836037106	1.8836037106	1.8836037106	1.8836037106	1.8836037106	1.8836037106	1.8836037106	1.8836037106	1.8836037106	1.8836037106	1.8836037106	1.8836037106	1.8836037106	1.8836037106	1.8836037106	1.8836037106	1.8836037106	1.8836037106	1.8836037106	1.8836037106	1.8836037106	1.8836037106	1.8836037106	1.8836037106	1.8836037106	1.8836037106	1.8836037106	1.8836037106	1.8836037106	1.8836037106	1.8836037106	1.8836037106	1.8836037106	1.8836037106	1.8836037106	1.8836037106	1.8836037106	1.8836037106	1.8836037106	1.8836037106	1.8836037106	1.8836037106	1.8836037106	1.8836037106	1.8836037106	1.8836037106	1.8836037106	1.8836037106	1.8836037106	1.8836037106	1.8836037106	1.8836037106	1.8836037106	1.8836037106	1.8836037106	1.8836037106	1.8836037106	1.8836037106	1.8836037106	1.8836037106	1.8836037106	1.8836037106	1.8836037106	1.8836037106	1.8836037106	1.8836037106	1.8836037106	1.8836037106	1.8836037106	1.8836037106	1.8836037106	1.8836037106	1.8836037106	1.8836037106	1.8836037106	1.8836037106	1.8836037106	1.8836037106	1.8836037106
1.8836037106	1.8836037106	1.8836037106	1.8836037106	1.8836037106	1.8836037106	1.8836037106	1.8836037106	1.8836037106	1.8836037106	1.8836037106	1.8836037106	1.8836037106	1.8836037106	1.8836037106	1.8836037106	1.8836037106	1.8836037106	1.8836037106	1.8836037106	1.8836037106	1.8836037106	1.8836037106	1.8836037106	1.8836037106	1.8836037106	1.8836037106	1.8836037106	1.8836037106	1.8836037106	1.8836037106	1.8836037106	1.8836037106	1.8836037106	1.8836037106	1.8836037106	1.8836037106	1.8836037106	1.8836037106	1.8836037106	1.8836037106	1.8836037106	1.8836037106	1.8836037106	1.8836037106	1.8836037106	1.8836037106	1.8836037106	1.8836037106	1.8836037106	1.8836037106	1.8836037106	1.8836037106	1.8836037106	1.8836037106	1.8836037106	1.8836037106	1.8836037106	1.8836037106	1.8836037106	1.8836037106	1.8836037106	1.8836037106	1.8836037106	1.8836037106	1.8836037106	1.8836037106	1.8836037106	1.8836037106	1.8836037106	1.8836037106	1.8836037106	1.8836037106	1.8836037106	1.8836037106	1.8836037106	1.8836037106	1.8836037106	1.8836037106	1.8836037106	1.8836037106	1.8836037106	1.8836037106	1.8836037106	1.8836037106	2.1728232407	2.1744035320	2.1759638314	2.1775015066	2.1790164590	2.1805094434	2.1819842667	2.1834347862	2.1848620121	2.1862637293	2.1876394357	2.1889884817	2.1903093927	2.1916070339	2.1928754033	2.1941132374	2.1953197994	2.1964943624	2.1976374867	2.1987493923	2.1998270786	2.2008703968	2.2018800107	2.2028532912	2.2037895842	2.2046882479	2.2055486528	2.2063701828	2.2071522356	2.2078963071	2.2086013089	2.2092649014	2.2098865411	2.2104657016	2.2110018841	2.2114946557	2.2119434668	2.2123478629	2.2127074086	2.2130216882	2.2132903058	2.2135128862	2.2136890751	2.2138185395	2.2139009681	2.2139360718	2.2139235834	2.2138632582	2.2137548738	2.2135982309	2.2133931530	2.2131394868	2.2128371022	2.2124858928	2.2120857755	2.2116366911	2.2111386041	2.2105915583	2.2099955498	2.2093505807	2.2086567091	2.2079140167	2.2071245320	2.2062888856	2.2054050512	2.2044732005	2.2034935275	2.2024662486	2.2013916024	2.2002707485	2.1991049670	2.1978927744	2.1966363528	2.1953364065	2.1939912322	2.1926012167	2.1911667704	2.1896917905	2.1881770222	2.1866197601	2.1850211955	2.1833811207	2.1817016096	2.1799823375	2.1782288871	2.1764350359	2.1746007135	2.1727287913	1.8836037106	1.8836037106	1.8836037106	1.8836037106	1.8836037106	1.8836037106	1.8836037106	1.8836037106	1.8836037106	1.8836037106	1.8836037106	1.8836037106	1.8836037106	1.8836037106	1.8836037106	1.8836037106	1.8836037106	1.8836037106	1.8836037106	1.8836037106	1.8836037106	1.8836037106	1.8836037106	1.8836037106	1.8836037106	1.8836037106	1.8836037106	1.8836037106	1.8836037106	1.8836037106	1.8836037106	1.8836037106	1.8836037106	1.8836037106	1.8836037106	1.8836037106	1.8836037106	1.8836037106	1.8836037106	1.8836037106	1.8836037106	1.8836037106	1.8836037106	1.8836037106	1.8836037106	1.8836037106	1.8836037106	1.8836037106	1.8836037106	1.8836037106	1.8836037106	1.8836037106	1.8836037106	1.8836037106	1.8836037106	1.8836037106	1.8836037106	1.8836037106	1.8836037106	1.8836037106	1.8836037106	1.8836037106	1.8836037106	1.8836037106	1.8836037106	1.8836037106	1.8836037106	1.8836037106	1.8836037106	1.8836037106	1.8836037106	1.8836037106	1.8836037106	1.8836037106	1.8836037106	1.8836037106	1.8836037106	1.8836037106	1.8836037106	1.8836037106	1.8836037106	1.8836037106	1.8836037106	1.8836037106	1.8836037106
1.8836037106	1.8836037106	1.8836037106	1.8836037106	1.8836037106	1.8836037106	1.8836037106	1.8836037106	1.8836037106	1.8836037106	1.8836037106	1.8836037106	1.8836037106	1.8836037106	1.8836037106	1.8836037106	1.8836037106	1.8836037106	1.8836037106	1.8836037106	1.8836037106	1.8836037106	1.8836037106	1.8836037106	1.8836037106	1.8836037106	1.8836037106	1.8836037106	1.8836037106	1.8836037106	1.8836037106	1.8836037106	1.8836037106	1.8836037106	1.8836037106	1.8836037106	1.8836037106	1.8836037106	1.8836037106	1.8836037106	1.8836037106	1.8836037106	1.8836037106	1.8836037106	1.8836037106	1.8836037106	1.8836037106	1.8836037106	1.8836037106	1.8836037106	1.8836037106	1.8836037106	1.8836037106	1.8836037106	1.8836037106	1.8836037106	1.8836037106	1.8836037106	1.8836037106	1.8836037106	1.8836037106	1.8836037106	1.8836037106	1.8836037106	1.8836037106	1.8836037106	1.8836037106	1.8836037106	1.8836037106	1.8836037106	1.8836037106	1.8836037106	1.8836037106	1.8836037106	1.8836037106	1.8836037106	1.8836037106	1.8836037106	1.8836037106	1.8836037106	1.8836037106	1.8836037106	1.8836037106	1.8836037106	1.8836037106	1.8836037106	1.8836037106	1.8836037106	2.1736329083	2.1751201431	2.1765832527	2.1780221547	2.1794365996	2.1808286268	2.1821987107	2.1835425602	2.1848611953	2.1861522697	2.1874152567	2.1886498479	2.1898545055	2.1910314030	2.1921794558	2.1932952731	2.1943781601	2.1954274295	2.1964424049	2.1974230292	2.1983704028	2.1992814196	2.2001554506	2.2009927108	2.2017928508	2.2025541055	2.2032758995	2.2039576720	2.2045988777	2.2051989875	2.2057574886	2.2062738848	2.2067476975	2.2071784659	2.2075661208	2.2079112792	2.2082118911	2.2084675689	2.2086779453	2.2088426733	2.2089614269	2.2090339014	2.2090598133	2.2090389009	2.2089709242	2.2088556653	2.2086929288	2.2084825413	2.2082243523	2.2079182341	2.2075640816	2.2071635341	2.2067154242	2.2062193538	2.2056753102	2.2050833038	2.2044433674	2.2037555568	2.2030199502	2.2022366485	2.2014057751	2.2005277586	2.1996044173	2.1986341211	2.1976170808	2.1965556417	2.1954493062	2.1942971426	2.1930994483	2.1918565427	2.1905687726	2.1892421086	2.1878722529	2.1864594139	2.1850042943	2.1835067323	2.1819689106	2.1803892625	2.1787746832	2.1771195391	2.1754233037	2.1736858759	1.8836037106	1.8836037106	1.8836037106	1.8836037106	1.8836037106	1.8836037106	1.8836037106	1.8836037106	1.8836037106	1.8836037106	1.8836037106	1.8836037106	1.8836037106	1.8836037106	1.8836037106	1.8836037106	1.8836037106	1.8836037106	1.8836037106	1.8836037106	1.8836037106	1.8836037106	1.8836037106	1.8836037106	1.8836037106	1.8836037106	1.8836037106	1.8836037106	1.8836037106	1.8836037106	1.8836037106	1.8836037106	1.8836037106	1.8836037106	1.8836037106	1.8836037106	1.8836037106	1.8836037106	1.8836037106	1.8836037106	1.8836037106	1.8836037106	1.8836037106	1.8836037106	1.8836037106	1.8836037106	1.8836037106	1.8836037106	1.8836037106	1.8836037106	1.8836037106	1.8836037106	1.8836037106	1.8836037106	1.8836037106	1.8836037106	1.8836037106	1.8836037106	1.8836037106	1.8836037106	1.8836037106	1.8836037106	1.8836037106	1.8836037106	1.8836037106	1.8836037106	1.8836037106	1.8836037106	1.8836037106	1.8836037106	1.8836037106	1.8836037106	1.8836037106	1.8836037106	1.8836037106	1.8836037106	1.8836037106	1.8836037106	1.8836037106	1.8836037106	1.8836037106	1.8836037106	1.8836037106	1.8836037106	1.8836037106	1.8836037106	1.8836037106	1.8836037106
1.8836037106	1.8836037106	1.8836037106	1.8836037106	1.8836037106	1.8836037106	1.8836037106	1.8836037106	1.8836037106	1.8836037106	1.8836037106	1.8836037106	1.8836037106	1.8836037106	1.8836037106	1.8836037106	1.8836037106	1.8836037106	1.8836037106	1.8836037106	1.8836037106	1.8836037106	1.8836037106	1.8836037106	1.8836037106	1.8836037106	1.8836037106	1.8836037106	1.8836037106	1.8836037106	1.8836037106	1.8836037106	1.8836037106	1.8836037106	1.8836037106	1.8836037106	1.8836037106	1.8836037106	1.8836037106	1.8836037106	1.8836037106	1.8836037106	1.8836037106	1.8836037106	1.8836037106	1.8836037106	1.8836037106	1.8836037106	1.8836037106	1.8836037106	1.8836037106	1.8836037106	1.8836037106	1.8836037106	1.8836037106	1.8836037106	1.8836037106	1.8836037106	1.8836037106	1.8836037106	1.8836037106	1.8836037106	1.8836037106	1.8836037106	1.8836037106	1.8836037106	1.8836037106	1.8836037106	1.8836037106	1.8836037106	1.8836037106	1.8836037106	1.8836037106	1.8836037106	1.8836037106	1.8836037106	1.8836037106	1.8836037106	1.8836037106	1.8836037106	1.8836037106	1.8836037106	1.8836037106	1.8836037106	1.8836037106	1.8836037106	1.8836037106	1.8836037106	1.8836037106	1.8836037106	2.1726783571	2.1740879977	2.1754753612	2.1768370284	2.1781727902	2.1794823211	2.1807673452	2.1820283793	2.1832613461	2.1844667394	2.1856431986	2.1867894797	2.1879056899	2.1889905292	2.1900430931	2.1910657686	2.1920564509	2.1930126999	2.1939338778	2.1948193559	2.1956685156	2.1964807520	2.1972555573	2.1979945021	2.1986946783	2.1993555380	2.1999765479	2.2005571900	2.2010980459	2.2015976609	2.2020553547	2.2024706760	2.2028431914	2.2031724859	2.2034581631	2.2036998457	2.2038971756	2.2040498150	2.2041574463	2.2042197723	2.2042365168	2.2042074246	2.2041322617	2.2040108156	2.2038428953	2.2036283319	2.2033669780	2.2030587088	2.2027034216	2.2023010358	2.2018514936	2.2013547597	2.2008108214	2.2002207077	2.1995839404	2.1989001776	2.1981694947	2.1973919895	2.1965698498	2.1957018072	2.1947875214	2.1938271788	2.1928209857	2.1917691727	2.1906719978	2.1895339531	2.1883525347	2.1871268519	2.1858583111	2.1845463148	2.1831917639	2.1817956902	2.1803571281	2.1788824770	2.1773664493	2.1758086929	2.1742091859	2.1725715385	1.8836037106	1.8836037106	1.8836037106	1.8836037106	1.8836037106	1.8836037106	1.8836037106	1.8836037106	1.8836037106	1.8836037106	1.8836037106	1.8836037106	1.8836037106	1.8836037106	1.8836037106	1.8836037106	1.8836037106	1.8836037106	1.8836037106	1.8836037106	1.8836037106	1.8836037106	1.8836037106	1.8836037106	1.8836037106	1.8836037106	1.8836037106	1.8836037106	1.8836037106	1.8836037106	1.8836037106	1.8836037106	1.8836037106	1.8836037106	1.8836037106	1.8836037106	1.8836037106	1.8836037106	1.8836037106	1.8836037106	1.8836037106	1.8836037106	1.8836037106	1.8836037106	1.8836037106	1.8836037106	1.8836037106	1.8836037106	1.8836037106	1.8836037106	1.8836037106	1.8836037106	1.8836037106	1.8836037106	1.8836037106	1.8836037106	1.8836037106	1.8836037106	1.8836037106	1.8836037106	1.8836037106	1.8836037106	1.8836037106	1.8836037106	1.8836037106	1.8836037106	1.8836037106	1.8836037106	1.8836037106	1.8836037106	1.8836037106	1.8836037106	1.8836037106	1.8836037106	1.8836037106	1.8836037106	1.8836037106	1.8836037106	1.8836037106	1.8836037106	1.8836037106	1.8836037106	1.8836037106	1.8836037106	1.8836037106	1.8836037106	1.8836037106	1.8836037106	1.8836037106	1.8836037106
1.8836037106	1.8836037106	1.8836037106	1.8836037106	1.8836037106	1.8836037106	1.8836037106	1.8836037106	1.8836037106	1.8836037106	1.8836037106	1.8836037106	1.8836037106	1.8836037106	1.8836037106	1.8836037106	1.8836037106	1.8836037106	1.8836037106	1.8836037106	1.8836037106	1.8836037106	1.8836037106	1.8836037106	1.8836037106	1.8836037106	1.8836037106	1.8836037106	1.8836037106	1.8836037106	1.8836037106	1.8836037106	1.8836037106	1.8836037106	1.8836037106	1.8836037106	1.8836037106	1.8836037106	1.8836037106	1.8836037106	1.8836037106	1.8836037106	1.8836037106	1.8836037106	1.8836037106	1.8836037106	1.8836037106	1.8836037106	1.8836037106	1.8836037106	1.8836037106	1.8836037106	1.8836037106	1.8836037106	1.8836037106	1.8836037106	1.8836037106	1.8836037106	1.8836037106	1.8836037106	1.8836037106	1.8836037106	1.8836037106	1.8836037106	1.8836037106	1.8836037106	1.8836037106	1.8836037106	1.8836037106	1.8836037106	1.8836037106	1.8836037106	1.8836037106	1.8836037106	1.8836037106	1.8836037106	1.8836037106	1.8836037106	1.8836037106	1.8836037106	1.8836037106	1.8836037106	1.8836037106	1.8836037106	1.8836037106	1.8836037106	1.8836037106	1.8836037106	1.8836037106	1.8836037106	1.8836037106	1.8836037106	1.8836037106	2.1728691433	2.1741772122	2.1754607570	2.1767169814	2.1779455884	2.1791462228	2.1803186330	2.1814667948	2.1825851630	2.1836731612	2.1847315489	2.1857581698	2.1867523647	2.1877141141	2.1886423786	2.1895362788	2.1903951965	2.1912223297	2.1920132155	2.1927671624	2.1934836067	2.1941619992	2.1948018039	2.1954024974	2.1959635716	2.1964845359	2.1969649170	2.1974048062	2.1978039153	2.1981609920	2.1984756307	2.1987474441	2.1989760635	2.1991611391	2.1993023407	2.1993993579	2.1994519003	2.1994596979	2.1994225012	2.1993400814	2.1992122306	2.1990387620	2.1988195103	2.1985543314	2.1982431028	2.1978857238	2.1974821154	2.1970328364	2.1965381701	2.1959973154	2.1954102841	2.1947771091	2.1940978432	2.1933725593	2.1926013532	2.1917843444	2.1909216786	2.1900154443	2.1890665066	2.1880726843	2.1870341997	2.1859522878	2.1848262707	2.1836564235	2.1824447144	2.1811897904	2.1798935215	2.1785588150	2.1771817588	2.1757624148	2.1743008086	2.1727997387	1.8836037106	1.8836037106	1.8836037106	1.8836037106	1.8836037106	1.8836037106	1.8836037106	1.8836037106	1.8836037106	1.8836037106	1.8836037106	1.8836037106	1.8836037106	1.8836037106	1.8836037106	1.8836037106	1.8836037106	1.8836037106	1.8836037106	1.8836037106	1.8836037106	1.8836037106	1.8836037106	1.8836037106	1.8836037106	1.8836037106	1.8836037106	1.8836037106	1.8836037106	1.8836037106	1.8836037106	1.8836037106	1.8836037106	1.8836037106	1.8836037106	1.8836037106	1.8836037106	1.8836037106	1.8836037106	1.8836037106	1.8836037106	1.8836037106	1.8836037106	1.8836037106	1.8836037106	1.8836037106	1.8836037106	1.8836037106	1.8836037106	1.8836037106	1.8836037106	1.8836037106	1.8836037106	1.8836037106	1.8836037106	1.8836037106	1.8836037106	1.8836037106	1.8836037106	1.8836037106	1.8836037106	1.8836037106	1.8836037106	1.8836037106	1.8836037106	1.8836037106	1.8836037106	1.8836037106	1.8836037106	1.8836037106	1.8836037106	1.8836037106	1.8836037106	1.8836037106	1.8836037106	1.8836037106	1.8836037106	1.8836037106	1.8836037106	1.8836037106	1.8836037106	1.8836037106	1.8836037106	1.8836037106	1.8836037106	1.8836037106	1.8836037106	1.8836037106	1.8836037106	1.8836037106	1.8836037106	1.8836037106	1.8836037106
1.8836037106	1.8836037106	1.8836037106	1.8836037106	1.8836037106	1.8836037106	1.8836037106	1.8836037106	1.8836037106	1.8836037106	1.8836037106	1.8836037106	1.8836037106	1.8836037106	1.8836037106	1.8836037106	1.8836037106	1.8836037106	1.8836037106	1.8836037106	1.8836037106	1.8836037106	1.8836037106	1.8836037106	1.8836037106	1.8836037106	1.8836037106	1.8836037106	1.8836037106	1.8836037106	1.8836037106	1.8836037106	1.8836037106	1.8836037106	1.8836037106	1.8836037106	1.8836037106	1.8836037106	1.8836037106	1.8836037106	1.8836037106	1.8836037106	1.8836037106	1.8836037106	1.8836037106	1.8836037106	1.8836037106	1.8836037106	1.8836037106	1.8836037106	1.8836037106	1.8836037106	1.8836037106	1.8836037106	1.8836037106	1.8836037106	1.8836037106	1.8836037106	1.8836037106	1.8836037106	1.8836037106	1.8836037106	1.8836037106	1.8836037106	1.8836037106	1.8836037106	1.8836037106	1.8836037106	1.8836037106	1.8836037106	1.8836037106	1.8836037106	1.8836037106	1.8836037106	1.8836037106	1.8836037106	1.8836037106	1.8836037106	1.8836037106	1.8836037106	1.8836037106	1.8836037106	1.8836037106	1.8836037106	1.8836037106	1.8836037106	1.8836037106	1.8836037106	1.8836037106	1.8836037106	1.8836037106	1.8836037106	1.8836037106	1.8836037106	1.8836037106	1.8836037106	2.1726915543	2.1738930657	2.1750691913	2.1762163978	2.1773342976	2.1784225242	2.1794806410	2.1805091856	2.1815097980	2.1824784365	2.1834145188	2.1843183954	2.1851887812	2.1860247488	2.1868257058	2.1875915891	2.1883214718	2.1890146155	2.1896704827	2.1902885485	2.1908704398	2.1914139518	2.1919179825	2.1923820674	2.1928057589	2.1931886260	2.1935302550	2.1938302492	2.1940882302	2.1943038376	2.1944767296	2.1946065837	2.1946930965	2.1947359843	2.1947349834	2.1946898501	2.1946003609	2.1944663128	2.1942875236	2.1940638317	2.1937950966	2.1934811990	2.1931220405	2.1927175440	2.1922676537	2.1917723362	2.1912315813	2.1906454034	2.1900157555	2.1893420616	2.1886233197	2.1878596237	2.1870510892	2.1861986171	2.1853016652	2.1843603933	2.1833753738	2.1823474971	2.1812759398	2.1801613461	2.1790081590	2.1778120944	2.1765732403	2.1752916399	2.1739673738	2.1726040105	1.8836037106	1.8836037106	1.8836037106	1.8836037106	1.8836037106	1.8836037106	1.8836037106	1.8836037106	1.8836037106	1.8836037106	1.8836037106	1.8836037106	1.8836037106	1.8836037106	1.8836037106	1.8836037106	1.8836037106	1.8836037106	1.8836037106	1.8836037106	1.8836037106	1.8836037106	1.8836037106	1.8836037106	1.8836037106	1.8836037106	1.8836037106	1.8836037106	1.8836037106	1.8836037106	1.8836037106	1.8836037106	1.8836037106	1.8836037106	1.8836037106	1.8836037106	1.8836037106	1.8836037106	1.8836037106	1.8836037106	1.8836037106	1.8836037106	1.8836037106	1.8836037106	1.8836037106	1.8836037106	1.8836037106	1.8836037106	1.8836037106	1.8836037106	1.8836037106	1.8836037106	1.8836037106	1.8836037106	1.8836037106	1.8836037106	1.8836037106	1.8836037106	1.8836037106	1.8836037106	1.8836037106	1.8836037106	1.8836037106	1.8836037106	1.8836037106	1.8836037106	1.8836037106	1.8836037106	1.8836037106	1.8836037106	1.8836037106	1.8836037106	1.8836037106	1.8836037106	1.8836037106	1.8836037106	1.8836037106	1.8836037106	1.8836037106	1.8836037106	1.8836037106	1.8836037106	1.8836037106	1.8836037106	1.8836037106	1.8836037106	1.8836037106	1.8836037106	1.8836037106	1.8836037106	1.8836037106	1.8836037106	1.8836037106	1.8836037106	1.8836037106	1.8836037106
1.8836037106	1.8836037106	1.8836037106	1.8836037106	1.8836037106	1.8836037106	1.8836037106	1.8836037106	1.8836037106	1.8836037106	1.8836037106	1.8836037106	1.8836037106	1.8836037106	1.8836037106	1.8836037106	1.8836037106	1.8836037106	1.8836037106	1.8836037106	1.8836037106	1.8836037106	1.8836037106	1.8836037106	1.8836037106	1.8836037106	1.8836037106	1.8836037106	1.8836037106	1.8836037106	1.8836037106	1.8836037106	1.8836037106	1.8836037106	1.8836037106	1.8836037106	1.8836037106	1.8836037106	1.8836037106	1.8836037106	1.8836037106	1.8836037106	1.8836037106	1.8836037106	1.8836037106	1.8836037106	1.8836037106	1.8836037106	1.8836037106	1.8836037106	1.8836037106	1.8836037106	1.8836037106	1.8836037106	1.8836037106	1.8836037106	1.8836037106	1.8836037106	1.8836037106	1.8836037106	1.8836037106	1.8836037106	1.8836037106	1.8836037106	1.8836037106	1.8836037106	1.8836037106	1.8836037106	1.8836037106	1.8836037106	1.8836037106	1.8836037106	1.8836037106	1.8836037106	1.8836037106	1.8836037106	1.8836037106	1.8836037106	1.8836037106	1.8836037106	1.8836037106	1.8836037106	1.8836037106	1.8836037106	1.8836037106	1.8836037106	1.8836037106	1.8836037106	1.8836037106	1.8836037106	1.8836037106	1.8836037106	1.8836037106	1.8836037106	1.8836037106	1.8836037106	1.8836037106	1.8836037106	1.8836037106	1.8836037106	2.1732305076	2.1742948557	2.1753299256	2.1763341392	2.1773070464	2.1782482532	2.1791573275	2.1800337416	2.1808796468	2.1816926224	2.1824711255	2.1832146246	2.1839229736	2.1845957934	2.1852319498	2.1858309279	2.1863922275	2.1869153634	2.1874002064	2.1878460315	2.1882522961	2.1886185788	2.1889444750	2.1892295971	2.1894735755	2.1896760581	2.1898367113	2.1899552201	2.1900312886	2.1900646399	2.1900550167	2.1900021816	2.1899059166	2.1897660241	2.1895823266	2.1893546672	2.1890829093	2.1887669370	2.1884066553	2.1880019899	2.1875528873	2.1870593153	2.1865217289	2.1859397404	2.1853133534	2.1846426202	2.1839276138	2.1831690939	2.1823669534	2.1815208905	2.1806310158	2.1796999661	2.1787272411	2.1777113419	2.1766523167	2.1755501987	2.1744050905	2.1732182663	1.8836037106	1.8836037106	1.8836037106	1.8836037106	1.8836037106	1.8836037106	1.8836037106	1.8836037106	1.8836037106	1.8836037106	1.8836037106	1.8836037106	1.8836037106	1.8836037106	1.8836037106	1.8836037106	1.8836037106	1.8836037106	1.8836037106	1.8836037106	1.8836037106	1.8836037106	1.8836037106	1.8836037106	1.8836037106	1.8836037106	1.8836037106	1.8836037106	1.8836037106	1.8836037106	1.8836037106	1.8836037106	1.8836037106	1.8836037106	1.8836037106	1.8836037106	1.8836037106	1.8836037106	1.8836037106	1.8836037106	1.8836037106	1.8836037106	1.8836037106	1.8836037106	1.8836037106	1.8836037106	1.8836037106	1.8836037106	1.8836037106	1.8836037106	1.8836037106	1.8836037106	1.8836037106	1.8836037106	1.8836037106	1.8836037106	1.8836037106	1.8836037106	1.8836037106	1.8836037106	1.8836037106	1.8836037106	1.8836037106	1.8836037106	1.8836037106	1.8836037106	1.8836037106	1.8836037106	1.8836037106	1.8836037106	1.8836037106	1.8836037106	1.8836037106	1.8836037106	1.8836037106	1.8836037106	1.8836037106	1.8836037106	1.8836037106	1.8836037106	1.8836037106	1.8836037106	1.8836037106	1.8836037106	1.8836037106	1.8836037106	1.8836037106	1.8836037106	1.8836037106	1.8836037106	1.8836037106	1.8836037106	1.8836037106	1.8836037106	1.8836037106	1.8836037106	1.8836037106	1.8836037106	1.8836037106	1.8836037106
1.8836037106	1.8836037106	1.8836037106	1.8836037106	1.8836037106	1.8836037106	1.8836037106	1.8836037106	1.8836037106	1.8836037106	1.8836037106	1.8836037106	1.8836037106	1.8836037106	1.8836037106	1.8836037106	1.8836037106	1.8836037106	1.8836037106	1.8836037106	1.8836037106	1.8836037106	1.8836037106	1.8836037106	1.8836037106	1.8836037106	1.8836037106	1.8836037106	1.8836037106	1.8836037106	1.8836037106	1.8836037106	1.8836037106	1.8836037106	1.8836037106	1.8836037106	1.8836037106	1.8836037106	1.8836037106	1.8836037106	1.8836037106	1.8836037106	1.8836037106	1.8836037106	1.8836037106	1.8836037106	1.8836037106	1.8836037106	1.8836037106	1.8836037106	1.8836037106	1.8836037106	1.8836037106	1.8836037106	1.8836037106	1.8836037106	1.8836037106	1.8836037106	1.8836037106	1.8836037106	1.8836037106	1.8836037106	1.8836037106	1.8836037106	1.8836037106	1.8836037106	1.8836037106	1.8836037106	1.8836037106	1.8836037106	1.8836037106	1.8836037106	1.8836037106	1.8836037106	1.8836037106	1.8836037106	1.8836037106	1.8836037106	1.8836037106	1.8836037106	1.8836037106	1.8836037106	1.8836037106	1.8836037106	1.8836037106	1.8836037106	1.8836037106	1.8836037106	1.8836037106	1.8836037106	1.8836037106	1.8836037106	1.8836037106	1.8836037106	1.8836037106	1.8836037106	1.8836037106	1.8836037106	1.8836037106	1.8836037106	1.8836037106	1.8836037106	1.8836037106	1.8836037106	2.1731347468	2.1740534950	2.1749415406	2.1757969245	2.1766191370	2.1774077276	2.1781623043	2.1788824411	2.1795676509	2.1802174171	2.1808337485	2.1814136661	2.1819565103	2.1824618340	2.1829291908	2.1833581392	2.1837483984	2.1840997542	2.1844114076	2.1846829794	2.1849141076	2.1851044478	2.1852536735	2.1853614762	2.1854275662	2.1854516725	2.1854335432	2.1853729456	2.1852696664	2.1851235119	2.1849343082	2.1847019015	2.1844261577	2.1841069633	2.1837442254	2.1833383024	2.1828889162	2.1823958897	2.1818591976	2.1812788220	2.1806547677	2.1799882899	2.1792801720	2.1785287577	2.1777341016	2.1768962074	2.1760150640	2.1750907297	2.1741233201	2.1731144828	1.8836037106	1.8836037106	1.8836037106	1.8836037106	1.8836037106	1.8836037106	1.8836037106	1.8836037106	1.8836037106	1.8836037106	1.8836037106	1.8836037106	1.8836037106	1.8836037106	1.8836037106	1.8836037106	1.8836037106	1.8836037106	1.8836037106	1.8836037106	1.8836037106	1.8836037106	1.8836037106	1.8836037106	1.8836037106	1.8836037106	1.8836037106	1.8836037106	1.8836037106	1.8836037106	1.8836037106	1.8836037106	1.8836037106	1.8836037106	1.8836037106	1.8836037106	1.8836037106	1.8836037106	1.8836037106	1.8836037106	1.8836037106	1.8836037106	1.8836037106	1.8836037106	1.8836037106	1.8836037106	1.8836037106	1.8836037106	1.8836037106	1.8836037106	1.8836037106	1.8836037106	1.8836037106	1.8836037106	1.8836037106	1.8836037106	1.8836037106	1.8836037106	1.8836037106	1.8836037106	1.8836037106	1.8836037106	1.8836037106	1.8836037106	1.8836037106	1.8836037106	1.8836037106	1.8836037106	1.8836037106	1.8836037106	1.8836037106	1.8836037106	1.8836037106	1.8836037106	1.8836037106	1.8836037106	1.8836037106	1.8836037106	1.8836037106	1.8836037106	1.8836037106	1.8836037106	1.8836037106	1.8836037106	1.8836037106	1.8836037106	1.8836037106	1.8836037106	1.8836037106	1.8836037106	1.8836037106	1.8836037106	1.8836037106	1.8836037106	1.8836037106	1.8836037106	1.8836037106	1.8836037106	1.8836037106	1.8836037106	1.8836037106	1.8836037106	1.8836037106	1.8836037106
1.8836037106	1.8836037106	1.8836037106	1.8836037106	1.8836037106	1.8836037106	1.8836037106	1.8836037106	1.8836037106	1.8836037106	1.8836037106	1.8836037106	1.8836037106	1.8836037106	1.8836037106	1.8836037106	1.8836037106	1.8836037106	1.8836037106	1.8836037106	1.8836037106	1.8836037106	1.8836037106	1.8836037106	1.8836037106	1.8836037106	1.8836037106	1.8836037106	1.8836037106	1.8836037106	1.8836037106	1.8836037106	1.8836037106	1.8836037106	1.8836037106	1.8836037106	1.8836037106	1.8836037106	1.8836037106	1.8836037106	1.8836037106	1.8836037106	1.8836037106	1.8836037106	1.8836037106	1.8836037106	1.8836037106	1.8836037106	1.8836037106	1.8836037106	1.8836037106	1.8836037106	1.8836037106	1.8836037106	1.8836037106	1.8836037106	1.8836037106	1.8836037106	1.8836037106	1.8836037106	1.8836037106	1.8836037106	1.8836037106	1.8836037106	1.8836037106	1.8836037106	1.8836037106	1.8836037106	1.8836037106	1.8836037106	1.8836037106	1.8836037106	1.8836037106	1.8836037106	1.8836037106	1.8836037106	1.8836037106	1.8836037106	1.8836037106	1.8836037106	1.8836037106	1.8836037106	1.8836037106	1.8836037106	1.8836037106	1.8836037106	1.8836037106	1.8836037106	1.8836037106	1.8836037106	1.8836037106	1.8836037106	1.8836037106	1.8836037106	1.8836037106	1.8836037106	1.8836037106	1.8836037106	1.8836037106	1.8836037106	1.8836037106	1.8836037106	1.8836037106	1.8836037106	1.8836037106	1.8836037106	1.8836037106	1.8836037106	1.8836037106	2.1731556199	2.1738900812	2.1745916941	2.1752586010	2.1758903266	2.1764863873	2.1770463387	2.1775698004	2.1780564065	2.1785057593	2.1789174410	2.1792910377	2.1796261507	2.1799223987	2.1801794173	2.1803974565	2.1805757747	2.1807136901	2.1808109032	2.1808671317	2.1808821113	2.1808555954	2.1807873553	2.1806771809	2.1805248805	2.1803302808	2.1800939715	2.1798155628	2.1794946371	2.1791310990	2.1787248742	2.1782759076	2.1777841515	2.1772495424	2.1766719918	2.1760514380	2.1753878915	2.1746814021	2.1739320145	2.1731412175	1.8836037106	1.8836037106	1.8836037106	1.8836037106	1.8836037106	1.8836037106	1.8836037106	1.8836037106	1.8836037106	1.8836037106	1.8836037106	1.8836037106	1.8836037106	1.8836037106	1.8836037106	1.8836037106	1.8836037106	1.8836037106	1.8836037106	1.8836037106	1.8836037106	1.8836037106	1.8836037106	1.8836037106	1.8836037106	1.8836037106	1.8836037106	1.8836037106	1.8836037106	1.8836037106	1.8836037106	1.8836037106	1.8836037106	1.8836037106	1.8836037106	1.8836037106	1.8836037106	1.8836037106	1.8836037106	1.8836037106	1.8836037106	1.8836037106	1.8836037106	1.8836037106	1.8836037106	1.8836037106	1.8836037106	1.8836037106	1.8836037106	1.8836037106	1.8836037106	1.8836037106	1.8836037106	1.8836037106	1.8836037106	1.8836037106	1.8836037106	1.8836037106	1.8836037106	1.8836037106	1.8836037106	1.8836037106	1.8836037106	1.8836037106	1.8836037106	1.8836037106	1.8836037106	1.8836037106	1.8836037106	1.8836037106	1.8836037106	1.8836037106	1.8836037106	1.8836037106	1.8836037106	1.8836037106	1.8836037106	1.8836037106	1.8836037106	1.8836037106	1.8836037106	1.8836037106	1.8836037106	1.8836037106	1.8836037106	1.8836037106	1.8836037106	1.8836037106	1.8836037106	1.8836037106	1.8836037106	1.8836037106	1.8836037106	1.8836037106	1.8836037106	1.8836037106	1.8836037106	1.8836037106	1.8836037106	1.8836037106	1.8836037106	1.8836037106	1.8836037106	1.8836037106	1.8836037106	1.8836037106	1.8836037106	1.8836037106	1.8836037106
1.8836037106	1.8836037106	1.8836037106	1.8836037106	1.8836037106	1.8836037106	1.8836037106	1.8836037106	1.8836037106	1.8836037106	1.8836037106	1.8836037106	1.8836037106	1.8836037106	1.8836037106	1.8836037106	1.8836037106	1.8836037106	1.8836037106	1.8836037106	1.8836037106	1.8836037106	1.8836037106	1.8836037106	1.8836037106	1.8836037106	1.8836037106	1.8836037106	1.8836037106	1.8836037106	1.8836037106	1.8836037106	1.8836037106	1.8836037106	1.8836037106	1.8836037106	1.8836037106	1.8836037106	1.8836037106	1.8836037106	1.8836037106	1.8836037106	1.8836037106	1.8836037106	1.8836037106	1.8836037106	1.8836037106	1.8836037106	1.8836037106	1.8836037106	1.8836037106	1.8836037106	1.8836037106	1.8836037106	1.8836037106	1.8836037106	1.8836037106	1.8836037106	1.8836037106	1.8836037106	1.8836037106	1.8836037106	1.8836037106	1.8836037106	1.8836037106	1.8836037106	1.8836037106	1.8836037106	1.8836037106	1.8836037106	1.8836037106	1.8836037106	1.8836037106	1.8836037106	1.8836037106	1.8836037106	1.8836037106	1.8836037106	1.8836037106	1.8836037106	1.8836037106	1.8836037106	1.8836037106	1.8836037106	1.8836037106	1.8836037106	1.8836037106	1.8836037106	1.8836037106	1.8836037106	1.8836037106	1.8836037106	1.8836037106	1.8836037106	1.8836037106	1.8836037106	1.8836037106	1.8836037106	1.8836037106	1.8836037106	1.8836037106	1.8836037106	1.8836037106	1.8836037106	1.8836037106	1.8836037106	1.8836037106	1.8836037106	1.8836037106	1.8836037106	1.8836037106	1.8836037106	1.8836037106	1.8836037106	1.8836037106	2.1727128654	2.1732187705	2.1736889041	2.1741233701	2.1745205906	2.1748801814	2.1752017707	2.1754850031	2.1757295376	2.1759350474	2.1761012191	2.1762277531	2.1763143645	2.1763607825	2.1763667516	2.1763320312	2.1762563960	2.1761396363	2.1759815583	2.1757819837	2.1755407506	2.1752577129	2.1749327415	2.1745657256	2.1741565742	2.1737052127	2.1732127866	2.1726788020	1.8836037106	1.8836037106	1.8836037106	1.8836037106	1.8836037106	1.8836037106	1.8836037106	1.8836037106	1.8836037106	1.8836037106	1.8836037106	1.8836037106	1.8836037106	1.8836037106	1.8836037106	1.8836037106	1.8836037106	1.8836037106	1.8836037106	1.8836037106	1.8836037106	1.8836037106	1.8836037106	1.8836037106	1.8836037106	1.8836037106	1.8836037106	1.8836037106	1.8836037106	1.8836037106	1.8836037106	1.8836037106	1.8836037106	1.8836037106	1.8836037106	1.8836037106	1.8836037106	1.8836037106	1.8836037106	1.8836037106	1.8836037106	1.8836037106	1.8836037106	1.8836037106	1.8836037106	1.8836037106	1.8836037106	1.8836037106	1.8836037106	1.8836037106	1.8836037106	1.8836037106	1.8836037106	1.8836037106	1.8836037106	1.8836037106	1.8836037106	1.8836037106	1.8836037106	1.8836037106	1.8836037106	1.8836037106	1.8836037106	1.8836037106	1.8836037106	1.8836037106	1.8836037106	1.8836037106	1.8836037106	1.8836037106	1.8836037106	1.8836037106	1.8836037106	1.8836037106	1.8836037106	1.8836037106	1.8836037106	1.8836037106	1.8836037106	1.8836037106	1.8836037106	1.8836037106	1.8836037106	1.8836037106	1.8836037106	1.8836037106	1.8836037106	1.8836037106	1.8836037106	1.8836037106	1.8836037106	1.8836037106	1.8836037106	1.8836037106	1.8836037106	1.8836037106	1.8836037106	1.8836037106	1.8836037106	1.8836037106	1.8836037106	1.8836037106	1.8836037106	1.8836037106	1.8836037106	1.8836037106	1.8836037106	1.8836037106	1.8836037106	1.8836037106	1.8836037106	1.8836037106	1.8836037106	1.8836037106	1.8836037106
1.8836037106	1.8836037106	1.8836037106	1.8836037106	1.8836037106	1.8836037106	1.8836037106	1.8836037106	1.8836037106	1.8836037106	1.8836037106	1.8836037106	1.8836037106	1.8836037106	1.8836037106	1.8836037106	1.8836037106	1.8836037106	1.8836037106	1.8836037106	1.8836037106	1.8836037106	1.8836037106	1.8836037106	1.8836037106	1.8836037106	1.8836037106	1.8836037106	1.8836037106	1.8836037106	1.8836037106	1.8836037106	1.8836037106	1.8836037106	1.8836037106	1.8836037106	1.8836037106	1.8836037106	1.8836037106	1.8836037106	1.8836037106	1.8836037106	1.8836037106	1.8836037106	1.8836037106	1.8836037106	1.8836037106	1.8836037106	1.8836037106	1.8836037106	1.8836037106	1.8836037106	1.8836037106	1.8836037106	1.8836037106	1.8836037106	1.8836037106	1.8836037106	1.8836037106	1.8836037106	1.8836037106	1.8836037106	1.8836037106	1.8836037106	1.8836037106	1.8836037106	1.8836037106	1.8836037106	1.8836037106	1.8836037106	1.8836037106	1.8836037106	1.8836037106	1.8836037106	1.8836037106	1.8836037106	1.8836037106	1.8836037106	1.8836037106	1.8836037106	1.8836037106	1.8836037106	1.8836037106	1.8836037106	1.8836037106	1.8836037106	1.8836037106	1.8836037106	1.8836037106	1.8836037106	1.8836037106	1.8836037106	1.8836037106	1.8836037106	1.8836037106	1.8836037106	1.8836037106	1.8836037106	1.8836037106	1.8836037106	1.8836037106	1.8836037106	1.8836037106	1.8836037106	1.8836037106	1.8836037106	1.8836037106	1.8836037106	1.8836037106	1.8836037106	1.8836037106	1.8836037106	1.8836037106	1.8836037106	1.8836037106	1.8836037106	1.8836037106	1.8836037106	1.8836037106	1.8836037106	1.8836037106	1.8836037106	1.8836037106	1.8836037106	1.8836037106	1.8836037106	1.8836037106	1.8836037106	1.8836037106	1.8836037106	1.8836037106	1.8836037106	1.8836037106	1.8836037106	1.8836037106	1.8836037106	1.8836037106	1.8836037106	1.8836037106	1.8836037106	1.8836037106	1.8836037106	1.8836037106	1.8836037106	1.8836037106	1.8836037106	1.8836037106	1.8836037106	1.8836037106	1.8836037106	1.8836037106	1.8836037106	1.8836037106	1.8836037106	1.8836037106	1.8836037106	1.8836037106	1.8836037106	1.8836037106	1.8836037106	1.8836037106	1.8836037106	1.8836037106	1.8836037106	1.8836037106	1.8836037106	1.8836037106	1.8836037106	1.8836037106	1.8836037106	1.8836037106	1.8836037106	1.8836037106	1.8836037106	1.8836037106	1.8836037106	1.8836037106	1.8836037106	1.8836037106	1.8836037106	1.8836037106	1.8836037106	1.8836037106	1.8836037106	1.8836037106	1.8836037106	1.8836037106	1.8836037106	1.8836037106	1.8836037106	1.8836037106	1.8836037106	1.8836037106	1.8836037106	1.8836037106	1.8836037106	1.8836037106	1.8836037106	1.8836037106	1.8836037106	1.8836037106	1.8836037106	1.8836037106	1.8836037106	1.8836037106	1.8836037106	1.8836037106	1.8836037106	1.8836037106	1.8836037106	1.8836037106	1.8836037106	1.8836037106	1.8836037106	1.8836037106	1.8836037106	1.8836037106	1.8836037106	1.8836037106	1.8836037106	1.8836037106	1.8836037106	1.8836037106	1.8836037106	1.8836037106	1.8836037106	1.8836037106	1.8836037106	1.8836037106	1.8836037106	1.8836037106	1.8836037106	1.8836037106	1.8836037106	1.8836037106	1.8836037106	1.8836037106	1.8836037106	1.8836037106	1.8836037106	1.8836037106	1.8836037106	1.8836037106	1.8836037106	1.8836037106	1.8836037106	1.8836037106	1.8836037106	1.8836037106	1.8836037106	1.8836037106	1.8836037106	1.8836037106	1.8836037106	1.8836037106	1.8836037106	1.8836037106	1.8836037106
1.8836037106	1.8836037106	1.8836037106	1.8836037106	1.8836037106	1.8836037106	1.8836037106	1.8836037106	1.8836037106	1.8836037106	1.8836037106	1.8836037106	1.8836037106	1.8836037106	1.8836037106	1.8836037106	1.8836037106	1.8836037106	1.8836037106	1.8836037106	1.8836037106	1.8836037106	1.8836037106	1.8836037106	1.8836037106	1.8836037106	1.8836037106	1.8836037106	1.8836037106	1.8836037106	1.8836037106	1.8836037106	1.8836037106	1.8836037106	1.8836037106	1.8836037106	1.8836037106	1.8836037106	1.8836037106	1.8836037106	1.8836037106	1.8836037106	1.8836037106	1.8836037106	1.8836037106	1.8836037106	1.8836037106	1.8836037106	1.8836037106	1.8836037106	1.8836037106	1.8836037106	1.8836037106	1.8836037106	1.8836037106	1.8836037106	1.8836037106	1.8836037106	1.8836037106	1.8836037106	1.8836037106	1.8836037106	1.8836037106	1.8836037106	1.8836037106	1.8836037106	1.8836037106	1.8836037106	1.8836037106	1.8836037106	1.8836037106	1.8836037106	1.8836037106	1.8836037106	1.8836037106	1.8836037106	1.8836037106	1.8836037106	1.8836037106	1.8836037106	1.8836037106	1.8836037106	1.8836037106	1.8836037106	1.8836037106	1.8836037106	1.8836037106	1.8836037106	1.8836037106	1.8836037106	1.8836037106	1.8836037106	1.8836037106	1.8836037106	1.8836037106	1.8836037106	1.8836037106	1.8836037106	1.8836037106	1.8836037106	1.8836037106	1.8836037106	1.8836037106	1.8836037106	1.8836037106	1.8836037106	1.8836037106	1.8836037106	1.8836037106	1.8836037106	1.8836037106	1.8836037106	1.8836037106	1.8836037106	1.8836037106	1.8836037106	1.8836037106	1.8836037106	1.8836037106	1.8836037106	1.8836037106	1.8836037106	1.8836037106	1.8836037106	1.8836037106	1.8836037106	1.8836037106	1.8836037106	1.8836037106	1.8836037106	1.8836037106	1.8836037106	1.8836037106	1.8836037106	1.8836037106	1.8836037106	1.8836037106	1.8836037106	1.8836037106	1.8836037106	1.8836037106	1.8836037106	1.8836037106	1.8836037106	1.8836037106	1.8836037106	1.8836037106	1.8836037106	1.8836037106	1.8836037106	1.8836037106	1.8836037106	1.8836037106	1.8836037106	1.8836037106	1.8836037106	1.8836037106	1.8836037106	1.8836037106	1.8836037106	1.8836037106	1.8836037106	1.8836037106	1.8836037106	1.8836037106	1.8836037106	1.8836037106	1.8836037106	1.8836037106	1.8836037106	1.8836037106	1.8836037106	1.8836037106	1.8836037106	1.8836037106	1.8836037106	1.8836037106	1.8836037106	1.8836037106	1.8836037106	1.8836037106	1.8836037106	1.8836037106	1.8836037106	1.8836037106	1.8836037106	1.8836037106	1.8836037106	1.8836037106	1.8836037106	1.8836037106	1.8836037106	1.8836037106	1.8836037106	1.8836037106	1.8836037106	1.8836037106	1.8836037106	1.8836037106	1.8836037106	1.8836037106	1.8836037106	1.8836037106	1.8836037106	1.8836037106	1.8836037106	1.8836037106	1.8836037106	1.8836037106	1.8836037106	1.8836037106	1.8836037106	1.8836037106	1.8836037106	1.8836037106	1.8836037106	1.8836037106	1.8836037106	1.8836037106	1.8836037106	1.8836037106	1.8836037106	1.8836037106	1.8836037106	1.8836037106	1.8836037106	1.8836037106	1.8836037106	1.8836037106	1.8836037106	1.8836037106	1.8836037106	1.8836037106	1.8836037106	1.8836037106	1.8836037106	1.8836037106	1.8836037106	1.8836037106	1.8836037106	1.8836037106	1.8836037106	1.8836037106	1.8836037106	1.8836037106	1.8836037106	1.8836037106	1.8836037106	1.8836037106	1.8836037106	1.8836037106	1.8836037106	1.8836037106	1.8836037106	1.8836037106	1.8836037106	1.8836037106	1.8836037106
1.8836037106	1.8836037106	1.8836037106	1.8836037106	1.8836037106	1.8836037106	1.8836037106	1.8836037106	1.8836037106	1.8836037106	1.8836037106	1.8836037106	1.8836037106	1.8836037106	1.8836037106	1.8836037106	1.8836037106	1.8836037106	1.8836037106	1.8836037106	1.8836037106	1.8836037106	1.8836037106	1.8836037106	1.8836037106	1.8836037106	1.8836037106	1.8836037106	1.8836037106	1.8836037106	1.8836037106	1.8836037106	1.8836037106	1.8836037106	1.8836037106	1.8836037106	1.8836037106	1.8836037106	1.8836037106	1.8836037106	1.8836037106	1.8836037106	1.8836037106	1.8836037106	1.8836037106	1.8836037106	1.8836037106	1.8836037106	1.8836037106	1.8836037106	1.8836037106	1.8836037106	1.8836037106	1.8836037106	1.8836037106	1.8836037106	1.8836037106	1.8836037106	1.8836037106	1.8836037106	1.8836037106	1.8836037106	1.8836037106	1.8836037106	1.8836037106	1.8836037106	1.8836037106	1.8836037106	1.8836037106	1.8836037106	1.8836037106	1.8836037106	1.8836037106	1.8836037106	1.8836037106	1.8836037106	1.8836037106	1.8836037106	1.8836037106	1.8836037106	1.8836037106	1.8836037106	1.8836037106	1.8836037106	1.8836037106	1.8836037106	1.8836037106	1.8836037106	1.8836037106	1.8836037106	1.8836037106	1.8836037106	1.8836037106	1.8836037106	1.8836037106	1.8836037106	1.8836037106	1.8836037106	1.8836037106	1.8836037106	1.8836037106	1.8836037106	1.8836037106	1.8836037106	1.8836037106	1.8836037106	1.8836037106	1.8836037106	1.8836037106	1.8836037106	1.8836037106	1.8836037106	1.8836037106	1.8836037106	1.8836037106	1.8836037106	1.8836037106	1.8836037106	1.8836037106	1.8836037106	1.8836037106	1.8836037106	1.8836037106	1.8836037106	1.8836037106	1.8836037106	1.8836037106	1.8836037106	1.8836037106	1.8836037106	1.8836037106	1.8836037106	1.8836037106	1.8836037106	1.8836037106	1.8836037106	1.8836037106	1.8836037106	1.8836037106	1.8836037106	1.8836037106	1.8836037106	1.8836037106	1.8836037106	1.8836037106	1.8836037106	1.8836037106	1.8836037106	1.8836037106	1.8836037106	1.8836037106	1.8836037106	1.8836037106	1.8836037106	1.8836037106	1.8836037106	1.8836037106	1.8836037106	1.8836037106	1.8836037106	1.8836037106	1.8836037106	1.8836037106	1.8836037106	1.8836037106	1.8836037106	1.8836037106	1.8836037106	1.8836037106	1.8836037106	1.8836037106	1.8836037106	1.8836037106	1.8836037106	1.8836037106	1.8836037106	1.8836037106	1.8836037106	1.8836037106	1.8836037106	1.8836037106	1.8836037106	1.8836037106	1.8836037106	1.8836037106	1.8836037106	1.8836037106	1.8836037106	1.8836037106	1.8836037106	1.8836037106	1.8836037106	1.8836037106	1.8836037106	1.8836037106	1.8836037106	1.8836037106	1.8836037106	1.8836037106	1.8836037106	1.8836037106	1.8836037106	1.8836037106	1.8836037106	1.8836037106	1.8836037106	1.8836037106	1.8836037106	1.8836037106	1.8836037106	1.8836037106	1.8836037106	1.8836037106	1.8836037106	1.8836037106	1.8836037106	1.8836037106	1.8836037106	1.8836037106	1.8836037106	1.8836037106	1.8836037106	1.8836037106	1.8836037106	1.8836037106	1.8836037106	1.8836037106	1.8836037106	1.8836037106	1.8836037106	1.8836037106	1.8836037106	1.8836037106	1.8836037106	1.8836037106	1.8836037106	1.8836037106	1.8836037106	1.8836037106	1.8836037106	1.8836037106	1.8836037106	1.8836037106	1.8836037106	1.8836037106	1.8836037106	1.8836037106	1.8836037106	1.8836037106	1.8836037106	1.8836037106	1.8836037106	1.8836037106	1.8836037106	1.8836037106	1.8836037106	1.8836037106	1.8836037106
1.8836037106	1.8836037106	1.8836037106	1.8836037106	1.8836037106	1.8836037106	1.8836037106	1.8836037106	1.8836037106	1.8836037106	1.8836037106	1.8836037106	1.8836037106	1.8836037106	1.8836037106	1.8836037106	1.8836037106	1.8836037106	1.8836037106	1.8836037106	1.8836037106	1.8836037106	1.8836037106	1.8836037106	1.8836037106	1.8836037106	1.8836037106	1.8836037106	1.8836037106	1.8836037106	1.8836037106	1.8836037106	1.8836037106	1.8836037106	1.8836037106	1.8836037106	1.8836037106	1.8836037106	1.8836037106	1.8836037106	1.8836037106	1.8836037106	1.8836037106	1.8836037106	1.8836037106	1.8836037106	1.8836037106	1.8836037106	1.8836037106	1.8836037106	1.8836037106	1.8836037106	1.8836037106	1.8836037106	1.8836037106	1.8836037106	1.8836037106	1.8836037106	1.8836037106	1.8836037106	1.8836037106	1.8836037106	1.8836037106	1.8836037106	1.8836037106	1.8836037106	1.8836037106	1.8836037106	1.8836037106	1.8836037106	1.8836037106	1.8836037106	1.8836037106	1.8836037106	1.8836037106	1.8836037106	1.8836037106	1.8836037106	1.8836037106	1.8836037106	1.8836037106	1.8836037106	1.8836037106	1.8836037106	1.8836037106	1.8836037106	1.8836037106	1.8836037106	1.8836037106	1.8836037106	1.8836037106	1.8836037106	1.8836037106	1.8836037106	1.8836037106	1.8836037106	1.8836037106	1.8836037106	1.8836037106	1.8836037106	1.8836037106	1.8836037106	1.8836037106	1.8836037106	1.8836037106	1.8836037106	1.8836037106	1.8836037106	1.8836037106	1.8836037106	1.8836037106	1.8836037106	1.8836037106	1.8836037106	1.8836037106	1.8836037106	1.8836037106	1.8836037106	1.8836037106	1.8836037106	1.8836037106	1.8836037106	1.8836037106	1.8836037106	1.8836037106	1.8836037106	1.8836037106	1.8836037106	1.8836037106	1.8836037106	1.8836037106	1.8836037106	1.8836037106	1.8836037106	1.8836037106	1.8836037106	1.8836037106	1.8836037106	1.8836037106	1.8836037106	1.8836037106	1.8836037106	1.8836037106	1.8836037106	1.8836037106	1.8836037106	1.8836037106	1.8836037106	1.8836037106	1.8836037106	1.8836037106	1.8836037106	1.8836037106	1.8836037106	1.8836037106	1.8836037106	1.8836037106	1.8836037106	1.8836037106	1.8836037106	1.8836037106	1.8836037106	1.8836037106	1.8836037106	1.8836037106	1.8836037106	1.8836037106	1.8836037106	1.8836037106	1.8836037106	1.8836037106	1.8836037106	1.8836037106	1.8836037106	1.8836037106	1.8836037106	1.8836037106	1.8836037106	1.8836037106	1.8836037106	1.8836037106	1.8836037106	1.8836037106	1.8836037106	1.8836037106	1.8836037106	1.8836037106	1.8836037106	1.8836037106	1.8836037106	1.8836037106	1.8836037106	1.8836037106	1.8836037106	1.8836037106	1.8836037106	1.8836037106	1.8836037106	1.8836037106	1.8836037106	1.8836037106	1.8836037106	1.8836037106	1.8836037106	1.8836037106	1.8836037106	1.8836037106	1.8836037106	1.8836037106	1.8836037106	1.8836037106	1.8836037106	1.8836037106	1.8836037106	1.8836037106	1.8836037106	1.8836037106	1.8836037106	1.8836037106	1.8836037106	1.8836037106	1.8836037106	1.8836037106	1.8836037106	1.8836037106	1.8836037106	1.8836037106	1.8836037106	1.8836037106	1.8836037106	1.8836037106	1.8836037106	1.8836037106	1.8836037106	1.8836037106	1.8836037106	1.8836037106	1.8836037106	1.8836037106	1.8836037106	1.8836037106	1.8836037106	1.8836037106	1.8836037106	1.8836037106	1.8836037106	1.8836037106	1.8836037106	1.8836037106	1.8836037106	1.8836037106	1.8836037106	1.8836037106	1.8836037106	1.8836037106	1.8836037106	1.8836037106	1.8836037106
1.8836037106	1.8836037106	1.8836037106	1.8836037106	1.8836037106	1.8836037106	1.8836037106	1.8836037106	1.8836037106	1.8836037106	1.8836037106	1.8836037106	1.8836037106	1.8836037106	1.8836037106	1.8836037106	1.8836037106	1.8836037106	1.8836037106	1.8836037106	1.8836037106	1.8836037106	1.8836037106	1.8836037106	1.8836037106	1.8836037106	1.8836037106	1.8836037106	1.8836037106	1.8836037106	1.8836037106	1.8836037106	1.8836037106	1.8836037106	1.8836037106	1.8836037106	1.8836037106	1.8836037106	1.8836037106	1.8836037106	1.8836037106	1.8836037106	1.8836037106	1.8836037106	1.8836037106	1.8836037106	1.8836037106	1.8836037106	1.8836037106	1.8836037106	1.8836037106	1.8836037106	1.8836037106	1.8836037106	1.8836037106	1.8836037106	1.8836037106	1.8836037106	1.8836037106	1.8836037106	1.8836037106	1.8836037106	1.8836037106	1.8836037106	1.8836037106	1.8836037106	1.8836037106	1.8836037106	1.8836037106	1.8836037106	1.8836037106	1.8836037106	1.8836037106	1.8836037106	1.8836037106	1.8836037106	1.8836037106	1.8836037106	1.8836037106	1.8836037106	1.8836037106	1.8836037106	1.8836037106	1.8836037106	1.8836037106	1.8836037106	1.8836037106	1.8836037106	1.8836037106	1.8836037106	1.8836037106	1.8836037106	1.8836037106	1.8836037106	1.8836037106	1.8836037106	1.8836037106	1.8836037106	1.8836037106	1.8836037106	1.8836037106	1.8836037106	1.8836037106	1.8836037106	1.8836037106	1.8836037106	1.8836037106	1.8836037106	1.8836037106	1.8836037106	1.8836037106	1.8836037106	1.8836037106	1.8836037106	1.8836037106	1.8836037106	1.8836037106	1.8836037106	1.8836037106	1.8836037106	1.8836037106	1.8836037106	1.8836037106	1.8836037106	1.8836037106	1.8836037106	1.8836037106	1.8836037106	1.8836037106	1.8836037106	1.8836037106	1.8836037106	1.8836037106	1.8836037106	1.8836037106	1.8836037106	1.8836037106	1.8836037106	1.8836037106	1.8836037106	1.8836037106	1.8836037106	1.8836037106	1.8836037106	1.8836037106	1.8836037106	1.8836037106	1.8836037106	1.8836037106	1.8836037106	1.8836037106	1.8836037106	1.8836037106	1.8836037106	1.8836037106	1.8836037106	1.8836037106	1.8836037106	1.8836037106	1.8836037106	1.8836037106	1.8836037106	1.8836037106	1.8836037106	1.8836037106	1.8836037106	1.8836037106	1.8836037106	1.8836037106	1.8836037106	1.8836037106	1.8836037106	1.8836037106	1.8836037106	1.8836037106	1.8836037106	1.8836037106	1.8836037106	1.8836037106	1.8836037106	1.8836037106	1.8836037106	1.8836037106	1.8836037106	1.8836037106	1.8836037106	1.8836037106	1.8836037106	1.8836037106	1.8836037106	1.8836037106	1.8836037106	1.8836037106	1.8836037106	1.8836037106	1.8836037106	1.8836037106	1.8836037106	1.8836037106	1.8836037106	1.8836037106	1.8836037106	1.8836037106	1.8836037106	1.8836037106	1.8836037106	1.8836037106	1.8836037106	1.8836037106	1.8836037106	1.8836037106	1.8836037106	1.8836037106	1.8836037106	1.8836037106	1.8836037106	1.8836037106	1.8836037106	1.8836037106	1.8836037106	1.8836037106	1.8836037106	1.8836037106	1.8836037106	1.8836037106	1.8836037106	1.8836037106	1.8836037106	1.8836037106	1.8836037106	1.8836037106	1.8836037106	1.8836037106	1.8836037106	1.8836037106	1.8836037106	1.8836037106	1.8836037106	1.8836037106	1.8836037106	1.8836037106	1.8836037106	1.8836037106	1.8836037106	1.8836037106	1.8836037106	1.8836037106	1.8836037106	1.8836037106	1.8836037106	1.8836037106	1.8836037106	1.8836037106	1.8836037106	1.8836037106	1.8836037106	1.8836037106	1.8836037106
1.8836037106	1.8836037106	1.8836037106	1.8836037106	1.8836037106	1.8836037106	1.8836037106	1.8836037106	1.8836037106	1.8836037106	1.8836037106	1.8836037106	1.8836037106	1.8836037106	1.8836037106	1.8836037106	1.8836037106	1.8836037106	1.8836037106	1.8836037106	1.8836037106	1.8836037106	1.8836037106	1.8836037106	1.8836037106	1.8836037106	1.8836037106	1.8836037106	1.8836037106	1.8836037106	1.8836037106	1.8836037106	1.8836037106	1.8836037106	1.8836037106	1.8836037106	1.8836037106	1.8836037106	1.8836037106	1.8836037106	1.8836037106	1.8836037106	1.8836037106	1.8836037106	1.8836037106	1.8836037106	1.8836037106	1.8836037106	1.8836037106	1.8836037106	1.8836037106	1.8836037106	1.8836037106	1.8836037106	1.8836037106	1.8836037106	1.8836037106	1.8836037106	1.8836037106	1.8836037106	1.8836037106	1.8836037106	1.8836037106	1.8836037106	1.8836037106	1.8836037106	1.8836037106	1.8836037106	1.8836037106	1.8836037106	1.8836037106	1.8836037106	1.8836037106	1.8836037106	1.8836037106	1.8836037106	1.8836037106	1.8836037106	1.8836037106	1.8836037106	1.8836037106	1.8836037106	1.8836037106	1.8836037106	1.8836037106	1.8836037106	1.8836037106	1.8836037106	1.8836037106	1.8836037106	1.8836037106	1.8836037106	1.8836037106	1.8836037106	1.8836037106	1.8836037106	1.8836037106	1.8836037106	1.8836037106	1.8836037106	1.8836037106	1.8836037106	1.8836037106	1.8836037106	1.8836037106	1.8836037106	1.8836037106	1.8836037106	1.8836037106	1.8836037106	1.8836037106	1.8836037106	1.8836037106	1.8836037106	1.8836037106	1.8836037106	1.8836037106	1.8836037106	1.8836037106	1.8836037106	1.8836037106	1.8836037106	1.8836037106	1.8836037106	1.8836037106	1.8836037106	1.8836037106	1.8836037106	1.8836037106	1.8836037106	1.8836037106	1.8836037106	1.8836037106	1.8836037106	1.8836037106	1.8836037106	1.8836037106	1.8836037106	1.8836037106	1.8836037106	1.8836037106	1.8836037106	1.8836037106	1.8836037106	1.8836037106	1.8836037106	1.8836037106	1.8836037106	1.8836037106	1.8836037106	1.8836037106	1.8836037106	1.8836037106	1.8836037106	1.8836037106	1.8836037106	1.8836037106	1.8836037106	1.8836037106	1.8836037106	1.8836037106	1.8836037106	1.8836037106	1.8836037106	1.8836037106	1.8836037106	1.8836037106	1.8836037106	1.8836037106	1.8836037106	1.8836037106	1.8836037106	1.8836037106	1.8836037106	1.8836037106	1.8836037106	1.8836037106	1.8836037106	1.8836037106	1.8836037106	1.8836037106	1.8836037106	1.8836037106	1.8836037106	1.8836037106	1.8836037106	1.8836037106	1.8836037106	1.8836037106	1.8836037106	1.8836037106	1.8836037106	1.8836037106	1.8836037106	1.8836037106	1.8836037106	1.8836037106	1.8836037106	1.8836037106	1.8836037106	1.8836037106	1.8836037106	1.8836037106	1.8836037106	1.8836037106	1.8836037106	1.8836037106	1.8836037106	1.8836037106	1.8836037106	1.8836037106	1.8836037106	1.8836037106	1.8836037106	1.8836037106	1.8836037106	1.8836037106	1.8836037106	1.8836037106	1.8836037106	1.8836037106	1.8836037106	1.8836037106	1.8836037106	1.8836037106	1.8836037106	1.8836037106	1.8836037106	1.8836037106	1.8836037106	1.8836037106	1.8836037106	1.8836037106	1.8836037106	1.8836037106	1.8836037106	1.8836037106	1.8836037106	1.8836037106	1.8836037106	1.8836037106	1.8836037106	1.8836037106	1.8836037106	1.8836037106	1.8836037106	1.8836037106	1.8836037106	1.8836037106	1.8836037106	1.8836037106	1.8836037106	1.8836037106	1.8836037106	1.8836037106	1.8836037106	1.8836037106	1.8836037106
1.8836037106	1.8836037106	1.8836037106	1.8836037106	1.8836037106	1.8836037106	1.8836037106	1.8836037106	1.8836037106	1.8836037106	1.8836037106	1.8836037106	1.8836037106	1.8836037106	1.8836037106	1.8836037106	1.8836037106	1.8836037106	1.8836037106	1.8836037106	1.8836037106	1.8836037106	1.8836037106	1.8836037106	1.8836037106	1.8836037106	1.8836037106	1.8836037106	1.8836037106	1.8836037106	1.8836037106	1.8836037106	1.8836037106	1.8836037106	1.8836037106	1.8836037106	1.8836037106	1.8836037106	1.8836037106	1.8836037106	1.8836037106	1.8836037106	1.8836037106	1.8836037106	1.8836037106	1.8836037106	1.8836037106	1.8836037106	1.8836037106	1.8836037106	1.8836037106	1.8836037106	1.8836037106	1.8836037106	1.8836037106	1.8836037106	1.8836037106	1.8836037106	1.8836037106	1.8836037106	1.8836037106	1.8836037106	1.8836037106	1.8836037106	1.8836037106	1.8836037106	1.8836037106	1.8836037106	1.8836037106	1.8836037106	1.8836037106	1.8836037106	1.8836037106	1.8836037106	1.8836037106	1.8836037106	1.8836037106	1.8836037106	1.8836037106	1.8836037106	1.8836037106	1.8836037106	1.8836037106	1.8836037106	1.8836037106	1.8836037106	1.8836037106	1.8836037106	1.8836037106	1.8836037106	1.8836037106	1.8836037106	1.8836037106	1.8836037106	1.8836037106	1.8836037106	1.8836037106	1.8836037106	1.8836037106	1.8836037106	1.8836037106	1.8836037106	1.8836037106	1.8836037106	1.8836037106	1.8836037106	1.8836037106	1.8836037106	1.8836037106	1.8836037106	1.8836037106	1.8836037106	1.8836037106	1.8836037106	1.8836037106	1.8836037106	1.8836037106	1.8836037106	1.8836037106	1.8836037106	1.8836037106	1.8836037106	1.8836037106	1.8836037106	1.8836037106	1.8836037106	1.8836037106	1.8836037106	1.8836037106	1.8836037106	1.8836037106	1.8836037106	1.8836037106	1.8836037106	1.8836037106	1.8836037106	1.8836037106	1.8836037106	1.8836037106	1.8836037106	1.8836037106	1.8836037106	1.8836037106	1.8836037106	1.8836037106	1.8836037106	1.8836037106	1.8836037106	1.8836037106	1.8836037106	1.8836037106	1.8836037106	1.8836037106	1.8836037106	1.8836037106	1.8836037106	1.8836037106	1.8836037106	1.8836037106	1.8836037106	1.8836037106	1.8836037106	1.8836037106	1.8836037106	1.8836037106	1.8836037106	1.8836037106	1.8836037106	1.8836037106	1.8836037106	1.8836037106	1.8836037106	1.8836037106	1.8836037106	1.8836037106	1.8836037106	1.8836037106	1.8836037106	1.8836037106	1.8836037106	1.8836037106	1.8836037106	1.8836037106	1.8836037106	1.8836037106	1.8836037106	1.8836037106	1.8836037106	1.8836037106	1.8836037106	1.8836037106	1.8836037106	1.8836037106	1.8836037106	1.8836037106	1.8836037106	1.8836037106	1.8836037106	1.8836037106	1.8836037106	1.8836037106	1.8836037106	1.8836037106	1.8836037106	1.8836037106	1.8836037106	1.8836037106	1.8836037106	1.8836037106	1.8836037106	1.8836037106	1.8836037106	1.8836037106	1.8836037106	1.8836037106	1.8836037106	1.8836037106	1.8836037106	1.8836037106	1.8836037106	1.8836037106	1.8836037106	1.8836037106	1.8836037106	1.8836037106	1.8836037106	1.8836037106	1.8836037106	1.8836037106	1.8836037106	1.8836037106	1.8836037106	1.8836037106	1.8836037106	1.8836037106	1.8836037106	1.8836037106	1.8836037106	1.8836037106	1.8836037106	1.8836037106	1.8836037106	1.8836037106	1.8836037106	1.8836037106	1.8836037106	1.8836037106	1.8836037106	1.8836037106	1.8836037106	1.8836037106	1.8836037106	1.8836037106	1.8836037106	1.8836037106	1.8836037106	1.8836037106	1.8836037106
