0.0010345642	0.0010336464	0.0010327526	0.0010318916	0.0010310659	0.0010302750	0.0010295180	0.0010287942	0.0010281033	0.0010274448	0.0010268185	0.0010262240	0.0010256610	0.0010251291	0.0010246279	0.0010241572	0.0010237165	0.0010233056	0.0010229241	0.0010225716	0.0010222478	0.0010219524	0.0010216849	0.0010214451	0.0010212326	0.0010210471	0.0010208881	0.0010207554	0.0010206485	0.0010205671	0.0010205108	0.0010204793	0.0010204721	0.0010204889	0.0010205293	0.0010205928	0.0010206792	0.0010207879	0.0010209187	0.0010210710	0.0010212445	0.0010214386	0.0010216530	0.0010218872	0.0010221407	0.0010224130	0.0010227036	0.0010230121	0.0010233379	0.0010236805	0.0010240393	0.0010244139	0.0010248036	0.0010252078	0.0010256261	0.0010260578	0.0010265022	0.0010269589	0.0010274271	0.0010279061	0.0010283954	0.0010288941	0.0010294016	0.0010299171	0.0010304399	0.0010309693	0.0010315044	0.0010320444	0.0010325885	0.0010331359	0.0010336858	0.0010342372	0.0010347892	0.0010353411	0.0010358918	0.0010364405	0.0010369860	0.0010375275	0.0010380640	0.0010385943	0.0010391175	0.0010396325	0.0010401382	0.0010406335	0.0010411173	0.0010415885	0.0010420460	0.0010424885	0.0010429149	0.0010433240	0.0010437146	0.0010440855	0.0010444355	0.0010447632	0.0010450675	0.0010453472	0.0010456008	0.0010458273	0.0010460254	0.0010461938	0.0010463312	0.0010464367	0.0010465087	0.0010465462	0.0010465477	0.0010465122	0.0010464384	0.0010463250	0.0010461706	0.0010459740	0.0010457338	0.0010454487	0.0010451176	0.0010447393	0.0010443128	0.0010438369	0.0010433102	0.0010427313	0.0010420994	0.0010414134	0.0010406726	0.0010398761	0.0010390229	0.0010381124	0.0010371436	0.0010361160	0.0010350286	0.0010338810	0.0010326723	0.0010314021	0.0010300697	0.0010286747	0.0010272165	0.0010256947	0.0010241090	0.0010224589	0.0010207442	0.0010189646	0.0010171199	0.0010152099	0.0010132345	0.0010111938	0.0010090879	0.0010069173	0.0010046823	0.0010023830	0.0010000197	0.0009975928	0.0009951026	0.0009925498	0.0009899349	0.0009872584	0.0009845212	0.0009817236	0.0009788665	0.0009759505	0.0009729764	0.0009699450	0.0009668572	0.0009637137	0.0009605156	0.0009572638	0.0009539592	0.0009506030	0.0009471961	0.0009437397	0.0009402350	0.0009366831	0.0009330852	0.0009294424	0.0009257562	0.0009220277	0.0009182581	0.0009144489	0.0009106011	0.0009067163	0.0009027956	0.0008988405	0.0008948521	0.0008908319	0.0008867812	0.0008827012	0.0008785933	0.0008744589	0.0008702993	0.0008661157	0.0008619096	0.0008576821	0.0008534347	0.0008491685	0.0008448849	0.0008405851	0.0008362704	0.0008319420	0.0008276010	0.0008232488	0.0008188864	0.0008145150	0.0008101358	0.0008057499	0.0008013583	0.0007969623	0.0007925628	0.0007881608	0.0007837575	0.0007793538	0.0007749506	0.0007705490	0.0007661499	0.0007617541	0.0007573626	0.0007529762	0.0007485958	0.0007442221	0.0007398560	0.0007354981	0.0007311493	0.0007268103	0.0007224817	0.0007181643	0.0007138586	0.0007095654	0.0007052853	0.0007010188	0.0006967665	0.0006925289	0.0006883067	0.0006841002	0.0006799100	0.0006757365	0.0006715803	0.0006674416	0.0006633210	0.0006592188	0.0006551354	0.0006510711	0.0006470262	0.0006430011	0.0006389961	0.0006350115	0.0006310475	0.0006271044	0.0006231824	0.0006192818	0.0006154028	0.0006115456	0.0006077102	0.0006038971	0.0006001062	0.0005963378	0.0005925919	0.0005888688	0.0005851685	0.0005814914	0.0005778375	0.0005742062	0.0005705949
0.0010330651	0.0010321549	0.0010312687	0.0010304153	0.0010295972	0.0010288140	0.0010280646	0.0010273486	0.0010266654	0.0010260147	0.0010253962	0.0010248095	0.0010242543	0.0010237303	0.0010232370	0.0010227742	0.0010223415	0.0010219386	0.0010215652	0.0010212208	0.0010209052	0.0010206180	0.0010203589	0.0010201274	0.0010199233	0.0010197462	0.0010195958	0.0010194716	0.0010193734	0.0010193007	0.0010192532	0.0010192306	0.0010192324	0.0010192582	0.0010193077	0.0010193804	0.0010194761	0.0010195942	0.0010197344	0.0010198962	0.0010200793	0.0010202832	0.0010205074	0.0010207515	0.0010210150	0.0010212974	0.0010215983	0.0010219171	0.0010222533	0.0010226065	0.0010229760	0.0010233613	0.0010237619	0.0010241772	0.0010246065	0.0010250494	0.0010255052	0.0010259733	0.0010264531	0.0010269438	0.0010274449	0.0010279555	0.0010284751	0.0010290028	0.0010295379	0.0010300796	0.0010306273	0.0010311799	0.0010317368	0.0010322971	0.0010328599	0.0010334244	0.0010339897	0.0010345548	0.0010351190	0.0010356811	0.0010362403	0.0010367955	0.0010373457	0.0010378900	0.0010384271	0.0010389562	0.0010394760	0.0010399856	0.0010404837	0.0010409692	0.0010414410	0.0010418979	0.0010423388	0.0010427624	0.0010431676	0.0010435530	0.0010439175	0.0010442598	0.0010445787	0.0010448730	0.0010451413	0.0010453825	0.0010455953	0.0010457784	0.0010459307	0.0010460509	0.0010461377	0.0010461899	0.0010462061	0.0010461850	0.0010461255	0.0010460261	0.0010458856	0.0010457026	0.0010454755	0.0010452031	0.0010448842	0.0010445178	0.0010441030	0.0010436384	0.0010431226	0.0010425543	0.0010419325	0.0010412565	0.0010405253	0.0010397382	0.0010388943	0.0010379929	0.0010370332	0.0010360144	0.0010349359	0.0010337970	0.0010325970	0.0010313353	0.0010300114	0.0010286247	0.0010271748	0.0010256610	0.0010240831	0.0010224406	0.0010207331	0.0010189605	0.0010171223	0.0010152184	0.0010132485	0.0010112127	0.0010091113	0.0010069446	0.0010047131	0.0010024167	0.0010000558	0.0009976304	0.0009951413	0.0009925890	0.0009899742	0.0009872974	0.0009845594	0.0009817607	0.0009789020	0.0009759841	0.0009730079	0.0009699741	0.0009668836	0.0009637372	0.0009605358	0.0009572805	0.0009539722	0.0009506119	0.0009472008	0.0009437398	0.0009402303	0.0009366733	0.0009330700	0.0009294217	0.0009257297	0.0009219951	0.0009182193	0.0009144036	0.0009105493	0.0009066577	0.0009027300	0.0008987678	0.0008947722	0.0008907446	0.0008866863	0.0008825987	0.0008784831	0.0008743408	0.0008701733	0.0008659817	0.0008617675	0.0008575320	0.0008532764	0.0008490020	0.0008447102	0.0008404021	0.0008360791	0.0008317424	0.0008273932	0.0008230326	0.0008186620	0.0008142824	0.0008098950	0.0008055008	0.0008011012	0.0007966970	0.0007922895	0.0007878795	0.0007834683	0.0007790567	0.0007746458	0.0007702365	0.0007658297	0.0007614264	0.0007570274	0.0007526337	0.0007482460	0.0007438651	0.0007394919	0.0007351271	0.0007307714	0.0007264256	0.0007220904	0.0007177664	0.0007134543	0.0007091548	0.0007048685	0.0007005959	0.0006963376	0.0006920942	0.0006878662	0.0006836542	0.0006794585	0.0006752797	0.0006711182	0.0006669744	0.0006628488	0.0006587417	0.0006546535	0.0006505845	0.0006465351	0.0006425056	0.0006384963	0.0006345075	0.0006305395	0.0006265924	0.0006226667	0.0006187623	0.0006148797	0.0006110189	0.0006071803	0.0006033639	0.0005995699	0.0005957984	0.0005920495	0.0005883235	0.0005846205	0.0005809408	0.0005772844	0.0005736507	0.0005700370
0.0010291075	0.0010282174	0.0010273512	0.0010265179	0.0010257198	0.0010249566	0.0010242275	0.0010235316	0.0010228687	0.0010222384	0.0010216403	0.0010210741	0.0010205395	0.0010200362	0.0010195637	0.0010191218	0.0010187101	0.0010183283	0.0010179761	0.0010176531	0.0010173590	0.0010170934	0.0010168560	0.0010166464	0.0010164644	0.0010163096	0.0010161815	0.0010160799	0.0010160044	0.0010159547	0.0010159304	0.0010159310	0.0010159563	0.0010160059	0.0010160793	0.0010161762	0.0010162962	0.0010164390	0.0010166040	0.0010167909	0.0010169993	0.0010172288	0.0010174788	0.0010177490	0.0010180389	0.0010183479	0.0010186757	0.0010190217	0.0010193854	0.0010197663	0.0010201639	0.0010205776	0.0010210068	0.0010214511	0.0010219097	0.0010223821	0.0010228678	0.0010233661	0.0010238763	0.0010243978	0.0010249300	0.0010254721	0.0010260234	0.0010265832	0.0010271507	0.0010277251	0.0010283058	0.0010288918	0.0010294823	0.0010300765	0.0010306736	0.0010312726	0.0010318727	0.0010324730	0.0010330725	0.0010336704	0.0010342655	0.0010348569	0.0010354436	0.0010360245	0.0010365986	0.0010371648	0.0010377220	0.0010382691	0.0010388049	0.0010393282	0.0010398381	0.0010403331	0.0010408122	0.0010412741	0.0010417177	0.0010421416	0.0010425447	0.0010429257	0.0010432834	0.0010436166	0.0010439239	0.0010442043	0.0010444564	0.0010446788	0.0010448704	0.0010450298	0.0010451557	0.0010452466	0.0010453012	0.0010453177	0.0010452948	0.0010452313	0.0010451260	0.0010449771	0.0010447828	0.0010445417	0.0010442529	0.0010439155	0.0010435287	0.0010430914	0.0010426021	0.0010420596	0.0010414629	0.0010408114	0.0010401043	0.0010393411	0.0010385208	0.0010376428	0.0010367064	0.0010357109	0.0010346556	0.0010335398	0.0010323629	0.0010311242	0.0010298232	0.0010284591	0.0010270316	0.0010255400	0.0010239838	0.0010223625	0.0010206757	0.0010189229	0.0010171038	0.0010152179	0.0010132650	0.0010112448	0.0010091577	0.0010070040	0.0010047841	0.0010024976	0.0010001447	0.0009977256	0.0009952408	0.0009926912	0.0009900778	0.0009874011	0.0009846616	0.0009818601	0.0009789975	0.0009760748	0.0009730929	0.0009700525	0.0009669545	0.0009638000	0.0009605899	0.0009573251	0.0009540066	0.0009506355	0.0009472129	0.0009437398	0.0009402174	0.0009366469	0.0009330295	0.0009293664	0.0009256590	0.0009219085	0.0009181161	0.0009142834	0.0009104115	0.0009065018	0.0009025557	0.0008985745	0.0008945597	0.0008905125	0.0008864343	0.0008823264	0.0008781903	0.0008740273	0.0008698388	0.0008656260	0.0008613905	0.0008571334	0.0008528561	0.0008485600	0.0008442464	0.0008399164	0.0008355715	0.0008312129	0.0008268417	0.0008224593	0.0008180668	0.0008136653	0.0008092562	0.0008048404	0.0008004192	0.0007959936	0.0007915648	0.0007871338	0.0007827016	0.0007782692	0.0007738377	0.0007694080	0.0007649811	0.0007605578	0.0007561392	0.0007517260	0.0007473191	0.0007429192	0.0007385273	0.0007341441	0.0007297703	0.0007254066	0.0007210538	0.0007167126	0.0007123835	0.0007080674	0.0007037646	0.0006994760	0.0006952020	0.0006909432	0.0006867001	0.0006824732	0.0006782631	0.0006740701	0.0006698948	0.0006657375	0.0006615987	0.0006574788	0.0006533780	0.0006492968	0.0006452355	0.0006411944	0.0006371738	0.0006331740	0.0006291953	0.0006252379	0.0006213020	0.0006173879	0.0006134958	0.0006096259	0.0006057784	0.0006019534	0.0005981511	0.0005943715	0.0005906150	0.0005868815	0.0005831713	0.0005794847	0.0005758217	0.0005721816	0.0005685617
0.0010238434	0.0010229797	0.0010221399	0.0010213328	0.0010205612	0.0010198245	0.0010191219	0.0010184527	0.0010178165	0.0010172130	0.0010166418	0.0010161027	0.0010155952	0.0010151191	0.0010146740	0.0010142596	0.0010138756	0.0010135216	0.0010131973	0.0010129025	0.0010126366	0.0010123995	0.0010121908	0.0010120102	0.0010118572	0.0010117317	0.0010116331	0.0010115613	0.0010115158	0.0010114963	0.0010115025	0.0010115339	0.0010115902	0.0010116711	0.0010117762	0.0010119050	0.0010120572	0.0010122324	0.0010124302	0.0010126503	0.0010128921	0.0010131553	0.0010134395	0.0010137441	0.0010140688	0.0010144131	0.0010147764	0.0010151584	0.0010155584	0.0010159761	0.0010164107	0.0010168620	0.0010173291	0.0010178117	0.0010183090	0.0010188206	0.0010193458	0.0010198841	0.0010204347	0.0010209971	0.0010215705	0.0010221543	0.0010227477	0.0010233500	0.0010239605	0.0010245783	0.0010252028	0.0010258330	0.0010264682	0.0010271076	0.0010277501	0.0010283951	0.0010290415	0.0010296885	0.0010303351	0.0010309803	0.0010316232	0.0010322628	0.0010328980	0.0010335278	0.0010341511	0.0010347667	0.0010353737	0.0010359708	0.0010365568	0.0010371307	0.0010376911	0.0010382370	0.0010387671	0.0010392802	0.0010397752	0.0010402507	0.0010407056	0.0010411387	0.0010415488	0.0010419346	0.0010422948	0.0010426280	0.0010429330	0.0010432083	0.0010434523	0.0010436632	0.0010438397	0.0010439804	0.0010440833	0.0010441463	0.0010441677	0.0010441467	0.0010440822	0.0010439724	0.0010438153	0.0010436097	0.0010433548	0.0010430498	0.0010426941	0.0010422869	0.0010418277	0.0010413156	0.0010407499	0.0010401298	0.0010394545	0.0010387231	0.0010379349	0.0010370889	0.0010361846	0.0010352210	0.0010341975	0.0010331133	0.0010319678	0.0010307602	0.0010294899	0.0010281564	0.0010267589	0.0010252970	0.0010237702	0.0010221778	0.0010205195	0.0010187948	0.0010170034	0.0010151448	0.0010132189	0.0010112253	0.0010091637	0.0010070338	0.0010048353	0.0010025680	0.0010002319	0.0009978271	0.0009953539	0.0009928134	0.0009902066	0.0009875339	0.0009847956	0.0009819927	0.0009791266	0.0009761986	0.0009732095	0.0009701604	0.0009670523	0.0009638866	0.0009606642	0.0009573861	0.0009540536	0.0009506675	0.0009472291	0.0009437394	0.0009401996	0.0009366108	0.0009329743	0.0009292914	0.0009255633	0.0009217913	0.0009179768	0.0009141211	0.0009102256	0.0009062917	0.0009023209	0.0008983144	0.0008942736	0.0008902001	0.0008860951	0.0008819601	0.0008777965	0.0008736056	0.0008693890	0.0008651478	0.0008608836	0.0008565977	0.0008522915	0.0008479663	0.0008436234	0.0008392642	0.0008348899	0.0008305019	0.0008261014	0.0008216896	0.0008172679	0.0008128372	0.0008083990	0.0008039543	0.0007995043	0.0007950501	0.0007905929	0.0007861336	0.0007816735	0.0007772134	0.0007727544	0.0007682975	0.0007638437	0.0007593939	0.0007549490	0.0007505098	0.0007460773	0.0007416522	0.0007372354	0.0007328276	0.0007284296	0.0007240422	0.0007196660	0.0007153018	0.0007109502	0.0007066119	0.0007022874	0.0006979775	0.0006936826	0.0006894033	0.0006851402	0.0006808937	0.0006766643	0.0006724526	0.0006682590	0.0006640838	0.0006599275	0.0006557905	0.0006516731	0.0006475757	0.0006434986	0.0006394421	0.0006354066	0.0006313923	0.0006273994	0.0006234283	0.0006194792	0.0006155522	0.0006116476	0.0006077657	0.0006039064	0.0006000701	0.0005962569	0.0005924668	0.0005887001	0.0005849568	0.0005812372	0.0005775415	0.0005738698	0.0005702213	0.0005665932
0.0010181955	0.0010173598	0.0010165478	0.0010157686	0.0010150249	0.0010143163	0.0010136418	0.0010130008	0.0010123928	0.0010118177	0.0010112750	0.0010107644	0.0010102857	0.0010098384	0.0010094223	0.0010090371	0.0010086823	0.0010083578	0.0010080631	0.0010077980	0.0010075622	0.0010073552	0.0010071769	0.0010070268	0.0010069047	0.0010068102	0.0010067430	0.0010067027	0.0010066890	0.0010067016	0.0010067400	0.0010068041	0.0010068933	0.0010070074	0.0010071460	0.0010073086	0.0010074950	0.0010077047	0.0010079374	0.0010081926	0.0010084699	0.0010087690	0.0010090894	0.0010094307	0.0010097925	0.0010101741	0.0010105753	0.0010109955	0.0010114342	0.0010118909	0.0010123651	0.0010128563	0.0010133638	0.0010138872	0.0010144259	0.0010149792	0.0010155466	0.0010161275	0.0010167212	0.0010173272	0.0010179446	0.0010185729	0.0010192113	0.0010198591	0.0010205155	0.0010211798	0.0010218511	0.0010225287	0.0010232117	0.0010238993	0.0010245907	0.0010252848	0.0010259808	0.0010266778	0.0010273749	0.0010280711	0.0010287653	0.0010294566	0.0010301439	0.0010308262	0.0010315023	0.0010321711	0.0010328315	0.0010334823	0.0010341223	0.0010347505	0.0010353655	0.0010359662	0.0010365515	0.0010371201	0.0010376709	0.0010382028	0.0010387144	0.0010392046	0.0010396720	0.0010401152	0.0010405328	0.0010409228	0.0010412836	0.0010416137	0.0010419107	0.0010421723	0.0010423970	0.0010425833	0.0010427292	0.0010428324	0.0010428912	0.0010429048	0.0010428724	0.0010427937	0.0010426683	0.0010424954	0.0010422739	0.0010420021	0.0010416785	0.0010413032	0.0010408786	0.0010404056	0.0010398828	0.0010393083	0.0010386799	0.0010379961	0.0010372551	0.0010364555	0.0010355959	0.0010346753	0.0010336923	0.0010326462	0.0010315360	0.0010303610	0.0010291205	0.0010278142	0.0010264417	0.0010250026	0.0010234969	0.0010219245	0.0010202855	0.0010185803	0.0010168092	0.0010149728	0.0010130718	0.0010111062	0.0010090739	0.0010069718	0.0010047990	0.0010025564	0.0010002443	0.0009978631	0.0009954127	0.0009928927	0.0009903030	0.0009876437	0.0009849152	0.0009821184	0.0009792552	0.0009763267	0.0009733339	0.0009702779	0.0009671606	0.0009639836	0.0009607481	0.0009574553	0.0009541068	0.0009507039	0.0009472476	0.0009437392	0.0009401799	0.0009365709	0.0009329134	0.0009292087	0.0009254580	0.0009216626	0.0009178240	0.0009139434	0.0009100224	0.0009060622	0.0009020644	0.0008980304	0.0008939616	0.0008898594	0.0008857254	0.0008815609	0.0008773674	0.0008731464	0.0008688991	0.0008646272	0.0008603320	0.0008560148	0.0008516772	0.0008473204	0.0008429459	0.0008385550	0.0008341489	0.0008297292	0.0008252969	0.0008208534	0.0008164000	0.0008119378	0.0008074682	0.0008029922	0.0007985111	0.0007940261	0.0007895382	0.0007850485	0.0007805581	0.0007760682	0.0007715796	0.0007670934	0.0007626106	0.0007581322	0.0007536590	0.0007491919	0.0007447318	0.0007402795	0.0007358359	0.0007314018	0.0007269779	0.0007225649	0.0007181637	0.0007137748	0.0007093990	0.0007050369	0.0007006892	0.0006963564	0.0006920391	0.0006877379	0.0006834533	0.0006791858	0.0006749360	0.0006707042	0.0006664910	0.0006622967	0.0006581217	0.0006539665	0.0006498314	0.0006457167	0.0006416228	0.0006375500	0.0006334986	0.0006294688	0.0006254610	0.0006214753	0.0006175121	0.0006135715	0.0006096536	0.0006057589	0.0006018872	0.0005980390	0.0005942142	0.0005904130	0.0005866355	0.0005828819	0.0005791524	0.0005754471	0.0005717663	0.0005681090	0.0005644724
0.0010125419	0.0010117337	0.0010109491	0.0010101975	0.0010094813	0.0010088003	0.0010081534	0.0010075402	0.0010069601	0.0010064129	0.0010058982	0.0010054158	0.0010049654	0.0010045465	0.0010041590	0.0010038024	0.0010034765	0.0010031810	0.0010029155	0.0010026797	0.0010024734	0.0010022962	0.0010021478	0.0010020279	0.0010019362	0.0010018723	0.0010018359	0.0010018267	0.0010018444	0.0010018886	0.0010019590	0.0010020552	0.0010021769	0.0010023238	0.0010024955	0.0010026915	0.0010029117	0.0010031555	0.0010034225	0.0010037125	0.0010040250	0.0010043596	0.0010047159	0.0010050934	0.0010054918	0.0010059105	0.0010063492	0.0010068073	0.0010072843	0.0010077797	0.0010082931	0.0010088239	0.0010093715	0.0010099355	0.0010105151	0.0010111099	0.0010117193	0.0010123425	0.0010129791	0.0010136284	0.0010142897	0.0010149622	0.0010156454	0.0010163385	0.0010170407	0.0010177512	0.0010184693	0.0010191941	0.0010199249	0.0010206607	0.0010214007	0.0010221440	0.0010228896	0.0010236367	0.0010243843	0.0010251314	0.0010258770	0.0010266201	0.0010273596	0.0010280944	0.0010288234	0.0010295455	0.0010302595	0.0010309642	0.0010316585	0.0010323413	0.0010330115	0.0010336678	0.0010343092	0.0010349345	0.0010355426	0.0010361321	0.0010367017	0.0010372497	0.0010377744	0.0010382738	0.0010387460	0.0010391883	0.0010395982	0.0010399741	0.0010403135	0.0010406135	0.0010408724	0.0010410893	0.0010412642	0.0010413964	0.0010414848	0.0010415276	0.0010415245	0.0010414798	0.0010413977	0.0010412787	0.0010411198	0.0010409157	0.0010406614	0.0010403576	0.0010400115	0.0010396257	0.0010391968	0.0010387198	0.0010381893	0.0010376011	0.0010369513	0.0010362368	0.0010354547	0.0010346026	0.0010336785	0.0010326807	0.0010316081	0.0010304600	0.0010292359	0.0010279359	0.0010265603	0.0010251100	0.0010235861	0.0010219900	0.0010203237	0.0010185894	0.0010167900	0.0010149288	0.0010130093	0.0010110328	0.0010089952	0.0010068886	0.0010047124	0.0010024704	0.0010001659	0.0009978002	0.0009953718	0.0009928761	0.0009903093	0.0009876712	0.0009849628	0.0009821849	0.0009793373	0.0009764201	0.0009734338	0.0009703799	0.0009672605	0.0009640776	0.0009608325	0.0009575271	0.0009541637	0.0009507438	0.0009472690	0.0009437410	0.0009401611	0.0009365308	0.0009328513	0.0009291239	0.0009253499	0.0009215305	0.0009176672	0.0009137613	0.0009098142	0.0009058274	0.0009018022	0.0008977403	0.0008936430	0.0008895118	0.0008853483	0.0008811539	0.0008769300	0.0008726783	0.0008684002	0.0008640970	0.0008597703	0.0008554215	0.0008510520	0.0008466633	0.0008422568	0.0008378337	0.0008333956	0.0008289437	0.0008244793	0.0008200038	0.0008155184	0.0008110244	0.0008065230	0.0008020155	0.0007975031	0.0007929869	0.0007884680	0.0007839477	0.0007794270	0.0007749069	0.0007703885	0.0007658729	0.0007613610	0.0007568537	0.0007523521	0.0007478569	0.0007433692	0.0007388897	0.0007344192	0.0007299586	0.0007255087	0.0007210702	0.0007166438	0.0007122303	0.0007078303	0.0007034444	0.0006990734	0.0006947178	0.0006903781	0.0006860551	0.0006817491	0.0006774607	0.0006731904	0.0006689386	0.0006647059	0.0006604926	0.0006562991	0.0006521258	0.0006479730	0.0006438412	0.0006397306	0.0006356416	0.0006315744	0.0006275294	0.0006235067	0.0006195067	0.0006155295	0.0006115754	0.0006076445	0.0006037371	0.0005998533	0.0005959932	0.0005921571	0.0005883450	0.0005845570	0.0005807932	0.0005770539	0.0005733394	0.0005696496	0.0005659837	0.0005623387
0.0010069301	0.0010061487	0.0010053909	0.0010046660	0.0010039767	0.0010033226	0.0010027027	0.0010021166	0.0010015637	0.0010010437	0.0010005564	0.0010001015	0.0009996786	0.0009992875	0.0009989278	0.0009985992	0.0009983015	0.0009980343	0.0009977972	0.0009975901	0.0009974127	0.0009972645	0.0009971453	0.0009970548	0.0009969928	0.0009969587	0.0009969525	0.0009969737	0.0009970220	0.0009970971	0.0009971987	0.0009973264	0.0009974799	0.0009976589	0.0009978629	0.0009980917	0.0009983448	0.0009986220	0.0009989228	0.0009992468	0.0009995937	0.0009999631	0.0010003546	0.0010007677	0.0010012020	0.0010016571	0.0010021325	0.0010026278	0.0010031424	0.0010036759	0.0010042278	0.0010047975	0.0010053846	0.0010059884	0.0010066084	0.0010072440	0.0010078946	0.0010085597	0.0010092385	0.0010099305	0.0010106350	0.0010113513	0.0010120787	0.0010128165	0.0010135639	0.0010143201	0.0010150844	0.0010158560	0.0010166339	0.0010174175	0.0010182056	0.0010189976	0.0010197924	0.0010205892	0.0010213869	0.0010221845	0.0010229811	0.0010237756	0.0010245668	0.0010253538	0.0010261354	0.0010269104	0.0010276778	0.0010284364	0.0010291852	0.0010299230	0.0010306489	0.0010313617	0.0010320601	0.0010327430	0.0010334087	0.0010340553	0.0010346808	0.0010352830	0.0010358586	0.0010364053	0.0010369205	0.0010374009	0.0010378436	0.0010382476	0.0010386125	0.0010389374	0.0010392212	0.0010394641	0.0010396714	0.0010398502	0.0010400010	0.0010401185	0.0010402008	0.0010402591	0.0010403051	0.0010403397	0.0010403553	0.0010403404	0.0010402840	0.0010401833	0.0010400444	0.0010398675	0.0010396456	0.0010393695	0.0010390305	0.0010386209	0.0010381344	0.0010375654	0.0010369092	0.0010361619	0.0010353206	0.0010343828	0.0010333472	0.0010322130	0.0010309802	0.0010296496	0.0010282229	0.0010267022	0.0010250904	0.0010233913	0.0010216090	0.0010197487	0.0010178163	0.0010158186	0.0010137628	0.0010116534	0.0010094880	0.0010072595	0.0010049707	0.0010026302	0.0010002462	0.0009978233	0.0009953585	0.0009928401	0.0009902589	0.0009876161	0.0009849151	0.0009821542	0.0009793270	0.0009764293	0.0009734610	0.0009704230	0.0009673158	0.0009641397	0.0009608959	0.0009575867	0.0009542148	0.0009507824	0.0009472916	0.0009437451	0.0009401448	0.0009364925	0.0009327900	0.0009290389	0.0009252406	0.0009213965	0.0009175079	0.0009135762	0.0009096027	0.0009055889	0.0009015361	0.0008974460	0.0008933200	0.0008891596	0.0008849664	0.0008807418	0.0008764875	0.0008722049	0.0008678956	0.0008635610	0.0008592027	0.0008548221	0.0008504206	0.0008459998	0.0008415611	0.0008371058	0.0008326354	0.0008281513	0.0008236547	0.0008191471	0.0008146296	0.0008101037	0.0008055706	0.0008010316	0.0007964878	0.0007919404	0.0007873907	0.0007828397	0.0007782886	0.0007737384	0.0007691903	0.0007646453	0.0007601043	0.0007555684	0.0007510384	0.0007465153	0.0007420000	0.0007374934	0.0007329962	0.0007285093	0.0007240336	0.0007195697	0.0007151183	0.0007106803	0.0007062563	0.0007018469	0.0006974528	0.0006930745	0.0006887128	0.0006843681	0.0006800409	0.0006757318	0.0006714413	0.0006671699	0.0006629179	0.0006586858	0.0006544740	0.0006502829	0.0006461128	0.0006419641	0.0006378372	0.0006337322	0.0006296496	0.0006255895	0.0006215523	0.0006175382	0.0006135474	0.0006095801	0.0006056364	0.0006017167	0.0005978210	0.0005939495	0.0005901023	0.0005862795	0.0005824813	0.0005787077	0.0005749590	0.0005712353	0.0005675369	0.0005638628	0.0005602097
0.0010013154	0.0010005604	0.0009998289	0.0009991304	0.0009984675	0.0009978398	0.0009972466	0.0009966870	0.0009961608	0.0009956677	0.0009952073	0.0009947794	0.0009943836	0.0009940197	0.0009936874	0.0009933864	0.0009931164	0.0009928770	0.0009926680	0.0009924891	0.0009923399	0.0009922203	0.0009921299	0.0009920684	0.0009920355	0.0009920310	0.0009920544	0.0009921055	0.0009921840	0.0009922896	0.0009924219	0.0009925806	0.0009927654	0.0009929759	0.0009932119	0.0009934730	0.0009937587	0.0009940688	0.0009944029	0.0009947605	0.0009951414	0.0009955452	0.0009959713	0.0009964196	0.0009968894	0.0009973805	0.0009978922	0.0009984243	0.0009989762	0.0009995474	0.0010001374	0.0010007457	0.0010013718	0.0010020151	0.0010026751	0.0010033512	0.0010040428	0.0010047493	0.0010054701	0.0010062046	0.0010069520	0.0010077118	0.0010084831	0.0010092654	0.0010100578	0.0010108595	0.0010116699	0.0010124880	0.0010133130	0.0010141441	0.0010149804	0.0010158210	0.0010166649	0.0010175113	0.0010183590	0.0010192072	0.0010200547	0.0010209005	0.0010217436	0.0010225828	0.0010234171	0.0010242455	0.0010250668	0.0010258802	0.0010266845	0.0010274788	0.0010282618	0.0010290321	0.0010297878	0.0010305268	0.0010312468	0.0010319442	0.0010326161	0.0010332594	0.0010338701	0.0010344454	0.0010349841	0.0010354856	0.0010359491	0.0010363759	0.0010367730	0.0010371488	0.0010375041	0.0010378391	0.0010381676	0.0010385092	0.0010388672	0.0010392307	0.0010395908	0.0010399555	0.0010403346	0.0010407244	0.0010411120	0.0010414821	0.0010418205	0.0010421144	0.0010423524	0.0010425239	0.0010426193	0.0010426298	0.0010425474	0.0010423652	0.0010420769	0.0010416772	0.0010411616	0.0010405264	0.0010397688	0.0010388868	0.0010378791	0.0010367453	0.0010354859	0.0010341019	0.0010325951	0.0010309682	0.0010292245	0.0010273679	0.0010254032	0.0010233357	0.0010211715	0.0010189171	0.0010165799	0.0010141677	0.0010116888	0.0010091524	0.0010065684	0.0010039476	0.0010013015	0.0009986389	0.0009959597	0.0009932535	0.0009905133	0.0009877453	0.0009849565	0.0009821412	0.0009792817	0.0009763676	0.0009733984	0.0009703725	0.0009672826	0.0009641235	0.0009608948	0.0009575971	0.0009542312	0.0009507984	0.0009473013	0.0009437431	0.0009401267	0.0009364547	0.0009327300	0.0009289548	0.0009251312	0.0009212611	0.0009173460	0.0009133873	0.0009093865	0.0009053449	0.0009012640	0.0008971452	0.0008929901	0.0008888000	0.0008845767	0.0008803216	0.0008760363	0.0008717224	0.0008673815	0.0008630151	0.0008586247	0.0008542118	0.0008497780	0.0008453247	0.0008408534	0.0008363655	0.0008318625	0.0008273458	0.0008228167	0.0008182765	0.0008137268	0.0008091687	0.0008046035	0.0008000326	0.0007954572	0.0007908784	0.0007862975	0.0007817157	0.0007771340	0.0007725536	0.0007679756	0.0007634010	0.0007588308	0.0007542660	0.0007497076	0.0007451565	0.0007406135	0.0007360797	0.0007315557	0.0007270425	0.0007225409	0.0007180515	0.0007135753	0.0007091127	0.0007046647	0.0007002318	0.0006958146	0.0006914138	0.0006870300	0.0006826637	0.0006783154	0.0006739858	0.0006696752	0.0006653841	0.0006611130	0.0006568622	0.0006526323	0.0006484235	0.0006442362	0.0006400708	0.0006359276	0.0006318069	0.0006277089	0.0006236341	0.0006195825	0.0006155545	0.0006115502	0.0006075698	0.0006036137	0.0005996818	0.0005957744	0.0005918916	0.0005880336	0.0005842004	0.0005803922	0.0005766089	0.0005728510	0.0005691186	0.0005654117	0.0005617295	0.0005580685
0.0009956622	0.0009949334	0.0009942280	0.0009935555	0.0009929187	0.0009923173	0.0009917503	0.0009912171	0.0009907173	0.0009902507	0.0009898169	0.0009894158	0.0009890469	0.0009887100	0.0009884048	0.0009881310	0.0009878884	0.0009876765	0.0009874953	0.0009873443	0.0009872232	0.0009871319	0.0009870700	0.0009870372	0.0009870332	0.0009870578	0.0009871106	0.0009871914	0.0009872998	0.0009874355	0.0009875983	0.0009877878	0.0009880036	0.0009882455	0.0009885132	0.0009888062	0.0009891243	0.0009894671	0.0009898342	0.0009902253	0.0009906400	0.0009910778	0.0009915386	0.0009920217	0.0009925269	0.0009930537	0.0009936017	0.0009941704	0.0009947593	0.0009953680	0.0009959960	0.0009966428	0.0009973079	0.0009979906	0.0009986905	0.0009994070	0.0010001396	0.0010008875	0.0010016502	0.0010024271	0.0010032175	0.0010040207	0.0010048361	0.0010056629	0.0010065003	0.0010073477	0.0010082042	0.0010090690	0.0010099413	0.0010108201	0.0010117047	0.0010125941	0.0010134874	0.0010143835	0.0010152815	0.0010161804	0.0010170792	0.0010179767	0.0010188721	0.0010197642	0.0010206522	0.0010215351	0.0010224120	0.0010232818	0.0010241434	0.0010249951	0.0010258349	0.0010266602	0.0010274678	0.0010282538	0.0010290147	0.0010297460	0.0010304441	0.0010311075	0.0010317357	0.0010323285	0.0010328907	0.0010334341	0.0010339656	0.0010344907	0.0010350290	0.0010356055	0.0010362251	0.0010368829	0.0010375890	0.0010383619	0.0010392025	0.0010400960	0.0010410223	0.0010419619	0.0010428970	0.0010438118	0.0010446923	0.0010455273	0.0010463067	0.0010470139	0.0010476253	0.0010481242	0.0010485027	0.0010487564	0.0010488818	0.0010488755	0.0010487342	0.0010484552	0.0010480361	0.0010474750	0.0010467706	0.0010459217	0.0010449280	0.0010437894	0.0010425062	0.0010410793	0.0010395098	0.0010377993	0.0010359500	0.0010339642	0.0010318448	0.0010295950	0.0010272178	0.0010247166	0.0010220955	0.0010193620	0.0010165313	0.0010136244	0.0010106537	0.0010076265	0.0010045516	0.0010014395	0.0009983025	0.0009951536	0.0009920072	0.0009888775	0.0009857735	0.0009826906	0.0009796105	0.0009765251	0.0009734367	0.0009703383	0.0009672078	0.0009640307	0.0009608028	0.0009575180	0.0009541676	0.0009507484	0.0009472611	0.0009437065	0.0009400866	0.0009364044	0.0009326639	0.0009288683	0.0009250209	0.0009211248	0.0009171821	0.0009131951	0.0009091654	0.0009050948	0.0009009845	0.0008968361	0.0008926510	0.0008884306	0.0008841764	0.0008798902	0.0008755733	0.0008712276	0.0008668544	0.0008624555	0.0008580324	0.0008535867	0.0008491199	0.0008446335	0.0008401291	0.0008356080	0.0008310718	0.0008265219	0.0008219597	0.0008173866	0.0008128040	0.0008082132	0.0008036155	0.0007990122	0.0007944047	0.0007897941	0.0007851817	0.0007805686	0.0007759559	0.0007713449	0.0007667366	0.0007621321	0.0007575324	0.0007529384	0.0007483512	0.0007437718	0.0007392009	0.0007346396	0.0007300886	0.0007255489	0.0007210212	0.0007165062	0.0007120048	0.0007075177	0.0007030455	0.0006985889	0.0006941485	0.0006897251	0.0006853191	0.0006809312	0.0006765618	0.0006722114	0.0006678807	0.0006635700	0.0006592797	0.0006550103	0.0006507622	0.0006465357	0.0006423313	0.0006381492	0.0006339898	0.0006298534	0.0006257403	0.0006216506	0.0006175848	0.0006135429	0.0006095253	0.0006055321	0.0006015635	0.0005976196	0.0005937006	0.0005898068	0.0005859380	0.0005820945	0.0005782764	0.0005744838	0.0005707168	0.0005669757	0.0005632606	0.0005595704	0.0005559018
0.0009899578	0.0009892549	0.0009885754	0.0009879287	0.0009873179	0.0009867425	0.0009862015	0.0009856944	0.0009852209	0.0009847806	0.0009843732	0.0009839985	0.0009836563	0.0009833461	0.0009830678	0.0009828211	0.0009826056	0.0009824211	0.0009822674	0.0009821441	0.0009820509	0.0009819877	0.0009819540	0.0009819497	0.0009819745	0.0009820280	0.0009821100	0.0009822202	0.0009823583	0.0009825240	0.0009827170	0.0009829370	0.0009831838	0.0009834568	0.0009837560	0.0009840808	0.0009844311	0.0009848064	0.0009852064	0.0009856307	0.0009860790	0.0009865509	0.0009870460	0.0009875640	0.0009881044	0.0009886669	0.0009892509	0.0009898561	0.0009904821	0.0009911282	0.0009917942	0.0009924794	0.0009931833	0.0009939054	0.0009946453	0.0009954022	0.0009961757	0.0009969651	0.0009977698	0.0009985891	0.0009994226	0.0010002694	0.0010011289	0.0010020004	0.0010028831	0.0010037762	0.0010046791	0.0010055907	0.0010065105	0.0010074374	0.0010083705	0.0010093090	0.0010102519	0.0010111981	0.0010121468	0.0010130968	0.0010140473	0.0010149973	0.0010159460	0.0010168924	0.0010178358	0.0010187751	0.0010197091	0.0010206362	0.0010215539	0.0010224592	0.0010233480	0.0010242159	0.0010250581	0.0010258699	0.0010266490	0.0010273944	0.0010281070	0.0010287933	0.0010294684	0.0010301423	0.0010308308	0.0010315695	0.0010323794	0.0010332664	0.0010342489	0.0010353535	0.0010365833	0.0010379205	0.0010393407	0.0010408212	0.0010423430	0.0010438904	0.0010454427	0.0010469631	0.0010484153	0.0010497785	0.0010510432	0.0010522053	0.0010532608	0.0010542003	0.0010550082	0.0010556742	0.0010561941	0.0010565668	0.0010567913	0.0010568667	0.0010567918	0.0010565659	0.0010561881	0.0010556578	0.0010549747	0.0010541385	0.0010531492	0.0010520069	0.0010507119	0.0010492647	0.0010476658	0.0010459161	0.0010440166	0.0010419683	0.0010397725	0.0010374306	0.0010349439	0.0010323136	0.0010295415	0.0010266317	0.0010235945	0.0010204442	0.0010171880	0.0010138289	0.0010103705	0.0010068213	0.0010031997	0.0009995361	0.0009958584	0.0009921814	0.0009885161	0.0009848757	0.0009812763	0.0009777344	0.0009742602	0.0009708465	0.0009674681	0.0009641102	0.0009607663	0.0009574173	0.0009540360	0.0009506102	0.0009471320	0.0009435907	0.0009399823	0.0009363070	0.0009325661	0.0009287623	0.0009248998	0.0009209827	0.0009170149	0.0009129999	0.0009089406	0.0009048394	0.0009006982	0.0008965187	0.0008923022	0.0008880504	0.0008837646	0.0008794464	0.0008750973	0.0008707189	0.0008663129	0.0008618808	0.0008574244	0.0008529451	0.0008484446	0.0008439244	0.0008393861	0.0008348312	0.0008302611	0.0008256774	0.0008210815	0.0008164748	0.0008118587	0.0008072346	0.0008026039	0.0007979678	0.0007933276	0.0007886846	0.0007840401	0.0007793953	0.0007747512	0.0007701091	0.0007654701	0.0007608352	0.0007562056	0.0007515821	0.0007469658	0.0007423577	0.0007377586	0.0007331695	0.0007285912	0.0007240247	0.0007194706	0.0007149298	0.0007104031	0.0007058911	0.0007013945	0.0006969141	0.0006924505	0.0006880042	0.0006835759	0.0006791662	0.0006747756	0.0006704045	0.0006660536	0.0006617231	0.0006574136	0.0006531256	0.0006488593	0.0006446151	0.0006403936	0.0006361948	0.0006320193	0.0006278672	0.0006237389	0.0006196345	0.0006155545	0.0006114989	0.0006074680	0.0006034620	0.0005994810	0.0005955253	0.0005915948	0.0005876899	0.0005838106	0.0005799570	0.0005761292	0.0005723272	0.0005685513	0.0005648017	0.0005610785	0.0005573806	0.0005537045
0.0009842014	0.0009835242	0.0009828702	0.0009822493	0.0009816641	0.0009811144	0.0009805993	0.0009801182	0.0009796706	0.0009792564	0.0009788752	0.0009785268	0.0009782109	0.0009779273	0.0009776757	0.0009774557	0.0009772672	0.0009771099	0.0009769834	0.0009768876	0.0009768221	0.0009767866	0.0009767810	0.0009768050	0.0009768582	0.0009769405	0.0009770514	0.0009771908	0.0009773584	0.0009775539	0.0009777770	0.0009780273	0.0009783047	0.0009786087	0.0009789392	0.0009792956	0.0009796779	0.0009800855	0.0009805182	0.0009809756	0.0009814574	0.0009819631	0.0009824925	0.0009830452	0.0009836207	0.0009842186	0.0009848387	0.0009854803	0.0009861432	0.0009868267	0.0009875305	0.0009882540	0.0009889968	0.0009897583	0.0009905380	0.0009913354	0.0009921498	0.0009929806	0.0009938274	0.0009946893	0.0009955659	0.0009964564	0.0009973601	0.0009982764	0.0009992044	0.0010001436	0.0010010929	0.0010020518	0.0010030192	0.0010039943	0.0010049763	0.0010059641	0.0010069568	0.0010079535	0.0010089533	0.0010099551	0.0010109583	0.0010119622	0.0010129658	0.0010139684	0.0010149687	0.0010159648	0.0010169540	0.0010179329	0.0010188966	0.0010198398	0.0010207566	0.0010216427	0.0010224964	0.0010233182	0.0010241153	0.0010249048	0.0010257027	0.0010265328	0.0010274404	0.0010284523	0.0010295877	0.0010308872	0.0010323725	0.0010340340	0.0010358468	0.0010377854	0.0010398276	0.0010419464	0.0010440960	0.0010462238	0.0010482986	0.0010503080	0.0010522417	0.0010540772	0.0010557911	0.0010573710	0.0010588127	0.0010601152	0.0010612776	0.0010622967	0.0010631671	0.0010638853	0.0010644498	0.0010648602	0.0010651162	0.0010652175	0.0010651636	0.0010649544	0.0010645896	0.0010640689	0.0010633925	0.0010625602	0.0010615721	0.0010604285	0.0010591295	0.0010576754	0.0010560668	0.0010543040	0.0010523876	0.0010503182	0.0010480967	0.0010457236	0.0010431999	0.0010405262	0.0010377036	0.0010347340	0.0010316214	0.0010283710	0.0010249858	0.0010214669	0.0010178158	0.0010140371	0.0010101424	0.0010061521	0.0010020837	0.0009979451	0.0009937467	0.0009895147	0.0009852912	0.0009811089	0.0009769858	0.0009729364	0.0009689776	0.0009651244	0.0009613789	0.0009577193	0.0009541128	0.0009505422	0.0009469847	0.0009434063	0.0009397894	0.0009361221	0.0009323930	0.0009285980	0.0009247377	0.0009208143	0.0009168320	0.0009127957	0.0009087100	0.0009045792	0.0009004064	0.0008961942	0.0008919449	0.0008876600	0.0008833412	0.0008789900	0.0008746077	0.0008701959	0.0008657563	0.0008612904	0.0008567998	0.0008522862	0.0008477513	0.0008431967	0.0008386238	0.0008340344	0.0008294298	0.0008248117	0.0008201814	0.0008155405	0.0008108903	0.0008062323	0.0008015679	0.0007968984	0.0007922250	0.0007875492	0.0007828721	0.0007781950	0.0007735190	0.0007688454	0.0007641752	0.0007595096	0.0007548496	0.0007501962	0.0007455505	0.0007409133	0.0007362857	0.0007316685	0.0007270627	0.0007224690	0.0007178883	0.0007133215	0.0007087691	0.0007042321	0.0006997110	0.0006952066	0.0006907195	0.0006862503	0.0006817996	0.0006773680	0.0006729560	0.0006685642	0.0006641929	0.0006598427	0.0006555140	0.0006512072	0.0006469227	0.0006426609	0.0006384222	0.0006342068	0.0006300151	0.0006258474	0.0006217039	0.0006175850	0.0006134908	0.0006094216	0.0006053775	0.0006013587	0.0005973655	0.0005933980	0.0005894563	0.0005855404	0.0005816507	0.0005777871	0.0005739496	0.0005701385	0.0005663538	0.0005625959	0.0005588648	0.0005551593	0.0005514758
0.0009783946	0.0009777429	0.0009771144	0.0009765188	0.0009759591	0.0009754350	0.0009749455	0.0009744900	0.0009740682	0.0009736798	0.0009733245	0.0009730022	0.0009727125	0.0009724551	0.0009722299	0.0009720365	0.0009718747	0.0009717442	0.0009716448	0.0009715761	0.0009715380	0.0009715302	0.0009715524	0.0009716044	0.0009716858	0.0009717966	0.0009719362	0.0009721046	0.0009723015	0.0009725265	0.0009727793	0.0009730598	0.0009733676	0.0009737023	0.0009740638	0.0009744517	0.0009748657	0.0009753055	0.0009757707	0.0009762609	0.0009767760	0.0009773154	0.0009778789	0.0009784661	0.0009790765	0.0009797099	0.0009803657	0.0009810436	0.0009817432	0.0009824640	0.0009832056	0.0009839674	0.0009847489	0.0009855497	0.0009863692	0.0009872069	0.0009880623	0.0009889346	0.0009898234	0.0009907279	0.0009916476	0.0009925819	0.0009935299	0.0009944911	0.0009954647	0.0009964499	0.0009974460	0.0009984521	0.0009994674	0.0010004909	0.0010015219	0.0010025592	0.0010036022	0.0010046499	0.0010057015	0.0010067565	0.0010078141	0.0010088736	0.0010099338	0.0010109927	0.0010120473	0.0010130934	0.0010141255	0.0010151376	0.0010161230	0.0010170775	0.0010180003	0.0010188964	0.0010197814	0.0010206774	0.0010216147	0.0010226465	0.0010238129	0.0010251476	0.0010267047	0.0010285085	0.0010305465	0.0010327919	0.0010352168	0.0010377860	0.0010404417	0.0010431183	0.0010457771	0.0010483971	0.0010509498	0.0010534016	0.0010557332	0.0010579384	0.0010600142	0.0010619533	0.0010637481	0.0010653943	0.0010668902	0.0010682352	0.0010694287	0.0010704699	0.0010713579	0.0010720920	0.0010726713	0.0010730955	0.0010733640	0.0010734764	0.0010734324	0.0010732316	0.0010728738	0.0010723588	0.0010716866	0.0010708572	0.0010698705	0.0010687269	0.0010674264	0.0010659694	0.0010643563	0.0010625875	0.0010606636	0.0010585852	0.0010563529	0.0010539675	0.0010514299	0.0010487410	0.0010459017	0.0010429133	0.0010397770	0.0010364941	0.0010330660	0.0010294938	0.0010257787	0.0010219231	0.0010179314	0.0010138111	0.0010095683	0.0010052061	0.0010007306	0.0009961590	0.0009915195	0.0009868329	0.0009821154	0.0009773982	0.0009727324	0.0009681577	0.0009636966	0.0009593667	0.0009551835	0.0009511504	0.0009472433	0.0009434192	0.0009396502	0.0009359042	0.0009321427	0.0009283440	0.0009244925	0.0009205786	0.0009166003	0.0009125593	0.0009084596	0.0009043070	0.0009001065	0.0008958630	0.0008915801	0.0008872608	0.0008829073	0.0008785214	0.0008741046	0.0008696584	0.0008651842	0.0008606837	0.0008561583	0.0008516098	0.0008470398	0.0008424500	0.0008378419	0.0008332172	0.0008285775	0.0008239242	0.0008192590	0.0008145832	0.0008098983	0.0008052059	0.0008005072	0.0007958037	0.0007910966	0.0007863874	0.0007816772	0.0007769673	0.0007722590	0.0007675534	0.0007628517	0.0007581549	0.0007534642	0.0007487805	0.0007441049	0.0007394384	0.0007347819	0.0007301363	0.0007255026	0.0007208816	0.0007162741	0.0007116809	0.0007071028	0.0007025406	0.0006979948	0.0006934662	0.0006889555	0.0006844632	0.0006799900	0.0006755365	0.0006711031	0.0006666903	0.0006622987	0.0006579287	0.0006535807	0.0006492552	0.0006449525	0.0006406730	0.0006364172	0.0006321852	0.0006279774	0.0006237941	0.0006196356	0.0006155021	0.0006113939	0.0006073110	0.0006032539	0.0005992226	0.0005952172	0.0005912380	0.0005872851	0.0005833585	0.0005794585	0.0005755850	0.0005717381	0.0005679180	0.0005641247	0.0005603586	0.0005566197	0.0005529069	0.0005492163
0.0009725388	0.0009719123	0.0009713089	0.0009707385	0.0009702040	0.0009697051	0.0009692410	0.0009688109	0.0009684146	0.0009680517	0.0009677222	0.0009674256	0.0009671618	0.0009669305	0.0009667314	0.0009665642	0.0009664289	0.0009663250	0.0009662523	0.0009662106	0.0009661996	0.0009662191	0.0009662689	0.0009663486	0.0009664580	0.0009665970	0.0009667651	0.0009669622	0.0009671880	0.0009674423	0.0009677247	0.0009680350	0.0009683730	0.0009687382	0.0009691305	0.0009695496	0.0009699951	0.0009704667	0.0009709642	0.0009714871	0.0009720352	0.0009726081	0.0009732055	0.0009738270	0.0009744722	0.0009751407	0.0009758322	0.0009765463	0.0009772825	0.0009780404	0.0009788196	0.0009796195	0.0009804397	0.0009812797	0.0009821390	0.0009830170	0.0009839131	0.0009848269	0.0009857577	0.0009867048	0.0009876677	0.0009886457	0.0009896382	0.0009906443	0.0009916635	0.0009926949	0.0009937378	0.0009947913	0.0009958545	0.0009969266	0.0009980068	0.0009990941	0.0010001880	0.0010012878	0.0010023930	0.0010035029	0.0010046165	0.0010057317	0.0010068455	0.0010079530	0.0010090479	0.0010101232	0.0010111716	0.0010121894	0.0010131770	0.0010141444	0.0010151167	0.0010161271	0.0010172293	0.0010184830	0.0010199394	0.0010216649	0.0010236965	0.0010260277	0.0010286314	0.0010314733	0.0010345002	0.0010376284	0.0010407927	0.0010439553	0.0010470766	0.0010501142	0.0010530442	0.0010558574	0.0010585448	0.0010610953	0.0010635026	0.0010657642	0.0010678792	0.0010698466	0.0010716651	0.0010733338	0.0010748515	0.0010762172	0.0010774298	0.0010784887	0.0010793936	0.0010801443	0.0010807398	0.0010811794	0.0010814624	0.0010815883	0.0010815564	0.0010813663	0.0010810177	0.0010805104	0.0010798441	0.0010790188	0.0010780345	0.0010768913	0.0010755896	0.0010741295	0.0010725115	0.0010707361	0.0010688039	0.0010667156	0.0010644720	0.0010620739	0.0010595223	0.0010568184	0.0010539633	0.0010509582	0.0010478038	0.0010445010	0.0010410510	0.0010374553	0.0010337155	0.0010298331	0.0010258099	0.0010216475	0.0010173477	0.0010129121	0.0010083437	0.0010036491	0.0009988381	0.0009939182	0.0009888977	0.0009837973	0.0009786513	0.0009734886	0.0009683382	0.0009632493	0.0009582812	0.0009534691	0.0009488338	0.0009443895	0.0009401338	0.0009360331	0.0009320365	0.0009281037	0.0009241889	0.0009202555	0.0009162811	0.0009122493	0.0009081546	0.0009039979	0.0008997835	0.0008955173	0.0008912054	0.0008868529	0.0008824641	0.0008780420	0.0008735889	0.0008691067	0.0008645967	0.0008600605	0.0008554995	0.0008509153	0.0008463095	0.0008416838	0.0008370399	0.0008323793	0.0008277036	0.0008230146	0.0008183137	0.0008136024	0.0008088823	0.0008041548	0.0007994213	0.0007946832	0.0007899419	0.0007851987	0.0007804549	0.0007757119	0.0007709707	0.0007662327	0.0007614990	0.0007567706	0.0007520487	0.0007473344	0.0007426286	0.0007379324	0.0007332468	0.0007285726	0.0007239107	0.0007192621	0.0007146276	0.0007100079	0.0007054038	0.0007008161	0.0006962455	0.0006916926	0.0006871581	0.0006826427	0.0006781469	0.0006736713	0.0006692163	0.0006647826	0.0006603706	0.0006559807	0.0006516135	0.0006472692	0.0006429484	0.0006386513	0.0006343784	0.0006301298	0.0006259060	0.0006217072	0.0006175337	0.0006133858	0.0006092636	0.0006051673	0.0006010972	0.0005970534	0.0005930360	0.0005890453	0.0005850813	0.0005811442	0.0005772340	0.0005733508	0.0005694947	0.0005656657	0.0005618640	0.0005580899	0.0005543434	0.0005506234	0.0005469259
0.0009666340	0.0009660325	0.0009654539	0.0009649084	0.0009643989	0.0009639251	0.0009634860	0.0009630811	0.0009627099	0.0009623724	0.0009620682	0.0009617972	0.0009615590	0.0009613534	0.0009611802	0.0009610391	0.0009609298	0.0009608522	0.0009608061	0.0009607910	0.0009608069	0.0009608535	0.0009609304	0.0009610376	0.0009611748	0.0009613416	0.0009615379	0.0009617635	0.0009620180	0.0009623012	0.0009626129	0.0009629528	0.0009633207	0.0009637161	0.0009641390	0.0009645890	0.0009650657	0.0009655690	0.0009660985	0.0009666538	0.0009672348	0.0009678409	0.0009684719	0.0009691275	0.0009698073	0.0009705108	0.0009712378	0.0009719878	0.0009727604	0.0009735553	0.0009743719	0.0009752098	0.0009760686	0.0009769476	0.0009778465	0.0009787647	0.0009797017	0.0009806568	0.0009816296	0.0009826193	0.0009836254	0.0009846472	0.0009856840	0.0009867352	0.0009878000	0.0009888777	0.0009899674	0.0009910684	0.0009921797	0.0009933006	0.0009944305	0.0009955688	0.0009967151	0.0009978689	0.0009990292	0.0010001943	0.0010013609	0.0010025238	0.0010036760	0.0010048092	0.0010059158	0.0010069924	0.0010080416	0.0010090784	0.0010101365	0.0010112639	0.0010125378	0.0010140286	0.0010158121	0.0010179524	0.0010204624	0.0010233189	0.0010264819	0.0010298849	0.0010334279	0.0010370364	0.0010406596	0.0010442397	0.0010477355	0.0010511279	0.0010544033	0.0010575481	0.0010605544	0.0010634194	0.0010661420	0.0010687209	0.0010711547	0.0010734419	0.0010755816	0.0010775733	0.0010794168	0.0010811113	0.0010826555	0.0010840480	0.0010852874	0.0010863727	0.0010873032	0.0010880781	0.0010886966	0.0010891575	0.0010894602	0.0010896039	0.0010895879	0.0010894118	0.0010890751	0.0010885775	0.0010879188	0.0010870988	0.0010861176	0.0010849753	0.0010836720	0.0010822082	0.0010805842	0.0010788007	0.0010768581	0.0010747574	0.0010724992	0.0010700847	0.0010675148	0.0010647908	0.0010619139	0.0010588854	0.0010557065	0.0010523784	0.0010489025	0.0010452805	0.0010415144	0.0010376058	0.0010335560	0.0010293660	0.0010250369	0.0010205705	0.0010159688	0.0010112339	0.0010063678	0.0010013725	0.0009962514	0.0009910122	0.0009856668	0.0009802265	0.0009747075	0.0009691426	0.0009635749	0.0009580422	0.0009525995	0.0009473162	0.0009422355	0.0009373808	0.0009327618	0.0009283607	0.0009241242	0.0009199965	0.0009159257	0.0009118580	0.0009077604	0.0009036112	0.0008994015	0.0008951315	0.0008908049	0.0008864286	0.0008820089	0.0008775518	0.0008730617	0.0008685418	0.0008639943	0.0008594209	0.0008548230	0.0008502022	0.0008455598	0.0008408975	0.0008362170	0.0008315198	0.0008268077	0.0008220822	0.0008173450	0.0008125976	0.0008078415	0.0008030783	0.0007983094	0.0007935362	0.0007887601	0.0007839825	0.0007792046	0.0007744279	0.0007696534	0.0007648825	0.0007601164	0.0007553560	0.0007506026	0.0007458573	0.0007411210	0.0007363948	0.0007316797	0.0007269766	0.0007222863	0.0007176099	0.0007129480	0.0007083016	0.0007036713	0.0006990580	0.0006944624	0.0006898851	0.0006853268	0.0006807881	0.0006762695	0.0006717718	0.0006672953	0.0006628406	0.0006584081	0.0006539984	0.0006496119	0.0006452489	0.0006409099	0.0006365953	0.0006323052	0.0006280402	0.0006238005	0.0006195863	0.0006153979	0.0006112355	0.0006070995	0.0006029898	0.0005989069	0.0005948507	0.0005908216	0.0005868195	0.0005828446	0.0005788970	0.0005749769	0.0005710841	0.0005672189	0.0005633812	0.0005595714	0.0005557895	0.0005520356	0.0005483086	0.0005446043
0.0009606802	0.0009601033	0.0009595494	0.0009590285	0.0009585437	0.0009580946	0.0009576803	0.0009573002	0.0009569541	0.0009566416	0.0009563625	0.0009561167	0.0009559038	0.0009557236	0.0009555760	0.0009554606	0.0009553772	0.0009553257	0.0009553057	0.0009553170	0.0009553594	0.0009554327	0.0009555367	0.0009556711	0.0009558356	0.0009560301	0.0009562543	0.0009565080	0.0009567909	0.0009571028	0.0009574435	0.0009578127	0.0009582101	0.0009586356	0.0009590887	0.0009595693	0.0009600771	0.0009606117	0.0009611729	0.0009617604	0.0009623739	0.0009630131	0.0009636775	0.0009643669	0.0009650810	0.0009658194	0.0009665816	0.0009673674	0.0009681762	0.0009690079	0.0009698618	0.0009707375	0.0009716346	0.0009725527	0.0009734911	0.0009744494	0.0009754270	0.0009764234	0.0009774381	0.0009784703	0.0009795196	0.0009805851	0.0009816664	0.0009827626	0.0009838731	0.0009849970	0.0009861336	0.0009872821	0.0009884419	0.0009896125	0.0009907934	0.0009919845	0.0009931849	0.0009943931	0.0009956061	0.0009968186	0.0009980228	0.0009992093	0.0010003693	0.0010014989	0.0010026036	0.0010037062	0.0010048482	0.0010060927	0.0010075348	0.0010092633	0.0010113759	0.0010139225	0.0010168968	0.0010202603	0.0010239410	0.0010278260	0.0010318218	0.0010358600	0.0010398690	0.0010438025	0.0010476379	0.0010513557	0.0010549433	0.0010583951	0.0010617093	0.0010648845	0.0010679193	0.0010708123	0.0010735633	0.0010761723	0.0010786385	0.0010809603	0.0010831360	0.0010851646	0.0010870451	0.0010887761	0.0010903561	0.0010917835	0.0010930569	0.0010941750	0.0010951366	0.0010959406	0.0010965859	0.0010970717	0.0010973969	0.0010975609	0.0010975630	0.0010974025	0.0010970791	0.0010965924	0.0010959421	0.0010951281	0.0010941504	0.0010930091	0.0010917045	0.0010902367	0.0010886064	0.0010868140	0.0010848602	0.0010827457	0.0010804715	0.0010780385	0.0010754479	0.0010727007	0.0010697985	0.0010667425	0.0010635342	0.0010601752	0.0010566670	0.0010530116	0.0010492108	0.0010452667	0.0010411808	0.0010369548	0.0010325903	0.0010280895	0.0010234545	0.0010186867	0.0010137872	0.0010087571	0.0010035985	0.0009983138	0.0009929051	0.0009873753	0.0009817300	0.0009759807	0.0009701430	0.0009642357	0.0009582949	0.0009523729	0.0009465196	0.0009408022	0.0009352962	0.0009300463	0.0009250725	0.0009203704	0.0009158963	0.0009115781	0.0009073511	0.0009031490	0.0008989293	0.0008946650	0.0008903432	0.0008859623	0.0008815268	0.0008770439	0.0008725210	0.0008679642	0.0008633781	0.0008587657	0.0008541292	0.0008494702	0.0008447902	0.0008400905	0.0008353726	0.0008306382	0.0008258888	0.0008211262	0.0008163521	0.0008115679	0.0008067753	0.0008019758	0.0007971709	0.0007923620	0.0007875505	0.0007827379	0.0007779255	0.0007731145	0.0007683063	0.0007635021	0.0007587031	0.0007539104	0.0007491251	0.0007443484	0.0007395812	0.0007348247	0.0007300798	0.0007253475	0.0007206286	0.0007159240	0.0007112346	0.0007065613	0.0007019047	0.0006972657	0.0006926449	0.0006880430	0.0006834607	0.0006788986	0.0006743573	0.0006698373	0.0006653392	0.0006608634	0.0006564106	0.0006519810	0.0006475752	0.0006431936	0.0006388364	0.0006345042	0.0006301972	0.0006259157	0.0006216601	0.0006174306	0.0006132274	0.0006090508	0.0006049010	0.0006007782	0.0005966825	0.0005926142	0.0005885733	0.0005845600	0.0005805744	0.0005766165	0.0005726866	0.0005687845	0.0005649103	0.0005610642	0.0005572463	0.0005534568	0.0005496958	0.0005459620	0.0005422512
0.0009546770	0.0009541246	0.0009535949	0.0009530984	0.0009526380	0.0009522133	0.0009518235	0.0009514681	0.0009511466	0.0009508588	0.0009506046	0.0009503837	0.0009501958	0.0009500408	0.0009499185	0.0009498285	0.0009497707	0.0009497449	0.0009497507	0.0009497881	0.0009498568	0.0009499566	0.0009500872	0.0009502484	0.0009504400	0.0009506619	0.0009509137	0.0009511952	0.0009515062	0.0009518465	0.0009522159	0.0009526141	0.0009530408	0.0009534959	0.0009539790	0.0009544900	0.0009550284	0.0009555942	0.0009561869	0.0009568062	0.0009574520	0.0009581239	0.0009588215	0.0009595445	0.0009602927	0.0009610656	0.0009618629	0.0009626842	0.0009635291	0.0009643973	0.0009652883	0.0009662017	0.0009671370	0.0009680938	0.0009690716	0.0009700699	0.0009710881	0.0009721257	0.0009731821	0.0009742568	0.0009753492	0.0009764585	0.0009775841	0.0009787254	0.0009798814	0.0009810516	0.0009822352	0.0009834319	0.0009846412	0.0009858631	0.0009870970	0.0009883417	0.0009895946	0.0009908505	0.0009921012	0.0009933369	0.0009945468	0.0009957258	0.0009968798	0.0009980362	0.0009992482	0.0010006008	0.0010022014	0.0010041557	0.0010065736	0.0010094964	0.0010129028	0.0010167279	0.0010208587	0.0010251725	0.0010295751	0.0010339794	0.0010383262	0.0010425843	0.0010467295	0.0010507479	0.0010546343	0.0010583868	0.0010620043	0.0010654856	0.0010688307	0.0010720400	0.0010751126	0.0010780469	0.0010808416	0.0010834957	0.0010860076	0.0010883754	0.0010905972	0.0010926712	0.0010945958	0.0010963693	0.0010979901	0.0010994564	0.0011007669	0.0011019200	0.0011029145	0.0011037492	0.0011044229	0.0011049346	0.0011052834	0.0011054685	0.0011054893	0.0011053452	0.0011050356	0.0011045603	0.0011039189	0.0011031113	0.0011021374	0.0011009975	0.0010996917	0.0010982203	0.0010965837	0.0010947826	0.0010928175	0.0010906893	0.0010883988	0.0010859470	0.0010833351	0.0010805642	0.0010776357	0.0010745511	0.0010713119	0.0010679198	0.0010643765	0.0010606839	0.0010568439	0.0010528587	0.0010487301	0.0010444604	0.0010400516	0.0010355061	0.0010308264	0.0010260144	0.0010210719	0.0010160007	0.0010108033	0.0010054812	0.0010000352	0.0009944665	0.0009887772	0.0009829697	0.0009770468	0.0009710142	0.0009648839	0.0009586752	0.0009524129	0.0009461419	0.0009399239	0.0009338261	0.0009279342	0.0009223191	0.0009170174	0.0009120348	0.0009073335	0.0009028323	0.0008984550	0.0008941258	0.0008897901	0.0008854143	0.0008809830	0.0008764941	0.0008719529	0.0008673679	0.0008627466	0.0008580956	0.0008534191	0.0008487202	0.0008440007	0.0008392622	0.0008345060	0.0008297335	0.0008249463	0.0008201460	0.0008153342	0.0008105126	0.0008056828	0.0008008464	0.0007960049	0.0007911597	0.0007863124	0.0007814642	0.0007766167	0.0007717710	0.0007669286	0.0007620906	0.0007572583	0.0007524328	0.0007476152	0.0007428068	0.0007380084	0.0007332213	0.0007284463	0.0007236845	0.0007189366	0.0007142038	0.0007094867	0.0007047862	0.0007001031	0.0006954381	0.0006907920	0.0006861655	0.0006815591	0.0006769735	0.0006724093	0.0006678671	0.0006633473	0.0006588505	0.0006543772	0.0006499278	0.0006455027	0.0006411024	0.0006367272	0.0006323775	0.0006280536	0.0006237557	0.0006194843	0.0006152396	0.0006110217	0.0006068310	0.0006026675	0.0005985316	0.0005944234	0.0005903430	0.0005862906	0.0005822663	0.0005782701	0.0005743022	0.0005703626	0.0005664513	0.0005625685	0.0005587141	0.0005548884	0.0005510916	0.0005473236	0.0005435833	0.0005398662
0.0009486242	0.0009480959	0.0009475904	0.0009471179	0.0009466816	0.0009462811	0.0009459156	0.0009455844	0.0009452872	0.0009450239	0.0009447942	0.0009445979	0.0009444348	0.0009443047	0.0009442073	0.0009441424	0.0009441099	0.0009441094	0.0009441409	0.0009442040	0.0009442986	0.0009444245	0.0009445815	0.0009447692	0.0009449877	0.0009452365	0.0009455156	0.0009458246	0.0009461635	0.0009465319	0.0009469296	0.0009473565	0.0009478122	0.0009482966	0.0009488094	0.0009493504	0.0009499192	0.0009505157	0.0009511396	0.0009517906	0.0009524684	0.0009531727	0.0009539032	0.0009546596	0.0009554415	0.0009562487	0.0009570808	0.0009579374	0.0009588181	0.0009597227	0.0009606506	0.0009616014	0.0009625748	0.0009635702	0.0009645872	0.0009656252	0.0009666839	0.0009677626	0.0009688607	0.0009699778	0.0009711132	0.0009722661	0.0009734360	0.0009746221	0.0009758238	0.0009770406	0.0009782721	0.0009795183	0.0009807790	0.0009820536	0.0009833398	0.0009846329	0.0009859249	0.0009872051	0.0009884614	0.0009896866	0.0009908858	0.0009920880	0.0009933549	0.0009947869	0.0009965119	0.0009986614	0.0010013472	0.0010046022	0.0010083920	0.0010126246	0.0010171529	0.0010218479	0.0010266037	0.0010313356	0.0010359956	0.0010405523	0.0010449881	0.0010492964	0.0010534752	0.0010575232	0.0010614403	0.0010652273	0.0010688844	0.0010724104	0.0010758042	0.0010790646	0.0010821902	0.0010851786	0.0010880278	0.0010907357	0.0010933003	0.0010957196	0.0010979914	0.0011001137	0.0011020847	0.0011039025	0.0011055653	0.0011070717	0.0011084199	0.0011096086	0.0011106364	0.0011115020	0.0011122043	0.0011127423	0.0011131150	0.0011133216	0.0011133614	0.0011132339	0.0011129384	0.0011124747	0.0011118425	0.0011110417	0.0011100721	0.0011089338	0.0011076272	0.0011061524	0.0011045100	0.0011027005	0.0011007245	0.0010985828	0.0010962764	0.0010938062	0.0010911733	0.0010883790	0.0010854246	0.0010823117	0.0010790417	0.0010756163	0.0010720375	0.0010683070	0.0010644268	0.0010603990	0.0010562258	0.0010519095	0.0010474524	0.0010428570	0.0010381258	0.0010332613	0.0010282660	0.0010231425	0.0010178933	0.0010125207	0.0010070266	0.0010014130	0.0009956818	0.0009898341	0.0009838706	0.0009777929	0.0009716033	0.0009653050	0.0009589048	0.0009524174	0.0009458669	0.0009392903	0.0009327498	0.0009263187	0.0009200847	0.0009141432	0.0009085492	0.0009033166	0.0008984117	0.0008937493	0.0008892386	0.0008847926	0.0008803470	0.0008758631	0.0008713248	0.0008667311	0.0008620885	0.0008574061	0.0008526921	0.0008479528	0.0008431923	0.0008384131	0.0008336170	0.0008288053	0.0008239793	0.0008191405	0.0008142905	0.0008094309	0.0008045633	0.0007996893	0.0007948106	0.0007899286	0.0007850447	0.0007801605	0.0007752774	0.0007703965	0.0007655194	0.0007606472	0.0007557811	0.0007509224	0.0007460722	0.0007412316	0.0007364018	0.0007315837	0.0007267783	0.0007219867	0.0007172097	0.0007124483	0.0007077033	0.0007029755	0.0006982657	0.0006935747	0.0006889031	0.0006842517	0.0006796212	0.0006750120	0.0006704249	0.0006658603	0.0006613189	0.0006568010	0.0006523073	0.0006478380	0.0006433937	0.0006389748	0.0006345816	0.0006302144	0.0006258736	0.0006215596	0.0006172725	0.0006130126	0.0006087801	0.0006045754	0.0006003985	0.0005962497	0.0005921291	0.0005880368	0.0005839730	0.0005799378	0.0005759312	0.0005719534	0.0005680044	0.0005640842	0.0005601929	0.0005563305	0.0005524971	0.0005486932	0.0005449185	0.0005411719	0.0005374487
0.0009425217	0.0009420173	0.0009415355	0.0009410868	0.0009406743	0.0009402977	0.0009399561	0.0009396489	0.0009393758	0.0009391366	0.0009389312	0.0009387592	0.0009386205	0.0009385149	0.0009384422	0.0009384021	0.0009383945	0.0009384191	0.0009384758	0.0009385644	0.0009386846	0.0009388363	0.0009390192	0.0009392332	0.0009394781	0.0009397536	0.0009400596	0.0009403959	0.0009407622	0.0009411583	0.0009415841	0.0009420393	0.0009425237	0.0009430371	0.0009435793	0.0009441499	0.0009447489	0.0009453759	0.0009460306	0.0009467128	0.0009474223	0.0009481588	0.0009489218	0.0009497113	0.0009505268	0.0009513680	0.0009522346	0.0009531263	0.0009540426	0.0009549832	0.0009559478	0.0009569358	0.0009579470	0.0009589808	0.0009600369	0.0009611146	0.0009622135	0.0009633331	0.0009644729	0.0009656322	0.0009668104	0.0009680068	0.0009692209	0.0009704520	0.0009716998	0.0009729642	0.0009742452	0.0009755428	0.0009768554	0.0009781791	0.0009795066	0.0009808267	0.0009821261	0.0009833951	0.0009846358	0.0009858750	0.0009871807	0.0009886647	0.0009904756	0.0009927677	0.0009956624	0.0009991900	0.0010033029	0.0010078842	0.0010127637	0.0010178008	0.0010228749	0.0010279086	0.0010328581	0.0010376968	0.0010424134	0.0010470048	0.0010514701	0.0010558096	0.0010600249	0.0010641163	0.0010680831	0.0010719244	0.0010756390	0.0010792249	0.0010826796	0.0010860011	0.0010891869	0.0010922347	0.0010951420	0.0010979065	0.0011005258	0.0011029977	0.0011053202	0.0011074912	0.0011095088	0.0011113711	0.0011130762	0.0011146227	0.0011160088	0.0011172332	0.0011182944	0.0011191911	0.0011199222	0.0011204866	0.0011208834	0.0011211117	0.0011211709	0.0011210602	0.0011207792	0.0011203276	0.0011197049	0.0011189110	0.0011179460	0.0011168098	0.0011155027	0.0011140250	0.0011123770	0.0011105595	0.0011085730	0.0011064183	0.0011040964	0.0011016081	0.0010989548	0.0010961375	0.0010931577	0.0010900169	0.0010867166	0.0010832585	0.0010796446	0.0010758766	0.0010719565	0.0010678865	0.0010636688	0.0010593057	0.0010547997	0.0010501532	0.0010453689	0.0010404493	0.0010353973	0.0010302158	0.0010249075	0.0010194752	0.0010139218	0.0010082499	0.0010024623	0.0009965610	0.0009905479	0.0009844247	0.0009781925	0.0009718517	0.0009654034	0.0009588500	0.0009521956	0.0009454506	0.0009386365	0.0009317860	0.0009249556	0.0009182283	0.0009116995	0.0009054797	0.0008996390	0.0008941987	0.0008891262	0.0008843302	0.0008797061	0.0008751539	0.0008706041	0.0008660154	0.0008613732	0.0008566785	0.0008519392	0.0008471652	0.0008423649	0.0008375440	0.0008327062	0.0008278535	0.0008229874	0.0008181092	0.0008132201	0.0008083218	0.0008034158	0.0007985037	0.0007935872	0.0007886677	0.0007837468	0.0007788260	0.0007739067	0.0007689901	0.0007640778	0.0007591709	0.0007542707	0.0007493784	0.0007444951	0.0007396221	0.0007347604	0.0007299110	0.0007250750	0.0007202534	0.0007154470	0.0007106568	0.0007058836	0.0007011283	0.0006963917	0.0006916744	0.0006869773	0.0006823010	0.0006776461	0.0006730134	0.0006684032	0.0006638163	0.0006592532	0.0006547142	0.0006502000	0.0006457110	0.0006412475	0.0006368100	0.0006323988	0.0006280143	0.0006236568	0.0006193265	0.0006150239	0.0006107490	0.0006065021	0.0006022835	0.0005980933	0.0005939317	0.0005897989	0.0005856949	0.0005816199	0.0005775740	0.0005735573	0.0005695697	0.0005656115	0.0005616826	0.0005577830	0.0005539128	0.0005500721	0.0005462612	0.0005424801	0.0005387274	0.0005349984
0.0009363693	0.0009358885	0.0009354302	0.0009350050	0.0009346160	0.0009342630	0.0009339449	0.0009336614	0.0009334121	0.0009331967	0.0009330152	0.0009328672	0.0009327526	0.0009326712	0.0009326228	0.0009326072	0.0009326242	0.0009326736	0.0009327552	0.0009328688	0.0009330143	0.0009331915	0.0009334001	0.0009336399	0.0009339109	0.0009342128	0.0009345454	0.0009349085	0.0009353019	0.0009357255	0.0009361789	0.0009366622	0.0009371749	0.0009377170	0.0009382881	0.0009388882	0.0009395168	0.0009401739	0.0009408592	0.0009415724	0.0009423133	0.0009430815	0.0009438769	0.0009446991	0.0009455478	0.0009464228	0.0009473236	0.0009482500	0.0009492017	0.0009501781	0.0009511791	0.0009522042	0.0009532529	0.0009543249	0.0009554198	0.0009565369	0.0009576760	0.0009588363	0.0009600175	0.0009612188	0.0009624397	0.0009636795	0.0009649378	0.0009662146	0.0009675099	0.0009688238	0.0009701558	0.0009715031	0.0009728595	0.0009742141	0.0009755527	0.0009768625	0.0009781413	0.0009794124	0.0009807428	0.0009822472	0.0009840964	0.0009864676	0.0009895022	0.0009932380	0.0009976140	0.0010024843	0.0010076655	0.0010130051	0.0010183722	0.0010236898	0.0010289138	0.0010340236	0.0010390128	0.0010438803	0.0010486267	0.0010532544	0.0010577644	0.0010621563	0.0010664299	0.0010705837	0.0010746157	0.0010785234	0.0010823046	0.0010859564	0.0010894763	0.0010928615	0.0010961094	0.0010992176	0.0011021834	0.0011050044	0.0011076784	0.0011102030	0.0011125762	0.0011147958	0.0011168600	0.0011187667	0.0011205143	0.0011221010	0.0011235252	0.0011247855	0.0011258803	0.0011268084	0.0011275686	0.0011281598	0.0011285810	0.0011288315	0.0011289103	0.0011288169	0.0011285507	0.0011281114	0.0011274986	0.0011267122	0.0011257521	0.0011246183	0.0011233110	0.0011218307	0.0011201776	0.0011183524	0.0011163558	0.0011141884	0.0011118513	0.0011093454	0.0011066718	0.0011038320	0.0011008271	0.0010976588	0.0010943286	0.0010908383	0.0010871896	0.0010833846	0.0010794252	0.0010753136	0.0010710519	0.0010666427	0.0010620882	0.0010573911	0.0010525539	0.0010475794	0.0010424704	0.0010372298	0.0010318606	0.0010263657	0.0010207484	0.0010150116	0.0010091586	0.0010031923	0.0009971157	0.0009909315	0.0009846419	0.0009782486	0.0009717531	0.0009651560	0.0009584574	0.0009516584	0.0009447618	0.0009377744	0.0009307134	0.0009236114	0.0009165236	0.0009095396	0.0009027625	0.0008963121	0.0008902740	0.0008846755	0.0008794789	0.0008745801	0.0008698621	0.0008652141	0.0008605651	0.0008558756	0.0008511335	0.0008463425	0.0008415125	0.0008366537	0.0008317742	0.0008268789	0.0008219708	0.0008170516	0.0008121224	0.0008071846	0.0008022395	0.0007972887	0.0007923337	0.0007873762	0.0007824177	0.0007774597	0.0007725037	0.0007675510	0.0007626029	0.0007576609	0.0007527261	0.0007477998	0.0007428831	0.0007379773	0.0007330834	0.0007282025	0.0007233355	0.0007184836	0.0007136475	0.0007088283	0.0007040268	0.0006992438	0.0006944802	0.0006897366	0.0006850138	0.0006803124	0.0006756332	0.0006709768	0.0006663436	0.0006617343	0.0006571494	0.0006525894	0.0006480548	0.0006435459	0.0006390633	0.0006346073	0.0006301783	0.0006257765	0.0006214023	0.0006170560	0.0006127379	0.0006084481	0.0006041870	0.0005999547	0.0005957513	0.0005915771	0.0005874322	0.0005833167	0.0005792307	0.0005751743	0.0005711476	0.0005671506	0.0005631834	0.0005592460	0.0005553383	0.0005514605	0.0005476127	0.0005437952	0.0005400079	0.0005362493	0.0005325148
0.0009301670	0.0009297094	0.0009292743	0.0009288723	0.0009285065	0.0009281767	0.0009278820	0.0009276218	0.0009273959	0.0009272040	0.0009270460	0.0009269217	0.0009268309	0.0009267734	0.0009267490	0.0009267575	0.0009267988	0.0009268726	0.0009269787	0.0009271171	0.0009272875	0.0009274898	0.0009277237	0.0009279891	0.0009282858	0.0009286136	0.0009289725	0.0009293621	0.0009297823	0.0009302329	0.0009307137	0.0009312246	0.0009317653	0.0009323356	0.0009329354	0.0009335645	0.0009342226	0.0009349094	0.0009356249	0.0009363687	0.0009371406	0.0009379403	0.0009387676	0.0009396222	0.0009405039	0.0009414122	0.0009423470	0.0009433079	0.0009442945	0.0009453066	0.0009463437	0.0009474055	0.0009484916	0.0009496015	0.0009507350	0.0009518914	0.0009530703	0.0009542712	0.0009554935	0.0009567366	0.0009580000	0.0009592834	0.0009605870	0.0009619111	0.0009632558	0.0009646195	0.0009659977	0.0009673806	0.0009687542	0.0009701020	0.0009714161	0.0009727127	0.0009740531	0.0009755530	0.0009773958	0.0009797758	0.0009828678	0.0009867294	0.0009912975	0.0009964075	0.0010018549	0.0010074640	0.0010130990	0.0010186824	0.0010241693	0.0010295418	0.0010347962	0.0010399332	0.0010449555	0.0010498658	0.0010546647	0.0010593523	0.0010639276	0.0010683886	0.0010727329	0.0010769580	0.0010810608	0.0010850386	0.0010888884	0.0010926073	0.0010961926	0.0010996415	0.0011029514	0.0011061196	0.0011091437	0.0011120212	0.0011147497	0.0011173270	0.0011197509	0.0011220193	0.0011241302	0.0011260817	0.0011278720	0.0011294993	0.0011309619	0.0011322584	0.0011333873	0.0011343472	0.0011351370	0.0011357554	0.0011362014	0.0011364743	0.0011365732	0.0011364975	0.0011362465	0.0011358200	0.0011352175	0.0011344388	0.0011334840	0.0011323529	0.0011310459	0.0011295633	0.0011279054	0.0011260729	0.0011240664	0.0011218867	0.0011195346	0.0011170114	0.0011143180	0.0011114558	0.0011084261	0.0011052306	0.0011018708	0.0010983485	0.0010946655	0.0010908238	0.0010868254	0.0010826725	0.0010783674	0.0010739124	0.0010693100	0.0010645628	0.0010596734	0.0010546446	0.0010494792	0.0010441802	0.0010387505	0.0010331931	0.0010275114	0.0010217084	0.0010157876	0.0010097522	0.0010036057	0.0009973514	0.0009909925	0.0009845319	0.0009779725	0.0009713163	0.0009645648	0.0009577187	0.0009507778	0.0009437422	0.0009366133	0.0009293958	0.0009221047	0.0009147729	0.0009074561	0.0009002483	0.0008932642	0.0008866349	0.0008804557	0.0008747537	0.0008694782	0.0008645067	0.0008597122	0.0008549793	0.0008502372	0.0008454509	0.0008406132	0.0008357314	0.0008308175	0.0008258815	0.0008209303	0.0008159682	0.0008109971	0.0008060185	0.0008010334	0.0007960432	0.0007910492	0.0007860531	0.0007810565	0.0007760608	0.0007710675	0.0007660781	0.0007610939	0.0007561163	0.0007511465	0.0007461857	0.0007412353	0.0007362963	0.0007313699	0.0007264571	0.0007215589	0.0007166764	0.0007118105	0.0007069620	0.0007021320	0.0006973212	0.0006925303	0.0006877603	0.0006830117	0.0006782852	0.0006735816	0.0006689014	0.0006642451	0.0006596134	0.0006550068	0.0006504258	0.0006458708	0.0006413422	0.0006368405	0.0006323660	0.0006279192	0.0006235002	0.0006191095	0.0006147473	0.0006104139	0.0006061094	0.0006018341	0.0005975882	0.0005933719	0.0005891853	0.0005850286	0.0005809017	0.0005768049	0.0005727383	0.0005687018	0.0005646956	0.0005607196	0.0005567739	0.0005528584	0.0005489733	0.0005451187	0.0005412947	0.0005375015	0.0005337374	0.0005299975
0.0009239145	0.0009234799	0.0009230676	0.0009226885	0.0009223456	0.0009220388	0.0009217670	0.0009215299	0.0009213271	0.0009211584	0.0009210236	0.0009209226	0.0009208552	0.0009208213	0.0009208205	0.0009208528	0.0009209179	0.0009210158	0.0009211462	0.0009213089	0.0009215039	0.0009217309	0.0009219897	0.0009222803	0.0009226024	0.0009229558	0.0009233405	0.0009237562	0.0009242028	0.0009246801	0.0009251879	0.0009257260	0.0009262943	0.0009268926	0.0009275207	0.0009281784	0.0009288655	0.0009295818	0.0009303271	0.0009311011	0.0009319037	0.0009327345	0.0009335934	0.0009344801	0.0009353943	0.0009363357	0.0009373041	0.0009382991	0.0009393205	0.0009403678	0.0009414407	0.0009425390	0.0009436621	0.0009448098	0.0009459815	0.0009471769	0.0009483954	0.0009496365	0.0009508997	0.0009521845	0.0009534909	0.0009548193	0.0009561701	0.0009575429	0.0009589351	0.0009603396	0.0009617425	0.0009631261	0.0009644760	0.0009657973	0.0009671370	0.0009686075	0.0009703961	0.0009727181	0.0009757837	0.0009796817	0.0009843610	0.0009896504	0.0009953222	0.0010011765	0.0010070641	0.0010128994	0.0010186380	0.0010242642	0.0010297759	0.0010351753	0.0010404666	0.0010456525	0.0010507337	0.0010557101	0.0010605802	0.0010653416	0.0010699918	0.0010745277	0.0010789462	0.0010832442	0.0010874186	0.0010914663	0.0010953844	0.0010991701	0.0011028204	0.0011063327	0.0011097042	0.0011129325	0.0011160148	0.0011189488	0.0011217321	0.0011243623	0.0011268372	0.0011291548	0.0011313128	0.0011333095	0.0011351428	0.0011368111	0.0011383126	0.0011396458	0.0011408092	0.0011418013	0.0011426210	0.0011432670	0.0011437384	0.0011440342	0.0011441536	0.0011440959	0.0011438606	0.0011434471	0.0011428553	0.0011420848	0.0011411356	0.0011400077	0.0011387013	0.0011372167	0.0011355544	0.0011337149	0.0011316988	0.0011295070	0.0011271404	0.0011246000	0.0011218871	0.0011190028	0.0011159486	0.0011127261	0.0011093370	0.0011057829	0.0011020658	0.0010981876	0.0010941505	0.0010899566	0.0010856083	0.0010811079	0.0010764579	0.0010716610	0.0010667199	0.0010616372	0.0010564160	0.0010510591	0.0010455696	0.0010399505	0.0010342051	0.0010283365	0.0010223483	0.0010162436	0.0010100262	0.0010036995	0.0009972670	0.0009907324	0.0009840992	0.0009773707	0.0009705497	0.0009636390	0.0009566399	0.0009495534	0.0009423793	0.0009351167	0.0009277658	0.0009203304	0.0009128240	0.0009052798	0.0008977575	0.0008903585	0.0008832117	0.0008764605	0.0008702011	0.0008644508	0.0008591395	0.0008541264	0.0008492722	0.0008444621	0.0008396290	0.0008347481	0.0008298196	0.0008248544	0.0008198645	0.0008148595	0.0008098449	0.0008048236	0.0007997971	0.0007947664	0.0007897328	0.0007846975	0.0007796621	0.0007746282	0.0007695972	0.0007645705	0.0007595497	0.0007545360	0.0007495308	0.0007445353	0.0007395507	0.0007345782	0.0007296189	0.0007246739	0.0007197442	0.0007148309	0.0007099349	0.0007050570	0.0007001983	0.0006953594	0.0006905413	0.0006857446	0.0006809702	0.0006762185	0.0006714904	0.0006667863	0.0006621070	0.0006574529	0.0006528246	0.0006482225	0.0006436472	0.0006390989	0.0006345782	0.0006300854	0.0006256209	0.0006211849	0.0006167778	0.0006123998	0.0006080511	0.0006037321	0.0005994429	0.0005951836	0.0005909545	0.0005867557	0.0005825873	0.0005784493	0.0005743420	0.0005702652	0.0005662192	0.0005622040	0.0005582195	0.0005542658	0.0005503428	0.0005464506	0.0005425894	0.0005387593	0.0005349604	0.0005311910	0.0005274461
0.0009176117	0.0009171997	0.0009168101	0.0009164535	0.0009161332	0.0009158490	0.0009155999	0.0009153855	0.0009152054	0.0009150595	0.0009149477	0.0009148697	0.0009148253	0.0009148145	0.0009148371	0.0009148928	0.0009149815	0.0009151030	0.0009152573	0.0009154440	0.0009156631	0.0009159145	0.0009161979	0.0009165132	0.0009168603	0.0009172390	0.0009176491	0.0009180906	0.0009185632	0.0009190667	0.0009196011	0.0009201661	0.0009207617	0.0009213875	0.0009220435	0.0009227294	0.0009234451	0.0009241904	0.0009249651	0.0009257690	0.0009266019	0.0009274635	0.0009283536	0.0009292720	0.0009302184	0.0009311925	0.0009321942	0.0009332230	0.0009342786	0.0009353609	0.0009364694	0.0009376038	0.0009387637	0.0009399487	0.0009411585	0.0009423925	0.0009436503	0.0009449313	0.0009462353	0.0009475626	0.0009489136	0.0009502888	0.0009516873	0.0009531043	0.0009545290	0.0009559444	0.0009573308	0.0009586809	0.0009600230	0.0009614541	0.0009631494	0.0009653490	0.0009682984	0.0009721320	0.0009768296	0.0009822301	0.0009880803	0.0009941526	0.0010002757	0.0010063520	0.0010123336	0.0010182053	0.0010239661	0.0010296199	0.0010351719	0.0010406248	0.0010459800	0.0010512369	0.0010563935	0.0010614474	0.0010663955	0.0010712346	0.0010759614	0.0010805727	0.0010850652	0.0010894356	0.0010936809	0.0010977981	0.0011017841	0.0011056362	0.0011093515	0.0011129271	0.0011163605	0.0011196489	0.0011227898	0.0011257807	0.0011286190	0.0011313025	0.0011338289	0.0011361959	0.0011384015	0.0011404438	0.0011423206	0.0011440303	0.0011455712	0.0011469415	0.0011481398	0.0011491646	0.0011500146	0.0011506887	0.0011511857	0.0011515048	0.0011516451	0.0011516059	0.0011513866	0.0011509867	0.0011504059	0.0011496440	0.0011487008	0.0011475764	0.0011462710	0.0011447848	0.0011431183	0.0011412721	0.0011392468	0.0011370433	0.0011346624	0.0011321052	0.0011293730	0.0011264669	0.0011233885	0.0011201394	0.0011167211	0.0011131355	0.0011093845	0.0011054701	0.0011013945	0.0010971598	0.0010927685	0.0010882229	0.0010835255	0.0010786792	0.0010736865	0.0010685504	0.0010632736	0.0010578593	0.0010523104	0.0010466301	0.0010408216	0.0010348882	0.0010288333	0.0010226603	0.0010163727	0.0010099740	0.0010034680	0.0009968584	0.0009901488	0.0009833430	0.0009764448	0.0009694578	0.0009623850	0.0009552294	0.0009479928	0.0009406760	0.0009332787	0.0009257992	0.0009182369	0.0009105948	0.0009028861	0.0008951461	0.0008874422	0.0008798889	0.0008726296	0.0008658189	0.0008595447	0.0008538034	0.0008484967	0.0008434649	0.0008385565	0.0008336682	0.0008287456	0.0008237747	0.0008187625	0.0008137223	0.0008086658	0.0008036006	0.0007985307	0.0007934580	0.0007883835	0.0007833083	0.0007782337	0.0007731610	0.0007680917	0.0007630274	0.0007579694	0.0007529193	0.0007478782	0.0007428474	0.0007378283	0.0007328219	0.0007278295	0.0007228520	0.0007178906	0.0007129462	0.0007080198	0.0007031124	0.0006982247	0.0006933577	0.0006885122	0.0006836888	0.0006788883	0.0006741114	0.0006693587	0.0006646309	0.0006599284	0.0006552520	0.0006506020	0.0006459789	0.0006413833	0.0006368154	0.0006322758	0.0006277648	0.0006232826	0.0006188297	0.0006144063	0.0006100127	0.0006056490	0.0006013156	0.0005970126	0.0005927402	0.0005884985	0.0005842876	0.0005801078	0.0005759589	0.0005718412	0.0005677547	0.0005636994	0.0005596754	0.0005556827	0.0005517212	0.0005477910	0.0005438920	0.0005400244	0.0005361885	0.0005323841	0.0005286098	0.0005248602
0.0009112585	0.0009108690	0.0009105015	0.0009101672	0.0009098692	0.0009096072	0.0009093805	0.0009091884	0.0009090308	0.0009089073	0.0009088180	0.0009087626	0.0009087410	0.0009087530	0.0009087985	0.0009088772	0.0009089891	0.0009091340	0.0009093117	0.0009095220	0.0009097650	0.0009100403	0.0009103479	0.0009106876	0.0009110593	0.0009114628	0.0009118980	0.0009123648	0.0009128629	0.0009133924	0.0009139529	0.0009145444	0.0009151668	0.0009158197	0.0009165032	0.0009172170	0.0009179609	0.0009187349	0.0009195386	0.0009203719	0.0009212347	0.0009221266	0.0009230475	0.0009239972	0.0009249754	0.0009259819	0.0009270164	0.0009280786	0.0009291683	0.0009302852	0.0009314288	0.0009325990	0.0009337954	0.0009350175	0.0009362649	0.0009375371	0.0009388339	0.0009401549	0.0009415008	0.0009428722	0.0009442695	0.0009456908	0.0009471287	0.0009485677	0.0009499870	0.0009513695	0.0009527251	0.0009541212	0.0009557097	0.0009577412	0.0009604874	0.0009641504	0.0009687631	0.0009741858	0.0009801522	0.0009864086	0.0009927495	0.0009990562	0.0010052723	0.0010113807	0.0010173817	0.0010232809	0.0010290843	0.0010347951	0.0010404147	0.0010459424	0.0010513761	0.0010567132	0.0010619502	0.0010670838	0.0010721105	0.0010770269	0.0010818297	0.0010865156	0.0010910813	0.0010955236	0.0010998396	0.0011040260	0.0011080800	0.0011119986	0.0011157790	0.0011194182	0.0011229137	0.0011262626	0.0011294624	0.0011325105	0.0011354043	0.0011381415	0.0011407197	0.0011431366	0.0011453902	0.0011474784	0.0011493992	0.0011511508	0.0011527313	0.0011541392	0.0011553728	0.0011564307	0.0011573115	0.0011580140	0.0011585372	0.0011588800	0.0011590415	0.0011590212	0.0011588183	0.0011584323	0.0011578630	0.0011571099	0.0011561731	0.0011550526	0.0011537485	0.0011522611	0.0011505908	0.0011487383	0.0011467041	0.0011444891	0.0011420943	0.0011395207	0.0011367694	0.0011338419	0.0011307396	0.0011274640	0.0011240169	0.0011204001	0.0011166155	0.0011126651	0.0011085512	0.0011042760	0.0010998419	0.0010952513	0.0010905069	0.0010856113	0.0010805673	0.0010753778	0.0010700458	0.0010645742	0.0010589663	0.0010532251	0.0010473540	0.0010413562	0.0010352352	0.0010289944	0.0010226374	0.0010161678	0.0010095891	0.0010029052	0.0009961198	0.0009892367	0.0009822598	0.0009751931	0.0009680404	0.0009608055	0.0009534919	0.0009461025	0.0009386394	0.0009311033	0.0009234937	0.0009158083	0.0009080455	0.0009002078	0.0008923098	0.0008843926	0.0008765359	0.0008688731	0.0008615617	0.0008547584	0.0008485356	0.0008428553	0.0008375776	0.0008325334	0.0008275722	0.0008226049	0.0008175952	0.0008125407	0.0008074539	0.0008023485	0.0007972348	0.0007921182	0.0007870011	0.0007818848	0.0007767701	0.0007716581	0.0007665501	0.0007614476	0.0007563520	0.0007512649	0.0007461875	0.0007411212	0.0007360672	0.0007310266	0.0007260006	0.0007209904	0.0007159970	0.0007110213	0.0007060644	0.0007011271	0.0006962104	0.0006913151	0.0006864420	0.0006815918	0.0006767653	0.0006719630	0.0006671858	0.0006624341	0.0006577086	0.0006530097	0.0006483381	0.0006436941	0.0006390782	0.0006344909	0.0006299324	0.0006254033	0.0006209037	0.0006164340	0.0006119944	0.0006075853	0.0006032069	0.0005988593	0.0005945427	0.0005902573	0.0005860032	0.0005817805	0.0005775894	0.0005734299	0.0005693021	0.0005652060	0.0005611417	0.0005571092	0.0005531085	0.0005491396	0.0005452024	0.0005412969	0.0005374233	0.0005335818	0.0005297724	0.0005259933	0.0005222393
0.0009048549	0.0009044874	0.0009041419	0.0009038295	0.0009035534	0.0009033134	0.0009031086	0.0009029386	0.0009028030	0.0009027016	0.0009026345	0.0009026014	0.0009026021	0.0009026365	0.0009027045	0.0009028059	0.0009029406	0.0009031084	0.0009033092	0.0009035428	0.0009038091	0.0009041080	0.0009044393	0.0009048030	0.0009051989	0.0009056268	0.0009060867	0.0009065784	0.0009071017	0.0009076566	0.0009082429	0.0009088605	0.0009095092	0.0009101889	0.0009108994	0.0009116406	0.0009124123	0.0009132145	0.0009140468	0.0009149092	0.0009158014	0.0009167233	0.0009176746	0.0009186552	0.0009196648	0.0009207032	0.0009217702	0.0009228654	0.0009239887	0.0009251397	0.0009263183	0.0009275239	0.0009287563	0.0009300150	0.0009312996	0.0009326098	0.0009339458	0.0009353081	0.0009366977	0.0009381146	0.0009395551	0.0009410089	0.0009424564	0.0009438738	0.0009452511	0.0009466236	0.0009481164	0.0009499558	0.0009524308	0.0009558190	0.0009602306	0.0009655711	0.0009715805	0.0009779736	0.0009845054	0.0009910293	0.0009974713	0.0010038083	0.0010100403	0.0010161748	0.0010222190	0.0010281770	0.0010340505	0.0010398385	0.0010455389	0.0010511488	0.0010566647	0.0010620830	0.0010674002	0.0010726127	0.0010777171	0.0010827100	0.0010875881	0.0010923481	0.0010969868	0.0011015010	0.0011058875	0.0011101434	0.0011142655	0.0011182509	0.0011220966	0.0011257998	0.0011293577	0.0011327675	0.0011360265	0.0011391321	0.0011420818	0.0011448730	0.0011475034	0.0011499706	0.0011522726	0.0011544071	0.0011563722	0.0011581660	0.0011597866	0.0011612324	0.0011625017	0.0011635930	0.0011645050	0.0011652364	0.0011657860	0.0011661529	0.0011663361	0.0011663350	0.0011661489	0.0011657772	0.0011652197	0.0011644759	0.0011635459	0.0011624296	0.0011611271	0.0011596389	0.0011579652	0.0011561067	0.0011540640	0.0011518379	0.0011494295	0.0011468397	0.0011440698	0.0011411212	0.0011379952	0.0011346935	0.0011312179	0.0011275702	0.0011237523	0.0011197663	0.0011156144	0.0011112990	0.0011068223	0.0011021870	0.0010973957	0.0010924511	0.0010873561	0.0010821136	0.0010767265	0.0010711980	0.0010655312	0.0010597294	0.0010537958	0.0010477339	0.0010415472	0.0010352391	0.0010288132	0.0010222731	0.0010156226	0.0010088653	0.0010020051	0.0009950457	0.0009879910	0.0009808451	0.0009736118	0.0009662953	0.0009588997	0.0009514288	0.0009438863	0.0009362752	0.0009285978	0.0009208546	0.0009130445	0.0009051646	0.0008972125	0.0008891910	0.0008811189	0.0008730477	0.0008650739	0.0008573518	0.0008500555	0.0008433317	0.0008372207	0.0008316385	0.0008264068	0.0008213472	0.0008163283	0.0008112809	0.0008061880	0.0008010583	0.0007959071	0.0007907474	0.0007855862	0.0007804268	0.0007752706	0.0007701184	0.0007649711	0.0007598300	0.0007546964	0.0007495719	0.0007444579	0.0007393555	0.0007342662	0.0007291911	0.0007241314	0.0007190881	0.0007140624	0.0007090552	0.0007040675	0.0006991003	0.0006941544	0.0006892307	0.0006843299	0.0006794528	0.0006746001	0.0006697725	0.0006649707	0.0006601951	0.0006554465	0.0006507253	0.0006460321	0.0006413672	0.0006367312	0.0006321245	0.0006275473	0.0006230001	0.0006184833	0.0006139969	0.0006095414	0.0006051170	0.0006007239	0.0005963623	0.0005920324	0.0005877342	0.0005834679	0.0005792337	0.0005750316	0.0005708617	0.0005667241	0.0005626187	0.0005585457	0.0005545050	0.0005504966	0.0005465204	0.0005425765	0.0005386648	0.0005347855	0.0005309387	0.0005271245	0.0005233411	0.0005195829
0.0008984008	0.0008980549	0.0008977310	0.0008974402	0.0008971857	0.0008969673	0.0008967842	0.0008966358	0.0008965219	0.0008964423	0.0008963970	0.0008963857	0.0008964084	0.0008964649	0.0008965550	0.0008966787	0.0008968358	0.0008970261	0.0008972495	0.0008975060	0.0008977953	0.0008981173	0.0008984720	0.0008988593	0.0008992789	0.0008997308	0.0009002149	0.0009007311	0.0009012792	0.0009018591	0.0009024707	0.0009031139	0.0009037885	0.0009044945	0.0009052316	0.0009059998	0.0009067989	0.0009076288	0.0009084893	0.0009093802	0.0009103015	0.0009112528	0.0009122341	0.0009132452	0.0009142858	0.0009153557	0.0009164547	0.0009175826	0.0009187391	0.0009199239	0.0009211368	0.0009223774	0.0009236454	0.0009249402	0.0009262618	0.0009276105	0.0009289871	0.0009303928	0.0009318269	0.0009332833	0.0009347474	0.0009361958	0.0009376059	0.0009389837	0.0009404041	0.0009420484	0.0009442194	0.0009472413	0.0009513216	0.0009564497	0.0009624082	0.0009688781	0.0009755691	0.0009822928	0.0009889501	0.0009955068	0.0010019607	0.0010083201	0.0010145939	0.0010207874	0.0010269029	0.0010329396	0.0010388952	0.0010447668	0.0010505506	0.0010562430	0.0010618403	0.0010673388	0.0010727351	0.0010780257	0.0010832071	0.0010882761	0.0010932292	0.0010980633	0.0011027750	0.0011073612	0.0011118185	0.0011161440	0.0011203344	0.0011243869	0.0011282982	0.0011320656	0.0011356862	0.0011391571	0.0011424757	0.0011456392	0.0011486450	0.0011514906	0.0011541735	0.0011566914	0.0011590420	0.0011612232	0.0011632330	0.0011650693	0.0011667303	0.0011682144	0.0011695197	0.0011706449	0.0011715884	0.0011723489	0.0011729254	0.0011733168	0.0011735221	0.0011735406	0.0011733716	0.0011730146	0.0011724692	0.0011717352	0.0011708123	0.0011697006	0.0011684002	0.0011669114	0.0011652347	0.0011633705	0.0011613197	0.0011590829	0.0011566612	0.0011540557	0.0011512675	0.0011482980	0.0011451488	0.0011418214	0.0011383176	0.0011346392	0.0011307884	0.0011267671	0.0011225775	0.0011182221	0.0011137033	0.0011090236	0.0011041858	0.0010991925	0.0010940467	0.0010887514	0.0010833096	0.0010777244	0.0010719990	0.0010661369	0.0010601412	0.0010540155	0.0010477632	0.0010413881	0.0010348936	0.0010282835	0.0010215616	0.0010147315	0.0010077971	0.0010007622	0.0009936308	0.0009864068	0.0009790941	0.0009716968	0.0009642191	0.0009566651	0.0009490390	0.0009413449	0.0009335864	0.0009257668	0.0009178882	0.0009099507	0.0009019527	0.0008938902	0.0008857607	0.0008775687	0.0008693397	0.0008611403	0.0008530918	0.0008453731	0.0008381741	0.0008316088	0.0008256626	0.0008201941	0.0008150054	0.0008099190	0.0008048312	0.0007997030	0.0007945347	0.0007893416	0.0007841385	0.0007789349	0.0007737352	0.0007685413	0.0007633538	0.0007581735	0.0007530015	0.0007478393	0.0007426881	0.0007375494	0.0007324244	0.0007273145	0.0007222206	0.0007171441	0.0007120858	0.0007070469	0.0007020283	0.0006970309	0.0006920557	0.0006871034	0.0006821748	0.0006772707	0.0006723919	0.0006675389	0.0006627124	0.0006579131	0.0006531414	0.0006483979	0.0006436831	0.0006389975	0.0006343415	0.0006297154	0.0006251197	0.0006205547	0.0006160206	0.0006115178	0.0006070466	0.0006026071	0.0005981995	0.0005938241	0.0005894810	0.0005851703	0.0005808921	0.0005766466	0.0005724338	0.0005682538	0.0005641066	0.0005599922	0.0005559107	0.0005518621	0.0005478463	0.0005438632	0.0005399129	0.0005359953	0.0005321106	0.0005282589	0.0005244402	0.0005206527	0.0005168908
0.0008918960	0.0008915715	0.0008912689	0.0008909992	0.0008907660	0.0008905689	0.0008904070	0.0008902799	0.0008901873	0.0008901292	0.0008901053	0.0008901155	0.0008901598	0.0008902379	0.0008903498	0.0008904954	0.0008906744	0.0008908868	0.0008911325	0.0008914113	0.0008917232	0.0008920680	0.0008924457	0.0008928560	0.0008932990	0.0008937744	0.0008942823	0.0008948225	0.0008953949	0.0008959994	0.0008966358	0.0008973042	0.0008980043	0.0008987361	0.0008994994	0.0009002941	0.0009011201	0.0009019773	0.0009028655	0.0009037845	0.0009047343	0.0009057147	0.0009067256	0.0009077666	0.0009088377	0.0009099387	0.0009110693	0.0009122293	0.0009134186	0.0009146368	0.0009158836	0.0009171587	0.0009184617	0.0009197925	0.0009211517	0.0009225404	0.0009239598	0.0009254084	0.0009268775	0.0009283476	0.0009297911	0.0009311900	0.0009325747	0.0009340775	0.0009359536	0.0009385431	0.0009421654	0.0009469322	0.0009527062	0.0009591609	0.0009659643	0.0009728664	0.0009797281	0.0009864963	0.0009931630	0.0009997367	0.0010062283	0.0010126451	0.0010189901	0.0010252629	0.0010314615	0.0010375826	0.0010436224	0.0010495773	0.0010554434	0.0010612170	0.0010668945	0.0010724724	0.0010779471	0.0010833153	0.0010885736	0.0010937185	0.0010987467	0.0011036550	0.0011084398	0.0011130981	0.0011176264	0.0011220217	0.0011262807	0.0011304003	0.0011343776	0.0011382094	0.0011418929	0.0011454253	0.0011488036	0.0011520252	0.0011550874	0.0011579876	0.0011607233	0.0011632921	0.0011656917	0.0011679199	0.0011699746	0.0011718538	0.0011735556	0.0011750783	0.0011764200	0.0011775793	0.0011785547	0.0011793449	0.0011799486	0.0011803647	0.0011805925	0.0011806310	0.0011804795	0.0011801376	0.0011796048	0.0011788808	0.0011779654	0.0011768587	0.0011755607	0.0011740718	0.0011723924	0.0011705230	0.0011684644	0.0011662173	0.0011637827	0.0011611617	0.0011583556	0.0011553657	0.0011521935	0.0011488407	0.0011453091	0.0011416005	0.0011377170	0.0011336607	0.0011294339	0.0011250389	0.0011204782	0.0011157545	0.0011108704	0.0011058289	0.0011006327	0.0010952849	0.0010897887	0.0010841472	0.0010783636	0.0010724414	0.0010663839	0.0010601947	0.0010538773	0.0010474354	0.0010408727	0.0010341929	0.0010273999	0.0010204974	0.0010134893	0.0010063795	0.0009991720	0.0009918707	0.0009844796	0.0009770027	0.0009694443	0.0009618083	0.0009540990	0.0009463206	0.0009384775	0.0009305737	0.0009226132	0.0009145989	0.0009065328	0.0008984146	0.0008902416	0.0008820088	0.0008737135	0.0008653641	0.0008569984	0.0008487077	0.0008406498	0.0008330212	0.0008260046	0.0008196637	0.0008139133	0.0008085534	0.0008033793	0.0007982472	0.0007930865	0.0007878839	0.0007826521	0.0007774082	0.0007721645	0.0007669269	0.0007616976	0.0007564771	0.0007512661	0.0007460657	0.0007408771	0.0007357017	0.0007305408	0.0007253956	0.0007202674	0.0007151572	0.0007100662	0.0007049953	0.0006999456	0.0006949179	0.0006899132	0.0006849322	0.0006799758	0.0006750447	0.0006701396	0.0006652612	0.0006604102	0.0006555870	0.0006507923	0.0006460266	0.0006412904	0.0006365841	0.0006319081	0.0006272629	0.0006226488	0.0006180660	0.0006135150	0.0006089959	0.0006045091	0.0006000547	0.0005956329	0.0005912440	0.0005868879	0.0005825649	0.0005782751	0.0005740186	0.0005697953	0.0005656054	0.0005614489	0.0005573259	0.0005532362	0.0005491800	0.0005451571	0.0005411675	0.0005372111	0.0005332879	0.0005293981	0.0005255418	0.0005217190	0.0005179277	0.0005141623
0.0008853405	0.0008850370	0.0008847553	0.0008845066	0.0008842942	0.0008841180	0.0008839770	0.0008838709	0.0008837992	0.0008837621	0.0008837592	0.0008837906	0.0008838560	0.0008839554	0.0008840887	0.0008842557	0.0008844563	0.0008846904	0.0008849579	0.0008852587	0.0008855927	0.0008859598	0.0008863599	0.0008867930	0.0008872588	0.0008877574	0.0008882886	0.0008888524	0.0008894486	0.0008900772	0.0008907380	0.0008914310	0.0008921562	0.0008929133	0.0008937023	0.0008945230	0.0008953754	0.0008962594	0.0008971748	0.0008981215	0.0008990994	0.0009001084	0.0009011482	0.0009022188	0.0009033199	0.0009044515	0.0009056132	0.0009068050	0.0009080266	0.0009092776	0.0009105578	0.0009118668	0.0009132047	0.0009145722	0.0009159709	0.0009174015	0.0009188614	0.0009203389	0.0009218102	0.0009232459	0.0009246380	0.0009260471	0.0009276661	0.0009298311	0.0009329163	0.0009371727	0.0009425872	0.0009488944	0.0009557316	0.0009627738	0.0009698247	0.0009767964	0.0009836678	0.0009904458	0.0009971437	0.0010037710	0.0010103323	0.0010168281	0.0010232565	0.0010296142	0.0010358974	0.0010421023	0.0010482250	0.0010542617	0.0010602088	0.0010660626	0.0010718197	0.0010774765	0.0010830295	0.0010884752	0.0010938103	0.0010990312	0.0011041346	0.0011091170	0.0011139751	0.0011187056	0.0011233050	0.0011277702	0.0011320979	0.0011362850	0.0011403282	0.0011442247	0.0011479713	0.0011515652	0.0011550035	0.0011582834	0.0011614023	0.0011643573	0.0011671461	0.0011697661	0.0011722149	0.0011744904	0.0011765903	0.0011785127	0.0011802556	0.0011818171	0.0011831956	0.0011843895	0.0011853971	0.0011862172	0.0011868484	0.0011872898	0.0011875404	0.0011875992	0.0011874657	0.0011871392	0.0011866194	0.0011859058	0.0011849983	0.0011838969	0.0011826018	0.0011811132	0.0011794314	0.0011775572	0.0011754911	0.0011732340	0.0011707869	0.0011681509	0.0011653272	0.0011623172	0.0011591225	0.0011557447	0.0011521856	0.0011484471	0.0011445313	0.0011404404	0.0011361767	0.0011317425	0.0011271403	0.0011223729	0.0011174430	0.0011123535	0.0011071073	0.0011017075	0.0010961573	0.0010904598	0.0010846184	0.0010786365	0.0010725177	0.0010662653	0.0010598832	0.0010533750	0.0010467444	0.0010399953	0.0010331316	0.0010261570	0.0010190757	0.0010118914	0.0010046082	0.0009972302	0.0009897614	0.0009822058	0.0009745675	0.0009668508	0.0009590597	0.0009511984	0.0009432713	0.0009352826	0.0009272366	0.0009191376	0.0009109895	0.0009027951	0.0008945560	0.0008862709	0.0008779356	0.0008695442	0.0008610952	0.0008526062	0.0008441369	0.0008358103	0.0008278227	0.0008203856	0.0008136375	0.0008075635	0.0008019976	0.0007967179	0.0007915338	0.0007863396	0.0007811051	0.0007758381	0.0007705567	0.0007652757	0.0007600027	0.0007547403	0.0007494892	0.0007442501	0.0007390237	0.0007338112	0.0007286140	0.0007234333	0.0007182704	0.0007131265	0.0007080024	0.0007028994	0.0006978184	0.0006927603	0.0006877259	0.0006827162	0.0006777319	0.0006727737	0.0006678424	0.0006629386	0.0006580629	0.0006532160	0.0006483984	0.0006436105	0.0006388529	0.0006341261	0.0006294303	0.0006247661	0.0006201337	0.0006155334	0.0006109656	0.0006064304	0.0006019282	0.0005974592	0.0005930234	0.0005886211	0.0005842524	0.0005799174	0.0005756162	0.0005713489	0.0005671155	0.0005629161	0.0005587506	0.0005546191	0.0005505216	0.0005464581	0.0005424284	0.0005384326	0.0005344705	0.0005305421	0.0005266475	0.0005227869	0.0005189603	0.0005151657	0.0005113972
0.0008787343	0.0008784514	0.0008781903	0.0008779621	0.0008777703	0.0008776145	0.0008774941	0.0008774085	0.0008773575	0.0008773409	0.0008773588	0.0008774108	0.0008774971	0.0008776173	0.0008777715	0.0008779595	0.0008781812	0.0008784366	0.0008787255	0.0008790479	0.0008794036	0.0008797925	0.0008802147	0.0008806699	0.0008811582	0.0008816794	0.0008822335	0.0008828203	0.0008834399	0.0008840921	0.0008847768	0.0008854941	0.0008862437	0.0008870256	0.0008878398	0.0008886861	0.0008895645	0.0008904747	0.0008914169	0.0008923907	0.0008933962	0.0008944332	0.0008955016	0.0008966012	0.0008977319	0.0008988935	0.0009000859	0.0009013089	0.0009025622	0.0009038454	0.0009051584	0.0009065013	0.0009078751	0.0009092815	0.0009107212	0.0009121894	0.0009136709	0.0009151373	0.0009165600	0.0009179500	0.0009194146	0.0009212032	0.0009237100	0.0009273202	0.0009321920	0.0009381867	0.0009449341	0.0009520509	0.0009592638	0.0009664280	0.0009734965	0.0009804699	0.0009873629	0.0009941878	0.0010009520	0.0010076569	0.0010143013	0.0010208821	0.0010273953	0.0010338370	0.0010402033	0.0010464903	0.0010526944	0.0010588120	0.0010648394	0.0010707731	0.0010766095	0.0010823450	0.0010879762	0.0010934994	0.0010989112	0.0011042081	0.0011093866	0.0011144433	0.0011193746	0.0011241773	0.0011288479	0.0011333831	0.0011377796	0.0011420341	0.0011461435	0.0011501047	0.0011539145	0.0011575701	0.0011610686	0.0011644070	0.0011675826	0.0011705928	0.0011734348	0.0011761062	0.0011786045	0.0011809275	0.0011830730	0.0011850389	0.0011868232	0.0011884240	0.0011898395	0.0011910682	0.0011921084	0.0011929588	0.0011936180	0.0011940850	0.0011943587	0.0011944383	0.0011943230	0.0011940124	0.0011935058	0.0011928030	0.0011919039	0.0011908082	0.0011895163	0.0011880283	0.0011863446	0.0011844659	0.0011823928	0.0011801261	0.0011776669	0.0011750162	0.0011721753	0.0011691456	0.0011659287	0.0011625263	0.0011589401	0.0011551722	0.0011512245	0.0011470994	0.0011427991	0.0011383260	0.0011336828	0.0011288721	0.0011238968	0.0011187597	0.0011134639	0.0011080125	0.0011024086	0.0010966556	0.0010907569	0.0010847158	0.0010785359	0.0010722210	0.0010657745	0.0010592004	0.0010525025	0.0010456845	0.0010387505	0.0010317044	0.0010245502	0.0010172918	0.0010099335	0.0010024793	0.0009949332	0.0009872994	0.0009795822	0.0009717855	0.0009639137	0.0009559708	0.0009479611	0.0009398889	0.0009317584	0.0009235740	0.0009153401	0.0009070611	0.0008987405	0.0008903812	0.0008819838	0.0008735456	0.0008650607	0.0008565228	0.0008479351	0.0008393309	0.0008308037	0.0008225219	0.0008147078	0.0008075640	0.0008011499	0.0007953533	0.0007899426	0.0007846914	0.0007794616	0.0007741984	0.0007689001	0.0007635848	0.0007582694	0.0007529634	0.0007476705	0.0007423914	0.0007371266	0.0007318768	0.0007266430	0.0007214266	0.0007162288	0.0007110507	0.0007058935	0.0007007581	0.0006956456	0.0006905569	0.0006854928	0.0006804543	0.0006754420	0.0006704567	0.0006654991	0.0006605699	0.0006556697	0.0006507991	0.0006459586	0.0006411487	0.0006363699	0.0006316226	0.0006269072	0.0006222241	0.0006175736	0.0006129560	0.0006083716	0.0006038206	0.0005993033	0.0005948198	0.0005903703	0.0005859549	0.0005815738	0.0005772271	0.0005729148	0.0005686370	0.0005643937	0.0005601851	0.0005560110	0.0005518714	0.0005477664	0.0005436959	0.0005396598	0.0005356581	0.0005316906	0.0005277573	0.0005238583	0.0005199938	0.0005161638	0.0005123662	0.0005085949
0.0008720773	0.0008718147	0.0008715738	0.0008713657	0.0008711941	0.0008710585	0.0008709583	0.0008708928	0.0008708620	0.0008708656	0.0008709037	0.0008709761	0.0008710827	0.0008712234	0.0008713981	0.0008716067	0.0008718491	0.0008721253	0.0008724352	0.0008727786	0.0008731555	0.0008735659	0.0008740096	0.0008744866	0.0008749968	0.0008755401	0.0008761166	0.0008767260	0.0008773685	0.0008780438	0.0008787520	0.0008794929	0.0008802665	0.0008810728	0.0008819116	0.0008827829	0.0008836867	0.0008846228	0.0008855911	0.0008865916	0.0008876241	0.0008886886	0.0008897850	0.0008909131	0.0008920728	0.0008932640	0.0008944865	0.0008957401	0.0008970244	0.0008983393	0.0008996851	0.0009010631	0.0009024752	0.0009039216	0.0009053957	0.0009068779	0.0009083356	0.0009097423	0.0009111311	0.0009126681	0.0009146806	0.0009175867	0.0009217380	0.0009271838	0.0009336578	0.0009407469	0.0009480740	0.0009554131	0.0009626714	0.0009698329	0.0009769104	0.0009839204	0.0009908735	0.0009977734	0.0010046195	0.0010114090	0.0010181381	0.0010248028	0.0010313990	0.0010379229	0.0010443708	0.0010507389	0.0010570238	0.0010632217	0.0010693291	0.0010753423	0.0010812578	0.0010870720	0.0010927811	0.0010983817	0.0011038702	0.0011092430	0.0011144966	0.0011196274	0.0011246320	0.0011295069	0.0011342486	0.0011388538	0.0011433191	0.0011476411	0.0011518166	0.0011558426	0.0011597158	0.0011634332	0.0011669919	0.0011703889	0.0011736215	0.0011766869	0.0011795824	0.0011823055	0.0011848536	0.0011872244	0.0011894157	0.0011914254	0.0011932513	0.0011948917	0.0011963446	0.0011976084	0.0011986815	0.0011995625	0.0012002500	0.0012007429	0.0012010401	0.0012011408	0.0012010442	0.0012007497	0.0012002568	0.0011995652	0.0011986747	0.0011975852	0.0011962968	0.0011948099	0.0011931247	0.0011912419	0.0011891621	0.0011868863	0.0011844153	0.0011817504	0.0011788927	0.0011758438	0.0011726051	0.0011691784	0.0011655656	0.0011617686	0.0011577895	0.0011536305	0.0011492941	0.0011447826	0.0011400987	0.0011352452	0.0011302249	0.0011250407	0.0011196957	0.0011141931	0.0011085360	0.0011027280	0.0010967723	0.0010906725	0.0010844321	0.0010780550	0.0010715447	0.0010649053	0.0010581404	0.0010512542	0.0010442504	0.0010371332	0.0010299067	0.0010225748	0.0010151419	0.0010076119	0.0009999891	0.0009922778	0.0009844820	0.0009766062	0.0009686543	0.0009606308	0.0009525397	0.0009443853	0.0009361718	0.0009279036	0.0009195850	0.0009112204	0.0009028143	0.0008943709	0.0008858938	0.0008773851	0.0008688442	0.0008602665	0.0008516438	0.0008429715	0.0008342641	0.0008255832	0.0008170671	0.0008089380	0.0008014297	0.0007946739	0.0007886190	0.0007830489	0.0007777205	0.0007724548	0.0007671658	0.0007618397	0.0007564935	0.0007511465	0.0007458103	0.0007404894	0.0007351849	0.0007298971	0.0007246265	0.0007193741	0.0007141411	0.0007089288	0.0007037381	0.0006985703	0.0006934262	0.0006883067	0.0006832129	0.0006781454	0.0006731051	0.0006680927	0.0006631089	0.0006581543	0.0006532296	0.0006483354	0.0006434721	0.0006386403	0.0006338403	0.0006290727	0.0006243379	0.0006196361	0.0006149677	0.0006103330	0.0006057322	0.0006011656	0.0005966334	0.0005921357	0.0005876727	0.0005832446	0.0005788514	0.0005744932	0.0005701701	0.0005658822	0.0005616294	0.0005574118	0.0005532294	0.0005490821	0.0005449700	0.0005408929	0.0005368507	0.0005328434	0.0005288709	0.0005249331	0.0005210301	0.0005171620	0.0005133289	0.0005095287	0.0005057550
0.0008653694	0.0008651268	0.0008649057	0.0008647175	0.0008645656	0.0008644498	0.0008643693	0.0008643236	0.0008643126	0.0008643361	0.0008643940	0.0008644863	0.0008646128	0.0008647735	0.0008649683	0.0008651971	0.0008654598	0.0008657563	0.0008660867	0.0008664507	0.0008668484	0.0008672797	0.0008677445	0.0008682427	0.0008687744	0.0008693394	0.0008699377	0.0008705693	0.0008712341	0.0008719320	0.0008726630	0.0008734271	0.0008742242	0.0008750543	0.0008759173	0.0008768131	0.0008777417	0.0008787030	0.0008796970	0.0008807236	0.0008817826	0.0008828741	0.0008839979	0.0008851540	0.0008863422	0.0008875624	0.0008888144	0.0008900978	0.0008914126	0.0008927593	0.0008941392	0.0008955547	0.0008970055	0.0008984828	0.0008999629	0.0009014099	0.0009028037	0.0009042027	0.0009058276	0.0009080816	0.0009114166	0.0009161055	0.0009220766	0.0009289523	0.0009362950	0.0009437738	0.0009512126	0.0009585573	0.0009658117	0.0009729954	0.0009801236	0.0009872035	0.0009942364	0.0010012199	0.0010081503	0.0010150234	0.0010218353	0.0010285819	0.0010352595	0.0010418644	0.0010483930	0.0010548417	0.0010612068	0.0010674847	0.0010736718	0.0010797644	0.0010857588	0.0010916513	0.0010974382	0.0011031160	0.0011086810	0.0011141295	0.0011194580	0.0011246629	0.0011297406	0.0011346876	0.0011395004	0.0011441755	0.0011487095	0.0011530990	0.0011573407	0.0011614315	0.0011653680	0.0011691474	0.0011727664	0.0011762222	0.0011795120	0.0011826328	0.0011855820	0.0011883569	0.0011909550	0.0011933738	0.0011956112	0.0011976648	0.0011995327	0.0012012129	0.0012027034	0.0012040027	0.0012051090	0.0012060209	0.0012067370	0.0012072561	0.0012075772	0.0012076993	0.0012076217	0.0012073437	0.0012068649	0.0012061849	0.0012053034	0.0012042204	0.0012029360	0.0012014505	0.0011997642	0.0011978777	0.0011957917	0.0011935071	0.0011910248	0.0011883461	0.0011854720	0.0011824043	0.0011791443	0.0011756938	0.0011720547	0.0011682291	0.0011642190	0.0011600266	0.0011556545	0.0011511051	0.0011463810	0.0011414851	0.0011364202	0.0011311894	0.0011257957	0.0011202424	0.0011145327	0.0011086700	0.0011026579	0.0010964998	0.0010901995	0.0010837607	0.0010771872	0.0010704829	0.0010636517	0.0010566977	0.0010496248	0.0010424372	0.0010351389	0.0010277342	0.0010202271	0.0010126221	0.0010049232	0.0009971348	0.0009892613	0.0009813068	0.0009732756	0.0009651721	0.0009570004	0.0009487648	0.0009404696	0.0009321191	0.0009237174	0.0009152690	0.0009067782	0.0008982495	0.0008896874	0.0008810960	0.0008724786	0.0008638362	0.0008551660	0.0008464609	0.0008377115	0.0008289193	0.0008201219	0.0008114293	0.0008030401	0.0007952008	0.0007881092	0.0007817815	0.0007760415	0.0007706294	0.0007653242	0.0007600095	0.0007546580	0.0007492840	0.0007439082	0.0007385445	0.0007331984	0.0007278714	0.0007225633	0.0007172747	0.0007120063	0.0007067595	0.0007015352	0.0006963347	0.0006911589	0.0006860086	0.0006808849	0.0006757884	0.0006707201	0.0006656806	0.0006606705	0.0006556907	0.0006507416	0.0006458238	0.0006409378	0.0006360842	0.0006312633	0.0006264756	0.0006217215	0.0006170012	0.0006123151	0.0006076635	0.0006030466	0.0005984646	0.0005939178	0.0005894062	0.0005849300	0.0005804894	0.0005760844	0.0005717151	0.0005673816	0.0005630838	0.0005588219	0.0005545957	0.0005504054	0.0005462507	0.0005421317	0.0005380484	0.0005340005	0.0005299881	0.0005260109	0.0005220689	0.0005181623	0.0005142911	0.0005104553	0.0005066528	0.0005028771
0.0008586106	0.0008583876	0.0008581860	0.0008580172	0.0008578847	0.0008577883	0.0008577272	0.0008577010	0.0008577093	0.0008577522	0.0008578295	0.0008579413	0.0008580874	0.0008582676	0.0008584821	0.0008587306	0.0008590131	0.0008593295	0.0008596799	0.0008600641	0.0008604820	0.0008609337	0.0008614191	0.0008619381	0.0008624907	0.0008630769	0.0008636966	0.0008643497	0.0008650363	0.0008657564	0.0008665098	0.0008672965	0.0008681165	0.0008689699	0.0008698564	0.0008707762	0.0008717291	0.0008727151	0.0008737341	0.0008747862	0.0008758712	0.0008769891	0.0008781398	0.0008793233	0.0008805394	0.0008817879	0.0008830686	0.0008843814	0.0008857268	0.0008871067	0.0008885233	0.0008899759	0.0008914533	0.0008929278	0.0008943621	0.0008957468	0.0008971725	0.0008989154	0.0009014363	0.0009051947	0.0009103772	0.0009167995	0.0009240074	0.0009315497	0.0009391427	0.0009466639	0.0009540907	0.0009614394	0.0009687301	0.0009759756	0.0009831798	0.0009903419	0.0009974582	0.0010045248	0.0010115374	0.0010184920	0.0010253847	0.0010322119	0.0010389699	0.0010456552	0.0010522640	0.0010587927	0.0010652377	0.0010715953	0.0010778617	0.0010840332	0.0010901061	0.0010960767	0.0011019413	0.0011076960	0.0011133372	0.0011188613	0.0011242645	0.0011295432	0.0011346938	0.0011397127	0.0011445964	0.0011493413	0.0011539440	0.0011584009	0.0011627088	0.0011668644	0.0011708644	0.0011747057	0.0011783852	0.0011818999	0.0011852469	0.0011884232	0.0011914262	0.0011942531	0.0011969013	0.0011993684	0.0012016520	0.0012037499	0.0012056599	0.0012073801	0.0012089086	0.0012102436	0.0012113834	0.0012123265	0.0012130715	0.0012136171	0.0012139624	0.0012141062	0.0012140480	0.0012137869	0.0012133225	0.0012126544	0.0012117823	0.0012107062	0.0012094262	0.0012079424	0.0012062554	0.0012043657	0.0012022739	0.0011999809	0.0011974878	0.0011947956	0.0011919057	0.0011888195	0.0011855387	0.0011820649	0.0011784000	0.0011745462	0.0011705056	0.0011662804	0.0011618731	0.0011572862	0.0011525225	0.0011475847	0.0011424757	0.0011371988	0.0011317569	0.0011261534	0.0011203915	0.0011144748	0.0011084067	0.0011021910	0.0010958313	0.0010893314	0.0010826952	0.0010759267	0.0010690298	0.0010620086	0.0010548672	0.0010476097	0.0010402404	0.0010327634	0.0010251830	0.0010175036	0.0010097293	0.0010018646	0.0009939139	0.0009858815	0.0009777717	0.0009695888	0.0009613373	0.0009530214	0.0009446454	0.0009362136	0.0009277302	0.0009191996	0.0009106259	0.0009020137	0.0008933672	0.0008846912	0.0008759899	0.0008672673	0.0008585259	0.0008497649	0.0008409783	0.0008321563	0.0008232924	0.0008144054	0.0008055745	0.0007969688	0.0007888439	0.0007814439	0.0007748490	0.0007689306	0.0007634227	0.0007580712	0.0007527303	0.0007473560	0.0007419572	0.0007365558	0.0007311676	0.0007257993	0.0007204524	0.0007151269	0.0007098230	0.0007045416	0.0006992836	0.0006940503	0.0006888426	0.0006836614	0.0006785078	0.0006733823	0.0006682859	0.0006632193	0.0006581831	0.0006531780	0.0006482046	0.0006432634	0.0006383549	0.0006334796	0.0006286379	0.0006238303	0.0006190570	0.0006143185	0.0006096150	0.0006049467	0.0006003139	0.0005957169	0.0005911557	0.0005866305	0.0005821414	0.0005776886	0.0005732722	0.0005688921	0.0005645485	0.0005602413	0.0005559705	0.0005517361	0.0005475382	0.0005433765	0.0005392511	0.0005351619	0.0005311087	0.0005270915	0.0005231101	0.0005191643	0.0005152544	0.0005113805	0.0005075424	0.0005037381	0.0004999608
0.0008518011	0.0008515972	0.0008514147	0.0008512650	0.0008511515	0.0008510741	0.0008510320	0.0008510247	0.0008510520	0.0008511139	0.0008512103	0.0008513411	0.0008515062	0.0008517056	0.0008519392	0.0008522070	0.0008525088	0.0008528447	0.0008532146	0.0008536185	0.0008540562	0.0008545278	0.0008550333	0.0008555726	0.0008561456	0.0008567524	0.0008573929	0.0008580672	0.0008587751	0.0008595166	0.0008602918	0.0008611006	0.0008619431	0.0008628191	0.0008637286	0.0008646717	0.0008656484	0.0008666585	0.0008677020	0.0008687790	0.0008698894	0.0008710331	0.0008722101	0.0008734204	0.0008746636	0.0008759397	0.0008772485	0.0008785908	0.0008799686	0.0008813843	0.0008828364	0.0008843112	0.0008857765	0.0008871944	0.0008885701	0.0008900353	0.0008919193	0.0008947267	0.0008989050	0.0009045426	0.0009113326	0.0009187916	0.0009264869	0.0009341737	0.0009417709	0.0009492789	0.0009567219	0.0009641191	0.0009714793	0.0009788041	0.0009860906	0.0009933350	0.0010005328	0.0010076799	0.0010147726	0.0010218070	0.0010287795	0.0010356865	0.0010425243	0.0010492893	0.0010559778	0.0010625862	0.0010691106	0.0010755473	0.0010818926	0.0010881427	0.0010942938	0.0011003421	0.0011062838	0.0011121151	0.0011178323	0.0011234315	0.0011289092	0.0011342615	0.0011394847	0.0011445754	0.0011495298	0.0011543444	0.0011590156	0.0011635400	0.0011679140	0.0011721344	0.0011761978	0.0011801011	0.0011838410	0.0011874146	0.0011908189	0.0011940509	0.0011971078	0.0011999868	0.0012026853	0.0012052007	0.0012075307	0.0012096730	0.0012116254	0.0012133859	0.0012149525	0.0012163234	0.0012174969	0.0012184715	0.0012192457	0.0012198182	0.0012201879	0.0012203539	0.0012203153	0.0012200714	0.0012196218	0.0012189659	0.0012181037	0.0012170349	0.0012157596	0.0012142781	0.0012125907	0.0012106982	0.0012086010	0.0012063002	0.0012037966	0.0012010915	0.0011981861	0.0011950820	0.0011917807	0.0011882841	0.0011845940	0.0011807125	0.0011766418	0.0011723843	0.0011679423	0.0011633185	0.0011585156	0.0011535365	0.0011483841	0.0011430615	0.0011375720	0.0011319189	0.0011261054	0.0011201353	0.0011140119	0.0011077391	0.0011013205	0.0010947602	0.0010880619	0.0010812298	0.0010742678	0.0010671801	0.0010599709	0.0010526443	0.0010452046	0.0010376561	0.0010300031	0.0010222500	0.0010144011	0.0010064609	0.0009984338	0.0009903242	0.0009821366	0.0009738753	0.0009655447	0.0009571492	0.0009486932	0.0009401810	0.0009316169	0.0009230053	0.0009143503	0.0009056563	0.0008969276	0.0008881685	0.0008793835	0.0008705772	0.0008617540	0.0008529172	0.0008440677	0.0008352018	0.0008263102	0.0008173816	0.0008084204	0.0007994801	0.0007907068	0.0007823481	0.0007746688	0.0007678153	0.0007617121	0.0007560984	0.0007506957	0.0007453292	0.0007399350	0.0007345149	0.0007290911	0.0007236814	0.0007182938	0.0007129301	0.0007075900	0.0007022738	0.0006969820	0.0006917158	0.0006864761	0.0006812640	0.0006760803	0.0006709259	0.0006658015	0.0006607078	0.0006556455	0.0006506153	0.0006456176	0.0006406531	0.0006357222	0.0006308255	0.0006259632	0.0006211358	0.0006163437	0.0006115871	0.0006068664	0.0006021817	0.0005975334	0.0005929215	0.0005883463	0.0005838078	0.0005793062	0.0005748416	0.0005704140	0.0005660235	0.0005616701	0.0005573538	0.0005530746	0.0005488324	0.0005446272	0.0005404589	0.0005363275	0.0005322328	0.0005281747	0.0005241531	0.0005201679	0.0005162188	0.0005123060	0.0005084298	0.0005045898	0.0005007840	0.0004970056
0.0008449406	0.0008447556	0.0008445918	0.0008444607	0.0008443659	0.0008443071	0.0008442835	0.0008442948	0.0008443407	0.0008444211	0.0008445361	0.0008446855	0.0008448692	0.0008450873	0.0008453397	0.0008456263	0.0008459470	0.0008463019	0.0008466908	0.0008471138	0.0008475709	0.0008480619	0.0008485869	0.0008491459	0.0008497389	0.0008503658	0.0008510266	0.0008517213	0.0008524499	0.0008532125	0.0008540089	0.0008548392	0.0008557035	0.0008566016	0.0008575336	0.0008584995	0.0008594992	0.0008605328	0.0008616003	0.0008627016	0.0008638367	0.0008650056	0.0008662083	0.0008674446	0.0008687142	0.0008700172	0.0008713544	0.0008727281	0.0008741407	0.0008755902	0.0008770604	0.0008785150	0.0008799142	0.0008812777	0.0008827825	0.0008848211	0.0008879199	0.0008924933	0.0008985390	0.0009056471	0.0009132989	0.0009211053	0.0009288683	0.0009365374	0.0009441276	0.0009516647	0.0009591659	0.0009666373	0.0009740778	0.0009814839	0.0009888510	0.0009961749	0.0010034517	0.0010106777	0.0010178491	0.0010249623	0.0010320138	0.0010389999	0.0010459169	0.0010527611	0.0010595287	0.0010662161	0.0010728194	0.0010793347	0.0010857584	0.0010920866	0.0010983154	0.0011044410	0.0011104594	0.0011163669	0.0011221596	0.0011278337	0.0011333854	0.0011388110	0.0011441067	0.0011492688	0.0011542937	0.0011591778	0.0011639174	0.0011685091	0.0011729491	0.0011772342	0.0011813610	0.0011853262	0.0011891266	0.0011927591	0.0011962207	0.0011995083	0.0012026192	0.0012055504	0.0012082992	0.0012108631	0.0012132397	0.0012154265	0.0012174215	0.0012192224	0.0012208273	0.0012222344	0.0012234419	0.0012244482	0.0012252518	0.0012258515	0.0012262460	0.0012264343	0.0012264157	0.0012261894	0.0012257549	0.0012251117	0.0012242596	0.0012231985	0.0012219283	0.0012204495	0.0012187623	0.0012168673	0.0012147652	0.0012124569	0.0012099433	0.0012072257	0.0012043054	0.0012011838	0.0011978626	0.0011943437	0.0011906288	0.0011867202	0.0011826201	0.0011783307	0.0011738546	0.0011691944	0.0011643529	0.0011593330	0.0011541377	0.0011487702	0.0011432337	0.0011375316	0.0011316672	0.0011256442	0.0011194662	0.0011131369	0.0011066603	0.0011000401	0.0010932805	0.0010863854	0.0010793591	0.0010722056	0.0010649292	0.0010575343	0.0010500249	0.0010424057	0.0010346808	0.0010268549	0.0010189322	0.0010109174	0.0010028148	0.0009946289	0.0009863643	0.0009780254	0.0009696166	0.0009611424	0.0009526073	0.0009440156	0.0009353718	0.0009266801	0.0009179450	0.0009091706	0.0009003613	0.0008915212	0.0008826547	0.0008737662	0.0008648602	0.0008559413	0.0008470135	0.0008380792	0.0008291365	0.0008201772	0.0008111883	0.0008021651	0.0007931425	0.0007842406	0.0007756849	0.0007677574	0.0007606627	0.0007543762	0.0007486525	0.0007431984	0.0007378088	0.0007323976	0.0007269592	0.0007215160	0.0007160879	0.0007106840	0.0007053064	0.0006999547	0.0006946290	0.0006893299	0.0006840582	0.0006788151	0.0006736015	0.0006684180	0.0006632656	0.0006581450	0.0006530567	0.0006480014	0.0006429796	0.0006379919	0.0006330388	0.0006281208	0.0006232381	0.0006183913	0.0006135805	0.0006088062	0.0006040685	0.0005993678	0.0005947041	0.0005900777	0.0005854888	0.0005809373	0.0005764235	0.0005719475	0.0005675091	0.0005631086	0.0005587458	0.0005544208	0.0005501335	0.0005458839	0.0005416719	0.0005374974	0.0005333604	0.0005292606	0.0005251980	0.0005211725	0.0005171838	0.0005132318	0.0005093166	0.0005054384	0.0005015971	0.0004977903	0.0004940111
0.0008380294	0.0008378628	0.0008377173	0.0008376044	0.0008375278	0.0008374872	0.0008374819	0.0008375113	0.0008375753	0.0008376739	0.0008378070	0.0008379745	0.0008381765	0.0008384128	0.0008386834	0.0008389883	0.0008393274	0.0008397008	0.0008401083	0.0008405500	0.0008410258	0.0008415357	0.0008420798	0.0008426580	0.0008432703	0.0008439167	0.0008445973	0.0008453120	0.0008460608	0.0008468437	0.0008476608	0.0008485121	0.0008493975	0.0008503171	0.0008512709	0.0008522590	0.0008532812	0.0008543377	0.0008554284	0.0008565534	0.0008577127	0.0008589062	0.0008601337	0.0008613952	0.0008626906	0.0008640208	0.0008653883	0.0008667957	0.0008682405	0.0008697044	0.0008711474	0.0008725292	0.0008738824	0.0008754238	0.0008776073	0.0008809893	0.0008859265	0.0008923245	0.0008996985	0.0009075108	0.0009154063	0.0009232342	0.0009309713	0.0009386420	0.0009462718	0.0009538741	0.0009614520	0.0009690031	0.0009765232	0.0009840078	0.0009914526	0.0009988540	0.0010062082	0.0010135117	0.0010207610	0.0010279523	0.0010350821	0.0010421466	0.0010491420	0.0010560647	0.0010629108	0.0010696765	0.0010763580	0.0010829514	0.0010894529	0.0010958586	0.0011021645	0.0011083668	0.0011144615	0.0011204446	0.0011263124	0.0011320609	0.0011376863	0.0011431848	0.0011485527	0.0011537860	0.0011588812	0.0011638346	0.0011686424	0.0011733011	0.0011778070	0.0011821567	0.0011863467	0.0011903737	0.0011942345	0.0011979259	0.0012014447	0.0012047880	0.0012079528	0.0012109362	0.0012137355	0.0012163480	0.0012187712	0.0012210027	0.0012230403	0.0012248818	0.0012265252	0.0012279687	0.0012292104	0.0012302486	0.0012310820	0.0012317090	0.0012321285	0.0012323396	0.0012323413	0.0012321329	0.0012317139	0.0012310837	0.0012302421	0.0012291890	0.0012279245	0.0012264486	0.0012247620	0.0012228650	0.0012207584	0.0012184431	0.0012159201	0.0012131905	0.0012102557	0.0012071171	0.0012037766	0.0012002358	0.0011964968	0.0011925616	0.0011884325	0.0011841118	0.0011796022	0.0011749063	0.0011700268	0.0011649667	0.0011597292	0.0011543173	0.0011487345	0.0011429840	0.0011370694	0.0011309943	0.0011247623	0.0011183773	0.0011118432	0.0011051640	0.0010983438	0.0010913866	0.0010842966	0.0010770781	0.0010697354	0.0010622728	0.0010546947	0.0010470055	0.0010392097	0.0010313117	0.0010233162	0.0010152275	0.0010070504	0.0009987892	0.0009904486	0.0009820330	0.0009735470	0.0009649951	0.0009563819	0.0009477117	0.0009389891	0.0009302184	0.0009214041	0.0009125505	0.0009036618	0.0008947423	0.0008857962	0.0008768277	0.0008678412	0.0008588411	0.0008498320	0.0008408184	0.0008318035	0.0008227872	0.0008137630	0.0008047185	0.0007956428	0.0007865552	0.0007775491	0.0007688292	0.0007606890	0.0007533763	0.0007469146	0.0007410854	0.0007355833	0.0007301728	0.0007247466	0.0007192921	0.0007138325	0.0007083891	0.0007029721	0.0006975836	0.0006922234	0.0006868913	0.0006815877	0.0006763136	0.0006710699	0.0006658575	0.0006606772	0.0006555296	0.0006504154	0.0006453351	0.0006402895	0.0006352788	0.0006303037	0.0006253646	0.0006204617	0.0006155956	0.0006107665	0.0006059747	0.0006012204	0.0005965038	0.0005918252	0.0005871847	0.0005825823	0.0005780183	0.0005734927	0.0005690055	0.0005645568	0.0005601466	0.0005557748	0.0005514415	0.0005471466	0.0005428900	0.0005386716	0.0005344913	0.0005303491	0.0005262447	0.0005221781	0.0005181490	0.0005141573	0.0005102029	0.0005062857	0.0005024061	0.0004985637	0.0004947563	0.0004909768
0.0008310674	0.0008309188	0.0008307912	0.0008306962	0.0008306374	0.0008306146	0.0008306270	0.0008306741	0.0008307558	0.0008308721	0.0008310229	0.0008312081	0.0008314278	0.0008316819	0.0008319703	0.0008322930	0.0008326501	0.0008330414	0.0008334669	0.0008339268	0.0008344208	0.0008349492	0.0008355118	0.0008361086	0.0008367397	0.0008374051	0.0008381049	0.0008388389	0.0008396073	0.0008404101	0.0008412472	0.0008421188	0.0008430248	0.0008439653	0.0008449403	0.0008459499	0.0008469940	0.0008480728	0.0008491861	0.0008503342	0.0008515168	0.0008527341	0.0008539857	0.0008552717	0.0008565932	0.0008579525	0.0008593527	0.0008607906	0.0008622462	0.0008636768	0.0008650425	0.0008663895	0.0008679717	0.0008702945	0.0008739339	0.0008791900	0.0008858831	0.0008934723	0.0009014147	0.0009093869	0.0009172759	0.0009250796	0.0009328287	0.0009405477	0.0009482467	0.0009559261	0.0009635824	0.0009712109	0.0009788074	0.0009863678	0.0009938885	0.0010013658	0.0010087964	0.0010161766	0.0010235028	0.0010307714	0.0010379786	0.0010451206	0.0010521938	0.0010591941	0.0010661180	0.0010729613	0.0010797204	0.0010863912	0.0010929698	0.0010994523	0.0011058347	0.0011121130	0.0011182833	0.0011243417	0.0011302840	0.0011361065	0.0011418052	0.0011473763	0.0011528158	0.0011581201	0.0011632852	0.0011683075	0.0011731833	0.0011779087	0.0011824803	0.0011868944	0.0011911474	0.0011952362	0.0011991572	0.0012029073	0.0012064833	0.0012098822	0.0012131009	0.0012161365	0.0012189863	0.0012216474	0.0012241173	0.0012263936	0.0012284739	0.0012303562	0.0012320383	0.0012335183	0.0012347943	0.0012358648	0.0012367280	0.0012373827	0.0012378276	0.0012380617	0.0012380840	0.0012378938	0.0012374906	0.0012368738	0.0012360431	0.0012349984	0.0012337398	0.0012322675	0.0012305818	0.0012286833	0.0012265726	0.0012242508	0.0012217187	0.0012189777	0.0012160289	0.0012128740	0.0012095146	0.0012059525	0.0012021898	0.0011982286	0.0011940712	0.0011897199	0.0011851773	0.0011804462	0.0011755294	0.0011704299	0.0011651508	0.0011596953	0.0011540667	0.0011482686	0.0011423045	0.0011361779	0.0011298928	0.0011234528	0.0011168621	0.0011101247	0.0011032446	0.0010962261	0.0010890733	0.0010817907	0.0010743826	0.0010668532	0.0010592072	0.0010514489	0.0010435830	0.0010356140	0.0010275464	0.0010193850	0.0010111342	0.0010027987	0.0009943831	0.0009858919	0.0009773298	0.0009687013	0.0009600110	0.0009512634	0.0009424630	0.0009336144	0.0009247221	0.0009157902	0.0009068234	0.0008978257	0.0008888014	0.0008797548	0.0008706900	0.0008616111	0.0008525227	0.0008434292	0.0008343352	0.0008252448	0.0008161592	0.0008070741	0.0007979774	0.0007888548	0.0007797127	0.0007706225	0.0007617705	0.0007534531	0.0007459493	0.0007393283	0.0007334020	0.0007278547	0.0007224239	0.0007169839	0.0007115159	0.0007060428	0.0007005873	0.0006951604	0.0006897643	0.0006843986	0.0006790631	0.0006737581	0.0006684845	0.0006632432	0.0006580350	0.0006528605	0.0006477205	0.0006426155	0.0006375461	0.0006325127	0.0006275158	0.0006225558	0.0006176330	0.0006127479	0.0006079007	0.0006030917	0.0005983211	0.0005935891	0.0005888958	0.0005842415	0.0005796262	0.0005750499	0.0005705129	0.0005660150	0.0005615563	0.0005571368	0.0005527565	0.0005484153	0.0005441132	0.0005398500	0.0005356256	0.0005314401	0.0005272931	0.0005231845	0.0005191143	0.0005150822	0.0005110880	0.0005071315	0.0005032128	0.0004993321	0.0004954892	0.0004916817	0.0004879023
0.0008240548	0.0008239238	0.0008238136	0.0008237361	0.0008236946	0.0008236891	0.0008237188	0.0008237832	0.0008238822	0.0008240158	0.0008241838	0.0008243863	0.0008246232	0.0008248946	0.0008252003	0.0008255404	0.0008259148	0.0008263236	0.0008267667	0.0008272442	0.0008277560	0.0008283022	0.0008288827	0.0008294977	0.0008301470	0.0008308308	0.0008315491	0.0008323020	0.0008330893	0.0008339113	0.0008347679	0.0008356592	0.0008365852	0.0008375459	0.0008385415	0.0008395720	0.0008406373	0.0008417376	0.0008428730	0.0008440433	0.0008452487	0.0008464888	0.0008477638	0.0008490746	0.0008504240	0.0008518149	0.0008532440	0.0008546899	0.0008561074	0.0008574574	0.0008587991	0.0008604206	0.0008628726	0.0008667464	0.0008722839	0.0008792152	0.0008869694	0.0008950131	0.0009030508	0.0009109974	0.0009188669	0.0009266926	0.0009344970	0.0009422874	0.0009500626	0.0009578183	0.0009655497	0.0009732524	0.0009809229	0.0009885574	0.0009961526	0.0010037050	0.0010112109	0.0010186668	0.0010260690	0.0010334138	0.0010406975	0.0010479163	0.0010550662	0.0010621435	0.0010691442	0.0010760644	0.0010829002	0.0010896476	0.0010963025	0.0011028611	0.0011093192	0.0011156730	0.0011219184	0.0011280513	0.0011340677	0.0011399636	0.0011457352	0.0011513783	0.0011568892	0.0011622639	0.0011674986	0.0011725895	0.0011775328	0.0011823247	0.0011869616	0.0011914398	0.0011957557	0.0011999059	0.0012038870	0.0012076957	0.0012113288	0.0012147832	0.0012180557	0.0012211435	0.0012240437	0.0012267534	0.0012292701	0.0012315912	0.0012337144	0.0012356375	0.0012373584	0.0012388751	0.0012401857	0.0012412885	0.0012421819	0.0012428645	0.0012433350	0.0012435923	0.0012436356	0.0012434639	0.0012430768	0.0012424737	0.0012416543	0.0012406185	0.0012393662	0.0012378978	0.0012362135	0.0012343139	0.0012321997	0.0012298718	0.0012273312	0.0012245792	0.0012216170	0.0012184461	0.0012150685	0.0012114857	0.0012077000	0.0012037134	0.0011995282	0.0011951469	0.0011905720	0.0011858064	0.0011808530	0.0011757146	0.0011703946	0.0011648962	0.0011592227	0.0011533778	0.0011473649	0.0011411877	0.0011348501	0.0011283561	0.0011217096	0.0011149147	0.0011079757	0.0011008967	0.0010936821	0.0010863362	0.0010788635	0.0010712684	0.0010635554	0.0010557291	0.0010477940	0.0010397549	0.0010316164	0.0010233832	0.0010150598	0.0010066511	0.0009981615	0.0009895959	0.0009809587	0.0009722547	0.0009634885	0.0009546647	0.0009457879	0.0009368625	0.0009278932	0.0009188844	0.0009098405	0.0009007659	0.0008916647	0.0008825413	0.0008733999	0.0008642444	0.0008550791	0.0008459083	0.0008367363	0.0008275679	0.0008184076	0.0008092576	0.0008001154	0.0007909698	0.0007818047	0.0007726171	0.0007634614	0.0007545071	0.0007460469	0.0007383792	0.0007316176	0.0007256034	0.0007200138	0.0007145640	0.0007091121	0.0007036331	0.0006981495	0.0006926852	0.0006872516	0.0006818511	0.0006764831	0.0006711472	0.0006658438	0.0006605737	0.0006553378	0.0006501366	0.0006449710	0.0006398414	0.0006347484	0.0006296924	0.0006246739	0.0006196933	0.0006147510	0.0006098472	0.0006049822	0.0006001564	0.0005953698	0.0005906226	0.0005859151	0.0005812474	0.0005766194	0.0005720314	0.0005674833	0.0005629751	0.0005585069	0.0005540786	0.0005496902	0.0005453415	0.0005410326	0.0005367633	0.0005325335	0.0005283430	0.0005241917	0.0005200795	0.0005160062	0.0005119714	0.0005079751	0.0005040171	0.0005000974	0.0004962162	0.0004923732	0.0004885660	0.0004847872
0.0008169915	0.0008168777	0.0008167846	0.0008167241	0.0008166995	0.0008167110	0.0008167575	0.0008168388	0.0008169546	0.0008171049	0.0008172897	0.0008175090	0.0008177627	0.0008180509	0.0008183734	0.0008187304	0.0008191217	0.0008195474	0.0008200076	0.0008205021	0.0008210311	0.0008215946	0.0008221925	0.0008228250	0.0008234920	0.0008241937	0.0008249300	0.0008257010	0.0008265067	0.0008273473	0.0008282227	0.0008291330	0.0008300784	0.0008310587	0.0008320742	0.0008331249	0.0008342108	0.0008353320	0.0008364886	0.0008376805	0.0008389076	0.0008401699	0.0008414685	0.0008428060	0.0008441857	0.0008456042	0.0008470391	0.0008484433	0.0008497779	0.0008511132	0.0008527663	0.0008553265	0.0008593977	0.0008651750	0.0008723097	0.0008801932	0.0008883137	0.0008964062	0.0009044066	0.0009123390	0.0009202382	0.0009281235	0.0009360001	0.0009438653	0.0009517144	0.0009595427	0.0009673460	0.0009751208	0.0009828637	0.0009905712	0.0009982398	0.0010058660	0.0010134462	0.0010209768	0.0010284540	0.0010358741	0.0010432332	0.0010505277	0.0010577535	0.0010649067	0.0010719834	0.0010789795	0.0010858911	0.0010927142	0.0010994447	0.0011060785	0.0011126117	0.0011190402	0.0011253599	0.0011315667	0.0011376566	0.0011436254	0.0011494692	0.0011551839	0.0011607655	0.0011662102	0.0011715140	0.0011766730	0.0011816835	0.0011865415	0.0011912434	0.0011957854	0.0012001639	0.0012043753	0.0012084162	0.0012122833	0.0012159733	0.0012194830	0.0012228093	0.0012259492	0.0012288997	0.0012316580	0.0012342215	0.0012365874	0.0012387536	0.0012407176	0.0012424774	0.0012440309	0.0012453762	0.0012465116	0.0012474353	0.0012481460	0.0012486424	0.0012489232	0.0012489877	0.0012488349	0.0012484642	0.0012478752	0.0012470675	0.0012460408	0.0012447954	0.0012433312	0.0012416487	0.0012397485	0.0012376313	0.0012352978	0.0012327492	0.0012299867	0.0012270116	0.0012238255	0.0012204301	0.0012168273	0.0012130191	0.0012090077	0.0012047954	0.0012003847	0.0011957783	0.0011909789	0.0011859895	0.0011808131	0.0011754529	0.0011699123	0.0011641947	0.0011583037	0.0011522428	0.0011460159	0.0011396268	0.0011330794	0.0011263780	0.0011195266	0.0011125296	0.0011053911	0.0010981156	0.0010907075	0.0010831712	0.0010755113	0.0010677324	0.0010598390	0.0010518360	0.0010437279	0.0010355195	0.0010272155	0.0010188207	0.0010103398	0.0010017775	0.0009931385	0.0009844275	0.0009756492	0.0009668084	0.0009579096	0.0009489575	0.0009399567	0.0009309119	0.0009218274	0.0009127077	0.0009035574	0.0008943806	0.0008851818	0.0008759651	0.0008667346	0.0008574945	0.0008482488	0.0008390016	0.0008297574	0.0008205207	0.0008112963	0.0008020872	0.0007928923	0.0007837019	0.0007744991	0.0007652743	0.0007560694	0.0007470378	0.0007384623	0.0007306572	0.0007237767	0.0007176877	0.0007120617	0.0007065957	0.0007011340	0.0006956463	0.0006901553	0.0006846855	0.0006792485	0.0006738468	0.0006684797	0.0006631466	0.0006578479	0.0006525843	0.0006473567	0.0006421656	0.0006370116	0.0006318952	0.0006268169	0.0006217771	0.0006167763	0.0006118146	0.0006068924	0.0006020100	0.0005971676	0.0005923654	0.0005876036	0.0005828822	0.0005782014	0.0005735613	0.0005689618	0.0005644031	0.0005598851	0.0005554078	0.0005509711	0.0005465750	0.0005422194	0.0005379042	0.0005336293	0.0005293944	0.0005251996	0.0005210445	0.0005169291	0.0005128531	0.0005088162	0.0005048184	0.0005008593	0.0004969390	0.0004930577	0.0004892152	0.0004854088	0.0004816311
0.0008098777	0.0008097807	0.0008097043	0.0008096603	0.0008096523	0.0008096801	0.0008097431	0.0008098407	0.0008099729	0.0008101395	0.0008103407	0.0008105763	0.0008108463	0.0008111507	0.0008114896	0.0008118629	0.0008122706	0.0008127128	0.0008131894	0.0008137005	0.0008142461	0.0008148263	0.0008154411	0.0008160906	0.0008167747	0.0008174936	0.0008182472	0.0008190358	0.0008198593	0.0008207178	0.0008216114	0.0008225401	0.0008235041	0.0008245034	0.0008255381	0.0008266083	0.0008277141	0.0008288555	0.0008300325	0.0008312451	0.0008324932	0.0008337779	0.0008351018	0.0008364684	0.0008378746	0.0008392974	0.0008406882	0.0008420078	0.0008433340	0.0008450073	0.0008476493	0.0008518751	0.0008578435	0.0008651444	0.0008731367	0.0008813209	0.0008894606	0.0008975109	0.0009055028	0.0009134708	0.0009214319	0.0009293889	0.0009373381	0.0009452745	0.0009531937	0.0009610917	0.0009689652	0.0009768106	0.0009846246	0.0009924038	0.0010001447	0.0010078436	0.0010154969	0.0010231010	0.0010306520	0.0010381463	0.0010455798	0.0010529489	0.0010602495	0.0010674776	0.0010746292	0.0010817003	0.0010886868	0.0010955846	0.0011023897	0.0011090980	0.0011157054	0.0011222078	0.0011286011	0.0011348811	0.0011410438	0.0011470848	0.0011530002	0.0011587858	0.0011644377	0.0011699518	0.0011753241	0.0011805508	0.0011856279	0.0011905516	0.0011953181	0.0011999235	0.0012043642	0.0012086366	0.0012127371	0.0012166624	0.0012204090	0.0012239739	0.0012273537	0.0012305456	0.0012335464	0.0012363532	0.0012389634	0.0012413742	0.0012435833	0.0012455883	0.0012473871	0.0012489775	0.0012503576	0.0012515257	0.0012524800	0.0012532190	0.0012537414	0.0012540460	0.0012541319	0.0012539983	0.0012536444	0.0012530697	0.0012522740	0.0012512570	0.0012500187	0.0012485592	0.0012468791	0.0012449787	0.0012428588	0.0012405203	0.0012379643	0.0012351918	0.0012322044	0.0012290036	0.0012255911	0.0012219688	0.0012181388	0.0012141033	0.0012098646	0.0012054253	0.0012007880	0.0011959555	0.0011909309	0.0011857172	0.0011803177	0.0011747357	0.0011689748	0.0011630385	0.0011569305	0.0011506547	0.0011442149	0.0011376153	0.0011308599	0.0011239530	0.0011168989	0.0011097019	0.0011023665	0.0010948972	0.0010872984	0.0010795748	0.0010717310	0.0010637718	0.0010557018	0.0010475259	0.0010392488	0.0010308753	0.0010224102	0.0010138584	0.0010052245	0.0009965134	0.0009877298	0.0009788786	0.0009699643	0.0009609919	0.0009519660	0.0009428911	0.0009337720	0.0009246133	0.0009154193	0.0009061946	0.0008969437	0.0008876708	0.0008783802	0.0008690762	0.0008597628	0.0008504441	0.0008411242	0.0008318070	0.0008224968	0.0008131981	0.0008039156	0.0007946532	0.0007854108	0.0007761804	0.0007669446	0.0007576900	0.0007484481	0.0007393565	0.0007306889	0.0007227750	0.0007158014	0.0007096543	0.0007040004	0.0006985218	0.0006930523	0.0006875585	0.0006820631	0.0006765910	0.0006711542	0.0006657546	0.0006603915	0.0006550643	0.0006497734	0.0006445194	0.0006393031	0.0006341249	0.0006289854	0.0006238851	0.0006188243	0.0006138034	0.0006088227	0.0006038825	0.0005989831	0.0005941245	0.0005893071	0.0005845309	0.0005797961	0.0005751027	0.0005704508	0.0005658404	0.0005612716	0.0005567442	0.0005522583	0.0005478137	0.0005434104	0.0005390484	0.0005347273	0.0005304472	0.0005262079	0.0005220091	0.0005178508	0.0005137327	0.0005096545	0.0005056161	0.0005016171	0.0004976575	0.0004937371	0.0004898563	0.0004860147	0.0004822097	0.0004784336
0.0008027133	0.0008026327	0.0008025726	0.0008025447	0.0008025528	0.0008025967	0.0008026757	0.0008027892	0.0008029372	0.0008031197	0.0008033367	0.0008035881	0.0008038739	0.0008041942	0.0008045489	0.0008049380	0.0008053616	0.0008058196	0.0008063122	0.0008068393	0.0008074010	0.0008079974	0.0008086284	0.0008092942	0.0008099948	0.0008107303	0.0008115008	0.0008123063	0.0008131469	0.0008140227	0.0008149338	0.0008158803	0.0008168623	0.0008178798	0.0008189330	0.0008200221	0.0008211470	0.0008223077	0.0008235043	0.0008247367	0.0008260059	0.0008273147	0.0008286664	0.0008300584	0.0008314682	0.0008328459	0.0008341507	0.0008354639	0.0008371431	0.0008398368	0.0008441731	0.0008502854	0.0008577159	0.0008657969	0.0008740362	0.0008822194	0.0008903167	0.0008983641	0.0009063960	0.0009144271	0.0009224583	0.0009304854	0.0009385031	0.0009465071	0.0009544938	0.0009624598	0.0009704018	0.0009783165	0.0009862004	0.0009940501	0.0010018619	0.0010096323	0.0010173575	0.0010250338	0.0010326575	0.0010402246	0.0010477315	0.0010551740	0.0010625482	0.0010698500	0.0010770755	0.0010842204	0.0010912808	0.0010982524	0.0011051312	0.0011119131	0.0011185939	0.0011251693	0.0011316354	0.0011379878	0.0011442223	0.0011503348	0.0011563211	0.0011621770	0.0011678984	0.0011734813	0.0011789216	0.0011842154	0.0011893586	0.0011943475	0.0011991781	0.0012038465	0.0012083490	0.0012126819	0.0012168417	0.0012208248	0.0012246279	0.0012282477	0.0012316809	0.0012349246	0.0012379755	0.0012408308	0.0012434876	0.0012459432	0.0012481952	0.0012502412	0.0012520790	0.0012537064	0.0012551214	0.0012563223	0.0012573073	0.0012580748	0.0012586235	0.0012589521	0.0012590597	0.0012589455	0.0012586086	0.0012580487	0.0012572654	0.0012562583	0.0012550276	0.0012535733	0.0012518959	0.0012499958	0.0012478738	0.0012455308	0.0012429678	0.0012401861	0.0012371869	0.0012339720	0.0012305430	0.0012269019	0.0012230507	0.0012189918	0.0012147274	0.0012102602	0.0012055927	0.0012007280	0.0011956690	0.0011904188	0.0011849808	0.0011793583	0.0011735550	0.0011675743	0.0011614202	0.0011550963	0.0011486069	0.0011419558	0.0011351475	0.0011281861	0.0011210760	0.0011138215	0.0011064273	0.0010988979	0.0010912377	0.0010834516	0.0010755441	0.0010675201	0.0010593845	0.0010511420	0.0010427974	0.0010343557	0.0010258217	0.0010172002	0.0010084960	0.0009997141	0.0009908593	0.0009819364	0.0009729502	0.0009639055	0.0009548071	0.0009456597	0.0009364678	0.0009272363	0.0009179695	0.0009086720	0.0008993484	0.0008900029	0.0008806400	0.0008712639	0.0008618788	0.0008524887	0.0008430978	0.0008337099	0.0008243291	0.0008149593	0.0008056049	0.0007962709	0.0007869613	0.0007776772	0.0007684117	0.0007591477	0.0007498690	0.0007405984	0.0007314608	0.0007227241	0.0007147307	0.0007076910	0.0007015042	0.0006958321	0.0006903451	0.0006848702	0.0006793728	0.0006738759	0.0006684051	0.0006629716	0.0006575775	0.0006522216	0.0006469036	0.0006416236	0.0006363822	0.0006311801	0.0006260178	0.0006208957	0.0006158143	0.0006107737	0.0006057744	0.0006008165	0.0005959004	0.0005910261	0.0005861939	0.0005814038	0.0005766560	0.0005719505	0.0005672873	0.0005626664	0.0005580879	0.0005535516	0.0005490576	0.0005446056	0.0005401957	0.0005358276	0.0005315013	0.0005272166	0.0005229732	0.0005187711	0.0005146100	0.0005104897	0.0005064099	0.0005023704	0.0004983709	0.0004944112	0.0004904913	0.0004866114	0.0004827713	0.0004789681	0.0004751942
0.0007954986	0.0007954339	0.0007953896	0.0007953776	0.0007954013	0.0007954608	0.0007955553	0.0007956843	0.0007958477	0.0007960455	0.0007962778	0.0007965445	0.0007968457	0.0007971813	0.0007975512	0.0007979557	0.0007983946	0.0007988680	0.0007993760	0.0007999185	0.0008004958	0.0008011077	0.0008017544	0.0008024360	0.0008031524	0.0008039039	0.0008046905	0.0008055123	0.0008063694	0.0008072619	0.0008081898	0.0008091534	0.0008101526	0.0008111877	0.0008122588	0.0008133659	0.0008145091	0.0008156883	0.0008169037	0.0008181559	0.0008194477	0.0008207828	0.0008221591	0.0008235549	0.0008249198	0.0008262100	0.0008275061	0.0008291749	0.0008318877	0.0008362894	0.0008425003	0.0008500272	0.0008581788	0.0008664655	0.0008746883	0.0008828295	0.0008909287	0.0008990194	0.0009071145	0.0009152137	0.0009233122	0.0009314049	0.0009394876	0.0009475568	0.0009556093	0.0009636418	0.0009716511	0.0009796336	0.0009875861	0.0009955048	0.0010033862	0.0010112266	0.0010190223	0.0010267696	0.0010344646	0.0010421034	0.0010496822	0.0010571968	0.0010646434	0.0010720178	0.0010793159	0.0010865336	0.0010936667	0.0011007112	0.0011076627	0.0011145171	0.0011212702	0.0011279178	0.0011344557	0.0011408796	0.0011471852	0.0011533683	0.0011594247	0.0011653501	0.0011711404	0.0011767913	0.0011822990	0.0011876592	0.0011928680	0.0011979214	0.0012028156	0.0012075465	0.0012121104	0.0012165034	0.0012207221	0.0012247627	0.0012286220	0.0012322964	0.0012357828	0.0012390779	0.0012421788	0.0012450823	0.0012477857	0.0012502861	0.0012525810	0.0012546679	0.0012565447	0.0012582091	0.0012596591	0.0012608929	0.0012619087	0.0012627048	0.0012632799	0.0012636328	0.0012637624	0.0012636678	0.0012633483	0.0012628035	0.0012620328	0.0012610361	0.0012598133	0.0012583646	0.0012566904	0.0012547912	0.0012526676	0.0012503206	0.0012477512	0.0012449607	0.0012419505	0.0012387220	0.0012352772	0.0012316180	0.0012277464	0.0012236647	0.0012193754	0.0012148810	0.0012101843	0.0012052880	0.0012001954	0.0011949096	0.0011894340	0.0011837720	0.0011779271	0.0011719030	0.0011657037	0.0011593329	0.0011527947	0.0011460933	0.0011392331	0.0011322182	0.0011250532	0.0011177425	0.0011102906	0.0011027021	0.0010949818	0.0010871343	0.0010791644	0.0010710770	0.0010628770	0.0010545692	0.0010461585	0.0010376499	0.0010290482	0.0010203584	0.0010115855	0.0010027342	0.0009938096	0.0009848164	0.0009757597	0.0009666442	0.0009574748	0.0009482563	0.0009389933	0.0009296905	0.0009203525	0.0009109838	0.0009015891	0.0008921727	0.0008827390	0.0008732924	0.0008638372	0.0008543774	0.0008449171	0.0008354604	0.0008260111	0.0008165730	0.0008071501	0.0007977467	0.0007883676	0.0007790172	0.0007696972	0.0007604018	0.0007511144	0.0007418166	0.0007325245	0.0007233540	0.0007145700	0.0007065251	0.0006994462	0.0006932393	0.0006875594	0.0006820686	0.0006765907	0.0006710921	0.0006655971	0.0006601308	0.0006547043	0.0006493189	0.0006439735	0.0006386678	0.0006334018	0.0006281761	0.0006229913	0.0006178478	0.0006127459	0.0006076861	0.0006026685	0.0005976934	0.0005927610	0.0005878714	0.0005830248	0.0005782213	0.0005734609	0.0005687437	0.0005640697	0.0005594389	0.0005548512	0.0005503066	0.0005458049	0.0005413461	0.0005369300	0.0005325565	0.0005282254	0.0005239366	0.0005196898	0.0005154849	0.0005113215	0.0005071995	0.0005031186	0.0004990786	0.0004950791	0.0004911200	0.0004872011	0.0004833227	0.0004794845	0.0004756838	0.0004719125
0.0007882335	0.0007881844	0.0007881556	0.0007881588	0.0007881978	0.0007882725	0.0007883820	0.0007885260	0.0007887043	0.0007889171	0.0007891642	0.0007894457	0.0007897616	0.0007901120	0.0007904967	0.0007909160	0.0007913697	0.0007918579	0.0007923807	0.0007929381	0.0007935303	0.0007941572	0.0007948190	0.0007955157	0.0007962475	0.0007970143	0.0007978164	0.0007986539	0.0007995267	0.0008004352	0.0008013793	0.0008023592	0.0008033750	0.0008044270	0.0008055151	0.0008066395	0.0008078001	0.0008089970	0.0008102309	0.0008115043	0.0008128210	0.0008141799	0.0008155607	0.0008169131	0.0008181894	0.0008194642	0.0008211060	0.0008238037	0.0008282246	0.0008344899	0.0008420825	0.0008502889	0.0008586164	0.0008668752	0.0008750563	0.0008832025	0.0008913464	0.0008994994	0.0009076603	0.0009158240	0.0009239854	0.0009321405	0.0009402860	0.0009484186	0.0009565354	0.0009646329	0.0009727079	0.0009807568	0.0009887762	0.0009967625	0.0010047120	0.0010126210	0.0010204858	0.0010283026	0.0010360676	0.0010437767	0.0010514260	0.0010590115	0.0010665291	0.0010739748	0.0010813443	0.0010886335	0.0010958383	0.0011029544	0.0011099775	0.0011169034	0.0011237278	0.0011304465	0.0011370552	0.0011435496	0.0011499253	0.0011561782	0.0011623038	0.0011682978	0.0011741561	0.0011798744	0.0011854486	0.0011908746	0.0011961483	0.0012012657	0.0012062228	0.0012110157	0.0012156404	0.0012200932	0.0012243703	0.0012284681	0.0012323830	0.0012361118	0.0012396510	0.0012429975	0.0012461480	0.0012490996	0.0012518493	0.0012543943	0.0012567320	0.0012588598	0.0012607755	0.0012624769	0.0012639620	0.0012652287	0.0012662754	0.0012671003	0.0012677020	0.0012680793	0.0012682311	0.0012681565	0.0012678547	0.0012673252	0.0012665676	0.0012655816	0.0012643672	0.0012629245	0.0012612540	0.0012593560	0.0012572313	0.0012548809	0.0012523057	0.0012495070	0.0012464863	0.0012432450	0.0012397850	0.0012361083	0.0012322171	0.0012281135	0.0012238000	0.0012192792	0.0012145540	0.0012096272	0.0012045019	0.0011991814	0.0011936690	0.0011879683	0.0011820829	0.0011760165	0.0011697729	0.0011633562	0.0011567705	0.0011500199	0.0011431088	0.0011360417	0.0011288229	0.0011214570	0.0011139487	0.0011063025	0.0010985232	0.0010906157	0.0010825847	0.0010744351	0.0010661720	0.0010578003	0.0010493249	0.0010407508	0.0010320830	0.0010233264	0.0010144861	0.0010055669	0.0009965740	0.0009875122	0.0009783865	0.0009692018	0.0009599631	0.0009506750	0.0009413424	0.0009319699	0.0009225624	0.0009131242	0.0009036601	0.0008941745	0.0008846718	0.0008751565	0.0008656328	0.0008561049	0.0008465770	0.0008370532	0.0008275372	0.0008180331	0.0008085444	0.0007990751	0.0007896293	0.0007802116	0.0007708268	0.0007614771	0.0007521574	0.0007428516	0.0007335397	0.0007242330	0.0007150416	0.0007062304	0.0006981607	0.0006910697	0.0006848627	0.0006791858	0.0006736955	0.0006682171	0.0006627199	0.0006572299	0.0006517718	0.0006463556	0.0006409823	0.0006356507	0.0006303604	0.0006251115	0.0006199045	0.0006147399	0.0006096181	0.0006045394	0.0005995039	0.0005945120	0.0005895638	0.0005846593	0.0005797989	0.0005749824	0.0005702100	0.0005654817	0.0005607974	0.0005561571	0.0005515607	0.0005470083	0.0005424995	0.0005380344	0.0005336127	0.0005292343	0.0005248991	0.0005206067	0.0005163570	0.0005121498	0.0005079847	0.0005038617	0.0004997803	0.0004957403	0.0004917413	0.0004877832	0.0004838659	0.0004799896	0.0004761540	0.0004723562	0.0004685881
0.0007809183	0.0007808843	0.0007808705	0.0007808887	0.0007809425	0.0007810318	0.0007811559	0.0007813145	0.0007815073	0.0007817344	0.0007819959	0.0007822917	0.0007826219	0.0007829865	0.0007833855	0.0007838189	0.0007842869	0.0007847893	0.0007853264	0.0007858982	0.0007865047	0.0007871460	0.0007878222	0.0007885335	0.0007892798	0.0007900614	0.0007908784	0.0007917308	0.0007926188	0.0007935425	0.0007945021	0.0007954976	0.0007965294	0.0007975974	0.0007987018	0.0007998426	0.0008010198	0.0008022340	0.0008034876	0.0008047843	0.0008061241	0.0008074886	0.0008088288	0.0008100923	0.0008113428	0.0008129415	0.0008155894	0.0008199824	0.0008262581	0.0008338869	0.0008421337	0.0008504962	0.0008587874	0.0008670042	0.0008751921	0.0008833832	0.0008915879	0.0008998042	0.0009080266	0.0009162503	0.0009244714	0.0009326867	0.0009408933	0.0009490878	0.0009572672	0.0009654282	0.0009735672	0.0009816809	0.0009897657	0.0009978179	0.0010058339	0.0010138101	0.0010217425	0.0010296273	0.0010374606	0.0010452385	0.0010529569	0.0010606118	0.0010681991	0.0010757147	0.0010831543	0.0010905139	0.0010977890	0.0011049755	0.0011120690	0.0011190652	0.0011259598	0.0011327485	0.0011394269	0.0011459907	0.0011524356	0.0011587571	0.0011649510	0.0011710128	0.0011769382	0.0011827231	0.0011883630	0.0011938540	0.0011991919	0.0012043726	0.0012093920	0.0012142462	0.0012189313	0.0012234432	0.0012277782	0.0012319327	0.0012359030	0.0012396856	0.0012432773	0.0012466747	0.0012498747	0.0012528741	0.0012556699	0.0012582593	0.0012606396	0.0012628083	0.0012647629	0.0012665013	0.0012680213	0.0012693211	0.0012703987	0.0012712525	0.0012718810	0.0012722829	0.0012724571	0.0012724026	0.0012721188	0.0012716050	0.0012708607	0.0012698859	0.0012686802	0.0012672440	0.0012655776	0.0012636814	0.0012615562	0.0012592029	0.0012566224	0.0012538162	0.0012507856	0.0012475321	0.0012440577	0.0012403643	0.0012364541	0.0012323293	0.0012279925	0.0012234463	0.0012186934	0.0012137368	0.0012085798	0.0012032255	0.0011976775	0.0011919391	0.0011860142	0.0011799065	0.0011736198	0.0011671583	0.0011605260	0.0011537274	0.0011467667	0.0011396485	0.0011323772	0.0011249575	0.0011173939	0.0011096913	0.0011018545	0.0010938882	0.0010857974	0.0010775872	0.0010692625	0.0010608283	0.0010522896	0.0010436515	0.0010349191	0.0010260972	0.0010171911	0.0010082057	0.0009991461	0.0009900173	0.0009808243	0.0009715720	0.0009622655	0.0009529096	0.0009435091	0.0009340688	0.0009245933	0.0009150875	0.0009055558	0.0008960027	0.0008864329	0.0008768506	0.0008672603	0.0008576662	0.0008480725	0.0008384833	0.0008289025	0.0008193341	0.0008097818	0.0008002492	0.0007907402	0.0007812587	0.0007718093	0.0007623967	0.0007530236	0.0007436855	0.0007343667	0.0007250457	0.0007157307	0.0007065297	0.0006977102	0.0006896422	0.0006825661	0.0006763787	0.0006707150	0.0006652294	0.0006597526	0.0006542597	0.0006487781	0.0006433316	0.0006379292	0.0006325713	0.0006272567	0.0006219850	0.0006167563	0.0006115711	0.0006064297	0.0006013325	0.0005962796	0.0005912713	0.0005863077	0.0005813890	0.0005765151	0.0005716862	0.0005669023	0.0005621633	0.0005574693	0.0005528201	0.0005482157	0.0005436559	0.0005391407	0.0005346698	0.0005302431	0.0005258604	0.0005215215	0.0005172262	0.0005129742	0.0005087652	0.0005045991	0.0005004756	0.0004963942	0.0004923548	0.0004883570	0.0004844006	0.0004804854	0.0004766117	0.0004727792	0.0004689849	0.0004652206
0.0007735530	0.0007735338	0.0007735345	0.0007735672	0.0007736353	0.0007737389	0.0007738772	0.0007740498	0.0007742566	0.0007744976	0.0007747729	0.0007750825	0.0007754265	0.0007758048	0.0007762175	0.0007766646	0.0007771462	0.0007776624	0.0007782132	0.0007787986	0.0007794189	0.0007800740	0.0007807641	0.0007814892	0.0007822496	0.0007830453	0.0007838764	0.0007847431	0.0007856456	0.0007865839	0.0007875582	0.0007885687	0.0007896155	0.0007906989	0.0007918187	0.0007929750	0.0007941683	0.0007954007	0.0007966761	0.0007979952	0.0007993422	0.0008006701	0.0008019225	0.0008031472	0.0008046888	0.0008072528	0.0008115699	0.0008178111	0.0008254468	0.0008337200	0.0008421118	0.0008504321	0.0008586804	0.0008669044	0.0008751366	0.0008833864	0.0008916515	0.0008999262	0.0009082057	0.0009164864	0.0009247652	0.0009330390	0.0009413049	0.0009495597	0.0009578001	0.0009660226	0.0009742240	0.0009824007	0.0009905492	0.0009986657	0.0010067467	0.0010147882	0.0010227866	0.0010307378	0.0010386380	0.0010464831	0.0010542690	0.0010619918	0.0010696474	0.0010772314	0.0010847398	0.0010921682	0.0010995124	0.0011067680	0.0011139306	0.0011209959	0.0011279594	0.0011348169	0.0011415639	0.0011481960	0.0011547088	0.0011610980	0.0011673591	0.0011734877	0.0011794793	0.0011853297	0.0011910346	0.0011965898	0.0012019911	0.0012072343	0.0012123153	0.0012172302	0.0012219748	0.0012265453	0.0012309377	0.0012351483	0.0012391734	0.0012430096	0.0012466533	0.0012501013	0.0012533503	0.0012563972	0.0012592390	0.0012618726	0.0012642954	0.0012665047	0.0012684981	0.0012702734	0.0012718284	0.0012731612	0.0012742698	0.0012751526	0.0012758080	0.0012762346	0.0012764314	0.0012763973	0.0012761317	0.0012756338	0.0012749033	0.0012739399	0.0012727434	0.0012713141	0.0012696522	0.0012677583	0.0012656331	0.0012632774	0.0012606924	0.0012578792	0.0012548394	0.0012515745	0.0012480864	0.0012443770	0.0012404486	0.0012363036	0.0012319442	0.0012273733	0.0012225937	0.0012176084	0.0012124206	0.0012070336	0.0012014508	0.0011956759	0.0011897125	0.0011835646	0.0011772360	0.0011707308	0.0011640533	0.0011572078	0.0011501988	0.0011430307	0.0011357083	0.0011282360	0.0011206186	0.0011128610	0.0011049679	0.0010969443	0.0010887953	0.0010805258	0.0010721410	0.0010636459	0.0010550455	0.0010463450	0.0010375495	0.0010286641	0.0010196938	0.0010106438	0.0010015192	0.0009923250	0.0009830665	0.0009737485	0.0009643760	0.0009549540	0.0009454874	0.0009359810	0.0009264395	0.0009168677	0.0009072703	0.0008976517	0.0008880166	0.0008783693	0.0008687144	0.0008590560	0.0008493984	0.0008397458	0.0008301021	0.0008204713	0.0008108573	0.0008012636	0.0007916940	0.0007821520	0.0007726416	0.0007631672	0.0007537336	0.0007443436	0.0007349934	0.0007256669	0.0007163418	0.0007070248	0.0006978248	0.0006890160	0.0006809758	0.0006739415	0.0006677929	0.0006621517	0.0006566740	0.0006512010	0.0006457152	0.0006402454	0.0006348141	0.0006294289	0.0006240897	0.0006187953	0.0006135454	0.0006083400	0.0006031795	0.0005980642	0.0005929944	0.0005879703	0.0005829919	0.0005780593	0.0005731726	0.0005683318	0.0005635369	0.0005587879	0.0005540846	0.0005494271	0.0005448152	0.0005402487	0.0005357275	0.0005312515	0.0005268204	0.0005224340	0.0005180921	0.0005137944	0.0005095407	0.0005053307	0.0005011641	0.0004970406	0.0004929599	0.0004889217	0.0004849257	0.0004809715	0.0004770591	0.0004731886	0.0004693598	0.0004655696	0.0004618096
0.0007661378	0.0007661329	0.0007661478	0.0007661945	0.0007662766	0.0007663940	0.0007665459	0.0007667321	0.0007669524	0.0007672069	0.0007674955	0.0007678184	0.0007681756	0.0007685671	0.0007689929	0.0007694531	0.0007699479	0.0007704771	0.0007710410	0.0007716396	0.0007722730	0.0007729413	0.0007736446	0.0007743830	0.0007751567	0.0007759658	0.0007768105	0.0007776908	0.0007786070	0.0007795591	0.0007805475	0.0007815722	0.0007826334	0.0007837311	0.0007848654	0.0007860367	0.0007872468	0.0007884995	0.0007897965	0.0007911249	0.0007924407	0.0007936839	0.0007948836	0.0007963570	0.0007988051	0.0008029973	0.0008091571	0.0008167692	0.0008250547	0.0008334705	0.0008418164	0.0008500918	0.0008583464	0.0008666132	0.0008749018	0.0008832091	0.0008915295	0.0008998583	0.0009081920	0.0009165276	0.0009248622	0.0009331928	0.0009415163	0.0009498294	0.0009581289	0.0009664113	0.0009746732	0.0009829112	0.0009911215	0.0009993006	0.0010074447	0.0010155500	0.0010236125	0.0010316284	0.0010395937	0.0010475044	0.0010553564	0.0010631456	0.0010708678	0.0010785188	0.0010860944	0.0010935903	0.0011010021	0.0011083253	0.0011155556	0.0011226886	0.0011297198	0.0011366447	0.0011434590	0.0011501582	0.0011567379	0.0011631935	0.0011695207	0.0011757150	0.0011817718	0.0011876869	0.0011934558	0.0011990742	0.0012045380	0.0012098429	0.0012149848	0.0012199595	0.0012247631	0.0012293914	0.0012338406	0.0012381067	0.0012421861	0.0012460752	0.0012497705	0.0012532687	0.0012565664	0.0012596605	0.0012625478	0.0012652254	0.0012676904	0.0012699402	0.0012719723	0.0012737844	0.0012753744	0.0012767401	0.0012778798	0.0012787916	0.0012794739	0.0012799254	0.0012801449	0.0012801314	0.0012798842	0.0012794026	0.0012786861	0.0012777345	0.0012765476	0.0012751256	0.0012734688	0.0012715777	0.0012694530	0.0012670955	0.0012645065	0.0012616871	0.0012586387	0.0012553631	0.0012518620	0.0012481375	0.0012441918	0.0012400272	0.0012356462	0.0012310516	0.0012262462	0.0012212332	0.0012160156	0.0012105969	0.0012049805	0.0011991701	0.0011931695	0.0011869825	0.0011806131	0.0011740655	0.0011673440	0.0011604529	0.0011533969	0.0011461804	0.0011388081	0.0011312847	0.0011236149	0.0011158037	0.0011078559	0.0010997766	0.0010915708	0.0010832437	0.0010748003	0.0010662459	0.0010575854	0.0010488242	0.0010399673	0.0010310199	0.0010219873	0.0010128744	0.0010036866	0.0009944290	0.0009851067	0.0009757247	0.0009662882	0.0009568021	0.0009472712	0.0009377006	0.0009280950	0.0009184592	0.0009087980	0.0008991158	0.0008894174	0.0008797072	0.0008699896	0.0008602690	0.0008505496	0.0008408355	0.0008311309	0.0008214398	0.0008117660	0.0008021133	0.0007924853	0.0007828855	0.0007733175	0.0007637850	0.0007542925	0.0007448447	0.0007354445	0.0007260883	0.0007167597	0.0007074356	0.0006981226	0.0006889344	0.0006801552	0.0006721696	0.0006652039	0.0006591121	0.0006535008	0.0006480334	0.0006425662	0.0006370904	0.0006316358	0.0006262232	0.0006208585	0.0006155413	0.0006102704	0.0006050453	0.0005998663	0.0005947335	0.0005896473	0.0005846078	0.0005796151	0.0005746692	0.0005697702	0.0005649181	0.0005601128	0.0005553543	0.0005506425	0.0005459772	0.0005413584	0.0005367859	0.0005322594	0.0005277788	0.0005233439	0.0005189544	0.0005146101	0.0005103107	0.0005060559	0.0005018455	0.0004976790	0.0004935563	0.0004894769	0.0004854405	0.0004814468	0.0004774955	0.0004735864	0.0004697198	0.0004658952	0.0004621098	0.0004583547
0.0007586728	0.0007586818	0.0007587105	0.0007587708	0.0007588663	0.0007589971	0.0007591623	0.0007593616	0.0007595949	0.0007598623	0.0007601638	0.0007604995	0.0007608693	0.0007612734	0.0007617119	0.0007621847	0.0007626919	0.0007632337	0.0007638101	0.0007644212	0.0007650671	0.0007657480	0.0007664639	0.0007672149	0.0007680013	0.0007688232	0.0007696806	0.0007705739	0.0007715031	0.0007724684	0.0007734700	0.0007745082	0.0007755828	0.0007766941	0.0007778422	0.0007790289	0.0007802575	0.0007815308	0.0007828390	0.0007841428	0.0007853798	0.0007865586	0.0007879578	0.0007902607	0.0007942784	0.0008003067	0.0008078624	0.0008161454	0.0008245797	0.0008329477	0.0008412458	0.0008495252	0.0008578205	0.0008661410	0.0008744840	0.0008828435	0.0008912151	0.0008995952	0.0009079810	0.0009163696	0.0009247582	0.0009331436	0.0009415227	0.0009498923	0.0009582489	0.0009665892	0.0009749098	0.0009832071	0.0009914775	0.0009997172	0.0010079226	0.0010160897	0.0010242147	0.0010322935	0.0010403222	0.0010482968	0.0010562131	0.0010640669	0.0010718542	0.0010795706	0.0010872119	0.0010947736	0.0011022514	0.0011096408	0.0011169373	0.0011241366	0.0011312340	0.0011382251	0.0011451054	0.0011518704	0.0011585156	0.0011650364	0.0011714285	0.0011776873	0.0011838083	0.0011897869	0.0011956188	0.0012012996	0.0012068249	0.0012121906	0.0012173925	0.0012224262	0.0012272879	0.0012319733	0.0012364785	0.0012407995	0.0012449327	0.0012488742	0.0012526206	0.0012561684	0.0012595143	0.0012626552	0.0012655877	0.0012683090	0.0012708159	0.0012731060	0.0012751766	0.0012770253	0.0012786501	0.0012800488	0.0012812194	0.0012821602	0.0012828695	0.0012833460	0.0012835884	0.0012835957	0.0012833671	0.0012829020	0.0012821999	0.0012812604	0.0012800835	0.0012786693	0.0012770180	0.0012751302	0.0012730065	0.0012706479	0.0012680555	0.0012652305	0.0012621744	0.0012588887	0.0012553755	0.0012516366	0.0012476744	0.0012434912	0.0012390896	0.0012344723	0.0012296421	0.0012246023	0.0012193560	0.0012139066	0.0012082578	0.0012024131	0.0011963764	0.0011901516	0.0011837427	0.0011771540	0.0011703898	0.0011634546	0.0011563529	0.0011490894	0.0011416687	0.0011340956	0.0011263749	0.0011185117	0.0011105107	0.0011023772	0.0010941164	0.0010857332	0.0010772330	0.0010686209	0.0010599021	0.0010510819	0.0010421654	0.0010331579	0.0010240646	0.0010148908	0.0010056417	0.0009963225	0.0009869383	0.0009774944	0.0009679958	0.0009584474	0.0009488544	0.0009392216	0.0009295539	0.0009198561	0.0009101331	0.0009003894	0.0008906298	0.0008808587	0.0008710806	0.0008612999	0.0008515208	0.0008417475	0.0008319841	0.0008222348	0.0008125033	0.0008027936	0.0007931092	0.0007834539	0.0007738309	0.0007642438	0.0007546962	0.0007451925	0.0007357373	0.0007263337	0.0007169778	0.0007076527	0.0006983346	0.0006890319	0.0006798664	0.0006711367	0.0006632336	0.0006563631	0.0006503435	0.0006447669	0.0006393107	0.0006338512	0.0006283887	0.0006229532	0.0006175628	0.0006122221	0.0006069302	0.0006016859	0.0005964888	0.0005913391	0.0005862370	0.0005811827	0.0005761763	0.0005712177	0.0005663070	0.0005614442	0.0005566291	0.0005518618	0.0005471420	0.0005424697	0.0005378446	0.0005332666	0.0005287355	0.0005242510	0.0005198130	0.0005154211	0.0005110750	0.0005067745	0.0005025193	0.0004983090	0.0004941433	0.0004900220	0.0004859445	0.0004819106	0.0004779199	0.0004739721	0.0004700670	0.0004662048	0.0004623852	0.0004586050	0.0004548555
0.0007511583	0.0007511807	0.0007512227	0.0007512962	0.0007514048	0.0007515484	0.0007517264	0.0007519383	0.0007521842	0.0007524640	0.0007527779	0.0007531258	0.0007535078	0.0007539240	0.0007543745	0.0007548593	0.0007553785	0.0007559322	0.0007565205	0.0007571435	0.0007578013	0.0007584941	0.0007592219	0.0007599850	0.0007607834	0.0007616173	0.0007624869	0.0007633923	0.0007643338	0.0007653116	0.0007663258	0.0007673764	0.0007684637	0.0007695878	0.0007707500	0.0007719534	0.0007732013	0.0007744874	0.0007757774	0.0007770097	0.0007781733	0.0007795008	0.0007816366	0.0007854303	0.0007912731	0.0007987358	0.0008069997	0.0008154467	0.0008238336	0.0008321500	0.0008404486	0.0008487657	0.0008571117	0.0008654837	0.0008738758	0.0008822834	0.0008907032	0.0008991324	0.0009075683	0.0009160081	0.0009244486	0.0009328868	0.0009413195	0.0009497434	0.0009581552	0.0009665515	0.0009749287	0.0009832834	0.0009916118	0.0009999103	0.0010081749	0.0010164020	0.0010245874	0.0010327273	0.0010408176	0.0010488543	0.0010568331	0.0010647500	0.0010726006	0.0010803807	0.0010880858	0.0010957117	0.0011032539	0.0011107079	0.0011180691	0.0011253331	0.0011324952	0.0011395510	0.0011464958	0.0011533252	0.0011600346	0.0011666195	0.0011730752	0.0011793973	0.0011855812	0.0011916222	0.0011975160	0.0012032580	0.0012088439	0.0012142694	0.0012195302	0.0012246222	0.0012295411	0.0012342828	0.0012388433	0.0012432185	0.0012474046	0.0012513979	0.0012551948	0.0012587918	0.0012621855	0.0012653727	0.0012683500	0.0012711145	0.0012736631	0.0012759931	0.0012781019	0.0012799871	0.0012816464	0.0012830779	0.0012842795	0.0012852493	0.0012859857	0.0012864872	0.0012867527	0.0012867810	0.0012865713	0.0012861230	0.0012854355	0.0012845086	0.0012833420	0.0012819360	0.0012802907	0.0012784067	0.0012762846	0.0012739255	0.0012713304	0.0012685004	0.0012654372	0.0012621423	0.0012586176	0.0012548653	0.0012508875	0.0012466866	0.0012422653	0.0012376262	0.0012327724	0.0012277068	0.0012224330	0.0012169542	0.0012112741	0.0012053963	0.0011993248	0.0011930634	0.0011866164	0.0011799879	0.0011731824	0.0011662045	0.0011590586	0.0011517495	0.0011442820	0.0011366607	0.0011288908	0.0011209771	0.0011129246	0.0011047387	0.0010964244	0.0010879870	0.0010794317	0.0010707637	0.0010619884	0.0010531110	0.0010441368	0.0010350710	0.0010259190	0.0010166862	0.0010073777	0.0009979989	0.0009885549	0.0009790510	0.0009694923	0.0009598839	0.0009502307	0.0009405378	0.0009308102	0.0009210526	0.0009112699	0.0009014669	0.0008916481	0.0008818183	0.0008719819	0.0008621433	0.0008523067	0.0008424764	0.0008326566	0.0008228513	0.0008130644	0.0008032998	0.0007935614	0.0007838526	0.0007741770	0.0007645379	0.0007549387	0.0007453830	0.0007358750	0.0007264194	0.0007170191	0.0007076698	0.0006983537	0.0006890466	0.0006797605	0.0006706297	0.0006619709	0.0006541789	0.0006474281	0.0006414917	0.0006359516	0.0006305082	0.0006250597	0.0006196145	0.0006142018	0.0006088373	0.0006035239	0.0005982605	0.0005930459	0.0005878799	0.0005827625	0.0005776940	0.0005726744	0.0005677038	0.0005627820	0.0005579091	0.0005530849	0.0005483094	0.0005435823	0.0005389035	0.0005342729	0.0005296901	0.0005251550	0.0005206673	0.0005162268	0.0005118331	0.0005074860	0.0005031851	0.0004989301	0.0004947207	0.0004905565	0.0004864372	0.0004823623	0.0004783316	0.0004743445	0.0004704008	0.0004665004	0.0004626433	0.0004588292	0.0004550550	0.0004513117
0.0007435944	0.0007436298	0.0007436847	0.0007437709	0.0007438921	0.0007440481	0.0007442384	0.0007444625	0.0007447205	0.0007450122	0.0007453379	0.0007456975	0.0007460912	0.0007465190	0.0007469810	0.0007474772	0.0007480078	0.0007485728	0.0007491724	0.0007498067	0.0007504758	0.0007511798	0.0007519189	0.0007526933	0.0007535030	0.0007543483	0.0007552293	0.0007561463	0.0007570993	0.0007580888	0.0007591146	0.0007601770	0.0007612761	0.0007624129	0.0007635903	0.0007648117	0.0007660734	0.0007673472	0.0007685735	0.0007697236	0.0007709823	0.0007729424	0.0007764706	0.0007820719	0.0007894004	0.0007976257	0.0008060791	0.0008144817	0.0008228122	0.0008311242	0.0008394568	0.0008478216	0.0008562159	0.0008646339	0.0008730709	0.0008815237	0.0008899896	0.0008984660	0.0009069500	0.0009154387	0.0009239290	0.0009324179	0.0009409020	0.0009493782	0.0009578430	0.0009662931	0.0009747250	0.0009831349	0.0009915193	0.0009998744	0.0010081963	0.0010164813	0.0010247253	0.0010329243	0.0010410743	0.0010491712	0.0010572107	0.0010651887	0.0010731008	0.0010809427	0.0010887100	0.0010963983	0.0011040031	0.0011115199	0.0011189442	0.0011262713	0.0011334966	0.0011406155	0.0011476234	0.0011545158	0.0011612879	0.0011679353	0.0011744534	0.0011808374	0.0011870829	0.0011931852	0.0011991396	0.0012049417	0.0012105871	0.0012160714	0.0012213902	0.0012265393	0.0012315145	0.0012363116	0.0012409265	0.0012453552	0.0012495936	0.0012536380	0.0012574848	0.0012611303	0.0012645711	0.0012678040	0.0012708256	0.0012736328	0.0012762227	0.0012785923	0.0012807391	0.0012826606	0.0012843545	0.0012858186	0.0012870510	0.0012880499	0.0012888134	0.0012893401	0.0012896287	0.0012896781	0.0012894875	0.0012890562	0.0012883837	0.0012874696	0.0012863139	0.0012849164	0.0012832776	0.0012813979	0.0012792781	0.0012769191	0.0012743218	0.0012714876	0.0012684180	0.0012651147	0.0012615795	0.0012578145	0.0012538220	0.0012496044	0.0012451643	0.0012405045	0.0012356280	0.0012305379	0.0012252376	0.0012197305	0.0012140204	0.0012081108	0.0012020058	0.0011957092	0.0011892254	0.0011825586	0.0011757133	0.0011686941	0.0011615057	0.0011541526	0.0011466398	0.0011389721	0.0011311545	0.0011231920	0.0011150898	0.0011068531	0.0010984872	0.0010899973	0.0010813888	0.0010726669	0.0010638369	0.0010549043	0.0010458742	0.0010367522	0.0010275436	0.0010182537	0.0010088879	0.0009994516	0.0009899499	0.0009803882	0.0009707715	0.0009611051	0.0009513940	0.0009416432	0.0009318578	0.0009220426	0.0009122026	0.0009023425	0.0008924670	0.0008825807	0.0008726882	0.0008627940	0.0008529023	0.0008430173	0.0008331433	0.0008232844	0.0008134444	0.0008036274	0.0007938371	0.0007840771	0.0007743512	0.0007646625	0.0007550145	0.0007454103	0.0007358534	0.0007263481	0.0007168989	0.0007075086	0.0006981722	0.0006888707	0.0006795797	0.0006703170	0.0006612337	0.0006526685	0.0006450153	0.0006384037	0.0006325574	0.0006270571	0.0006216298	0.0006161960	0.0006107722	0.0006053862	0.0006000509	0.0005947681	0.0005895362	0.0005843545	0.0005792226	0.0005741405	0.0005691085	0.0005641264	0.0005591942	0.0005543119	0.0005494792	0.0005446962	0.0005399625	0.0005352780	0.0005306424	0.0005260556	0.0005215172	0.0005170270	0.0005125847	0.0005081900	0.0005038425	0.0004995419	0.0004952878	0.0004910800	0.0004869179	0.0004828013	0.0004787298	0.0004747028	0.0004707201	0.0004667812	0.0004628861	0.0004590348	0.0004552269	0.0004514593	0.0004477228
0.0007359813	0.0007360294	0.0007360967	0.0007361952	0.0007363284	0.0007364965	0.0007366986	0.0007369344	0.0007372039	0.0007375071	0.0007378441	0.0007382149	0.0007386197	0.0007390585	0.0007395314	0.0007400385	0.0007405799	0.0007411557	0.0007417659	0.0007424109	0.0007430906	0.0007438052	0.0007445550	0.0007453399	0.0007461603	0.0007470163	0.0007479080	0.0007488358	0.0007497997	0.0007507999	0.0007518366	0.0007529099	0.0007540205	0.0007551710	0.0007563649	0.0007576010	0.0007588565	0.0007600753	0.0007612125	0.0007624020	0.0007641763	0.0007674082	0.0007727171	0.0007798680	0.0007880328	0.0007964848	0.0008048998	0.0008132404	0.0008215603	0.0008299020	0.0008382789	0.0008466889	0.0008551261	0.0008635858	0.0008720649	0.0008805606	0.0008890705	0.0008975918	0.0009061217	0.0009146571	0.0009231950	0.0009317322	0.0009402656	0.0009487919	0.0009573076	0.0009658093	0.0009742936	0.0009827566	0.0009911948	0.0009996044	0.0010079815	0.0010163222	0.0010246227	0.0010328788	0.0010410865	0.0010492416	0.0010573398	0.0010653770	0.0010733486	0.0010812505	0.0010890781	0.0010968269	0.0011044926	0.0011120704	0.0011195559	0.0011269444	0.0011342312	0.0011414116	0.0011484811	0.0011554348	0.0011622683	0.0011689768	0.0011755557	0.0011820003	0.0011883060	0.0011944681	0.0012004819	0.0012063430	0.0012120466	0.0012175885	0.0012229642	0.0012281695	0.0012332000	0.0012380515	0.0012427200	0.0012472012	0.0012514911	0.0012555858	0.0012594816	0.0012631749	0.0012666622	0.0012699403	0.0012730057	0.0012758553	0.0012784860	0.0012808950	0.0012830794	0.0012850369	0.0012867651	0.0012882618	0.0012895249	0.0012905527	0.0012913433	0.0012918952	0.0012922071	0.0012922778	0.0012921065	0.0012916925	0.0012910353	0.0012901344	0.0012889898	0.0012876014	0.0012859695	0.0012840947	0.0012819777	0.0012796192	0.0012770206	0.0012741829	0.0012711077	0.0012677966	0.0012642517	0.0012604750	0.0012564687	0.0012522354	0.0012477776	0.0012430981	0.0012382000	0.0012330865	0.0012277610	0.0012222269	0.0012164880	0.0012105479	0.0012044107	0.0011980804	0.0011915613	0.0011848577	0.0011779741	0.0011709152	0.0011636857	0.0011562903	0.0011487340	0.0011410215	0.0011331580	0.0011251485	0.0011169984	0.0011087128	0.0011002971	0.0010917567	0.0010830969	0.0010743229	0.0010654404	0.0010564545	0.0010473707	0.0010381945	0.0010289313	0.0010195865	0.0010101656	0.0010006739	0.0009911167	0.0009814993	0.0009718270	0.0009621049	0.0009523381	0.0009425318	0.0009326909	0.0009228205	0.0009129254	0.0009030105	0.0008930806	0.0008831403	0.0008731942	0.0008632467	0.0008533022	0.0008433650	0.0008334393	0.0008235292	0.0008136386	0.0008037715	0.0007939318	0.0007841232	0.0007743491	0.0007646132	0.0007549188	0.0007452689	0.0007356668	0.0007261158	0.0007166201	0.0007071842	0.0006978107	0.0006884935	0.0006792120	0.0006699421	0.0006607100	0.0006516884	0.0006432403	0.0006357518	0.0006292958	0.0006235476	0.0006180897	0.0006126805	0.0006072650	0.0006018664	0.0005965108	0.0005912080	0.0005859589	0.0005807618	0.0005756159	0.0005705211	0.0005654772	0.0005604844	0.0005555425	0.0005506515	0.0005458111	0.0005410212	0.0005362816	0.0005315921	0.0005269524	0.0005223622	0.0005178213	0.0005133293	0.0005088860	0.0005044909	0.0005001438	0.0004958442	0.0004915918	0.0004873862	0.0004832271	0.0004791139	0.0004750463	0.0004710239	0.0004670462	0.0004631129	0.0004592237	0.0004553788	0.0004515779	0.0004478176	0.0004440885
0.0007283193	0.0007283795	0.0007284588	0.0007285691	0.0007287141	0.0007288936	0.0007291071	0.0007293541	0.0007296347	0.0007299488	0.0007302966	0.0007306782	0.0007310935	0.0007315428	0.0007320261	0.0007325434	0.0007330950	0.0007336809	0.0007343013	0.0007349563	0.0007356460	0.0007363706	0.0007371302	0.0007379252	0.0007387555	0.0007396214	0.0007405232	0.0007414609	0.0007424349	0.0007434451	0.0007444918	0.0007455754	0.0007466982	0.0007478637	0.0007490727	0.0007503083	0.0007515194	0.0007526482	0.0007537758	0.0007553615	0.0007582678	0.0007632278	0.0007701512	0.0007782294	0.0007866714	0.0007950958	0.0008034428	0.0008117652	0.0008201095	0.0008284920	0.0008369110	0.0008453607	0.0008538365	0.0008623350	0.0008708537	0.0008793902	0.0008879419	0.0008965058	0.0009050792	0.0009136590	0.0009222421	0.0009308254	0.0009394058	0.0009479798	0.0009565441	0.0009650952	0.0009736295	0.0009821434	0.0009906331	0.0009990949	0.0010075250	0.0010159194	0.0010242742	0.0010325853	0.0010408486	0.0010490598	0.0010572147	0.0010653089	0.0010733381	0.0010812979	0.0010891838	0.0010969913	0.0011047158	0.0011123528	0.0011198977	0.0011273458	0.0011346923	0.0011419325	0.0011490618	0.0011560753	0.0011629685	0.0011697365	0.0011763747	0.0011828783	0.0011892428	0.0011954633	0.0012015352	0.0012074538	0.0012132145	0.0012188128	0.0012242443	0.0012295046	0.0012345893	0.0012394943	0.0012442152	0.0012487479	0.0012530883	0.0012572325	0.0012611766	0.0012649171	0.0012684503	0.0012717729	0.0012748815	0.0012777730	0.0012804441	0.0012828920	0.0012851138	0.0012871070	0.0012888692	0.0012903983	0.0012916921	0.0012927488	0.0012935664	0.0012941435	0.0012944787	0.0012945708	0.0012944190	0.0012940225	0.0012933807	0.0012924934	0.0012913602	0.0012899813	0.0012883569	0.0012864875	0.0012843738	0.0012820167	0.0012794173	0.0012765768	0.0012734968	0.0012701789	0.0012666252	0.0012628376	0.0012588186	0.0012545705	0.0012500960	0.0012453980	0.0012404795	0.0012353438	0.0012299943	0.0012244345	0.0012186681	0.0012126989	0.0012065310	0.0012001684	0.0011936154	0.0011868765	0.0011799562	0.0011728593	0.0011655904	0.0011581544	0.0011505562	0.0011428008	0.0011348932	0.0011268387	0.0011186425	0.0011103100	0.0011018466	0.0010932576	0.0010845484	0.0010757245	0.0010667914	0.0010577544	0.0010486190	0.0010393908	0.0010300752	0.0010206778	0.0010112040	0.0010016591	0.0009920487	0.0009823780	0.0009726523	0.0009628768	0.0009530568	0.0009431973	0.0009333034	0.0009233802	0.0009134325	0.0009034654	0.0008934836	0.0008834917	0.0008734943	0.0008634961	0.0008535013	0.0008435143	0.0008335394	0.0008235807	0.0008136420	0.0008037275	0.0007938410	0.0007839861	0.0007741666	0.0007643859	0.0007546474	0.0007449544	0.0007353098	0.0007257168	0.0007161787	0.0007066996	0.0006972840	0.0006879339	0.0006786419	0.0006693856	0.0006601418	0.0006509487	0.0006420062	0.0006337039	0.0006264086	0.0006201223	0.0006144730	0.0006090553	0.0006036649	0.0005982710	0.0005929016	0.0005875799	0.0005823130	0.0005771007	0.0005719415	0.0005668346	0.0005617797	0.0005567769	0.0005518260	0.0005469270	0.0005420796	0.0005372837	0.0005325389	0.0005278451	0.0005232020	0.0005186093	0.0005140665	0.0005095735	0.0005051299	0.0005007352	0.0004963892	0.0004920914	0.0004878414	0.0004836389	0.0004794833	0.0004753744	0.0004713115	0.0004672944	0.0004633224	0.0004593953	0.0004555128	0.0004516751	0.0004478817	0.0004441294	0.0004404085
0.0007206085	0.0007206805	0.0007207714	0.0007208931	0.0007210493	0.0007212398	0.0007214642	0.0007217219	0.0007220130	0.0007223376	0.0007226957	0.0007230874	0.0007235128	0.0007239720	0.0007244651	0.0007249922	0.0007255534	0.0007261488	0.0007267787	0.0007274430	0.0007281421	0.0007288760	0.0007296449	0.0007304491	0.0007312887	0.0007321638	0.0007330749	0.0007340219	0.0007350050	0.0007360244	0.0007370805	0.0007381748	0.0007393109	0.0007404910	0.0007417040	0.0007429066	0.0007440339	0.0007451175	0.0007465284	0.0007490939	0.0007536511	0.0007602782	0.0007682280	0.0007766459	0.0007850765	0.0007934274	0.0008017475	0.0008100883	0.0008184696	0.0008268909	0.0008353465	0.0008438315	0.0008523427	0.0008608776	0.0008694338	0.0008780087	0.0008865997	0.0008952039	0.0009038183	0.0009124401	0.0009210660	0.0009296931	0.0009383179	0.0009469373	0.0009555478	0.0009641459	0.0009727279	0.0009812902	0.0009898292	0.0009983410	0.0010068217	0.0010152676	0.0010236744	0.0010320383	0.0010403549	0.0010486200	0.0010568293	0.0010649785	0.0010730631	0.0010810787	0.0010890208	0.0010968849	0.0011046664	0.0011123606	0.0011199630	0.0011274687	0.0011348730	0.0011421713	0.0011493586	0.0011564302	0.0011633813	0.0011702071	0.0011769030	0.0011834641	0.0011898858	0.0011961633	0.0012022918	0.0012082665	0.0012140830	0.0012197364	0.0012252224	0.0012305364	0.0012356741	0.0012406313	0.0012454036	0.0012499869	0.0012543769	0.0012585697	0.0012625613	0.0012663481	0.0012699265	0.0012732930	0.0012764442	0.0012793770	0.0012820881	0.0012845744	0.0012868332	0.0012888618	0.0012906578	0.0012922189	0.0012935432	0.0012946285	0.0012954731	0.0012960753	0.0012964338	0.0012965474	0.0012964151	0.0012960363	0.0012954103	0.0012945368	0.0012934155	0.0012920465	0.0012904300	0.0012885665	0.0012864568	0.0012841016	0.0012815022	0.0012786597	0.0012755757	0.0012722519	0.0012686903	0.0012648929	0.0012608621	0.0012566004	0.0012521104	0.0012473950	0.0012424573	0.0012373006	0.0012319284	0.0012263442	0.0012205517	0.0012145549	0.0012083577	0.0012019643	0.0011953791	0.0011886065	0.0011816512	0.0011745179	0.0011672114	0.0011597366	0.0011520983	0.0011443018	0.0011363520	0.0011282544	0.0011200142	0.0011116368	0.0011031277	0.0010944922	0.0010857359	0.0010768642	0.0010678826	0.0010587967	0.0010496120	0.0010403340	0.0010309684	0.0010215206	0.0010119963	0.0010024007	0.0009927395	0.0009830178	0.0009732412	0.0009634148	0.0009535439	0.0009436337	0.0009336893	0.0009237158	0.0009137182	0.0009037014	0.0008936702	0.0008836293	0.0008735834	0.0008635369	0.0008534945	0.0008434603	0.0008334388	0.0008234340	0.0008134500	0.0008034906	0.0007935599	0.0007836615	0.0007737991	0.0007639762	0.0007541963	0.0007444626	0.0007347782	0.0007251461	0.0007155693	0.0007060511	0.0006965956	0.0006872071	0.0006778870	0.0006686260	0.0006593996	0.0006501875	0.0006410452	0.0006322071	0.0006240851	0.0006170073	0.0006108969	0.0006053408	0.0005999576	0.0005945865	0.0005892180	0.0005838822	0.0005785982	0.0005733705	0.0005681982	0.0005630798	0.0005580147	0.0005530026	0.0005480436	0.0005431373	0.0005382837	0.0005334825	0.0005287334	0.0005240362	0.0005193904	0.0005147959	0.0005102522	0.0005057589	0.0005013158	0.0004969223	0.0004925782	0.0004882830	0.0004840362	0.0004798374	0.0004756862	0.0004715822	0.0004675248	0.0004635137	0.0004595482	0.0004556280	0.0004517530	0.0004479231	0.0004441380	0.0004403943	0.0004366823
0.0007128494	0.0007129326	0.0007130346	0.0007131672	0.0007133342	0.0007135353	0.0007137701	0.0007140381	0.0007143393	0.0007146737	0.0007150416	0.0007154429	0.0007158778	0.0007163464	0.0007168487	0.0007173850	0.0007179552	0.0007185596	0.0007191983	0.0007198714	0.0007205792	0.0007213217	0.0007220993	0.0007229120	0.0007237601	0.0007246438	0.0007255633	0.0007265187	0.0007275102	0.0007285381	0.0007296036	0.0007307096	0.0007318593	0.0007330463	0.0007342364	0.0007353655	0.0007364255	0.0007376928	0.0007399191	0.0007440265	0.0007502856	0.0007580499	0.0007664188	0.0007748495	0.0007832018	0.0007915157	0.0007998472	0.0008082207	0.0008166377	0.0008250924	0.0008335800	0.0008420971	0.0008506413	0.0008592102	0.0008678014	0.0008764123	0.0008850401	0.0008936819	0.0009023350	0.0009109962	0.0009196625	0.0009283307	0.0009369977	0.0009456599	0.0009543141	0.0009629566	0.0009715839	0.0009801922	0.0009887780	0.0009973374	0.0010058665	0.0010143614	0.0010228180	0.0010312321	0.0010395997	0.0010479164	0.0010561779	0.0010643798	0.0010725176	0.0010805869	0.0010885831	0.0010965016	0.0011043379	0.0011120873	0.0011197450	0.0011273064	0.0011347667	0.0011421210	0.0011493645	0.0011564923	0.0011634995	0.0011703815	0.0011771334	0.0011837503	0.0011902275	0.0011965603	0.0012027439	0.0012087733	0.0012146440	0.0012203511	0.0012258902	0.0012312567	0.0012364462	0.0012414544	0.0012462770	0.0012509098	0.0012553484	0.0012595888	0.0012636270	0.0012674594	0.0012710821	0.0012744918	0.0012776850	0.0012806585	0.0012834088	0.0012859331	0.0012882283	0.0012902918	0.0012921212	0.0012937141	0.0012950684	0.0012961823	0.0012970537	0.0012976811	0.0012980629	0.0012981980	0.0012980855	0.0012977245	0.0012971145	0.0012962551	0.0012951461	0.0012937874	0.0012921793	0.0012903223	0.0012882171	0.0012858645	0.0012832658	0.0012804220	0.0012773349	0.0012740060	0.0012704374	0.0012666312	0.0012625897	0.0012583154	0.0012538111	0.0012490796	0.0012441241	0.0012389478	0.0012335542	0.0012279471	0.0012221300	0.0012161070	0.0012098821	0.0012034595	0.0011968437	0.0011900391	0.0011830505	0.0011758826	0.0011685403	0.0011610285	0.0011533521	0.0011455164	0.0011375265	0.0011293877	0.0011211055	0.0011126853	0.0011041327	0.0010954530	0.0010866517	0.0010777345	0.0010687068	0.0010595742	0.0010503424	0.0010410171	0.0010316038	0.0010221082	0.0010125357	0.0010028919	0.0009931823	0.0009834123	0.0009735872	0.0009637125	0.0009537933	0.0009438350	0.0009338428	0.0009238217	0.0009137767	0.0009037129	0.0008936349	0.0008835477	0.0008734559	0.0008633640	0.0008532766	0.0008431980	0.0008331325	0.0008230844	0.0008130576	0.0008030562	0.0007930840	0.0007831448	0.0007732423	0.0007633799	0.0007535612	0.0007437895	0.0007340679	0.0007243995	0.0007147870	0.0007052335	0.0006957422	0.0006863172	0.0006769626	0.0006676788	0.0006584542	0.0006492627	0.0006400895	0.0006310139	0.0006223092	0.0006144007	0.0006075621	0.0006016268	0.0005961514	0.0005907978	0.0005854488	0.0005801110	0.0005748133	0.0005695705	0.0005643850	0.0005592557	0.0005541810	0.0005491606	0.0005441942	0.0005392816	0.0005344226	0.0005296169	0.0005248643	0.0005201644	0.0005155168	0.0005109213	0.0005063774	0.0005018847	0.0004974429	0.0004930515	0.0004887101	0.0004844182	0.0004801754	0.0004759812	0.0004718352	0.0004677369	0.0004636858	0.0004596813	0.0004557231	0.0004518106	0.0004479438	0.0004441225	0.0004403465	0.0004366121	0.0004329097
0.0007050421	0.0007051361	0.0007052488	0.0007053919	0.0007055691	0.0007057804	0.0007060251	0.0007063028	0.0007066136	0.0007069575	0.0007073346	0.0007077450	0.0007081889	0.0007086662	0.0007091772	0.0007097220	0.0007103007	0.0007109134	0.0007115603	0.0007122416	0.0007129574	0.0007137080	0.0007144934	0.0007153140	0.0007161699	0.0007170614	0.0007179886	0.0007189517	0.0007199507	0.0007209869	0.0007220625	0.0007231811	0.0007243397	0.0007255127	0.0007266404	0.0007276876	0.0007288424	0.0007307546	0.0007343786	0.0007401978	0.0007477147	0.0007560027	0.0007644236	0.0007727744	0.0007810785	0.0007893952	0.0007977546	0.0008061605	0.0008146078	0.0008230912	0.0008316074	0.0008401540	0.0008487287	0.0008573292	0.0008659529	0.0008745971	0.0008832591	0.0008919360	0.0009006250	0.0009093231	0.0009180272	0.0009267341	0.0009354405	0.0009441430	0.0009528382	0.0009615226	0.0009701926	0.0009788445	0.0009874747	0.0009960791	0.0010046541	0.0010131955	0.0010216994	0.0010301615	0.0010385776	0.0010469434	0.0010552547	0.0010635070	0.0010716957	0.0010798163	0.0010878644	0.0010958352	0.0011037241	0.0011115264	0.0011192375	0.0011268525	0.0011343666	0.0011417749	0.0011490725	0.0011562545	0.0011633161	0.0011702523	0.0011770583	0.0011837293	0.0011902604	0.0011966469	0.0012028838	0.0012089663	0.0012148896	0.0012206490	0.0012262398	0.0012316574	0.0012368974	0.0012419554	0.0012468270	0.0012515081	0.0012559942	0.0012602813	0.0012643652	0.0012682422	0.0012719085	0.0012753605	0.0012785948	0.0012816081	0.0012843971	0.0012869587	0.0012892898	0.0012913878	0.0012932502	0.0012948745	0.0012962588	0.0012974009	0.0012982990	0.0012989514	0.0012993566	0.0012995133	0.0012994205	0.0012990776	0.0012984838	0.0012976388	0.0012965424	0.0012951945	0.0012935953	0.0012917453	0.0012896452	0.0012872959	0.0012846985	0.0012818544	0.0012787649	0.0012754318	0.0012718572	0.0012680432	0.0012639921	0.0012597064	0.0012551889	0.0012504425	0.0012454704	0.0012402759	0.0012348625	0.0012292339	0.0012233938	0.0012173463	0.0012110953	0.0012046452	0.0011980005	0.0011911657	0.0011841456	0.0011769450	0.0011695688	0.0011620219	0.0011543094	0.0011464365	0.0011384084	0.0011302306	0.0011219086	0.0011134479	0.0011048539	0.0010961321	0.0010872882	0.0010783278	0.0010692564	0.0010600797	0.0010508033	0.0010414330	0.0010319746	0.0010224336	0.0010128155	0.0010031261	0.0009933707	0.0009835549	0.0009736841	0.0009637636	0.0009537989	0.0009437952	0.0009337578	0.0009236918	0.0009136022	0.0009034941	0.0008933723	0.0008832415	0.0008731066	0.0008629721	0.0008528424	0.0008427222	0.0008326156	0.0008225269	0.0008124602	0.0008024196	0.0007924088	0.0007824316	0.0007724918	0.0007625928	0.0007527381	0.0007429312	0.0007331751	0.0007234729	0.0007138277	0.0007042420	0.0006947188	0.0006852614	0.0006758737	0.0006665598	0.0006573185	0.0006481357	0.0006389840	0.0006298578	0.0006208667	0.0006123258	0.0006046645	0.0005980789	0.0005923070	0.0005869033	0.0005815797	0.0005762577	0.0005709557	0.0005656999	0.0005605015	0.0005553613	0.0005502777	0.0005452498	0.0005402769	0.0005353587	0.0005304952	0.0005256859	0.0005209306	0.0005162289	0.0005115804	0.0005069848	0.0005024415	0.0004979503	0.0004935106	0.0004891221	0.0004847842	0.0004804965	0.0004762585	0.0004720697	0.0004679297	0.0004638379	0.0004597938	0.0004557969	0.0004518467	0.0004479427	0.0004440848	0.0004402729	0.0004365066	0.0004327824	0.0004290903
0.0006971871	0.0006972915	0.0006974143	0.0006975674	0.0006977544	0.0006979753	0.0006982294	0.0006985164	0.0006988362	0.0006991890	0.0006995749	0.0006999939	0.0007004461	0.0007009318	0.0007014509	0.0007020037	0.0007025902	0.0007032106	0.0007038651	0.0007045539	0.0007052771	0.0007060350	0.0007068277	0.0007076554	0.0007085185	0.0007094170	0.0007103510	0.0007113209	0.0007123271	0.0007133719	0.0007144587	0.0007155874	0.0007167403	0.0007178647	0.0007189048	0.0007199676	0.0007215884	0.0007247154	0.0007300313	0.0007372363	0.0007454080	0.0007538076	0.0007621540	0.0007704449	0.0007787416	0.0007870805	0.0007954688	0.0008039019	0.0008123746	0.0008208833	0.0008294254	0.0008379990	0.0008466017	0.0008552310	0.0008638845	0.0008725594	0.0008812529	0.0008899623	0.0008986846	0.0009074169	0.0009161560	0.0009248988	0.0009336420	0.0009423821	0.0009511158	0.0009598394	0.0009685495	0.0009772424	0.0009859142	0.0009945612	0.0010031795	0.0010117649	0.0010203134	0.0010288208	0.0010372830	0.0010456955	0.0010540541	0.0010623542	0.0010705914	0.0010787610	0.0010868586	0.0010948793	0.0011028186	0.0011106717	0.0011184338	0.0011261002	0.0011336659	0.0011411260	0.0011484758	0.0011557100	0.0011628239	0.0011698124	0.0011766707	0.0011833939	0.0011899771	0.0011964153	0.0012027038	0.0012088377	0.0012148121	0.0012206221	0.0012262631	0.0012317304	0.0012370195	0.0012421259	0.0012470454	0.0012517736	0.0012563061	0.0012606386	0.0012647672	0.0012686877	0.0012723965	0.0012758900	0.0012791646	0.0012822170	0.0012850439	0.0012876422	0.0012900087	0.0012921406	0.0012940355	0.0012956910	0.0012971048	0.0012982750	0.0012991996	0.0012998768	0.0013003053	0.0013004836	0.0013004108	0.0013000861	0.0012995088	0.0012986785	0.0012975950	0.0012962582	0.0012946684	0.0012928260	0.0012907316	0.0012883863	0.0012857910	0.0012829472	0.0012798562	0.0012765199	0.0012729403	0.0012691195	0.0012650599	0.0012607640	0.0012562346	0.0012514746	0.0012464872	0.0012412759	0.0012358441	0.0012301955	0.0012243340	0.0012182635	0.0012119882	0.0012055124	0.0011988406	0.0011919775	0.0011849278	0.0011776965	0.0011702883	0.0011627083	0.0011549618	0.0011470538	0.0011389898	0.0011307752	0.0011224156	0.0011139165	0.0011052835	0.0010965221	0.0010876380	0.0010786367	0.0010695241	0.0010603057	0.0010509874	0.0010415748	0.0010320738	0.0010224900	0.0010128291	0.0010030966	0.0009932981	0.0009834393	0.0009735254	0.0009635620	0.0009535545	0.0009435082	0.0009334285	0.0009233204	0.0009131891	0.0009030396	0.0008928767	0.0008827053	0.0008725302	0.0008623559	0.0008521870	0.0008420280	0.0008318832	0.0008217569	0.0008116532	0.0008015762	0.0007915297	0.0007815175	0.0007715433	0.0007616106	0.0007517229	0.0007418836	0.0007320958	0.0007223628	0.0007126874	0.0007030726	0.0006935208	0.0006840349	0.0006746182	0.0006652748	0.0006560081	0.0006468153	0.0006376793	0.0006285723	0.0006195019	0.0006106148	0.0006022692	0.0005948834	0.0005885556	0.0005829411	0.0005776036	0.0005723100	0.0005670189	0.0005617569	0.0005565468	0.0005513958	0.0005463038	0.0005412690	0.0005362905	0.0005313678	0.0005265006	0.0005216886	0.0005169315	0.0005122289	0.0005075803	0.0005029855	0.0004984438	0.0004939548	0.0004895182	0.0004851334	0.0004807999	0.0004765172	0.0004722849	0.0004681024	0.0004639691	0.0004598847	0.0004558485	0.0004518600	0.0004479186	0.0004440239	0.0004401757	0.0004363739	0.0004326182	0.0004289048	0.0004252238
0.0006892847	0.0006893989	0.0006895314	0.0006896941	0.0006898904	0.0006901204	0.0006903834	0.0006906792	0.0006910076	0.0006913688	0.0006917628	0.0006921898	0.0006926500	0.0006931433	0.0006936700	0.0006942301	0.0006948239	0.0006954515	0.0006961130	0.0006968086	0.0006975386	0.0006983031	0.0006991023	0.0006999366	0.0007008059	0.0007017107	0.0007026508	0.0007036269	0.0007046404	0.0007056947	0.0007067917	0.0007079206	0.0007090392	0.0007100828	0.0007110853	0.0007124483	0.0007150715	0.0007198135	0.0007266301	0.0007346431	0.0007430084	0.0007513484	0.0007596239	0.0007678960	0.0007762082	0.0007845722	0.0007929846	0.0008014399	0.0008099343	0.0008184653	0.0008270309	0.0008356288	0.0008442567	0.0008529122	0.0008615927	0.0008702954	0.0008790177	0.0008877568	0.0008965097	0.0009052734	0.0009140449	0.0009228208	0.0009315979	0.0009403728	0.0009491422	0.0009579024	0.0009666499	0.0009753809	0.0009840918	0.0009927787	0.0010014375	0.0010100642	0.0010186547	0.0010272049	0.0010357105	0.0010441671	0.0010525704	0.0010609158	0.0010691989	0.0010774151	0.0010855596	0.0010936279	0.0011016152	0.0011095167	0.0011173275	0.0011250429	0.0011326580	0.0011401678	0.0011475674	0.0011548517	0.0011620158	0.0011690547	0.0011759633	0.0011827367	0.0011893699	0.0011958581	0.0012021964	0.0012083798	0.0012144035	0.0012202626	0.0012259522	0.0012314676	0.0012368044	0.0012419580	0.0012469239	0.0012516978	0.0012562753	0.0012606521	0.0012648240	0.0012687871	0.0012725374	0.0012760714	0.0012793854	0.0012824761	0.0012853402	0.0012879744	0.0012903756	0.0012925410	0.0012944680	0.0012961541	0.0012975972	0.0012987952	0.0012997461	0.0013004482	0.0013008999	0.0013010998	0.0013010470	0.0013007406	0.0013001800	0.0012993647	0.0012982944	0.0012969692	0.0012953892	0.0012935549	0.0012914670	0.0012891263	0.0012865339	0.0012836912	0.0012805996	0.0012772611	0.0012736774	0.0012698509	0.0012657838	0.0012614789	0.0012569388	0.0012521665	0.0012471653	0.0012419386	0.0012364899	0.0012308229	0.0012249416	0.0012188498	0.0012125519	0.0012060522	0.0011993552	0.0011924657	0.0011853885	0.0011781284	0.0011706904	0.0011630796	0.0011553011	0.0011473603	0.0011392626	0.0011310135	0.0011226187	0.0011140836	0.0011054140	0.0010966153	0.0010876934	0.0010786539	0.0010695025	0.0010602451	0.0010508874	0.0010414353	0.0010318945	0.0010222706	0.0010125695	0.0010027968	0.0009929581	0.0009830589	0.0009731049	0.0009631015	0.0009530541	0.0009429682	0.0009328490	0.0009227018	0.0009125317	0.0009023437	0.0008921427	0.0008819337	0.0008717213	0.0008615103	0.0008513052	0.0008411105	0.0008309305	0.0008207696	0.0008106320	0.0008005216	0.0007904424	0.0007803981	0.0007703925	0.0007604291	0.0007505114	0.0007406427	0.0007308263	0.0007210653	0.0007113628	0.0007017215	0.0006921441	0.0006826333	0.0006731917	0.0006638226	0.0006545303	0.0006453173	0.0006361787	0.0006270938	0.0006180358	0.0006090312	0.0006002720	0.0005921607	0.0005850837	0.0005790162	0.0005735415	0.0005682569	0.0005629921	0.0005577366	0.0005525196	0.0005473588	0.0005422584	0.0005372174	0.0005322341	0.0005273077	0.0005224379	0.0005176241	0.0005128661	0.0005081635	0.0005035158	0.0004989226	0.0004943834	0.0004898977	0.0004854650	0.0004810848	0.0004767566	0.0004724799	0.0004682541	0.0004640787	0.0004599531	0.0004558769	0.0004518494	0.0004478701	0.0004439384	0.0004400537	0.0004362160	0.0004324252	0.0004286807	0.0004249791	0.0004213098
0.0006813351	0.0006814588	0.0006816006	0.0006817722	0.0006819774	0.0006822160	0.0006824875	0.0006827915	0.0006831279	0.0006834970	0.0006838987	0.0006843332	0.0006848007	0.0006853012	0.0006858348	0.0006864018	0.0006870022	0.0006876362	0.0006883041	0.0006890060	0.0006897420	0.0006905125	0.0006913176	0.0006921576	0.0006930326	0.0006939427	0.0006948883	0.0006958705	0.0006968921	0.0006979559	0.0006990567	0.0007001630	0.0007012123	0.0007021900	0.0007033641	0.0007055133	0.0007096223	0.0007159419	0.0007237249	0.0007320322	0.0007403634	0.0007486237	0.0007568677	0.0007651475	0.0007734807	0.0007818657	0.0007902970	0.0007987706	0.0008072837	0.0008158344	0.0008244206	0.0008330402	0.0008416905	0.0008503693	0.0008590739	0.0008678017	0.0008765500	0.0008853159	0.0008940965	0.0009028888	0.0009116896	0.0009204958	0.0009293040	0.0009381109	0.0009469131	0.0009557071	0.0009644891	0.0009732556	0.0009820028	0.0009907266	0.0009994231	0.0010080884	0.0010167182	0.0010253084	0.0010338547	0.0010423527	0.0010507980	0.0010591861	0.0010675125	0.0010757726	0.0010839617	0.0010920750	0.0011001077	0.0011080551	0.0011159123	0.0011236744	0.0011313364	0.0011388935	0.0011463407	0.0011536729	0.0011608850	0.0011679719	0.0011749286	0.0011817502	0.0011884315	0.0011949678	0.0012013539	0.0012075850	0.0012136562	0.0012195625	0.0012252992	0.0012308613	0.0012362441	0.0012414432	0.0012464540	0.0012512722	0.0012558933	0.0012603131	0.0012645273	0.0012685318	0.0012723225	0.0012758959	0.0012792484	0.0012823765	0.0012852769	0.0012879463	0.0012903817	0.0012925800	0.0012945385	0.0012962549	0.0012977268	0.0012989523	0.0012999292	0.0013006559	0.0013011307	0.0013013522	0.0013013194	0.0013010314	0.0013004876	0.0012996875	0.0012986309	0.0012973177	0.0012957480	0.0012939224	0.0012918414	0.0012895060	0.0012869173	0.0012840766	0.0012809854	0.0012776455	0.0012740589	0.0012702278	0.0012661546	0.0012618419	0.0012572924	0.0012525092	0.0012474956	0.0012422549	0.0012367909	0.0012311071	0.0012252076	0.0012190964	0.0012127777	0.0012062559	0.0011995357	0.0011926218	0.0011855190	0.0011782323	0.0011707666	0.0011631271	0.0011553190	0.0011473477	0.0011392187	0.0011309375	0.0011225099	0.0011139414	0.0011052376	0.0010964042	0.0010874471	0.0010783719	0.0010691845	0.0010598907	0.0010504964	0.0010410075	0.0010314296	0.0010217687	0.0010120303	0.0010022202	0.0009923441	0.0009824076	0.0009724163	0.0009623758	0.0009522916	0.0009421691	0.0009320135	0.0009218302	0.0009116243	0.0009014009	0.0008911650	0.0008809214	0.0008706749	0.0008604302	0.0008501920	0.0008399647	0.0008297527	0.0008195603	0.0008093918	0.0007992512	0.0007891423	0.0007790691	0.0007690352	0.0007590442	0.0007490996	0.0007392046	0.0007293626	0.0007195768	0.0007098500	0.0007001852	0.0006905852	0.0006810525	0.0006715896	0.0006621992	0.0006528847	0.0006436500	0.0006344970	0.0006254174	0.0006163869	0.0006073831	0.0005984608	0.0005898688	0.0005820439	0.0005752960	0.0005694690	0.0005641056	0.0005588632	0.0005536304	0.0005484166	0.0005432491	0.0005381409	0.0005330940	0.0005281066	0.0005231776	0.0005183060	0.0005134915	0.0005087336	0.0005040320	0.0004993861	0.0004947955	0.0004902597	0.0004857782	0.0004813504	0.0004769757	0.0004726538	0.0004683839	0.0004641655	0.0004599981	0.0004558811	0.0004518139	0.0004477960	0.0004438267	0.0004399055	0.0004360318	0.0004322054	0.0004284263	0.0004246940	0.0004210048	0.0004173482
0.0006733387	0.0006734713	0.0006736220	0.0006738023	0.0006740158	0.0006742626	0.0006745420	0.0006748537	0.0006751977	0.0006755740	0.0006759829	0.0006764244	0.0006768986	0.0006774057	0.0006779457	0.0006785189	0.0006791254	0.0006797653	0.0006804389	0.0006811464	0.0006818879	0.0006826637	0.0006834740	0.0006843189	0.0006851987	0.0006861135	0.0006870642	0.0006880530	0.0006890831	0.0006901531	0.0006912412	0.0006922920	0.0006932596	0.0006943018	0.0006960525	0.0006995138	0.0007052353	0.0007126894	0.0007208931	0.0007292063	0.0007374515	0.0007456658	0.0007539083	0.0007622043	0.0007705553	0.0007789561	0.0007874022	0.0007958908	0.0008044199	0.0008129876	0.0008215917	0.0008302299	0.0008388998	0.0008475989	0.0008563248	0.0008650747	0.0008738460	0.0008826358	0.0008914411	0.0009002590	0.0009090863	0.0009179198	0.0009267562	0.0009355922	0.0009444243	0.0009532491	0.0009620628	0.0009708618	0.0009796422	0.0009884002	0.0009971316	0.0010058325	0.0010144988	0.0010231261	0.0010317103	0.0010402468	0.0010487314	0.0010571595	0.0010655265	0.0010738279	0.0010820587	0.0010902144	0.0010982900	0.0011062807	0.0011141817	0.0011219880	0.0011296945	0.0011372965	0.0011447889	0.0011521665	0.0011594243	0.0011665571	0.0011735598	0.0011804273	0.0011871547	0.0011937368	0.0012001688	0.0012064457	0.0012125626	0.0012185144	0.0012242962	0.0012299031	0.0012353304	0.0012405734	0.0012456276	0.0012504886	0.0012551520	0.0012596133	0.0012638683	0.0012679129	0.0012717429	0.0012753548	0.0012787447	0.0012819093	0.0012848452	0.0012875491	0.0012900178	0.0012922482	0.0012942378	0.0012959838	0.0012974841	0.0012987366	0.0012997393	0.0013004904	0.0013009881	0.0013012312	0.0013012184	0.0013009490	0.0013004222	0.0012996376	0.0012985949	0.0012972941	0.0012957352	0.0012939187	0.0012918454	0.0012895160	0.0012869318	0.0012840939	0.0012810040	0.0012776638	0.0012740753	0.0012702407	0.0012661625	0.0012618433	0.0012572859	0.0012524933	0.0012474688	0.0012422158	0.0012367380	0.0012310392	0.0012251233	0.0012189944	0.0012126567	0.0012061148	0.0011993733	0.0011924370	0.0011853108	0.0011779996	0.0011705085	0.0011628426	0.0011550072	0.0011470078	0.0011388500	0.0011305392	0.0011220813	0.0011134819	0.0011047466	0.0010958813	0.0010868916	0.0010777835	0.0010685628	0.0010592354	0.0010498073	0.0010402844	0.0010306725	0.0010209773	0.0010112046	0.0010013602	0.0009914497	0.0009814789	0.0009714535	0.0009613790	0.0009512610	0.0009411050	0.0009309162	0.0009207000	0.0009104615	0.0009002059	0.0008899381	0.0008796631	0.0008693857	0.0008591106	0.0008488424	0.0008385858	0.0008283450	0.0008181244	0.0008079283	0.0007977606	0.0007876253	0.0007775263	0.0007674673	0.0007574519	0.0007474835	0.0007375655	0.0007277010	0.0007178934	0.0007081456	0.0006984605	0.0006888408	0.0006792893	0.0006698083	0.0006604002	0.0006510678	0.0006418145	0.0006326440	0.0006235565	0.0006145402	0.0006055680	0.0005966274	0.0005878132	0.0005794346	0.0005719353	0.0005655189	0.0005599029	0.0005546302	0.0005494271	0.0005442313	0.0005390646	0.0005339507	0.0005288982	0.0005239073	0.0005189764	0.0005141041	0.0005092898	0.0005045331	0.0004998334	0.0004951904	0.0004906034	0.0004860720	0.0004815956	0.0004771736	0.0004728055	0.0004684907	0.0004642286	0.0004600186	0.0004558601	0.0004517526	0.0004476954	0.0004436879	0.0004397296	0.0004358197	0.0004319578	0.0004281436	0.0004243771	0.0004206577	0.0004169817	0.0004133385
0.0006652958	0.0006654370	0.0006655961	0.0006657845	0.0006660060	0.0006662605	0.0006665473	0.0006668662	0.0006672172	0.0006676003	0.0006680158	0.0006684637	0.0006689441	0.0006694572	0.0006700030	0.0006705819	0.0006711938	0.0006718390	0.0006725177	0.0006732301	0.0006739764	0.0006747569	0.0006755716	0.0006764208	0.0006773046	0.0006782236	0.0006791796	0.0006801756	0.0006812128	0.0006822782	0.0006833269	0.0006842969	0.0006852483	0.0006866526	0.0006894826	0.0006945359	0.0007015673	0.0007096109	0.0007178883	0.0007261162	0.0007342993	0.0007425003	0.0007507532	0.0007590638	0.0007674275	0.0007758396	0.0007842971	0.0007927979	0.0008013402	0.0008099219	0.0008185409	0.0008271948	0.0008358813	0.0008445978	0.0008533420	0.0008621110	0.0008709023	0.0008797129	0.0008885400	0.0008973804	0.0009062311	0.0009150888	0.0009239504	0.0009328125	0.0009416716	0.0009505241	0.0009593665	0.0009681950	0.0009770057	0.0009857947	0.0009945581	0.0010032917	0.0010119915	0.0010206530	0.0010292721	0.0010378444	0.0010463654	0.0010548306	0.0010632354	0.0010715751	0.0010798450	0.0010880403	0.0010961561	0.0011041875	0.0011121296	0.0011199774	0.0011277260	0.0011353704	0.0011429054	0.0011503260	0.0011576270	0.0011648033	0.0011718496	0.0011787609	0.0011855321	0.0011921580	0.0011986339	0.0012049545	0.0012111150	0.0012171102	0.0012229353	0.0012285852	0.0012340552	0.0012393405	0.0012444365	0.0012493387	0.0012540426	0.0012585440	0.0012628386	0.0012669220	0.0012707902	0.0012744393	0.0012778657	0.0012810657	0.0012840361	0.0012867735	0.0012892747	0.0012915366	0.0012935565	0.0012953317	0.0012968600	0.0012981392	0.0012991673	0.0012999424	0.0013004630	0.0013007274	0.0013007347	0.0013004838	0.0012999742	0.0012992053	0.0012981769	0.0012968888	0.0012953412	0.0012935345	0.0012914694	0.0012891468	0.0012865677	0.0012837335	0.0012806458	0.0012773063	0.0012737170	0.0012698803	0.0012657984	0.0012614740	0.0012569100	0.0012521094	0.0012470755	0.0012418119	0.0012363221	0.0012306100	0.0012246796	0.0012185349	0.0012121802	0.0012056202	0.0011988594	0.0011919029	0.0011847554	0.0011774220	0.0011699077	0.0011622178	0.0011543576	0.0011463325	0.0011381483	0.0011298107	0.0011213252	0.0011126975	0.0011039335	0.0010950388	0.0010860195	0.0010768813	0.0010676302	0.0010582722	0.0010488132	0.0010392593	0.0010296162	0.0010198898	0.0010100859	0.0010002102	0.0009902686	0.0009802667	0.0009702103	0.0009601050	0.0009499565	0.0009397702	0.0009295514	0.0009193055	0.0009090377	0.0008987531	0.0008884568	0.0008781537	0.0008678486	0.0008575464	0.0008472517	0.0008369690	0.0008267027	0.0008164573	0.0008062368	0.0007960454	0.0007858870	0.0007757656	0.0007656847	0.0007556481	0.0007456592	0.0007357213	0.0007258378	0.0007160116	0.0007062459	0.0006965437	0.0006869076	0.0006773403	0.0006678443	0.0006584219	0.0006490754	0.0006398077	0.0006306223	0.0006215223	0.0006125058	0.0006035569	0.0005946476	0.0005857819	0.0005771041	0.0005689819	0.0005618410	0.0005557489	0.0005503190	0.0005451202	0.0005399545	0.0005348006	0.0005296860	0.0005246293	0.0005196353	0.0005147032	0.0005098312	0.0005050182	0.0005002637	0.0004955671	0.0004909279	0.0004863456	0.0004818196	0.0004773493	0.0004729342	0.0004685735	0.0004642669	0.0004600135	0.0004558128	0.0004516642	0.0004475671	0.0004435208	0.0004395247	0.0004355782	0.0004316806	0.0004278313	0.0004240301	0.0004202770	0.0004165714	0.0004129095	0.0004092805
0.0006572067	0.0006573561	0.0006575232	0.0006577193	0.0006579483	0.0006582099	0.0006585037	0.0006588294	0.0006591868	0.0006595763	0.0006599978	0.0006604515	0.0006609376	0.0006614561	0.0006620072	0.0006625911	0.0006632079	0.0006638578	0.0006645410	0.0006652577	0.0006660081	0.0006667925	0.0006676109	0.0006684636	0.0006693509	0.0006702740	0.0006712357	0.0006722386	0.0006732761	0.0006743157	0.0006752949	0.0006762079	0.0006773573	0.0006795838	0.0006838826	0.0006903792	0.0006981962	0.0007064175	0.0007146265	0.0007227779	0.0007309336	0.0007391377	0.0007474014	0.0007557216	0.0007640933	0.0007725131	0.0007809791	0.0007894892	0.0007980417	0.0008066345	0.0008152653	0.0008239319	0.0008326319	0.0008413628	0.0008501221	0.0008589073	0.0008677154	0.0008765438	0.0008853894	0.0008942492	0.0009031202	0.0009119991	0.0009208828	0.0009297678	0.0009386507	0.0009475280	0.0009563959	0.0009652507	0.0009740886	0.0009829057	0.0009916979	0.0010004611	0.0010091913	0.0010178840	0.0010265351	0.0010351401	0.0010436945	0.0010521939	0.0010606335	0.0010690087	0.0010773148	0.0010855469	0.0010937000	0.0011017693	0.0011097498	0.0011176366	0.0011254245	0.0011331085	0.0011406836	0.0011481446	0.0011554863	0.0011627036	0.0011697912	0.0011767439	0.0011835566	0.0011902242	0.0011967417	0.0012031039	0.0012093058	0.0012153425	0.0012212089	0.0012268999	0.0012324107	0.0012377363	0.0012428723	0.0012478140	0.0012525571	0.0012570971	0.0012614298	0.0012655507	0.0012694556	0.0012731408	0.0012766023	0.0012798367	0.0012828406	0.0012856107	0.0012881436	0.0012904362	0.0012924857	0.0012942894	0.0012958451	0.0012971505	0.0012982036	0.0012990025	0.0012995456	0.0012998314	0.0012998586	0.0012996264	0.0012991340	0.0012983811	0.0012973672	0.0012960922	0.0012945564	0.0012927600	0.0012907038	0.0012883886	0.0012858156	0.0012829860	0.0012799015	0.0012765637	0.0012729748	0.0012691370	0.0012650527	0.0012607246	0.0012561554	0.0012513484	0.0012463067	0.0012410341	0.0012355341	0.0012298105	0.0012238673	0.0012177088	0.0012113393	0.0012047632	0.0011979855	0.0011910110	0.0011838445	0.0011764911	0.0011689561	0.0011612445	0.0011533619	0.0011453138	0.0011371059	0.0011287439	0.0011202335	0.0011115805	0.0011027905	0.0010938695	0.0010848233	0.0010756580	0.0010663795	0.0010569939	0.0010475072	0.0010379253	0.0010282541	0.0010184996	0.0010086676	0.0009987639	0.0009887943	0.0009787647	0.0009686806	0.0009585479	0.0009483721	0.0009381588	0.0009279134	0.0009176412	0.0009073475	0.0008970373	0.0008867158	0.0008763880	0.0008660587	0.0008557328	0.0008454149	0.0008351096	0.0008248213	0.0008145544	0.0008043130	0.0007941013	0.0007839233	0.0007737827	0.0007636834	0.0007536289	0.0007436229	0.0007336685	0.0007237691	0.0007139278	0.0007041477	0.0006944315	0.0006847822	0.0006752023	0.0006656945	0.0006562610	0.0006469040	0.0006376259	0.0006284296	0.0006193185	0.0006102951	0.0006013546	0.0005924765	0.0005836342	0.0005748572	0.0005663520	0.0005585407	0.0005517908	0.0005460033	0.0005407200	0.0005355767	0.0005304495	0.0005253438	0.0005202863	0.0005152901	0.0005103574	0.0005054864	0.0005006758	0.0004959246	0.0004912321	0.0004865978	0.0004820212	0.0004775017	0.0004730386	0.0004686313	0.0004642792	0.0004599817	0.0004557380	0.0004515477	0.0004474099	0.0004433242	0.0004392897	0.0004353059	0.0004313721	0.0004274877	0.0004236520	0.0004198647	0.0004161259	0.0004124349	0.0004087879	0.0004051739
0.0006490719	0.0006492290	0.0006494036	0.0006496071	0.0006498430	0.0006501114	0.0006504117	0.0006507436	0.0006511071	0.0006515023	0.0006519293	0.0006523883	0.0006528795	0.0006534029	0.0006539586	0.0006545470	0.0006551680	0.0006558219	0.0006565090	0.0006572294	0.0006579833	0.0006587709	0.0006595923	0.0006604478	0.0006613382	0.0006622658	0.0006632336	0.0006642397	0.0006652624	0.0006662466	0.0006671488	0.0006681349	0.0006698700	0.0006733907	0.0006792021	0.0006866758	0.0006947995	0.0007029867	0.0007111092	0.0007192183	0.0007273684	0.0007355788	0.0007438490	0.0007521739	0.0007605497	0.0007689743	0.0007774457	0.0007859622	0.0007945219	0.0008031226	0.0008117622	0.0008204383	0.0008291486	0.0008378908	0.0008466622	0.0008554602	0.0008642821	0.0008731249	0.0008819859	0.0008908619	0.0008997500	0.0009086469	0.0009175495	0.0009264543	0.0009353578	0.0009442565	0.0009531467	0.0009620247	0.0009708866	0.0009797285	0.0009885463	0.0009973360	0.0010060935	0.0010148143	0.0010234942	0.0010321289	0.0010407137	0.0010492442	0.0010577156	0.0010661233	0.0010744625	0.0010827284	0.0010909159	0.0010990203	0.0011070364	0.0011149592	0.0011227837	0.0011305047	0.0011381171	0.0011456158	0.0011529956	0.0011602512	0.0011673776	0.0011743693	0.0011812212	0.0011879281	0.0011944849	0.0012008864	0.0012071277	0.0012132037	0.0012191092	0.0012248392	0.0012303887	0.0012357529	0.0012409272	0.0012459068	0.0012506873	0.0012552643	0.0012596334	0.0012637902	0.0012677306	0.0012714505	0.0012749461	0.0012782138	0.0012812502	0.0012840517	0.0012866153	0.0012889378	0.0012910161	0.0012928477	0.0012944301	0.0012957613	0.0012968390	0.0012976615	0.0012982269	0.0012985339	0.0012985810	0.0012983675	0.0012978926	0.0012971558	0.0012961567	0.0012948953	0.0012933716	0.0012915861	0.0012895394	0.0012872324	0.0012846662	0.0012818421	0.0012787617	0.0012754268	0.0012718394	0.0012680017	0.0012639163	0.0012595858	0.0012550130	0.0012502010	0.0012451533	0.0012398734	0.0012343649	0.0012286317	0.0012226779	0.0012165075	0.0012101251	0.0012035353	0.0011967428	0.0011897526	0.0011825695	0.0011751987	0.0011676453	0.0011599146	0.0011520122	0.0011439438	0.0011357149	0.0011273313	0.0011187988	0.0011101231	0.0011013102	0.0010923657	0.0010832958	0.0010741064	0.0010648037	0.0010553936	0.0010458823	0.0010362757	0.0010265797	0.0010168003	0.0010069434	0.0009970150	0.0009870207	0.0009769666	0.0009668584	0.0009567017	0.0009465021	0.0009362653	0.0009259967	0.0009157016	0.0009053854	0.0008950532	0.0008847101	0.0008743611	0.0008640111	0.0008536650	0.0008433274	0.0008330030	0.0008226962	0.0008124113	0.0008021526	0.0007919241	0.0007817298	0.0007715737	0.0007614594	0.0007513906	0.0007413708	0.0007314034	0.0007214916	0.0007116386	0.0007018473	0.0006921206	0.0006824614	0.0006728723	0.0006633559	0.0006539145	0.0006445503	0.0006352655	0.0006260624	0.0006169439	0.0006079136	0.0005989725	0.0005901117	0.0005813065	0.0005725371	0.0005638733	0.0005555958	0.0005481566	0.0005418016	0.0005362700	0.0005310973	0.0005260018	0.0005209183	0.0005158671	0.0005108709	0.0005059382	0.0005010691	0.0004962618	0.0004915149	0.0004868277	0.0004821995	0.0004776297	0.0004731177	0.0004686628	0.0004642645	0.0004599219	0.0004556346	0.0004514017	0.0004472227	0.0004430968	0.0004390233	0.0004350017	0.0004310312	0.0004271111	0.0004232407	0.0004194194	0.0004156470	0.0004119234	0.0004082479	0.0004046166	0.0004010186
0.0006408917	0.0006410561	0.0006412378	0.0006414481	0.0006416906	0.0006419653	0.0006422717	0.0006426093	0.0006429783	0.0006433788	0.0006438108	0.0006442746	0.0006447702	0.0006452979	0.0006458578	0.0006464499	0.0006470746	0.0006477320	0.0006484223	0.0006491457	0.0006499023	0.0006506924	0.0006515161	0.0006523740	0.0006532676	0.0006542001	0.0006551726	0.0006561724	0.0006571565	0.0006580635	0.0006589493	0.0006602842	0.0006630650	0.0006681037	0.0006751029	0.0006830563	0.0006912045	0.0006992998	0.0007073629	0.0007154554	0.0007236068	0.0007318205	0.0007400923	0.0007484178	0.0007567945	0.0007652206	0.0007736945	0.0007822143	0.0007907780	0.0007993835	0.0008080286	0.0008167111	0.0008254286	0.0008341788	0.0008429590	0.0008517666	0.0008605989	0.0008694530	0.0008783261	0.0008872151	0.0008961169	0.0009050286	0.0009139467	0.0009228680	0.0009317888	0.0009407056	0.0009496148	0.0009585127	0.0009673953	0.0009762587	0.0009850990	0.0009939119	0.0010026934	0.0010114391	0.0010201447	0.0010288058	0.0010374178	0.0010459762	0.0010544763	0.0010629134	0.0010712826	0.0010795792	0.0010877982	0.0010959346	0.0011039833	0.0011119393	0.0011197974	0.0011275526	0.0011351995	0.0011427332	0.0011501483	0.0011574397	0.0011646022	0.0011716304	0.0011785189	0.0011852627	0.0011918565	0.0011982950	0.0012045733	0.0012106861	0.0012166285	0.0012223954	0.0012279817	0.0012333826	0.0012385932	0.0012436088	0.0012484250	0.0012530372	0.0012574412	0.0012616326	0.0012656070	0.0012693602	0.0012728885	0.0012761882	0.0012792557	0.0012820877	0.0012846811	0.0012870325	0.0012891390	0.0012909977	0.0012926064	0.0012939627	0.0012950646	0.0012959102	0.0012964978	0.0012968257	0.0012968927	0.0012966979	0.0012962404	0.0012955199	0.0012945360	0.0012932884	0.0012917774	0.0012900033	0.0012879668	0.0012856687	0.0012831102	0.0012802925	0.0012772173	0.0012738863	0.0012703016	0.0012664654	0.0012623802	0.0012580487	0.0012534737	0.0012486584	0.0012436063	0.0012383208	0.0012328057	0.0012270649	0.0012211023	0.0012149223	0.0012085291	0.0012019277	0.0011951228	0.0011881192	0.0011809220	0.0011735362	0.0011659671	0.0011582201	0.0011503006	0.0011422145	0.0011339674	0.0011255651	0.0011170134	0.0011083181	0.0010994851	0.0010905202	0.0010814296	0.0010722194	0.0010628957	0.0010534644	0.0010439318	0.0010343037	0.0010245862	0.0010147853	0.0010049070	0.0009949571	0.0009849417	0.0009748666	0.0009647376	0.0009545605	0.0009443407	0.0009340840	0.0009237957	0.0009134814	0.0009031462	0.0008927955	0.0008824344	0.0008720678	0.0008617008	0.0008513381	0.0008409846	0.0008306447	0.0008203230	0.0008100237	0.0007997512	0.0007895095	0.0007793027	0.0007691345	0.0007590088	0.0007489293	0.0007388993	0.0007289223	0.0007190016	0.0007091403	0.0006993414	0.0006896078	0.0006799422	0.0006703473	0.0006608256	0.0006513796	0.0006420115	0.0006327234	0.0006235173	0.0006143957	0.0006053616	0.0005964180	0.0005875640	0.0005787860	0.0005700566	0.0005613719	0.0005528571	0.0005448660	0.0005378360	0.0005318562	0.0005265394	0.0005214526	0.0005164020	0.0005113678	0.0005063763	0.0005014451	0.0004965784	0.0004917753	0.0004870339	0.0004823531	0.0004777321	0.0004731702	0.0004686669	0.0004642214	0.0004598330	0.0004555012	0.0004512251	0.0004470040	0.0004428373	0.0004387243	0.0004346642	0.0004306564	0.0004267001	0.0004227946	0.0004189393	0.0004151334	0.0004113767	0.0004076692	0.0004040101	0.0004003954	0.0003968142
0.0006326664	0.0006328377	0.0006330261	0.0006332428	0.0006334915	0.0006337721	0.0006340840	0.0006344269	0.0006348009	0.0006352061	0.0006356427	0.0006361107	0.0006366103	0.0006371417	0.0006377051	0.0006383005	0.0006389282	0.0006395884	0.0006402813	0.0006410070	0.0006417658	0.0006425577	0.0006433830	0.0006442431	0.0006451403	0.0006460774	0.0006470486	0.0006480241	0.0006489434	0.0006497919	0.0006508485	0.0006529471	0.0006571202	0.0006635103	0.0006712090	0.0006792914	0.0006873584	0.0006953766	0.0007034089	0.0007114958	0.0007196470	0.0007278593	0.0007361282	0.0007444508	0.0007528253	0.0007612500	0.0007697232	0.0007782430	0.0007868075	0.0007954146	0.0008040620	0.0008127476	0.0008214691	0.0008302239	0.0008390096	0.0008478235	0.0008566629	0.0008655249	0.0008744067	0.0008833053	0.0008922176	0.0009011406	0.0009100710	0.0009190052	0.0009279399	0.0009368715	0.0009457964	0.0009547107	0.0009636106	0.0009724922	0.0009813514	0.0009901842	0.0009989864	0.0010077537	0.0010164817	0.0010251659	0.0010338018	0.0010423849	0.0010509105	0.0010593737	0.0010677698	0.0010760940	0.0010843412	0.0010925065	0.0011005848	0.0011085709	0.0011164597	0.0011242460	0.0011319246	0.0011394904	0.0011469381	0.0011542626	0.0011614584	0.0011685203	0.0011754430	0.0011822211	0.0011888492	0.0011953222	0.0012016350	0.0012077824	0.0012137595	0.0012195611	0.0012251821	0.0012306175	0.0012358625	0.0012409123	0.0012457623	0.0012504081	0.0012548453	0.0012590694	0.0012630761	0.0012668612	0.0012704207	0.0012737511	0.0012768487	0.0012797102	0.0012823323	0.0012847117	0.0012868454	0.0012887306	0.0012903648	0.0012917457	0.0012928712	0.0012937395	0.0012943489	0.0012946976	0.0012947844	0.0012946082	0.0012941684	0.0012934643	0.0012924957	0.0012912624	0.0012897645	0.0012880024	0.0012859767	0.0012836883	0.0012811382	0.0012783279	0.0012752588	0.0012719329	0.0012683520	0.0012645186	0.0012604351	0.0012561041	0.0012515285	0.0012467117	0.0012416568	0.0012363676	0.0012308478	0.0012251012	0.0012191320	0.0012129443	0.0012065428	0.0011999321	0.0011931171	0.0011861026	0.0011788937	0.0011714956	0.0011639134	0.0011561527	0.0011482190	0.0011401182	0.0011318558	0.0011234377	0.0011148698	0.0011061579	0.0010973079	0.0010883259	0.0010792178	0.0010699900	0.0010606485	0.0010511994	0.0010416488	0.0010320027	0.0010222672	0.0010124483	0.0010025520	0.0009925843	0.0009825513	0.0009724588	0.0009623126	0.0009521186	0.0009418823	0.0009316093	0.0009213051	0.0009109752	0.0009006248	0.0008902593	0.0008798838	0.0008695035	0.0008591231	0.0008487477	0.0008383818	0.0008280302	0.0008176973	0.0008073874	0.0007971048	0.0007868536	0.0007766379	0.0007664614	0.0007563280	0.0007462412	0.0007362047	0.0007262219	0.0007162959	0.0007064299	0.0006966269	0.0006868898	0.0006772213	0.0006676241	0.0006581007	0.0006486535	0.0006392848	0.0006299968	0.0006207913	0.0006116704	0.0006026366	0.0005936931	0.0005848420	0.0005760795	0.0005673868	0.0005587371	0.0005501535	0.0005418306	0.0005341883	0.0005276017	0.0005219640	0.0005168105	0.0005117872	0.0005067821	0.0005018037	0.0004968771	0.0004920139	0.0004872157	0.0004824808	0.0004778075	0.0004731949	0.0004686422	0.0004641486	0.0004597136	0.0004553364	0.0004510163	0.0004467526	0.0004425444	0.0004383911	0.0004342920	0.0004302463	0.0004262533	0.0004223123	0.0004184225	0.0004145831	0.0004107936	0.0004070536	0.0004033630	0.0003997212	0.0003961242	0.0003925606
0.0006243966	0.0006245743	0.0006247690	0.0006249917	0.0006252460	0.0006255320	0.0006258490	0.0006261968	0.0006265753	0.0006269848	0.0006274253	0.0006278971	0.0006284002	0.0006289348	0.0006295010	0.0006300991	0.0006307293	0.0006313917	0.0006320865	0.0006328139	0.0006335740	0.0006343671	0.0006351938	0.0006360562	0.0006369573	0.0006378960	0.0006388535	0.0006397793	0.0006406240	0.0006415186	0.0006430830	0.0006463762	0.0006519809	0.0006592863	0.0006672547	0.0006752900	0.0006832675	0.0006912388	0.0006992567	0.0007073392	0.0007154859	0.0007236921	0.0007319545	0.0007402710	0.0007486401	0.0007570602	0.0007655295	0.0007740462	0.0007826081	0.0007912134	0.0007998599	0.0008085452	0.0008172672	0.0008260234	0.0008348112	0.0008436279	0.0008524709	0.0008613374	0.0008702245	0.0008791293	0.0008880487	0.0008969796	0.0009059186	0.0009148624	0.0009238075	0.0009327504	0.0009416874	0.0009506147	0.0009595284	0.0009684247	0.0009772995	0.0009861488	0.0009949682	0.0010037536	0.0010125005	0.0010212045	0.0010298610	0.0010384654	0.0010470130	0.0010554991	0.0010639188	0.0010722673	0.0010805395	0.0010887305	0.0010968352	0.0011048483	0.0011127646	0.0011205790	0.0011282864	0.0011358814	0.0011433588	0.0011507133	0.0011579397	0.0011650327	0.0011719866	0.0011787962	0.0011854561	0.0011919610	0.0011983059	0.0012044855	0.0012104949	0.0012163288	0.0012219822	0.0012274501	0.0012327275	0.0012378094	0.0012426914	0.0012473688	0.0012518372	0.0012560922	0.0012601297	0.0012639452	0.0012675347	0.0012708945	0.0012740209	0.0012769106	0.0012795602	0.0012819666	0.0012841266	0.0012860374	0.0012876964	0.0012891013	0.0012902500	0.0012911407	0.0012917714	0.0012921407	0.0012922470	0.0012920895	0.0012916672	0.0012909798	0.0012900268	0.0012888081	0.0012873238	0.0012855742	0.0012835600	0.0012812819	0.0012787412	0.0012759392	0.0012728773	0.0012695575	0.0012659818	0.0012621525	0.0012580720	0.0012537430	0.0012491685	0.0012443517	0.0012392960	0.0012340050	0.0012284824	0.0012227322	0.0012167584	0.0012105653	0.0012041576	0.0011975400	0.0011907173	0.0011836945	0.0011764766	0.0011690687	0.0011614762	0.0011537046	0.0011457596	0.0011376469	0.0011293723	0.0011209416	0.0011123606	0.0011036352	0.0010947715	0.0010857754	0.0010766533	0.0010674112	0.0010580553	0.0010485918	0.0010390267	0.0010293662	0.0010196162	0.0010097829	0.0009998724	0.0009898905	0.0009798435	0.0009697373	0.0009595777	0.0009493705	0.0009391213	0.0009288359	0.0009185195	0.0009081778	0.0008978160	0.0008874396	0.0008770536	0.0008666632	0.0008562734	0.0008458890	0.0008355147	0.0008251551	0.0008148148	0.0008044981	0.0007942092	0.0007839524	0.0007737315	0.0007635505	0.0007534131	0.0007433230	0.0007332837	0.0007232986	0.0007133710	0.0007035040	0.0006937006	0.0006839636	0.0006742958	0.0006646999	0.0006551783	0.0006457334	0.0006363677	0.0006270831	0.0006178816	0.0006087652	0.0005997358	0.0005907961	0.0005819492	0.0005731959	0.0005645281	0.0005559221	0.0005473579	0.0005389024	0.0005308359	0.0005236139	0.0005174685	0.0005121097	0.0005070732	0.0005021026	0.0004971484	0.0004922324	0.0004873748	0.0004825824	0.0004778548	0.0004731903	0.0004685873	0.0004640448	0.0004595623	0.0004551390	0.0004507741	0.0004464669	0.0004422166	0.0004380224	0.0004338837	0.0004297995	0.0004257693	0.0004217922	0.0004178674	0.0004139942	0.0004101719	0.0004063997	0.0004026774	0.0003990047	0.0003953812	0.0003918026	0.0003882575
0.0006160826	0.0006162664	0.0006164669	0.0006166951	0.0006169547	0.0006172456	0.0006175672	0.0006179194	0.0006183020	0.0006187152	0.0006191592	0.0006196342	0.0006201402	0.0006206775	0.0006212461	0.0006218463	0.0006224783	0.0006231423	0.0006238384	0.0006245668	0.0006253276	0.0006261213	0.0006269493	0.0006278145	0.0006287184	0.0006296513	0.0006305755	0.0006314303	0.0006322412	0.0006334070	0.0006358898	0.0006406037	0.0006473508	0.0006551160	0.0006631012	0.0006710416	0.0006789542	0.0006868999	0.0006949082	0.0007029831	0.0007111205	0.0007193166	0.0007275691	0.0007358764	0.0007442369	0.0007526492	0.0007611113	0.0007696214	0.0007781775	0.0007867777	0.0007954197	0.0008041015	0.0008128206	0.0008215746	0.0008303609	0.0008391771	0.0008480202	0.0008568877	0.0008657767	0.0008746841	0.0008836070	0.0008925422	0.0009014864	0.0009104361	0.0009193881	0.0009283387	0.0009372842	0.0009462208	0.0009551449	0.0009640523	0.0009729391	0.0009818013	0.0009906345	0.0009994344	0.0010081967	0.0010169170	0.0010255906	0.0010342128	0.0010427791	0.0010512847	0.0010597246	0.0010680940	0.0010763879	0.0010846013	0.0010927289	0.0011007657	0.0011087065	0.0011165459	0.0011242789	0.0011319000	0.0011394041	0.0011467859	0.0011540399	0.0011611608	0.0011681430	0.0011749813	0.0011816703	0.0011882046	0.0011945790	0.0012007883	0.0012068275	0.0012126914	0.0012183750	0.0012238730	0.0012291805	0.0012342925	0.0012392042	0.0012439112	0.0012484091	0.0012526935	0.0012567599	0.0012606042	0.0012642221	0.0012676098	0.0012707637	0.0012736802	0.0012763563	0.0012787887	0.0012809741	0.0012829096	0.0012845927	0.0012860208	0.0012871921	0.0012881046	0.0012887563	0.0012891457	0.0012892715	0.0012891324	0.0012887278	0.0012880571	0.0012871200	0.0012859162	0.0012844459	0.0012827093	0.0012807072	0.0012784403	0.0012759098	0.0012731171	0.0012700635	0.0012667511	0.0012631818	0.0012593580	0.0012552819	0.0012509566	0.0012463848	0.0012415698	0.0012365151	0.0012312242	0.0012257009	0.0012199491	0.0012139730	0.0012077769	0.0012013654	0.0011947433	0.0011879154	0.0011808868	0.0011736625	0.0011662476	0.0011586476	0.0011508681	0.0011429147	0.0011347932	0.0011265094	0.0011180692	0.0011094783	0.0011007428	0.0010918686	0.0010828620	0.0010737291	0.0010644763	0.0010551096	0.0010456352	0.0010360592	0.0010263878	0.0010166270	0.0010067830	0.0009968619	0.0009868697	0.0009768126	0.0009666964	0.0009565272	0.0009463106	0.0009360524	0.0009257583	0.0009154337	0.0009050841	0.0008947149	0.0008843314	0.0008739389	0.0008635424	0.0008531471	0.0008427576	0.0008323788	0.0008220152	0.0008116714	0.0008013518	0.0007910606	0.0007808019	0.0007705798	0.0007603981	0.0007502606	0.0007401710	0.0007301327	0.0007201492	0.0007102238	0.0007003595	0.0006905594	0.0006808262	0.0006711629	0.0006615718	0.0006520557	0.0006426168	0.0006332574	0.0006239798	0.0006147858	0.0006056774	0.0005966563	0.0005877246	0.0005788852	0.0005701406	0.0005614895	0.0005529185	0.0005444009	0.0005359344	0.0005276503	0.0005199134	0.0005131555	0.0005074171	0.0005022755	0.0004973245	0.0004924046	0.0004875081	0.0004826601	0.0004778749	0.0004731555	0.0004685006	0.0004639084	0.0004593776	0.0004549073	0.0004504969	0.0004461455	0.0004418523	0.0004376166	0.0004334376	0.0004293145	0.0004252465	0.0004212327	0.0004172725	0.0004133651	0.0004095096	0.0004057053	0.0004019515	0.0003982477	0.0003945940	0.0003909896	0.0003874304	0.0003839049
0.0006077248	0.0006079142	0.0006081202	0.0006083536	0.0006086180	0.0006089134	0.0006092392	0.0006095952	0.0006099814	0.0006103979	0.0006108449	0.0006113226	0.0006118310	0.0006123703	0.0006129408	0.0006135426	0.0006141758	0.0006148408	0.0006155376	0.0006162663	0.0006170272	0.0006178213	0.0006186508	0.0006195185	0.0006204211	0.0006213341	0.0006222018	0.0006229908	0.0006239057	0.0006256957	0.0006294399	0.0006354588	0.0006429048	0.0006508028	0.0006587060	0.0006665635	0.0006744358	0.0006823649	0.0006903620	0.0006984245	0.0007065484	0.0007147309	0.0007229703	0.0007312651	0.0007396139	0.0007480149	0.0007564664	0.0007649666	0.0007735135	0.0007821051	0.0007907393	0.0007994140	0.0008081266	0.0008168749	0.0008256563	0.0008344682	0.0008433080	0.0008521729	0.0008610601	0.0008699667	0.0008788894	0.0008878253	0.0008967709	0.0009057230	0.0009146782	0.0009236327	0.0009325831	0.0009415255	0.0009504562	0.0009593711	0.0009682663	0.0009771377	0.0009859810	0.0009947919	0.0010035661	0.0010122989	0.0010209860	0.0010296226	0.0010382040	0.0010467255	0.0010551821	0.0010635690	0.0010718811	0.0010801134	0.0010882606	0.0010963178	0.0011042797	0.0011121410	0.0011198964	0.0011275406	0.0011350683	0.0011424741	0.0011497525	0.0011568982	0.0011639058	0.0011707700	0.0011774853	0.0011840462	0.0011904474	0.0011966839	0.0012027505	0.0012086419	0.0012143530	0.0012198787	0.0012252140	0.0012303538	0.0012352934	0.0012400281	0.0012445535	0.0012488652	0.0012529588	0.0012568301	0.0012604748	0.0012638890	0.0012670689	0.0012700112	0.0012727125	0.0012751696	0.0012773793	0.0012793385	0.0012810447	0.0012824954	0.0012836885	0.0012846222	0.0012852945	0.0012857038	0.0012858487	0.0012857281	0.0012853411	0.0012846873	0.0012837662	0.0012825777	0.0012811218	0.0012793988	0.0012774094	0.0012751545	0.0012726351	0.0012698525	0.0012668084	0.0012635045	0.0012599428	0.0012561259	0.0012520560	0.0012477359	0.0012431685	0.0012383572	0.0012333054	0.0012280166	0.0012224947	0.0012167436	0.0012107673	0.0012045705	0.0011981577	0.0011915337	0.0011847033	0.0011776716	0.0011704437	0.0011630246	0.0011554200	0.0011476354	0.0011396767	0.0011315496	0.0011232598	0.0011148132	0.0011062158	0.0010974735	0.0010885924	0.0010795787	0.0010704387	0.0010611786	0.0010518046	0.0010423230	0.0010327398	0.0010230612	0.0010132933	0.0010034424	0.0009935146	0.0009835160	0.0009734527	0.0009633306	0.0009531556	0.0009429336	0.0009326704	0.0009223715	0.0009120426	0.0009016892	0.0008913166	0.0008809302	0.0008705351	0.0008601366	0.0008497398	0.0008393493	0.0008289700	0.0008186064	0.0008082632	0.0007979446	0.0007876550	0.0007773985	0.0007671791	0.0007570007	0.0007468670	0.0007367818	0.0007267485	0.0007167705	0.0007068511	0.0006969934	0.0006872003	0.0006774748	0.0006678196	0.0006582372	0.0006487302	0.0006393009	0.0006299516	0.0006206845	0.0006115016	0.0006024046	0.0005933955	0.0005844758	0.0005756480	0.0005669147	0.0005582777	0.0005497322	0.0005412592	0.0005328336	0.0005244863	0.0005164306	0.0005090995	0.0005028290	0.0004974362	0.0004924512	0.0004875657	0.0004826996	0.0004778678	0.0004730924	0.0004683823	0.0004637381	0.0004591578	0.0004546398	0.0004501831	0.0004457867	0.0004414500	0.0004371722	0.0004329523	0.0004287896	0.0004246832	0.0004206324	0.0004166363	0.0004126941	0.0004088051	0.0004049683	0.0004011831	0.0003974486	0.0003937645	0.0003901307	0.0003865464	0.0003830075	0.0003795024
0.0005993237	0.0005995184	0.0005997293	0.0005999675	0.0006002363	0.0006005357	0.0006008653	0.0006012247	0.0006016140	0.0006020333	0.0006024828	0.0006029627	0.0006034730	0.0006040139	0.0006045857	0.0006051884	0.0006058224	0.0006064877	0.0006071845	0.0006079129	0.0006086735	0.0006094680	0.0006102993	0.0006111677	0.0006120600	0.0006129329	0.0006137299	0.0006145178	0.0006157953	0.0006186018	0.0006237088	0.0006306641	0.0006384071	0.0006462656	0.0006540737	0.0006618739	0.0006697202	0.0006776338	0.0006856155	0.0006936613	0.0007017679	0.0007099334	0.0007181564	0.0007264355	0.0007347691	0.0007431555	0.0007515931	0.0007600799	0.0007686141	0.0007771936	0.0007858165	0.0007944804	0.0008031830	0.0008119220	0.0008206948	0.0008294989	0.0008383317	0.0008471904	0.0008560722	0.0008649741	0.0008738930	0.0008828258	0.0008917692	0.0009007199	0.0009096745	0.0009186293	0.0009275808	0.0009365253	0.0009454588	0.0009543775	0.0009632773	0.0009721542	0.0009810038	0.0009898220	0.0009986042	0.0010073460	0.0010160429	0.0010246902	0.0010332831	0.0010418168	0.0010502866	0.0010586874	0.0010670141	0.0010752617	0.0010834252	0.0010914993	0.0010994789	0.0011073587	0.0011151333	0.0011227973	0.0011303452	0.0011377717	0.0011450713	0.0011522389	0.0011592689	0.0011661560	0.0011728945	0.0011794793	0.0011859048	0.0011921657	0.0011982569	0.0012041730	0.0012099091	0.0012154601	0.0012208208	0.0012259862	0.0012309514	0.0012357117	0.0012402625	0.0012445996	0.0012487186	0.0012526152	0.0012562850	0.0012597241	0.0012629287	0.0012658952	0.0012686203	0.0012711007	0.0012733336	0.0012753155	0.0012770440	0.0012785165	0.0012797308	0.0012806851	0.0012813775	0.0012818064	0.0012819702	0.0012818679	0.0012814985	0.0012808616	0.0012799567	0.0012787838	0.0012773427	0.0012756339	0.0012736579	0.0012714157	0.0012689082	0.0012661369	0.0012631032	0.0012598091	0.0012562565	0.0012524478	0.0012483855	0.0012440722	0.0012395110	0.0012347052	0.0012296582	0.0012243736	0.0012188553	0.0012131071	0.0012071332	0.0012009381	0.0011945265	0.0011879031	0.0011810730	0.0011740409	0.0011668121	0.0011593919	0.0011517858	0.0011439993	0.0011360383	0.0011279087	0.0011196162	0.0011111666	0.0011025660	0.0010938203	0.0010849358	0.0010759186	0.0010667752	0.0010575116	0.0010481341	0.0010386489	0.0010290623	0.0010193803	0.0010096093	0.0009997554	0.0009898248	0.0009798238	0.0009697583	0.0009596343	0.0009494577	0.0009392344	0.0009289701	0.0009186705	0.0009083414	0.0008979882	0.0008876163	0.0008772311	0.0008668378	0.0008564414	0.0008460471	0.0008356597	0.0008252840	0.0008149246	0.0008045860	0.0007942726	0.0007839887	0.0007737385	0.0007635258	0.0007533548	0.0007432291	0.0007331523	0.0007231279	0.0007131594	0.0007032500	0.0006934027	0.0006836206	0.0006739066	0.0006642633	0.0006546934	0.0006451993	0.0006357834	0.0006264479	0.0006171950	0.0006080267	0.0005989448	0.0005899512	0.0005810473	0.0005722351	0.0005635169	0.0005548954	0.0005463705	0.0005379329	0.0005295587	0.0005212327	0.0005130397	0.0005052885	0.0004984319	0.0004926242	0.0004875035	0.0004826295	0.0004778012	0.0004729947	0.0004682337	0.0004635346	0.0004589020	0.0004543347	0.0004498308	0.0004453889	0.0004410080	0.0004366873	0.0004324259	0.0004282230	0.0004240778	0.0004199894	0.0004159570	0.0004119797	0.0004080566	0.0004041871	0.0004003701	0.0003966050	0.0003928909	0.0003892274	0.0003856145	0.0003820514	0.0003785338	0.0003750500
0.0005908798	0.0005910793	0.0005912949	0.0005915373	0.0005918101	0.0005921132	0.0005924460	0.0005928084	0.0005932003	0.0005936220	0.0005940735	0.0005945550	0.0005950667	0.0005956087	0.0005961812	0.0005967844	0.0005974184	0.0005980835	0.0005987797	0.0005995073	0.0006002674	0.0006010625	0.0006018950	0.0006027592	0.0006036264	0.0006044394	0.0006051834	0.0006061291	0.0006081193	0.0006122055	0.0006184677	0.0006259396	0.0006337271	0.0006414906	0.0006492229	0.0006569846	0.0006648097	0.0006727047	0.0006806665	0.0006886915	0.0006967773	0.0007049225	0.0007131258	0.0007213858	0.0007297008	0.0007380692	0.0007464893	0.0007549593	0.0007634773	0.0007720412	0.0007806491	0.0007892987	0.0007979876	0.0008067136	0.0008154741	0.0008242667	0.0008330888	0.0008419375	0.0008508101	0.0008597036	0.0008686149	0.0008775409	0.0008864783	0.0008954238	0.0009043740	0.0009133252	0.0009222740	0.0009312166	0.0009401492	0.0009490678	0.0009579684	0.0009668470	0.0009756992	0.0009845207	0.0009933072	0.0010020542	0.0010107571	0.0010194112	0.0010280119	0.0010365543	0.0010450335	0.0010534444	0.0010617820	0.0010700415	0.0010782176	0.0010863052	0.0010942990	0.0011021938	0.0011099841	0.0011176643	0.0011252290	0.0011326730	0.0011399908	0.0011471770	0.0011542262	0.0011611330	0.0011678920	0.0011744976	0.0011809444	0.0011872268	0.0011933398	0.0011992781	0.0012050366	0.0012106103	0.0012159939	0.0012211825	0.0012261709	0.0012309546	0.0012355290	0.0012398895	0.0012440319	0.0012479518	0.0012516450	0.0012551072	0.0012583347	0.0012613239	0.0012640715	0.0012665742	0.0012688290	0.0012708327	0.0012725825	0.0012740758	0.0012753106	0.0012762849	0.0012769969	0.0012774448	0.0012776273	0.0012775430	0.0012771912	0.0012765712	0.0012756829	0.0012745258	0.0012731000	0.0012714059	0.0012694440	0.0012672151	0.0012647205	0.0012619614	0.0012589393	0.0012556562	0.0012521140	0.0012483151	0.0012442619	0.0012399572	0.0012354040	0.0012306055	0.0012255654	0.0012202871	0.0012147745	0.0012090315	0.0012030623	0.0011968715	0.0011904637	0.0011838438	0.0011770165	0.0011699870	0.0011627604	0.0011553420	0.0011477373	0.0011399522	0.0011319923	0.0011238634	0.0011155715	0.0011071223	0.0010985220	0.0010897765	0.0010808922	0.0010718752	0.0010627320	0.0010534687	0.0010440916	0.0010346068	0.0010250206	0.0010153392	0.0010055690	0.0009957161	0.0009857869	0.0009757875	0.0009657239	0.0009556021	0.0009454280	0.0009352076	0.0009249465	0.0009146505	0.0009043253	0.0008939765	0.0008836095	0.0008732298	0.0008628424	0.0008524524	0.0008420650	0.0008316849	0.0008213170	0.0008109660	0.0008006363	0.0007903323	0.0007800582	0.0007698184	0.0007596167	0.0007494572	0.0007393435	0.0007292792	0.0007192679	0.0007093129	0.0006994175	0.0006895847	0.0006798176	0.0006701189	0.0006604915	0.0006509379	0.0006414606	0.0006320619	0.0006227440	0.0006135090	0.0006043590	0.0005952959	0.0005863213	0.0005774369	0.0005686443	0.0005599453	0.0005513426	0.0005428380	0.0005344289	0.0005261002	0.0005178257	0.0005096147	0.0005016295	0.0004942687	0.0004879290	0.0004825280	0.0004776033	0.0004728080	0.0004680364	0.0004632967	0.0004586118	0.0004539920	0.0004494387	0.0004449501	0.0004405243	0.0004361601	0.0004318567	0.0004276131	0.0004234285	0.0004193020	0.0004152328	0.0004112199	0.0004072625	0.0004033598	0.0003995108	0.0003957148	0.0003919708	0.0003882782	0.0003846364	0.0003810454	0.0003775044	0.0003740090	0.0003705476
0.0005823936	0.0005825975	0.0005828173	0.0005830636	0.0005833399	0.0005836462	0.0005839819	0.0005843468	0.0005847409	0.0005851644	0.0005856175	0.0005861002	0.0005866127	0.0005871552	0.0005877279	0.0005883310	0.0005889646	0.0005896288	0.0005903238	0.0005910502	0.0005918100	0.0005926058	0.0005934370	0.0005942873	0.0005951104	0.0005958564	0.0005966288	0.0005980020	0.0006010525	0.0006064134	0.0006134452	0.0006211022	0.0006288187	0.0006364899	0.0006441681	0.0006519007	0.0006597033	0.0006675754	0.0006755131	0.0006835137	0.0006915754	0.0006996970	0.0007078772	0.0007161145	0.0007244075	0.0007327544	0.0007411535	0.0007496031	0.0007581013	0.0007666460	0.0007752353	0.0007838668	0.0007925383	0.0008012476	0.0008099921	0.0008187694	0.0008275770	0.0008364120	0.0008452715	0.0008541527	0.0008630525	0.0008719678	0.0008808953	0.0008898317	0.0008987736	0.0009077174	0.0009166596	0.0009255964	0.0009345241	0.0009434387	0.0009523362	0.0009612125	0.0009700633	0.0009788843	0.0009876712	0.0009964195	0.0010051245	0.0010137817	0.0010223863	0.0010309335	0.0010394181	0.0010478354	0.0010561804	0.0010644481	0.0010726331	0.0010807306	0.0010887350	0.0010966411	0.0011044433	0.0011121362	0.0011197144	0.0011271725	0.0011345051	0.0011417066	0.0011487719	0.0011556954	0.0011624716	0.0011690949	0.0011755598	0.0011818609	0.0011879929	0.0011939506	0.0011997288	0.0012053224	0.0012107264	0.0012159357	0.0012209452	0.0012257501	0.0012303456	0.0012347274	0.0012388910	0.0012428322	0.0012465468	0.0012500305	0.0012532794	0.0012562898	0.0012590585	0.0012615821	0.0012638575	0.0012658816	0.0012676517	0.0012691651	0.0012704196	0.0012714132	0.0012721442	0.0012726109	0.0012728117	0.0012727454	0.0012724110	0.0012718082	0.0012709364	0.0012697954	0.0012683854	0.0012667065	0.0012647592	0.0012625446	0.0012600637	0.0012573178	0.0012543085	0.0012510375	0.0012475071	0.0012437193	0.0012396769	0.0012353825	0.0012308390	0.0012260500	0.0012210187	0.0012157489	0.0012102442	0.0012045088	0.0011985468	0.0011923628	0.0011859615	0.0011793477	0.0011725263	0.0011655023	0.0011582809	0.0011508673	0.0011432674	0.0011354868	0.0011275313	0.0011194068	0.0011111189	0.0011026737	0.0010940772	0.0010853356	0.0010764551	0.0010674422	0.0010583031	0.0010490439	0.0010396710	0.0010301906	0.0010206088	0.0010109321	0.0010011668	0.0009913192	0.0009813954	0.0009714017	0.0009613442	0.0009512289	0.0009410616	0.0009308482	0.0009205947	0.0009103066	0.0008999897	0.0008896496	0.0008792919	0.0008689219	0.0008585447	0.0008481656	0.0008377893	0.0008274209	0.0008170652	0.0008067268	0.0007964102	0.0007861199	0.0007758601	0.0007656349	0.0007554485	0.0007453046	0.0007352071	0.0007251596	0.0007151655	0.0007052282	0.0006953508	0.0006855366	0.0006757885	0.0006661093	0.0006565017	0.0006469684	0.0006375117	0.0006281340	0.0006188376	0.0006096244	0.0006004965	0.0005914558	0.0005825040	0.0005736428	0.0005648735	0.0005561978	0.0005476177	0.0005391358	0.0005307527	0.0005224616	0.0005142412	0.0005060710	0.0004980058	0.0004903070	0.0004834257	0.0004775956	0.0004725119	0.0004677195	0.0004629876	0.0004582783	0.0004536124	0.0004490076	0.0004444694	0.0004399971	0.0004355887	0.0004312427	0.0004269578	0.0004227333	0.0004185682	0.0004144617	0.0004104129	0.0004064208	0.0004024845	0.0003986032	0.0003947760	0.0003910020	0.0003872803	0.0003836102	0.0003799912	0.0003764231	0.0003729052	0.0003694332	0.0003659950
0.0005738657	0.0005740736	0.0005742971	0.0005745469	0.0005748263	0.0005751353	0.0005754735	0.0005758404	0.0005762363	0.0005766612	0.0005771153	0.0005775987	0.0005781116	0.0005786541	0.0005792265	0.0005798289	0.0005804614	0.0005811242	0.0005818175	0.0005825427	0.0005833022	0.0005840978	0.0005849224	0.0005857443	0.0005865068	0.0005872124	0.0005881810	0.0005903140	0.0005946185	0.0006009939	0.0006084137	0.0006160638	0.0006236806	0.0006312794	0.0006389176	0.0006466229	0.0006543995	0.0006622444	0.0006701541	0.0006781266	0.0006861608	0.0006942554	0.0007024090	0.0007106203	0.0007188877	0.0007272095	0.0007355841	0.0007440097	0.0007524844	0.0007610062	0.0007695731	0.0007781829	0.0007868333	0.0007955220	0.0008042468	0.0008130050	0.0008217941	0.0008306114	0.0008394540	0.0008483190	0.0008572034	0.0008661040	0.0008750177	0.0008839410	0.0008928706	0.0009018030	0.0009107346	0.0009196617	0.0009285805	0.0009374870	0.0009463774	0.0009552473	0.0009640927	0.0009729093	0.0009816926	0.0009904381	0.0009991414	0.0010077977	0.0010164022	0.0010249500	0.0010334364	0.0010418563	0.0010502048	0.0010584768	0.0010666672	0.0010747707	0.0010827819	0.0010906954	0.0010985059	0.0011062079	0.0011137961	0.0011212649	0.0011286088	0.0011358225	0.0011429005	0.0011498372	0.0011566272	0.0011632649	0.0011697449	0.0011760617	0.0011822098	0.0011881840	0.0011939791	0.0011995901	0.0012050118	0.0012102393	0.0012152673	0.0012200909	0.0012247053	0.0012291060	0.0012332888	0.0012372494	0.0012409834	0.0012444868	0.0012477553	0.0012507853	0.0012535734	0.0012561164	0.0012584111	0.0012604547	0.0012622440	0.0012637765	0.0012650500	0.0012660623	0.0012668117	0.0012672966	0.0012675154	0.0012674667	0.0012671498	0.0012665641	0.0012657090	0.0012645845	0.0012631905	0.0012615273	0.0012595955	0.0012573959	0.0012549296	0.0012521980	0.0012492025	0.0012459450	0.0012424277	0.0012386527	0.0012346226	0.0012303402	0.0012258084	0.0012210306	0.0012160103	0.0012107510	0.0012052567	0.0011995313	0.0011935790	0.0011874045	0.0011810124	0.0011744075	0.0011675948	0.0011605793	0.0011533662	0.0011459608	0.0011383689	0.0011305963	0.0011226486	0.0011145317	0.0011062515	0.0010978139	0.0010892250	0.0010804910	0.0010716183	0.0010626133	0.0010534821	0.0010442311	0.0010348663	0.0010253943	0.0010158212	0.0010061534	0.0009963972	0.0009865590	0.0009766450	0.0009666614	0.0009566143	0.0009465096	0.0009363534	0.0009261516	0.0009159099	0.0009056342	0.0008953301	0.0008850032	0.0008746592	0.0008643033	0.0008539408	0.0008435768	0.0008332162	0.0008228639	0.0008125248	0.0008022034	0.0007919044	0.0007816321	0.0007713909	0.0007611848	0.0007510179	0.0007408941	0.0007308171	0.0007207905	0.0007108179	0.0007009024	0.0006910474	0.0006812559	0.0006715309	0.0006618752	0.0006522916	0.0006427825	0.0006333505	0.0006239978	0.0006147267	0.0006055392	0.0005964372	0.0005874228	0.0005784975	0.0005696631	0.0005609208	0.0005522723	0.0005437190	0.0005352634	0.0005269073	0.0005186492	0.0005104766	0.0005023647	0.0004943116	0.0004864445	0.0004791267	0.0004727798	0.0004674004	0.0004625456	0.0004578451	0.0004531743	0.0004485344	0.0004439480	0.0004394264	0.0004349716	0.0004305818	0.0004262551	0.0004219902	0.0004177861	0.0004136419	0.0004095567	0.0004055294	0.0004015593	0.0003976454	0.0003937867	0.0003899825	0.0003862316	0.0003825333	0.0003788868	0.0003752916	0.0003717475	0.0003682538	0.0003648060	0.0003613922
0.0005652966	0.0005655081	0.0005657350	0.0005659877	0.0005662698	0.0005665812	0.0005669213	0.0005672899	0.0005676870	0.0005681128	0.0005685675	0.0005690511	0.0005695639	0.0005701059	0.0005706775	0.0005712787	0.0005719095	0.0005725703	0.0005732617	0.0005739856	0.0005747448	0.0005755376	0.0005763458	0.0005771220	0.0005778221	0.0005785758	0.0005800046	0.0005831985	0.0005886834	0.0005957006	0.0006032352	0.0006107994	0.0006183260	0.0006258704	0.0006334743	0.0006411502	0.0006488966	0.0006567101	0.0006645881	0.0006725294	0.0006805326	0.0006885967	0.0006967203	0.0007049019	0.0007131401	0.0007214332	0.0007297796	0.0007381775	0.0007466251	0.0007551203	0.0007636610	0.0007722452	0.0007808707	0.0007895351	0.0007982362	0.0008069714	0.0008157382	0.0008245338	0.0008333555	0.0008422003	0.0008510652	0.0008599471	0.0008688428	0.0008777491	0.0008866624	0.0008955793	0.0009044962	0.0009134095	0.0009223153	0.0009312097	0.0009400888	0.0009489483	0.0009577842	0.0009665922	0.0009753678	0.0009841066	0.0009928040	0.0010014553	0.0010100556	0.0010186002	0.0010270843	0.0010355029	0.0010438510	0.0010521235	0.0010603153	0.0010684208	0.0010764348	0.0010843521	0.0010921672	0.0010998747	0.0011074691	0.0011149449	0.0011222968	0.0011295192	0.0011366063	0.0011435528	0.0011503533	0.0011570022	0.0011634941	0.0011698234	0.0011759845	0.0011819723	0.0011877816	0.0011934071	0.0011988438	0.0012040866	0.0012091304	0.0012139701	0.0012186012	0.0012230187	0.0012272185	0.0012311962	0.0012349476	0.0012384685	0.0012417548	0.0012448027	0.0012476088	0.0012501699	0.0012524827	0.0012545444	0.0012563519	0.0012579025	0.0012591939	0.0012602241	0.0012609913	0.0012614939	0.0012617303	0.0012616991	0.0012613995	0.0012608307	0.0012599926	0.0012588848	0.0012575072	0.0012558603	0.0012539445	0.0012517607	0.0012493100	0.0012465936	0.0012436132	0.0012403705	0.0012368677	0.0012331071	0.0012290910	0.0012248224	0.0012203042	0.0012155397	0.0012105325	0.0012052861	0.0011998044	0.0011940914	0.0011881514	0.0011819890	0.0011756089	0.0011690159	0.0011622149	0.0011552110	0.0011480093	0.0011406154	0.0011330349	0.0011252737	0.0011173374	0.0011092318	0.0011009629	0.0010925366	0.0010839591	0.0010752367	0.0010663757	0.0010573824	0.0010482632	0.0010390243	0.0010296719	0.0010202124	0.0010106522	0.0010009975	0.0009912548	0.0009814304	0.0009715306	0.0009615614	0.0009515291	0.0009414396	0.0009312989	0.0009211130	0.0009108878	0.0009006289	0.0008903422	0.0008800331	0.0008697073	0.0008593701	0.0008490267	0.0008386823	0.0008283419	0.0008180103	0.0008076923	0.0007973924	0.0007871155	0.0007768657	0.0007666475	0.0007564650	0.0007463221	0.0007362227	0.0007261706	0.0007161693	0.0007062224	0.0006963331	0.0006865047	0.0006767402	0.0006670425	0.0006574145	0.0006478588	0.0006383781	0.0006289748	0.0006196512	0.0006104094	0.0006012515	0.0005921794	0.0005831950	0.0005743001	0.0005654962	0.0005567847	0.0005481671	0.0005396446	0.0005312193	0.0005228932	0.0005146673	0.0005065364	0.0004984818	0.0004904812	0.0004825719	0.0004749786	0.0004681373	0.0004623345	0.0004573119	0.0004526101	0.0004479806	0.0004433750	0.0004388118	0.0004343091	0.0004298730	0.0004255030	0.0004211970	0.0004169535	0.0004127712	0.0004086492	0.0004045865	0.0004005822	0.0003966354	0.0003927450	0.0003889102	0.0003851300	0.0003814035	0.0003777297	0.0003741079	0.0003705376	0.0003670186	0.0003635501	0.0003601276	0.0003567391
0.0005566870	0.0005569016	0.0005571314	0.0005573868	0.0005576711	0.0005579843	0.0005583259	0.0005586957	0.0005590937	0.0005595199	0.0005599747	0.0005604580	0.0005609702	0.0005615113	0.0005620815	0.0005626809	0.0005633096	0.0005639679	0.0005646573	0.0005653801	0.0005661379	0.0005669224	0.0005677007	0.0005684173	0.0005690859	0.0005700539	0.0005722510	0.0005766483	0.0005830332	0.0005903514	0.0005978501	0.0006053132	0.0006127681	0.0006202686	0.0006278387	0.0006354812	0.0006431932	0.0006509715	0.0006588145	0.0006667209	0.0006746898	0.0006827199	0.0006908099	0.0006989582	0.0007071636	0.0007154244	0.0007237388	0.0007321053	0.0007405219	0.0007489867	0.0007574975	0.0007660523	0.0007746489	0.0007832852	0.0007919587	0.0008006670	0.0008094074	0.0008181773	0.0008269740	0.0008357945	0.0008446358	0.0008534949	0.0008623686	0.0008712536	0.0008801464	0.0008890438	0.0008979419	0.0009068372	0.0009157258	0.0009246040	0.0009334675	0.0009423125	0.0009511347	0.0009599299	0.0009686937	0.0009774216	0.0009861089	0.0009947509	0.0010033430	0.0010118803	0.0010203581	0.0010287714	0.0010371151	0.0010453841	0.0010535730	0.0010616765	0.0010696895	0.0010776067	0.0010854225	0.0010931316	0.0011007286	0.0011082080	0.0011155641	0.0011227912	0.0011298840	0.0011368369	0.0011436445	0.0011503012	0.0011568016	0.0011631401	0.0011693113	0.0011753097	0.0011811301	0.0011867671	0.0011922159	0.0011974712	0.0012025282	0.0012073817	0.0012120268	0.0012164587	0.0012206731	0.0012246657	0.0012284324	0.0012319689	0.0012352712	0.0012383354	0.0012411579	0.0012437354	0.0012460648	0.0012481432	0.0012499676	0.0012515353	0.0012528438	0.0012538912	0.0012546756	0.0012551953	0.0012554489	0.0012554349	0.0012551524	0.0012546008	0.0012537796	0.0012526887	0.0012513281	0.0012496979	0.0012477988	0.0012456315	0.0012431972	0.0012404972	0.0012375330	0.0012343064	0.0012308196	0.0012270748	0.0012230744	0.0012188214	0.0012143187	0.0012095696	0.0012045777	0.0011993465	0.0011938799	0.0011881819	0.0011822568	0.0011761093	0.0011697440	0.0011631658	0.0011563796	0.0011493904	0.0011422034	0.0011348242	0.0011272586	0.0011195123	0.0011115910	0.0011035004	0.0010952465	0.0010868354	0.0010782732	0.0010695664	0.0010607212	0.0010517439	0.0010426407	0.0010334180	0.0010240822	0.0010146396	0.0010050964	0.0009954593	0.0009857345	0.0009759284	0.0009660472	0.0009560970	0.0009460839	0.0009360141	0.0009258936	0.0009157282	0.0009055239	0.0008952866	0.0008850218	0.0008747352	0.0008644323	0.0008541184	0.0008437987	0.0008334786	0.0008231629	0.0008128565	0.0008025642	0.0007922906	0.0007820403	0.0007718177	0.0007616270	0.0007514725	0.0007413581	0.0007312877	0.0007212649	0.0007112934	0.0007013766	0.0006915178	0.0006817203	0.0006719870	0.0006623209	0.0006527249	0.0006432015	0.0006337533	0.0006243828	0.0006150923	0.0006058838	0.0005967596	0.0005877213	0.0005787710	0.0005699102	0.0005611406	0.0005524637	0.0005438807	0.0005353930	0.0005270020	0.0005187096	0.0005105179	0.0005024257	0.0004944224	0.0004864848	0.0004786052	0.0004708880	0.0004636675	0.0004573765	0.0004520603	0.0004472929	0.0004426947	0.0004381305	0.0004335974	0.0004291169	0.0004247011	0.0004203521	0.0004160681	0.0004118473	0.0004076882	0.0004035897	0.0003995510	0.0003955709	0.0003916486	0.0003877830	0.0003839733	0.0003802184	0.0003765174	0.0003728693	0.0003692734	0.0003657291	0.0003622362	0.0003587940	0.0003553978	0.0003520357
0.0005480372	0.0005482546	0.0005484870	0.0005487446	0.0005490307	0.0005493454	0.0005496881	0.0005500585	0.0005504569	0.0005508831	0.0005513375	0.0005518202	0.0005523312	0.0005528708	0.0005534391	0.0005540362	0.0005546622	0.0005553179	0.0005560052	0.0005567267	0.0005574805	0.0005582474	0.0005589800	0.0005596382	0.0005603632	0.0005617949	0.0005650242	0.0005705163	0.0005774510	0.0005848401	0.0005922447	0.0005996180	0.0006070158	0.0006144761	0.0006220097	0.0006296148	0.0006372883	0.0006450279	0.0006528323	0.0006607006	0.0006686315	0.0006766240	0.0006846768	0.0006927883	0.0007009571	0.0007091818	0.0007174606	0.0007257919	0.0007341737	0.0007426041	0.0007510811	0.0007596026	0.0007681666	0.0007767707	0.0007854126	0.0007940899	0.0008027999	0.0008115401	0.0008203076	0.0008290997	0.0008379133	0.0008467454	0.0008555929	0.0008644524	0.0008733206	0.0008821941	0.0008910692	0.0008999423	0.0009088095	0.0009176670	0.0009265109	0.0009353371	0.0009441413	0.0009529195	0.0009616671	0.0009703797	0.0009790526	0.0009876813	0.0009962610	0.0010047869	0.0010132542	0.0010216580	0.0010299932	0.0010382543	0.0010464363	0.0010545339	0.0010625419	0.0010704549	0.0010782675	0.0010859745	0.0010935703	0.0011010492	0.0011084056	0.0011156339	0.0011227288	0.0011296845	0.0011364956	0.0011431566	0.0011496621	0.0011560067	0.0011621846	0.0011681904	0.0011740188	0.0011796644	0.0011851223	0.0011903875	0.0011954547	0.0012003191	0.0012049755	0.0012094194	0.0012136461	0.0012176515	0.0012214313	0.0012249815	0.0012282978	0.0012313763	0.0012342134	0.0012368058	0.0012391504	0.0012412442	0.0012430844	0.0012446681	0.0012459928	0.0012470564	0.0012478572	0.0012483935	0.0012486638	0.0012486667	0.0012484011	0.0012478665	0.0012470624	0.0012459886	0.0012446452	0.0012430324	0.0012411506	0.0012390006	0.0012365837	0.0012339011	0.0012309543	0.0012277452	0.0012242758	0.0012205484	0.0012165655	0.0012123300	0.0012078447	0.0012031132	0.0011981388	0.0011929251	0.0011874761	0.0011817956	0.0011758882	0.0011697584	0.0011634109	0.0011568505	0.0011500821	0.0011431107	0.0011359418	0.0011285809	0.0011210337	0.0011133059	0.0011054031	0.0010973313	0.0010890963	0.0010807044	0.0010721616	0.0010634743	0.0010546490	0.0010456918	0.0010366091	0.0010274070	0.0010180920	0.0010086705	0.0009991489	0.0009895338	0.0009798315	0.0009700481	0.0009601901	0.0009502634	0.0009402743	0.0009302288	0.0009201330	0.0009099928	0.0008998143	0.0008896031	0.0008793651	0.0008691057	0.0008588304	0.0008485445	0.0008382534	0.0008279621	0.0008176759	0.0008073994	0.0007971375	0.0007868948	0.0007766758	0.0007664850	0.0007563266	0.0007462047	0.0007361234	0.0007260864	0.0007160975	0.0007061602	0.0006962780	0.0006864542	0.0006766920	0.0006669944	0.0006573642	0.0006478044	0.0006383175	0.0006289061	0.0006195726	0.0006103193	0.0006011484	0.0005920617	0.0005830614	0.0005741490	0.0005653263	0.0005565950	0.0005479564	0.0005394119	0.0005309626	0.0005226099	0.0005143554	0.0005062010	0.0004981478	0.0004901912	0.0004823144	0.0004744949	0.0004667599	0.0004593109	0.0004525700	0.0004468494	0.0004419178	0.0004373186	0.0004327975	0.0004283019	0.0004238486	0.0004194555	0.0004151288	0.0004108680	0.0004066713	0.0004025367	0.0003984633	0.0003944497	0.0003904952	0.0003865988	0.0003827593	0.0003789759	0.0003752475	0.0003715732	0.0003679520	0.0003643831	0.0003608660	0.0003574003	0.0003539854	0.0003506167	0.0003472819
0.0005393480	0.0005395678	0.0005398023	0.0005400617	0.0005403493	0.0005406650	0.0005410083	0.0005413791	0.0005417773	0.0005422031	0.0005426566	0.0005431381	0.0005436475	0.0005441852	0.0005447510	0.0005453452	0.0005459682	0.0005466211	0.0005473065	0.0005480257	0.0005487702	0.0005495070	0.0005501822	0.0005508126	0.0005517501	0.0005539275	0.0005583005	0.0005646075	0.0005717871	0.0005791231	0.0005864250	0.0005937247	0.0006010734	0.0006084932	0.0006159864	0.0006235500	0.0006311813	0.0006388786	0.0006466411	0.0006544676	0.0006623571	0.0006703084	0.0006783202	0.0006863912	0.0006945198	0.0007027046	0.0007109440	0.0007192361	0.0007275792	0.0007359714	0.0007444106	0.0007528950	0.0007614223	0.0007699903	0.0007785966	0.0007872388	0.0007959143	0.0008046206	0.0008133548	0.0008221143	0.0008308959	0.0008396968	0.0008485137	0.0008573435	0.0008661828	0.0008750281	0.0008838759	0.0008927224	0.0009015639	0.0009103965	0.0009192164	0.0009280194	0.0009368014	0.0009455582	0.0009542853	0.0009629782	0.0009716324	0.0009802434	0.0009888064	0.0009973166	0.0010057693	0.0010141593	0.0010224814	0.0010307305	0.0010389015	0.0010469891	0.0010549879	0.0010628928	0.0010706984	0.0010783992	0.0010859895	0.0010934639	0.0011008168	0.0011080427	0.0011151359	0.0011220907	0.0011289018	0.0011355637	0.0011420709	0.0011484179	0.0011545990	0.0011606090	0.0011664422	0.0011720934	0.0011775575	0.0011828293	0.0011879039	0.0011927763	0.0011974416	0.0012018949	0.0012061316	0.0012101474	0.0012139381	0.0012174995	0.0012208278	0.0012239188	0.0012267689	0.0012293746	0.0012317329	0.0012338407	0.0012356953	0.0012372938	0.0012386335	0.0012397125	0.0012405289	0.0012410812	0.0012413677	0.0012413871	0.0012411383	0.0012406206	0.0012398337	0.0012387773	0.0012374515	0.0012358564	0.0012339925	0.0012318607	0.0012294621	0.0012267979	0.0012238698	0.0012206794	0.0012172290	0.0012135207	0.0012095571	0.0012053409	0.0012008752	0.0011961633	0.0011912088	0.0011860151	0.0011805860	0.0011749258	0.0011690388	0.0011629296	0.0011566029	0.0011500634	0.0011433161	0.0011363659	0.0011292184	0.0011218792	0.0011143539	0.0011066483	0.0010987680	0.0010907187	0.0010825066	0.0010741377	0.0010656184	0.0010569550	0.0010481538	0.0010392210	0.0010301628	0.0010209858	0.0010116961	0.0010023003	0.0009928048	0.0009832163	0.0009735409	0.0009637849	0.0009539547	0.0009440563	0.0009340958	0.0009240794	0.0009140131	0.0009039030	0.0008937550	0.0008835748	0.0008733683	0.0008631409	0.0008528980	0.0008426451	0.0008323873	0.0008221297	0.0008118776	0.0008016359	0.0007914092	0.0007812021	0.0007710193	0.0007608650	0.0007507435	0.0007406590	0.0007306154	0.0007206165	0.0007106660	0.0007007676	0.0006909245	0.0006811402	0.0006714178	0.0006617602	0.0006521704	0.0006426512	0.0006332052	0.0006238349	0.0006145427	0.0006053308	0.0005962014	0.0005871566	0.0005781981	0.0005693277	0.0005605472	0.0005518580	0.0005432616	0.0005347593	0.0005263524	0.0005180419	0.0005098291	0.0005017159	0.0004937040	0.0004857924	0.0004779716	0.0004702195	0.0004625261	0.0004549835	0.0004479075	0.0004417317	0.0004365220	0.0004318620	0.0004273741	0.0004229225	0.0004185027	0.0004141355	0.0004098327	0.0004055965	0.0004014251	0.0003973166	0.0003932695	0.0003892827	0.0003853551	0.0003814858	0.0003776737	0.0003739179	0.0003702173	0.0003665709	0.0003629778	0.0003594371	0.0003559482	0.0003525109	0.0003491244	0.0003457841	0.0003424778
0.0005306197	0.0005308416	0.0005310779	0.0005313387	0.0005316273	0.0005319437	0.0005322873	0.0005326579	0.0005330556	0.0005334805	0.0005339327	0.0005344124	0.0005349198	0.0005354550	0.0005360179	0.0005366088	0.0005372284	0.0005378786	0.0005385618	0.0005392762	0.0005400030	0.0005406956	0.0005413148	0.0005419987	0.0005433776	0.0005465373	0.0005519336	0.0005587304	0.0005659551	0.0005731921	0.0005804024	0.0005876406	0.0005949428	0.0006023191	0.0006097678	0.0006172860	0.0006248715	0.0006325232	0.0006402401	0.0006480214	0.0006558659	0.0006637724	0.0006717396	0.0006797663	0.0006878509	0.0006959921	0.0007041881	0.0007124373	0.0007207377	0.0007290877	0.0007374852	0.0007459283	0.0007544149	0.0007629426	0.0007715092	0.0007801122	0.0007887491	0.0007974174	0.0008061141	0.0008148367	0.0008235821	0.0008323474	0.0008411296	0.0008499253	0.0008587312	0.0008675439	0.0008763600	0.0008851755	0.0008939869	0.0009027903	0.0009115817	0.0009203572	0.0009291125	0.0009378434	0.0009465455	0.0009552143	0.0009638455	0.0009724344	0.0009809764	0.0009894666	0.0009979002	0.0010062719	0.0010145766	0.0010228095	0.0010309651	0.0010390384	0.0010470240	0.0010549168	0.0010627111	0.0010704014	0.0010779823	0.0010854483	0.0010927938	0.0011000131	0.0011071007	0.0011140510	0.0011208585	0.0011275176	0.0011340228	0.0011403687	0.0011465497	0.0011525604	0.0011583953	0.0011640488	0.0011695158	0.0011747913	0.0011798704	0.0011847480	0.0011894194	0.0011938795	0.0011981236	0.0012021473	0.0012059465	0.0012095173	0.0012128555	0.0012159571	0.0012188182	0.0012214355	0.0012238057	0.0012259261	0.0012277936	0.0012294057	0.0012307595	0.0012318530	0.0012326843	0.0012332518	0.0012335539	0.0012335894	0.0012333571	0.0012328562	0.0012320865	0.0012310477	0.0012297397	0.0012281629	0.0012263176	0.0012242048	0.0012218254	0.0012191807	0.0012162725	0.0012131023	0.0012096723	0.0012059848	0.0012020422	0.0011978473	0.0011934032	0.0011887132	0.0011837808	0.0011786095	0.0011732032	0.0011675660	0.0011617022	0.0011556166	0.0011493136	0.0011427982	0.0011360752	0.0011291496	0.0011220271	0.0011147132	0.0011072136	0.0010995338	0.0010916796	0.0010836569	0.0010754717	0.0010671300	0.0010586384	0.0010500030	0.0010412302	0.0010323261	0.0010232970	0.0010141494	0.0010048896	0.0009955242	0.0009860595	0.0009765022	0.0009668585	0.0009571347	0.0009473369	0.0009374714	0.0009275444	0.0009175620	0.0009075301	0.0008974550	0.0008873424	0.0008771981	0.0008670279	0.0008568374	0.0008466318	0.0008364167	0.0008261971	0.0008159783	0.0008057653	0.0007955631	0.0007853764	0.0007752099	0.0007650680	0.0007549551	0.0007448753	0.0007348329	0.0007248317	0.0007148757	0.0007049684	0.0006951134	0.0006853141	0.0006755738	0.0006658957	0.0006562827	0.0006467378	0.0006372636	0.0006278629	0.0006185380	0.0006092913	0.0006001252	0.0005910416	0.0005820427	0.0005731302	0.0005643059	0.0005555715	0.0005469284	0.0005383782	0.0005299220	0.0005215612	0.0005132968	0.0005051298	0.0004970617	0.0004890944	0.0004812288	0.0004734605	0.0004657738	0.0004581466	0.0004506022	0.0004433301	0.0004367426	0.0004311566	0.0004263465	0.0004218624	0.0004174561	0.0004130767	0.0004087402	0.0004044637	0.0004002534	0.0003961086	0.0003920275	0.0003880082	0.0003840495	0.0003801502	0.0003763094	0.0003725261	0.0003687992	0.0003651276	0.0003615104	0.0003579465	0.0003544352	0.0003509757	0.0003475679	0.0003442109	0.0003409002	0.0003376233
0.0005218530	0.0005220765	0.0005223143	0.0005225763	0.0005228655	0.0005231821	0.0005235256	0.0005238957	0.0005242924	0.0005247159	0.0005251664	0.0005256440	0.0005261489	0.0005266810	0.0005272405	0.0005278277	0.0005284438	0.0005290913	0.0005297714	0.0005304763	0.0005311740	0.0005318117	0.0005324022	0.0005332794	0.0005353556	0.0005395954	0.0005457484	0.0005527584	0.0005599213	0.0005670535	0.0005741863	0.0005813695	0.0005886243	0.0005959532	0.0006033534	0.0006108224	0.0006183586	0.0006259612	0.0006336292	0.0006413616	0.0006491574	0.0006570154	0.0006649344	0.0006729130	0.0006809499	0.0006890435	0.0006971923	0.0007053945	0.0007136484	0.0007219522	0.0007303040	0.0007387018	0.0007471435	0.0007556268	0.0007641495	0.0007727091	0.0007813032	0.0007899292	0.0007985842	0.0008072656	0.0008159705	0.0008246959	0.0008334388	0.0008421960	0.0008509642	0.0008597399	0.0008685197	0.0008772998	0.0008860766	0.0008948462	0.0009036048	0.0009123482	0.0009210724	0.0009297728	0.0009384454	0.0009470858	0.0009556894	0.0009642518	0.0009727683	0.0009812340	0.0009896438	0.0009979927	0.0010062759	0.0010144880	0.0010226240	0.0010306788	0.0010386470	0.0010465232	0.0010543018	0.0010619776	0.0010695449	0.0010769984	0.0010843323	0.0010915411	0.0010986193	0.0011055613	0.0011123613	0.0011190139	0.0011255135	0.0011318547	0.0011380321	0.0011440399	0.0011498728	0.0011555253	0.0011609921	0.0011662684	0.0011713489	0.0011762289	0.0011809033	0.0011853674	0.0011896164	0.0011936457	0.0011974513	0.0012010290	0.0012043748	0.0012074848	0.0012103551	0.0012129821	0.0012153628	0.0012174941	0.0012193734	0.0012209977	0.0012223644	0.0012234713	0.0012243166	0.0012248986	0.0012252158	0.0012252669	0.0012250507	0.0012245666	0.0012238140	0.0012227928	0.0012215031	0.0012199450	0.0012181189	0.0012160258	0.0012136666	0.0012110426	0.0012081554	0.0012050068	0.0012015989	0.0011979338	0.0011940141	0.0011898425	0.0011854222	0.0011807564	0.0011758485	0.0011707021	0.0011653212	0.0011597097	0.0011538721	0.0011478131	0.0011415371	0.0011350490	0.0011283536	0.0011214561	0.0011143622	0.0011070773	0.0010996070	0.0010919569	0.0010841328	0.0010761406	0.0010679862	0.0010596761	0.0010512164	0.0010426134	0.0010338733	0.0010250024	0.0010160070	0.0010068934	0.0009976681	0.0009883377	0.0009789087	0.0009693873	0.0009597800	0.0009500930	0.0009403326	0.0009305050	0.0009206163	0.0009106727	0.0009006804	0.0008906451	0.0008805730	0.0008704697	0.0008603408	0.0008501920	0.0008400288	0.0008298564	0.0008196801	0.0008095050	0.0007993361	0.0007891784	0.0007790367	0.0007689156	0.0007588196	0.0007487529	0.0007387198	0.0007287243	0.0007187704	0.0007088619	0.0006990025	0.0006891957	0.0006794448	0.0006697532	0.0006601241	0.0006505603	0.0006410647	0.0006316401	0.0006222890	0.0006130140	0.0006038173	0.0005947011	0.0005856677	0.0005767189	0.0005678566	0.0005590825	0.0005503983	0.0005418054	0.0005333052	0.0005248991	0.0005165882	0.0005083736	0.0005002563	0.0004922374	0.0004843186	0.0004765014	0.0004687848	0.0004611595	0.0004536044	0.0004461095	0.0004387630	0.0004318727	0.0004258662	0.0004208039	0.0004162707	0.0004119014	0.0004075683	0.0004032681	0.0003990212	0.0003948384	0.0003907217	0.0003866693	0.0003826792	0.0003787501	0.0003748805	0.0003710697	0.0003673164	0.0003636196	0.0003599784	0.0003563916	0.0003528582	0.0003493774	0.0003459486	0.0003425714	0.0003392450	0.0003359649	0.0003327186
0.0005130484	0.0005132733	0.0005135122	0.0005137749	0.0005140644	0.0005143809	0.0005147238	0.0005150930	0.0005154884	0.0005159101	0.0005163585	0.0005168335	0.0005173353	0.0005178639	0.0005184195	0.0005190028	0.0005196154	0.0005202599	0.0005209348	0.0005216226	0.0005222786	0.0005228619	0.0005234940	0.0005247686	0.0005277591	0.0005329654	0.0005395752	0.0005466189	0.0005536801	0.0005607173	0.0005677830	0.0005749130	0.0005821174	0.0005893950	0.0005967429	0.0006041591	0.0006116425	0.0006191924	0.0006268078	0.0006344879	0.0006422314	0.0006500373	0.0006579042	0.0006658310	0.0006738163	0.0006818585	0.0006899561	0.0006981074	0.0007063107	0.0007145643	0.0007228663	0.0007312146	0.0007396073	0.0007480420	0.0007565166	0.0007650286	0.0007735756	0.0007821549	0.0007907639	0.0007993999	0.0008080598	0.0008167410	0.0008254403	0.0008341545	0.0008428804	0.0008516146	0.0008603535	0.0008690937	0.0008778313	0.0008865626	0.0008952837	0.0009039906	0.0009126788	0.0009213444	0.0009299830	0.0009385903	0.0009471619	0.0009556933	0.0009641797	0.0009726160	0.0009809975	0.0009893193	0.0009975763	0.0010057633	0.0010138753	0.0010219072	0.0010298535	0.0010377086	0.0010454674	0.0010531244	0.0010606740	0.0010681106	0.0010754288	0.0010826232	0.0010896880	0.0010966176	0.0011034062	0.0011100485	0.0011165388	0.0011228716	0.0011290414	0.0011350428	0.0011408703	0.0011465185	0.0011519820	0.0011572557	0.0011623346	0.0011672138	0.0011718885	0.0011763539	0.0011806051	0.0011846375	0.0011884468	0.0011920290	0.0011953802	0.0011984965	0.0012013741	0.0012040091	0.0012063984	0.0012085392	0.0012104284	0.0012120636	0.0012134420	0.0012145612	0.0012154195	0.0012160152	0.0012163469	0.0012164131	0.0012162128	0.0012157451	0.0012150097	0.0012140064	0.0012127352	0.0012111962	0.0012093900	0.0012073173	0.0012049792	0.0012023770	0.0011995121	0.0011963865	0.0011930021	0.0011893613	0.0011854663	0.0011813201	0.0011769258	0.0011722865	0.0011674056	0.0011622869	0.0011569340	0.0011513511	0.0011455426	0.0011395132	0.0011332674	0.0011268100	0.0011201457	0.0011132799	0.0011062181	0.0010989659	0.0010915288	0.0010839124	0.0010761224	0.0010681647	0.0010600455	0.0010517711	0.0010433477	0.0010347814	0.0010260786	0.0010172453	0.0010082880	0.0009992131	0.0009900272	0.0009807367	0.0009713480	0.0009618675	0.0009523015	0.0009426563	0.0009329381	0.0009231533	0.0009133080	0.0009034083	0.0008934604	0.0008834703	0.0008734436	0.0008633862	0.0008533038	0.0008432019	0.0008330859	0.0008229614	0.0008128334	0.0008027071	0.0007925875	0.0007824794	0.0007723877	0.0007623170	0.0007522718	0.0007422563	0.0007322747	0.0007223311	0.0007124293	0.0007025732	0.0006927665	0.0006830127	0.0006733151	0.0006636769	0.0006541013	0.0006445913	0.0006351497	0.0006257792	0.0006164824	0.0006072616	0.0005981192	0.0005890575	0.0005800784	0.0005711841	0.0005623761	0.0005536564	0.0005450265	0.0005364878	0.0005280418	0.0005196896	0.0005114326	0.0005032717	0.0004952079	0.0004872422	0.0004793758	0.0004716104	0.0004639468	0.0004563804	0.0004488959	0.0004414721	0.0004341332	0.0004270672	0.0004206811	0.0004152782	0.0004106175	0.0004062600	0.0004019749	0.0003977176	0.0003935043	0.0003893514	0.0003852641	0.0003812418	0.0003772824	0.0003733842	0.0003695459	0.0003657663	0.0003620445	0.0003583793	0.0003547696	0.0003512145	0.0003477129	0.0003442639	0.0003408668	0.0003375214	0.0003342268	0.0003309784	0.0003277637
0.0005042065	0.0005044324	0.0005046721	0.0005049351	0.0005052246	0.0005055406	0.0005058827	0.0005062505	0.0005066441	0.0005070638	0.0005075095	0.0005079815	0.0005084798	0.0005090045	0.0005095559	0.0005101350	0.0005107441	0.0005113850	0.0005120506	0.0005127114	0.0005133155	0.0005138659	0.0005146590	0.0005165610	0.0005205648	0.0005264924	0.0005333038	0.0005402834	0.0005472372	0.0005541918	0.0005611960	0.0005682717	0.0005754220	0.0005826443	0.0005899360	0.0005972959	0.0006047231	0.0006122168	0.0006197761	0.0006274000	0.0006350876	0.0006428376	0.0006506488	0.0006585200	0.0006664498	0.0006744367	0.0006824792	0.0006905756	0.0006987243	0.0007069236	0.0007151716	0.0007234663	0.0007318058	0.0007401877	0.0007486098	0.0007570699	0.0007655654	0.0007740938	0.0007826524	0.0007912384	0.0007998492	0.0008084817	0.0008171328	0.0008257996	0.0008344786	0.0008431667	0.0008518602	0.0008605558	0.0008692496	0.0008779380	0.0008866170	0.0008952825	0.0009039302	0.0009125563	0.0009211564	0.0009297260	0.0009382610	0.0009467567	0.0009552081	0.0009636105	0.0009719592	0.0009802492	0.0009884754	0.0009966328	0.0010047164	0.0010127208	0.0010206405	0.0010284703	0.0010362049	0.0010438386	0.0010513661	0.0010587817	0.0010660802	0.0010732559	0.0010803030	0.0010872161	0.0010939895	0.0011006176	0.0011070947	0.0011134152	0.0011195737	0.0011255651	0.0011313837	0.0011370241	0.0011424808	0.0011477487	0.0011528229	0.0011576984	0.0011623704	0.0011668341	0.0011710847	0.0011751174	0.0011789280	0.0011825125	0.0011858668	0.0011889873	0.0011918698	0.0011945109	0.0011969070	0.0011990553	0.0012009531	0.0012025977	0.0012039865	0.0012051171	0.0012059874	0.0012065959	0.0012069413	0.0012070222	0.0012068373	0.0012063860	0.0012056677	0.0012046824	0.0012034299	0.0012019106	0.0012001248	0.0011980733	0.0011957573	0.0011931778	0.0011903366	0.0011872354	0.0011838762	0.0011802612	0.0011763930	0.0011722742	0.0011679079	0.0011632975	0.0011584462	0.0011533577	0.0011480356	0.0011424843	0.0011367082	0.0011307116	0.0011244992	0.0011180758	0.0011114461	0.0011046156	0.0010975899	0.0010903741	0.0010829741	0.0010753953	0.0010676435	0.0010597246	0.0010516449	0.0010434105	0.0010350277	0.0010265027	0.0010178416	0.0010090506	0.0010001361	0.0009911047	0.0009819629	0.0009727171	0.0009633737	0.0009539390	0.0009444193	0.0009348208	0.0009251500	0.0009154130	0.0009056161	0.0008957656	0.0008858673	0.0008759272	0.0008659512	0.0008559449	0.0008459141	0.0008358642	0.0008258008	0.0008157292	0.0008056547	0.0007955823	0.0007855170	0.0007754638	0.0007654272	0.0007554119	0.0007454225	0.0007354633	0.0007255382	0.0007156515	0.0007058068	0.0006960081	0.0006862589	0.0006765629	0.0006669233	0.0006573433	0.0006478261	0.0006383746	0.0006289916	0.0006196798	0.0006104417	0.0006012797	0.0005921962	0.0005831933	0.0005742730	0.0005654373	0.0005566881	0.0005480269	0.0005394554	0.0005309751	0.0005225872	0.0005142930	0.0005060938	0.0004979905	0.0004899840	0.0004820753	0.0004742653	0.0004665556	0.0004589475	0.0004514397	0.0004440226	0.0004366757	0.0004293911	0.0004222608	0.0004155942	0.0004098073	0.0004049289	0.0004005389	0.0003962954	0.0003920865	0.0003879122	0.0003837920	0.0003797359	0.0003757450	0.0003718177	0.0003679520	0.0003641462	0.0003603994	0.0003567104	0.0003530780	0.0003495013	0.0003459792	0.0003425106	0.0003390945	0.0003357304	0.0003324179	0.0003291563	0.0003259407	0.0003227588
0.0004953279	0.0004955545	0.0004957946	0.0004960577	0.0004963468	0.0004966619	0.0004970027	0.0004973688	0.0004977603	0.0004981774	0.0004986202	0.0004990887	0.0004995831	0.0005001035	0.0005006503	0.0005012253	0.0005018308	0.0005024661	0.0005031159	0.0005037387	0.0005042903	0.0005048652	0.0005059952	0.0005087258	0.0005136504	0.0005200245	0.0005268702	0.0005337474	0.0005406018	0.0005474829	0.0005544271	0.0005614456	0.0005685379	0.0005757009	0.0005829330	0.0005902331	0.0005976005	0.0006050344	0.0006125339	0.0006200981	0.0006277259	0.0006354163	0.0006431680	0.0006509798	0.0006588502	0.0006667779	0.0006747613	0.0006827988	0.0006908889	0.0006990298	0.0007072197	0.0007154566	0.0007237385	0.0007320633	0.0007404287	0.0007488325	0.0007572721	0.0007657451	0.0007742488	0.0007827806	0.0007913376	0.0007999169	0.0008085155	0.0008171302	0.0008257579	0.0008343952	0.0008430387	0.0008516850	0.0008603304	0.0008689711	0.0008776032	0.0008862225	0.0008948252	0.0009034071	0.0009119638	0.0009204913	0.0009289849	0.0009374400	0.0009458517	0.0009542156	0.0009625268	0.0009707802	0.0009789711	0.0009870944	0.0009951448	0.0010031170	0.0010110058	0.0010188058	0.0010265115	0.0010341176	0.0010416186	0.0010490091	0.0010562834	0.0010634360	0.0010704614	0.0010773539	0.0010841079	0.0010907176	0.0010971775	0.0011034819	0.0011096256	0.0011156032	0.0011214091	0.0011270380	0.0011324846	0.0011377436	0.0011428099	0.0011476784	0.0011523446	0.0011568035	0.0011610506	0.0011650811	0.0011688905	0.0011724747	0.0011758297	0.0011789518	0.0011818372	0.0011844822	0.0011868833	0.0011890376	0.0011909423	0.0011925949	0.0011939927	0.0011951333	0.0011960147	0.0011966352	0.0011969935	0.0011970885	0.0011969186	0.0011964834	0.0011957822	0.0011948148	0.0011935815	0.0011920822	0.0011903174	0.0011882879	0.0011859949	0.0011834394	0.0011806231	0.0011775478	0.0011742153	0.0011706280	0.0011667883	0.0011626990	0.0011583632	0.0011537840	0.0011489648	0.0011439091	0.0011386208	0.0011331040	0.0011273633	0.0011214029	0.0011152273	0.0011088413	0.0011022500	0.0010954585	0.0010884724	0.0010812972	0.0010739382	0.0010664011	0.0010586916	0.0010508158	0.0010427799	0.0010345901	0.0010262524	0.0010177731	0.0010091583	0.0010004143	0.0009915475	0.0009825645	0.0009734717	0.0009642755	0.0009549823	0.0009455983	0.0009361300	0.0009265834	0.0009169650	0.0009072811	0.0008975379	0.0008877415	0.0008778980	0.0008680133	0.0008580931	0.0008481432	0.0008381691	0.0008281766	0.0008181709	0.0008081575	0.0007981417	0.0007881284	0.0007781228	0.0007681295	0.0007581533	0.0007481987	0.0007382702	0.0007283722	0.0007185087	0.0007086838	0.0006989013	0.0006891649	0.0006794783	0.0006698450	0.0006602682	0.0006507513	0.0006412973	0.0006319090	0.0006225893	0.0006133408	0.0006041661	0.0005950675	0.0005860473	0.0005771076	0.0005682505	0.0005594779	0.0005507916	0.0005421932	0.0005336844	0.0005252665	0.0005169409	0.0005087087	0.0005005712	0.0004925294	0.0004845841	0.0004767363	0.0004689867	0.0004613365	0.0004537873	0.0004463395	0.0004389880	0.0004317172	0.0004245077	0.0004173889	0.0004105572	0.0004044180	0.0003992419	0.0003947531	0.0003905314	0.0003863728	0.0003822433	0.0003781597	0.0003741368	0.0003701789	0.0003662850	0.0003624532	0.0003586815	0.0003549689	0.0003513141	0.0003477160	0.0003441736	0.0003406857	0.0003372513	0.0003338695	0.0003305396	0.0003272612	0.0003240336	0.0003208520	0.0003177039
0.0004864132	0.0004866401	0.0004868803	0.0004871431	0.0004874315	0.0004877455	0.0004880846	0.0004884486	0.0004888377	0.0004892518	0.0004896912	0.0004901559	0.0004906460	0.0004911616	0.0004917037	0.0004922745	0.0004928758	0.0004935023	0.0004941281	0.0004947035	0.0004952182	0.0004959153	0.0004975845	0.0005012526	0.0005068809	0.0005134628	0.0005202483	0.0005270155	0.0005337812	0.0005405938	0.0005474770	0.0005544348	0.0005614650	0.0005685652	0.0005757341	0.0005829709	0.0005902749	0.0005976454	0.0006050815	0.0006125823	0.0006201466	0.0006277736	0.0006354619	0.0006432103	0.0006510175	0.0006588820	0.0006668024	0.0006747770	0.0006828044	0.0006908828	0.0006990104	0.0007071853	0.0007154054	0.0007236687	0.0007319731	0.0007403161	0.0007486955	0.0007571086	0.0007655530	0.0007740259	0.0007825246	0.0007910461	0.0007995876	0.0008081457	0.0008167174	0.0008252994	0.0008338882	0.0008424805	0.0008510727	0.0008596609	0.0008682412	0.0008768097	0.0008853625	0.0008938954	0.0009024042	0.0009108846	0.0009193320	0.0009277417	0.0009361091	0.0009444296	0.0009526984	0.0009609107	0.0009690617	0.0009771460	0.0009851584	0.0009930938	0.0010009470	0.0010087125	0.0010163849	0.0010239589	0.0010314290	0.0010387898	0.0010460356	0.0010531610	0.0010601603	0.0010670279	0.0010737582	0.0010803454	0.0010867841	0.0010930687	0.0010991936	0.0011051535	0.0011109430	0.0011165569	0.0011219899	0.0011272365	0.0011322914	0.0011371499	0.0011418071	0.0011462584	0.0011504991	0.0011545244	0.0011583297	0.0011619110	0.0011652642	0.0011683857	0.0011712717	0.0011739186	0.0011763228	0.0011784812	0.0011803911	0.0011820500	0.0011834554	0.0011846047	0.0011854961	0.0011861277	0.0011864983	0.0011866067	0.0011864516	0.0011860321	0.0011853479	0.0011843987	0.0011831846	0.0011817058	0.0011799627	0.0011779560	0.0011756868	0.0011731565	0.0011703663	0.0011673182	0.0011640142	0.0011604563	0.0011566472	0.0011525895	0.0011482863	0.0011437408	0.0011389563	0.0011339362	0.0011286845	0.0011232053	0.0011175031	0.0011115820	0.0011054468	0.0010991019	0.0010925525	0.0010858039	0.0010788615	0.0010717306	0.0010644168	0.0010569255	0.0010492627	0.0010414344	0.0010334468	0.0010253059	0.0010170180	0.0010085889	0.0010000251	0.0009913328	0.0009825186	0.0009735889	0.0009645501	0.0009554085	0.0009461706	0.0009368425	0.0009274305	0.0009179410	0.0009083803	0.0008987547	0.0008890705	0.0008793336	0.0008695501	0.0008597260	0.0008498669	0.0008399786	0.0008300667	0.0008201368	0.0008101942	0.0008002444	0.0007902925	0.0007803437	0.0007704029	0.0007604749	0.0007505642	0.0007406755	0.0007308131	0.0007209815	0.0007111847	0.0007014268	0.0006917114	0.0006820424	0.0006724234	0.0006628577	0.0006533488	0.0006438999	0.0006345138	0.0006251935	0.0006159419	0.0006067614	0.0005976547	0.0005886240	0.0005796717	0.0005707998	0.0005620103	0.0005533052	0.0005446862	0.0005361549	0.0005277129	0.0005193616	0.0005111023	0.0005029363	0.0004948645	0.0004868881	0.0004790080	0.0004712248	0.0004635395	0.0004559528	0.0004484663	0.0004410809	0.0004337950	0.0004265980	0.0004194700	0.0004124076	0.0004055137	0.0003991088	0.0003935886	0.0003889233	0.0003846879	0.0003805757	0.0003764961	0.0003724537	0.0003684667	0.0003645434	0.0003606844	0.0003568878	0.0003531518	0.0003494748	0.0003458556	0.0003422931	0.0003387863	0.0003353341	0.0003319352	0.0003285889	0.0003252944	0.0003220513	0.0003188589	0.0003157124	0.0003125993
0.0004774630	0.0004776899	0.0004779299	0.0004781921	0.0004784794	0.0004787918	0.0004791290	0.0004794906	0.0004798768	0.0004802877	0.0004807233	0.0004811837	0.0004816690	0.0004821797	0.0004827171	0.0004832836	0.0004838792	0.0004844916	0.0004850839	0.0004856098	0.0004861317	0.0004870958	0.0004894878	0.0004940359	0.0005001201	0.0005067484	0.0005134333	0.0005200960	0.0005267810	0.0005335267	0.0005403460	0.0005472392	0.0005542037	0.0005612375	0.0005683397	0.0005755097	0.0005827468	0.0005900503	0.0005974193	0.0006048528	0.0006123500	0.0006199097	0.0006275307	0.0006352119	0.0006429519	0.0006507493	0.0006586026	0.0006665103	0.0006744709	0.0006824827	0.0006905438	0.0006986523	0.0007068064	0.0007150040	0.0007232428	0.0007315207	0.0007398353	0.0007481841	0.0007565645	0.0007649741	0.0007734098	0.0007818690	0.0007903487	0.0007988455	0.0008073566	0.0008158786	0.0008244080	0.0008329416	0.0008414758	0.0008500066	0.0008585303	0.0008670432	0.0008755412	0.0008840203	0.0008924764	0.0009009048	0.0009093010	0.0009176605	0.0009259788	0.0009342512	0.0009424729	0.0009506394	0.0009587454	0.0009667858	0.0009747555	0.0009826495	0.0009904623	0.0009981885	0.0010058231	0.0010133605	0.0010207952	0.0010281217	0.0010353346	0.0010424283	0.0010493971	0.0010562354	0.0010629377	0.0010694984	0.0010759118	0.0010821724	0.0010882746	0.0010942131	0.0010999826	0.0011055778	0.0011109934	0.0011162239	0.0011212642	0.0011261094	0.0011307546	0.0011351950	0.0011394261	0.0011434432	0.0011472418	0.0011508176	0.0011541666	0.0011572850	0.0011601693	0.0011628157	0.0011652209	0.0011673815	0.0011692949	0.0011709585	0.0011723700	0.0011735270	0.0011744272	0.0011750690	0.0011754511	0.0011755722	0.0011754313	0.0011750274	0.0011743600	0.0011734291	0.0011722346	0.0011707766	0.0011690558	0.0011670727	0.0011648284	0.0011623242	0.0011595615	0.0011565422	0.0011532681	0.0011497416	0.0011459650	0.0011419410	0.0011376727	0.0011331633	0.0011284160	0.0011234344	0.0011182222	0.0011127837	0.0011071232	0.0011012448	0.0010951532	0.0010888530	0.0010823494	0.0010756476	0.0010687528	0.0010616704	0.0010544059	0.0010469647	0.0010393529	0.0010315766	0.0010236418	0.0010155545	0.0010073208	0.0009989468	0.0009904388	0.0009818032	0.0009730464	0.0009641750	0.0009551952	0.0009461133	0.0009369356	0.0009276684	0.0009183181	0.0009088910	0.0008993934	0.0008898315	0.0008802115	0.0008705395	0.0008608214	0.0008510631	0.0008412705	0.0008314492	0.0008216048	0.0008117429	0.0008018688	0.0007919880	0.0007821055	0.0007722264	0.0007623558	0.0007524983	0.0007426585	0.0007328409	0.0007230500	0.0007132899	0.0007035650	0.0006938792	0.0006842362	0.0006746397	0.0006650932	0.0006556003	0.0006461642	0.0006367880	0.0006274748	0.0006182274	0.0006090486	0.0005999409	0.0005909069	0.0005819488	0.0005730689	0.0005642693	0.0005555520	0.0005469187	0.0005383714	0.0005299115	0.0005215406	0.0005132602	0.0005050714	0.0004969755	0.0004889735	0.0004810665	0.0004732553	0.0004655407	0.0004579235	0.0004504043	0.0004429843	0.0004356647	0.0004284457	0.0004213213	0.0004142752	0.0004072905	0.0004004070	0.0003938386	0.0003879909	0.0003830778	0.0003787761	0.0003746960	0.0003706690	0.0003666730	0.0003627253	0.0003588385	0.0003550159	0.0003512561	0.0003475570	0.0003439171	0.0003403350	0.0003368096	0.0003333398	0.0003299245	0.0003265625	0.0003232529	0.0003199950	0.0003167884	0.0003136324	0.0003105221	0.0003074451
0.0004684779	0.0004687046	0.0004689440	0.0004692052	0.0004694912	0.0004698018	0.0004701366	0.0004704955	0.0004708785	0.0004712857	0.0004717171	0.0004721729	0.0004726531	0.0004731586	0.0004736913	0.0004742531	0.0004748406	0.0004754321	0.0004759819	0.0004764668	0.0004770695	0.0004784736	0.0004817130	0.0004869609	0.0004932762	0.0004998553	0.0005064283	0.0005129955	0.0005196047	0.0005262825	0.0005330347	0.0005398594	0.0005467544	0.0005537183	0.0005607504	0.0005678501	0.0005750167	0.0005822495	0.0005895477	0.0005969103	0.0006043364	0.0006118250	0.0006193750	0.0006269850	0.0006346537	0.0006423799	0.0006501621	0.0006579989	0.0006658886	0.0006738295	0.0006818200	0.0006898580	0.0006979418	0.0007060692	0.0007142381	0.0007224464	0.0007306917	0.0007389716	0.0007472836	0.0007556251	0.0007639933	0.0007723855	0.0007807985	0.0007892294	0.0007976752	0.0008061324	0.0008145978	0.0008230680	0.0008315392	0.0008400078	0.0008484702	0.0008569225	0.0008653609	0.0008737813	0.0008821795	0.0008905508	0.0008988910	0.0009071956	0.0009154598	0.0009236793	0.0009318492	0.0009399648	0.0009480209	0.0009560126	0.0009639349	0.0009717825	0.0009795501	0.0009872325	0.0009948246	0.0010023206	0.0010097152	0.0010170030	0.0010241784	0.0010312359	0.0010381697	0.0010449743	0.0010516444	0.0010581742	0.0010645581	0.0010707906	0.0010768663	0.0010827796	0.0010885252	0.0010940978	0.0010994922	0.0011047031	0.0011097255	0.0011145540	0.0011191837	0.0011236100	0.0011278284	0.0011318344	0.0011356234	0.0011391910	0.0011425330	0.0011456458	0.0011485258	0.0011511696	0.0011535737	0.0011557346	0.0011576498	0.0011593166	0.0011607327	0.0011618958	0.0011628037	0.0011634547	0.0011638474	0.0011639807	0.0011638534	0.0011634648	0.0011628142	0.0011619015	0.0011607267	0.0011592901	0.0011575921	0.0011556333	0.0011534148	0.0011509379	0.0011482041	0.0011452150	0.0011419727	0.0011384793	0.0011347372	0.0011307491	0.0011265182	0.0011220473	0.0011173399	0.0011123994	0.0011072297	0.0011018350	0.0010962194	0.0010903872	0.0010843429	0.0010780910	0.0010716369	0.0010649857	0.0010581426	0.0010511129	0.0010439018	0.0010365152	0.0010289589	0.0010212391	0.0010133616	0.0010053326	0.0009971579	0.0009888437	0.0009803964	0.0009718225	0.0009631282	0.0009543200	0.0009454042	0.0009363871	0.0009272749	0.0009180739	0.0009087906	0.0008994312	0.0008900019	0.0008805091	0.0008709589	0.0008613571	0.0008517098	0.0008420228	0.0008323020	0.0008225532	0.0008127817	0.0008029933	0.0007931933	0.0007833868	0.0007735792	0.0007637753	0.0007539802	0.0007441985	0.0007344349	0.0007246939	0.0007149797	0.0007052965	0.0006956487	0.0006860401	0.0006764746	0.0006669558	0.0006574871	0.0006480719	0.0006387136	0.0006294152	0.0006201798	0.0006110102	0.0006019090	0.0005928788	0.0005839222	0.0005750414	0.0005662386	0.0005575159	0.0005488751	0.0005403183	0.0005318469	0.0005234628	0.0005151673	0.0005069619	0.0004988478	0.0004908262	0.0004828980	0.0004750644	0.0004673261	0.0004596840	0.0004521386	0.0004446907	0.0004373412	0.0004300911	0.0004229415	0.0004158896	0.0004089241	0.0004020252	0.0003951967	0.0003885606	0.0003824556	0.0003772436	0.0003728102	0.0003687365	0.0003647610	0.0003608165	0.0003569121	0.0003530643	0.0003492796	0.0003455579	0.0003418974	0.0003382960	0.0003347525	0.0003312656	0.0003278341	0.0003244570	0.0003211332	0.0003178616	0.0003146415	0.0003114728	0.0003083542	0.0003052813	0.0003022415
0.0004594585	0.0004596846	0.0004599232	0.0004601832	0.0004604674	0.0004607759	0.0004611081	0.0004614639	0.0004618433	0.0004622465	0.0004626734	0.0004631242	0.0004635991	0.0004640993	0.0004646271	0.0004651833	0.0004657589	0.0004663220	0.0004668250	0.0004672958	0.0004680844	0.0004700885	0.0004741725	0.0004799071	0.0004862944	0.0004927777	0.0004992405	0.0005057193	0.0005122544	0.0005188620	0.0005255432	0.0005322959	0.0005391179	0.0005460084	0.0005529669	0.0005599927	0.0005670852	0.0005742437	0.0005814674	0.0005887553	0.0005961067	0.0006035203	0.0006109952	0.0006185300	0.0006261236	0.0006337746	0.0006414816	0.0006492432	0.0006570579	0.0006649238	0.0006728394	0.0006808026	0.0006888118	0.0006968647	0.0007049593	0.0007130936	0.0007212650	0.0007294715	0.0007377104	0.0007459792	0.0007542752	0.0007625955	0.0007709372	0.0007792975	0.0007876731	0.0007960608	0.0008044573	0.0008128592	0.0008212626	0.0008296643	0.0008380605	0.0008464474	0.0008548212	0.0008631779	0.0008715131	0.0008798224	0.0008881016	0.0008963461	0.0009045515	0.0009127131	0.0009208263	0.0009288860	0.0009368873	0.0009448255	0.0009526953	0.0009604917	0.0009682093	0.0009758432	0.0009833879	0.0009908378	0.0009981877	0.0010054322	0.0010125655	0.0010195820	0.0010264763	0.0010332430	0.0010398764	0.0010463709	0.0010527211	0.0010589215	0.0010649665	0.0010708506	0.0010765684	0.0010821146	0.0010874841	0.0010926718	0.0010976724	0.0011024806	0.0011070916	0.0011115007	0.0011157033	0.0011196950	0.0011234713	0.0011270277	0.0011303601	0.0011334648	0.0011363383	0.0011389772	0.0011413779	0.0011435372	0.0011454522	0.0011471205	0.0011485397	0.0011497076	0.0011506220	0.0011512811	0.0011516836	0.0011518284	0.0011517144	0.0011513406	0.0011507066	0.0011498122	0.0011486574	0.0011472425	0.0011455678	0.0011436341	0.0011414424	0.0011389940	0.0011362902	0.0011333329	0.0011301239	0.0011266655	0.0011229599	0.0011190100	0.0011148187	0.0011103891	0.0011057243	0.0011008278	0.0010957036	0.0010903558	0.0010847884	0.0010790057	0.0010730121	0.0010668124	0.0010604116	0.0010538150	0.0010470276	0.0010400546	0.0010329015	0.0010255739	0.0010180777	0.0010104189	0.0010026035	0.0009946373	0.0009865264	0.0009782770	0.0009698954	0.0009613881	0.0009527614	0.0009440217	0.0009351750	0.0009262278	0.0009171864	0.0009080569	0.0008988458	0.0008895595	0.0008802042	0.0008707859	0.0008613107	0.0008517847	0.0008422136	0.0008326035	0.0008229601	0.0008132892	0.0008035962	0.0007938868	0.0007841662	0.0007744397	0.0007647124	0.0007549892	0.0007452750	0.0007355746	0.0007258926	0.0007162334	0.0007066013	0.0006970005	0.0006874350	0.0006779090	0.0006684262	0.0006589901	0.0006496043	0.0006402720	0.0006309966	0.0006217810	0.0006126283	0.0006035413	0.0005945227	0.0005855749	0.0005767005	0.0005679016	0.0005591805	0.0005505393	0.0005419797	0.0005335037	0.0005251128	0.0005168088	0.0005085931	0.0005004669	0.0004924317	0.0004844884	0.0004766382	0.0004688819	0.0004612205	0.0004536547	0.0004461851	0.0004388123	0.0004315370	0.0004243603	0.0004172833	0.0004103053	0.0004034193	0.0003966082	0.0003898589	0.0003832267	0.0003769519	0.0003714354	0.0003668085	0.0003627043	0.0003587728	0.0003548832	0.0003510267	0.0003472206	0.0003434756	0.0003397936	0.0003361730	0.0003326117	0.0003291081	0.0003256611	0.0003222694	0.0003189320	0.0003156476	0.0003124153	0.0003092343	0.0003061045	0.0003030247	0.0002999903	0.0002969888
0.0004504056	0.0004506308	0.0004508683	0.0004511267	0.0004514089	0.0004517149	0.0004520442	0.0004523966	0.0004527721	0.0004531709	0.0004535929	0.0004540383	0.0004545077	0.0004550026	0.0004555253	0.0004560741	0.0004566324	0.0004571590	0.0004576183	0.0004581282	0.0004592461	0.0004619843	0.0004667766	0.0004727869	0.0004791455	0.0004855165	0.0004918761	0.0004982712	0.0005047316	0.0005112657	0.0005178724	0.0005245492	0.0005312949	0.0005381086	0.0005449900	0.0005519384	0.0005589532	0.0005660338	0.0005731792	0.0005803888	0.0005876615	0.0005949963	0.0006023922	0.0006098479	0.0006173623	0.0006249340	0.0006325617	0.0006402441	0.0006479794	0.0006557661	0.0006636025	0.0006714867	0.0006794169	0.0006873909	0.0006954069	0.0007034626	0.0007115558	0.0007196843	0.0007278454	0.0007360369	0.0007442559	0.0007524996	0.0007607653	0.0007690500	0.0007773506	0.0007856640	0.0007939867	0.0008023153	0.0008106462	0.0008189761	0.0008273012	0.0008356178	0.0008439221	0.0008522099	0.0008604770	0.0008687193	0.0008769324	0.0008851119	0.0008932534	0.0009013523	0.0009094035	0.0009174024	0.0009253442	0.0009332238	0.0009410362	0.0009487764	0.0009564394	0.0009640197	0.0009715121	0.0009789112	0.0009862117	0.0009934079	0.0010004942	0.0010074654	0.0010143158	0.0010210399	0.0010276322	0.0010340871	0.0010403994	0.0010465634	0.0010525735	0.0010584242	0.0010641102	0.0010696263	0.0010749672	0.0010801277	0.0010851028	0.0010898873	0.0010944762	0.0010988648	0.0011030483	0.0011070224	0.0011107829	0.0011143253	0.0011176455	0.0011207395	0.0011236040	0.0011262355	0.0011286306	0.0011307862	0.0011326992	0.0011343672	0.0011357880	0.0011369593	0.0011378790	0.0011385452	0.0011389566	0.0011391122	0.0011390108	0.0011386516	0.0011380340	0.0011371578	0.0011360232	0.0011346303	0.0011329796	0.0011310717	0.0011289077	0.0011264888	0.0011238164	0.0011208924	0.0011177184	0.0011142968	0.0011106299	0.0011067203	0.0011025711	0.0010981851	0.0010935657	0.0010887162	0.0010836406	0.0010783428	0.0010728270	0.0010670973	0.0010611581	0.0010550142	0.0010486707	0.0010421327	0.0010354051	0.0010284931	0.0010214022	0.0010141380	0.0010067065	0.0009991135	0.0009913649	0.0009834664	0.0009754242	0.0009672445	0.0009589338	0.0009504982	0.0009419442	0.0009332779	0.0009245057	0.0009156336	0.0009066681	0.0008976156	0.0008884823	0.0008792745	0.0008699985	0.0008606602	0.0008512656	0.0008418208	0.0008323316	0.0008228039	0.0008132435	0.0008036560	0.0007940471	0.0007844223	0.0007747868	0.0007651458	0.0007555042	0.0007458672	0.0007362395	0.0007266259	0.0007170308	0.0007074589	0.0006979143	0.0006884012	0.0006789236	0.0006694854	0.0006600905	0.0006507424	0.0006414446	0.0006322004	0.0006230129	0.0006138852	0.0006048203	0.0005958209	0.0005868896	0.0005780291	0.0005692416	0.0005605294	0.0005518947	0.0005433396	0.0005348657	0.0005264750	0.0005181691	0.0005099496	0.0005018179	0.0004937753	0.0004858231	0.0004779624	0.0004701941	0.0004625193	0.0004549387	0.0004474531	0.0004400631	0.0004327692	0.0004255721	0.0004184725	0.0004114716	0.0004045698	0.0003977634	0.0003910397	0.0003843797	0.0003777977	0.0003714422	0.0003656726	0.0003607996	0.0003566117	0.0003527059	0.0003488720	0.0003450679	0.0003413072	0.0003376041	0.0003339633	0.0003303840	0.0003268642	0.0003234022	0.0003199965	0.0003166460	0.0003133495	0.0003101059	0.0003069141	0.0003037736	0.0003006839	0.0002976440	0.0002946493	0.0002916873
0.0004413198	0.0004415438	0.0004417799	0.0004420365	0.0004423163	0.0004426195	0.0004429455	0.0004432942	0.0004436655	0.0004440596	0.0004444764	0.0004449162	0.0004453799	0.0004458695	0.0004463865	0.0004469251	0.0004474599	0.0004479443	0.0004483754	0.0004490016	0.0004505945	0.0004541212	0.0004594325	0.0004655488	0.0004718207	0.0004780767	0.0004843399	0.0004906535	0.0004970373	0.0005034944	0.0005100228	0.0005166204	0.0005232862	0.0005300198	0.0005368206	0.0005436881	0.0005506217	0.0005576206	0.0005646842	0.0005718115	0.0005790018	0.0005862540	0.0005935669	0.0006009395	0.0006083707	0.0006158591	0.0006234034	0.0006310023	0.0006386541	0.0006463573	0.0006541102	0.0006619110	0.0006697578	0.0006776487	0.0006855815	0.0006935543	0.0007015648	0.0007096106	0.0007176894	0.0007257989	0.0007339361	0.0007420985	0.0007502834	0.0007584877	0.0007667084	0.0007749424	0.0007831864	0.0007914368	0.0007996903	0.0008079435	0.0008161925	0.0008244339	0.0008326636	0.0008408775	0.0008490716	0.0008572418	0.0008653837	0.0008734932	0.0008815657	0.0008895965	0.0008975808	0.0009055140	0.0009133911	0.0009212071	0.0009289572	0.0009366364	0.0009442396	0.0009517614	0.0009591967	0.0009665402	0.0009737862	0.0009809293	0.0009879642	0.0009948853	0.0010016871	0.0010083641	0.0010149108	0.0010213219	0.0010275918	0.0010337149	0.0010396858	0.0010454992	0.0010511495	0.0010566314	0.0010619397	0.0010670693	0.0010720152	0.0010767724	0.0010813356	0.0010857001	0.0010898612	0.0010938147	0.0010975563	0.0011010818	0.0011043869	0.0011074676	0.0011103204	0.0011129421	0.0011153295	0.0011174793	0.0011193886	0.0011210546	0.0011224753	0.0011236486	0.0011245723	0.0011252445	0.0011256638	0.0011258293	0.0011257400	0.0011253948	0.0011247934	0.0011239355	0.0011228211	0.0011214506	0.0011198243	0.0011179430	0.0011158076	0.0011134193	0.0011107797	0.0011078904	0.0011047532	0.0011013703	0.0010977440	0.0010938771	0.0010897724	0.0010854328	0.0010808615	0.0010760619	0.0010710379	0.0010657935	0.0010603327	0.0010546595	0.0010487783	0.0010426941	0.0010364118	0.0010299364	0.0010232727	0.0010164260	0.0010094017	0.0010022055	0.0009948433	0.0009873208	0.0009796436	0.0009718178	0.0009638493	0.0009557444	0.0009475095	0.0009391509	0.0009306748	0.0009220872	0.0009133945	0.0009046030	0.0008957190	0.0008867488	0.0008776988	0.0008685751	0.0008593837	0.0008501309	0.0008408225	0.0008314645	0.0008220628	0.0008126231	0.0008031513	0.0007936530	0.0007841339	0.0007745992	0.0007650543	0.0007555043	0.0007459542	0.0007364089	0.0007268732	0.0007173519	0.0007078493	0.0006983701	0.0006889184	0.0006794984	0.0006701140	0.0006607691	0.0006514674	0.0006422125	0.0006330080	0.0006238570	0.0006147626	0.0006057278	0.0005967556	0.0005878488	0.0005790099	0.0005702414	0.0005615457	0.0005529250	0.0005443814	0.0005359169	0.0005275334	0.0005192326	0.0005110161	0.0005028855	0.0004948422	0.0004868874	0.0004790225	0.0004712485	0.0004635663	0.0004559769	0.0004484811	0.0004410795	0.0004337730	0.0004265618	0.0004194466	0.0004124280	0.0004055069	0.0003986843	0.0003919586	0.0003853213	0.0003787545	0.0003722511	0.0003658897	0.0003599453	0.0003548013	0.0003504725	0.0003465648	0.0003427829	0.0003390353	0.0003353238	0.0003316651	0.0003280672	0.0003245307	0.0003210539	0.0003176348	0.0003142719	0.0003109640	0.0003077098	0.0003045084	0.0003013585	0.0002982596	0.0002952113	0.0002922125	0.0002892587	0.0002863373
0.0004322020	0.0004324245	0.0004326588	0.0004329132	0.0004331904	0.0004334905	0.0004338129	0.0004341575	0.0004345244	0.0004349134	0.0004353247	0.0004357586	0.0004362166	0.0004367006	0.0004372106	0.0004377351	0.0004382395	0.0004386817	0.0004391217	0.0004399765	0.0004421725	0.0004464078	0.0004520452	0.0004581587	0.0004643195	0.0004704648	0.0004766363	0.0004828683	0.0004891726	0.0004955491	0.0005019956	0.0005085105	0.0005150931	0.0005217430	0.0005284598	0.0005352429	0.0005420916	0.0005490053	0.0005559833	0.0005630248	0.0005701288	0.0005772944	0.0005845205	0.0005918061	0.0005991500	0.0006065510	0.0006140078	0.0006215190	0.0006290831	0.0006366985	0.0006443636	0.0006520765	0.0006598356	0.0006676388	0.0006754841	0.0006833694	0.0006912926	0.0006992513	0.0007072433	0.0007152660	0.0007233168	0.0007313931	0.0007394923	0.0007476113	0.0007557473	0.0007638970	0.0007720571	0.0007802244	0.0007883955	0.0007965669	0.0008047351	0.0008128963	0.0008210462	0.0008291812	0.0008372973	0.0008453903	0.0008534560	0.0008614903	0.0008694886	0.0008774461	0.0008853585	0.0008932208	0.0009010281	0.0009087756	0.0009164585	0.0009240717	0.0009316100	0.0009390683	0.0009464416	0.0009537244	0.0009609110	0.0009679964	0.0009749750	0.0009818412	0.0009885897	0.0009952151	0.0010017119	0.0010080746	0.0010142975	0.0010203755	0.0010263030	0.0010320748	0.0010376852	0.0010431289	0.0010484007	0.0010534956	0.0010584085	0.0010631344	0.0010676682	0.0010720053	0.0010761408	0.0010800705	0.0010837901	0.0010872954	0.0010905825	0.0010936472	0.0010964860	0.0010990956	0.0011014730	0.0011036149	0.0011055183	0.0011071806	0.0011085996	0.0011097732	0.0011106995	0.0011113766	0.0011118029	0.0011119775	0.0011118995	0.0011115680	0.0011109824	0.0011101426	0.0011090487	0.0011077008	0.0011060995	0.0011042454	0.0011021395	0.0010997831	0.0010971775	0.0010943244	0.0010912257	0.0010878834	0.0010842999	0.0010804779	0.0010764201	0.0010721295	0.0010676091	0.0010628625	0.0010578934	0.0010527057	0.0010473032	0.0010416901	0.0010358709	0.0010298502	0.0010236331	0.0010172243	0.0010106287	0.0010038515	0.0009968983	0.0009897747	0.0009824865	0.0009750391	0.0009674383	0.0009596900	0.0009518002	0.0009437753	0.0009356215	0.0009273450	0.0009189519	0.0009104483	0.0009018406	0.0008931350	0.0008843379	0.0008754556	0.0008664943	0.0008574602	0.0008483592	0.0008391973	0.0008299807	0.0008207151	0.0008114065	0.0008020606	0.0007926832	0.0007832798	0.0007738559	0.0007644171	0.0007549684	0.0007455150	0.0007360619	0.0007266140	0.0007171759	0.0007077524	0.0006983479	0.0006889669	0.0006796137	0.0006702922	0.0006610064	0.0006517601	0.0006425570	0.0006334007	0.0006242946	0.0006152419	0.0006062458	0.0005973091	0.0005884347	0.0005796254	0.0005708838	0.0005622122	0.0005536131	0.0005450887	0.0005366409	0.0005282718	0.0005199832	0.0005117768	0.0005036542	0.0004956169	0.0004876663	0.0004798037	0.0004720303	0.0004643471	0.0004567551	0.0004492552	0.0004418482	0.0004345347	0.0004273153	0.0004201907	0.0004131612	0.0004062273	0.0003993898	0.0003926497	0.0003860069	0.0003794562	0.0003729831	0.0003665717	0.0003602535	0.0003542134	0.0003488247	0.0003443071	0.0003403584	0.0003366173	0.0003329280	0.0003292700	0.0003256587	0.0003221055	0.0003186134	0.0003151811	0.0003118064	0.0003084877	0.0003052238	0.0003020134	0.0002988554	0.0002957487	0.0002926927	0.0002896870	0.0002867306	0.0002838187	0.0002809391
0.0004230527	0.0004232735	0.0004235057	0.0004237577	0.0004240320	0.0004243286	0.0004246471	0.0004249874	0.0004253493	0.0004257330	0.0004261385	0.0004265664	0.0004270186	0.0004274968	0.0004279980	0.0004285033	0.0004289709	0.0004293770	0.0004298787	0.0004310883	0.0004339802	0.0004387670	0.0004445589	0.0004506022	0.0004566450	0.0004626856	0.0004687681	0.0004749171	0.0004811384	0.0004874307	0.0004937918	0.0005002206	0.0005067167	0.0005132795	0.0005199088	0.0005266039	0.0005333642	0.0005401891	0.0005470779	0.0005540297	0.0005610437	0.0005681189	0.0005752543	0.0005824489	0.0005897015	0.0005970111	0.0006043762	0.0006117955	0.0006192676	0.0006267909	0.0006343639	0.0006419846	0.0006496515	0.0006573625	0.0006651157	0.0006729091	0.0006807404	0.0006886075	0.0006965080	0.0007044393	0.0007123990	0.0007203846	0.0007283932	0.0007364221	0.0007444683	0.0007525287	0.0007606001	0.0007686793	0.0007767629	0.0007848476	0.0007929297	0.0008010054	0.0008090707	0.0008171219	0.0008251548	0.0008331655	0.0008411500	0.0008491039	0.0008570227	0.0008649019	0.0008727371	0.0008805233	0.0008882557	0.0008959298	0.0009035404	0.0009110824	0.0009185509	0.0009259409	0.0009332471	0.0009404640	0.0009475864	0.0009546091	0.0009615265	0.0009683332	0.0009750238	0.0009815930	0.0009880351	0.0009943447	0.0010005164	0.0010065449	0.0010124247	0.0010181504	0.0010237166	0.0010291182	0.0010343497	0.0010394059	0.0010442818	0.0010489725	0.0010534734	0.0010577796	0.0010618861	0.0010657886	0.0010694830	0.0010729653	0.0010762315	0.0010792776	0.0010820998	0.0010846949	0.0010870597	0.0010891915	0.0010910871	0.0010927438	0.0010941593	0.0010953317	0.0010962591	0.0010969397	0.0010973719	0.0010975547	0.0010974872	0.0010971688	0.0010965988	0.0010957770	0.0010947036	0.0010933788	0.0010918030	0.0010899769	0.0010879015	0.0010855779	0.0010830078	0.0010801925	0.0010771340	0.0010738342	0.0010702957	0.0010665208	0.0010625125	0.0010582735	0.0010538069	0.0010491162	0.0010442052	0.0010390775	0.0010337370	0.0010281877	0.0010224341	0.0010164809	0.0010103330	0.0010039949	0.0009974717	0.0009907685	0.0009838909	0.0009768445	0.0009696347	0.0009622673	0.0009547477	0.0009470819	0.0009392760	0.0009313363	0.0009232688	0.0009150795	0.0009067748	0.0008983606	0.0008898433	0.0008812291	0.0008725244	0.0008637355	0.0008548685	0.0008459294	0.0008369243	0.0008278591	0.0008187398	0.0008095724	0.0008003626	0.0007911161	0.0007818388	0.0007725360	0.0007632133	0.0007538759	0.0007445291	0.0007351780	0.0007258275	0.0007164826	0.0007071477	0.0006978277	0.0006885269	0.0006792497	0.0006700003	0.0006607828	0.0006516011	0.0006424588	0.0006333597	0.0006243072	0.0006153048	0.0006063557	0.0005974630	0.0005886294	0.0005798579	0.0005711512	0.0005625118	0.0005539421	0.0005454445	0.0005370210	0.0005286738	0.0005204048	0.0005122157	0.0005041083	0.0004960841	0.0004881445	0.0004802911	0.0004725249	0.0004648472	0.0004572590	0.0004497613	0.0004423549	0.0004350406	0.0004278191	0.0004206909	0.0004136565	0.0004067165	0.0003998710	0.0003931209	0.0003864669	0.0003799097	0.0003734465	0.0003670669	0.0003607529	0.0003545087	0.0003484451	0.0003428738	0.0003381318	0.0003340956	0.0003303772	0.0003267459	0.0003231453	0.0003195848	0.0003160786	0.0003126325	0.0003092460	0.0003059172	0.0003026442	0.0002994257	0.0002962604	0.0002931472	0.0002900851	0.0002870733	0.0002841114	0.0002811985	0.0002783298	0.0002754931
0.0004138728	0.0004140915	0.0004143214	0.0004145707	0.0004148417	0.0004151346	0.0004154490	0.0004157846	0.0004161413	0.0004165193	0.0004169187	0.0004173405	0.0004177867	0.0004182584	0.0004187485	0.0004192298	0.0004196578	0.0004200449	0.0004206744	0.0004223418	0.0004259294	0.0004311086	0.0004369392	0.0004428784	0.0004488035	0.0004547438	0.0004607376	0.0004668011	0.0004729361	0.0004791405	0.0004854129	0.0004917523	0.0004981583	0.0005046307	0.0005111690	0.0005177726	0.0005244409	0.0005311734	0.0005379692	0.0005448277	0.0005517479	0.0005587289	0.0005657697	0.0005728693	0.0005800267	0.0005872407	0.0005945101	0.0006018334	0.0006092092	0.0006166362	0.0006241126	0.0006316368	0.0006392070	0.0006468214	0.0006544780	0.0006621748	0.0006699097	0.0006776805	0.0006854848	0.0006933201	0.0007011841	0.0007090741	0.0007169874	0.0007249214	0.0007328730	0.0007408390	0.0007488167	0.0007568027	0.0007647938	0.0007727867	0.0007807776	0.0007887626	0.0007967382	0.0008047004	0.0008126452	0.0008205687	0.0008284668	0.0008363350	0.0008441692	0.0008519649	0.0008597176	0.0008674225	0.0008750750	0.0008826703	0.0008902034	0.0008976693	0.0009050632	0.0009123796	0.0009196135	0.0009267596	0.0009338130	0.0009407680	0.0009476193	0.0009543617	0.0009609897	0.0009674978	0.0009738806	0.0009801327	0.0009862487	0.0009922233	0.0009980509	0.0010037263	0.0010092442	0.0010145993	0.0010197862	0.0010247996	0.0010296348	0.0010342869	0.0010387511	0.0010430225	0.0010470966	0.0010509688	0.0010546349	0.0010580911	0.0010613335	0.0010643580	0.0010671610	0.0010697390	0.0010720891	0.0010742084	0.0010760940	0.0010777430	0.0010791532	0.0010803227	0.0010812497	0.0010819324	0.0010823693	0.0010825593	0.0010825018	0.0010821960	0.0010816412	0.0010808373	0.0010797845	0.0010784830	0.0010769333	0.0010751359	0.0010730919	0.0010708025	0.0010682690	0.0010654931	0.0010624766	0.0010592214	0.0010557299	0.0010520046	0.0010480482	0.0010438636	0.0010394536	0.0010348219	0.0010299721	0.0010249078	0.0010196327	0.0010141509	0.0010084669	0.0010025853	0.0009965106	0.0009902476	0.0009838010	0.0009771763	0.0009703788	0.0009634141	0.0009562876	0.0009490048	0.0009415713	0.0009339931	0.0009262762	0.0009184268	0.0009104508	0.0009023542	0.0008941431	0.0008858236	0.0008774022	0.0008688850	0.0008602783	0.0008515883	0.0008428212	0.0008339827	0.0008250791	0.0008161162	0.0008071000	0.0007980364	0.0007889312	0.0007797900	0.0007706185	0.0007614220	0.0007522061	0.0007429759	0.0007337367	0.0007244936	0.0007152514	0.0007060151	0.0006967892	0.0006875782	0.0006783867	0.0006692189	0.0006600789	0.0006509709	0.0006418986	0.0006328658	0.0006238760	0.0006149327	0.0006060393	0.0005971990	0.0005884148	0.0005796896	0.0005710261	0.0005624270	0.0005538948	0.0005454319	0.0005370406	0.0005287229	0.0005204810	0.0005123167	0.0005042317	0.0004962278	0.0004883065	0.0004804691	0.0004727171	0.0004650517	0.0004574740	0.0004499850	0.0004425857	0.0004352769	0.0004280593	0.0004209336	0.0004139004	0.0004069601	0.0004001132	0.0003933599	0.0003867008	0.0003801366	0.0003736681	0.0003672944	0.0003610083	0.0003547941	0.0003486415	0.0003426072	0.0003369205	0.0003319508	0.0003277868	0.0003240677	0.0003204899	0.0003169497	0.0003134434	0.0003099867	0.0003065882	0.0003032491	0.0002999676	0.0002967418	0.0002935701	0.0002904514	0.0002873843	0.0002843680	0.0002814017	0.0002784849	0.0002756166	0.0002727924	0.0002699997
0.0004046628	0.0004048792	0.0004051066	0.0004053528	0.0004056204	0.0004059093	0.0004062192	0.0004065498	0.0004069011	0.0004072731	0.0004076662	0.0004080818	0.0004085219	0.0004089857	0.0004094608	0.0004099124	0.0004103030	0.0004107082	0.0004115669	0.0004137892	0.0004179632	0.0004233728	0.0004291659	0.0004349881	0.0004407998	0.0004466427	0.0004525468	0.0004585217	0.0004645668	0.0004706801	0.0004768603	0.0004831070	0.0004894197	0.0004957982	0.0005022419	0.0005087504	0.0005153232	0.0005219596	0.0005286588	0.0005354202	0.0005422429	0.0005491258	0.0005560682	0.0005630691	0.0005701273	0.0005772417	0.0005844112	0.0005916343	0.0005989097	0.0006062360	0.0006136116	0.0006210348	0.0006285039	0.0006360171	0.0006435726	0.0006511683	0.0006588021	0.0006664719	0.0006741753	0.0006819100	0.0006896735	0.0006974632	0.0007052766	0.0007131108	0.0007209627	0.0007288297	0.0007367086	0.0007445964	0.0007524900	0.0007603858	0.0007682802	0.0007761695	0.0007840502	0.0007919182	0.0007997698	0.0008076010	0.0008154075	0.0008231850	0.0008309295	0.0008386365	0.0008463014	0.0008539198	0.0008614871	0.0008689985	0.0008764489	0.0008838337	0.0008911476	0.0008983854	0.0009055421	0.0009126127	0.0009195917	0.0009264741	0.0009332545	0.0009399278	0.0009464882	0.0009529305	0.0009592494	0.0009654394	0.0009714952	0.0009774112	0.0009831822	0.0009888030	0.0009942683	0.0009995726	0.0010047106	0.0010096775	0.0010144682	0.0010190777	0.0010235013	0.0010277344	0.0010317726	0.0010356113	0.0010392460	0.0010426730	0.0010458884	0.0010488885	0.0010516695	0.0010542279	0.0010565608	0.0010586651	0.0010605383	0.0010621776	0.0010635806	0.0010647454	0.0010656704	0.0010663540	0.0010667946	0.0010669911	0.0010669427	0.0010666490	0.0010661093	0.0010653233	0.0010642912	0.0010630133	0.0010614901	0.0010597222	0.0010577105	0.0010554562	0.0010529608	0.0010502258	0.0010472530	0.0010440443	0.0010406020	0.0010369286	0.0010330267	0.0010288991	0.0010245487	0.0010199791	0.0010151937	0.0010101961	0.0010049899	0.0009995794	0.0009939688	0.0009881627	0.0009821656	0.0009759818	0.0009696164	0.0009630746	0.0009563619	0.0009494835	0.0009424450	0.0009352515	0.0009279091	0.0009204236	0.0009128009	0.0009050469	0.0008971676	0.0008891689	0.0008810569	0.0008728377	0.0008645176	0.0008561030	0.0008475999	0.0008390144	0.0008303526	0.0008216205	0.0008128240	0.0008039692	0.0007950618	0.0007861078	0.0007771129	0.0007680827	0.0007590227	0.0007499383	0.0007408349	0.0007317178	0.0007225919	0.0007134624	0.0007043343	0.0006952123	0.0006861009	0.0006770047	0.0006679281	0.0006588752	0.0006498503	0.0006408572	0.0006318999	0.0006229820	0.0006141069	0.0006052782	0.0005964990	0.0005877728	0.0005791023	0.0005704906	0.0005619401	0.0005534536	0.0005450336	0.0005366824	0.0005284023	0.0005201953	0.0005120634	0.0005040085	0.0004960323	0.0004881364	0.0004803225	0.0004725917	0.0004649456	0.0004573852	0.0004499117	0.0004425260	0.0004352292	0.0004280220	0.0004209052	0.0004138792	0.0004069448	0.0004001024	0.0003933523	0.0003866949	0.0003801306	0.0003736598	0.0003672835	0.0003610016	0.0003548100	0.0003486959	0.0003426434	0.0003366731	0.0003309378	0.0003257798	0.0003214522	0.0003176971	0.0003141614	0.0003106826	0.0003072342	0.0003038298	0.0003004810	0.0002971908	0.0002939580	0.0002907808	0.0002876575	0.0002845866	0.0002815671	0.0002785979	0.0002756783	0.0002728079	0.0002699855	0.0002672068	0.0002644593
0.0003954234	0.0003956373	0.0003958619	0.0003961049	0.0003963687	0.0003966534	0.0003969586	0.0003972839	0.0003976294	0.0003979952	0.0003983819	0.0003987912	0.0003992248	0.0003996792	0.0004001352	0.0004005520	0.0004009116	0.0004013810	0.0004025740	0.0004054190	0.0004100312	0.0004155294	0.0004212339	0.0004269346	0.0004326378	0.0004383848	0.0004441975	0.0004500804	0.0004560321	0.0004620509	0.0004681358	0.0004742864	0.0004805024	0.0004867835	0.0004931293	0.0004995393	0.0005060128	0.0005125495	0.0005191484	0.0005258090	0.0005325303	0.0005393114	0.0005461516	0.0005530497	0.0005600048	0.0005670157	0.0005740812	0.0005812001	0.0005883709	0.0005955923	0.0006028627	0.0006101805	0.0006175441	0.0006249517	0.0006324015	0.0006398915	0.0006474196	0.0006549837	0.0006625815	0.0006702108	0.0006778690	0.0006855537	0.0006932623	0.0007009918	0.0007087394	0.0007165025	0.0007242778	0.0007320624	0.0007398533	0.0007476469	0.0007554396	0.0007632281	0.0007710086	0.0007787772	0.0007865304	0.0007942640	0.0008019737	0.0008096556	0.0008173053	0.0008249183	0.0008324903	0.0008400171	0.0008474939	0.0008549160	0.0008622787	0.0008695770	0.0008768057	0.0008839599	0.0008910344	0.0008980242	0.0009049241	0.0009117289	0.0009184336	0.0009250326	0.0009315206	0.0009378924	0.0009441427	0.0009502659	0.0009562567	0.0009621098	0.0009678199	0.0009733817	0.0009787897	0.0009840389	0.0009891242	0.0009940404	0.0009987825	0.0010033456	0.0010077250	0.0010119164	0.0010159151	0.0010197167	0.0010233168	0.0010267115	0.0010298970	0.0010328696	0.0010356258	0.0010381619	0.0010404748	0.0010425618	0.0010444203	0.0010460478	0.0010474417	0.0010486003	0.0010495220	0.0010502053	0.0010506485	0.0010508505	0.0010508108	0.0010505286	0.0010500036	0.0010492353	0.0010482240	0.0010469700	0.0010454738	0.0010437360	0.0010417575	0.0010395395	0.0010370834	0.0010343908	0.0010314634	0.0010283030	0.0010249121	0.0010212929	0.0010174480	0.0010133801	0.0010090923	0.0010045878	0.0009998701	0.0009949426	0.0009898089	0.0009844733	0.0009789401	0.0009732134	0.0009672978	0.0009611976	0.0009549179	0.0009484637	0.0009418404	0.0009350531	0.0009281072	0.0009210081	0.0009137617	0.0009063739	0.0008988504	0.0008911971	0.0008834197	0.0008755242	0.0008675167	0.0008594034	0.0008511903	0.0008428838	0.0008344899	0.0008260145	0.0008174637	0.0008088435	0.0008001599	0.0007914188	0.0007826261	0.0007737874	0.0007649086	0.0007559951	0.0007470524	0.0007380859	0.0007291008	0.0007201024	0.0007110957	0.0007020857	0.0006930773	0.0006840753	0.0006750841	0.0006661084	0.0006571523	0.0006482200	0.0006393156	0.0006304430	0.0006216061	0.0006128084	0.0006040535	0.0005953447	0.0005866852	0.0005780782	0.0005695267	0.0005610335	0.0005526012	0.0005442324	0.0005359296	0.0005276950	0.0005195309	0.0005114393	0.0005034222	0.0004954814	0.0004876185	0.0004798353	0.0004721332	0.0004645135	0.0004569775	0.0004495265	0.0004421614	0.0004348833	0.0004276931	0.0004205916	0.0004135794	0.0004066571	0.0003998253	0.0003930845	0.0003864350	0.0003798771	0.0003734111	0.0003670374	0.0003607567	0.0003545696	0.0003484739	0.0003424601	0.0003365117	0.0003306290	0.0003249045	0.0003196174	0.0003151008	0.0003112712	0.0003077622	0.0003043443	0.0003009574	0.0002976084	0.0002943113	0.0002910715	0.0002878890	0.0002847618	0.0002816882	0.0002786667	0.0002756961	0.0002727753	0.0002699037	0.0002670808	0.0002643056	0.0002615736	0.0002588724
0.0003861552	0.0003863664	0.0003865880	0.0003868275	0.0003870874	0.0003873676	0.0003876678	0.0003879876	0.0003883271	0.0003886865	0.0003890667	0.0003894695	0.0003898960	0.0003903389	0.0003907719	0.0003911528	0.0003914971	0.0003920848	0.0003936864	0.0003971338	0.0004020533	0.0004075532	0.0004131448	0.0004187244	0.0004243218	0.0004299726	0.0004356911	0.0004414788	0.0004473338	0.0004532548	0.0004592410	0.0004652923	0.0004714083	0.0004775887	0.0004838330	0.0004901409	0.0004965118	0.0005029450	0.0005094400	0.0005159960	0.0005226122	0.0005292877	0.0005360217	0.0005428132	0.0005496612	0.0005565646	0.0005635222	0.0005705326	0.0005775948	0.0005847070	0.0005918681	0.0005990762	0.0006063299	0.0006136275	0.0006209670	0.0006283467	0.0006357645	0.0006432182	0.0006507057	0.0006582248	0.0006657729	0.0006733478	0.0006809466	0.0006885666	0.0006962052	0.0007038593	0.0007115262	0.0007192028	0.0007268860	0.0007345722	0.0007422582	0.0007499406	0.0007576157	0.0007652798	0.0007729293	0.0007805599	0.0007881677	0.0007957487	0.0008032983	0.0008108123	0.0008182865	0.0008257164	0.0008330974	0.0008404251	0.0008476947	0.0008549011	0.0008620394	0.0008691049	0.0008760922	0.0008829962	0.0008898119	0.0008965344	0.0009031582	0.0009096780	0.0009160889	0.0009223854	0.0009285623	0.0009346139	0.0009405352	0.0009463209	0.0009519655	0.0009574636	0.0009628102	0.0009680002	0.0009730284	0.0009778897	0.0009825793	0.0009870922	0.0009914239	0.0009955698	0.0009995254	0.0010032865	0.0010068487	0.0010102079	0.0010133603	0.0010163024	0.0010190307	0.0010215416	0.0010238321	0.0010258994	0.0010277411	0.0010293548	0.0010307380	0.0010318889	0.0010328058	0.0010334874	0.0010339321	0.0010341389	0.0010341069	0.0010338358	0.0010333250	0.0010325743	0.0010315838	0.0010303539	0.0010288851	0.0010271780	0.0010252336	0.0010230530	0.0010206376	0.0010179888	0.0010151085	0.0010119984	0.0010086609	0.0010050982	0.0010013129	0.0009973076	0.0009930851	0.0009886488	0.0009840021	0.0009791481	0.0009740906	0.0009688336	0.0009633815	0.0009577382	0.0009519082	0.0009458959	0.0009397063	0.0009333444	0.0009268152	0.0009201237	0.0009132753	0.0009062755	0.0008991302	0.0008918451	0.0008844259	0.0008768784	0.0008692082	0.0008614214	0.0008535238	0.0008455218	0.0008374214	0.0008292285	0.0008209493	0.0008125897	0.0008041556	0.0007956530	0.0007870881	0.0007784665	0.0007697941	0.0007610767	0.0007523197	0.0007435286	0.0007347090	0.0007258661	0.0007170051	0.0007081312	0.0006992494	0.0006903647	0.0006814818	0.0006726055	0.0006637403	0.0006548906	0.0006460606	0.0006372545	0.0006284762	0.0006197297	0.0006110186	0.0006023467	0.0005937173	0.0005851337	0.0005765992	0.0005681167	0.0005596893	0.0005513198	0.0005430108	0.0005347648	0.0005265840	0.0005184710	0.0005104278	0.0005024564	0.0004945588	0.0004867368	0.0004789919	0.0004713258	0.0004637400	0.0004562358	0.0004488144	0.0004414770	0.0004342246	0.0004270582	0.0004199786	0.0004129867	0.0004060831	0.0003992684	0.0003925431	0.0003859077	0.0003793624	0.0003729076	0.0003665436	0.0003602705	0.0003540891	0.0003479999	0.0003420022	0.0003360896	0.0003302475	0.0003244654	0.0003187913	0.0003134301	0.0003087294	0.0003047975	0.0003012970	0.0002979363	0.0002946131	0.0002913226	0.0002880794	0.0002848918	0.0002817610	0.0002786853	0.0002756629	0.0002726921	0.0002697717	0.0002669007	0.0002640784	0.0002613043	0.0002585774	0.0002558932	0.0002532396
0.0003768590	0.0003770672	0.0003772855	0.0003775214	0.0003777771	0.0003780526	0.0003783476	0.0003786617	0.0003789949	0.0003793477	0.0003797213	0.0003801175	0.0003805357	0.0003809639	0.0003813693	0.0003817167	0.0003820783	0.0003828697	0.0003849541	0.0003888937	0.0003939859	0.0003994297	0.0004048997	0.0004103617	0.0004158551	0.0004214082	0.0004270295	0.0004327186	0.0004384737	0.0004442937	0.0004501781	0.0004561267	0.0004621394	0.0004682156	0.0004743551	0.0004805574	0.0004868220	0.0004931483	0.0004995357	0.0005059834	0.0005124907	0.0005190567	0.0005256807	0.0005323617	0.0005390986	0.0005458905	0.0005527361	0.0005596342	0.0005665834	0.0005735825	0.0005806299	0.0005877241	0.0005948636	0.0006020467	0.0006092715	0.0006165363	0.0006238392	0.0006311778	0.0006385504	0.0006459544	0.0006533877	0.0006608479	0.0006683321	0.0006758377	0.0006833622	0.0006909026	0.0006984562	0.0007060198	0.0007135903	0.0007211642	0.0007287385	0.0007363097	0.0007438741	0.0007514286	0.0007589690	0.0007664914	0.0007739920	0.0007814667	0.0007889110	0.0007963209	0.0008036921	0.0008110200	0.0008183001	0.0008255282	0.0008326994	0.0008398087	0.0008468515	0.0008538230	0.0008607178	0.0008675310	0.0008742577	0.0008808927	0.0008874306	0.0008938666	0.0009001953	0.0009064117	0.0009125102	0.0009184857	0.0009243330	0.0009300464	0.0009356208	0.0009410510	0.0009463319	0.0009514583	0.0009564251	0.0009612276	0.0009658607	0.0009703197	0.0009745997	0.0009786964	0.0009826054	0.0009863225	0.0009898433	0.0009931638	0.0009962799	0.0009991884	0.0010018858	0.0010043690	0.0010066346	0.0010086801	0.0010105028	0.0010121008	0.0010134716	0.0010146130	0.0010155237	0.0010162022	0.0010166472	0.0010168576	0.0010168326	0.0010165718	0.0010160748	0.0010153413	0.0010143717	0.0010131661	0.0010117252	0.0010100495	0.0010081400	0.0010059978	0.0010036243	0.0010010210	0.0009981895	0.0009951317	0.0009918498	0.0009883460	0.0009846228	0.0009806826	0.0009765285	0.0009721636	0.0009675910	0.0009628140	0.0009578363	0.0009526618	0.0009472946	0.0009417387	0.0009359984	0.0009300783	0.0009239832	0.0009177180	0.0009112875	0.0009046967	0.0008979508	0.0008910554	0.0008840162	0.0008768389	0.0008695291	0.0008620924	0.0008545347	0.0008468618	0.0008390798	0.0008311947	0.0008232124	0.0008151388	0.0008069798	0.0007987415	0.0007904299	0.0007820508	0.0007736102	0.0007651139	0.0007565677	0.0007479771	0.0007393477	0.0007306849	0.0007219941	0.0007132806	0.0007045495	0.0006958059	0.0006870549	0.0006783011	0.0006695495	0.0006608046	0.0006520711	0.0006433531	0.0006346549	0.0006259805	0.0006173339	0.0006087189	0.0006001392	0.0005915984	0.0005831000	0.0005746470	0.0005662427	0.0005578900	0.0005495920	0.0005413513	0.0005331706	0.0005250523	0.0005169987	0.0005090121	0.0005010947	0.0004932483	0.0004854749	0.0004777763	0.0004701540	0.0004626096	0.0004551446	0.0004477603	0.0004404577	0.0004332382	0.0004261027	0.0004190521	0.0004120873	0.0004052090	0.0003984180	0.0003917147	0.0003850996	0.0003785733	0.0003721359	0.0003657879	0.0003595293	0.0003533604	0.0003472817	0.0003412939	0.0003353968	0.0003295867	0.0003238516	0.0003181765	0.0003125793	0.0003071989	0.0003023543	0.0002982939	0.0002947731	0.0002914598	0.0002882012	0.0002849723	0.0002817858	0.0002786523	0.0002755747	0.0002725519	0.0002695820	0.0002666633	0.0002637945	0.0002609746	0.0002582029	0.0002554788	0.0002528014	0.0002501663	0.0002475613
0.0003675354	0.0003677404	0.0003679553	0.0003681873	0.0003684386	0.0003687092	0.0003689987	0.0003693068	0.0003696336	0.0003699797	0.0003703466	0.0003707359	0.0003711446	0.0003715548	0.0003719285	0.0003722470	0.0003726615	0.0003737402	0.0003763626	0.0003806641	0.0003858106	0.0003911567	0.0003965016	0.0004018498	0.0004072402	0.0004126935	0.0004182145	0.0004238018	0.0004294537	0.0004351696	0.0004409490	0.0004467918	0.0004526978	0.0004586666	0.0004646978	0.0004707911	0.0004769459	0.0004831617	0.0004894378	0.0004957735	0.0005021682	0.0005086209	0.0005151310	0.0005216976	0.0005283195	0.0005349959	0.0005417254	0.0005485070	0.0005553393	0.0005622209	0.0005691506	0.0005761267	0.0005831477	0.0005902119	0.0005973176	0.0006044632	0.0006116464	0.0006188655	0.0006261183	0.0006334026	0.0006407163	0.0006480568	0.0006554215	0.0006628079	0.0006702134	0.0006776351	0.0006850704	0.0006925161	0.0006999688	0.0007074256	0.0007148832	0.0007223380	0.0007297870	0.0007372264	0.0007446524	0.0007520614	0.0007594496	0.0007668125	0.0007741463	0.0007814469	0.0007887098	0.0007959305	0.0008031048	0.0008102281	0.0008172956	0.0008243026	0.0008312448	0.0008381169	0.0008449141	0.0008516315	0.0008582641	0.0008648065	0.0008712538	0.0008776010	0.0008838428	0.0008899740	0.0008959895	0.0009018842	0.0009076524	0.0009132890	0.0009187888	0.0009241467	0.0009293574	0.0009344159	0.0009393173	0.0009440568	0.0009486294	0.0009530305	0.0009572552	0.0009612990	0.0009651579	0.0009688272	0.0009723031	0.0009755814	0.0009786582	0.0009815301	0.0009841940	0.0009866468	0.0009888852	0.0009909064	0.0009927083	0.0009942883	0.0009956446	0.0009967749	0.0009976777	0.0009983516	0.0009987956	0.0009990085	0.0009989894	0.0009987382	0.0009982545	0.0009975382	0.0009965892	0.0009954081	0.0009939954	0.0009923518	0.0009904781	0.0009883755	0.0009860454	0.0009834890	0.0009807082	0.0009777047	0.0009744805	0.0009710380	0.0009673794	0.0009635072	0.0009594244	0.0009551340	0.0009506389	0.0009459424	0.0009410481	0.0009359598	0.0009306815	0.0009252171	0.0009195707	0.0009137469	0.0009077507	0.0009015866	0.0008952594	0.0008887740	0.0008821356	0.0008753497	0.0008684217	0.0008613573	0.0008541619	0.0008468414	0.0008394014	0.0008318479	0.0008241869	0.0008164241	0.0008085653	0.0008006165	0.0007925835	0.0007844723	0.0007762888	0.0007680389	0.0007597284	0.0007513632	0.0007429489	0.0007344909	0.0007259949	0.0007174661	0.0007089099	0.0007003315	0.0006917362	0.0006831287	0.0006745141	0.0006658972	0.0006572826	0.0006486749	0.0006400786	0.0006314979	0.0006229371	0.0006144001	0.0006058907	0.0005974128	0.0005889700	0.0005805658	0.0005722036	0.0005638865	0.0005556178	0.0005474002	0.0005392366	0.0005311299	0.0005230826	0.0005150970	0.0005071755	0.0004993203	0.0004915334	0.0004838168	0.0004761724	0.0004686018	0.0004611066	0.0004536885	0.0004463487	0.0004390885	0.0004319092	0.0004248118	0.0004177973	0.0004108667	0.0004040207	0.0003972600	0.0003905854	0.0003839974	0.0003774964	0.0003710829	0.0003647571	0.0003585193	0.0003523698	0.0003463086	0.0003403361	0.0003344529	0.0003286594	0.0003229533	0.0003173258	0.0003117612	0.0003062604	0.0003009107	0.0002959749	0.0002917658	0.0002881939	0.0002849161	0.0002817221	0.0002785580	0.0002754309	0.0002723534	0.0002693306	0.0002663621	0.0002634461	0.0002605810	0.0002577651	0.0002549976	0.0002522777	0.0002496049	0.0002469783	0.0002443933	0.0002418381
0.0003581851	0.0003583868	0.0003585980	0.0003588259	0.0003590725	0.0003593380	0.0003596218	0.0003599238	0.0003602439	0.0003605832	0.0003609433	0.0003613252	0.0003617229	0.0003621126	0.0003624538	0.0003627544	0.0003632589	0.0003646755	0.0003678187	0.0003723773	0.0003775087	0.0003827374	0.0003879568	0.0003931929	0.0003984793	0.0004038305	0.0004092480	0.0004147303	0.0004202760	0.0004258846	0.0004315559	0.0004372897	0.0004430858	0.0004489438	0.0004548635	0.0004608443	0.0004668858	0.0004729875	0.0004791487	0.0004853688	0.0004916471	0.0004979829	0.0005043753	0.0005108235	0.0005173265	0.0005238833	0.0005304928	0.0005371537	0.0005438649	0.0005506250	0.0005574327	0.0005642864	0.0005711847	0.0005781258	0.0005851081	0.0005921299	0.0005991892	0.0006062841	0.0006134126	0.0006205725	0.0006277618	0.0006349778	0.0006422181	0.0006494804	0.0006567619	0.0006640600	0.0006713720	0.0006786945	0.0006860246	0.0006933593	0.0007006951	0.0007080288	0.0007153572	0.0007226764	0.0007299830	0.0007372734	0.0007445437	0.0007517897	0.0007590077	0.0007661936	0.0007733428	0.0007804513	0.0007875146	0.0007945279	0.0008014866	0.0008083864	0.0008152225	0.0008219901	0.0008286846	0.0008353010	0.0008418342	0.0008482792	0.0008546310	0.0008608845	0.0008670343	0.0008730757	0.0008790034	0.0008848122	0.0008904968	0.0008960520	0.0009014727	0.0009067537	0.0009118899	0.0009168763	0.0009217082	0.0009263805	0.0009308886	0.0009352278	0.0009393933	0.0009433807	0.0009471856	0.0009508037	0.0009542311	0.0009574640	0.0009604985	0.0009633311	0.0009659587	0.0009683783	0.0009705870	0.0009725818	0.0009743603	0.0009759204	0.0009772601	0.0009783773	0.0009792704	0.0009799382	0.0009803797	0.0009805939	0.0009805800	0.0009803376	0.0009798668	0.0009791671	0.0009782389	0.0009770824	0.0009756984	0.0009740875	0.0009722505	0.0009701886	0.0009679031	0.0009653954	0.0009626670	0.0009597197	0.0009565556	0.0009531767	0.0009495854	0.0009457840	0.0009417754	0.0009375626	0.0009331483	0.0009285358	0.0009237286	0.0009187304	0.0009135450	0.0009081760	0.0009026277	0.0008969047	0.0008910117	0.0008849531	0.0008787337	0.0008723583	0.0008658323	0.0008591609	0.0008523493	0.0008454029	0.0008383272	0.0008311280	0.0008238111	0.0008163823	0.0008088476	0.0008012126	0.0007934829	0.0007856644	0.0007777630	0.0007697845	0.0007617349	0.0007536199	0.0007454454	0.0007372170	0.0007289402	0.0007206206	0.0007122637	0.0007038747	0.0006954589	0.0006870215	0.0006785676	0.0006701020	0.0006616297	0.0006531553	0.0006446834	0.0006362186	0.0006277653	0.0006193276	0.0006109097	0.0006025156	0.0005941490	0.0005858137	0.0005775132	0.0005692510	0.0005610304	0.0005528546	0.0005447266	0.0005366493	0.0005286255	0.0005206578	0.0005127489	0.0005049011	0.0004971166	0.0004893976	0.0004817460	0.0004741640	0.0004666531	0.0004592152	0.0004518518	0.0004445643	0.0004373542	0.0004302226	0.0004231708	0.0004161998	0.0004093105	0.0004025038	0.0003957806	0.0003891416	0.0003825873	0.0003761184	0.0003697352	0.0003634381	0.0003572275	0.0003511036	0.0003450666	0.0003391166	0.0003332538	0.0003274786	0.0003217917	0.0003161919	0.0003106731	0.0003052214	0.0002998280	0.0002945415	0.0002895592	0.0002852057	0.0002815637	0.0002783093	0.0002751777	0.0002720805	0.0002690153	0.0002659958	0.0002630293	0.0002601166	0.0002572560	0.0002544457	0.0002516842	0.0002489704	0.0002463036	0.0002436833	0.0002411086	0.0002385749	0.0002360706
0.0003488088	0.0003490069	0.0003492143	0.0003494379	0.0003496797	0.0003499398	0.0003502178	0.0003505133	0.0003508268	0.0003511591	0.0003515122	0.0003518859	0.0003522701	0.0003526355	0.0003529465	0.0003532552	0.0003539164	0.0003557250	0.0003592937	0.0003639992	0.0003690687	0.0003741727	0.0003792693	0.0003843942	0.0003895751	0.0003948211	0.0004001320	0.0004055063	0.0004109427	0.0004164411	0.0004220012	0.0004276228	0.0004333058	0.0004390498	0.0004448545	0.0004507194	0.0004566443	0.0004626284	0.0004686712	0.0004747720	0.0004809303	0.0004871453	0.0004934163	0.0004997423	0.0005061225	0.0005125557	0.0005190411	0.0005255774	0.0005321633	0.0005387977	0.0005454791	0.0005522062	0.0005589775	0.0005657912	0.0005726458	0.0005795395	0.0005864704	0.0005934367	0.0006004363	0.0006074673	0.0006145274	0.0006216141	0.0006287254	0.0006358586	0.0006430112	0.0006501807	0.0006573643	0.0006645587	0.0006717612	0.0006789686	0.0006861777	0.0006933853	0.0007005880	0.0007077821	0.0007149643	0.0007221309	0.0007292781	0.0007364020	0.0007434990	0.0007505647	0.0007575951	0.0007645860	0.0007715328	0.0007784309	0.0007852760	0.0007920635	0.0007987884	0.0008054466	0.0008120332	0.0008185433	0.0008249720	0.0008313146	0.0008375658	0.0008437206	0.0008497738	0.0008557206	0.0008615557	0.0008672738	0.0008728700	0.0008783392	0.0008836762	0.0008888759	0.0008939332	0.0008988435	0.0009036015	0.0009082027	0.0009126422	0.0009169155	0.0009210180	0.0009249450	0.0009286923	0.0009322557	0.0009356314	0.0009388156	0.0009418047	0.0009445952	0.0009471838	0.0009495676	0.0009517439	0.0009537097	0.0009554626	0.0009570004	0.0009583212	0.0009594234	0.0009603051	0.0009609653	0.0009614030	0.0009616174	0.0009616077	0.0009613736	0.0009609151	0.0009602319	0.0009593243	0.0009581928	0.0009568379	0.0009552602	0.0009534608	0.0009514406	0.0009492010	0.0009467433	0.0009440691	0.0009411800	0.0009380781	0.0009347654	0.0009312440	0.0009275163	0.0009235850	0.0009194529	0.0009151227	0.0009105976	0.0009058812	0.0009009768	0.0008958881	0.0008906188	0.0008851730	0.0008795551	0.0008737696	0.0008678210	0.0008617139	0.0008554533	0.0008490444	0.0008424924	0.0008358021	0.0008289788	0.0008220281	0.0008149555	0.0008077670	0.0008004684	0.0007930653	0.0007855633	0.0007779682	0.0007702856	0.0007625213	0.0007546813	0.0007467713	0.0007387970	0.0007307641	0.0007226782	0.0007145447	0.0007063692	0.0006981571	0.0006899137	0.0006816441	0.0006733534	0.0006650467	0.0006567288	0.0006484045	0.0006400783	0.0006317549	0.0006234387	0.0006151339	0.0006068448	0.0005985755	0.0005903298	0.0005821116	0.0005739243	0.0005657715	0.0005576567	0.0005495831	0.0005415538	0.0005335718	0.0005256400	0.0005177610	0.0005099375	0.0005021720	0.0004944669	0.0004868243	0.0004792463	0.0004717350	0.0004642921	0.0004569196	0.0004496189	0.0004423917	0.0004352394	0.0004281633	0.0004211646	0.0004142445	0.0004074040	0.0004006441	0.0003939655	0.0003873691	0.0003808556	0.0003744255	0.0003680794	0.0003618178	0.0003556409	0.0003495491	0.0003435426	0.0003376215	0.0003317860	0.0003260362	0.0003203725	0.0003147954	0.0003093046	0.0003038961	0.0002985583	0.0002932778	0.0002880758	0.0002830911	0.0002786274	0.0002748982	0.0002716458	0.0002685691	0.0002655395	0.0002625390	0.0002595800	0.0002566716	0.0002538162	0.0002510123	0.0002482583	0.0002455524	0.0002428936	0.0002402812	0.0002377146	0.0002351929	0.0002327118	0.0002302595
0.0003394071	0.0003396015	0.0003398049	0.0003400240	0.0003402609	0.0003405154	0.0003407873	0.0003410763	0.0003413829	0.0003417083	0.0003420542	0.0003424186	0.0003427866	0.0003431241	0.0003434079	0.0003437529	0.0003446417	0.0003468935	0.0003507721	0.0003555192	0.0003604894	0.0003654652	0.0003704420	0.0003754564	0.0003805299	0.0003856677	0.0003908689	0.0003961320	0.0004014562	0.0004068412	0.0004122870	0.0004177934	0.0004233602	0.0004289869	0.0004346734	0.0004404192	0.0004462240	0.0004520870	0.0004580079	0.0004639860	0.0004700207	0.0004761112	0.0004822570	0.0004884570	0.0004947104	0.0005010162	0.0005073735	0.0005137811	0.0005202377	0.0005267422	0.0005332932	0.0005398894	0.0005465293	0.0005532113	0.0005599338	0.0005666950	0.0005734932	0.0005803265	0.0005871928	0.0005940903	0.0006010167	0.0006079696	0.0006149470	0.0006219463	0.0006289652	0.0006360012	0.0006430513	0.0006501126	0.0006571824	0.0006642575	0.0006713347	0.0006784111	0.0006854831	0.0006925471	0.0006996000	0.0007066378	0.0007136568	0.0007206536	0.0007276242	0.0007345645	0.0007414709	0.0007483388	0.0007551637	0.0007619416	0.0007686678	0.0007753377	0.0007819467	0.0007884904	0.0007949640	0.0008013627	0.0008076819	0.0008139169	0.0008200625	0.0008261136	0.0008320655	0.0008379128	0.0008436504	0.0008492732	0.0008547765	0.0008601550	0.0008654037	0.0008705177	0.0008754920	0.0008803216	0.0008850017	0.0008895276	0.0008938946	0.0008980981	0.0009021335	0.0009059964	0.0009096825	0.0009131879	0.0009165086	0.0009196410	0.0009225817	0.0009253270	0.0009278738	0.0009302190	0.0009323601	0.0009342943	0.0009360190	0.0009375323	0.0009388323	0.0009399175	0.0009407863	0.0009414374	0.0009418702	0.0009420837	0.0009420774	0.0009418508	0.0009414041	0.0009407372	0.0009398502	0.0009387436	0.0009374181	0.0009358744	0.0009341132	0.0009321359	0.0009299434	0.0009275373	0.0009249190	0.0009220901	0.0009190525	0.0009158083	0.0009123593	0.0009087080	0.0009048570	0.0009008088	0.0008965661	0.0008921320	0.0008875099	0.0008827031	0.0008777150	0.0008725494	0.0008672103	0.0008617019	0.0008560285	0.0008501944	0.0008442042	0.0008380630	0.0008317760	0.0008253479	0.0008187838	0.0008120888	0.0008052683	0.0007983277	0.0007912730	0.0007841097	0.0007768435	0.0007694800	0.0007620248	0.0007544837	0.0007468623	0.0007391664	0.0007314016	0.0007235736	0.0007156880	0.0007077502	0.0006997658	0.0006917401	0.0006836787	0.0006755865	0.0006674688	0.0006593307	0.0006511769	0.0006430123	0.0006348417	0.0006266695	0.0006185002	0.0006103381	0.0006021876	0.0005940527	0.0005859375	0.0005778458	0.0005697813	0.0005617475	0.0005537479	0.0005457858	0.0005378645	0.0005299870	0.0005221563	0.0005143750	0.0005066460	0.0004989717	0.0004913546	0.0004837971	0.0004763013	0.0004688692	0.0004615028	0.0004542038	0.0004469741	0.0004398153	0.0004327288	0.0004257161	0.0004187783	0.0004119169	0.0004051327	0.0003984269	0.0003918004	0.0003852539	0.0003787883	0.0003724042	0.0003661021	0.0003598827	0.0003537462	0.0003476931	0.0003417236	0.0003358380	0.0003300364	0.0003243188	0.0003186854	0.0003131364	0.0003076722	0.0003022932	0.0002969967	0.0002917736	0.0002866095	0.0002815089	0.0002765651	0.0002720374	0.0002682041	0.0002649285	0.0002618974	0.0002589358	0.0002560028	0.0002531067	0.0002502583	0.0002474615	0.0002447158	0.0002420193	0.0002393704	0.0002367680	0.0002342111	0.0002316995	0.0002292321	0.0002268046	0.0002244055
0.0003299809	0.0003301713	0.0003303705	0.0003305850	0.0003308167	0.0003310655	0.0003313312	0.0003316135	0.0003319131	0.0003322314	0.0003325699	0.0003329241	0.0003332742	0.0003335828	0.0003338447	0.0003342476	0.0003353995	0.0003380957	0.0003421982	0.0003469238	0.0003517748	0.0003566209	0.0003614790	0.0003663821	0.0003713457	0.0003763724	0.0003814609	0.0003866099	0.0003918189	0.0003970877	0.0004024161	0.0004078042	0.0004132515	0.0004187578	0.0004243229	0.0004299463	0.0004356276	0.0004413663	0.0004471618	0.0004530136	0.0004589211	0.0004648836	0.0004709004	0.0004769707	0.0004830936	0.0004892681	0.0004954934	0.0005017682	0.0005080915	0.0005144620	0.0005208784	0.0005273395	0.0005338438	0.0005403898	0.0005469758	0.0005536001	0.0005602611	0.0005669569	0.0005736856	0.0005804451	0.0005872332	0.0005940478	0.0006008867	0.0006077475	0.0006146280	0.0006215255	0.0006284372	0.0006353605	0.0006422925	0.0006492301	0.0006561706	0.0006631106	0.0006700466	0.0006769756	0.0006838940	0.0006907979	0.0006976840	0.0007045487	0.0007113878	0.0007181978	0.0007249747	0.0007317143	0.0007384122	0.0007450644	0.0007516665	0.0007582136	0.0007647017	0.0007711260	0.0007774816	0.0007837641	0.0007899689	0.0007960911	0.0008021260	0.0008080687	0.0008139141	0.0008196570	0.0008252924	0.0008308155	0.0008362211	0.0008415043	0.0008466603	0.0008516842	0.0008565710	0.0008613157	0.0008659137	0.0008703603	0.0008746507	0.0008787804	0.0008827448	0.0008865400	0.0008901615	0.0008936055	0.0008968679	0.0008999454	0.0009028344	0.0009055316	0.0009080336	0.0009103375	0.0009124406	0.0009143405	0.0009160348	0.0009175214	0.0009187987	0.0009198652	0.0009207194	0.0009213601	0.0009217865	0.0009219981	0.0009219941	0.0009217744	0.0009213390	0.0009206879	0.0009198213	0.0009187398	0.0009174441	0.0009159348	0.0009142128	0.0009122792	0.0009101352	0.0009077822	0.0009052214	0.0009024547	0.0008994837	0.0008963102	0.0008929363	0.0008893642	0.0008855964	0.0008816352	0.0008774833	0.0008731437	0.0008686196	0.0008639141	0.0008590305	0.0008539726	0.0008487444	0.0008433498	0.0008377928	0.0008320777	0.0008262092	0.0008201922	0.0008140316	0.0008077323	0.0008012991	0.0007947373	0.0007880522	0.0007812491	0.0007743334	0.0007673107	0.0007601866	0.0007529669	0.0007456571	0.0007382630	0.0007307900	0.0007232437	0.0007156297	0.0007079537	0.0007002209	0.0006924370	0.0006846074	0.0006767373	0.0006688321	0.0006608969	0.0006529369	0.0006449569	0.0006369618	0.0006289563	0.0006209449	0.0006129323	0.0006049227	0.0005969206	0.0005889299	0.0005809547	0.0005729991	0.0005650668	0.0005571615	0.0005492867	0.0005414456	0.0005336416	0.0005258778	0.0005181573	0.0005104830	0.0005028575	0.0004952835	0.0004877634	0.0004802997	0.0004728947	0.0004655504	0.0004582690	0.0004510522	0.0004439018	0.0004368196	0.0004298070	0.0004228657	0.0004159969	0.0004092019	0.0004024818	0.0003958379	0.0003892709	0.0003827818	0.0003763714	0.0003700405	0.0003637896	0.0003576193	0.0003515302	0.0003455226	0.0003395969	0.0003337533	0.0003279920	0.0003223132	0.0003167169	0.0003112031	0.0003057721	0.0003004242	0.0002951597	0.0002899773	0.0002848702	0.0002798251	0.0002748369	0.0002699636	0.0002654092	0.0002614694	0.0002581567	0.0002551648	0.0002522710	0.0002494077	0.0002465767	0.0002437900	0.0002410534	0.0002383672	0.0002357297	0.0002331391	0.0002305942	0.0002280942	0.0002256387	0.0002232267	0.0002208540	0.0002185091
0.0003205307	0.0003207170	0.0003209119	0.0003211216	0.0003213479	0.0003215909	0.0003218501	0.0003221256	0.0003224181	0.0003227293	0.0003230596	0.0003234021	0.0003237322	0.0003240139	0.0003242705	0.0003247706	0.0003262135	0.0003292900	0.0003335360	0.0003382026	0.0003429270	0.0003476444	0.0003523840	0.0003571741	0.0003620252	0.0003669378	0.0003719107	0.0003769427	0.0003820335	0.0003871830	0.0003923911	0.0003976577	0.0004029825	0.0004083653	0.0004138057	0.0004193035	0.0004248580	0.0004304690	0.0004361358	0.0004418579	0.0004476347	0.0004534656	0.0004593499	0.0004652868	0.0004712754	0.0004773149	0.0004834042	0.0004895423	0.0004957283	0.0005019607	0.0005082385	0.0005145603	0.0005209247	0.0005273304	0.0005337755	0.0005402587	0.0005467781	0.0005533319	0.0005599184	0.0005665354	0.0005731807	0.0005798526	0.0005865484	0.0005932662	0.0006000036	0.0006067579	0.0006135265	0.0006203069	0.0006270961	0.0006338914	0.0006406899	0.0006474883	0.0006542834	0.0006610722	0.0006678508	0.0006746159	0.0006813641	0.0006880915	0.0006947943	0.0007014691	0.0007081115	0.0007147175	0.0007212834	0.0007278048	0.0007342772	0.0007406966	0.0007470585	0.0007533581	0.0007595909	0.0007657524	0.0007718379	0.0007778425	0.0007837617	0.0007895909	0.0007953248	0.0008009585	0.0008064872	0.0008119058	0.0008172092	0.0008223927	0.0008274516	0.0008323808	0.0008371757	0.0008418314	0.0008463432	0.0008507064	0.0008549161	0.0008589681	0.0008628580	0.0008665818	0.0008701352	0.0008735143	0.0008767153	0.0008797347	0.0008825689	0.0008852148	0.0008876690	0.0008899287	0.0008919913	0.0008938545	0.0008955162	0.0008969741	0.0008982268	0.0008992727	0.0009001106	0.0009007393	0.0009011580	0.0009013664	0.0009013639	0.0009011502	0.0009007254	0.0009000898	0.0008992436	0.0008981873	0.0008969216	0.0008954473	0.0008937652	0.0008918764	0.0008897821	0.0008874836	0.0008849822	0.0008822794	0.0008793771	0.0008762769	0.0008729806	0.0008694905	0.0008658088	0.0008619378	0.0008578800	0.0008536383	0.0008492158	0.0008446153	0.0008398401	0.0008348940	0.0008297807	0.0008245040	0.0008190678	0.0008134764	0.0008077343	0.0008018462	0.0007958167	0.0007896507	0.0007833533	0.0007769296	0.0007703849	0.0007637242	0.0007569528	0.0007500761	0.0007430995	0.0007360290	0.0007288700	0.0007216282	0.0007143090	0.0007069179	0.0006994603	0.0006919417	0.0006843674	0.0006767430	0.0006690737	0.0006613649	0.0006536217	0.0006458493	0.0006380526	0.0006302364	0.0006224055	0.0006145647	0.0006067182	0.0005988708	0.0005910266	0.0005831898	0.0005753645	0.0005675546	0.0005597641	0.0005519967	0.0005442560	0.0005365454	0.0005288682	0.0005212275	0.0005136266	0.0005060682	0.0004985554	0.0004910907	0.0004836767	0.0004763159	0.0004690104	0.0004617627	0.0004545749	0.0004474488	0.0004403863	0.0004333890	0.0004264588	0.0004195970	0.0004128052	0.0004060847	0.0003994367	0.0003928623	0.0003863626	0.0003799385	0.0003735909	0.0003673205	0.0003611281	0.0003550143	0.0003489796	0.0003430245	0.0003371494	0.0003313546	0.0003256403	0.0003200067	0.0003144540	0.0003089823	0.0003035914	0.0002982816	0.0002930530	0.0002879062	0.0002828405	0.0002778512	0.0002729268	0.0002680566	0.0002632709	0.0002587204	0.0002546937	0.0002513377	0.0002483758	0.0002455470	0.0002427545	0.0002399906	0.0002372675	0.0002345927	0.0002319674	0.0002293901	0.0002268591	0.0002243731	0.0002219312	0.0002195331	0.0002171776	0.0002148607	0.0002125713
0.0003110575	0.0003112395	0.0003114299	0.0003116345	0.0003118554	0.0003120923	0.0003123450	0.0003126135	0.0003128989	0.0003132027	0.0003135241	0.0003138525	0.0003141597	0.0003144173	0.0003146928	0.0003153495	0.0003171234	0.0003204802	0.0003247785	0.0003293532	0.0003339473	0.0003385383	0.0003431599	0.0003478351	0.0003525708	0.0003573665	0.0003622209	0.0003671330	0.0003721028	0.0003771301	0.0003822150	0.0003873571	0.0003925563	0.0003978123	0.0004031249	0.0004084937	0.0004139183	0.0004193982	0.0004249329	0.0004305219	0.0004361647	0.0004418605	0.0004476088	0.0004534087	0.0004592594	0.0004651600	0.0004711096	0.0004771073	0.0004831519	0.0004892423	0.0004953774	0.0005015558	0.0005077762	0.0005140373	0.0005203373	0.0005266749	0.0005330483	0.0005394557	0.0005458955	0.0005523655	0.0005588636	0.0005653881	0.0005719364	0.0005785066	0.0005850963	0.0005917028	0.0005983237	0.0006049564	0.0006115980	0.0006182461	0.0006248977	0.0006315495	0.0006381987	0.0006448420	0.0006514758	0.0006580971	0.0006647022	0.0006712872	0.0006778489	0.0006843833	0.0006908862	0.0006973540	0.0007037827	0.0007101680	0.0007165058	0.0007227923	0.0007290227	0.0007351925	0.0007412975	0.0007473331	0.0007532942	0.0007591766	0.0007649756	0.0007706862	0.0007763037	0.0007818235	0.0007872406	0.0007925500	0.0007977468	0.0008028262	0.0008077835	0.0008126138	0.0008173125	0.0008218749	0.0008262964	0.0008305719	0.0008346972	0.0008386678	0.0008424796	0.0008461283	0.0008496100	0.0008529209	0.0008560572	0.0008590152	0.0008617915	0.0008643829	0.0008667865	0.0008689994	0.0008710191	0.0008728433	0.0008744699	0.0008758971	0.0008771231	0.0008781465	0.0008789664	0.0008795816	0.0008799913	0.0008801953	0.0008801932	0.0008799847	0.0008795700	0.0008789495	0.0008781234	0.0008770923	0.0008758570	0.0008744181	0.0008727767	0.0008709339	0.0008688906	0.0008666481	0.0008642077	0.0008615710	0.0008587394	0.0008557147	0.0008524986	0.0008490932	0.0008455006	0.0008417228	0.0008377624	0.0008336222	0.0008293047	0.0008248130	0.0008201501	0.0008153198	0.0008103255	0.0008051707	0.0007998596	0.0007943962	0.0007887851	0.0007830305	0.0007771369	0.0007711091	0.0007649522	0.0007586715	0.0007522720	0.0007457587	0.0007391367	0.0007324111	0.0007255875	0.0007186714	0.0007116687	0.0007045845	0.0006974245	0.0006901940	0.0006828982	0.0006755425	0.0006681324	0.0006606731	0.0006531698	0.0006456279	0.0006380523	0.0006304482	0.0006228203	0.0006151736	0.0006075126	0.0005998420	0.0005921661	0.0005844893	0.0005768160	0.0005691501	0.0005614956	0.0005538565	0.0005462366	0.0005386394	0.0005310686	0.0005235276	0.0005160195	0.0005085475	0.0005011145	0.0004937235	0.0004863772	0.0004790784	0.0004718294	0.0004646326	0.0004574903	0.0004504047	0.0004433780	0.0004364119	0.0004295082	0.0004226687	0.0004158949	0.0004091883	0.0004025504	0.0003959825	0.0003894857	0.0003830611	0.0003767097	0.0003704326	0.0003642304	0.0003581040	0.0003520539	0.0003460809	0.0003401855	0.0003343680	0.0003286289	0.0003229685	0.0003173870	0.0003118846	0.0003064613	0.0003011173	0.0002958526	0.0002906671	0.0002855610	0.0002805348	0.0002755884	0.0002707187	0.0002659159	0.0002611671	0.0002564837	0.0002519730	0.0002478973	0.0002444866	0.0002415356	0.0002387646	0.0002360432	0.0002333489	0.0002306916	0.0002280803	0.0002255173	0.0002230016	0.0002205315	0.0002181055	0.0002157230	0.0002133833	0.0002110856	0.0002088257	0.0002065926
0.0003015620	0.0003017396	0.0003019252	0.0003021247	0.0003023398	0.0003025705	0.0003028165	0.0003030780	0.0003033562	0.0003036525	0.0003039644	0.0003042773	0.0003045594	0.0003047941	0.0003051039	0.0003059562	0.0003080862	0.0003116404	0.0003159206	0.0003203788	0.0003248401	0.0003293062	0.0003338094	0.0003383677	0.0003429853	0.0003476612	0.0003523943	0.0003571838	0.0003620298	0.0003669320	0.0003718906	0.0003769052	0.0003819758	0.0003871020	0.0003922837	0.0003975204	0.0004028118	0.0004081573	0.0004135566	0.0004190092	0.0004245144	0.0004300717	0.0004356804	0.0004413398	0.0004470490	0.0004528072	0.0004586135	0.0004644669	0.0004703664	0.0004763109	0.0004822992	0.0004883302	0.0004944026	0.0005005148	0.0005066656	0.0005128533	0.0005190763	0.0005253331	0.0005316217	0.0005379401	0.0005442865	0.0005506590	0.0005570552	0.0005634733	0.0005699106	0.0005763648	0.0005828334	0.0005893138	0.0005958033	0.0006022995	0.0006087992	0.0006152996	0.0006217979	0.0006282907	0.0006347747	0.0006412469	0.0006477037	0.0006541415	0.0006605569	0.0006669458	0.0006733044	0.0006796290	0.0006859156	0.0006921600	0.0006983584	0.0007045068	0.0007106005	0.0007166356	0.0007226078	0.0007285121	0.0007343442	0.0007400996	0.0007457734	0.0007513608	0.0007568574	0.0007622585	0.0007675591	0.0007727546	0.0007778403	0.0007828113	0.0007876627	0.0007923898	0.0007969882	0.0008014531	0.0008057799	0.0008099639	0.0008140009	0.0008178865	0.0008216164	0.0008251866	0.0008285932	0.0008318325	0.0008349006	0.0008377940	0.0008405093	0.0008430435	0.0008453937	0.0008475572	0.0008495315	0.0008513143	0.0008529036	0.0008542978	0.0008554951	0.0008564944	0.0008572945	0.0008578945	0.0008582939	0.0008584922	0.0008584893	0.0008582851	0.0008578799	0.0008572740	0.0008564678	0.0008554620	0.0008542573	0.0008528546	0.0008512546	0.0008494586	0.0008474675	0.0008452825	0.0008429050	0.0008403362	0.0008375777	0.0008346309	0.0008314976	0.0008281796	0.0008246789	0.0008209974	0.0008171377	0.0008131023	0.0008088935	0.0008045142	0.0007999675	0.0007952568	0.0007903855	0.0007853569	0.0007801750	0.0007748441	0.0007693682	0.0007637516	0.0007579986	0.0007521138	0.0007461024	0.0007399694	0.0007337198	0.0007273587	0.0007208910	0.0007143218	0.0007076564	0.0007009003	0.0006940589	0.0006871378	0.0006801423	0.0006730776	0.0006659490	0.0006587618	0.0006515212	0.0006442326	0.0006369009	0.0006295314	0.0006221291	0.0006146987	0.0006072453	0.0005997736	0.0005922880	0.0005847931	0.0005772932	0.0005697927	0.0005622956	0.0005548061	0.0005473279	0.0005398650	0.0005324209	0.0005249994	0.0005176039	0.0005102376	0.0005029038	0.0004956056	0.0004883457	0.0004811271	0.0004739524	0.0004668243	0.0004597452	0.0004527174	0.0004457431	0.0004388243	0.0004319633	0.0004251618	0.0004184215	0.0004117442	0.0004051313	0.0003985843	0.0003921046	0.0003856935	0.0003793520	0.0003730813	0.0003668824	0.0003607561	0.0003547033	0.0003487246	0.0003428207	0.0003369922	0.0003312397	0.0003255634	0.0003199639	0.0003144413	0.0003089959	0.0003036279	0.0002983373	0.0002931243	0.0002879888	0.0002829307	0.0002779502	0.0002730477	0.0002682232	0.0002634748	0.0002587948	0.0002541702	0.0002496020	0.0002451642	0.0002410775	0.0002376018	0.0002346443	0.0002319246	0.0002292749	0.0002266526	0.0002240633	0.0002215170	0.0002190177	0.0002165649	0.0002141569	0.0002117924	0.0002094703	0.0002071903	0.0002049515	0.0002027496	0.0002005741
0.0002920450	0.0002922180	0.0002923988	0.0002925929	0.0002928022	0.0002930265	0.0002932656	0.0002935199	0.0002937908	0.0002940793	0.0002943812	0.0002946779	0.0002949352	0.0002951504	0.0002955028	0.0002965586	0.0002990285	0.0003027266	0.0003069534	0.0003112840	0.0003156113	0.0003199522	0.0003243356	0.0003287746	0.0003332714	0.0003378249	0.0003424339	0.0003470981	0.0003518174	0.0003565918	0.0003614212	0.0003663055	0.0003712444	0.0003762378	0.0003812854	0.0003863869	0.0003915418	0.0003967498	0.0004020104	0.0004073231	0.0004126874	0.0004181028	0.0004235685	0.0004290838	0.0004346479	0.0004402601	0.0004459194	0.0004516249	0.0004573756	0.0004631704	0.0004690083	0.0004748879	0.0004808082	0.0004867677	0.0004927650	0.0004987986	0.0005048671	0.0005109687	0.0005171017	0.0005232642	0.0005294545	0.0005356704	0.0005419100	0.0005481713	0.0005544516	0.0005607489	0.0005670606	0.0005733841	0.0005797170	0.0005860566	0.0005923999	0.0005987443	0.0006050868	0.0006114241	0.0006177535	0.0006240716	0.0006303749	0.0006366604	0.0006429243	0.0006491627	0.0006553721	0.0006615486	0.0006676882	0.0006737870	0.0006798412	0.0006858465	0.0006917987	0.0006976942	0.0007035282	0.0007092964	0.0007149945	0.0007206180	0.0007261619	0.0007316216	0.0007369926	0.0007422703	0.0007474500	0.0007525271	0.0007574971	0.0007623550	0.0007670962	0.0007717161	0.0007762100	0.0007805732	0.0007848013	0.0007888900	0.0007928349	0.0007966317	0.0008002762	0.0008037644	0.0008070925	0.0008102567	0.0008132534	0.0008160791	0.0008187305	0.0008212047	0.0008234988	0.0008256103	0.0008275366	0.0008292757	0.0008308255	0.0008321846	0.0008333513	0.0008343243	0.0008351028	0.0008356862	0.0008360737	0.0008362651	0.0008362605	0.0008360599	0.0008356635	0.0008350719	0.0008342855	0.0008333049	0.0008321311	0.0008307649	0.0008292071	0.0008274588	0.0008255211	0.0008233952	0.0008210821	0.0008185832	0.0008158998	0.0008130334	0.0008099854	0.0008067576	0.0008033518	0.0007997697	0.0007960139	0.0007920865	0.0007879899	0.0007837267	0.0007793000	0.0007747128	0.0007699683	0.0007650700	0.0007600217	0.0007548274	0.0007494910	0.0007440167	0.0007384089	0.0007326719	0.0007268108	0.0007208304	0.0007147354	0.0007085312	0.0007022226	0.0006958149	0.0006893129	0.0006827218	0.0006760472	0.0006692942	0.0006624683	0.0006555748	0.0006486188	0.0006416054	0.0006345399	0.0006274273	0.0006202727	0.0006130811	0.0006058574	0.0005986064	0.0005913329	0.0005840416	0.0005767368	0.0005694231	0.0005621048	0.0005547859	0.0005474706	0.0005401627	0.0005328662	0.0005255848	0.0005183220	0.0005110813	0.0005038663	0.0004966800	0.0004895256	0.0004824062	0.0004753245	0.0004682833	0.0004612851	0.0004543327	0.0004474283	0.0004405742	0.0004337725	0.0004270253	0.0004203346	0.0004137023	0.0004071299	0.0004006192	0.0003941715	0.0003877884	0.0003814712	0.0003752210	0.0003690390	0.0003629263	0.0003568837	0.0003509122	0.0003450126	0.0003391854	0.0003334314	0.0003277511	0.0003221450	0.0003166135	0.0003111569	0.0003057756	0.0003004697	0.0002952394	0.0002900847	0.0002850058	0.0002800025	0.0002750749	0.0002702230	0.0002654470	0.0002607473	0.0002561225	0.0002515669	0.0002470688	0.0002426230	0.0002382767	0.0002342037	0.0002306671	0.0002276994	0.0002250294	0.0002224520	0.0002199033	0.0002173836	0.0002149040	0.0002124697	0.0002100811	0.0002077365	0.0002054345	0.0002031742	0.0002009550	0.0001987761	0.0001966334	0.0001945164
0.0002825072	0.0002826755	0.0002828512	0.0002830399	0.0002832431	0.0002834609	0.0002836930	0.0002839401	0.0002842034	0.0002844836	0.0002847743	0.0002850537	0.0002852886	0.0002854983	0.0002859221	0.0002871923	0.0002899394	0.0002937220	0.0002978715	0.0003020706	0.0003062644	0.0003104797	0.0003147414	0.0003190586	0.0003234320	0.0003278603	0.0003323427	0.0003368789	0.0003414689	0.0003461127	0.0003508101	0.0003555611	0.0003603655	0.0003652231	0.0003701337	0.0003750968	0.0003801122	0.0003851794	0.0003902980	0.0003954676	0.0004006877	0.0004059577	0.0004112769	0.0004166446	0.0004220602	0.0004275228	0.0004330315	0.0004385855	0.0004441837	0.0004498252	0.0004555087	0.0004612333	0.0004669976	0.0004728003	0.0004786403	0.0004845158	0.0004904255	0.0004963679	0.0005023410	0.0005083432	0.0005143728	0.0005204278	0.0005265063	0.0005326061	0.0005387249	0.0005448607	0.0005510108	0.0005571728	0.0005633444	0.0005695228	0.0005757051	0.0005818889	0.0005880710	0.0005942483	0.0006004182	0.0006065774	0.0006127225	0.0006188506	0.0006249579	0.0006310407	0.0006370958	0.0006431192	0.0006491068	0.0006550553	0.0006609604	0.0006668180	0.0006726242	0.0006783750	0.0006840661	0.0006896933	0.0006952525	0.0007007390	0.0007061481	0.0007114756	0.0007167166	0.0007218664	0.0007269207	0.0007318751	0.0007367248	0.0007414652	0.0007460920	0.0007506004	0.0007549857	0.0007592433	0.0007633690	0.0007673585	0.0007712074	0.0007749116	0.0007784672	0.0007818700	0.0007851162	0.0007882021	0.0007911242	0.0007938792	0.0007964639	0.0007988753	0.0008011107	0.0008031674	0.0008050434	0.0008067365	0.0008082446	0.0008095663	0.0008107003	0.0008116453	0.0008124006	0.0008129656	0.0008133401	0.0008135235	0.0008135162	0.0008133184	0.0008129301	0.0008123522	0.0008115853	0.0008106300	0.0008094873	0.0008081579	0.0008066430	0.0008049435	0.0008030605	0.0008009949	0.0007987480	0.0007963208	0.0007937147	0.0007909309	0.0007879708	0.0007848359	0.0007815279	0.0007780484	0.0007743997	0.0007705836	0.0007666024	0.0007624590	0.0007581559	0.0007536961	0.0007490824	0.0007443184	0.0007394077	0.0007343542	0.0007291615	0.0007238338	0.0007183755	0.0007127910	0.0007070849	0.0007012616	0.0006953262	0.0006892835	0.0006831390	0.0006768974	0.0006705638	0.0006641430	0.0006576401	0.0006510605	0.0006444095	0.0006376923	0.0006309141	0.0006240799	0.0006171948	0.0006102636	0.0006032914	0.0005962831	0.0005892435	0.0005821772	0.0005750891	0.0005679835	0.0005608650	0.0005537379	0.0005466064	0.0005394745	0.0005323462	0.0005252254	0.0005181159	0.0005110211	0.0005039448	0.0004968902	0.0004898608	0.0004828596	0.0004758898	0.0004689542	0.0004620556	0.0004551967	0.0004483800	0.0004416079	0.0004348830	0.0004282074	0.0004215830	0.0004150120	0.0004084961	0.0004020374	0.0003956374	0.0003892976	0.0003830195	0.0003768045	0.0003706538	0.0003645687	0.0003585503	0.0003525995	0.0003467172	0.0003409043	0.0003351616	0.0003294897	0.0003238892	0.0003183607	0.0003129046	0.0003075212	0.0003022111	0.0002969743	0.0002918111	0.0002867217	0.0002817060	0.0002767643	0.0002718963	0.0002671021	0.0002623817	0.0002577352	0.0002531629	0.0002486643	0.0002442351	0.0002398653	0.0002355453	0.0002313008	0.0002272623	0.0002236849	0.0002207079	0.0002180830	0.0002155761	0.0002131017	0.0002106533	0.0002082419	0.0002058742	0.0002035511	0.0002012711	0.0001990329	0.0001968355	0.0001946783	0.0001925604	0.0001904779	0.0001884205
0.0002729493	0.0002731127	0.0002732833	0.0002734663	0.0002736635	0.0002738746	0.0002740997	0.0002743394	0.0002745951	0.0002748662	0.0002751438	0.0002754035	0.0002756194	0.0002758451	0.0002763883	0.0002778992	0.0002808362	0.0002846288	0.0002886748	0.0002927397	0.0002968020	0.0003008917	0.0003050299	0.0003092228	0.0003134702	0.0003177708	0.0003221240	0.0003265296	0.0003309876	0.0003354980	0.0003400608	0.0003446757	0.0003493427	0.0003540616	0.0003588321	0.0003636539	0.0003685266	0.0003734499	0.0003784234	0.0003834467	0.0003885193	0.0003936405	0.0003988099	0.0004040267	0.0004092902	0.0004145996	0.0004199542	0.0004253529	0.0004307950	0.0004362794	0.0004418050	0.0004473708	0.0004529753	0.0004586176	0.0004642962	0.0004700097	0.0004757567	0.0004815356	0.0004873447	0.0004931826	0.0004990472	0.0005049369	0.0005108498	0.0005167837	0.0005227365	0.0005287061	0.0005346900	0.0005406859	0.0005466916	0.0005527040	0.0005587209	0.0005647394	0.0005707564	0.0005767693	0.0005827752	0.0005887707	0.0005947530	0.0006007188	0.0006066646	0.0006125871	0.0006184828	0.0006243479	0.0006301788	0.0006359719	0.0006417231	0.0006474283	0.0006530838	0.0006586854	0.0006642290	0.0006697107	0.0006751260	0.0006804706	0.0006857403	0.0006909307	0.0006960369	0.0007010546	0.0007059794	0.0007108066	0.0007155317	0.0007201505	0.0007246585	0.0007290511	0.0007333237	0.0007374720	0.0007414915	0.0007453779	0.0007491272	0.0007527354	0.0007561985	0.0007595124	0.0007626734	0.0007656779	0.0007685225	0.0007712039	0.0007737190	0.0007760649	0.0007782389	0.0007802385	0.0007820617	0.0007837063	0.0007851705	0.0007864528	0.0007875521	0.0007884675	0.0007891980	0.0007897434	0.0007901033	0.0007902776	0.0007902664	0.0007900703	0.0007896896	0.0007891250	0.0007883773	0.0007874472	0.0007863358	0.0007850439	0.0007835725	0.0007819226	0.0007800953	0.0007780915	0.0007759123	0.0007735588	0.0007710321	0.0007683332	0.0007654635	0.0007624242	0.0007592168	0.0007558429	0.0007523043	0.0007486030	0.0007447408	0.0007407205	0.0007365446	0.0007322156	0.0007277367	0.0007231110	0.0007183420	0.0007134332	0.0007083884	0.0007032116	0.0006979072	0.0006924794	0.0006869327	0.0006812712	0.0006755000	0.0006696239	0.0006636480	0.0006575773	0.0006514167	0.0006451711	0.0006388451	0.0006324440	0.0006259729	0.0006194373	0.0006128420	0.0006061922	0.0005994926	0.0005927482	0.0005859637	0.0005791440	0.0005722937	0.0005654175	0.0005585200	0.0005516056	0.0005446786	0.0005377434	0.0005308040	0.0005238643	0.0005169284	0.0005099998	0.0005030824	0.0004961796	0.0004892949	0.0004824315	0.0004755927	0.0004687817	0.0004620013	0.0004552545	0.0004485439	0.0004418721	0.0004352416	0.0004286548	0.0004221140	0.0004156214	0.0004091790	0.0004027886	0.0003964521	0.0003901714	0.0003839480	0.0003777835	0.0003716792	0.0003656364	0.0003596565	0.0003537405	0.0003478895	0.0003421045	0.0003363864	0.0003307359	0.0003251539	0.0003196408	0.0003141975	0.0003088242	0.0003035215	0.0002982897	0.0002931293	0.0002880403	0.0002830231	0.0002780777	0.0002732042	0.0002684026	0.0002636729	0.0002590150	0.0002544290	0.0002499147	0.0002454727	0.0002411027	0.0002368018	0.0002325613	0.0002283696	0.0002242376	0.0002202617	0.0002166762	0.0002136841	0.0002110902	0.0002086481	0.0002062483	0.0002038732	0.0002015320	0.0001992323	0.0001969759	0.0001947619	0.0001925886	0.0001904552	0.0001883610	0.0001863053	0.0001842840	0.0001822872
0.0002633719	0.0002635303	0.0002636957	0.0002638730	0.0002640639	0.0002642682	0.0002644862	0.0002647186	0.0002649664	0.0002652280	0.0002654913	0.0002657299	0.0002659279	0.0002661819	0.0002668742	0.0002686419	0.0002717003	0.0002754452	0.0002793674	0.0002832959	0.0002872275	0.0002911913	0.0002952041	0.0002992703	0.0003033891	0.0003075595	0.0003117809	0.0003160534	0.0003203768	0.0003247513	0.0003291767	0.0003336528	0.0003381797	0.0003427570	0.0003473845	0.0003520620	0.0003567891	0.0003615655	0.0003663908	0.0003712646	0.0003761864	0.0003811557	0.0003861719	0.0003912343	0.0003963423	0.0004014951	0.0004066920	0.0004119320	0.0004172143	0.0004225380	0.0004279019	0.0004333050	0.0004387462	0.0004442241	0.0004497376	0.0004552852	0.0004608657	0.0004664773	0.0004721185	0.0004777878	0.0004834834	0.0004892036	0.0004949466	0.0005007102	0.0005064926	0.0005122915	0.0005181047	0.0005239300	0.0005297650	0.0005356069	0.0005414536	0.0005473022	0.0005531496	0.0005589935	0.0005648308	0.0005706582	0.0005764731	0.0005822721	0.0005880518	0.0005938092	0.0005995407	0.0006052427	0.0006109120	0.0006165447	0.0006221369	0.0006276851	0.0006331851	0.0006386330	0.0006440246	0.0006493561	0.0006546231	0.0006598214	0.0006649470	0.0006699955	0.0006749624	0.0006798434	0.0006846343	0.0006893301	0.0006939266	0.0006984197	0.0007028047	0.0007070774	0.0007112334	0.0007152683	0.0007191778	0.0007229577	0.0007266039	0.0007301125	0.0007334796	0.0007367014	0.0007397741	0.0007426941	0.0007454582	0.0007480631	0.0007505059	0.0007527836	0.0007548938	0.0007568339	0.0007586018	0.0007601957	0.0007616138	0.0007628549	0.0007639178	0.0007648018	0.0007655060	0.0007660301	0.0007663740	0.0007665379	0.0007665220	0.0007663269	0.0007659531	0.0007654014	0.0007646727	0.0007637679	0.0007626879	0.0007614338	0.0007600066	0.0007584072	0.0007566367	0.0007546960	0.0007525861	0.0007503080	0.0007478625	0.0007452508	0.0007424739	0.0007395329	0.0007364290	0.0007331636	0.0007297383	0.0007261548	0.0007224150	0.0007185214	0.0007144760	0.0007102815	0.0007059410	0.0007014574	0.0006968340	0.0006920739	0.0006871810	0.0006821594	0.0006770130	0.0006717461	0.0006663630	0.0006608679	0.0006552655	0.0006495606	0.0006437581	0.0006378630	0.0006318801	0.0006258142	0.0006196700	0.0006134524	0.0006071665	0.0006008174	0.0005944102	0.0005879498	0.0005814409	0.0005748883	0.0005682967	0.0005616707	0.0005550150	0.0005483341	0.0005416324	0.0005349144	0.0005281842	0.0005214461	0.0005147039	0.0005079617	0.0005012232	0.0004944920	0.0004877719	0.0004810661	0.0004743780	0.0004677108	0.0004610677	0.0004544517	0.0004478657	0.0004413125	0.0004347947	0.0004283148	0.0004218752	0.0004154783	0.0004091262	0.0004028212	0.0003965651	0.0003903599	0.0003842072	0.0003781088	0.0003720664	0.0003660813	0.0003601549	0.0003542884	0.0003484832	0.0003427402	0.0003370606	0.0003314453	0.0003258950	0.0003204107	0.0003149929	0.0003096423	0.0003043595	0.0002991450	0.0002939991	0.0002889223	0.0002839147	0.0002789768	0.0002741086	0.0002693103	0.0002645819	0.0002599235	0.0002553350	0.0002508163	0.0002463674	0.0002419883	0.0002376792	0.0002334402	0.0002292692	0.0002251591	0.0002210984	0.0002170894	0.0002132030	0.0002096410	0.0002066273	0.0002040510	0.0002016689	0.0001993442	0.0001970445	0.0001947754	0.0001925452	0.0001903568	0.0001882098	0.0001861026	0.0001840344	0.0001820044	0.0001800117	0.0001780527	0.0001761176
0.0002537758	0.0002539291	0.0002540891	0.0002542606	0.0002544451	0.0002546426	0.0002548533	0.0002550782	0.0002553182	0.0002555701	0.0002558192	0.0002560365	0.0002562160	0.0002564955	0.0002573333	0.0002593489	0.0002624934	0.0002661652	0.0002699546	0.0002737450	0.0002775453	0.0002813815	0.0002852668	0.0002892039	0.0002931917	0.0002972295	0.0003013168	0.0003054537	0.0003096401	0.0003138760	0.0003181614	0.0003224961	0.0003268801	0.0003313131	0.0003357949	0.0003403253	0.0003449039	0.0003495303	0.0003542044	0.0003589256	0.0003636935	0.0003685077	0.0003733674	0.0003782722	0.0003832214	0.0003882142	0.0003932499	0.0003983276	0.0004034467	0.0004086059	0.0004138045	0.0004190414	0.0004243153	0.0004296252	0.0004349698	0.0004403477	0.0004457578	0.0004511982	0.0004566676	0.0004621645	0.0004676870	0.0004732338	0.0004788028	0.0004843920	0.0004899997	0.0004956236	0.0005012617	0.0005069119	0.0005125716	0.0005182386	0.0005239105	0.0005295843	0.0005352576	0.0005409279	0.0005465919	0.0005522468	0.0005578898	0.0005635175	0.0005691267	0.0005747145	0.0005802772	0.0005858116	0.0005913145	0.0005967820	0.0006022105	0.0006075968	0.0006129365	0.0006182258	0.0006234611	0.0006286379	0.0006337522	0.0006387999	0.0006437770	0.0006486791	0.0006535022	0.0006582422	0.0006628944	0.0006674547	0.0006719187	0.0006762820	0.0006805401	0.0006846890	0.0006887245	0.0006926422	0.0006964380	0.0007001077	0.0007036474	0.0007070531	0.0007103210	0.0007134474	0.0007164286	0.0007192614	0.0007219421	0.0007244678	0.0007268354	0.0007290425	0.0007310863	0.0007329644	0.0007346749	0.0007362160	0.0007375863	0.0007387843	0.0007398090	0.0007406597	0.0007413359	0.0007418374	0.0007421642	0.0007423167	0.0007422951	0.0007421001	0.0007417326	0.0007411932	0.0007404832	0.0007396035	0.0007385551	0.0007373393	0.0007359569	0.0007344089	0.0007326964	0.0007308202	0.0007287812	0.0007265802	0.0007242180	0.0007216955	0.0007190136	0.0007161733	0.0007131755	0.0007100216	0.0007067126	0.0007032501	0.0006996360	0.0006958723	0.0006919610	0.0006879047	0.0006837061	0.0006793681	0.0006748938	0.0006702864	0.0006655495	0.0006606870	0.0006557028	0.0006506008	0.0006453854	0.0006400611	0.0006346320	0.0006291028	0.0006234783	0.0006177632	0.0006119625	0.0006060810	0.0006001234	0.0005940942	0.0005879983	0.0005818408	0.0005756266	0.0005693605	0.0005630473	0.0005566916	0.0005502978	0.0005438707	0.0005374147	0.0005309342	0.0005244335	0.0005179170	0.0005113886	0.0005048527	0.0004983129	0.0004917732	0.0004852373	0.0004787085	0.0004721906	0.0004656868	0.0004592002	0.0004527342	0.0004462916	0.0004398755	0.0004334887	0.0004271338	0.0004208135	0.0004145301	0.0004082860	0.0004020836	0.0003959248	0.0003898118	0.0003837465	0.0003777307	0.0003717661	0.0003658543	0.0003599969	0.0003541954	0.0003484509	0.0003427648	0.0003371382	0.0003315722	0.0003260678	0.0003206258	0.0003152471	0.0003099324	0.0003046825	0.0002994979	0.0002943791	0.0002893267	0.0002843409	0.0002794222	0.0002745708	0.0002697870	0.0002650710	0.0002604228	0.0002558425	0.0002513301	0.0002468856	0.0002425088	0.0002381998	0.0002339584	0.0002297849	0.0002256794	0.0002216405	0.0002176625	0.0002137349	0.0002098553	0.0002060733	0.0002025537	0.0001995210	0.0001969616	0.0001946399	0.0001923918	0.0001901689	0.0001879732	0.0001858138	0.0001836948	0.0001816159	0.0001795760	0.0001775740	0.0001756092	0.0001736808	0.0001717851	0.0001699125
0.0002441616	0.0002443097	0.0002444642	0.0002446298	0.0002448078	0.0002449984	0.0002452018	0.0002454190	0.0002456509	0.0002458931	0.0002461282	0.0002463256	0.0002464888	0.0002467936	0.0002477630	0.0002499933	0.0002531976	0.0002567856	0.0002604398	0.0002640913	0.0002677589	0.0002714657	0.0002752213	0.0002790269	0.0002828814	0.0002867843	0.0002907351	0.0002947340	0.0002987809	0.0003028758	0.0003070187	0.0003112094	0.0003154479	0.0003197339	0.0003240673	0.0003284477	0.0003328749	0.0003373487	0.0003418686	0.0003464342	0.0003510452	0.0003557011	0.0003604013	0.0003651453	0.0003699323	0.0003747618	0.0003796330	0.0003845450	0.0003894973	0.0003944886	0.0003995183	0.0004045852	0.0004096883	0.0004148264	0.0004199983	0.0004252028	0.0004304385	0.0004357040	0.0004409978	0.0004463183	0.0004516640	0.0004570334	0.0004624244	0.0004678353	0.0004732642	0.0004787090	0.0004841679	0.0004896386	0.0004951188	0.0005006063	0.0005060988	0.0005115936	0.0005170882	0.0005225801	0.0005280662	0.0005335440	0.0005390105	0.0005444624	0.0005498968	0.0005553106	0.0005607002	0.0005660626	0.0005713946	0.0005766924	0.0005819527	0.0005871723	0.0005923469	0.0005974731	0.0006025472	0.0006075648	0.0006125220	0.0006174149	0.0006222392	0.0006269909	0.0006316660	0.0006362605	0.0006407699	0.0006451904	0.0006495176	0.0006537471	0.0006578747	0.0006618961	0.0006658073	0.0006696041	0.0006732825	0.0006768386	0.0006802684	0.0006835679	0.0006867334	0.0006897614	0.0006926483	0.0006953907	0.0006979853	0.0007004291	0.0007027193	0.0007048531	0.0007068281	0.0007086421	0.0007102932	0.0007117797	0.0007131000	0.0007142530	0.0007152378	0.0007160537	0.0007167006	0.0007171782	0.0007174866	0.0007176264	0.0007175980	0.0007174023	0.0007170402	0.0007165128	0.0007158212	0.0007149666	0.0007139501	0.0007127728	0.0007114358	0.0007099401	0.0007082867	0.0007064763	0.0007045097	0.0007023877	0.0007001109	0.0006976798	0.0006950953	0.0006923580	0.0006894688	0.0006864289	0.0006832391	0.0006799008	0.0006764155	0.0006727849	0.0006690110	0.0006650963	0.0006610431	0.0006568542	0.0006525326	0.0006480816	0.0006435046	0.0006388050	0.0006339867	0.0006290538	0.0006240103	0.0006188607	0.0006136092	0.0006082601	0.0006028179	0.0005972875	0.0005916735	0.0005859809	0.0005802143	0.0005743782	0.0005684772	0.0005625160	0.0005564996	0.0005504328	0.0005443201	0.0005381662	0.0005319753	0.0005257520	0.0005195006	0.0005132255	0.0005069308	0.0005006207	0.0004942993	0.0004879705	0.0004816382	0.0004753059	0.0004689774	0.0004626560	0.0004563452	0.0004500482	0.0004437680	0.0004375079	0.0004312706	0.0004250591	0.0004188761	0.0004127242	0.0004066060	0.0004005238	0.0003944798	0.0003884762	0.0003825151	0.0003765986	0.0003707284	0.0003649063	0.0003591339	0.0003534128	0.0003477446	0.0003421306	0.0003365721	0.0003310702	0.0003256261	0.0003202407	0.0003149152	0.0003096502	0.0003044467	0.0002993053	0.0002942266	0.0002892114	0.0002842600	0.0002793729	0.0002745504	0.0002697931	0.0002651009	0.0002604743	0.0002559134	0.0002514183	0.0002469889	0.0002426254	0.0002383276	0.0002340955	0.0002299290	0.0002258281	0.0002217927	0.0002178232	0.0002139186	0.0002100747	0.0002062822	0.0002025348	0.0001988638	0.0001953984	0.0001923590	0.0001898228	0.0001875637	0.0001853929	0.0001832479	0.0001811268	0.0001790395	0.0001769909	0.0001749815	0.0001730100	0.0001710753	0.0001691768	0.0001673136	0.0001654821	0.0001636730
0.0002345300	0.0002346729	0.0002348218	0.0002349814	0.0002351529	0.0002353364	0.0002355324	0.0002357418	0.0002359652	0.0002361966	0.0002364166	0.0002365969	0.0002367575	0.0002371141	0.0002382221	0.0002406042	0.0002438190	0.0002473065	0.0002508239	0.0002543372	0.0002578716	0.0002614472	0.0002650708	0.0002687426	0.0002724617	0.0002762273	0.0002800393	0.0002838978	0.0002878028	0.0002917543	0.0002957522	0.0002997964	0.0003038868	0.0003080233	0.0003122056	0.0003164334	0.0003207066	0.0003250248	0.0003293877	0.0003337950	0.0003382462	0.0003427408	0.0003472784	0.0003518584	0.0003564802	0.0003611432	0.0003658465	0.0003705896	0.0003753717	0.0003801917	0.0003850490	0.0003899424	0.0003948710	0.0003998337	0.0004048292	0.0004098566	0.0004149142	0.0004200008	0.0004251151	0.0004302554	0.0004354205	0.0004406085	0.0004458177	0.0004510463	0.0004562926	0.0004615544	0.0004668300	0.0004721172	0.0004774137	0.0004827177	0.0004880265	0.0004933377	0.0004986493	0.0005039582	0.0005092620	0.0005145582	0.0005198435	0.0005251151	0.0005303702	0.0005356054	0.0005408176	0.0005460039	0.0005511606	0.0005562845	0.0005613724	0.0005664207	0.0005714258	0.0005763844	0.0005812926	0.0005861464	0.0005909421	0.0005956758	0.0006003432	0.0006049404	0.0006094636	0.0006139085	0.0006182711	0.0006225476	0.0006267339	0.0006308257	0.0006348188	0.0006387092	0.0006424926	0.0006461650	0.0006497226	0.0006531615	0.0006564780	0.0006596683	0.0006627286	0.0006656552	0.0006684449	0.0006710941	0.0006736000	0.0006759595	0.0006781697	0.0006802279	0.0006821320	0.0006838798	0.0006854695	0.0006868993	0.0006881679	0.0006892742	0.0006902176	0.0006909974	0.0006916133	0.0006920656	0.0006923543	0.0006924802	0.0006924442	0.0006922470	0.0006918899	0.0006913740	0.0006907006	0.0006898709	0.0006888863	0.0006877479	0.0006864569	0.0006850144	0.0006834211	0.0006816778	0.0006797852	0.0006777438	0.0006755542	0.0006732167	0.0006707319	0.0006681003	0.0006653223	0.0006623989	0.0006593309	0.0006561195	0.0006527660	0.0006492717	0.0006456384	0.0006418684	0.0006379640	0.0006339277	0.0006297623	0.0006254711	0.0006210574	0.0006165245	0.0006118761	0.0006071160	0.0006022484	0.0005972775	0.0005922074	0.0005870425	0.0005817870	0.0005764455	0.0005710227	0.0005655234	0.0005599523	0.0005543138	0.0005486122	0.0005428522	0.0005370383	0.0005311754	0.0005252680	0.0005193206	0.0005133374	0.0005073227	0.0005012809	0.0004952160	0.0004891322	0.0004830336	0.0004769240	0.0004708072	0.0004646871	0.0004585672	0.0004524509	0.0004463417	0.0004402427	0.0004341572	0.0004280882	0.0004220386	0.0004160113	0.0004100090	0.0004040345	0.0003980902	0.0003921785	0.0003863019	0.0003804623	0.0003746620	0.0003689030	0.0003631871	0.0003575162	0.0003518919	0.0003463159	0.0003407895	0.0003353144	0.0003298919	0.0003245231	0.0003192093	0.0003139513	0.0003087504	0.0003036073	0.0002985229	0.0002934980	0.0002885333	0.0002836294	0.0002787868	0.0002740060	0.0002692875	0.0002646315	0.0002600386	0.0002555087	0.0002510423	0.0002466394	0.0002423002	0.0002380246	0.0002338126	0.0002296643	0.0002255795	0.0002215582	0.0002176001	0.0002137054	0.0002098743	0.0002061064	0.0002023985	0.0001987423	0.0001951291	0.0001915754	0.0001881806	0.0001851559	0.0001826454	0.0001804445	0.0001783490	0.0001762821	0.0001742371	0.0001722233	0.0001702465	0.0001683076	0.0001664056	0.0001645393	0.0001627080	0.0001609110	0.0001591447	0.0001574002
0.0002248818	0.0002250193	0.0002251626	0.0002253160	0.0002254809	0.0002256574	0.0002258459	0.0002260475	0.0002262617	0.0002264807	0.0002266841	0.0002268503	0.0002270260	0.0002274723	0.0002287369	0.0002312000	0.0002343651	0.0002377308	0.0002411090	0.0002444856	0.0002478867	0.0002513294	0.0002548189	0.0002583547	0.0002619359	0.0002655620	0.0002692330	0.0002729489	0.0002767096	0.0002805153	0.0002843658	0.0002882610	0.0002922009	0.0002961853	0.0003002139	0.0003042866	0.0003084031	0.0003125631	0.0003167663	0.0003210124	0.0003253010	0.0003296315	0.0003340036	0.0003384167	0.0003428702	0.0003473636	0.0003518960	0.0003564669	0.0003610755	0.0003657210	0.0003704025	0.0003751190	0.0003798696	0.0003846533	0.0003894689	0.0003943153	0.0003991912	0.0004040953	0.0004090263	0.0004139826	0.0004189631	0.0004239659	0.0004289893	0.0004340319	0.0004390915	0.0004441664	0.0004492549	0.0004543546	0.0004594637	0.0004645800	0.0004697011	0.0004748249	0.0004799490	0.0004850708	0.0004901880	0.0004952979	0.0005003976	0.0005054845	0.0005105557	0.0005156079	0.0005206383	0.0005256439	0.0005306212	0.0005355671	0.0005404784	0.0005453514	0.0005501830	0.0005549696	0.0005597075	0.0005643931	0.0005690229	0.0005735929	0.0005780990	0.0005825378	0.0005869049	0.0005911965	0.0005954086	0.0005995374	0.0006035788	0.0006075289	0.0006113839	0.0006151394	0.0006187915	0.0006223362	0.0006257697	0.0006290884	0.0006322885	0.0006353664	0.0006383184	0.0006411410	0.0006438306	0.0006463842	0.0006487988	0.0006510714	0.0006531992	0.0006551799	0.0006570111	0.0006586908	0.0006602172	0.0006615885	0.0006628038	0.0006638619	0.0006647623	0.0006655043	0.0006660879	0.0006665136	0.0006667817	0.0006668930	0.0006668485	0.0006666491	0.0006662961	0.0006657911	0.0006651354	0.0006643305	0.0006633779	0.0006622788	0.0006610344	0.0006596457	0.0006581136	0.0006564387	0.0006546217	0.0006526628	0.0006505623	0.0006483204	0.0006459375	0.0006434137	0.0006407496	0.0006379454	0.0006350019	0.0006319200	0.0006287008	0.0006253457	0.0006218562	0.0006182340	0.0006144814	0.0006106008	0.0006065951	0.0006024671	0.0005982201	0.0005938573	0.0005893823	0.0005847988	0.0005801109	0.0005753225	0.0005704378	0.0005654610	0.0005603962	0.0005552479	0.0005500206	0.0005447189	0.0005393475	0.0005339109	0.0005284132	0.0005228588	0.0005172521	0.0005115977	0.0005059002	0.0005001639	0.0004943931	0.0004885918	0.0004827642	0.0004769144	0.0004710462	0.0004651637	0.0004592707	0.0004533707	0.0004474675	0.0004415646	0.0004356652	0.0004297728	0.0004238904	0.0004180210	0.0004121678	0.0004063333	0.0004005206	0.0003947320	0.0003889704	0.0003832381	0.0003775374	0.0003718707	0.0003662398	0.0003606470	0.0003550942	0.0003495831	0.0003441156	0.0003386931	0.0003333174	0.0003279898	0.0003227117	0.0003174844	0.0003123092	0.0003071870	0.0003021189	0.0002971059	0.0002921488	0.0002872485	0.0002824056	0.0002776209	0.0002728950	0.0002682283	0.0002636213	0.0002590745	0.0002545881	0.0002501625	0.0002457979	0.0002414946	0.0002372525	0.0002330720	0.0002289528	0.0002248952	0.0002208989	0.0002169640	0.0002130902	0.0002092775	0.0002055260	0.0002018357	0.0001982065	0.0001946362	0.0001911175	0.0001876405	0.0001842127	0.0001809106	0.0001779274	0.0001754392	0.0001732857	0.0001712609	0.0001692725	0.0001673052	0.0001653665	0.0001634628	0.0001615956	0.0001597641	0.0001579672	0.0001562042	0.0001544743	0.0001527742	0.0001510950
0.0002152175	0.0002153496	0.0002154872	0.0002156344	0.0002157926	0.0002159620	0.0002161431	0.0002163367	0.0002165414	0.0002167475	0.0002169337	0.0002170871	0.0002172849	0.0002178344	0.0002192568	0.0002217546	0.0002248327	0.0002280633	0.0002313006	0.0002345406	0.0002378075	0.0002411157	0.0002444689	0.0002478666	0.0002513079	0.0002547924	0.0002583201	0.0002618911	0.0002655053	0.0002691628	0.0002728636	0.0002766075	0.0002803944	0.0002842242	0.0002880967	0.0002920116	0.0002959688	0.0002999680	0.0003040089	0.0003080911	0.0003122143	0.0003163780	0.0003205818	0.0003248251	0.0003291075	0.0003334282	0.0003377868	0.0003421825	0.0003466145	0.0003510822	0.0003555847	0.0003601210	0.0003646904	0.0003692916	0.0003739238	0.0003785858	0.0003832764	0.0003879943	0.0003927383	0.0003975069	0.0004022990	0.0004071127	0.0004119466	0.0004167991	0.0004216682	0.0004265524	0.0004314498	0.0004363582	0.0004412760	0.0004462008	0.0004511304	0.0004560627	0.0004609955	0.0004659262	0.0004708527	0.0004757722	0.0004806821	0.0004855800	0.0004904628	0.0004953276	0.0005001719	0.0005049924	0.0005097859	0.0005145495	0.0005192799	0.0005239737	0.0005286277	0.0005332383	0.0005378020	0.0005423155	0.0005467751	0.0005511771	0.0005555179	0.0005597939	0.0005640009	0.0005681353	0.0005721932	0.0005761706	0.0005800637	0.0005838687	0.0005875817	0.0005911987	0.0005947159	0.0005981297	0.0006014361	0.0006046315	0.0006077123	0.0006106749	0.0006135157	0.0006162313	0.0006188184	0.0006212740	0.0006235950	0.0006257784	0.0006278219	0.0006297230	0.0006314794	0.0006330891	0.0006345503	0.0006358617	0.0006370221	0.0006380305	0.0006388863	0.0006395893	0.0006401397	0.0006405379	0.0006407844	0.0006408800	0.0006408258	0.0006406233	0.0006402739	0.0006397794	0.0006391412	0.0006383611	0.0006374406	0.0006363810	0.0006351837	0.0006338496	0.0006323796	0.0006307744	0.0006290342	0.0006271594	0.0006251499	0.0006230058	0.0006207270	0.0006183134	0.0006157653	0.0006130828	0.0006102664	0.0006073167	0.0006042345	0.0006010211	0.0005976779	0.0005942065	0.0005906088	0.0005868870	0.0005830440	0.0005790823	0.0005750052	0.0005708158	0.0005665178	0.0005621144	0.0005576096	0.0005530074	0.0005483117	0.0005435267	0.0005386567	0.0005337056	0.0005286779	0.0005235780	0.0005184106	0.0005131799	0.0005078903	0.0005025458	0.0004971507	0.0004917094	0.0004862263	0.0004807057	0.0004751517	0.0004695684	0.0004639596	0.0004583294	0.0004526816	0.0004470198	0.0004413478	0.0004356693	0.0004299876	0.0004243062	0.0004186284	0.0004129573	0.0004072959	0.0004016472	0.0003960141	0.0003903993	0.0003848055	0.0003792351	0.0003736907	0.0003681747	0.0003626893	0.0003572366	0.0003518188	0.0003464376	0.0003410950	0.0003357927	0.0003305325	0.0003253159	0.0003201443	0.0003150192	0.0003099418	0.0003049135	0.0002999354	0.0002950085	0.0002901337	0.0002853121	0.0002805445	0.0002758316	0.0002711741	0.0002665727	0.0002620279	0.0002575402	0.0002531102	0.0002487380	0.0002444242	0.0002401689	0.0002359724	0.0002318349	0.0002277565	0.0002237373	0.0002197772	0.0002158764	0.0002120347	0.0002082521	0.0002045284	0.0002008635	0.0001972574	0.0001937103	0.0001902220	0.0001867908	0.0001834108	0.0001800722	0.0001767776	0.0001735865	0.0001706666	0.0001681999	0.0001660870	0.0001641302	0.0001622206	0.0001603325	0.0001584705	0.0001566411	0.0001548467	0.0001530867	0.0001513602	0.0001496665	0.0001480047	0.0001463715	0.0001447586
0.0002055380	0.0002056645	0.0002057963	0.0002059373	0.0002060887	0.0002062509	0.0002064245	0.0002066101	0.0002068054	0.0002069990	0.0002071684	0.0002073081	0.0002075225	0.0002081636	0.0002097283	0.0002122398	0.0002152182	0.0002183092	0.0002214042	0.0002245065	0.0002276378	0.0002308096	0.0002340246	0.0002372821	0.0002405814	0.0002439222	0.0002473045	0.0002507285	0.0002541940	0.0002577012	0.0002612498	0.0002648400	0.0002684716	0.0002721444	0.0002758583	0.0002796130	0.0002834084	0.0002872442	0.0002911201	0.0002950358	0.0002989910	0.0003029851	0.0003070179	0.0003110887	0.0003151971	0.0003193424	0.0003235242	0.0003277417	0.0003319943	0.0003362812	0.0003406016	0.0003449546	0.0003493395	0.0003537551	0.0003582006	0.0003626749	0.0003671766	0.0003717049	0.0003762583	0.0003808357	0.0003854357	0.0003900567	0.0003946973	0.0003993559	0.0004040307	0.0004087203	0.0004134227	0.0004181360	0.0004228584	0.0004275878	0.0004323220	0.0004370591	0.0004417968	0.0004465327	0.0004512646	0.0004559899	0.0004607061	0.0004654109	0.0004701012	0.0004747746	0.0004794284	0.0004840594	0.0004886649	0.0004932419	0.0004977872	0.0005022975	0.0005067698	0.0005112006	0.0005155864	0.0005199239	0.0005242096	0.0005284398	0.0005326113	0.0005367204	0.0005407633	0.0005447365	0.0005486363	0.0005524588	0.0005562002	0.0005598566	0.0005634243	0.0005668994	0.0005702786	0.0005735581	0.0005767343	0.0005798035	0.0005827622	0.0005856068	0.0005883337	0.0005909398	0.0005934220	0.0005957772	0.0005980023	0.0006000946	0.0006020519	0.0006038715	0.0006055513	0.0006070893	0.0006084840	0.0006097340	0.0006108379	0.0006117952	0.0006126054	0.0006132686	0.0006137847	0.0006141542	0.0006143778	0.0006144568	0.0006143924	0.0006141863	0.0006138402	0.0006133559	0.0006127352	0.0006119798	0.0006110915	0.0006100718	0.0006089221	0.0006076433	0.0006062364	0.0006047017	0.0006030396	0.0006012502	0.0005993333	0.0005972887	0.0005951160	0.0005928149	0.0005903852	0.0005878267	0.0005851396	0.0005823245	0.0005793819	0.0005763128	0.0005731184	0.0005698002	0.0005663602	0.0005628001	0.0005591226	0.0005553303	0.0005514261	0.0005474132	0.0005432952	0.0005390753	0.0005347571	0.0005303444	0.0005258413	0.0005212518	0.0005165801	0.0005118301	0.0005070059	0.0005021119	0.0004971523	0.0004921317	0.0004870542	0.0004819238	0.0004767445	0.0004715206	0.0004662563	0.0004609557	0.0004556231	0.0004502621	0.0004448766	0.0004394704	0.0004340472	0.0004286106	0.0004231642	0.0004177115	0.0004122558	0.0004068004	0.0004013485	0.0003959031	0.0003904673	0.0003850436	0.0003796351	0.0003742442	0.0003688736	0.0003635256	0.0003582027	0.0003529072	0.0003476411	0.0003424066	0.0003372057	0.0003320401	0.0003269117	0.0003218222	0.0003167731	0.0003117660	0.0003068023	0.0003018834	0.0002970104	0.0002921846	0.0002874072	0.0002826790	0.0002780011	0.0002733743	0.0002687994	0.0002642772	0.0002598082	0.0002553932	0.0002510327	0.0002467271	0.0002424769	0.0002382824	0.0002341440	0.0002300618	0.0002260362	0.0002220672	0.0002181551	0.0002142998	0.0002105014	0.0002067600	0.0002030753	0.0001994474	0.0001958761	0.0001923613	0.0001889029	0.0001855011	0.0001821558	0.0001788657	0.0001756259	0.0001724276	0.0001692704	0.0001661995	0.0001633555	0.0001609159	0.0001588460	0.0001569585	0.0001551289	0.0001533210	0.0001515367	0.0001497827	0.0001480621	0.0001463746	0.0001447195	0.0001430960	0.0001415032	0.0001399379	0.0001383922
0.0001958439	0.0001959648	0.0001960907	0.0001962254	0.0001963700	0.0001965249	0.0001966909	0.0001968685	0.0001970546	0.0001972363	0.0001973899	0.0001975141	0.0001977350	0.0001984458	0.0002001305	0.0002026456	0.0002055215	0.0002084724	0.0002114241	0.0002143873	0.0002173811	0.0002204146	0.0002234894	0.0002266048	0.0002297602	0.0002329553	0.0002361903	0.0002394651	0.0002427799	0.0002461345	0.0002495290	0.0002529632	0.0002564372	0.0002599507	0.0002635036	0.0002670957	0.0002707268	0.0002743967	0.0002781051	0.0002818518	0.0002856362	0.0002894582	0.0002933172	0.0002972127	0.0003011444	0.0003051116	0.0003091138	0.0003131503	0.0003172205	0.0003213238	0.0003254591	0.0003296259	0.0003338232	0.0003380502	0.0003423059	0.0003465891	0.0003508989	0.0003552343	0.0003595938	0.0003639764	0.0003683809	0.0003728056	0.0003772493	0.0003817104	0.0003861872	0.0003906784	0.0003951820	0.0003996963	0.0004042196	0.0004087497	0.0004132847	0.0004178228	0.0004223614	0.0004268986	0.0004314323	0.0004359596	0.0004404785	0.0004449864	0.0004494806	0.0004539587	0.0004584180	0.0004628556	0.0004672690	0.0004716553	0.0004760112	0.0004803340	0.0004846205	0.0004888673	0.0004930712	0.0004972290	0.0005013370	0.0005053919	0.0005093906	0.0005133291	0.0005172043	0.0005210126	0.0005247505	0.0005284143	0.0005320004	0.0005355051	0.0005389243	0.0005422546	0.0005454926	0.0005486348	0.0005516777	0.0005546178	0.0005574517	0.0005601756	0.0005627862	0.0005652805	0.0005676555	0.0005699080	0.0005720353	0.0005740348	0.0005759039	0.0005776403	0.0005792419	0.0005807069	0.0005820336	0.0005832207	0.0005842671	0.0005851724	0.0005859362	0.0005865584	0.0005870391	0.0005873790	0.0005875792	0.0005876411	0.0005875661	0.0005873559	0.0005870126	0.0005865381	0.0005859345	0.0005852038	0.0005843480	0.0005833685	0.0005822669	0.0005810442	0.0005797011	0.0005782382	0.0005766555	0.0005749529	0.0005731301	0.0005711865	0.0005691215	0.0005669346	0.0005646253	0.0005621931	0.0005596377	0.0005569594	0.0005541586	0.0005512361	0.0005481929	0.0005450303	0.0005417503	0.0005383545	0.0005348452	0.0005312249	0.0005274965	0.0005236632	0.0005197280	0.0005156945	0.0005115661	0.0005073463	0.0005030392	0.0004986487	0.0004941787	0.0004896333	0.0004850164	0.0004803319	0.0004755842	0.0004707775	0.0004659160	0.0004610037	0.0004560444	0.0004510420	0.0004460007	0.0004409244	0.0004358172	0.0004306828	0.0004255249	0.0004203470	0.0004151527	0.0004099456	0.0004047291	0.0003995065	0.0003942811	0.0003890560	0.0003838344	0.0003786190	0.0003734128	0.0003682185	0.0003630387	0.0003578759	0.0003527326	0.0003476112	0.0003425138	0.0003374427	0.0003324000	0.0003273877	0.0003224075	0.0003174614	0.0003125510	0.0003076779	0.0003028437	0.0002980499	0.0002932977	0.0002885885	0.0002839234	0.0002793036	0.0002747302	0.0002702042	0.0002657264	0.0002612976	0.0002569187	0.0002525902	0.0002483130	0.0002440874	0.0002399142	0.0002357936	0.0002317261	0.0002277121	0.0002237518	0.0002198455	0.0002159933	0.0002121956	0.0002084522	0.0002047634	0.0002011292	0.0001975495	0.0001940242	0.0001905533	0.0001871367	0.0001837742	0.0001804657	0.0001772114	0.0001740112	0.0001708641	0.0001677663	0.0001647100	0.0001616920	0.0001587449	0.0001559834	0.0001535801	0.0001515611	0.0001497472	0.0001479991	0.0001462724	0.0001445666	0.0001428890	0.0001412432	0.0001396293	0.0001380465	0.0001364940	0.0001349711	0.0001334746	0.0001319968
0.0001861359	0.0001862512	0.0001863712	0.0001864995	0.0001866372	0.0001867848	0.0001869430	0.0001871124	0.0001872893	0.0001874595	0.0001875984	0.0001877093	0.0001879360	0.0001887027	0.0001904761	0.0001929765	0.0001957454	0.0001985556	0.0002013637	0.0002041864	0.0002070411	0.0002099345	0.0002128673	0.0002158388	0.0002188484	0.0002218959	0.0002249815	0.0002281053	0.0002312672	0.0002344672	0.0002377054	0.0002409816	0.0002442957	0.0002476477	0.0002510374	0.0002544646	0.0002579290	0.0002614307	0.0002649691	0.0002685442	0.0002721555	0.0002758026	0.0002794853	0.0002832030	0.0002869552	0.0002907415	0.0002945614	0.0002984141	0.0003022991	0.0003062158	0.0003101633	0.0003141409	0.0003181478	0.0003221831	0.0003262460	0.0003303353	0.0003344501	0.0003385894	0.0003427519	0.0003469366	0.0003511422	0.0003553673	0.0003596108	0.0003638708	0.0003681462	0.0003724354	0.0003767366	0.0003810482	0.0003853687	0.0003896957	0.0003940278	0.0003983628	0.0004026987	0.0004070335	0.0004113650	0.0004156906	0.0004200084	0.0004243158	0.0004286102	0.0004328894	0.0004371507	0.0004413913	0.0004456089	0.0004498005	0.0004539633	0.0004580946	0.0004621912	0.0004662500	0.0004702681	0.0004742423	0.0004781689	0.0004820451	0.0004858672	0.0004896320	0.0004933360	0.0004969761	0.0005005486	0.0005040503	0.0005074777	0.0005108269	0.0005140945	0.0005172771	0.0005203712	0.0005233734	0.0005262803	0.0005290886	0.0005317947	0.0005343954	0.0005368875	0.0005392679	0.0005415335	0.0005436814	0.0005457091	0.0005476140	0.0005493933	0.0005510450	0.0005525671	0.0005539577	0.0005552152	0.0005563383	0.0005573265	0.0005581790	0.0005588954	0.0005594756	0.0005599203	0.0005602303	0.0005604067	0.0005604509	0.0005603646	0.0005601499	0.0005598091	0.0005593444	0.0005587582	0.0005580525	0.0005572294	0.0005562905	0.0005552375	0.0005540714	0.0005527929	0.0005514025	0.0005499002	0.0005482857	0.0005465583	0.0005447173	0.0005427617	0.0005406906	0.0005385033	0.0005361990	0.0005337773	0.0005312379	0.0005285810	0.0005258071	0.0005229173	0.0005199126	0.0005167946	0.0005135652	0.0005102265	0.0005067808	0.0005032308	0.0004995796	0.0004958301	0.0004919858	0.0004880501	0.0004840264	0.0004799184	0.0004757301	0.0004714653	0.0004671278	0.0004627215	0.0004582503	0.0004537181	0.0004491291	0.0004444874	0.0004397970	0.0004350615	0.0004302847	0.0004254703	0.0004206224	0.0004157447	0.0004108409	0.0004059145	0.0004009690	0.0003960079	0.0003910344	0.0003860519	0.0003810637	0.0003760727	0.0003710821	0.0003660948	0.0003611136	0.0003561413	0.0003511803	0.0003462333	0.0003413026	0.0003363906	0.0003314996	0.0003266317	0.0003217889	0.0003169734	0.0003121869	0.0003074314	0.0003027084	0.0002980197	0.0002933667	0.0002887509	0.0002841738	0.0002796366	0.0002751406	0.0002706868	0.0002662764	0.0002619104	0.0002575897	0.0002533152	0.0002490876	0.0002449076	0.0002407760	0.0002366934	0.0002326603	0.0002286771	0.0002247443	0.0002208624	0.0002170315	0.0002132520	0.0002095242	0.0002058481	0.0002022240	0.0001986520	0.0001951321	0.0001916643	0.0001882487	0.0001848851	0.0001815735	0.0001783137	0.0001751056	0.0001719491	0.0001688443	0.0001657911	0.0001627891	0.0001598351	0.0001569222	0.0001540449	0.0001512238	0.0001485509	0.0001461948	0.0001442351	0.0001424983	0.0001408330	0.0001391881	0.0001375617	0.0001359614	0.0001343914	0.0001328520	0.0001313424	0.0001298619	0.0001284096	0.0001269827	0.0001255736
0.0001764150	0.0001765245	0.0001766385	0.0001767603	0.0001768911	0.0001770313	0.0001771817	0.0001773425	0.0001775095	0.0001776675	0.0001777938	0.0001779009	0.0001781520	0.0001789789	0.0001807951	0.0001832437	0.0001858925	0.0001885606	0.0001912255	0.0001939074	0.0001966216	0.0001993731	0.0002021622	0.0002049879	0.0002078499	0.0002107480	0.0002136825	0.0002166532	0.0002196604	0.0002227038	0.0002257836	0.0002288997	0.0002320520	0.0002352403	0.0002384646	0.0002417246	0.0002450203	0.0002483513	0.0002517175	0.0002551186	0.0002585543	0.0002620242	0.0002655280	0.0002690653	0.0002726355	0.0002762383	0.0002798731	0.0002835393	0.0002872364	0.0002909638	0.0002947206	0.0002985062	0.0003023198	0.0003061606	0.0003100278	0.0003139202	0.0003178370	0.0003217773	0.0003257397	0.0003297235	0.0003337272	0.0003377496	0.0003417896	0.0003458455	0.0003499161	0.0003540000	0.0003580954	0.0003622010	0.0003663149	0.0003704354	0.0003745608	0.0003786892	0.0003828186	0.0003869472	0.0003910727	0.0003951930	0.0003993059	0.0004034090	0.0004075001	0.0004115768	0.0004156365	0.0004196767	0.0004236950	0.0004276885	0.0004316547	0.0004355909	0.0004394940	0.0004433611	0.0004471897	0.0004509762	0.0004547177	0.0004584113	0.0004620535	0.0004656410	0.0004691708	0.0004726395	0.0004760436	0.0004793801	0.0004826454	0.0004858361	0.0004889489	0.0004919807	0.0004949280	0.0004977875	0.0005005560	0.0005032300	0.0005058061	0.0005082812	0.0005106525	0.0005129169	0.0005150712	0.0005171129	0.0005190393	0.0005208478	0.0005225360	0.0005241018	0.0005255432	0.0005268582	0.0005280455	0.0005291042	0.0005300334	0.0005308322	0.0005315005	0.0005320386	0.0005324469	0.0005327265	0.0005328785	0.0005329045	0.0005328069	0.0005325879	0.0005322499	0.0005317953	0.0005312264	0.0005305457	0.0005297554	0.0005288574	0.0005278534	0.0005267445	0.0005255316	0.0005242147	0.0005227937	0.0005212682	0.0005196373	0.0005179000	0.0005160551	0.0005141014	0.0005120375	0.0005098627	0.0005075761	0.0005051773	0.0005026661	0.0005000427	0.0004973080	0.0004944630	0.0004915091	0.0004884481	0.0004852821	0.0004820132	0.0004786439	0.0004751771	0.0004716159	0.0004679634	0.0004642230	0.0004603983	0.0004564925	0.0004525093	0.0004484527	0.0004443263	0.0004401340	0.0004358794	0.0004315663	0.0004271986	0.0004227804	0.0004183155	0.0004138075	0.0004092599	0.0004046763	0.0004000605	0.0003954162	0.0003907470	0.0003860561	0.0003813470	0.0003766229	0.0003718871	0.0003671427	0.0003623928	0.0003576403	0.0003528881	0.0003481392	0.0003433961	0.0003386615	0.0003339377	0.0003292273	0.0003245326	0.0003198558	0.0003151990	0.0003105642	0.0003059535	0.0003013688	0.0002968119	0.0002922845	0.0002877883	0.0002833247	0.0002788953	0.0002745014	0.0002701445	0.0002658257	0.0002615461	0.0002573069	0.0002531090	0.0002489536	0.0002448413	0.0002407732	0.0002367497	0.0002327718	0.0002288400	0.0002249548	0.0002211169	0.0002173266	0.0002135843	0.0002098905	0.0002062454	0.0002026494	0.0001991025	0.0001956050	0.0001921570	0.0001887586	0.0001854099	0.0001821108	0.0001788615	0.0001756617	0.0001725115	0.0001694106	0.0001663590	0.0001633565	0.0001604032	0.0001574990	0.0001546438	0.0001518352	0.0001490669	0.0001463317	0.0001436411	0.0001410682	0.0001387746	0.0001368771	0.0001352152	0.0001336317	0.0001320691	0.0001305231	0.0001290013	0.0001275081	0.0001260441	0.0001246085	0.0001232008	0.0001218201	0.0001204635	0.0001191239
0.0001666818	0.0001667855	0.0001668934	0.0001670087	0.0001671325	0.0001672654	0.0001674079	0.0001675598	0.0001677158	0.0001678608	0.0001679764	0.0001680904	0.0001683872	0.0001692822	0.0001710949	0.0001734524	0.0001759666	0.0001784908	0.0001810132	0.0001835539	0.0001861263	0.0001887343	0.0001913779	0.0001940561	0.0001967688	0.0001995159	0.0002022974	0.0002051133	0.0002079639	0.0002108489	0.0002137685	0.0002167225	0.0002197109	0.0002227335	0.0002257903	0.0002288811	0.0002320057	0.0002351641	0.0002383558	0.0002415807	0.0002448385	0.0002481288	0.0002514513	0.0002548057	0.0002581915	0.0002616082	0.0002650554	0.0002685326	0.0002720391	0.0002755744	0.0002791378	0.0002827286	0.0002863462	0.0002899896	0.0002936582	0.0002973508	0.0003010669	0.0003048051	0.0003085646	0.0003123445	0.0003161434	0.0003199602	0.0003237936	0.0003276424	0.0003315052	0.0003353806	0.0003392671	0.0003431634	0.0003470676	0.0003509782	0.0003548937	0.0003588119	0.0003627313	0.0003666502	0.0003705662	0.0003744774	0.0003783818	0.0003822770	0.0003861610	0.0003900316	0.0003938861	0.0003977224	0.0004015379	0.0004053301	0.0004090963	0.0004128340	0.0004165403	0.0004202126	0.0004238481	0.0004274437	0.0004309966	0.0004345040	0.0004379625	0.0004413694	0.0004447215	0.0004480155	0.0004512483	0.0004544166	0.0004575172	0.0004605465	0.0004635019	0.0004663799	0.0004691776	0.0004718918	0.0004745193	0.0004770566	0.0004795005	0.0004818482	0.0004840966	0.0004862429	0.0004882843	0.0004902182	0.0004920418	0.0004937526	0.0004953484	0.0004968272	0.0004981868	0.0004994254	0.0005005422	0.0005015358	0.0005024053	0.0005031500	0.0005037701	0.0005042658	0.0005046375	0.0005048863	0.0005050139	0.0005050224	0.0005049138	0.0005046907	0.0005043552	0.0005039101	0.0005033582	0.0005027021	0.0005019444	0.0005010873	0.0005001327	0.0004990819	0.0004979354	0.0004966934	0.0004953554	0.0004939204	0.0004923873	0.0004907548	0.0004890215	0.0004871861	0.0004852470	0.0004832029	0.0004810526	0.0004787956	0.0004764314	0.0004739601	0.0004713821	0.0004686984	0.0004659104	0.0004630195	0.0004600278	0.0004569376	0.0004537511	0.0004504709	0.0004471002	0.0004436419	0.0004400994	0.0004364761	0.0004327751	0.0004290001	0.0004251546	0.0004212424	0.0004172670	0.0004132323	0.0004091415	0.0004049986	0.0004008072	0.0003965713	0.0003922943	0.0003879795	0.0003836303	0.0003792503	0.0003748432	0.0003704121	0.0003659606	0.0003614917	0.0003570085	0.0003525141	0.0003480116	0.0003435039	0.0003389937	0.0003344838	0.0003299770	0.0003254758	0.0003209826	0.0003164998	0.0003120297	0.0003075747	0.0003031366	0.0002987176	0.0002943196	0.0002899445	0.0002855942	0.0002812704	0.0002769746	0.0002727085	0.0002684735	0.0002642711	0.0002601024	0.0002559689	0.0002518716	0.0002478117	0.0002437901	0.0002398079	0.0002358660	0.0002319652	0.0002281063	0.0002242899	0.0002205168	0.0002167875	0.0002131026	0.0002094625	0.0002058677	0.0002023186	0.0001988155	0.0001953587	0.0001919484	0.0001885849	0.0001852682	0.0001819986	0.0001787762	0.0001756009	0.0001724728	0.0001693918	0.0001663580	0.0001633711	0.0001604312	0.0001575380	0.0001546914	0.0001518915	0.0001491382	0.0001464315	0.0001437695	0.0001411467	0.0001385554	0.0001360015	0.0001335439	0.0001313309	0.0001294943	0.0001279011	0.0001263966	0.0001249166	0.0001234523	0.0001220101	0.0001205947	0.0001192070	0.0001178464	0.0001165122	0.0001152038	0.0001139183	0.0001126489
0.0001569371	0.0001570349	0.0001571367	0.0001572454	0.0001573622	0.0001574876	0.0001576221	0.0001577649	0.0001579098	0.0001580417	0.0001581480	0.0001582727	0.0001586202	0.0001595770	0.0001613565	0.0001636006	0.0001659723	0.0001683512	0.0001707309	0.0001731296	0.0001755589	0.0001780219	0.0001805183	0.0001830476	0.0001856093	0.0001882036	0.0001908305	0.0001934900	0.0001961822	0.0001989070	0.0002016645	0.0002044547	0.0002072773	0.0002101324	0.0002130197	0.0002159393	0.0002188909	0.0002218744	0.0002248895	0.0002279361	0.0002310137	0.0002341223	0.0002372613	0.0002404305	0.0002436295	0.0002468578	0.0002501149	0.0002534005	0.0002567140	0.0002600547	0.0002634220	0.0002668155	0.0002702342	0.0002736777	0.0002771448	0.0002806350	0.0002841473	0.0002876807	0.0002912344	0.0002948075	0.0002983986	0.0003020068	0.0003056309	0.0003092695	0.0003129216	0.0003165856	0.0003202603	0.0003239443	0.0003276358	0.0003313335	0.0003350358	0.0003387409	0.0003424472	0.0003461529	0.0003498561	0.0003535549	0.0003572473	0.0003609312	0.0003646047	0.0003682655	0.0003719113	0.0003755401	0.0003791493	0.0003827366	0.0003862996	0.0003898356	0.0003933419	0.0003968162	0.0004002556	0.0004036571	0.0004070184	0.0004103364	0.0004136081	0.0004168310	0.0004200021	0.0004231182	0.0004261765	0.0004291738	0.0004321067	0.0004349723	0.0004377675	0.0004404894	0.0004431351	0.0004457015	0.0004481854	0.0004505837	0.0004528933	0.0004551116	0.0004572354	0.0004592620	0.0004611889	0.0004630134	0.0004647329	0.0004663449	0.0004678475	0.0004692382	0.0004705152	0.0004716772	0.0004727230	0.0004736510	0.0004744605	0.0004751512	0.0004757231	0.0004761761	0.0004765112	0.0004767298	0.0004768338	0.0004768251	0.0004767056	0.0004764777	0.0004761442	0.0004757083	0.0004751728	0.0004745411	0.0004738159	0.0004729998	0.0004720949	0.0004711026	0.0004700235	0.0004688574	0.0004676038	0.0004662611	0.0004648278	0.0004633019	0.0004616816	0.0004599653	0.0004581516	0.0004562390	0.0004542260	0.0004521117	0.0004498955	0.0004475773	0.0004451573	0.0004426361	0.0004400151	0.0004372959	0.0004344801	0.0004315701	0.0004285681	0.0004254765	0.0004222983	0.0004190365	0.0004156941	0.0004122745	0.0004087809	0.0004052165	0.0004015849	0.0003978896	0.0003941342	0.0003903222	0.0003864569	0.0003825419	0.0003785807	0.0003745769	0.0003705341	0.0003664555	0.0003623442	0.0003582036	0.0003540371	0.0003498479	0.0003456393	0.0003414142	0.0003371755	0.0003329263	0.0003286693	0.0003244073	0.0003201430	0.0003158790	0.0003116179	0.0003073621	0.0003031139	0.0002988757	0.0002946495	0.0002904375	0.0002862417	0.0002820640	0.0002779063	0.0002737702	0.0002696577	0.0002655703	0.0002615095	0.0002574768	0.0002534736	0.0002495013	0.0002455610	0.0002416539	0.0002377813	0.0002339440	0.0002301431	0.0002263795	0.0002226540	0.0002189675	0.0002153206	0.0002117141	0.0002081485	0.0002046243	0.0002011422	0.0001977026	0.0001943058	0.0001909523	0.0001876423	0.0001843761	0.0001811540	0.0001779761	0.0001748426	0.0001717536	0.0001687092	0.0001657094	0.0001627542	0.0001598437	0.0001569777	0.0001541563	0.0001513791	0.0001486462	0.0001459574	0.0001433126	0.0001407120	0.0001381554	0.0001356414	0.0001331651	0.0001307194	0.0001283072	0.0001259768	0.0001238588	0.0001220840	0.0001205563	0.0001191296	0.0001177324	0.0001163509	0.0001149895	0.0001136528	0.0001123421	0.0001110572	0.0001097975	0.0001085620	0.0001073483	0.0001061498
0.0001471815	0.0001472734	0.0001473690	0.0001474711	0.0001475808	0.0001476987	0.0001478251	0.0001479588	0.0001480927	0.0001482122	0.0001483097	0.0001484438	0.0001488337	0.0001498350	0.0001515648	0.0001536870	0.0001559139	0.0001581468	0.0001603829	0.0001626385	0.0001649232	0.0001672397	0.0001695875	0.0001719662	0.0001743756	0.0001768155	0.0001792862	0.0001817876	0.0001843198	0.0001868828	0.0001894765	0.0001921010	0.0001947562	0.0001974418	0.0002001580	0.0002029045	0.0002056811	0.0002084878	0.0002113244	0.0002141906	0.0002170861	0.0002200108	0.0002229642	0.0002259460	0.0002289559	0.0002319935	0.0002350584	0.0002381501	0.0002412681	0.0002444118	0.0002475807	0.0002507742	0.0002539916	0.0002572324	0.0002604956	0.0002637805	0.0002670864	0.0002704123	0.0002737575	0.0002771209	0.0002805014	0.0002838982	0.0002873100	0.0002907356	0.0002941740	0.0002976238	0.0003010837	0.0003045524	0.0003080284	0.0003115103	0.0003149966	0.0003184856	0.0003219759	0.0003254656	0.0003289529	0.0003324362	0.0003359136	0.0003393829	0.0003428427	0.0003462904	0.0003497242	0.0003531421	0.0003565417	0.0003599207	0.0003632770	0.0003666080	0.0003699112	0.0003731843	0.0003764244	0.0003796290	0.0003827957	0.0003859215	0.0003890037	0.0003920398	0.0003950269	0.0003979623	0.0004008431	0.0004036662	0.0004064287	0.0004091277	0.0004117604	0.0004143240	0.0004168154	0.0004192318	0.0004215700	0.0004238271	0.0004260006	0.0004280875	0.0004300850	0.0004319906	0.0004338016	0.0004355155	0.0004371296	0.0004386420	0.0004400503	0.0004413523	0.0004425465	0.0004436315	0.0004446058	0.0004454681	0.0004462179	0.0004468549	0.0004473785	0.0004477893	0.0004480887	0.0004482781	0.0004483588	0.0004483327	0.0004482019	0.0004479691	0.0004476376	0.0004472105	0.0004466915	0.0004460839	0.0004453913	0.0004446164	0.0004437615	0.0004428282	0.0004418170	0.0004407277	0.0004395594	0.0004383103	0.0004369783	0.0004355607	0.0004340552	0.0004324595	0.0004307720	0.0004289912	0.0004271159	0.0004251449	0.0004230772	0.0004209127	0.0004186514	0.0004162938	0.0004138409	0.0004112943	0.0004086558	0.0004059272	0.0004031111	0.0004002099	0.0003972259	0.0003941624	0.0003910222	0.0003878084	0.0003845243	0.0003811730	0.0003777578	0.0003742822	0.0003707494	0.0003671629	0.0003635259	0.0003598417	0.0003561136	0.0003523452	0.0003485398	0.0003447005	0.0003408304	0.0003369325	0.0003330100	0.0003290661	0.0003251038	0.0003211259	0.0003171352	0.0003131345	0.0003091264	0.0003051136	0.0003010986	0.0002970840	0.0002930719	0.0002890650	0.0002850653	0.0002810749	0.0002770960	0.0002731305	0.0002691803	0.0002652472	0.0002613329	0.0002574392	0.0002535677	0.0002497198	0.0002458971	0.0002421010	0.0002383327	0.0002345935	0.0002308846	0.0002272070	0.0002235618	0.0002199501	0.0002163726	0.0002128304	0.0002093240	0.0002058545	0.0002024223	0.0001990282	0.0001956727	0.0001923562	0.0001890794	0.0001858426	0.0001826462	0.0001794906	0.0001763760	0.0001733027	0.0001702710	0.0001672809	0.0001643326	0.0001614263	0.0001585620	0.0001557397	0.0001529595	0.0001502213	0.0001475251	0.0001448708	0.0001422583	0.0001396875	0.0001371581	0.0001346703	0.0001322239	0.0001298190	0.0001274544	0.0001251259	0.0001228270	0.0001205593	0.0001183622	0.0001163481	0.0001146410	0.0001131807	0.0001118324	0.0001105188	0.0001092207	0.0001079409	0.0001066837	0.0001054510	0.0001042426	0.0001030579	0.0001018961	0.0001007548	0.0000996280
0.0001374157	0.0001375016	0.0001375910	0.0001376865	0.0001377891	0.0001378993	0.0001380176	0.0001381422	0.0001382655	0.0001383733	0.0001384625	0.0001386023	0.0001390217	0.0001400471	0.0001417162	0.0001437138	0.0001457953	0.0001478817	0.0001499733	0.0001520844	0.0001542232	0.0001563916	0.0001585895	0.0001608162	0.0001630717	0.0001653558	0.0001676688	0.0001700106	0.0001723812	0.0001747808	0.0001772092	0.0001796664	0.0001821523	0.0001846669	0.0001872101	0.0001897818	0.0001923817	0.0001950099	0.0001976660	0.0002003500	0.0002030614	0.0002058002	0.0002085660	0.0002113585	0.0002141773	0.0002170222	0.0002198926	0.0002227881	0.0002257085	0.0002286529	0.0002316211	0.0002346123	0.0002376261	0.0002406618	0.0002437185	0.0002467958	0.0002498927	0.0002530085	0.0002561425	0.0002592935	0.0002624608	0.0002656434	0.0002688401	0.0002720499	0.0002752718	0.0002785045	0.0002817468	0.0002849975	0.0002882550	0.0002915183	0.0002947857	0.0002980558	0.0003013272	0.0003045981	0.0003078668	0.0003111318	0.0003143913	0.0003176433	0.0003208864	0.0003241182	0.0003273370	0.0003305410	0.0003337278	0.0003368954	0.0003400419	0.0003431645	0.0003462614	0.0003493301	0.0003523679	0.0003553726	0.0003583417	0.0003612725	0.0003641625	0.0003670092	0.0003698099	0.0003725619	0.0003752626	0.0003779090	0.0003804985	0.0003830284	0.0003854961	0.0003878988	0.0003902337	0.0003924980	0.0003946887	0.0003968031	0.0003988385	0.0004007924	0.0004026621	0.0004044452	0.0004061391	0.0004077413	0.0004092493	0.0004106612	0.0004119745	0.0004131875	0.0004142987	0.0004153065	0.0004162094	0.0004170063	0.0004176968	0.0004182800	0.0004187561	0.0004191259	0.0004193907	0.0004195513	0.0004196089	0.0004195657	0.0004194239	0.0004191866	0.0004188570	0.0004184390	0.0004179368	0.0004173543	0.0004166953	0.0004159626	0.0004151586	0.0004142845	0.0004133413	0.0004123286	0.0004112455	0.0004100902	0.0004088601	0.0004075518	0.0004061623	0.0004046886	0.0004031284	0.0004014801	0.0003997426	0.0003979148	0.0003959960	0.0003939853	0.0003918830	0.0003896895	0.0003874054	0.0003850323	0.0003825718	0.0003800259	0.0003773968	0.0003746871	0.0003718990	0.0003690353	0.0003660990	0.0003630931	0.0003600206	0.0003568846	0.0003536881	0.0003504344	0.0003471267	0.0003437683	0.0003403622	0.0003369116	0.0003334195	0.0003298894	0.0003263244	0.0003227275	0.0003191016	0.0003154496	0.0003117743	0.0003080789	0.0003043660	0.0003006385	0.0002968990	0.0002931500	0.0002893940	0.0002856336	0.0002818712	0.0002781091	0.0002743495	0.0002705946	0.0002668466	0.0002631073	0.0002593789	0.0002556630	0.0002519616	0.0002482762	0.0002446086	0.0002409602	0.0002373327	0.0002337274	0.0002301458	0.0002265892	0.0002230587	0.0002195555	0.0002160807	0.0002126353	0.0002092205	0.0002058369	0.0002024856	0.0001991673	0.0001958828	0.0001926327	0.0001894178	0.0001862385	0.0001830954	0.0001799890	0.0001769198	0.0001738882	0.0001708944	0.0001679389	0.0001650219	0.0001621437	0.0001593044	0.0001565041	0.0001537431	0.0001510215	0.0001483392	0.0001456963	0.0001430929	0.0001405289	0.0001380042	0.0001355189	0.0001330727	0.0001306655	0.0001282973	0.0001259679	0.0001236774	0.0001214258	0.0001192119	0.0001170325	0.0001148817	0.0001127598	0.0001106988	0.0001087945	0.0001071630	0.0001057751	0.0001045071	0.0001032777	0.0001020636	0.0001008659	0.0000996891	0.0000985351	0.0000974038	0.0000962949	0.0000952075	0.0000941393	0.0000930847
0.0001276404	0.0001277203	0.0001278034	0.0001278922	0.0001279876	0.0001280902	0.0001282003	0.0001283158	0.0001284291	0.0001285260	0.0001286064	0.0001287466	0.0001291815	0.0001302133	0.0001318132	0.0001336845	0.0001356205	0.0001375599	0.0001395058	0.0001414712	0.0001434627	0.0001454819	0.0001475284	0.0001496018	0.0001517020	0.0001538289	0.0001559827	0.0001581635	0.0001603711	0.0001626057	0.0001648672	0.0001671556	0.0001694708	0.0001718127	0.0001741813	0.0001765764	0.0001789980	0.0001814459	0.0001839199	0.0001864198	0.0001889455	0.0001914966	0.0001940729	0.0001966742	0.0001993000	0.0002019501	0.0002046241	0.0002073216	0.0002100422	0.0002127853	0.0002155506	0.0002183374	0.0002211453	0.0002239737	0.0002268217	0.0002296890	0.0002325746	0.0002354779	0.0002383982	0.0002413344	0.0002442859	0.0002472517	0.0002502308	0.0002532222	0.0002562250	0.0002592378	0.0002622598	0.0002652896	0.0002683260	0.0002713678	0.0002744135	0.0002774619	0.0002805115	0.0002835608	0.0002866082	0.0002896522	0.0002926911	0.0002957232	0.0002987468	0.0003017601	0.0003047613	0.0003077487	0.0003107200	0.0003136735	0.0003166073	0.0003195189	0.0003224064	0.0003252677	0.0003281003	0.0003309021	0.0003336707	0.0003364036	0.0003390987	0.0003417533	0.0003443650	0.0003469313	0.0003494496	0.0003519171	0.0003543313	0.0003566899	0.0003589903	0.0003612299	0.0003634062	0.0003655164	0.0003675577	0.0003695275	0.0003714236	0.0003732431	0.0003749837	0.0003766431	0.0003782187	0.0003797081	0.0003811094	0.0003824201	0.0003836382	0.0003847620	0.0003857902	0.0003867208	0.0003875525	0.0003882847	0.0003889162	0.0003894466	0.0003898765	0.0003902066	0.0003904375	0.0003905698	0.0003906052	0.0003905457	0.0003903937	0.0003901524	0.0003898259	0.0003894189	0.0003889359	0.0003883812	0.0003877582	0.0003870697	0.0003863178	0.0003855036	0.0003846278	0.0003836904	0.0003826906	0.0003816270	0.0003804972	0.0003792977	0.0003780244	0.0003766732	0.0003752412	0.0003737261	0.0003721265	0.0003704417	0.0003686713	0.0003668145	0.0003648711	0.0003628416	0.0003607267	0.0003585274	0.0003562456	0.0003538832	0.0003514421	0.0003489249	0.0003463338	0.0003436714	0.0003409407	0.0003381442	0.0003352851	0.0003323663	0.0003293906	0.0003263610	0.0003232807	0.0003201527	0.0003169801	0.0003137656	0.0003105123	0.0003072232	0.0003039014	0.0003005497	0.0002971709	0.0002937675	0.0002903424	0.0002868983	0.0002834379	0.0002799638	0.0002764784	0.0002729842	0.0002694834	0.0002659786	0.0002624718	0.0002589652	0.0002554611	0.0002519614	0.0002484680	0.0002449830	0.0002415080	0.0002380448	0.0002345951	0.0002311604	0.0002277423	0.0002243422	0.0002209615	0.0002176017	0.0002142640	0.0002109496	0.0002076596	0.0002043951	0.0002011571	0.0001979466	0.0001947646	0.0001916118	0.0001884891	0.0001853973	0.0001823369	0.0001793087	0.0001763133	0.0001733512	0.0001704229	0.0001675288	0.0001646694	0.0001618451	0.0001590561	0.0001563028	0.0001535854	0.0001509042	0.0001482593	0.0001456508	0.0001430790	0.0001405438	0.0001380454	0.0001355837	0.0001331588	0.0001307707	0.0001284192	0.0001261044	0.0001238261	0.0001215843	0.0001193787	0.0001172093	0.0001150761	0.0001129792	0.0001109176	0.0001088885	0.0001068867	0.0001049116	0.0001029886	0.0001011988	0.0000996509	0.0000983409	0.0000971552	0.0000960107	0.0000948811	0.0000937663	0.0000926705	0.0000915959	0.0000905425	0.0000895099	0.0000884975	0.0000875031	0.0000865213
0.0001178562	0.0001179300	0.0001180069	0.0001180889	0.0001181771	0.0001182720	0.0001183739	0.0001184806	0.0001185843	0.0001186708	0.0001187409	0.0001188741	0.0001193095	0.0001203342	0.0001218595	0.0001236033	0.0001253935	0.0001271852	0.0001289844	0.0001308029	0.0001326460	0.0001345146	0.0001364086	0.0001383274	0.0001402710	0.0001422394	0.0001442327	0.0001462510	0.0001482942	0.0001503624	0.0001524556	0.0001545736	0.0001567166	0.0001588843	0.0001610767	0.0001632938	0.0001655354	0.0001678014	0.0001700916	0.0001724059	0.0001747440	0.0001771057	0.0001794909	0.0001818991	0.0001843302	0.0001867838	0.0001892595	0.0001917571	0.0001942760	0.0001968159	0.0001993764	0.0002019569	0.0002045568	0.0002071758	0.0002098131	0.0002124682	0.0002151404	0.0002178290	0.0002205334	0.0002232526	0.0002259860	0.0002287327	0.0002314918	0.0002342624	0.0002370435	0.0002398340	0.0002426331	0.0002454395	0.0002482521	0.0002510698	0.0002538911	0.0002567151	0.0002595404	0.0002623653	0.0002651886	0.0002680089	0.0002708245	0.0002736339	0.0002764356	0.0002792277	0.0002820087	0.0002847769	0.0002875303	0.0002902673	0.0002929858	0.0002956839	0.0002983597	0.0003010110	0.0003036358	0.0003062321	0.0003087975	0.0003113299	0.0003138273	0.0003162872	0.0003187073	0.0003210854	0.0003234189	0.0003257054	0.0003279424	0.0003301277	0.0003322589	0.0003343336	0.0003363494	0.0003383035	0.0003401936	0.0003420174	0.0003437725	0.0003454563	0.0003470667	0.0003486014	0.0003500578	0.0003514339	0.0003527277	0.0003539368	0.0003550595	0.0003560944	0.0003570395	0.0003578931	0.0003586545	0.0003593225	0.0003598958	0.0003603748	0.0003607601	0.0003610515	0.0003612493	0.0003613548	0.0003613693	0.0003612946	0.0003611337	0.0003608908	0.0003605707	0.0003601784	0.0003597184	0.0003591948	0.0003586108	0.0003579691	0.0003572711	0.0003565178	0.0003557094	0.0003548460	0.0003539271	0.0003529518	0.0003519183	0.0003508240	0.0003496646	0.0003484353	0.0003471312	0.0003457494	0.0003442878	0.0003427458	0.0003411230	0.0003394194	0.0003376346	0.0003357687	0.0003338228	0.0003317977	0.0003296948	0.0003275163	0.0003252639	0.0003229400	0.0003205470	0.0003180871	0.0003155630	0.0003129777	0.0003103335	0.0003076336	0.0003048805	0.0003020771	0.0002992263	0.0002963309	0.0002933940	0.0002904181	0.0002874059	0.0002843604	0.0002812843	0.0002781804	0.0002750512	0.0002718992	0.0002687270	0.0002655370	0.0002623318	0.0002591139	0.0002558855	0.0002526489	0.0002494063	0.0002461598	0.0002429115	0.0002396635	0.0002364177	0.0002331760	0.0002299403	0.0002267122	0.0002234935	0.0002202858	0.0002170906	0.0002139093	0.0002107434	0.0002075943	0.0002044632	0.0002013514	0.0001982602	0.0001951906	0.0001921436	0.0001891203	0.0001861216	0.0001831484	0.0001802016	0.0001772820	0.0001743903	0.0001715272	0.0001686933	0.0001658892	0.0001631155	0.0001603728	0.0001576613	0.0001549817	0.0001523341	0.0001497191	0.0001471369	0.0001445878	0.0001420719	0.0001395896	0.0001371409	0.0001347261	0.0001323451	0.0001299982	0.0001276853	0.0001254065	0.0001231618	0.0001209511	0.0001187744	0.0001166317	0.0001145228	0.0001124477	0.0001104061	0.0001083981	0.0001064237	0.0001044828	0.0001025747	0.0001006972	0.0000988455	0.0000970181	0.0000952345	0.0000935633	0.0000921062	0.0000908794	0.0000897784	0.0000887197	0.0000876751	0.0000866437	0.0000856295	0.0000846349	0.0000836600	0.0000827045	0.0000817677	0.0000808476	0.0000799391
0.0001080638	0.0001081316	0.0001082021	0.0001082773	0.0001083583	0.0001084454	0.0001085391	0.0001086372	0.0001087318	0.0001088083	0.0001088666	0.0001089857	0.0001094080	0.0001104140	0.0001118592	0.0001134742	0.0001151182	0.0001167615	0.0001184132	0.0001200836	0.0001217770	0.0001234941	0.0001252342	0.0001269973	0.0001287831	0.0001305918	0.0001324234	0.0001342780	0.0001361555	0.0001380560	0.0001399794	0.0001419258	0.0001438951	0.0001458872	0.0001479021	0.0001499396	0.0001519997	0.0001540822	0.0001561871	0.0001583141	0.0001604631	0.0001626339	0.0001648261	0.0001670397	0.0001692743	0.0001715297	0.0001738054	0.0001761013	0.0001784169	0.0001807517	0.0001831056	0.0001854778	0.0001878681	0.0001902758	0.0001927004	0.0001951415	0.0001975982	0.0002000701	0.0002025566	0.0002050568	0.0002075700	0.0002100955	0.0002126324	0.0002151800	0.0002177372	0.0002203033	0.0002228772	0.0002254578	0.0002280442	0.0002306354	0.0002332300	0.0002358271	0.0002384254	0.0002410235	0.0002436202	0.0002462142	0.0002488039	0.0002513880	0.0002539651	0.0002565335	0.0002590918	0.0002616382	0.0002641712	0.0002666892	0.0002691902	0.0002716723	0.0002741341	0.0002765733	0.0002789880	0.0002813765	0.0002837365	0.0002860662	0.0002883636	0.0002906264	0.0002928527	0.0002950402	0.0002971866	0.0002992897	0.0003013474	0.0003033574	0.0003053176	0.0003072258	0.0003090794	0.0003108761	0.0003126136	0.0003142899	0.0003159026	0.0003174495	0.0003189286	0.0003203376	0.0003216743	0.0003229365	0.0003241225	0.0003252298	0.0003262571	0.0003272030	0.0003280653	0.0003288428	0.0003295345	0.0003301390	0.0003306556	0.0003310850	0.0003314268	0.0003316807	0.0003318474	0.0003319278	0.0003319229	0.0003318351	0.0003316686	0.0003314281	0.0003311185	0.0003307446	0.0003303114	0.0003298229	0.0003292819	0.0003286899	0.0003280480	0.0003273564	0.0003266154	0.0003258251	0.0003249852	0.0003240952	0.0003231539	0.0003221597	0.0003211092	0.0003199980	0.0003188202	0.0003175708	0.0003162468	0.0003148470	0.0003133711	0.0003118196	0.0003101926	0.0003084899	0.0003067123	0.0003048611	0.0003029372	0.0003009427	0.0002988795	0.0002967494	0.0002945551	0.0002922987	0.0002899826	0.0002876094	0.0002851817	0.0002827021	0.0002801733	0.0002775979	0.0002749785	0.0002723179	0.0002696187	0.0002668835	0.0002641147	0.0002613150	0.0002584869	0.0002556332	0.0002527561	0.0002498580	0.0002469411	0.0002440078	0.0002410605	0.0002381014	0.0002351327	0.0002321564	0.0002291745	0.0002261891	0.0002232021	0.0002202152	0.0002172305	0.0002142495	0.0002112739	0.0002083055	0.0002053457	0.0002023960	0.0001994578	0.0001965325	0.0001936214	0.0001907257	0.0001878467	0.0001849854	0.0001821430	0.0001793206	0.0001765190	0.0001737392	0.0001709821	0.0001682486	0.0001655393	0.0001628550	0.0001601965	0.0001575642	0.0001549589	0.0001523810	0.0001498312	0.0001473098	0.0001448172	0.0001423539	0.0001399202	0.0001375164	0.0001351427	0.0001327996	0.0001304870	0.0001282053	0.0001259546	0.0001237350	0.0001215466	0.0001193895	0.0001172638	0.0001151694	0.0001131063	0.0001110746	0.0001090741	0.0001071049	0.0001051668	0.0001032597	0.0001013836	0.0000995383	0.0000977238	0.0000959402	0.0000941869	0.0000924620	0.0000907614	0.0000890826	0.0000874400	0.0000858905	0.0000845298	0.0000833917	0.0000823783	0.0000814063	0.0000804472	0.0000794997	0.0000785678	0.0000776538	0.0000767580	0.0000758801	0.0000750194	0.0000741741	0.0000733395
0.0000982638	0.0000983255	0.0000983897	0.0000984582	0.0000985318	0.0000986111	0.0000986965	0.0000987859	0.0000988715	0.0000989388	0.0000989873	0.0000990941	0.0000994984	0.0001004673	0.0001018193	0.0001033007	0.0001047976	0.0001062924	0.0001077959	0.0001093174	0.0001108602	0.0001124245	0.0001140099	0.0001156161	0.0001172431	0.0001188909	0.0001205596	0.0001222493	0.0001239599	0.0001256915	0.0001274440	0.0001292175	0.0001310118	0.0001328270	0.0001346629	0.0001365195	0.0001383967	0.0001402944	0.0001422125	0.0001441508	0.0001461092	0.0001480874	0.0001500853	0.0001521027	0.0001541392	0.0001561947	0.0001582688	0.0001603613	0.0001624718	0.0001646000	0.0001667454	0.0001689077	0.0001710865	0.0001732812	0.0001754914	0.0001777166	0.0001799561	0.0001822095	0.0001844762	0.0001867555	0.0001890467	0.0001913491	0.0001936619	0.0001959845	0.0001983159	0.0002006554	0.0002030021	0.0002053549	0.0002077131	0.0002100756	0.0002124413	0.0002148093	0.0002171784	0.0002195474	0.0002219152	0.0002242805	0.0002266420	0.0002289985	0.0002313486	0.0002336907	0.0002360239	0.0002383462	0.0002406564	0.0002429529	0.0002452339	0.0002474979	0.0002497433	0.0002519681	0.0002541707	0.0002563493	0.0002585019	0.0002606268	0.0002627223	0.0002647861	0.0002668165	0.0002688115	0.0002707689	0.0002726867	0.0002745631	0.0002763959	0.0002781833	0.0002799230	0.0002816129	0.0002832507	0.0002848344	0.0002863620	0.0002878314	0.0002892405	0.0002905874	0.0002918699	0.0002930860	0.0002942340	0.0002953117	0.0002963173	0.0002972496	0.0002981066	0.0002988866	0.0002995888	0.0003002116	0.0003007539	0.0003012156	0.0003015968	0.0003018966	0.0003021150	0.0003022526	0.0003023099	0.0003022882	0.0003021913	0.0003020234	0.0003017891	0.0003014939	0.0003011432	0.0003007423	0.0003002941	0.0002998003	0.0002992612	0.0002986770	0.0002980476	0.0002973732	0.0002966543	0.0002958910	0.0002950835	0.0002942311	0.0002933326	0.0002923856	0.0002913869	0.0002903311	0.0002892117	0.0002880237	0.0002867650	0.0002854352	0.0002840346	0.0002825640	0.0002810236	0.0002794137	0.0002777358	0.0002759907	0.0002741802	0.0002723061	0.0002703704	0.0002683753	0.0002663231	0.0002642157	0.0002620558	0.0002598458	0.0002575879	0.0002552850	0.0002529391	0.0002505528	0.0002481287	0.0002456690	0.0002431764	0.0002406530	0.0002381012	0.0002355234	0.0002329220	0.0002302993	0.0002276573	0.0002249982	0.0002223240	0.0002196370	0.0002169392	0.0002142326	0.0002115190	0.0002088004	0.0002060785	0.0002033551	0.0002006319	0.0001979106	0.0001951927	0.0001924798	0.0001897734	0.0001870749	0.0001843856	0.0001817068	0.0001790398	0.0001763858	0.0001737459	0.0001711211	0.0001685126	0.0001659214	0.0001633483	0.0001607943	0.0001582603	0.0001557469	0.0001532550	0.0001507853	0.0001483385	0.0001459151	0.0001435157	0.0001411409	0.0001387912	0.0001364671	0.0001341689	0.0001318970	0.0001296518	0.0001274337	0.0001252428	0.0001230795	0.0001209439	0.0001188364	0.0001167569	0.0001147057	0.0001126829	0.0001106886	0.0001087228	0.0001067856	0.0001048770	0.0001029970	0.0001011456	0.0000993227	0.0000975283	0.0000957623	0.0000940246	0.0000923150	0.0000906336	0.0000889803	0.0000873551	0.0000857577	0.0000841865	0.0000826379	0.0000811086	0.0000796081	0.0000781832	0.0000769239	0.0000758795	0.0000749565	0.0000740724	0.0000731992	0.0000723360	0.0000714869	0.0000706541	0.0000698380	0.0000690382	0.0000682541	0.0000674841	0.0000667238
0.0000884570	0.0000885125	0.0000885703	0.0000886321	0.0000886984	0.0000887699	0.0000888468	0.0000889272	0.0000890034	0.0000890625	0.0000891061	0.0000892100	0.0000895985	0.0000905070	0.0000917459	0.0000930864	0.0000944351	0.0000957816	0.0000971366	0.0000985085	0.0000998997	0.0001013103	0.0001027399	0.0001041883	0.0001056554	0.0001071414	0.0001086462	0.0001101699	0.0001117125	0.0001132741	0.0001148546	0.0001164539	0.0001180722	0.0001197092	0.0001213650	0.0001230394	0.0001247325	0.0001264441	0.0001281741	0.0001299224	0.0001316888	0.0001334731	0.0001352752	0.0001370948	0.0001389318	0.0001407860	0.0001426570	0.0001445446	0.0001464485	0.0001483683	0.0001503038	0.0001522545	0.0001542201	0.0001562002	0.0001581942	0.0001602018	0.0001622224	0.0001642555	0.0001663007	0.0001683573	0.0001704247	0.0001725022	0.0001745891	0.0001766849	0.0001787887	0.0001808998	0.0001830175	0.0001851407	0.0001872688	0.0001894008	0.0001915358	0.0001936727	0.0001958108	0.0001979487	0.0002000856	0.0002022202	0.0002043514	0.0002064782	0.0002085992	0.0002107131	0.0002128188	0.0002149148	0.0002169999	0.0002190727	0.0002211316	0.0002231752	0.0002252019	0.0002272102	0.0002291984	0.0002311650	0.0002331082	0.0002350265	0.0002369180	0.0002387811	0.0002406140	0.0002424148	0.0002441815	0.0002459125	0.0002476059	0.0002492600	0.0002508729	0.0002524427	0.0002539673	0.0002554448	0.0002568734	0.0002582512	0.0002595762	0.0002608466	0.0002620606	0.0002632161	0.0002643114	0.0002653447	0.0002663140	0.0002672181	0.0002680554	0.0002688240	0.0002695226	0.0002701502	0.0002707052	0.0002711869	0.0002715954	0.0002719299	0.0002721897	0.0002723749	0.0002724858	0.0002725227	0.0002724881	0.0002723860	0.0002722205	0.0002719967	0.0002717214	0.0002714004	0.0002710376	0.0002706343	0.0002701905	0.0002697060	0.0002691803	0.0002686133	0.0002680051	0.0002673564	0.0002666677	0.0002659398	0.0002651729	0.0002643665	0.0002635187	0.0002626271	0.0002616874	0.0002606937	0.0002596392	0.0002585198	0.0002573346	0.0002560836	0.0002547679	0.0002533885	0.0002519454	0.0002504398	0.0002488730	0.0002472462	0.0002455613	0.0002438201	0.0002420245	0.0002401770	0.0002382791	0.0002363334	0.0002343421	0.0002323072	0.0002302313	0.0002281163	0.0002259646	0.0002237785	0.0002215601	0.0002193118	0.0002170357	0.0002147337	0.0002124081	0.0002100611	0.0002076949	0.0002053112	0.0002029119	0.0002004990	0.0001980745	0.0001956402	0.0001931979	0.0001907493	0.0001882961	0.0001858400	0.0001833825	0.0001809251	0.0001784695	0.0001760169	0.0001735689	0.0001711267	0.0001686916	0.0001662649	0.0001638477	0.0001614412	0.0001590464	0.0001566643	0.0001542960	0.0001519423	0.0001496042	0.0001472826	0.0001449782	0.0001426919	0.0001404242	0.0001381760	0.0001359477	0.0001337402	0.0001315538	0.0001293891	0.0001272467	0.0001251268	0.0001230301	0.0001209568	0.0001189074	0.0001168820	0.0001148810	0.0001129046	0.0001109532	0.0001090268	0.0001071256	0.0001052499	0.0001033997	0.0001015751	0.0000997762	0.0000980031	0.0000962558	0.0000945343	0.0000928387	0.0000911688	0.0000895247	0.0000879063	0.0000863135	0.0000847463	0.0000832045	0.0000816880	0.0000801969	0.0000787312	0.0000772907	0.0000758741	0.0000744782	0.0000730993	0.0000717430	0.0000704473	0.0000692958	0.0000683478	0.0000675157	0.0000667196	0.0000659327	0.0000651543	0.0000643885	0.0000636375	0.0000629015	0.0000621803	0.0000614733	0.0000607790	0.0000600935
0.0000786439	0.0000786933	0.0000787448	0.0000787997	0.0000788588	0.0000789224	0.0000789908	0.0000790618	0.0000791285	0.0000791803	0.0000792221	0.0000793287	0.0000797007	0.0000805301	0.0000816411	0.0000828353	0.0000840351	0.0000852332	0.0000864396	0.0000876611	0.0000888999	0.0000901559	0.0000914289	0.0000927185	0.0000940249	0.0000953481	0.0000966880	0.0000980448	0.0000994185	0.0001008091	0.0001022165	0.0001036407	0.0001050818	0.0001065396	0.0001080142	0.0001095054	0.0001110132	0.0001125375	0.0001140782	0.0001156352	0.0001172084	0.0001187976	0.0001204026	0.0001220233	0.0001236594	0.0001253109	0.0001269774	0.0001286587	0.0001303545	0.0001320646	0.0001337887	0.0001355263	0.0001372773	0.0001390411	0.0001408174	0.0001426059	0.0001444060	0.0001462173	0.0001480393	0.0001498715	0.0001517134	0.0001535643	0.0001554237	0.0001572911	0.0001591655	0.0001610466	0.0001629335	0.0001648253	0.0001667216	0.0001686214	0.0001705238	0.0001724281	0.0001743333	0.0001762384	0.0001781427	0.0001800449	0.0001819441	0.0001838394	0.0001857294	0.0001876133	0.0001894898	0.0001913576	0.0001932158	0.0001950630	0.0001968978	0.0001987190	0.0002005252	0.0002023149	0.0002040869	0.0002058395	0.0002075713	0.0002092809	0.0002109667	0.0002126272	0.0002142608	0.0002158657	0.0002174402	0.0002189829	0.0002204920	0.0002219661	0.0002234033	0.0002248019	0.0002261601	0.0002274762	0.0002287485	0.0002299754	0.0002311551	0.0002322861	0.0002333665	0.0002343945	0.0002353686	0.0002362870	0.0002371481	0.0002379507	0.0002386933	0.0002393740	0.0002399921	0.0002405461	0.0002410346	0.0002414574	0.0002418143	0.0002421039	0.0002423260	0.0002424806	0.0002425674	0.0002425875	0.0002425442	0.0002424408	0.0002422818	0.0002420741	0.0002418252	0.0002415393	0.0002412182	0.0002408615	0.0002404687	0.0002400391	0.0002395722	0.0002390677	0.0002385260	0.0002379473	0.0002373326	0.0002366829	0.0002359991	0.0002352817	0.0002345297	0.0002337410	0.0002329123	0.0002320389	0.0002311138	0.0002301311	0.0002290882	0.0002279853	0.0002268230	0.0002256030	0.0002243254	0.0002229913	0.0002216020	0.0002201584	0.0002186624	0.0002171157	0.0002155200	0.0002138774	0.0002121897	0.0002104589	0.0002086870	0.0002068761	0.0002050282	0.0002031454	0.0002012296	0.0001992830	0.0001973074	0.0001953051	0.0001932777	0.0001912273	0.0001891558	0.0001870651	0.0001849571	0.0001828336	0.0001806961	0.0001785464	0.0001763863	0.0001742174	0.0001720414	0.0001698598	0.0001676741	0.0001654857	0.0001632960	0.0001611066	0.0001589186	0.0001567334	0.0001545521	0.0001523762	0.0001502066	0.0001480445	0.0001458908	0.0001437467	0.0001416131	0.0001394908	0.0001373807	0.0001352838	0.0001332008	0.0001311325	0.0001290795	0.0001270426	0.0001250225	0.0001230196	0.0001210346	0.0001190680	0.0001171203	0.0001151920	0.0001132834	0.0001113951	0.0001095274	0.0001076806	0.0001058550	0.0001040508	0.0001022685	0.0001005081	0.0000987699	0.0000970540	0.0000953607	0.0000936900	0.0000920420	0.0000904170	0.0000888148	0.0000872356	0.0000856793	0.0000841461	0.0000826360	0.0000811488	0.0000796845	0.0000782432	0.0000768247	0.0000754290	0.0000740559	0.0000727055	0.0000713776	0.0000700723	0.0000687895	0.0000675282	0.0000662856	0.0000650579	0.0000638487	0.0000626886	0.0000616526	0.0000608016	0.0000600585	0.0000593496	0.0000586492	0.0000579563	0.0000572743	0.0000566055	0.0000559502	0.0000553080	0.0000546785	0.0000540603	0.0000534500
0.0000688252	0.0000688686	0.0000689136	0.0000689618	0.0000690135	0.0000690693	0.0000691291	0.0000691908	0.0000692483	0.0000692930	0.0000693334	0.0000694410	0.0000697900	0.0000705298	0.0000715061	0.0000725518	0.0000736023	0.0000746518	0.0000757089	0.0000767793	0.0000778649	0.0000789657	0.0000800812	0.0000812114	0.0000823562	0.0000835158	0.0000846901	0.0000858791	0.0000870830	0.0000883017	0.0000895351	0.0000907834	0.0000920463	0.0000933240	0.0000946164	0.0000959233	0.0000972448	0.0000985808	0.0000999312	0.0001012959	0.0001026748	0.0001040677	0.0001054746	0.0001068951	0.0001083293	0.0001097769	0.0001112377	0.0001127115	0.0001141980	0.0001156971	0.0001172084	0.0001187316	0.0001202666	0.0001218129	0.0001233701	0.0001249380	0.0001265161	0.0001281041	0.0001297015	0.0001313079	0.0001329228	0.0001345456	0.0001361759	0.0001378132	0.0001394567	0.0001411061	0.0001427606	0.0001444196	0.0001460824	0.0001477483	0.0001494165	0.0001510865	0.0001527572	0.0001544280	0.0001560979	0.0001577661	0.0001594317	0.0001610939	0.0001627515	0.0001644037	0.0001660494	0.0001676876	0.0001693173	0.0001709373	0.0001725465	0.0001741437	0.0001757278	0.0001772974	0.0001788514	0.0001803884	0.0001819072	0.0001834065	0.0001848849	0.0001863411	0.0001877737	0.0001891812	0.0001905620	0.0001919148	0.0001932383	0.0001945309	0.0001957911	0.0001970175	0.0001982083	0.0001993620	0.0002004773	0.0002015526	0.0002025864	0.0002035772	0.0002045234	0.0002054234	0.0002062760	0.0002070796	0.0002078325	0.0002085339	0.0002091821	0.0002097758	0.0002103140	0.0002107954	0.0002112189	0.0002115845	0.0002118913	0.0002121382	0.0002123251	0.0002124517	0.0002125176	0.0002125250	0.0002124766	0.0002123757	0.0002122285	0.0002120431	0.0002118252	0.0002115768	0.0002112980	0.0002109881	0.0002106461	0.0002102713	0.0002098631	0.0002094214	0.0002089464	0.0002084383	0.0002078980	0.0002073266	0.0002067253	0.0002060952	0.0002054364	0.0002047477	0.0002040262	0.0002032682	0.0002024678	0.0002016181	0.0002007151	0.0001997580	0.0001987476	0.0001976851	0.0001965718	0.0001954081	0.0001941953	0.0001929344	0.0001916270	0.0001902746	0.0001888788	0.0001874414	0.0001859642	0.0001844488	0.0001828971	0.0001813110	0.0001796921	0.0001780425	0.0001763639	0.0001746579	0.0001729266	0.0001711715	0.0001693945	0.0001675972	0.0001657812	0.0001639484	0.0001621003	0.0001602385	0.0001583645	0.0001564798	0.0001545858	0.0001526842	0.0001507762	0.0001488633	0.0001469468	0.0001450279	0.0001431080	0.0001411882	0.0001392697	0.0001373536	0.0001354411	0.0001335332	0.0001316309	0.0001297351	0.0001278467	0.0001259668	0.0001240960	0.0001222353	0.0001203853	0.0001185467	0.0001167204	0.0001149070	0.0001131071	0.0001113213	0.0001095502	0.0001077943	0.0001060540	0.0001043299	0.0001026224	0.0001009319	0.0000992587	0.0000976033	0.0000959660	0.0000943470	0.0000927466	0.0000911651	0.0000896026	0.0000880594	0.0000865357	0.0000850317	0.0000835473	0.0000820829	0.0000806384	0.0000792139	0.0000778095	0.0000764253	0.0000750612	0.0000737174	0.0000723937	0.0000710902	0.0000698068	0.0000685435	0.0000673003	0.0000660770	0.0000648736	0.0000636900	0.0000625261	0.0000613821	0.0000602579	0.0000591525	0.0000580638	0.0000569881	0.0000559281	0.0000549088	0.0000539947	0.0000532415	0.0000525865	0.0000519643	0.0000513507	0.0000507436	0.0000501461	0.0000495600	0.0000489856	0.0000484229	0.0000478712	0.0000473295	0.0000467947
0.0000590018	0.0000590390	0.0000590777	0.0000591190	0.0000591634	0.0000592113	0.0000592625	0.0000593151	0.0000593637	0.0000594017	0.0000594393	0.0000595427	0.0000598599	0.0000605039	0.0000613435	0.0000622401	0.0000631410	0.0000640414	0.0000649487	0.0000658675	0.0000667992	0.0000677440	0.0000687014	0.0000696714	0.0000706540	0.0000716493	0.0000726572	0.0000736778	0.0000747111	0.0000757572	0.0000768159	0.0000778873	0.0000789714	0.0000800681	0.0000811774	0.0000822992	0.0000834336	0.0000845804	0.0000857396	0.0000869111	0.0000880947	0.0000892904	0.0000904981	0.0000917176	0.0000929487	0.0000941914	0.0000954454	0.0000967106	0.0000979868	0.0000992737	0.0001005712	0.0001018789	0.0001031967	0.0001045242	0.0001058612	0.0001072073	0.0001085622	0.0001099256	0.0001112971	0.0001126763	0.0001140629	0.0001154563	0.0001168561	0.0001182620	0.0001196732	0.0001210895	0.0001225102	0.0001239348	0.0001253626	0.0001267932	0.0001282258	0.0001296599	0.0001310947	0.0001325295	0.0001339637	0.0001353964	0.0001368269	0.0001382545	0.0001396781	0.0001410971	0.0001425107	0.0001439177	0.0001453175	0.0001467089	0.0001480911	0.0001494629	0.0001508235	0.0001521717	0.0001535064	0.0001548266	0.0001561310	0.0001574187	0.0001586885	0.0001599391	0.0001611694	0.0001623781	0.0001635639	0.0001647257	0.0001658621	0.0001669721	0.0001680543	0.0001691072	0.0001701296	0.0001711201	0.0001720776	0.0001730005	0.0001738877	0.0001747379	0.0001755496	0.0001763215	0.0001770525	0.0001777410	0.0001783859	0.0001789863	0.0001795407	0.0001800479	0.0001805072	0.0001809171	0.0001812770	0.0001815869	0.0001818453	0.0001820517	0.0001822060	0.0001823073	0.0001823560	0.0001823543	0.0001823044	0.0001822105	0.0001820803	0.0001819210	0.0001817358	0.0001815250	0.0001812883	0.0001810244	0.0001807325	0.0001804120	0.0001800626	0.0001796839	0.0001792761	0.0001788393	0.0001783743	0.0001778820	0.0001773638	0.0001768210	0.0001762544	0.0001756636	0.0001750468	0.0001744005	0.0001737203	0.0001729998	0.0001722336	0.0001714199	0.0001705593	0.0001696529	0.0001687022	0.0001677077	0.0001666705	0.0001655917	0.0001644724	0.0001633140	0.0001621181	0.0001608860	0.0001596196	0.0001583200	0.0001569892	0.0001556285	0.0001542395	0.0001528241	0.0001513835	0.0001499193	0.0001484332	0.0001469267	0.0001454013	0.0001438583	0.0001422992	0.0001407256	0.0001391388	0.0001375403	0.0001359312	0.0001343129	0.0001326866	0.0001310537	0.0001294154	0.0001277728	0.0001261271	0.0001244794	0.0001228307	0.0001211822	0.0001195348	0.0001178895	0.0001162473	0.0001146089	0.0001129755	0.0001113476	0.0001097262	0.0001081119	0.0001065056	0.0001049078	0.0001033193	0.0001017407	0.0001001726	0.0000986155	0.0000970701	0.0000955368	0.0000940161	0.0000925084	0.0000910142	0.0000895340	0.0000880679	0.0000866165	0.0000851800	0.0000837588	0.0000823530	0.0000809631	0.0000795891	0.0000782313	0.0000768899	0.0000755651	0.0000742570	0.0000729658	0.0000716915	0.0000704343	0.0000691943	0.0000679714	0.0000667659	0.0000655776	0.0000644066	0.0000632530	0.0000621167	0.0000609978	0.0000598961	0.0000588117	0.0000577445	0.0000566945	0.0000556615	0.0000546455	0.0000536466	0.0000526646	0.0000516996	0.0000507508	0.0000498164	0.0000488934	0.0000479837	0.0000471081	0.0000463197	0.0000456669	0.0000451007	0.0000445657	0.0000440391	0.0000435182	0.0000430055	0.0000425024	0.0000420095	0.0000415265	0.0000410530	0.0000405881	0.0000401291
0.0000491743	0.0000492054	0.0000492376	0.0000492721	0.0000493092	0.0000493492	0.0000493918	0.0000494355	0.0000494754	0.0000495069	0.0000495403	0.0000496341	0.0000499110	0.0000504549	0.0000511566	0.0000519042	0.0000526552	0.0000534063	0.0000541631	0.0000549297	0.0000557071	0.0000564952	0.0000572940	0.0000581033	0.0000589231	0.0000597535	0.0000605944	0.0000614459	0.0000623080	0.0000631807	0.0000640640	0.0000649580	0.0000658625	0.0000667775	0.0000677030	0.0000686391	0.0000695856	0.0000705424	0.0000715096	0.0000724871	0.0000734747	0.0000744724	0.0000754801	0.0000764976	0.0000775249	0.0000785618	0.0000796082	0.0000806639	0.0000817288	0.0000828027	0.0000838853	0.0000849766	0.0000860762	0.0000871840	0.0000882997	0.0000894230	0.0000905536	0.0000916914	0.0000928360	0.0000939869	0.0000951440	0.0000963069	0.0000974751	0.0000986483	0.0000998261	0.0001010081	0.0001021938	0.0001033827	0.0001045745	0.0001057684	0.0001069641	0.0001081610	0.0001093586	0.0001105561	0.0001117532	0.0001129490	0.0001141431	0.0001153347	0.0001165230	0.0001177076	0.0001188875	0.0001200621	0.0001212306	0.0001223921	0.0001235459	0.0001246912	0.0001258270	0.0001269524	0.0001280667	0.0001291688	0.0001302578	0.0001313328	0.0001323928	0.0001334368	0.0001344638	0.0001354728	0.0001364626	0.0001374323	0.0001383809	0.0001393073	0.0001402104	0.0001410892	0.0001419423	0.0001427688	0.0001435676	0.0001443376	0.0001450777	0.0001457867	0.0001464636	0.0001471071	0.0001477163	0.0001482899	0.0001488270	0.0001493268	0.0001497877	0.0001502093	0.0001505904	0.0001509300	0.0001512277	0.0001514831	0.0001516951	0.0001518632	0.0001519873	0.0001520662	0.0001521010	0.0001520935	0.0001520457	0.0001519632	0.0001518536	0.0001517219	0.0001515692	0.0001513953	0.0001511996	0.0001509808	0.0001507385	0.0001504724	0.0001501818	0.0001498662	0.0001495258	0.0001491607	0.0001487718	0.0001483599	0.0001479258	0.0001474711	0.0001469968	0.0001465033	0.0001459895	0.0001454526	0.0001448892	0.0001442940	0.0001436613	0.0001429885	0.0001422756	0.0001415237	0.0001407342	0.0001399077	0.0001390451	0.0001381476	0.0001372159	0.0001362512	0.0001352550	0.0001342284	0.0001331729	0.0001320896	0.0001309799	0.0001298452	0.0001286869	0.0001275062	0.0001263045	0.0001250830	0.0001238432	0.0001225861	0.0001213133	0.0001200257	0.0001187248	0.0001174116	0.0001160874	0.0001147533	0.0001134104	0.0001120598	0.0001107026	0.0001093397	0.0001079724	0.0001066015	0.0001052280	0.0001038528	0.0001024769	0.0001011010	0.0000997261	0.0000983529	0.0000969823	0.0000956150	0.0000942517	0.0000928931	0.0000915399	0.0000901926	0.0000888520	0.0000875185	0.0000861928	0.0000848753	0.0000835666	0.0000822672	0.0000809775	0.0000796979	0.0000784288	0.0000771706	0.0000759237	0.0000746883	0.0000734649	0.0000722537	0.0000710549	0.0000698689	0.0000686958	0.0000675359	0.0000663894	0.0000652564	0.0000641370	0.0000630315	0.0000619400	0.0000608625	0.0000597992	0.0000587502	0.0000577154	0.0000566951	0.0000556891	0.0000546976	0.0000537206	0.0000527580	0.0000518099	0.0000508763	0.0000499571	0.0000490523	0.0000481619	0.0000472858	0.0000464239	0.0000455762	0.0000447428	0.0000439235	0.0000431183	0.0000423268	0.0000415472	0.0000407774	0.0000400186	0.0000392877	0.0000386276	0.0000380782	0.0000376029	0.0000371556	0.0000367164	0.0000362820	0.0000358543	0.0000354346	0.0000350233	0.0000346203	0.0000342254	0.0000338375	0.0000334546
0.0000393436	0.0000393684	0.0000393943	0.0000394219	0.0000394516	0.0000394836	0.0000395178	0.0000395525	0.0000395842	0.0000396092	0.0000396371	0.0000397171	0.0000399466	0.0000403867	0.0000409496	0.0000415480	0.0000421491	0.0000427504	0.0000433564	0.0000439702	0.0000445927	0.0000452239	0.0000458635	0.0000465115	0.0000471680	0.0000478330	0.0000485063	0.0000491882	0.0000498786	0.0000505775	0.0000512848	0.0000520007	0.0000527250	0.0000534578	0.0000541990	0.0000549486	0.0000557066	0.0000564729	0.0000572474	0.0000580302	0.0000588211	0.0000596202	0.0000604272	0.0000612421	0.0000620648	0.0000628952	0.0000637333	0.0000645788	0.0000654316	0.0000662917	0.0000671588	0.0000680328	0.0000689135	0.0000698007	0.0000706942	0.0000715939	0.0000724995	0.0000734108	0.0000743274	0.0000752493	0.0000761761	0.0000771074	0.0000780431	0.0000789828	0.0000799262	0.0000808729	0.0000818226	0.0000827749	0.0000837295	0.0000846858	0.0000856435	0.0000866023	0.0000875615	0.0000885208	0.0000894797	0.0000904376	0.0000913940	0.0000923486	0.0000933005	0.0000942494	0.0000951946	0.0000961355	0.0000970716	0.0000980021	0.0000989264	0.0000998439	0.0001007539	0.0001016555	0.0001025481	0.0001034311	0.0001043035	0.0001051648	0.0001060140	0.0001068504	0.0001076733	0.0001084815	0.0001092745	0.0001100514	0.0001108113	0.0001115534	0.0001122769	0.0001129807	0.0001136640	0.0001143260	0.0001149657	0.0001155822	0.0001161747	0.0001167423	0.0001172841	0.0001177990	0.0001182864	0.0001187451	0.0001191746	0.0001195739	0.0001199420	0.0001202784	0.0001205822	0.0001208525	0.0001210891	0.0001212915	0.0001214588	0.0001215907	0.0001216866	0.0001217460	0.0001217699	0.0001217596	0.0001217175	0.0001216496	0.0001215622	0.0001214579	0.0001213369	0.0001211991	0.0001210432	0.0001208691	0.0001206765	0.0001204649	0.0001202333	0.0001199809	0.0001197077	0.0001194145	0.0001191019	0.0001187711	0.0001184224	0.0001180570	0.0001176759	0.0001172798	0.0001168683	0.0001164396	0.0001159906	0.0001155176	0.0001150153	0.0001144807	0.0001139135	0.0001133144	0.0001126847	0.0001120251	0.0001113363	0.0001106193	0.0001098747	0.0001091035	0.0001083068	0.0001074856	0.0001066411	0.0001057742	0.0001048861	0.0001039779	0.0001030505	0.0001021053	0.0001011431	0.0001001650	0.0000991722	0.0000981656	0.0000971462	0.0000961151	0.0000950731	0.0000940214	0.0000929608	0.0000918923	0.0000908167	0.0000897349	0.0000886478	0.0000875562	0.0000864610	0.0000853629	0.0000842628	0.0000831613	0.0000820592	0.0000809571	0.0000798558	0.0000787559	0.0000776580	0.0000765628	0.0000754708	0.0000743825	0.0000732986	0.0000722195	0.0000711457	0.0000700776	0.0000690158	0.0000679605	0.0000669123	0.0000658715	0.0000648385	0.0000638135	0.0000627971	0.0000617893	0.0000607906	0.0000598012	0.0000588213	0.0000578512	0.0000568911	0.0000559412	0.0000550016	0.0000540727	0.0000531544	0.0000522469	0.0000513505	0.0000504651	0.0000495909	0.0000487280	0.0000478764	0.0000470363	0.0000462076	0.0000453904	0.0000445848	0.0000437908	0.0000430083	0.0000422375	0.0000414782	0.0000407305	0.0000399944	0.0000392698	0.0000385568	0.0000378552	0.0000371650	0.0000364862	0.0000358187	0.0000351627	0.0000345179	0.0000338840	0.0000332598	0.0000326435	0.0000320361	0.0000314504	0.0000309203	0.0000304773	0.0000300948	0.0000297361	0.0000293844	0.0000290367	0.0000286942	0.0000283582	0.0000280288	0.0000277062	0.0000273899	0.0000270793	0.0000267727
0.0000295102	0.0000295289	0.0000295483	0.0000295690	0.0000295913	0.0000296154	0.0000296410	0.0000296670	0.0000296905	0.0000297092	0.0000297309	0.0000297936	0.0000299703	0.0000303034	0.0000307266	0.0000311756	0.0000316266	0.0000320777	0.0000325326	0.0000329933	0.0000334605	0.0000339343	0.0000344143	0.0000349008	0.0000353935	0.0000358926	0.0000363980	0.0000369098	0.0000374280	0.0000379526	0.0000384835	0.0000390209	0.0000395646	0.0000401146	0.0000406709	0.0000412336	0.0000418026	0.0000423778	0.0000429592	0.0000435468	0.0000441405	0.0000447402	0.0000453460	0.0000459577	0.0000465753	0.0000471987	0.0000478278	0.0000484625	0.0000491027	0.0000497483	0.0000503992	0.0000510553	0.0000517164	0.0000523824	0.0000530532	0.0000537286	0.0000544084	0.0000550925	0.0000557806	0.0000564727	0.0000571684	0.0000578676	0.0000585701	0.0000592755	0.0000599837	0.0000606944	0.0000614074	0.0000621223	0.0000628389	0.0000635568	0.0000642758	0.0000649956	0.0000657157	0.0000664359	0.0000671558	0.0000678750	0.0000685930	0.0000693096	0.0000700242	0.0000707366	0.0000714462	0.0000721527	0.0000728554	0.0000735540	0.0000742480	0.0000749368	0.0000756199	0.0000762969	0.0000769671	0.0000776299	0.0000782850	0.0000789316	0.0000795692	0.0000801972	0.0000808150	0.0000814218	0.0000820172	0.0000826005	0.0000831710	0.0000837282	0.0000842713	0.0000847997	0.0000853127	0.0000858096	0.0000862897	0.0000867525	0.0000871972	0.0000876232	0.0000880296	0.0000884159	0.0000887815	0.0000891254	0.0000894474	0.0000897465	0.0000900222	0.0000902740	0.0000905012	0.0000907030	0.0000908796	0.0000910302	0.0000911542	0.0000912515	0.0000913214	0.0000913636	0.0000913793	0.0000913690	0.0000913353	0.0000912838	0.0000912188	0.0000911412	0.0000910512	0.0000909484	0.0000908320	0.0000907023	0.0000905592	0.0000904017	0.0000902288	0.0000900396	0.0000898340	0.0000896128	0.0000893771	0.0000891279	0.0000888656	0.0000885905	0.0000883036	0.0000880056	0.0000876964	0.0000873751	0.0000870392	0.0000866860	0.0000863116	0.0000859129	0.0000854895	0.0000850416	0.0000845705	0.0000840768	0.0000835610	0.0000830239	0.0000824658	0.0000818877	0.0000812904	0.0000806746	0.0000800412	0.0000793909	0.0000787246	0.0000780431	0.0000773473	0.0000766379	0.0000759158	0.0000751818	0.0000744366	0.0000736811	0.0000729159	0.0000721419	0.0000713598	0.0000705703	0.0000697741	0.0000689720	0.0000681646	0.0000673525	0.0000665364	0.0000657169	0.0000648947	0.0000640704	0.0000632445	0.0000624176	0.0000615901	0.0000607628	0.0000599360	0.0000591103	0.0000582860	0.0000574639	0.0000566440	0.0000558271	0.0000550133	0.0000542032	0.0000533971	0.0000525953	0.0000517981	0.0000510059	0.0000502190	0.0000494376	0.0000486621	0.0000478927	0.0000471296	0.0000463731	0.0000456234	0.0000448806	0.0000441451	0.0000434168	0.0000426961	0.0000419830	0.0000412777	0.0000405804	0.0000398911	0.0000392099	0.0000385369	0.0000378723	0.0000372161	0.0000365684	0.0000359291	0.0000352985	0.0000346765	0.0000340631	0.0000334584	0.0000328623	0.0000322750	0.0000316964	0.0000311265	0.0000305653	0.0000300127	0.0000294689	0.0000289337	0.0000284070	0.0000278890	0.0000273795	0.0000268785	0.0000263861	0.0000259021	0.0000254264	0.0000249579	0.0000244954	0.0000240395	0.0000235997	0.0000232008	0.0000228667	0.0000225785	0.0000223090	0.0000220450	0.0000217841	0.0000215271	0.0000212748	0.0000210277	0.0000207855	0.0000205481	0.0000203150	0.0000200849
0.0000196750	0.0000196874	0.0000197004	0.0000197142	0.0000197291	0.0000197451	0.0000197622	0.0000197795	0.0000197951	0.0000198075	0.0000198223	0.0000198654	0.0000199854	0.0000202088	0.0000204915	0.0000207910	0.0000210917	0.0000213926	0.0000216960	0.0000220033	0.0000223149	0.0000226309	0.0000229512	0.0000232756	0.0000236043	0.0000239372	0.0000242744	0.0000246158	0.0000249614	0.0000253114	0.0000256655	0.0000260240	0.0000263866	0.0000267535	0.0000271247	0.0000275000	0.0000278796	0.0000282633	0.0000286511	0.0000290431	0.0000294391	0.0000298392	0.0000302434	0.0000306514	0.0000310634	0.0000314793	0.0000318989	0.0000323224	0.0000327494	0.0000331802	0.0000336144	0.0000340521	0.0000344931	0.0000349375	0.0000353850	0.0000358355	0.0000362891	0.0000367454	0.0000372045	0.0000376662	0.0000381304	0.0000385969	0.0000390655	0.0000395361	0.0000400086	0.0000404828	0.0000409584	0.0000414354	0.0000419134	0.0000423925	0.0000428722	0.0000433524	0.0000438328	0.0000443133	0.0000447935	0.0000452733	0.0000457524	0.0000462304	0.0000467072	0.0000471825	0.0000476559	0.0000481272	0.0000485961	0.0000490621	0.0000495251	0.0000499847	0.0000504404	0.0000508920	0.0000513392	0.0000517814	0.0000522184	0.0000526498	0.0000530752	0.0000534941	0.0000539062	0.0000543111	0.0000547083	0.0000550974	0.0000554780	0.0000558497	0.0000562120	0.0000565645	0.0000569067	0.0000572381	0.0000575584	0.0000578671	0.0000581637	0.0000584478	0.0000587188	0.0000589764	0.0000592201	0.0000594494	0.0000596639	0.0000598633	0.0000600469	0.0000602145	0.0000603656	0.0000604998	0.0000606170	0.0000607168	0.0000607988	0.0000608628	0.0000609085	0.0000609356	0.0000609448	0.0000609367	0.0000609133	0.0000608790	0.0000608359	0.0000607845	0.0000607249	0.0000606565	0.0000605792	0.0000604935	0.0000603990	0.0000602948	0.0000601800	0.0000600541	0.0000599165	0.0000597682	0.0000596101	0.0000594432	0.0000592678	0.0000590840	0.0000588923	0.0000586931	0.0000584867	0.0000582724	0.0000580487	0.0000578139	0.0000575654	0.0000573008	0.0000570194	0.0000567216	0.0000564081	0.0000560795	0.0000557360	0.0000553782	0.0000550064	0.0000546212	0.0000542230	0.0000538126	0.0000533903	0.0000529567	0.0000525123	0.0000520579	0.0000515939	0.0000511208	0.0000506392	0.0000501496	0.0000496525	0.0000491485	0.0000486382	0.0000481219	0.0000476001	0.0000470734	0.0000465423	0.0000460072	0.0000454686	0.0000449268	0.0000443824	0.0000438357	0.0000432872	0.0000427372	0.0000421862	0.0000416346	0.0000410825	0.0000405306	0.0000399790	0.0000394281	0.0000388782	0.0000383297	0.0000377827	0.0000372377	0.0000366948	0.0000361544	0.0000356166	0.0000350816	0.0000345498	0.0000340213	0.0000334964	0.0000329751	0.0000324577	0.0000319444	0.0000314354	0.0000309307	0.0000304305	0.0000299350	0.0000294443	0.0000289585	0.0000284777	0.0000280020	0.0000275315	0.0000270663	0.0000266064	0.0000261520	0.0000257031	0.0000252597	0.0000248220	0.0000243899	0.0000239635	0.0000235428	0.0000231278	0.0000227187	0.0000223153	0.0000219177	0.0000215259	0.0000211399	0.0000207598	0.0000203854	0.0000200168	0.0000196540	0.0000192970	0.0000189457	0.0000186002	0.0000182603	0.0000179261	0.0000175977	0.0000172748	0.0000169575	0.0000166450	0.0000163365	0.0000160325	0.0000157390	0.0000154724	0.0000152487	0.0000150560	0.0000148761	0.0000147001	0.0000145260	0.0000143546	0.0000141864	0.0000140215	0.0000138599	0.0000137016	0.0000135461	0.0000133927
0.0000098384	0.0000098446	0.0000098511	0.0000098580	0.0000098655	0.0000098735	0.0000098820	0.0000098907	0.0000098985	0.0000099046	0.0000099121	0.0000099341	0.0000099947	0.0000101069	0.0000102484	0.0000103982	0.0000105485	0.0000106990	0.0000108508	0.0000110045	0.0000111604	0.0000113184	0.0000114786	0.0000116409	0.0000118053	0.0000119718	0.0000121405	0.0000123113	0.0000124842	0.0000126592	0.0000128363	0.0000130156	0.0000131970	0.0000133806	0.0000135662	0.0000137540	0.0000139438	0.0000141358	0.0000143298	0.0000145258	0.0000147239	0.0000149241	0.0000151262	0.0000153304	0.0000155364	0.0000157445	0.0000159544	0.0000161662	0.0000163798	0.0000165953	0.0000168125	0.0000170315	0.0000172521	0.0000174744	0.0000176982	0.0000179236	0.0000181505	0.0000183788	0.0000186085	0.0000188394	0.0000190716	0.0000193050	0.0000195394	0.0000197748	0.0000200112	0.0000202484	0.0000204864	0.0000207250	0.0000209641	0.0000212038	0.0000214437	0.0000216840	0.0000219243	0.0000221647	0.0000224049	0.0000226449	0.0000228846	0.0000231237	0.0000233623	0.0000236000	0.0000238368	0.0000240726	0.0000243071	0.0000245403	0.0000247719	0.0000250018	0.0000252298	0.0000254557	0.0000256794	0.0000259006	0.0000261192	0.0000263350	0.0000265478	0.0000267574	0.0000269635	0.0000271660	0.0000273647	0.0000275593	0.0000277497	0.0000279356	0.0000281169	0.0000282932	0.0000284643	0.0000286301	0.0000287903	0.0000289447	0.0000290930	0.0000292351	0.0000293706	0.0000294994	0.0000296213	0.0000297359	0.0000298431	0.0000299428	0.0000300345	0.0000301182	0.0000301937	0.0000302607	0.0000303192	0.0000303689	0.0000304097	0.0000304415	0.0000304640	0.0000304772	0.0000304814	0.0000304770	0.0000304651	0.0000304480	0.0000304265	0.0000304009	0.0000303712	0.0000303371	0.0000302985	0.0000302559	0.0000302090	0.0000301572	0.0000301002	0.0000300372	0.0000299682	0.0000298937	0.0000298143	0.0000297305	0.0000296427	0.0000295506	0.0000294546	0.0000293548	0.0000292515	0.0000291443	0.0000290326	0.0000289153	0.0000287914	0.0000286594	0.0000285190	0.0000283704	0.0000282138	0.0000280496	0.0000278780	0.0000276992	0.0000275133	0.0000273207	0.0000271217	0.0000269165	0.0000267053	0.0000264885	0.0000262663	0.0000260390	0.0000258069	0.0000255703	0.0000253295	0.0000250846	0.0000248360	0.0000245839	0.0000243286	0.0000240703	0.0000238094	0.0000235459	0.0000232802	0.0000230126	0.0000227431	0.0000224721	0.0000221998	0.0000219263	0.0000216519	0.0000213768	0.0000211012	0.0000208252	0.0000205491	0.0000202729	0.0000199970	0.0000197214	0.0000194464	0.0000191719	0.0000188984	0.0000186257	0.0000183541	0.0000180838	0.0000178147	0.0000175471	0.0000172811	0.0000170167	0.0000167541	0.0000164933	0.0000162345	0.0000159778	0.0000157231	0.0000154707	0.0000152205	0.0000149726	0.0000147272	0.0000144841	0.0000142436	0.0000140057	0.0000137703	0.0000135376	0.0000133076	0.0000130803	0.0000128557	0.0000126340	0.0000124150	0.0000121988	0.0000119855	0.0000117751	0.0000115676	0.0000113629	0.0000111611	0.0000109622	0.0000107662	0.0000105732	0.0000103830	0.0000101958	0.0000100114	0.0000098299	0.0000096514	0.0000094757	0.0000093028	0.0000091328	0.0000089657	0.0000088013	0.0000086399	0.0000084811	0.0000083249	0.0000081706	0.0000080185	0.0000078716	0.0000077382	0.0000076260	0.0000075295	0.0000074395	0.0000073514	0.0000072644	0.0000071786	0.0000070945	0.0000070120	0.0000069312	0.0000068520	0.0000067742	0.0000066974
0.0000000012	0.0000000012	0.0000000012	0.0000000012	0.0000000012	0.0000000012	0.0000000012	0.0000000012	0.0000000012	0.0000000012	0.0000000012	0.0000000012	0.0000000012	0.0000000012	0.0000000013	0.0000000013	0.0000000013	0.0000000013	0.0000000013	0.0000000013	0.0000000014	0.0000000014	0.0000000014	0.0000000014	0.0000000014	0.0000000015	0.0000000015	0.0000000015	0.0000000015	0.0000000015	0.0000000016	0.0000000016	0.0000000016	0.0000000016	0.0000000017	0.0000000017	0.0000000017	0.0000000017	0.0000000017	0.0000000018	0.0000000018	0.0000000018	0.0000000018	0.0000000019	0.0000000019	0.0000000019	0.0000000019	0.0000000020	0.0000000020	0.0000000020	0.0000000021	0.0000000021	0.0000000021	0.0000000021	0.0000000022	0.0000000022	0.0000000022	0.0000000022	0.0000000023	0.0000000023	0.0000000023	0.0000000024	0.0000000024	0.0000000024	0.0000000024	0.0000000025	0.0000000025	0.0000000026	0.0000000026	0.0000000026	0.0000000026	0.0000000027	0.0000000027	0.0000000027	0.0000000027	0.0000000028	0.0000000028	0.0000000028	0.0000000029	0.0000000029	0.0000000029	0.0000000029	0.0000000030	0.0000000030	0.0000000030	0.0000000031	0.0000000031	0.0000000031	0.0000000031	0.0000000032	0.0000000032	0.0000000032	0.0000000033	0.0000000033	0.0000000033	0.0000000033	0.0000000034	0.0000000034	0.0000000034	0.0000000034	0.0000000034	0.0000000035	0.0000000035	0.0000000035	0.0000000035	0.0000000035	0.0000000036	0.0000000036	0.0000000036	0.0000000036	0.0000000037	0.0000000036	0.0000000037	0.0000000037	0.0000000037	0.0000000037	0.0000000037	0.0000000037	0.0000000037	0.0000000037	0.0000000037	0.0000000037	0.0000000037	0.0000000037	0.0000000037	0.0000000037	0.0000000037	0.0000000037	0.0000000037	0.0000000037	0.0000000037	0.0000000037	0.0000000037	0.0000000037	0.0000000037	0.0000000037	0.0000000037	0.0000000037	0.0000000037	0.0000000037	0.0000000036	0.0000000036	0.0000000037	0.0000000036	0.0000000036	0.0000000036	0.0000000036	0.0000000036	0.0000000036	0.0000000036	0.0000000035	0.0000000035	0.0000000035	0.0000000035	0.0000000035	0.0000000034	0.0000000034	0.0000000034	0.0000000034	0.0000000034	0.0000000033	0.0000000033	0.0000000033	0.0000000033	0.0000000032	0.0000000032	0.0000000032	0.0000000031	0.0000000031	0.0000000031	0.0000000031	0.0000000030	0.0000000030	0.0000000030	0.0000000030	0.0000000029	0.0000000029	0.0000000029	0.0000000028	0.0000000028	0.0000000028	0.0000000027	0.0000000027	0.0000000026	0.0000000026	0.0000000026	0.0000000025	0.0000000025	0.0000000025	0.0000000024	0.0000000024	0.0000000024	0.0000000023	0.0000000023	0.0000000023	0.0000000022	0.0000000022	0.0000000022	0.0000000021	0.0000000021	0.0000000021	0.0000000020	0.0000000020	0.0000000020	0.0000000019	0.0000000019	0.0000000019	0.0000000018	0.0000000018	0.0000000018	0.0000000018	0.0000000017	0.0000000017	0.0000000017	0.0000000016	0.0000000016	0.0000000016	0.0000000016	0.0000000015	0.0000000015	0.0000000015	0.0000000015	0.0000000014	0.0000000014	0.0000000014	0.0000000014	0.0000000013	0.0000000013	0.0000000013	0.0000000013	0.0000000012	0.0000000012	0.0000000012	0.0000000012	0.0000000011	0.0000000011	0.0000000011	0.0000000011	0.0000000011	0.0000000010	0.0000000010	0.0000000010	0.0000000010	0.0000000010	0.0000000009	0.0000000009	0.0000000009	0.0000000009	0.0000000009	0.0000000008	0.0000000008	0.0000000008	0.0000000008	0.0000000008	0.0000000008	0.0000000008	0.0000000007
-0.0000098360	-0.0000098422	-0.0000098487	-0.0000098556	-0.0000098630	-0.0000098711	-0.0000098796	-0.0000098882	-0.0000098960	-0.0000099022	-0.0000099097	-0.0000099316	-0.0000099923	-0.0000101044	-0.0000102459	-0.0000103956	-0.0000105460	-0.0000106964	-0.0000108481	-0.0000110018	-0.0000111577	-0.0000113157	-0.0000114758	-0.0000116381	-0.0000118024	-0.0000119689	-0.0000121375	-0.0000123083	-0.0000124811	-0.0000126561	-0.0000128332	-0.0000130125	-0.0000131938	-0.0000133773	-0.0000135629	-0.0000137506	-0.0000139404	-0.0000141323	-0.0000143263	-0.0000145223	-0.0000147204	-0.0000149204	-0.0000151225	-0.0000153266	-0.0000155327	-0.0000157406	-0.0000159505	-0.0000161623	-0.0000163758	-0.0000165912	-0.0000168084	-0.0000170273	-0.0000172479	-0.0000174701	-0.0000176939	-0.0000179192	-0.0000181461	-0.0000183743	-0.0000186039	-0.0000188348	-0.0000190670	-0.0000193002	-0.0000195346	-0.0000197700	-0.0000200063	-0.0000202435	-0.0000204813	-0.0000207199	-0.0000209590	-0.0000211985	-0.0000214384	-0.0000216786	-0.0000219189	-0.0000221592	-0.0000223994	-0.0000226394	-0.0000228790	-0.0000231181	-0.0000233565	-0.0000235942	-0.0000238310	-0.0000240667	-0.0000243012	-0.0000245343	-0.0000247658	-0.0000249957	-0.0000252236	-0.0000254495	-0.0000256731	-0.0000258943	-0.0000261128	-0.0000263286	-0.0000265413	-0.0000267508	-0.0000269569	-0.0000271594	-0.0000273580	-0.0000275526	-0.0000277429	-0.0000279288	-0.0000281100	-0.0000282863	-0.0000284573	-0.0000286231	-0.0000287832	-0.0000289376	-0.0000290859	-0.0000292279	-0.0000293634	-0.0000294922	-0.0000296140	-0.0000297286	-0.0000298358	-0.0000299354	-0.0000300272	-0.0000301109	-0.0000301863	-0.0000302533	-0.0000303117	-0.0000303615	-0.0000304022	-0.0000304340	-0.0000304565	-0.0000304697	-0.0000304740	-0.0000304695	-0.0000304576	-0.0000304405	-0.0000304190	-0.0000303934	-0.0000303637	-0.0000303296	-0.0000302911	-0.0000302485	-0.0000302016	-0.0000301498	-0.0000300928	-0.0000300299	-0.0000299609	-0.0000298864	-0.0000298070	-0.0000297232	-0.0000296354	-0.0000295434	-0.0000294474	-0.0000293476	-0.0000292443	-0.0000291372	-0.0000290255	-0.0000289083	-0.0000287843	-0.0000286524	-0.0000285120	-0.0000283634	-0.0000282068	-0.0000280427	-0.0000278711	-0.0000276924	-0.0000275066	-0.0000273140	-0.0000271150	-0.0000269098	-0.0000266987	-0.0000264820	-0.0000262598	-0.0000260326	-0.0000258006	-0.0000255641	-0.0000253232	-0.0000250784	-0.0000248298	-0.0000245778	-0.0000243226	-0.0000240644	-0.0000238035	-0.0000235401	-0.0000232745	-0.0000230069	-0.0000227375	-0.0000224666	-0.0000221943	-0.0000219209	-0.0000216466	-0.0000213715	-0.0000210960	-0.0000208200	-0.0000205440	-0.0000202679	-0.0000199921	-0.0000197166	-0.0000194415	-0.0000191672	-0.0000188937	-0.0000186211	-0.0000183496	-0.0000180793	-0.0000178103	-0.0000175428	-0.0000172768	-0.0000170125	-0.0000167500	-0.0000164893	-0.0000162306	-0.0000159739	-0.0000157193	-0.0000154669	-0.0000152167	-0.0000149689	-0.0000147235	-0.0000144806	-0.0000142401	-0.0000140022	-0.0000137669	-0.0000135343	-0.0000133043	-0.0000130771	-0.0000128526	-0.0000126308	-0.0000124119	-0.0000121958	-0.0000119826	-0.0000117722	-0.0000115647	-0.0000113601	-0.0000111584	-0.0000109595	-0.0000107636	-0.0000105706	-0.0000103805	-0.0000101933	-0.0000100090	-0.0000098275	-0.0000096490	-0.0000094733	-0.0000093005	-0.0000091306	-0.0000089635	-0.0000087992	-0.0000086378	-0.0000084791	-0.0000083228	-0.0000081686	-0.0000080165	-0.0000078697	-0.0000077363	-0.0000076242	-0.0000075277	-0.0000074377	-0.0000073497	-0.0000072627	-0.0000071770	-0.0000070928	-0.0000070104	-0.0000069296	-0.0000068504	-0.0000067727	-0.0000066960
-0.0000196726	-0.0000196850	-0.0000196979	-0.0000197118	-0.0000197266	-0.0000197427	-0.0000197597	-0.0000197770	-0.0000197927	-0.0000198051	-0.0000198198	-0.0000198629	-0.0000199830	-0.0000202064	-0.0000204890	-0.0000207884	-0.0000210891	-0.0000213900	-0.0000216933	-0.0000220006	-0.0000223122	-0.0000226282	-0.0000229484	-0.0000232728	-0.0000236014	-0.0000239343	-0.0000242714	-0.0000246128	-0.0000249584	-0.0000253083	-0.0000256624	-0.0000260208	-0.0000263834	-0.0000267503	-0.0000271214	-0.0000274967	-0.0000278761	-0.0000282598	-0.0000286476	-0.0000290395	-0.0000294355	-0.0000298356	-0.0000302397	-0.0000306477	-0.0000310596	-0.0000314754	-0.0000318950	-0.0000323184	-0.0000327454	-0.0000331761	-0.0000336103	-0.0000340479	-0.0000344889	-0.0000349332	-0.0000353806	-0.0000358311	-0.0000362846	-0.0000367409	-0.0000372000	-0.0000376616	-0.0000381257	-0.0000385921	-0.0000390607	-0.0000395313	-0.0000400037	-0.0000404778	-0.0000409534	-0.0000414303	-0.0000419083	-0.0000423873	-0.0000428669	-0.0000433470	-0.0000438274	-0.0000443078	-0.0000447880	-0.0000452678	-0.0000457468	-0.0000462248	-0.0000467015	-0.0000471767	-0.0000476501	-0.0000481213	-0.0000485901	-0.0000490561	-0.0000495190	-0.0000499786	-0.0000504342	-0.0000508858	-0.0000513329	-0.0000517751	-0.0000522120	-0.0000526433	-0.0000530686	-0.0000534876	-0.0000538996	-0.0000543044	-0.0000547016	-0.0000550907	-0.0000554712	-0.0000558428	-0.0000562051	-0.0000565576	-0.0000568997	-0.0000572311	-0.0000575514	-0.0000578600	-0.0000581566	-0.0000584406	-0.0000587116	-0.0000589692	-0.0000592129	-0.0000594421	-0.0000596566	-0.0000598559	-0.0000600395	-0.0000602071	-0.0000603582	-0.0000604924	-0.0000606096	-0.0000607094	-0.0000607913	-0.0000608554	-0.0000609010	-0.0000609281	-0.0000609373	-0.0000609292	-0.0000609059	-0.0000608715	-0.0000608285	-0.0000607771	-0.0000607174	-0.0000606491	-0.0000605718	-0.0000604860	-0.0000603916	-0.0000602874	-0.0000601727	-0.0000600467	-0.0000599092	-0.0000597609	-0.0000596028	-0.0000594359	-0.0000592606	-0.0000590768	-0.0000588851	-0.0000586859	-0.0000584795	-0.0000582653	-0.0000580416	-0.0000578069	-0.0000575584	-0.0000572938	-0.0000570124	-0.0000567147	-0.0000564012	-0.0000560726	-0.0000557292	-0.0000553714	-0.0000549997	-0.0000546145	-0.0000542164	-0.0000538059	-0.0000533837	-0.0000529502	-0.0000525059	-0.0000520515	-0.0000515875	-0.0000511145	-0.0000506329	-0.0000501434	-0.0000496464	-0.0000491425	-0.0000486321	-0.0000481159	-0.0000475942	-0.0000470676	-0.0000465366	-0.0000460016	-0.0000454630	-0.0000449213	-0.0000443769	-0.0000438303	-0.0000432818	-0.0000427319	-0.0000421810	-0.0000416294	-0.0000410775	-0.0000405256	-0.0000399741	-0.0000394232	-0.0000388734	-0.0000383250	-0.0000377781	-0.0000372331	-0.0000366903	-0.0000361499	-0.0000356122	-0.0000350773	-0.0000345455	-0.0000340171	-0.0000334922	-0.0000329710	-0.0000324537	-0.0000319405	-0.0000314315	-0.0000309269	-0.0000304268	-0.0000299313	-0.0000294407	-0.0000289549	-0.0000284742	-0.0000279985	-0.0000275281	-0.0000270629	-0.0000266031	-0.0000261488	-0.0000256999	-0.0000252566	-0.0000248189	-0.0000243869	-0.0000239605	-0.0000235399	-0.0000231250	-0.0000227159	-0.0000223125	-0.0000219150	-0.0000215233	-0.0000211373	-0.0000207572	-0.0000203829	-0.0000200144	-0.0000196516	-0.0000192947	-0.0000189434	-0.0000185979	-0.0000182581	-0.0000179240	-0.0000175955	-0.0000172727	-0.0000169554	-0.0000166430	-0.0000163346	-0.0000160305	-0.0000157371	-0.0000154706	-0.0000152469	-0.0000150542	-0.0000148744	-0.0000146983	-0.0000145244	-0.0000143530	-0.0000141848	-0.0000140199	-0.0000138584	-0.0000137001	-0.0000135446	-0.0000133912
-0.0000295078	-0.0000295265	-0.0000295459	-0.0000295666	-0.0000295889	-0.0000296129	-0.0000296385	-0.0000296645	-0.0000296881	-0.0000297068	-0.0000297284	-0.0000297911	-0.0000299679	-0.0000303009	-0.0000307241	-0.0000311731	-0.0000316240	-0.0000320751	-0.0000325299	-0.0000329906	-0.0000334578	-0.0000339315	-0.0000344115	-0.0000348979	-0.0000353906	-0.0000358896	-0.0000363950	-0.0000369068	-0.0000374250	-0.0000379495	-0.0000384804	-0.0000390177	-0.0000395613	-0.0000401113	-0.0000406676	-0.0000412302	-0.0000417991	-0.0000423743	-0.0000429557	-0.0000435432	-0.0000441369	-0.0000447366	-0.0000453423	-0.0000459540	-0.0000465715	-0.0000471948	-0.0000478238	-0.0000484585	-0.0000490986	-0.0000497442	-0.0000503951	-0.0000510511	-0.0000517122	-0.0000523782	-0.0000530489	-0.0000537242	-0.0000544040	-0.0000550880	-0.0000557761	-0.0000564681	-0.0000571638	-0.0000578629	-0.0000585653	-0.0000592707	-0.0000599788	-0.0000606895	-0.0000614024	-0.0000621172	-0.0000628338	-0.0000635517	-0.0000642706	-0.0000649903	-0.0000657104	-0.0000664305	-0.0000671503	-0.0000678694	-0.0000685874	-0.0000693039	-0.0000700185	-0.0000707309	-0.0000714404	-0.0000721468	-0.0000728494	-0.0000735480	-0.0000742419	-0.0000749307	-0.0000756137	-0.0000762906	-0.0000769608	-0.0000776236	-0.0000782786	-0.0000789252	-0.0000795627	-0.0000801906	-0.0000808084	-0.0000814152	-0.0000820105	-0.0000825937	-0.0000831642	-0.0000837213	-0.0000842644	-0.0000847928	-0.0000853057	-0.0000858026	-0.0000862827	-0.0000867454	-0.0000871901	-0.0000876160	-0.0000880224	-0.0000884087	-0.0000887742	-0.0000891181	-0.0000894400	-0.0000897392	-0.0000900149	-0.0000902666	-0.0000904938	-0.0000906956	-0.0000908722	-0.0000910228	-0.0000911468	-0.0000912441	-0.0000913140	-0.0000913562	-0.0000913718	-0.0000913615	-0.0000913278	-0.0000912764	-0.0000912113	-0.0000911337	-0.0000910438	-0.0000909410	-0.0000908246	-0.0000906949	-0.0000905518	-0.0000903943	-0.0000902214	-0.0000900323	-0.0000898267	-0.0000896055	-0.0000893698	-0.0000891206	-0.0000888583	-0.0000885833	-0.0000882964	-0.0000879984	-0.0000876893	-0.0000873679	-0.0000870321	-0.0000866789	-0.0000863046	-0.0000859059	-0.0000854825	-0.0000850347	-0.0000845636	-0.0000840700	-0.0000835542	-0.0000830171	-0.0000824591	-0.0000818811	-0.0000812838	-0.0000806680	-0.0000800346	-0.0000793844	-0.0000787181	-0.0000780367	-0.0000773410	-0.0000766317	-0.0000759096	-0.0000751756	-0.0000744305	-0.0000736750	-0.0000729099	-0.0000721360	-0.0000713539	-0.0000705645	-0.0000697684	-0.0000689663	-0.0000681590	-0.0000673470	-0.0000665309	-0.0000657115	-0.0000648894	-0.0000640651	-0.0000632393	-0.0000624124	-0.0000615851	-0.0000607578	-0.0000599310	-0.0000591054	-0.0000582813	-0.0000574591	-0.0000566394	-0.0000558224	-0.0000550088	-0.0000541987	-0.0000533927	-0.0000525909	-0.0000517938	-0.0000510017	-0.0000502148	-0.0000494335	-0.0000486581	-0.0000478888	-0.0000471257	-0.0000463693	-0.0000456196	-0.0000448769	-0.0000441414	-0.0000434132	-0.0000426926	-0.0000419795	-0.0000412743	-0.0000405770	-0.0000398878	-0.0000392066	-0.0000385338	-0.0000378692	-0.0000372130	-0.0000365653	-0.0000359262	-0.0000352956	-0.0000346736	-0.0000340603	-0.0000334556	-0.0000328596	-0.0000322724	-0.0000316938	-0.0000311239	-0.0000305628	-0.0000300103	-0.0000294665	-0.0000289313	-0.0000284047	-0.0000278867	-0.0000273773	-0.0000268763	-0.0000263839	-0.0000259000	-0.0000254243	-0.0000249559	-0.0000244934	-0.0000240376	-0.0000235978	-0.0000231990	-0.0000228648	-0.0000225767	-0.0000223072	-0.0000220433	-0.0000217824	-0.0000215254	-0.0000212732	-0.0000210261	-0.0000207839	-0.0000205466	-0.0000203135	-0.0000200835
-0.0000393411	-0.0000393660	-0.0000393919	-0.0000394195	-0.0000394492	-0.0000394812	-0.0000395153	-0.0000395501	-0.0000395817	-0.0000396067	-0.0000396347	-0.0000397147	-0.0000399442	-0.0000403842	-0.0000409471	-0.0000415455	-0.0000421465	-0.0000427477	-0.0000433537	-0.0000439675	-0.0000445900	-0.0000452211	-0.0000458607	-0.0000465087	-0.0000471651	-0.0000478300	-0.0000485034	-0.0000491852	-0.0000498755	-0.0000505744	-0.0000512817	-0.0000519975	-0.0000527218	-0.0000534545	-0.0000541957	-0.0000549452	-0.0000557032	-0.0000564694	-0.0000572439	-0.0000580267	-0.0000588175	-0.0000596165	-0.0000604235	-0.0000612383	-0.0000620610	-0.0000628914	-0.0000637293	-0.0000645748	-0.0000654276	-0.0000662876	-0.0000671547	-0.0000680286	-0.0000689092	-0.0000697964	-0.0000706899	-0.0000715895	-0.0000724950	-0.0000734063	-0.0000743229	-0.0000752447	-0.0000761714	-0.0000771027	-0.0000780383	-0.0000789780	-0.0000799213	-0.0000808680	-0.0000818176	-0.0000827698	-0.0000837243	-0.0000846806	-0.0000856383	-0.0000865970	-0.0000875562	-0.0000885154	-0.0000894742	-0.0000904320	-0.0000913885	-0.0000923429	-0.0000932948	-0.0000942436	-0.0000951887	-0.0000961296	-0.0000970656	-0.0000979961	-0.0000989204	-0.0000998378	-0.0001007476	-0.0001016492	-0.0001025419	-0.0001034247	-0.0001042971	-0.0001051583	-0.0001060076	-0.0001068439	-0.0001076667	-0.0001084750	-0.0001092679	-0.0001100446	-0.0001108045	-0.0001115466	-0.0001122700	-0.0001129738	-0.0001136571	-0.0001143190	-0.0001149586	-0.0001155751	-0.0001161676	-0.0001167352	-0.0001172769	-0.0001177919	-0.0001182792	-0.0001187379	-0.0001191673	-0.0001195666	-0.0001199347	-0.0001202711	-0.0001205748	-0.0001208451	-0.0001210817	-0.0001212842	-0.0001214514	-0.0001215832	-0.0001216791	-0.0001217385	-0.0001217625	-0.0001217522	-0.0001217101	-0.0001216422	-0.0001215548	-0.0001214504	-0.0001213295	-0.0001211916	-0.0001210359	-0.0001208617	-0.0001206691	-0.0001204575	-0.0001202259	-0.0001199736	-0.0001197004	-0.0001194071	-0.0001190947	-0.0001187638	-0.0001184152	-0.0001180498	-0.0001176687	-0.0001172726	-0.0001168611	-0.0001164325	-0.0001159835	-0.0001155105	-0.0001150083	-0.0001144737	-0.0001139065	-0.0001133075	-0.0001126778	-0.0001120183	-0.0001113295	-0.0001106126	-0.0001098679	-0.0001090968	-0.0001083002	-0.0001074791	-0.0001066346	-0.0001057678	-0.0001048797	-0.0001039715	-0.0001030442	-0.0001020991	-0.0001011369	-0.0001001589	-0.0000991661	-0.0000981596	-0.0000971403	-0.0000961092	-0.0000950673	-0.0000940156	-0.0000929551	-0.0000918866	-0.0000908111	-0.0000897294	-0.0000886423	-0.0000875508	-0.0000864557	-0.0000853577	-0.0000842576	-0.0000831561	-0.0000820541	-0.0000809521	-0.0000798508	-0.0000787510	-0.0000776532	-0.0000765580	-0.0000754661	-0.0000743779	-0.0000732941	-0.0000722150	-0.0000711413	-0.0000700733	-0.0000690115	-0.0000679563	-0.0000669081	-0.0000658674	-0.0000648344	-0.0000638096	-0.0000627932	-0.0000617855	-0.0000607868	-0.0000597974	-0.0000588176	-0.0000578476	-0.0000568875	-0.0000559377	-0.0000549982	-0.0000540693	-0.0000531511	-0.0000522437	-0.0000513473	-0.0000504620	-0.0000495878	-0.0000487250	-0.0000478734	-0.0000470334	-0.0000462047	-0.0000453876	-0.0000445821	-0.0000437881	-0.0000430057	-0.0000422348	-0.0000414756	-0.0000407280	-0.0000399919	-0.0000392674	-0.0000385544	-0.0000378528	-0.0000371627	-0.0000364839	-0.0000358165	-0.0000351605	-0.0000345158	-0.0000338820	-0.0000332578	-0.0000326415	-0.0000320341	-0.0000314485	-0.0000309184	-0.0000304755	-0.0000300930	-0.0000297343	-0.0000293827	-0.0000290350	-0.0000286925	-0.0000283565	-0.0000280272	-0.0000277046	-0.0000273883	-0.0000270778	-0.0000267712
-0.0000491719	-0.0000492029	-0.0000492352	-0.0000492697	-0.0000493068	-0.0000493467	-0.0000493894	-0.0000494330	-0.0000494730	-0.0000495044	-0.0000495378	-0.0000496317	-0.0000499085	-0.0000504524	-0.0000511541	-0.0000519017	-0.0000526527	-0.0000534037	-0.0000541605	-0.0000549270	-0.0000557043	-0.0000564925	-0.0000572912	-0.0000581005	-0.0000589202	-0.0000597505	-0.0000605914	-0.0000614429	-0.0000623049	-0.0000631776	-0.0000640609	-0.0000649548	-0.0000658592	-0.0000667742	-0.0000676997	-0.0000686357	-0.0000695821	-0.0000705390	-0.0000715061	-0.0000724835	-0.0000734711	-0.0000744687	-0.0000754764	-0.0000764938	-0.0000775211	-0.0000785579	-0.0000796043	-0.0000806600	-0.0000817248	-0.0000827986	-0.0000838812	-0.0000849724	-0.0000860720	-0.0000871797	-0.0000882953	-0.0000894186	-0.0000905492	-0.0000916869	-0.0000928314	-0.0000939823	-0.0000951394	-0.0000963022	-0.0000974703	-0.0000986435	-0.0000998213	-0.0001010032	-0.0001021888	-0.0001033777	-0.0001045693	-0.0001057632	-0.0001069588	-0.0001081557	-0.0001093532	-0.0001105508	-0.0001117478	-0.0001129435	-0.0001141375	-0.0001153291	-0.0001165173	-0.0001177018	-0.0001188817	-0.0001200562	-0.0001212247	-0.0001223861	-0.0001235399	-0.0001246851	-0.0001258209	-0.0001269463	-0.0001280605	-0.0001291625	-0.0001302514	-0.0001313264	-0.0001323863	-0.0001334303	-0.0001344573	-0.0001354662	-0.0001364560	-0.0001374256	-0.0001383741	-0.0001393005	-0.0001402036	-0.0001410823	-0.0001419353	-0.0001427618	-0.0001435606	-0.0001443305	-0.0001450706	-0.0001457796	-0.0001464564	-0.0001471000	-0.0001477091	-0.0001482827	-0.0001488198	-0.0001493195	-0.0001497804	-0.0001502019	-0.0001505831	-0.0001509226	-0.0001512203	-0.0001514757	-0.0001516877	-0.0001518558	-0.0001519798	-0.0001520588	-0.0001520936	-0.0001520861	-0.0001520383	-0.0001519557	-0.0001518462	-0.0001517145	-0.0001515618	-0.0001513879	-0.0001511922	-0.0001509734	-0.0001507312	-0.0001504650	-0.0001501744	-0.0001498589	-0.0001495184	-0.0001491535	-0.0001487646	-0.0001483526	-0.0001479186	-0.0001474639	-0.0001469896	-0.0001464961	-0.0001459823	-0.0001454455	-0.0001448821	-0.0001442870	-0.0001436543	-0.0001429815	-0.0001422686	-0.0001415168	-0.0001407273	-0.0001399009	-0.0001390384	-0.0001381409	-0.0001372091	-0.0001362446	-0.0001352484	-0.0001342219	-0.0001331664	-0.0001320831	-0.0001309735	-0.0001298389	-0.0001286806	-0.0001275000	-0.0001262983	-0.0001250769	-0.0001238371	-0.0001225802	-0.0001213074	-0.0001200199	-0.0001187190	-0.0001174058	-0.0001160817	-0.0001147477	-0.0001134049	-0.0001120543	-0.0001106971	-0.0001093344	-0.0001079671	-0.0001065963	-0.0001052229	-0.0001038477	-0.0001024719	-0.0001010960	-0.0000997212	-0.0000983481	-0.0000969775	-0.0000956103	-0.0000942470	-0.0000928885	-0.0000915353	-0.0000901882	-0.0000888476	-0.0000875142	-0.0000861886	-0.0000848711	-0.0000835625	-0.0000822631	-0.0000809735	-0.0000796939	-0.0000784249	-0.0000771668	-0.0000759199	-0.0000746846	-0.0000734613	-0.0000722501	-0.0000710514	-0.0000698654	-0.0000686924	-0.0000675326	-0.0000663861	-0.0000652531	-0.0000641338	-0.0000630284	-0.0000619369	-0.0000608595	-0.0000597963	-0.0000587473	-0.0000577126	-0.0000566923	-0.0000556864	-0.0000546949	-0.0000537179	-0.0000527554	-0.0000518074	-0.0000508738	-0.0000499546	-0.0000490499	-0.0000481595	-0.0000472834	-0.0000464216	-0.0000455740	-0.0000447405	-0.0000439213	-0.0000431162	-0.0000423247	-0.0000415452	-0.0000407754	-0.0000400167	-0.0000392857	-0.0000386257	-0.0000380764	-0.0000376011	-0.0000371538	-0.0000367146	-0.0000362803	-0.0000358526	-0.0000354329	-0.0000350217	-0.0000346187	-0.0000342238	-0.0000338360	-0.0000334531
-0.0000589994	-0.0000590366	-0.0000590752	-0.0000591165	-0.0000591610	-0.0000592089	-0.0000592601	-0.0000593127	-0.0000593612	-0.0000593992	-0.0000594369	-0.0000595403	-0.0000598574	-0.0000605015	-0.0000613410	-0.0000622376	-0.0000631384	-0.0000640388	-0.0000649460	-0.0000658648	-0.0000667965	-0.0000677412	-0.0000686986	-0.0000696686	-0.0000706512	-0.0000716464	-0.0000726543	-0.0000736748	-0.0000747081	-0.0000757541	-0.0000768127	-0.0000778841	-0.0000789681	-0.0000800648	-0.0000811741	-0.0000822959	-0.0000834302	-0.0000845770	-0.0000857361	-0.0000869075	-0.0000880911	-0.0000892868	-0.0000904944	-0.0000917138	-0.0000929449	-0.0000941876	-0.0000954415	-0.0000967067	-0.0000979828	-0.0000992697	-0.0001005671	-0.0001018748	-0.0001031925	-0.0001045200	-0.0001058569	-0.0001072029	-0.0001085578	-0.0001099212	-0.0001112926	-0.0001126718	-0.0001140583	-0.0001154516	-0.0001168514	-0.0001182572	-0.0001196684	-0.0001210846	-0.0001225053	-0.0001239298	-0.0001253576	-0.0001267880	-0.0001282206	-0.0001296547	-0.0001310894	-0.0001325241	-0.0001339583	-0.0001353909	-0.0001368214	-0.0001382488	-0.0001396724	-0.0001410914	-0.0001425049	-0.0001439119	-0.0001453116	-0.0001467030	-0.0001480851	-0.0001494569	-0.0001508174	-0.0001521655	-0.0001535002	-0.0001548203	-0.0001561247	-0.0001574123	-0.0001586820	-0.0001599326	-0.0001611629	-0.0001623715	-0.0001635573	-0.0001647190	-0.0001658554	-0.0001669653	-0.0001680474	-0.0001691004	-0.0001701227	-0.0001711132	-0.0001720706	-0.0001729935	-0.0001738807	-0.0001747308	-0.0001755425	-0.0001763143	-0.0001770452	-0.0001777338	-0.0001783787	-0.0001789790	-0.0001795334	-0.0001800406	-0.0001804999	-0.0001809098	-0.0001812697	-0.0001815795	-0.0001818380	-0.0001820444	-0.0001821986	-0.0001823000	-0.0001823486	-0.0001823469	-0.0001822970	-0.0001822031	-0.0001820729	-0.0001819137	-0.0001817284	-0.0001815176	-0.0001812809	-0.0001810171	-0.0001807252	-0.0001804047	-0.0001800553	-0.0001796766	-0.0001792688	-0.0001788320	-0.0001783670	-0.0001778748	-0.0001773566	-0.0001768138	-0.0001762472	-0.0001756565	-0.0001750397	-0.0001743934	-0.0001737132	-0.0001729928	-0.0001722265	-0.0001714130	-0.0001705523	-0.0001696460	-0.0001686954	-0.0001677009	-0.0001666638	-0.0001655850	-0.0001644657	-0.0001633074	-0.0001621115	-0.0001608795	-0.0001596131	-0.0001583136	-0.0001569828	-0.0001556222	-0.0001542333	-0.0001528179	-0.0001513773	-0.0001499133	-0.0001484272	-0.0001469208	-0.0001453954	-0.0001438525	-0.0001422935	-0.0001407199	-0.0001391332	-0.0001375347	-0.0001359257	-0.0001343074	-0.0001326812	-0.0001310484	-0.0001294101	-0.0001277676	-0.0001261220	-0.0001244743	-0.0001228257	-0.0001211773	-0.0001195299	-0.0001178847	-0.0001162425	-0.0001146043	-0.0001129709	-0.0001113430	-0.0001097217	-0.0001081075	-0.0001065012	-0.0001049035	-0.0001033151	-0.0001017365	-0.0001001684	-0.0000986114	-0.0000970661	-0.0000955329	-0.0000940122	-0.0000925046	-0.0000910105	-0.0000895303	-0.0000880643	-0.0000866129	-0.0000851765	-0.0000837553	-0.0000823496	-0.0000809597	-0.0000795858	-0.0000782281	-0.0000768868	-0.0000755620	-0.0000742540	-0.0000729628	-0.0000716886	-0.0000704314	-0.0000691914	-0.0000679686	-0.0000667631	-0.0000655749	-0.0000644039	-0.0000632504	-0.0000621142	-0.0000609953	-0.0000598936	-0.0000588093	-0.0000577421	-0.0000566921	-0.0000556592	-0.0000546433	-0.0000536443	-0.0000526624	-0.0000516974	-0.0000507487	-0.0000498143	-0.0000488914	-0.0000479817	-0.0000471061	-0.0000463178	-0.0000456651	-0.0000450989	-0.0000445638	-0.0000440373	-0.0000435165	-0.0000430038	-0.0000425007	-0.0000420078	-0.0000415248	-0.0000410514	-0.0000405865	-0.0000401275
-0.0000688228	-0.0000688661	-0.0000689112	-0.0000689593	-0.0000690111	-0.0000690669	-0.0000691267	-0.0000691884	-0.0000692459	-0.0000692906	-0.0000693310	-0.0000694385	-0.0000697875	-0.0000705273	-0.0000715036	-0.0000725493	-0.0000735997	-0.0000746492	-0.0000757062	-0.0000767766	-0.0000778622	-0.0000789629	-0.0000800784	-0.0000812085	-0.0000823533	-0.0000835128	-0.0000846871	-0.0000858761	-0.0000870800	-0.0000882986	-0.0000895320	-0.0000907802	-0.0000920431	-0.0000933208	-0.0000946131	-0.0000959200	-0.0000972414	-0.0000985774	-0.0000999278	-0.0001012924	-0.0001026712	-0.0001040641	-0.0001054709	-0.0001068914	-0.0001083255	-0.0001097731	-0.0001112338	-0.0001127076	-0.0001141940	-0.0001156930	-0.0001172043	-0.0001187275	-0.0001202624	-0.0001218086	-0.0001233658	-0.0001249336	-0.0001265117	-0.0001280996	-0.0001296970	-0.0001313033	-0.0001329181	-0.0001345409	-0.0001361711	-0.0001378084	-0.0001394519	-0.0001411012	-0.0001427557	-0.0001444146	-0.0001460773	-0.0001477432	-0.0001494113	-0.0001510812	-0.0001527519	-0.0001544226	-0.0001560925	-0.0001577607	-0.0001594262	-0.0001610883	-0.0001627458	-0.0001643980	-0.0001660437	-0.0001676818	-0.0001693114	-0.0001709314	-0.0001725405	-0.0001741377	-0.0001757217	-0.0001772912	-0.0001788452	-0.0001803822	-0.0001819009	-0.0001834002	-0.0001848785	-0.0001863347	-0.0001877672	-0.0001891746	-0.0001905554	-0.0001919081	-0.0001932315	-0.0001945241	-0.0001957843	-0.0001970106	-0.0001982014	-0.0001993551	-0.0002004704	-0.0002015456	-0.0002025793	-0.0002035701	-0.0002045163	-0.0002054163	-0.0002062689	-0.0002070723	-0.0002078253	-0.0002085266	-0.0002091749	-0.0002097685	-0.0002103067	-0.0002107881	-0.0002112115	-0.0002115771	-0.0002118839	-0.0002121308	-0.0002123177	-0.0002124443	-0.0002125103	-0.0002125176	-0.0002124692	-0.0002123683	-0.0002122211	-0.0002120357	-0.0002118178	-0.0002115694	-0.0002112906	-0.0002109808	-0.0002106388	-0.0002102640	-0.0002098558	-0.0002094142	-0.0002089391	-0.0002084311	-0.0002078908	-0.0002073193	-0.0002067181	-0.0002060880	-0.0002054293	-0.0002047406	-0.0002040192	-0.0002032611	-0.0002024607	-0.0002016111	-0.0002007081	-0.0001997511	-0.0001987406	-0.0001976783	-0.0001965649	-0.0001954013	-0.0001941885	-0.0001929277	-0.0001916203	-0.0001902680	-0.0001888723	-0.0001874349	-0.0001859577	-0.0001844424	-0.0001828908	-0.0001813047	-0.0001796859	-0.0001780364	-0.0001763578	-0.0001746519	-0.0001729206	-0.0001711656	-0.0001693887	-0.0001675914	-0.0001657756	-0.0001639427	-0.0001620947	-0.0001602330	-0.0001583591	-0.0001564744	-0.0001545805	-0.0001526789	-0.0001507710	-0.0001488582	-0.0001469417	-0.0001450229	-0.0001431031	-0.0001411833	-0.0001392649	-0.0001373489	-0.0001354364	-0.0001335286	-0.0001316263	-0.0001297306	-0.0001278423	-0.0001259624	-0.0001240917	-0.0001222310	-0.0001203811	-0.0001185426	-0.0001167164	-0.0001149030	-0.0001131032	-0.0001113174	-0.0001095464	-0.0001077905	-0.0001060503	-0.0001043262	-0.0001026188	-0.0001009283	-0.0000992552	-0.0000975999	-0.0000959626	-0.0000943436	-0.0000927433	-0.0000911618	-0.0000895994	-0.0000880563	-0.0000865327	-0.0000850286	-0.0000835444	-0.0000820800	-0.0000806355	-0.0000792111	-0.0000778068	-0.0000764226	-0.0000750586	-0.0000737148	-0.0000723911	-0.0000710877	-0.0000698043	-0.0000685411	-0.0000672979	-0.0000660746	-0.0000648713	-0.0000636877	-0.0000625239	-0.0000613800	-0.0000602557	-0.0000591504	-0.0000580617	-0.0000569861	-0.0000559261	-0.0000549069	-0.0000539928	-0.0000532397	-0.0000525846	-0.0000519624	-0.0000513489	-0.0000507418	-0.0000501443	-0.0000495583	-0.0000489839	-0.0000484212	-0.0000478696	-0.0000473279	-0.0000467931
-0.0000786414	-0.0000786909	-0.0000787424	-0.0000787973	-0.0000788563	-0.0000789200	-0.0000789884	-0.0000790594	-0.0000791261	-0.0000791778	-0.0000792197	-0.0000793263	-0.0000796982	-0.0000805276	-0.0000816386	-0.0000828328	-0.0000840326	-0.0000852306	-0.0000864369	-0.0000876584	-0.0000888972	-0.0000901532	-0.0000914261	-0.0000927157	-0.0000940220	-0.0000953452	-0.0000966851	-0.0000980419	-0.0000994155	-0.0001008060	-0.0001022134	-0.0001036376	-0.0001050786	-0.0001065364	-0.0001080109	-0.0001095021	-0.0001110098	-0.0001125341	-0.0001140748	-0.0001156317	-0.0001172048	-0.0001187940	-0.0001203989	-0.0001220196	-0.0001236557	-0.0001253071	-0.0001269735	-0.0001286548	-0.0001303506	-0.0001320606	-0.0001337846	-0.0001355222	-0.0001372731	-0.0001390369	-0.0001408132	-0.0001426016	-0.0001444016	-0.0001462128	-0.0001480348	-0.0001498670	-0.0001517088	-0.0001535597	-0.0001554190	-0.0001572863	-0.0001591607	-0.0001610417	-0.0001629285	-0.0001648204	-0.0001667166	-0.0001686163	-0.0001705187	-0.0001724229	-0.0001743280	-0.0001762331	-0.0001781373	-0.0001800395	-0.0001819386	-0.0001838338	-0.0001857238	-0.0001876076	-0.0001894841	-0.0001913519	-0.0001932100	-0.0001950571	-0.0001968919	-0.0001987130	-0.0002005192	-0.0002023089	-0.0002040807	-0.0002058333	-0.0002075651	-0.0002092746	-0.0002109604	-0.0002126208	-0.0002142543	-0.0002158592	-0.0002174336	-0.0002189763	-0.0002204854	-0.0002219593	-0.0002233965	-0.0002247951	-0.0002261532	-0.0002274693	-0.0002287416	-0.0002299685	-0.0002311482	-0.0002322791	-0.0002333594	-0.0002343874	-0.0002353615	-0.0002362799	-0.0002371409	-0.0002379435	-0.0002386861	-0.0002393668	-0.0002399848	-0.0002405388	-0.0002410273	-0.0002414501	-0.0002418069	-0.0002420966	-0.0002423186	-0.0002424733	-0.0002425601	-0.0002425802	-0.0002425368	-0.0002424334	-0.0002422744	-0.0002420668	-0.0002418178	-0.0002415320	-0.0002412108	-0.0002408542	-0.0002404614	-0.0002400318	-0.0002395649	-0.0002390605	-0.0002385187	-0.0002379401	-0.0002373254	-0.0002366757	-0.0002359920	-0.0002352745	-0.0002345226	-0.0002337339	-0.0002329053	-0.0002320318	-0.0002311068	-0.0002301241	-0.0002290813	-0.0002279784	-0.0002268162	-0.0002255961	-0.0002243186	-0.0002229845	-0.0002215952	-0.0002201517	-0.0002186558	-0.0002171091	-0.0002155135	-0.0002138710	-0.0002121833	-0.0002104525	-0.0002086807	-0.0002068698	-0.0002050220	-0.0002031393	-0.0002012236	-0.0001992769	-0.0001973015	-0.0001952992	-0.0001932719	-0.0001912216	-0.0001891501	-0.0001870595	-0.0001849515	-0.0001828281	-0.0001806907	-0.0001785411	-0.0001763810	-0.0001742122	-0.0001720363	-0.0001698547	-0.0001676691	-0.0001654807	-0.0001632912	-0.0001611017	-0.0001589138	-0.0001567286	-0.0001545475	-0.0001523716	-0.0001502021	-0.0001480401	-0.0001458865	-0.0001437424	-0.0001416088	-0.0001394866	-0.0001373766	-0.0001352798	-0.0001331968	-0.0001311285	-0.0001290756	-0.0001270388	-0.0001250187	-0.0001230158	-0.0001210309	-0.0001190644	-0.0001171167	-0.0001151885	-0.0001132800	-0.0001113917	-0.0001095240	-0.0001076773	-0.0001058517	-0.0001040476	-0.0001022653	-0.0001005050	-0.0000987668	-0.0000970510	-0.0000953577	-0.0000936871	-0.0000920392	-0.0000904142	-0.0000888120	-0.0000872329	-0.0000856767	-0.0000841435	-0.0000826334	-0.0000811463	-0.0000796821	-0.0000782408	-0.0000768223	-0.0000754266	-0.0000740536	-0.0000727032	-0.0000713754	-0.0000700701	-0.0000687874	-0.0000675261	-0.0000662835	-0.0000650559	-0.0000638467	-0.0000626867	-0.0000616507	-0.0000607997	-0.0000600566	-0.0000593477	-0.0000586474	-0.0000579545	-0.0000572726	-0.0000566038	-0.0000559485	-0.0000553063	-0.0000546769	-0.0000540587	-0.0000534484
-0.0000884546	-0.0000885101	-0.0000885679	-0.0000886297	-0.0000886960	-0.0000887675	-0.0000888444	-0.0000889248	-0.0000890010	-0.0000890601	-0.0000891037	-0.0000892076	-0.0000895961	-0.0000905045	-0.0000917434	-0.0000930839	-0.0000944326	-0.0000957790	-0.0000971340	-0.0000985058	-0.0000998970	-0.0001013076	-0.0001027372	-0.0001041855	-0.0001056526	-0.0001071385	-0.0001086433	-0.0001101669	-0.0001117095	-0.0001132710	-0.0001148515	-0.0001164508	-0.0001180690	-0.0001197060	-0.0001213617	-0.0001230361	-0.0001247292	-0.0001264407	-0.0001281707	-0.0001299189	-0.0001316852	-0.0001334695	-0.0001352715	-0.0001370911	-0.0001389281	-0.0001407822	-0.0001426532	-0.0001445407	-0.0001464445	-0.0001483643	-0.0001502997	-0.0001522504	-0.0001542160	-0.0001561960	-0.0001581899	-0.0001601975	-0.0001622180	-0.0001642511	-0.0001662963	-0.0001683528	-0.0001704201	-0.0001724975	-0.0001745844	-0.0001766802	-0.0001787839	-0.0001808950	-0.0001830126	-0.0001851358	-0.0001872638	-0.0001893958	-0.0001915306	-0.0001936676	-0.0001958056	-0.0001979434	-0.0002000803	-0.0002022148	-0.0002043460	-0.0002064727	-0.0002085936	-0.0002107074	-0.0002128131	-0.0002149091	-0.0002169941	-0.0002190669	-0.0002211257	-0.0002231692	-0.0002251959	-0.0002272041	-0.0002291923	-0.0002311588	-0.0002331020	-0.0002350202	-0.0002369117	-0.0002387747	-0.0002406075	-0.0002424083	-0.0002441750	-0.0002459059	-0.0002475993	-0.0002492533	-0.0002508662	-0.0002524359	-0.0002539605	-0.0002554380	-0.0002568665	-0.0002582443	-0.0002595692	-0.0002608397	-0.0002620536	-0.0002632091	-0.0002643043	-0.0002653376	-0.0002663069	-0.0002672109	-0.0002680481	-0.0002688168	-0.0002695154	-0.0002701430	-0.0002706980	-0.0002711796	-0.0002715881	-0.0002719226	-0.0002721824	-0.0002723676	-0.0002724785	-0.0002725154	-0.0002724808	-0.0002723787	-0.0002722132	-0.0002719894	-0.0002717140	-0.0002713931	-0.0002710303	-0.0002706270	-0.0002701832	-0.0002696987	-0.0002691730	-0.0002686060	-0.0002679979	-0.0002673492	-0.0002666605	-0.0002659327	-0.0002651658	-0.0002643594	-0.0002635117	-0.0002626200	-0.0002616804	-0.0002606867	-0.0002596322	-0.0002585129	-0.0002573277	-0.0002560767	-0.0002547611	-0.0002533817	-0.0002519386	-0.0002504331	-0.0002488663	-0.0002472395	-0.0002455547	-0.0002438135	-0.0002420181	-0.0002401705	-0.0002382728	-0.0002363271	-0.0002343358	-0.0002323010	-0.0002302251	-0.0002281102	-0.0002259586	-0.0002237725	-0.0002215542	-0.0002193060	-0.0002170298	-0.0002147279	-0.0002124024	-0.0002100555	-0.0002076893	-0.0002053057	-0.0002029065	-0.0002004937	-0.0001980692	-0.0001956350	-0.0001931928	-0.0001907443	-0.0001882912	-0.0001858351	-0.0001833776	-0.0001809203	-0.0001784648	-0.0001760122	-0.0001735643	-0.0001711221	-0.0001686872	-0.0001662605	-0.0001638434	-0.0001614369	-0.0001590421	-0.0001566601	-0.0001542918	-0.0001519382	-0.0001496002	-0.0001472787	-0.0001449744	-0.0001426881	-0.0001404205	-0.0001381723	-0.0001359441	-0.0001337366	-0.0001315503	-0.0001293857	-0.0001272432	-0.0001251235	-0.0001230268	-0.0001209536	-0.0001189042	-0.0001168788	-0.0001148779	-0.0001129016	-0.0001109502	-0.0001090238	-0.0001071227	-0.0001052471	-0.0001033969	-0.0001015724	-0.0000997735	-0.0000980005	-0.0000962532	-0.0000945318	-0.0000928361	-0.0000911663	-0.0000895222	-0.0000879039	-0.0000863111	-0.0000847439	-0.0000832022	-0.0000816858	-0.0000801947	-0.0000787290	-0.0000772885	-0.0000758720	-0.0000744761	-0.0000730972	-0.0000717410	-0.0000704453	-0.0000692939	-0.0000683459	-0.0000675138	-0.0000667177	-0.0000659309	-0.0000651525	-0.0000643867	-0.0000636357	-0.0000628998	-0.0000621786	-0.0000614716	-0.0000607773	-0.0000600919
-0.0000982614	-0.0000983231	-0.0000983873	-0.0000984558	-0.0000985294	-0.0000986087	-0.0000986941	-0.0000987835	-0.0000988691	-0.0000989364	-0.0000989849	-0.0000990917	-0.0000994960	-0.0001004649	-0.0001018169	-0.0001032982	-0.0001047951	-0.0001062898	-0.0001077933	-0.0001093148	-0.0001108575	-0.0001124218	-0.0001140071	-0.0001156133	-0.0001172402	-0.0001188880	-0.0001205567	-0.0001222463	-0.0001239569	-0.0001256884	-0.0001274409	-0.0001292143	-0.0001310086	-0.0001328237	-0.0001346596	-0.0001365162	-0.0001383934	-0.0001402911	-0.0001422091	-0.0001441474	-0.0001461057	-0.0001480839	-0.0001500817	-0.0001520990	-0.0001541355	-0.0001561909	-0.0001582650	-0.0001603575	-0.0001624679	-0.0001645960	-0.0001667414	-0.0001689037	-0.0001710824	-0.0001732771	-0.0001754872	-0.0001777123	-0.0001799518	-0.0001822051	-0.0001844718	-0.0001867510	-0.0001890421	-0.0001913445	-0.0001936572	-0.0001959798	-0.0001983111	-0.0002006505	-0.0002029972	-0.0002053500	-0.0002077081	-0.0002100706	-0.0002124362	-0.0002148042	-0.0002171732	-0.0002195421	-0.0002219099	-0.0002242751	-0.0002266365	-0.0002289930	-0.0002313430	-0.0002336852	-0.0002360182	-0.0002383405	-0.0002406506	-0.0002429470	-0.0002452280	-0.0002474919	-0.0002497373	-0.0002519620	-0.0002541646	-0.0002563431	-0.0002584957	-0.0002606206	-0.0002627159	-0.0002647797	-0.0002668101	-0.0002688051	-0.0002707624	-0.0002726802	-0.0002745565	-0.0002763893	-0.0002781766	-0.0002799163	-0.0002816061	-0.0002832439	-0.0002848276	-0.0002863551	-0.0002878245	-0.0002892335	-0.0002905804	-0.0002918629	-0.0002930790	-0.0002942269	-0.0002953046	-0.0002963102	-0.0002972424	-0.0002980994	-0.0002988795	-0.0002995816	-0.0003002044	-0.0003007467	-0.0003012084	-0.0003015896	-0.0003018894	-0.0003021077	-0.0003022454	-0.0003023026	-0.0003022809	-0.0003021839	-0.0003020160	-0.0003017818	-0.0003014866	-0.0003011360	-0.0003007350	-0.0003002868	-0.0002997930	-0.0002992540	-0.0002986697	-0.0002980404	-0.0002973660	-0.0002966471	-0.0002958839	-0.0002950764	-0.0002942240	-0.0002933255	-0.0002923786	-0.0002913799	-0.0002903241	-0.0002892047	-0.0002880167	-0.0002867581	-0.0002854283	-0.0002840278	-0.0002825572	-0.0002810168	-0.0002794070	-0.0002777291	-0.0002759841	-0.0002741735	-0.0002722996	-0.0002703639	-0.0002683689	-0.0002663167	-0.0002642093	-0.0002620495	-0.0002598395	-0.0002575818	-0.0002552789	-0.0002529330	-0.0002505468	-0.0002481227	-0.0002456632	-0.0002431706	-0.0002406472	-0.0002380954	-0.0002355177	-0.0002329164	-0.0002302938	-0.0002276518	-0.0002249928	-0.0002223186	-0.0002196317	-0.0002169340	-0.0002142274	-0.0002115140	-0.0002087954	-0.0002060736	-0.0002033503	-0.0002006272	-0.0001979059	-0.0001951881	-0.0001924753	-0.0001897689	-0.0001870705	-0.0001843813	-0.0001817025	-0.0001790356	-0.0001763816	-0.0001737418	-0.0001711171	-0.0001685086	-0.0001659174	-0.0001633444	-0.0001607905	-0.0001582565	-0.0001557432	-0.0001532514	-0.0001507818	-0.0001483350	-0.0001459116	-0.0001435123	-0.0001411376	-0.0001387879	-0.0001364638	-0.0001341657	-0.0001318938	-0.0001296487	-0.0001274306	-0.0001252398	-0.0001230765	-0.0001209410	-0.0001188335	-0.0001167541	-0.0001147030	-0.0001126802	-0.0001106859	-0.0001087202	-0.0001067830	-0.0001048745	-0.0001029945	-0.0001011431	-0.0000993203	-0.0000975259	-0.0000957599	-0.0000940223	-0.0000923128	-0.0000906314	-0.0000889781	-0.0000873529	-0.0000857556	-0.0000841844	-0.0000826359	-0.0000811066	-0.0000796061	-0.0000781812	-0.0000769220	-0.0000758776	-0.0000749546	-0.0000740705	-0.0000731974	-0.0000723342	-0.0000714851	-0.0000706523	-0.0000698362	-0.0000690365	-0.0000682524	-0.0000674824	-0.0000667222
-0.0001080614	-0.0001081292	-0.0001081997	-0.0001082749	-0.0001083559	-0.0001084430	-0.0001085367	-0.0001086348	-0.0001087294	-0.0001088059	-0.0001088642	-0.0001089832	-0.0001094056	-0.0001104115	-0.0001118568	-0.0001134717	-0.0001151157	-0.0001167589	-0.0001184106	-0.0001200810	-0.0001217744	-0.0001234914	-0.0001252315	-0.0001269945	-0.0001287803	-0.0001305890	-0.0001324205	-0.0001342750	-0.0001361525	-0.0001380529	-0.0001399764	-0.0001419227	-0.0001438920	-0.0001458840	-0.0001478988	-0.0001499363	-0.0001519964	-0.0001540789	-0.0001561837	-0.0001583107	-0.0001604596	-0.0001626303	-0.0001648226	-0.0001670361	-0.0001692706	-0.0001715260	-0.0001738016	-0.0001760974	-0.0001784130	-0.0001807478	-0.0001831016	-0.0001854738	-0.0001878640	-0.0001902717	-0.0001926962	-0.0001951372	-0.0001975939	-0.0002000658	-0.0002025522	-0.0002050523	-0.0002075655	-0.0002100910	-0.0002126278	-0.0002151753	-0.0002177325	-0.0002202985	-0.0002228723	-0.0002254529	-0.0002280393	-0.0002306304	-0.0002332250	-0.0002358219	-0.0002384202	-0.0002410182	-0.0002436149	-0.0002462088	-0.0002487984	-0.0002513826	-0.0002539595	-0.0002565279	-0.0002590861	-0.0002616326	-0.0002641655	-0.0002666834	-0.0002691843	-0.0002716664	-0.0002741281	-0.0002765673	-0.0002789819	-0.0002813704	-0.0002837304	-0.0002860600	-0.0002883573	-0.0002906200	-0.0002928463	-0.0002950338	-0.0002971802	-0.0002992832	-0.0003013409	-0.0003033509	-0.0003053110	-0.0003072191	-0.0003090727	-0.0003108693	-0.0003126068	-0.0003142830	-0.0003158957	-0.0003174426	-0.0003189217	-0.0003203307	-0.0003216672	-0.0003229295	-0.0003241154	-0.0003252227	-0.0003262501	-0.0003271959	-0.0003280581	-0.0003288356	-0.0003295273	-0.0003301318	-0.0003306484	-0.0003310778	-0.0003314196	-0.0003316735	-0.0003318401	-0.0003319205	-0.0003319156	-0.0003318279	-0.0003316614	-0.0003314209	-0.0003311112	-0.0003307374	-0.0003303042	-0.0003298157	-0.0003292747	-0.0003286827	-0.0003280408	-0.0003273492	-0.0003266083	-0.0003258179	-0.0003249781	-0.0003240881	-0.0003231469	-0.0003221526	-0.0003211022	-0.0003199910	-0.0003188133	-0.0003175639	-0.0003162399	-0.0003148401	-0.0003133643	-0.0003118129	-0.0003101858	-0.0003084831	-0.0003067057	-0.0003048545	-0.0003029307	-0.0003009362	-0.0002988729	-0.0002967430	-0.0002945487	-0.0002922924	-0.0002899763	-0.0002876032	-0.0002851755	-0.0002826960	-0.0002801673	-0.0002775919	-0.0002749726	-0.0002723120	-0.0002696128	-0.0002668777	-0.0002641090	-0.0002613093	-0.0002584813	-0.0002556276	-0.0002527506	-0.0002498525	-0.0002469357	-0.0002440025	-0.0002410552	-0.0002380962	-0.0002351276	-0.0002321513	-0.0002291696	-0.0002261842	-0.0002231972	-0.0002202105	-0.0002172258	-0.0002142448	-0.0002112694	-0.0002083010	-0.0002053413	-0.0002023917	-0.0001994536	-0.0001965283	-0.0001936173	-0.0001907216	-0.0001878427	-0.0001849814	-0.0001821391	-0.0001793167	-0.0001765152	-0.0001737355	-0.0001709785	-0.0001682450	-0.0001655357	-0.0001628516	-0.0001601930	-0.0001575609	-0.0001549556	-0.0001523778	-0.0001498280	-0.0001473066	-0.0001448141	-0.0001423508	-0.0001399171	-0.0001375134	-0.0001351398	-0.0001327967	-0.0001304842	-0.0001282026	-0.0001259519	-0.0001237324	-0.0001215440	-0.0001193870	-0.0001172612	-0.0001151668	-0.0001131038	-0.0001110721	-0.0001090717	-0.0001071026	-0.0001051645	-0.0001032575	-0.0001013814	-0.0000995361	-0.0000977217	-0.0000959381	-0.0000941848	-0.0000924600	-0.0000907594	-0.0000890807	-0.0000874380	-0.0000858885	-0.0000845279	-0.0000833898	-0.0000823764	-0.0000814045	-0.0000804454	-0.0000794978	-0.0000785660	-0.0000776520	-0.0000767563	-0.0000758784	-0.0000750177	-0.0000741724	-0.0000733378
-0.0001178538	-0.0001179277	-0.0001180045	-0.0001180865	-0.0001181747	-0.0001182696	-0.0001183715	-0.0001184782	-0.0001185819	-0.0001186684	-0.0001187385	-0.0001188716	-0.0001193071	-0.0001203318	-0.0001218570	-0.0001236009	-0.0001253910	-0.0001271827	-0.0001289819	-0.0001308003	-0.0001326433	-0.0001345119	-0.0001364058	-0.0001383246	-0.0001402682	-0.0001422365	-0.0001442298	-0.0001462481	-0.0001482912	-0.0001503594	-0.0001524525	-0.0001545705	-0.0001567134	-0.0001588811	-0.0001610735	-0.0001632906	-0.0001655321	-0.0001677981	-0.0001700882	-0.0001724025	-0.0001747405	-0.0001771022	-0.0001794873	-0.0001818955	-0.0001843265	-0.0001867801	-0.0001892557	-0.0001917532	-0.0001942722	-0.0001968120	-0.0001993724	-0.0002019528	-0.0002045528	-0.0002071717	-0.0002098090	-0.0002124640	-0.0002151361	-0.0002178247	-0.0002205290	-0.0002232482	-0.0002259815	-0.0002287282	-0.0002314872	-0.0002342577	-0.0002370388	-0.0002398293	-0.0002426283	-0.0002454346	-0.0002482472	-0.0002510648	-0.0002538861	-0.0002567100	-0.0002595352	-0.0002623601	-0.0002651833	-0.0002680036	-0.0002708191	-0.0002736285	-0.0002764301	-0.0002792221	-0.0002820031	-0.0002847712	-0.0002875246	-0.0002902615	-0.0002929800	-0.0002956780	-0.0002983538	-0.0003010051	-0.0003036298	-0.0003062260	-0.0003087914	-0.0003113237	-0.0003138211	-0.0003162809	-0.0003187010	-0.0003210791	-0.0003234126	-0.0003256989	-0.0003279359	-0.0003301212	-0.0003322523	-0.0003343270	-0.0003363427	-0.0003382968	-0.0003401869	-0.0003420106	-0.0003437657	-0.0003454494	-0.0003470598	-0.0003485945	-0.0003500509	-0.0003514270	-0.0003527207	-0.0003539299	-0.0003550525	-0.0003560874	-0.0003570324	-0.0003578861	-0.0003586474	-0.0003593153	-0.0003598887	-0.0003603677	-0.0003607529	-0.0003610443	-0.0003612422	-0.0003613476	-0.0003613621	-0.0003612874	-0.0003611265	-0.0003608836	-0.0003605635	-0.0003601712	-0.0003597112	-0.0003591876	-0.0003586037	-0.0003579619	-0.0003572640	-0.0003565106	-0.0003557023	-0.0003548390	-0.0003539201	-0.0003529448	-0.0003519113	-0.0003508170	-0.0003496577	-0.0003484283	-0.0003471243	-0.0003457425	-0.0003442810	-0.0003427389	-0.0003411162	-0.0003394127	-0.0003376279	-0.0003357621	-0.0003338162	-0.0003317911	-0.0003296883	-0.0003275098	-0.0003252574	-0.0003229335	-0.0003205406	-0.0003180807	-0.0003155568	-0.0003129714	-0.0003103274	-0.0003076275	-0.0003048744	-0.0003020711	-0.0002992203	-0.0002963251	-0.0002933882	-0.0002904123	-0.0002874003	-0.0002843548	-0.0002812787	-0.0002781749	-0.0002750458	-0.0002718939	-0.0002687216	-0.0002655317	-0.0002623266	-0.0002591087	-0.0002558804	-0.0002526439	-0.0002494013	-0.0002461549	-0.0002429067	-0.0002396587	-0.0002364130	-0.0002331714	-0.0002299357	-0.0002267078	-0.0002234891	-0.0002202814	-0.0002170863	-0.0002139051	-0.0002107393	-0.0002075902	-0.0002044592	-0.0002013475	-0.0001982563	-0.0001951867	-0.0001921398	-0.0001891166	-0.0001861180	-0.0001831448	-0.0001801981	-0.0001772786	-0.0001743869	-0.0001715238	-0.0001686900	-0.0001658860	-0.0001631123	-0.0001603696	-0.0001576582	-0.0001549786	-0.0001523312	-0.0001497162	-0.0001471340	-0.0001445849	-0.0001420691	-0.0001395869	-0.0001371382	-0.0001347234	-0.0001323425	-0.0001299956	-0.0001276828	-0.0001254040	-0.0001231593	-0.0001209487	-0.0001187721	-0.0001166294	-0.0001145205	-0.0001124454	-0.0001104039	-0.0001083960	-0.0001064216	-0.0001044807	-0.0001025727	-0.0001006952	-0.0000988435	-0.0000970161	-0.0000952326	-0.0000935614	-0.0000921044	-0.0000908776	-0.0000897766	-0.0000887179	-0.0000876733	-0.0000866419	-0.0000856278	-0.0000846331	-0.0000836583	-0.0000827028	-0.0000817660	-0.0000808459	-0.0000799374
-0.0001276380	-0.0001277179	-0.0001278010	-0.0001278898	-0.0001279852	-0.0001280878	-0.0001281979	-0.0001283135	-0.0001284267	-0.0001285236	-0.0001286040	-0.0001287442	-0.0001291791	-0.0001302109	-0.0001318108	-0.0001336821	-0.0001356181	-0.0001375574	-0.0001395032	-0.0001414686	-0.0001434601	-0.0001454792	-0.0001475257	-0.0001495991	-0.0001516992	-0.0001538261	-0.0001559799	-0.0001581606	-0.0001603682	-0.0001626027	-0.0001648642	-0.0001671525	-0.0001694677	-0.0001718095	-0.0001741781	-0.0001765732	-0.0001789947	-0.0001814426	-0.0001839165	-0.0001864164	-0.0001889420	-0.0001914931	-0.0001940693	-0.0001966706	-0.0001992964	-0.0002019464	-0.0002046204	-0.0002073178	-0.0002100383	-0.0002127814	-0.0002155467	-0.0002183334	-0.0002211413	-0.0002239696	-0.0002268176	-0.0002296848	-0.0002325703	-0.0002354736	-0.0002383938	-0.0002413300	-0.0002442814	-0.0002472472	-0.0002502262	-0.0002532176	-0.0002562203	-0.0002592331	-0.0002622550	-0.0002652848	-0.0002683211	-0.0002713629	-0.0002744085	-0.0002774568	-0.0002805065	-0.0002835556	-0.0002866029	-0.0002896469	-0.0002926857	-0.0002957178	-0.0002987414	-0.0003017546	-0.0003047558	-0.0003077430	-0.0003107143	-0.0003136678	-0.0003166015	-0.0003195130	-0.0003224005	-0.0003252618	-0.0003280943	-0.0003308961	-0.0003336646	-0.0003363975	-0.0003390925	-0.0003417471	-0.0003443587	-0.0003469250	-0.0003494432	-0.0003519107	-0.0003543249	-0.0003566834	-0.0003589838	-0.0003612234	-0.0003633996	-0.0003655097	-0.0003675510	-0.0003695208	-0.0003714168	-0.0003732363	-0.0003749768	-0.0003766362	-0.0003782118	-0.0003797012	-0.0003811024	-0.0003824132	-0.0003836312	-0.0003847550	-0.0003857832	-0.0003867138	-0.0003875455	-0.0003882776	-0.0003889091	-0.0003894395	-0.0003898693	-0.0003901995	-0.0003904303	-0.0003905626	-0.0003905980	-0.0003905386	-0.0003903865	-0.0003901452	-0.0003898187	-0.0003894117	-0.0003889288	-0.0003883741	-0.0003877511	-0.0003870626	-0.0003863107	-0.0003854965	-0.0003846208	-0.0003836833	-0.0003826835	-0.0003816200	-0.0003804902	-0.0003792908	-0.0003780175	-0.0003766663	-0.0003752343	-0.0003737192	-0.0003721197	-0.0003704349	-0.0003686646	-0.0003668078	-0.0003648644	-0.0003628349	-0.0003607201	-0.0003585209	-0.0003562391	-0.0003538767	-0.0003514357	-0.0003489185	-0.0003463275	-0.0003436652	-0.0003409344	-0.0003381380	-0.0003352790	-0.0003323603	-0.0003293846	-0.0003263551	-0.0003232749	-0.0003201469	-0.0003169743	-0.0003137599	-0.0003105067	-0.0003072176	-0.0003038958	-0.0003005442	-0.0002971655	-0.0002937622	-0.0002903371	-0.0002868931	-0.0002834327	-0.0002799586	-0.0002764733	-0.0002729792	-0.0002694785	-0.0002659737	-0.0002624670	-0.0002589605	-0.0002554564	-0.0002519568	-0.0002484635	-0.0002449785	-0.0002415036	-0.0002380405	-0.0002345908	-0.0002311562	-0.0002277382	-0.0002243382	-0.0002209575	-0.0002175978	-0.0002142601	-0.0002109458	-0.0002076558	-0.0002043914	-0.0002011535	-0.0001979431	-0.0001947611	-0.0001916084	-0.0001884858	-0.0001853940	-0.0001823336	-0.0001793055	-0.0001763101	-0.0001733481	-0.0001704198	-0.0001675258	-0.0001646665	-0.0001618422	-0.0001590533	-0.0001563000	-0.0001535827	-0.0001509015	-0.0001482566	-0.0001456482	-0.0001430764	-0.0001405413	-0.0001380429	-0.0001355813	-0.0001331564	-0.0001307683	-0.0001284169	-0.0001261022	-0.0001238239	-0.0001215821	-0.0001193765	-0.0001172072	-0.0001150740	-0.0001129771	-0.0001109156	-0.0001088865	-0.0001068848	-0.0001049097	-0.0001029867	-0.0001011969	-0.0000996491	-0.0000983391	-0.0000971534	-0.0000960089	-0.0000948793	-0.0000937645	-0.0000926688	-0.0000915941	-0.0000905407	-0.0000895082	-0.0000884958	-0.0000875014	-0.0000865196
-0.0001374134	-0.0001374993	-0.0001375886	-0.0001376841	-0.0001377867	-0.0001378970	-0.0001380152	-0.0001381398	-0.0001382631	-0.0001383709	-0.0001384601	-0.0001385999	-0.0001390193	-0.0001400447	-0.0001417138	-0.0001437114	-0.0001457929	-0.0001478792	-0.0001499707	-0.0001520818	-0.0001542206	-0.0001563890	-0.0001585868	-0.0001608135	-0.0001630689	-0.0001653530	-0.0001676659	-0.0001700077	-0.0001723783	-0.0001747778	-0.0001772062	-0.0001796633	-0.0001821492	-0.0001846638	-0.0001872070	-0.0001897785	-0.0001923785	-0.0001950066	-0.0001976627	-0.0002003466	-0.0002030580	-0.0002057967	-0.0002085625	-0.0002113549	-0.0002141737	-0.0002170185	-0.0002198888	-0.0002227844	-0.0002257046	-0.0002286491	-0.0002316172	-0.0002346084	-0.0002376221	-0.0002406577	-0.0002437144	-0.0002467916	-0.0002498885	-0.0002530042	-0.0002561381	-0.0002592891	-0.0002624564	-0.0002656389	-0.0002688355	-0.0002720453	-0.0002752672	-0.0002784998	-0.0002817420	-0.0002849927	-0.0002882501	-0.0002915134	-0.0002947808	-0.0002980507	-0.0003013221	-0.0003045929	-0.0003078615	-0.0003111266	-0.0003143860	-0.0003176380	-0.0003208809	-0.0003241127	-0.0003273315	-0.0003305354	-0.0003337221	-0.0003368897	-0.0003400361	-0.0003431588	-0.0003462555	-0.0003493242	-0.0003523620	-0.0003553666	-0.0003583357	-0.0003612664	-0.0003641564	-0.0003670031	-0.0003698037	-0.0003725556	-0.0003752563	-0.0003779027	-0.0003804921	-0.0003830219	-0.0003854896	-0.0003878922	-0.0003902272	-0.0003924915	-0.0003946821	-0.0003967964	-0.0003988318	-0.0004007857	-0.0004026554	-0.0004044384	-0.0004061323	-0.0004077344	-0.0004092424	-0.0004106543	-0.0004119676	-0.0004131805	-0.0004142918	-0.0004152996	-0.0004162023	-0.0004169993	-0.0004176898	-0.0004182730	-0.0004187490	-0.0004191189	-0.0004193836	-0.0004195442	-0.0004196019	-0.0004195586	-0.0004194169	-0.0004191795	-0.0004188500	-0.0004184320	-0.0004179297	-0.0004173473	-0.0004166882	-0.0004159556	-0.0004151515	-0.0004142775	-0.0004133343	-0.0004123216	-0.0004112385	-0.0004100833	-0.0004088531	-0.0004075449	-0.0004061554	-0.0004046817	-0.0004031216	-0.0004014733	-0.0003997358	-0.0003979081	-0.0003959893	-0.0003939787	-0.0003918764	-0.0003896829	-0.0003873989	-0.0003850258	-0.0003825654	-0.0003800195	-0.0003773905	-0.0003746808	-0.0003718928	-0.0003690291	-0.0003660929	-0.0003630870	-0.0003600145	-0.0003568786	-0.0003536821	-0.0003504285	-0.0003471209	-0.0003437625	-0.0003403565	-0.0003369059	-0.0003334139	-0.0003298839	-0.0003263189	-0.0003227221	-0.0003190963	-0.0003154443	-0.0003117691	-0.0003080737	-0.0003043609	-0.0003006335	-0.0002968940	-0.0002931450	-0.0002893892	-0.0002856288	-0.0002818665	-0.0002781044	-0.0002743448	-0.0002705900	-0.0002668420	-0.0002631029	-0.0002593745	-0.0002556587	-0.0002519573	-0.0002482720	-0.0002446045	-0.0002409562	-0.0002373287	-0.0002337235	-0.0002301420	-0.0002265854	-0.0002230550	-0.0002195518	-0.0002160771	-0.0002126318	-0.0002092170	-0.0002058335	-0.0002024823	-0.0001991640	-0.0001958795	-0.0001926295	-0.0001894146	-0.0001862354	-0.0001830924	-0.0001799861	-0.0001769169	-0.0001738853	-0.0001708916	-0.0001679362	-0.0001650192	-0.0001621410	-0.0001593017	-0.0001565016	-0.0001537406	-0.0001510190	-0.0001483367	-0.0001456939	-0.0001430905	-0.0001405266	-0.0001380020	-0.0001355166	-0.0001330705	-0.0001306633	-0.0001282951	-0.0001259658	-0.0001236754	-0.0001214237	-0.0001192100	-0.0001170306	-0.0001148798	-0.0001127579	-0.0001106969	-0.0001087927	-0.0001071612	-0.0001057733	-0.0001045053	-0.0001032759	-0.0001020618	-0.0001008642	-0.0000996874	-0.0000985333	-0.0000974021	-0.0000962932	-0.0000952058	-0.0000941377	-0.0000930831
-0.0001471792	-0.0001472710	-0.0001473666	-0.0001474688	-0.0001475785	-0.0001476963	-0.0001478227	-0.0001479564	-0.0001480903	-0.0001482098	-0.0001483074	-0.0001484414	-0.0001488314	-0.0001498326	-0.0001515624	-0.0001536846	-0.0001559115	-0.0001581443	-0.0001603804	-0.0001626359	-0.0001649206	-0.0001672370	-0.0001695849	-0.0001719635	-0.0001743728	-0.0001768127	-0.0001792834	-0.0001817847	-0.0001843169	-0.0001868799	-0.0001894736	-0.0001920980	-0.0001947531	-0.0001974387	-0.0002001548	-0.0002029013	-0.0002056779	-0.0002084846	-0.0002113211	-0.0002141872	-0.0002170827	-0.0002200073	-0.0002229607	-0.0002259425	-0.0002289523	-0.0002319899	-0.0002350547	-0.0002381463	-0.0002412643	-0.0002444079	-0.0002475768	-0.0002507703	-0.0002539877	-0.0002572284	-0.0002604915	-0.0002637764	-0.0002670822	-0.0002704081	-0.0002737532	-0.0002771165	-0.0002804970	-0.0002838938	-0.0002873054	-0.0002907310	-0.0002941694	-0.0002976191	-0.0003010789	-0.0003045477	-0.0003080236	-0.0003115054	-0.0003149917	-0.0003184806	-0.0003219708	-0.0003254605	-0.0003289477	-0.0003324310	-0.0003359083	-0.0003393776	-0.0003428373	-0.0003462850	-0.0003497187	-0.0003531366	-0.0003565361	-0.0003599151	-0.0003632713	-0.0003666023	-0.0003699054	-0.0003731784	-0.0003764186	-0.0003796231	-0.0003827898	-0.0003859155	-0.0003889976	-0.0003920337	-0.0003950208	-0.0003979561	-0.0004008368	-0.0004036599	-0.0004064224	-0.0004091213	-0.0004117541	-0.0004143175	-0.0004168089	-0.0004192252	-0.0004215634	-0.0004238205	-0.0004259939	-0.0004280808	-0.0004300784	-0.0004319839	-0.0004337949	-0.0004355087	-0.0004371228	-0.0004386351	-0.0004400435	-0.0004413454	-0.0004425396	-0.0004436246	-0.0004445989	-0.0004454612	-0.0004462110	-0.0004468479	-0.0004473715	-0.0004477823	-0.0004480817	-0.0004482711	-0.0004483518	-0.0004483256	-0.0004481949	-0.0004479621	-0.0004476306	-0.0004472035	-0.0004466844	-0.0004460769	-0.0004453843	-0.0004446094	-0.0004437546	-0.0004428213	-0.0004418100	-0.0004407208	-0.0004395525	-0.0004383034	-0.0004369714	-0.0004355538	-0.0004340483	-0.0004324527	-0.0004307652	-0.0004289844	-0.0004271092	-0.0004251383	-0.0004230706	-0.0004209061	-0.0004186448	-0.0004162873	-0.0004138345	-0.0004112879	-0.0004086494	-0.0004059209	-0.0004031048	-0.0004002036	-0.0003972197	-0.0003941562	-0.0003910161	-0.0003878024	-0.0003845183	-0.0003811671	-0.0003777519	-0.0003742763	-0.0003707436	-0.0003671572	-0.0003635203	-0.0003598361	-0.0003561081	-0.0003523397	-0.0003485344	-0.0003446952	-0.0003408251	-0.0003369273	-0.0003330049	-0.0003290610	-0.0003250988	-0.0003211210	-0.0003171303	-0.0003131297	-0.0003091216	-0.0003051089	-0.0003010940	-0.0002970793	-0.0002930674	-0.0002890605	-0.0002850608	-0.0002810705	-0.0002770917	-0.0002731262	-0.0002691761	-0.0002652430	-0.0002613288	-0.0002574352	-0.0002535637	-0.0002497159	-0.0002458933	-0.0002420972	-0.0002383290	-0.0002345898	-0.0002308810	-0.0002272034	-0.0002235584	-0.0002199467	-0.0002163693	-0.0002128271	-0.0002093208	-0.0002058513	-0.0002024192	-0.0001990252	-0.0001956696	-0.0001923533	-0.0001890765	-0.0001858398	-0.0001826434	-0.0001794878	-0.0001763733	-0.0001733001	-0.0001702684	-0.0001672783	-0.0001643301	-0.0001614238	-0.0001585596	-0.0001557373	-0.0001529572	-0.0001502190	-0.0001475229	-0.0001448686	-0.0001422561	-0.0001396853	-0.0001371560	-0.0001346682	-0.0001322219	-0.0001298170	-0.0001274524	-0.0001251239	-0.0001228251	-0.0001205574	-0.0001183604	-0.0001163463	-0.0001146392	-0.0001131789	-0.0001118306	-0.0001105171	-0.0001092190	-0.0001079391	-0.0001066820	-0.0001054493	-0.0001042409	-0.0001030562	-0.0001018944	-0.0001007532	-0.0000996264
-0.0001569347	-0.0001570325	-0.0001571343	-0.0001572431	-0.0001573599	-0.0001574852	-0.0001576197	-0.0001577625	-0.0001579074	-0.0001580393	-0.0001581456	-0.0001582703	-0.0001586178	-0.0001595747	-0.0001613542	-0.0001635982	-0.0001659699	-0.0001683488	-0.0001707284	-0.0001731271	-0.0001755563	-0.0001780193	-0.0001805157	-0.0001830449	-0.0001856066	-0.0001882009	-0.0001908277	-0.0001934872	-0.0001961793	-0.0001989041	-0.0002016616	-0.0002044516	-0.0002072743	-0.0002101293	-0.0002130166	-0.0002159361	-0.0002188877	-0.0002218711	-0.0002248862	-0.0002279327	-0.0002310104	-0.0002341189	-0.0002372579	-0.0002404270	-0.0002436259	-0.0002468541	-0.0002501113	-0.0002533968	-0.0002567102	-0.0002600508	-0.0002634182	-0.0002668116	-0.0002702303	-0.0002736736	-0.0002771408	-0.0002806308	-0.0002841431	-0.0002876765	-0.0002912302	-0.0002948032	-0.0002983942	-0.0003020024	-0.0003056264	-0.0003092650	-0.0003129170	-0.0003165810	-0.0003202556	-0.0003239395	-0.0003276310	-0.0003313286	-0.0003350309	-0.0003387360	-0.0003424422	-0.0003461479	-0.0003498510	-0.0003535497	-0.0003572421	-0.0003609259	-0.0003645994	-0.0003682601	-0.0003719059	-0.0003755346	-0.0003791438	-0.0003827310	-0.0003862939	-0.0003898299	-0.0003933362	-0.0003968105	-0.0004002498	-0.0004036513	-0.0004070125	-0.0004103304	-0.0004136022	-0.0004168250	-0.0004199961	-0.0004231121	-0.0004261704	-0.0004291676	-0.0004321004	-0.0004349660	-0.0004377612	-0.0004404831	-0.0004431287	-0.0004456950	-0.0004481789	-0.0004505771	-0.0004528868	-0.0004551050	-0.0004572288	-0.0004592554	-0.0004611822	-0.0004630067	-0.0004647262	-0.0004663382	-0.0004678407	-0.0004692314	-0.0004705084	-0.0004716704	-0.0004727161	-0.0004736441	-0.0004744536	-0.0004751443	-0.0004757162	-0.0004761692	-0.0004765043	-0.0004767229	-0.0004768269	-0.0004768182	-0.0004766986	-0.0004764707	-0.0004761373	-0.0004757013	-0.0004751659	-0.0004745341	-0.0004738089	-0.0004729929	-0.0004720880	-0.0004710957	-0.0004700166	-0.0004688506	-0.0004675969	-0.0004662543	-0.0004648210	-0.0004632951	-0.0004616749	-0.0004599586	-0.0004581449	-0.0004562323	-0.0004542194	-0.0004521051	-0.0004498889	-0.0004475708	-0.0004451508	-0.0004426297	-0.0004400087	-0.0004372895	-0.0004344738	-0.0004315638	-0.0004285619	-0.0004254704	-0.0004222922	-0.0004190305	-0.0004156881	-0.0004122685	-0.0004087750	-0.0004052106	-0.0004015790	-0.0003978839	-0.0003941285	-0.0003903165	-0.0003864513	-0.0003825363	-0.0003785752	-0.0003745715	-0.0003705287	-0.0003664502	-0.0003623390	-0.0003581984	-0.0003540320	-0.0003498429	-0.0003456343	-0.0003414093	-0.0003371707	-0.0003329215	-0.0003286646	-0.0003244026	-0.0003201384	-0.0003158744	-0.0003116134	-0.0003073576	-0.0003031095	-0.0002988713	-0.0002946452	-0.0002904333	-0.0002862375	-0.0002820599	-0.0002779022	-0.0002737662	-0.0002696537	-0.0002655664	-0.0002615056	-0.0002574731	-0.0002534699	-0.0002494976	-0.0002455574	-0.0002416504	-0.0002377778	-0.0002339406	-0.0002301398	-0.0002263762	-0.0002226508	-0.0002189643	-0.0002153175	-0.0002117110	-0.0002081455	-0.0002046214	-0.0002011393	-0.0001976997	-0.0001943030	-0.0001909495	-0.0001876396	-0.0001843735	-0.0001811514	-0.0001779735	-0.0001748401	-0.0001717511	-0.0001687068	-0.0001657070	-0.0001627519	-0.0001598414	-0.0001569755	-0.0001541541	-0.0001513770	-0.0001486441	-0.0001459553	-0.0001433106	-0.0001407100	-0.0001381535	-0.0001356394	-0.0001331632	-0.0001307175	-0.0001283054	-0.0001259750	-0.0001238570	-0.0001220822	-0.0001205545	-0.0001191278	-0.0001177307	-0.0001163491	-0.0001149877	-0.0001136510	-0.0001123404	-0.0001110555	-0.0001097958	-0.0001085603	-0.0001073466	-0.0001061482
-0.0001666795	-0.0001667831	-0.0001668911	-0.0001670064	-0.0001671302	-0.0001672630	-0.0001674055	-0.0001675574	-0.0001677135	-0.0001678584	-0.0001679741	-0.0001680880	-0.0001683849	-0.0001692799	-0.0001710926	-0.0001734500	-0.0001759642	-0.0001784883	-0.0001810107	-0.0001835513	-0.0001861237	-0.0001887317	-0.0001913752	-0.0001940535	-0.0001967661	-0.0001995131	-0.0002022946	-0.0002051105	-0.0002079610	-0.0002108460	-0.0002137655	-0.0002167195	-0.0002197079	-0.0002227305	-0.0002257872	-0.0002288780	-0.0002320026	-0.0002351608	-0.0002383525	-0.0002415774	-0.0002448351	-0.0002481254	-0.0002514479	-0.0002548022	-0.0002581879	-0.0002616046	-0.0002650518	-0.0002685289	-0.0002720354	-0.0002755706	-0.0002791339	-0.0002827248	-0.0002863422	-0.0002899856	-0.0002936541	-0.0002973468	-0.0003010627	-0.0003048009	-0.0003085604	-0.0003123402	-0.0003161390	-0.0003199558	-0.0003237892	-0.0003276379	-0.0003315006	-0.0003353760	-0.0003392624	-0.0003431587	-0.0003470629	-0.0003509734	-0.0003548888	-0.0003588070	-0.0003627264	-0.0003666452	-0.0003705611	-0.0003744723	-0.0003783767	-0.0003822718	-0.0003861558	-0.0003900263	-0.0003938808	-0.0003977170	-0.0004015325	-0.0004053245	-0.0004090907	-0.0004128285	-0.0004165347	-0.0004202069	-0.0004238423	-0.0004274379	-0.0004309907	-0.0004344981	-0.0004379566	-0.0004413634	-0.0004447155	-0.0004480094	-0.0004512422	-0.0004544105	-0.0004575109	-0.0004605403	-0.0004634955	-0.0004663736	-0.0004691713	-0.0004718854	-0.0004745129	-0.0004770501	-0.0004794940	-0.0004818416	-0.0004840900	-0.0004862363	-0.0004882776	-0.0004902115	-0.0004920352	-0.0004937459	-0.0004953417	-0.0004968205	-0.0004981800	-0.0004994186	-0.0005005354	-0.0005015291	-0.0005023985	-0.0005031432	-0.0005037633	-0.0005042590	-0.0005046306	-0.0005048794	-0.0005050070	-0.0005050155	-0.0005049070	-0.0005046838	-0.0005043483	-0.0005039033	-0.0005033513	-0.0005026952	-0.0005019375	-0.0005010805	-0.0005001259	-0.0004990750	-0.0004979286	-0.0004966866	-0.0004953486	-0.0004939137	-0.0004923806	-0.0004907481	-0.0004890149	-0.0004871794	-0.0004852404	-0.0004831963	-0.0004810461	-0.0004787890	-0.0004764250	-0.0004739537	-0.0004713757	-0.0004686921	-0.0004659040	-0.0004630132	-0.0004600216	-0.0004569314	-0.0004537449	-0.0004504648	-0.0004470941	-0.0004436360	-0.0004400935	-0.0004364702	-0.0004327693	-0.0004289943	-0.0004251489	-0.0004212367	-0.0004172614	-0.0004132267	-0.0004091360	-0.0004049931	-0.0004008018	-0.0003965659	-0.0003922889	-0.0003879742	-0.0003836251	-0.0003792452	-0.0003748381	-0.0003704071	-0.0003659556	-0.0003614868	-0.0003570037	-0.0003525094	-0.0003480070	-0.0003434992	-0.0003389891	-0.0003344793	-0.0003299725	-0.0003254714	-0.0003209782	-0.0003164955	-0.0003120255	-0.0003075705	-0.0003031324	-0.0002987135	-0.0002943156	-0.0002899405	-0.0002855903	-0.0002812665	-0.0002769708	-0.0002727048	-0.0002684699	-0.0002642675	-0.0002600988	-0.0002559654	-0.0002518681	-0.0002478083	-0.0002437868	-0.0002398046	-0.0002358628	-0.0002319620	-0.0002281032	-0.0002242869	-0.0002205138	-0.0002167846	-0.0002130997	-0.0002094597	-0.0002058649	-0.0002023159	-0.0001988128	-0.0001953560	-0.0001919458	-0.0001885823	-0.0001852658	-0.0001819962	-0.0001787738	-0.0001755985	-0.0001724705	-0.0001693896	-0.0001663557	-0.0001633689	-0.0001604290	-0.0001575359	-0.0001546894	-0.0001518894	-0.0001491362	-0.0001464296	-0.0001437676	-0.0001411448	-0.0001385536	-0.0001359997	-0.0001335421	-0.0001313291	-0.0001294925	-0.0001278993	-0.0001263949	-0.0001249148	-0.0001234505	-0.0001220084	-0.0001205930	-0.0001192053	-0.0001178447	-0.0001165106	-0.0001152021	-0.0001139166	-0.0001126473
-0.0001764126	-0.0001765221	-0.0001766361	-0.0001767580	-0.0001768887	-0.0001770290	-0.0001771794	-0.0001773402	-0.0001775071	-0.0001776651	-0.0001777914	-0.0001778985	-0.0001781496	-0.0001789766	-0.0001807927	-0.0001832414	-0.0001858901	-0.0001885582	-0.0001912231	-0.0001939049	-0.0001966190	-0.0001993706	-0.0002021596	-0.0002049852	-0.0002078472	-0.0002107453	-0.0002136797	-0.0002166504	-0.0002196575	-0.0002227009	-0.0002257807	-0.0002288968	-0.0002320490	-0.0002352373	-0.0002384615	-0.0002417215	-0.0002450171	-0.0002483481	-0.0002517143	-0.0002551153	-0.0002585510	-0.0002620209	-0.0002655246	-0.0002690618	-0.0002726320	-0.0002762347	-0.0002798695	-0.0002835357	-0.0002872327	-0.0002909600	-0.0002947167	-0.0002985023	-0.0003023159	-0.0003061566	-0.0003100238	-0.0003139161	-0.0003178329	-0.0003217731	-0.0003257355	-0.0003297193	-0.0003337229	-0.0003377453	-0.0003417852	-0.0003458410	-0.0003499116	-0.0003539954	-0.0003580908	-0.0003621963	-0.0003663102	-0.0003704306	-0.0003745560	-0.0003786843	-0.0003828137	-0.0003869423	-0.0003910677	-0.0003951879	-0.0003993008	-0.0004034039	-0.0004074949	-0.0004115716	-0.0004156312	-0.0004196713	-0.0004236896	-0.0004276831	-0.0004316492	-0.0004355853	-0.0004394883	-0.0004433555	-0.0004471840	-0.0004509705	-0.0004547120	-0.0004584055	-0.0004620476	-0.0004656351	-0.0004691648	-0.0004726334	-0.0004760375	-0.0004793740	-0.0004826393	-0.0004858299	-0.0004889427	-0.0004919744	-0.0004949217	-0.0004977812	-0.0005005497	-0.0005032236	-0.0005057996	-0.0005082747	-0.0005106460	-0.0005129104	-0.0005150647	-0.0005171064	-0.0005190327	-0.0005208412	-0.0005225294	-0.0005240951	-0.0005255365	-0.0005268515	-0.0005280388	-0.0005290975	-0.0005300266	-0.0005308255	-0.0005314938	-0.0005320318	-0.0005324402	-0.0005327197	-0.0005328717	-0.0005328977	-0.0005328001	-0.0005325811	-0.0005322431	-0.0005317885	-0.0005312196	-0.0005305389	-0.0005297486	-0.0005288506	-0.0005278466	-0.0005267378	-0.0005255248	-0.0005242080	-0.0005227871	-0.0005212615	-0.0005196306	-0.0005178933	-0.0005160485	-0.0005140948	-0.0005120310	-0.0005098562	-0.0005075696	-0.0005051708	-0.0005026597	-0.0005000363	-0.0004973017	-0.0004944568	-0.0004915029	-0.0004884419	-0.0004852759	-0.0004820071	-0.0004786379	-0.0004751711	-0.0004716099	-0.0004679574	-0.0004642171	-0.0004603924	-0.0004564867	-0.0004525036	-0.0004484471	-0.0004443207	-0.0004401285	-0.0004358739	-0.0004315608	-0.0004271932	-0.0004227750	-0.0004183102	-0.0004138022	-0.0004092547	-0.0004046712	-0.0004000554	-0.0003954112	-0.0003907420	-0.0003860512	-0.0003813422	-0.0003766181	-0.0003718824	-0.0003671380	-0.0003623882	-0.0003576358	-0.0003528837	-0.0003481348	-0.0003433918	-0.0003386572	-0.0003339335	-0.0003292232	-0.0003245285	-0.0003198517	-0.0003151950	-0.0003105602	-0.0003059496	-0.0003013650	-0.0002968081	-0.0002922808	-0.0002877846	-0.0002833211	-0.0002788917	-0.0002744979	-0.0002701410	-0.0002658222	-0.0002615427	-0.0002573036	-0.0002531058	-0.0002489504	-0.0002448382	-0.0002407701	-0.0002367467	-0.0002327688	-0.0002288370	-0.0002249519	-0.0002211140	-0.0002173238	-0.0002135816	-0.0002098879	-0.0002062428	-0.0002026468	-0.0001990999	-0.0001956025	-0.0001921545	-0.0001887562	-0.0001854075	-0.0001821086	-0.0001788592	-0.0001756595	-0.0001725093	-0.0001694085	-0.0001663569	-0.0001633545	-0.0001604012	-0.0001574971	-0.0001546419	-0.0001518333	-0.0001490650	-0.0001463299	-0.0001436393	-0.0001410664	-0.0001387728	-0.0001368754	-0.0001352135	-0.0001336300	-0.0001320673	-0.0001305214	-0.0001289996	-0.0001275064	-0.0001260424	-0.0001246069	-0.0001231992	-0.0001218184	-0.0001204618	-0.0001191223
-0.0001861336	-0.0001862488	-0.0001863688	-0.0001864971	-0.0001866348	-0.0001867824	-0.0001869406	-0.0001871100	-0.0001872870	-0.0001874571	-0.0001875961	-0.0001877069	-0.0001879336	-0.0001887003	-0.0001904738	-0.0001929742	-0.0001957430	-0.0001985532	-0.0002013612	-0.0002041839	-0.0002070386	-0.0002099320	-0.0002128647	-0.0002158361	-0.0002188457	-0.0002218932	-0.0002249788	-0.0002281025	-0.0002312644	-0.0002344644	-0.0002377025	-0.0002409786	-0.0002442927	-0.0002476447	-0.0002510343	-0.0002544614	-0.0002579259	-0.0002614275	-0.0002649659	-0.0002685409	-0.0002721522	-0.0002757993	-0.0002794819	-0.0002831995	-0.0002869518	-0.0002907380	-0.0002945578	-0.0002984105	-0.0003022954	-0.0003062121	-0.0003101595	-0.0003141371	-0.0003181439	-0.0003221792	-0.0003262421	-0.0003303313	-0.0003344461	-0.0003385853	-0.0003427477	-0.0003469324	-0.0003511380	-0.0003553630	-0.0003596064	-0.0003638664	-0.0003681417	-0.0003724309	-0.0003767320	-0.0003810436	-0.0003853640	-0.0003896910	-0.0003940230	-0.0003983581	-0.0004026938	-0.0004070286	-0.0004113601	-0.0004156856	-0.0004200034	-0.0004243107	-0.0004286051	-0.0004328842	-0.0004371455	-0.0004413861	-0.0004456036	-0.0004497952	-0.0004539578	-0.0004580891	-0.0004621857	-0.0004662444	-0.0004702626	-0.0004742366	-0.0004781632	-0.0004820393	-0.0004858615	-0.0004896261	-0.0004933301	-0.0004969702	-0.0005005427	-0.0005040443	-0.0005074716	-0.0005108208	-0.0005140884	-0.0005172709	-0.0005203650	-0.0005233671	-0.0005262740	-0.0005290823	-0.0005317884	-0.0005343891	-0.0005368812	-0.0005392615	-0.0005415271	-0.0005436750	-0.0005457026	-0.0005476075	-0.0005493868	-0.0005510384	-0.0005525605	-0.0005539511	-0.0005552086	-0.0005563317	-0.0005573198	-0.0005581724	-0.0005588888	-0.0005594690	-0.0005599137	-0.0005602236	-0.0005604000	-0.0005604442	-0.0005603579	-0.0005601432	-0.0005598024	-0.0005593377	-0.0005587514	-0.0005580458	-0.0005572227	-0.0005562838	-0.0005552308	-0.0005540647	-0.0005527863	-0.0005513959	-0.0005498936	-0.0005482791	-0.0005465517	-0.0005447107	-0.0005427551	-0.0005406841	-0.0005384968	-0.0005361926	-0.0005337709	-0.0005312316	-0.0005285747	-0.0005258009	-0.0005229111	-0.0005199064	-0.0005167884	-0.0005135591	-0.0005102205	-0.0005067748	-0.0005032248	-0.0004995736	-0.0004958242	-0.0004919799	-0.0004880443	-0.0004840206	-0.0004799127	-0.0004757245	-0.0004714597	-0.0004671222	-0.0004627160	-0.0004582449	-0.0004537127	-0.0004491237	-0.0004444821	-0.0004397917	-0.0004350564	-0.0004302795	-0.0004254652	-0.0004206173	-0.0004157397	-0.0004108360	-0.0004059097	-0.0004009642	-0.0003960031	-0.0003910297	-0.0003860473	-0.0003810591	-0.0003760682	-0.0003710777	-0.0003660905	-0.0003611093	-0.0003561370	-0.0003511761	-0.0003462291	-0.0003412986	-0.0003363866	-0.0003314957	-0.0003266278	-0.0003217850	-0.0003169696	-0.0003121832	-0.0003074277	-0.0003027048	-0.0002980161	-0.0002933631	-0.0002887474	-0.0002841703	-0.0002796332	-0.0002751372	-0.0002706835	-0.0002662731	-0.0002619072	-0.0002575866	-0.0002533121	-0.0002490845	-0.0002449047	-0.0002407731	-0.0002366905	-0.0002326574	-0.0002286743	-0.0002247416	-0.0002208597	-0.0002170289	-0.0002132495	-0.0002095217	-0.0002058457	-0.0002022216	-0.0001986496	-0.0001951298	-0.0001916621	-0.0001882464	-0.0001848829	-0.0001815713	-0.0001783116	-0.0001751035	-0.0001719471	-0.0001688423	-0.0001657892	-0.0001627872	-0.0001598332	-0.0001569204	-0.0001540431	-0.0001512220	-0.0001485491	-0.0001461931	-0.0001442334	-0.0001424965	-0.0001408312	-0.0001391863	-0.0001375600	-0.0001359597	-0.0001343897	-0.0001328503	-0.0001313407	-0.0001298602	-0.0001284080	-0.0001269811	-0.0001255720
-0.0001958415	-0.0001959624	-0.0001960884	-0.0001962230	-0.0001963676	-0.0001965226	-0.0001966885	-0.0001968661	-0.0001970523	-0.0001972340	-0.0001973875	-0.0001975117	-0.0001977326	-0.0001984434	-0.0002001282	-0.0002026432	-0.0002055192	-0.0002084700	-0.0002114217	-0.0002143848	-0.0002173786	-0.0002204121	-0.0002234869	-0.0002266022	-0.0002297576	-0.0002329527	-0.0002361876	-0.0002394624	-0.0002427771	-0.0002461316	-0.0002495261	-0.0002529603	-0.0002564342	-0.0002599477	-0.0002635006	-0.0002670926	-0.0002707237	-0.0002743936	-0.0002781019	-0.0002818485	-0.0002856329	-0.0002894548	-0.0002933138	-0.0002972093	-0.0003011410	-0.0003051081	-0.0003091102	-0.0003131467	-0.0003172169	-0.0003213200	-0.0003254554	-0.0003296221	-0.0003338194	-0.0003380463	-0.0003423019	-0.0003465851	-0.0003508949	-0.0003552302	-0.0003595897	-0.0003639723	-0.0003683767	-0.0003728013	-0.0003772450	-0.0003817060	-0.0003861828	-0.0003906740	-0.0003951775	-0.0003996917	-0.0004042150	-0.0004087451	-0.0004132800	-0.0004178181	-0.0004223566	-0.0004268938	-0.0004314274	-0.0004359547	-0.0004404735	-0.0004449814	-0.0004494755	-0.0004539535	-0.0004584128	-0.0004628504	-0.0004672637	-0.0004716499	-0.0004760058	-0.0004803285	-0.0004846150	-0.0004888617	-0.0004930656	-0.0004972234	-0.0005013314	-0.0005053863	-0.0005093848	-0.0005133234	-0.0005171984	-0.0005210068	-0.0005247446	-0.0005284084	-0.0005319945	-0.0005354990	-0.0005389182	-0.0005422485	-0.0005454865	-0.0005486286	-0.0005516715	-0.0005546116	-0.0005574454	-0.0005601693	-0.0005627799	-0.0005652742	-0.0005676491	-0.0005699016	-0.0005720289	-0.0005740284	-0.0005758975	-0.0005776338	-0.0005792353	-0.0005807004	-0.0005820271	-0.0005832141	-0.0005842605	-0.0005851658	-0.0005859296	-0.0005865518	-0.0005870325	-0.0005873724	-0.0005875726	-0.0005876345	-0.0005875594	-0.0005873493	-0.0005870059	-0.0005865314	-0.0005859279	-0.0005851972	-0.0005843414	-0.0005833620	-0.0005822604	-0.0005810376	-0.0005796946	-0.0005782317	-0.0005766490	-0.0005749464	-0.0005731236	-0.0005711800	-0.0005691150	-0.0005669282	-0.0005646189	-0.0005621868	-0.0005596314	-0.0005569531	-0.0005541524	-0.0005512300	-0.0005481867	-0.0005450242	-0.0005417442	-0.0005383485	-0.0005348392	-0.0005312189	-0.0005274906	-0.0005236573	-0.0005197222	-0.0005156887	-0.0005115603	-0.0005073406	-0.0005030336	-0.0004986431	-0.0004941732	-0.0004896279	-0.0004850110	-0.0004803266	-0.0004755789	-0.0004707722	-0.0004659108	-0.0004609986	-0.0004560393	-0.0004510370	-0.0004459957	-0.0004409195	-0.0004358123	-0.0004306780	-0.0004255201	-0.0004203422	-0.0004151480	-0.0004099410	-0.0004047245	-0.0003995020	-0.0003942767	-0.0003890516	-0.0003838300	-0.0003786148	-0.0003734086	-0.0003682144	-0.0003630346	-0.0003578719	-0.0003527287	-0.0003476073	-0.0003425100	-0.0003374389	-0.0003323963	-0.0003273840	-0.0003224039	-0.0003174578	-0.0003125475	-0.0003076744	-0.0003028403	-0.0002980465	-0.0002932943	-0.0002885852	-0.0002839201	-0.0002793004	-0.0002747271	-0.0002702011	-0.0002657234	-0.0002612946	-0.0002569157	-0.0002525873	-0.0002483101	-0.0002440846	-0.0002399114	-0.0002357909	-0.0002317234	-0.0002277095	-0.0002237492	-0.0002198429	-0.0002159909	-0.0002121931	-0.0002084499	-0.0002047611	-0.0002011269	-0.0001975472	-0.0001940220	-0.0001905512	-0.0001871346	-0.0001837721	-0.0001804637	-0.0001772094	-0.0001740092	-0.0001708622	-0.0001677644	-0.0001647081	-0.0001616902	-0.0001587431	-0.0001559817	-0.0001535783	-0.0001515594	-0.0001497454	-0.0001479974	-0.0001462707	-0.0001445649	-0.0001428874	-0.0001412415	-0.0001396276	-0.0001380448	-0.0001364924	-0.0001349695	-0.0001334730	-0.0001319952
-0.0002055356	-0.0002056622	-0.0002057940	-0.0002059349	-0.0002060864	-0.0002062486	-0.0002064222	-0.0002066078	-0.0002068031	-0.0002069966	-0.0002071660	-0.0002073057	-0.0002075201	-0.0002081612	-0.0002097259	-0.0002122375	-0.0002152158	-0.0002183068	-0.0002214018	-0.0002245041	-0.0002276353	-0.0002308071	-0.0002340220	-0.0002372795	-0.0002405787	-0.0002439195	-0.0002473018	-0.0002507257	-0.0002541912	-0.0002576983	-0.0002612470	-0.0002648371	-0.0002684687	-0.0002721415	-0.0002758553	-0.0002796100	-0.0002834053	-0.0002872411	-0.0002911169	-0.0002950326	-0.0002989877	-0.0003029818	-0.0003070145	-0.0003110853	-0.0003151936	-0.0003193390	-0.0003235207	-0.0003277382	-0.0003319907	-0.0003362776	-0.0003405979	-0.0003449509	-0.0003493357	-0.0003537513	-0.0003581967	-0.0003626709	-0.0003671726	-0.0003717009	-0.0003762542	-0.0003808316	-0.0003854315	-0.0003900524	-0.0003946930	-0.0003993516	-0.0004040264	-0.0004087159	-0.0004134182	-0.0004181315	-0.0004228539	-0.0004275832	-0.0004323174	-0.0004370545	-0.0004417921	-0.0004465279	-0.0004512598	-0.0004559850	-0.0004607012	-0.0004654059	-0.0004700962	-0.0004747695	-0.0004794233	-0.0004840543	-0.0004886596	-0.0004932367	-0.0004977819	-0.0005022921	-0.0005067645	-0.0005111952	-0.0005155809	-0.0005199184	-0.0005242040	-0.0005284342	-0.0005326056	-0.0005367147	-0.0005407575	-0.0005447307	-0.0005486305	-0.0005524530	-0.0005561943	-0.0005598507	-0.0005634184	-0.0005668935	-0.0005702725	-0.0005735520	-0.0005767282	-0.0005797974	-0.0005827560	-0.0005856005	-0.0005883275	-0.0005909336	-0.0005934157	-0.0005957709	-0.0005979959	-0.0006000883	-0.0006020455	-0.0006038651	-0.0006055448	-0.0006070828	-0.0006084776	-0.0006097275	-0.0006108315	-0.0006117887	-0.0006125989	-0.0006132620	-0.0006137782	-0.0006141477	-0.0006143713	-0.0006144503	-0.0006143859	-0.0006141798	-0.0006138337	-0.0006133493	-0.0006127286	-0.0006119732	-0.0006110850	-0.0006100653	-0.0006089156	-0.0006076369	-0.0006062299	-0.0006046953	-0.0006030332	-0.0006012438	-0.0005993269	-0.0005972823	-0.0005951097	-0.0005928086	-0.0005903789	-0.0005878204	-0.0005851334	-0.0005823183	-0.0005793758	-0.0005763067	-0.0005731123	-0.0005697942	-0.0005663542	-0.0005627942	-0.0005591167	-0.0005553244	-0.0005514203	-0.0005474074	-0.0005432894	-0.0005390696	-0.0005347514	-0.0005303388	-0.0005258358	-0.0005212463	-0.0005165746	-0.0005118247	-0.0005070006	-0.0005021066	-0.0004971471	-0.0004921265	-0.0004870490	-0.0004819187	-0.0004767395	-0.0004715156	-0.0004662513	-0.0004609509	-0.0004556182	-0.0004502573	-0.0004448719	-0.0004394657	-0.0004340426	-0.0004286061	-0.0004231597	-0.0004177071	-0.0004122514	-0.0004067961	-0.0004013443	-0.0003958989	-0.0003904631	-0.0003850395	-0.0003796311	-0.0003742403	-0.0003688697	-0.0003635218	-0.0003581989	-0.0003529034	-0.0003476374	-0.0003424030	-0.0003372021	-0.0003320366	-0.0003269083	-0.0003218187	-0.0003167697	-0.0003117627	-0.0003067991	-0.0003018802	-0.0002970072	-0.0002921815	-0.0002874041	-0.0002826760	-0.0002779981	-0.0002733713	-0.0002687965	-0.0002642743	-0.0002598054	-0.0002553905	-0.0002510300	-0.0002467244	-0.0002424743	-0.0002382798	-0.0002341414	-0.0002300593	-0.0002260337	-0.0002220648	-0.0002181527	-0.0002142975	-0.0002104992	-0.0002067577	-0.0002030731	-0.0001994453	-0.0001958740	-0.0001923593	-0.0001889009	-0.0001854991	-0.0001821539	-0.0001788638	-0.0001756240	-0.0001724258	-0.0001692686	-0.0001661977	-0.0001633538	-0.0001609142	-0.0001588442	-0.0001569568	-0.0001551272	-0.0001533193	-0.0001515350	-0.0001497811	-0.0001480604	-0.0001463730	-0.0001447179	-0.0001430944	-0.0001415016	-0.0001399363	-0.0001383906
-0.0002152152	-0.0002153472	-0.0002154848	-0.0002156321	-0.0002157902	-0.0002159596	-0.0002161407	-0.0002163344	-0.0002165391	-0.0002167451	-0.0002169313	-0.0002170848	-0.0002172825	-0.0002178321	-0.0002192545	-0.0002217523	-0.0002248304	-0.0002280610	-0.0002312982	-0.0002345382	-0.0002378051	-0.0002411132	-0.0002444664	-0.0002478640	-0.0002513053	-0.0002547897	-0.0002583174	-0.0002618884	-0.0002655026	-0.0002691600	-0.0002728607	-0.0002766046	-0.0002803915	-0.0002842212	-0.0002880937	-0.0002920086	-0.0002959657	-0.0002999649	-0.0003040057	-0.0003080879	-0.0003122110	-0.0003163747	-0.0003205785	-0.0003248217	-0.0003291040	-0.0003334248	-0.0003377833	-0.0003421789	-0.0003466109	-0.0003510786	-0.0003555810	-0.0003601173	-0.0003646866	-0.0003692878	-0.0003739200	-0.0003785820	-0.0003832724	-0.0003879903	-0.0003927342	-0.0003975028	-0.0004022949	-0.0004071086	-0.0004119424	-0.0004167948	-0.0004216639	-0.0004265481	-0.0004314454	-0.0004363538	-0.0004412715	-0.0004461963	-0.0004511258	-0.0004560581	-0.0004609908	-0.0004659215	-0.0004708479	-0.0004757675	-0.0004806773	-0.0004855751	-0.0004904578	-0.0004953226	-0.0005001668	-0.0005049873	-0.0005097807	-0.0005145443	-0.0005192747	-0.0005239684	-0.0005286223	-0.0005332330	-0.0005377966	-0.0005423100	-0.0005467696	-0.0005511716	-0.0005555123	-0.0005597882	-0.0005639953	-0.0005681296	-0.0005721875	-0.0005761649	-0.0005800579	-0.0005838628	-0.0005875758	-0.0005911927	-0.0005947099	-0.0005981236	-0.0006014301	-0.0006046255	-0.0006077062	-0.0006106687	-0.0006135096	-0.0006162252	-0.0006188123	-0.0006212678	-0.0006235887	-0.0006257722	-0.0006278156	-0.0006297167	-0.0006314731	-0.0006330827	-0.0006345440	-0.0006358554	-0.0006370158	-0.0006380241	-0.0006388799	-0.0006395829	-0.0006401333	-0.0006405315	-0.0006407779	-0.0006408735	-0.0006408194	-0.0006406169	-0.0006402675	-0.0006397729	-0.0006391348	-0.0006383547	-0.0006374342	-0.0006363746	-0.0006351773	-0.0006338432	-0.0006323733	-0.0006307680	-0.0006290279	-0.0006271531	-0.0006251436	-0.0006229996	-0.0006207208	-0.0006183072	-0.0006157591	-0.0006130766	-0.0006102603	-0.0006073106	-0.0006042285	-0.0006010150	-0.0005976719	-0.0005942006	-0.0005906029	-0.0005868812	-0.0005830382	-0.0005790766	-0.0005749995	-0.0005708101	-0.0005665121	-0.0005621088	-0.0005576041	-0.0005530019	-0.0005483062	-0.0005435213	-0.0005386513	-0.0005337003	-0.0005286727	-0.0005235728	-0.0005184054	-0.0005131748	-0.0005078852	-0.0005025408	-0.0004971457	-0.0004917045	-0.0004862214	-0.0004807009	-0.0004751470	-0.0004695637	-0.0004639550	-0.0004583248	-0.0004526770	-0.0004470153	-0.0004413434	-0.0004356649	-0.0004299832	-0.0004243020	-0.0004186241	-0.0004129531	-0.0004072918	-0.0004016431	-0.0003960101	-0.0003903954	-0.0003848016	-0.0003792313	-0.0003736870	-0.0003681710	-0.0003626856	-0.0003572330	-0.0003518152	-0.0003464341	-0.0003410916	-0.0003357893	-0.0003305292	-0.0003253126	-0.0003201411	-0.0003150160	-0.0003099386	-0.0003049104	-0.0002999323	-0.0002950055	-0.0002901308	-0.0002853092	-0.0002805416	-0.0002758288	-0.0002711713	-0.0002665699	-0.0002620252	-0.0002575376	-0.0002531076	-0.0002487355	-0.0002444217	-0.0002401664	-0.0002359700	-0.0002318325	-0.0002277541	-0.0002237350	-0.0002197750	-0.0002158742	-0.0002120326	-0.0002082500	-0.0002045263	-0.0002008615	-0.0001972554	-0.0001937083	-0.0001902201	-0.0001867889	-0.0001834089	-0.0001800704	-0.0001767759	-0.0001735848	-0.0001706649	-0.0001681982	-0.0001660853	-0.0001641285	-0.0001622189	-0.0001603308	-0.0001584688	-0.0001566394	-0.0001548450	-0.0001530850	-0.0001513585	-0.0001496648	-0.0001480031	-0.0001463699	-0.0001447571
-0.0002248794	-0.0002250169	-0.0002251602	-0.0002253137	-0.0002254785	-0.0002256550	-0.0002258436	-0.0002260452	-0.0002262593	-0.0002264784	-0.0002266817	-0.0002268479	-0.0002270237	-0.0002274699	-0.0002287346	-0.0002311977	-0.0002343628	-0.0002377284	-0.0002411066	-0.0002444832	-0.0002478842	-0.0002513269	-0.0002548163	-0.0002583521	-0.0002619333	-0.0002655594	-0.0002692303	-0.0002729461	-0.0002767069	-0.0002805125	-0.0002843629	-0.0002882582	-0.0002921980	-0.0002961824	-0.0003002110	-0.0003042836	-0.0003084000	-0.0003125600	-0.0003167632	-0.0003210092	-0.0003252978	-0.0003296283	-0.0003340003	-0.0003384134	-0.0003428668	-0.0003473601	-0.0003518925	-0.0003564634	-0.0003610720	-0.0003657174	-0.0003703989	-0.0003751153	-0.0003798659	-0.0003846495	-0.0003894651	-0.0003943115	-0.0003991873	-0.0004040913	-0.0004090223	-0.0004139786	-0.0004189590	-0.0004239618	-0.0004289852	-0.0004340277	-0.0004390873	-0.0004441621	-0.0004492506	-0.0004543503	-0.0004594593	-0.0004645756	-0.0004696966	-0.0004748203	-0.0004799444	-0.0004850661	-0.0004901833	-0.0004952932	-0.0005003928	-0.0005054796	-0.0005105508	-0.0005156029	-0.0005206333	-0.0005256389	-0.0005306161	-0.0005355620	-0.0005404732	-0.0005453462	-0.0005501777	-0.0005549643	-0.0005597022	-0.0005643877	-0.0005690175	-0.0005735874	-0.0005780935	-0.0005825322	-0.0005868993	-0.0005911909	-0.0005954029	-0.0005995317	-0.0006035731	-0.0006075232	-0.0006113781	-0.0006151336	-0.0006187856	-0.0006223303	-0.0006257638	-0.0006290825	-0.0006322825	-0.0006353604	-0.0006383124	-0.0006411349	-0.0006438245	-0.0006463781	-0.0006487927	-0.0006510653	-0.0006531931	-0.0006551737	-0.0006570049	-0.0006586846	-0.0006602109	-0.0006615823	-0.0006627975	-0.0006638556	-0.0006647559	-0.0006654980	-0.0006660816	-0.0006665073	-0.0006667754	-0.0006668867	-0.0006668421	-0.0006666427	-0.0006662898	-0.0006657848	-0.0006651291	-0.0006643242	-0.0006633716	-0.0006622725	-0.0006610281	-0.0006596394	-0.0006581073	-0.0006564325	-0.0006546155	-0.0006526566	-0.0006505561	-0.0006483143	-0.0006459314	-0.0006434076	-0.0006407435	-0.0006379394	-0.0006349959	-0.0006319140	-0.0006286949	-0.0006253398	-0.0006218503	-0.0006182282	-0.0006144756	-0.0006105950	-0.0006065893	-0.0006024614	-0.0005982144	-0.0005938517	-0.0005893768	-0.0005847933	-0.0005801054	-0.0005753170	-0.0005704324	-0.0005654556	-0.0005603909	-0.0005552427	-0.0005500154	-0.0005447138	-0.0005393425	-0.0005339058	-0.0005284082	-0.0005228538	-0.0005172472	-0.0005115929	-0.0005058954	-0.0005001592	-0.0004943884	-0.0004885872	-0.0004827596	-0.0004769098	-0.0004710418	-0.0004651593	-0.0004592663	-0.0004533664	-0.0004474632	-0.0004415604	-0.0004356611	-0.0004297687	-0.0004238863	-0.0004180170	-0.0004121638	-0.0004063294	-0.0004005167	-0.0003947283	-0.0003889667	-0.0003832344	-0.0003775338	-0.0003718671	-0.0003662364	-0.0003606436	-0.0003550908	-0.0003495798	-0.0003441123	-0.0003386899	-0.0003333142	-0.0003279867	-0.0003227086	-0.0003174814	-0.0003123062	-0.0003071840	-0.0003021160	-0.0002971030	-0.0002921460	-0.0002872457	-0.0002824029	-0.0002776182	-0.0002728923	-0.0002682257	-0.0002636187	-0.0002590719	-0.0002545856	-0.0002501601	-0.0002457955	-0.0002414922	-0.0002372502	-0.0002330697	-0.0002289506	-0.0002248930	-0.0002208967	-0.0002169618	-0.0002130881	-0.0002092755	-0.0002055240	-0.0002018337	-0.0001982046	-0.0001946343	-0.0001911156	-0.0001876387	-0.0001842109	-0.0001809088	-0.0001779256	-0.0001754375	-0.0001732839	-0.0001712592	-0.0001692708	-0.0001673035	-0.0001653648	-0.0001634611	-0.0001615939	-0.0001597624	-0.0001579655	-0.0001562026	-0.0001544728	-0.0001527726	-0.0001510935
-0.0002345277	-0.0002346705	-0.0002348195	-0.0002349790	-0.0002351505	-0.0002353341	-0.0002355300	-0.0002357395	-0.0002359628	-0.0002361942	-0.0002364142	-0.0002365945	-0.0002367551	-0.0002371118	-0.0002382198	-0.0002406019	-0.0002438167	-0.0002473042	-0.0002508215	-0.0002543348	-0.0002578692	-0.0002614447	-0.0002650683	-0.0002687401	-0.0002724591	-0.0002762246	-0.0002800366	-0.0002838951	-0.0002878001	-0.0002917515	-0.0002957494	-0.0002997935	-0.0003038839	-0.0003080204	-0.0003122026	-0.0003164305	-0.0003207036	-0.0003250218	-0.0003293846	-0.0003337919	-0.0003382430	-0.0003427376	-0.0003472752	-0.0003518551	-0.0003564769	-0.0003611398	-0.0003658431	-0.0003705862	-0.0003753682	-0.0003801882	-0.0003850455	-0.0003899388	-0.0003948674	-0.0003998300	-0.0004048255	-0.0004098528	-0.0004149104	-0.0004199969	-0.0004251112	-0.0004302515	-0.0004354165	-0.0004406045	-0.0004458136	-0.0004510422	-0.0004562884	-0.0004615502	-0.0004668257	-0.0004721129	-0.0004774094	-0.0004827133	-0.0004880220	-0.0004933332	-0.0004986447	-0.0005039536	-0.0005092574	-0.0005145535	-0.0005198388	-0.0005251103	-0.0005303653	-0.0005356005	-0.0005408127	-0.0005459989	-0.0005511556	-0.0005562795	-0.0005613673	-0.0005664156	-0.0005714207	-0.0005763792	-0.0005812873	-0.0005861411	-0.0005909368	-0.0005956704	-0.0006003377	-0.0006049350	-0.0006094581	-0.0006139029	-0.0006182655	-0.0006225421	-0.0006267283	-0.0006308200	-0.0006348131	-0.0006387035	-0.0006424868	-0.0006461592	-0.0006497167	-0.0006531557	-0.0006564721	-0.0006596624	-0.0006627226	-0.0006656493	-0.0006684389	-0.0006710881	-0.0006735940	-0.0006759534	-0.0006781636	-0.0006802218	-0.0006821258	-0.0006838737	-0.0006854634	-0.0006868932	-0.0006881617	-0.0006892680	-0.0006902114	-0.0006909911	-0.0006916071	-0.0006920593	-0.0006923481	-0.0006924740	-0.0006924380	-0.0006922408	-0.0006918837	-0.0006913678	-0.0006906943	-0.0006898647	-0.0006888801	-0.0006877417	-0.0006864508	-0.0006850082	-0.0006834149	-0.0006816716	-0.0006797790	-0.0006777377	-0.0006755481	-0.0006732106	-0.0006707259	-0.0006680943	-0.0006653164	-0.0006623930	-0.0006593250	-0.0006561136	-0.0006527601	-0.0006492659	-0.0006456326	-0.0006418627	-0.0006379582	-0.0006339220	-0.0006297566	-0.0006254655	-0.0006210519	-0.0006165190	-0.0006118706	-0.0006071105	-0.0006022430	-0.0005972721	-0.0005922021	-0.0005870373	-0.0005817818	-0.0005764403	-0.0005710176	-0.0005655184	-0.0005599473	-0.0005543088	-0.0005486073	-0.0005428473	-0.0005370335	-0.0005311707	-0.0005252633	-0.0005193159	-0.0005133328	-0.0005073182	-0.0005012764	-0.0004952116	-0.0004891278	-0.0004830292	-0.0004769196	-0.0004708030	-0.0004646829	-0.0004585630	-0.0004524468	-0.0004463376	-0.0004402387	-0.0004341533	-0.0004280843	-0.0004220348	-0.0004160075	-0.0004100053	-0.0004040308	-0.0003980866	-0.0003921750	-0.0003862984	-0.0003804589	-0.0003746586	-0.0003688996	-0.0003631838	-0.0003575129	-0.0003518887	-0.0003463127	-0.0003407864	-0.0003353114	-0.0003298889	-0.0003245202	-0.0003192064	-0.0003139485	-0.0003087476	-0.0003036045	-0.0002985202	-0.0002934953	-0.0002885306	-0.0002836267	-0.0002787842	-0.0002740035	-0.0002692850	-0.0002646291	-0.0002600361	-0.0002555064	-0.0002510400	-0.0002466371	-0.0002422979	-0.0002380224	-0.0002338105	-0.0002296622	-0.0002255774	-0.0002215561	-0.0002175981	-0.0002137034	-0.0002098724	-0.0002061045	-0.0002023966	-0.0001987405	-0.0001951273	-0.0001915736	-0.0001881788	-0.0001851542	-0.0001826437	-0.0001804427	-0.0001783473	-0.0001762804	-0.0001742354	-0.0001722216	-0.0001702448	-0.0001683060	-0.0001664040	-0.0001645377	-0.0001627065	-0.0001609094	-0.0001591432	-0.0001573986
-0.0002441592	-0.0002443074	-0.0002444619	-0.0002446275	-0.0002448055	-0.0002449960	-0.0002451994	-0.0002454166	-0.0002456485	-0.0002458908	-0.0002461258	-0.0002463233	-0.0002464864	-0.0002467912	-0.0002477607	-0.0002499910	-0.0002531954	-0.0002567833	-0.0002604375	-0.0002640889	-0.0002677565	-0.0002714632	-0.0002752188	-0.0002790243	-0.0002828789	-0.0002867817	-0.0002907325	-0.0002947313	-0.0002987782	-0.0003028731	-0.0003070159	-0.0003112066	-0.0003154450	-0.0003197310	-0.0003240644	-0.0003284448	-0.0003328720	-0.0003373456	-0.0003418655	-0.0003464311	-0.0003510421	-0.0003556980	-0.0003603981	-0.0003651420	-0.0003699290	-0.0003747585	-0.0003796296	-0.0003845416	-0.0003894938	-0.0003944852	-0.0003995148	-0.0004045817	-0.0004096847	-0.0004148228	-0.0004199946	-0.0004251991	-0.0004304348	-0.0004357001	-0.0004409939	-0.0004463144	-0.0004516601	-0.0004570294	-0.0004624204	-0.0004678312	-0.0004732601	-0.0004787049	-0.0004841636	-0.0004896343	-0.0004951145	-0.0005006020	-0.0005060944	-0.0005115891	-0.0005170837	-0.0005225755	-0.0005280616	-0.0005335394	-0.0005390059	-0.0005444577	-0.0005498921	-0.0005553058	-0.0005606953	-0.0005660577	-0.0005713897	-0.0005766874	-0.0005819477	-0.0005871672	-0.0005923418	-0.0005974680	-0.0006025420	-0.0006075596	-0.0006125167	-0.0006174096	-0.0006222339	-0.0006269855	-0.0006316606	-0.0006362550	-0.0006407645	-0.0006451848	-0.0006495120	-0.0006537415	-0.0006578690	-0.0006618905	-0.0006658017	-0.0006695984	-0.0006732768	-0.0006768328	-0.0006802626	-0.0006835621	-0.0006867276	-0.0006897556	-0.0006926425	-0.0006953848	-0.0006979794	-0.0007004232	-0.0007027133	-0.0007048472	-0.0007068221	-0.0007086361	-0.0007102871	-0.0007117736	-0.0007130940	-0.0007142469	-0.0007152317	-0.0007160477	-0.0007166945	-0.0007171721	-0.0007174805	-0.0007176203	-0.0007175919	-0.0007173962	-0.0007170341	-0.0007165067	-0.0007158151	-0.0007149605	-0.0007139440	-0.0007127667	-0.0007114297	-0.0007099341	-0.0007082806	-0.0007064703	-0.0007045037	-0.0007023817	-0.0007001049	-0.0006976739	-0.0006950894	-0.0006923521	-0.0006894630	-0.0006864230	-0.0006832333	-0.0006798950	-0.0006764098	-0.0006727792	-0.0006690054	-0.0006650906	-0.0006610375	-0.0006568486	-0.0006525271	-0.0006480761	-0.0006434992	-0.0006387996	-0.0006339814	-0.0006290485	-0.0006240051	-0.0006188554	-0.0006136040	-0.0006082550	-0.0006028128	-0.0005972823	-0.0005916684	-0.0005859759	-0.0005802093	-0.0005743733	-0.0005684723	-0.0005625112	-0.0005564949	-0.0005504281	-0.0005443155	-0.0005381616	-0.0005319708	-0.0005257475	-0.0005194962	-0.0005132211	-0.0005069264	-0.0005006165	-0.0004942951	-0.0004879663	-0.0004816340	-0.0004753018	-0.0004689734	-0.0004626521	-0.0004563412	-0.0004500443	-0.0004437642	-0.0004375041	-0.0004312669	-0.0004250554	-0.0004188725	-0.0004127207	-0.0004066025	-0.0004005203	-0.0003944764	-0.0003884729	-0.0003825118	-0.0003765953	-0.0003707252	-0.0003649031	-0.0003591308	-0.0003534098	-0.0003477416	-0.0003421276	-0.0003365692	-0.0003310673	-0.0003256232	-0.0003202380	-0.0003149124	-0.0003096475	-0.0003044440	-0.0002993027	-0.0002942241	-0.0002892088	-0.0002842575	-0.0002793704	-0.0002745480	-0.0002697907	-0.0002650986	-0.0002604720	-0.0002559112	-0.0002514160	-0.0002469867	-0.0002426232	-0.0002383255	-0.0002340935	-0.0002299270	-0.0002258261	-0.0002217908	-0.0002178213	-0.0002139167	-0.0002100729	-0.0002062804	-0.0002025330	-0.0001988620	-0.0001953966	-0.0001923573	-0.0001898211	-0.0001875620	-0.0001853912	-0.0001832462	-0.0001811251	-0.0001790378	-0.0001769893	-0.0001749799	-0.0001730084	-0.0001710737	-0.0001691752	-0.0001673120	-0.0001654805	-0.0001636715
-0.0002537734	-0.0002539268	-0.0002540867	-0.0002542582	-0.0002544427	-0.0002546402	-0.0002548510	-0.0002550758	-0.0002553158	-0.0002555678	-0.0002558168	-0.0002560342	-0.0002562136	-0.0002564932	-0.0002573310	-0.0002593466	-0.0002624912	-0.0002661629	-0.0002699523	-0.0002737427	-0.0002775429	-0.0002813791	-0.0002852644	-0.0002892014	-0.0002931892	-0.0002972270	-0.0003013142	-0.0003054511	-0.0003096374	-0.0003138733	-0.0003181587	-0.0003224934	-0.0003268773	-0.0003313103	-0.0003357921	-0.0003403224	-0.0003449009	-0.0003495274	-0.0003542014	-0.0003589226	-0.0003636904	-0.0003685046	-0.0003733643	-0.0003782690	-0.0003832181	-0.0003882109	-0.0003932466	-0.0003983243	-0.0004034433	-0.0004086025	-0.0004138010	-0.0004190378	-0.0004243117	-0.0004296216	-0.0004349661	-0.0004403441	-0.0004457541	-0.0004511944	-0.0004566638	-0.0004621606	-0.0004676832	-0.0004732299	-0.0004787988	-0.0004843880	-0.0004899957	-0.0004956195	-0.0005012575	-0.0005069077	-0.0005125674	-0.0005182343	-0.0005239061	-0.0005295799	-0.0005352532	-0.0005409234	-0.0005465874	-0.0005522422	-0.0005578853	-0.0005635129	-0.0005691221	-0.0005747098	-0.0005802725	-0.0005858068	-0.0005913096	-0.0005967771	-0.0006022056	-0.0006075918	-0.0006129315	-0.0006182208	-0.0006234560	-0.0006286328	-0.0006337470	-0.0006387947	-0.0006437718	-0.0006486738	-0.0006534969	-0.0006582368	-0.0006628891	-0.0006674493	-0.0006719132	-0.0006762765	-0.0006805346	-0.0006846835	-0.0006887189	-0.0006926366	-0.0006964324	-0.0007001021	-0.0007036417	-0.0007070474	-0.0007103152	-0.0007134415	-0.0007164228	-0.0007192555	-0.0007219363	-0.0007244619	-0.0007268296	-0.0007290366	-0.0007310804	-0.0007329585	-0.0007346690	-0.0007362101	-0.0007375803	-0.0007387784	-0.0007398030	-0.0007406537	-0.0007413299	-0.0007418314	-0.0007421582	-0.0007423107	-0.0007422891	-0.0007420941	-0.0007417266	-0.0007411872	-0.0007404772	-0.0007395975	-0.0007385492	-0.0007373333	-0.0007359509	-0.0007344030	-0.0007326905	-0.0007308143	-0.0007287753	-0.0007265743	-0.0007242122	-0.0007216897	-0.0007190078	-0.0007161675	-0.0007131697	-0.0007100158	-0.0007067069	-0.0007032445	-0.0006996304	-0.0006958667	-0.0006919555	-0.0006878991	-0.0006837006	-0.0006793626	-0.0006748884	-0.0006702810	-0.0006655441	-0.0006606817	-0.0006556975	-0.0006505956	-0.0006453803	-0.0006400559	-0.0006346269	-0.0006290978	-0.0006234733	-0.0006177582	-0.0006119576	-0.0006060761	-0.0006001185	-0.0005940894	-0.0005879936	-0.0005818361	-0.0005756219	-0.0005693559	-0.0005630428	-0.0005566871	-0.0005502934	-0.0005438663	-0.0005374104	-0.0005309299	-0.0005244293	-0.0005179127	-0.0005113845	-0.0005048486	-0.0004983089	-0.0004917692	-0.0004852333	-0.0004787046	-0.0004721867	-0.0004656829	-0.0004591964	-0.0004527305	-0.0004462879	-0.0004398718	-0.0004334851	-0.0004271303	-0.0004208100	-0.0004145267	-0.0004082827	-0.0004020803	-0.0003959215	-0.0003898086	-0.0003837434	-0.0003777276	-0.0003717631	-0.0003658513	-0.0003599940	-0.0003541925	-0.0003484481	-0.0003427620	-0.0003371355	-0.0003315695	-0.0003260651	-0.0003206231	-0.0003152445	-0.0003099299	-0.0003046800	-0.0002994954	-0.0002943767	-0.0002893242	-0.0002843385	-0.0002794198	-0.0002745685	-0.0002697848	-0.0002650688	-0.0002604206	-0.0002558403	-0.0002513280	-0.0002468835	-0.0002425068	-0.0002381978	-0.0002339565	-0.0002297830	-0.0002256775	-0.0002216386	-0.0002176607	-0.0002137331	-0.0002098535	-0.0002060716	-0.0002025519	-0.0001995193	-0.0001969599	-0.0001946382	-0.0001923901	-0.0001901672	-0.0001879716	-0.0001858122	-0.0001836931	-0.0001816143	-0.0001795745	-0.0001775724	-0.0001756077	-0.0001736793	-0.0001717836	-0.0001699110
-0.0002633695	-0.0002635280	-0.0002636933	-0.0002638707	-0.0002640615	-0.0002642659	-0.0002644838	-0.0002647162	-0.0002649641	-0.0002652256	-0.0002654889	-0.0002657275	-0.0002659256	-0.0002661795	-0.0002668719	-0.0002686396	-0.0002716980	-0.0002754430	-0.0002793651	-0.0002832936	-0.0002872252	-0.0002911889	-0.0002952017	-0.0002992678	-0.0003033866	-0.0003075569	-0.0003117783	-0.0003160508	-0.0003203742	-0.0003247486	-0.0003291739	-0.0003336501	-0.0003381769	-0.0003427542	-0.0003473817	-0.0003520592	-0.0003567862	-0.0003615626	-0.0003663878	-0.0003712616	-0.0003761834	-0.0003811526	-0.0003861687	-0.0003912311	-0.0003963391	-0.0004014919	-0.0004066887	-0.0004119287	-0.0004172110	-0.0004225346	-0.0004278985	-0.0004333016	-0.0004387426	-0.0004442206	-0.0004497340	-0.0004552816	-0.0004608620	-0.0004664736	-0.0004721147	-0.0004777840	-0.0004834795	-0.0004891997	-0.0004949427	-0.0005007063	-0.0005064886	-0.0005122875	-0.0005181006	-0.0005239259	-0.0005297608	-0.0005356027	-0.0005414494	-0.0005472979	-0.0005531453	-0.0005589891	-0.0005648263	-0.0005706537	-0.0005764686	-0.0005822676	-0.0005880472	-0.0005938045	-0.0005995360	-0.0006052380	-0.0006109072	-0.0006165399	-0.0006221321	-0.0006276802	-0.0006331802	-0.0006386280	-0.0006440196	-0.0006493511	-0.0006546180	-0.0006598163	-0.0006649418	-0.0006699903	-0.0006749572	-0.0006798382	-0.0006846290	-0.0006893248	-0.0006939213	-0.0006984143	-0.0007027993	-0.0007070719	-0.0007112279	-0.0007152628	-0.0007191723	-0.0007229522	-0.0007265983	-0.0007301069	-0.0007334740	-0.0007366957	-0.0007397684	-0.0007426884	-0.0007454525	-0.0007480574	-0.0007505001	-0.0007527778	-0.0007548880	-0.0007568281	-0.0007585960	-0.0007601899	-0.0007616080	-0.0007628490	-0.0007639120	-0.0007647959	-0.0007655001	-0.0007660242	-0.0007663682	-0.0007665320	-0.0007665161	-0.0007663210	-0.0007659472	-0.0007653955	-0.0007646669	-0.0007637620	-0.0007626821	-0.0007614280	-0.0007600008	-0.0007584014	-0.0007566309	-0.0007546902	-0.0007525803	-0.0007503022	-0.0007478568	-0.0007452451	-0.0007424682	-0.0007395272	-0.0007364233	-0.0007331579	-0.0007297327	-0.0007261492	-0.0007224095	-0.0007185159	-0.0007144705	-0.0007102761	-0.0007059356	-0.0007014521	-0.0006968286	-0.0006920685	-0.0006871757	-0.0006821541	-0.0006770078	-0.0006717410	-0.0006663579	-0.0006608629	-0.0006552605	-0.0006495556	-0.0006437532	-0.0006378581	-0.0006318752	-0.0006258094	-0.0006196652	-0.0006134477	-0.0006071618	-0.0006008128	-0.0005944057	-0.0005879453	-0.0005814365	-0.0005748839	-0.0005682923	-0.0005616664	-0.0005550108	-0.0005483299	-0.0005416283	-0.0005349103	-0.0005281801	-0.0005214420	-0.0005146999	-0.0005079577	-0.0005012193	-0.0004944882	-0.0004877681	-0.0004810623	-0.0004743742	-0.0004677072	-0.0004610641	-0.0004544481	-0.0004478622	-0.0004413090	-0.0004347913	-0.0004283114	-0.0004218719	-0.0004154750	-0.0004091230	-0.0004028181	-0.0003965620	-0.0003903568	-0.0003842042	-0.0003781058	-0.0003720634	-0.0003660784	-0.0003601521	-0.0003542857	-0.0003484805	-0.0003427376	-0.0003370580	-0.0003314427	-0.0003258925	-0.0003204082	-0.0003149904	-0.0003096399	-0.0003043571	-0.0002991426	-0.0002939968	-0.0002889200	-0.0002839125	-0.0002789746	-0.0002741064	-0.0002693082	-0.0002645798	-0.0002599214	-0.0002553329	-0.0002508143	-0.0002463654	-0.0002419863	-0.0002376773	-0.0002334383	-0.0002292674	-0.0002251573	-0.0002210966	-0.0002170877	-0.0002132013	-0.0002096393	-0.0002066256	-0.0002040493	-0.0002016671	-0.0001993425	-0.0001970428	-0.0001947737	-0.0001925435	-0.0001903552	-0.0001882082	-0.0001861011	-0.0001840328	-0.0001820028	-0.0001800102	-0.0001780512	-0.0001761161
-0.0002729469	-0.0002731103	-0.0002732809	-0.0002734640	-0.0002736611	-0.0002738723	-0.0002740973	-0.0002743370	-0.0002745927	-0.0002748638	-0.0002751414	-0.0002754011	-0.0002756170	-0.0002758427	-0.0002763860	-0.0002778970	-0.0002808340	-0.0002846265	-0.0002886725	-0.0002927374	-0.0002967996	-0.0003008894	-0.0003050275	-0.0003092204	-0.0003134678	-0.0003177683	-0.0003221214	-0.0003265270	-0.0003309850	-0.0003354954	-0.0003400581	-0.0003446730	-0.0003493400	-0.0003540588	-0.0003588293	-0.0003636511	-0.0003685238	-0.0003734470	-0.0003784205	-0.0003834438	-0.0003885163	-0.0003936375	-0.0003988068	-0.0004040235	-0.0004092870	-0.0004145964	-0.0004199510	-0.0004253497	-0.0004307917	-0.0004362761	-0.0004418016	-0.0004473673	-0.0004529719	-0.0004586141	-0.0004642927	-0.0004700061	-0.0004757531	-0.0004815320	-0.0004873410	-0.0004931788	-0.0004990434	-0.0005049331	-0.0005108460	-0.0005167798	-0.0005227325	-0.0005287021	-0.0005346859	-0.0005406818	-0.0005466875	-0.0005526999	-0.0005587167	-0.0005647351	-0.0005707522	-0.0005767650	-0.0005827708	-0.0005887663	-0.0005947485	-0.0006007144	-0.0006066601	-0.0006125825	-0.0006184782	-0.0006243433	-0.0006301742	-0.0006359672	-0.0006417183	-0.0006474235	-0.0006530790	-0.0006586806	-0.0006642241	-0.0006697057	-0.0006751210	-0.0006804656	-0.0006857353	-0.0006909256	-0.0006960318	-0.0007010495	-0.0007059742	-0.0007108014	-0.0007155265	-0.0007201452	-0.0007246532	-0.0007290457	-0.0007333183	-0.0007374666	-0.0007414860	-0.0007453725	-0.0007491218	-0.0007527299	-0.0007561930	-0.0007595069	-0.0007626679	-0.0007656723	-0.0007685169	-0.0007711983	-0.0007737133	-0.0007760592	-0.0007782332	-0.0007802329	-0.0007820560	-0.0007837006	-0.0007851648	-0.0007864470	-0.0007875464	-0.0007884617	-0.0007891923	-0.0007897376	-0.0007900976	-0.0007902718	-0.0007902607	-0.0007900645	-0.0007896838	-0.0007891192	-0.0007883716	-0.0007874415	-0.0007863300	-0.0007850382	-0.0007835667	-0.0007819169	-0.0007800896	-0.0007780858	-0.0007759067	-0.0007735532	-0.0007710265	-0.0007683276	-0.0007654579	-0.0007624187	-0.0007592113	-0.0007558374	-0.0007522989	-0.0007485975	-0.0007447354	-0.0007407151	-0.0007365392	-0.0007322103	-0.0007277314	-0.0007231058	-0.0007183367	-0.0007134280	-0.0007083832	-0.0007032065	-0.0006979021	-0.0006924744	-0.0006869277	-0.0006812663	-0.0006754951	-0.0006696190	-0.0006636431	-0.0006575725	-0.0006514120	-0.0006451664	-0.0006388404	-0.0006324393	-0.0006259683	-0.0006194327	-0.0006128376	-0.0006061878	-0.0005994883	-0.0005927439	-0.0005859594	-0.0005791398	-0.0005722895	-0.0005654134	-0.0005585159	-0.0005516015	-0.0005446747	-0.0005377395	-0.0005308001	-0.0005238604	-0.0005169245	-0.0005099960	-0.0005030787	-0.0004961759	-0.0004892912	-0.0004824279	-0.0004755891	-0.0004687782	-0.0004619979	-0.0004552511	-0.0004485405	-0.0004418688	-0.0004352384	-0.0004286516	-0.0004221109	-0.0004156183	-0.0004091759	-0.0004027856	-0.0003964492	-0.0003901685	-0.0003839452	-0.0003777807	-0.0003716764	-0.0003656337	-0.0003596538	-0.0003537379	-0.0003478869	-0.0003421020	-0.0003363839	-0.0003307334	-0.0003251514	-0.0003196385	-0.0003141951	-0.0003088219	-0.0003035192	-0.0002982875	-0.0002931271	-0.0002880381	-0.0002830209	-0.0002780756	-0.0002732021	-0.0002684005	-0.0002636709	-0.0002590131	-0.0002544270	-0.0002499128	-0.0002454708	-0.0002411008	-0.0002367999	-0.0002325595	-0.0002283678	-0.0002242359	-0.0002202600	-0.0002166745	-0.0002136824	-0.0002110885	-0.0002086464	-0.0002062467	-0.0002038716	-0.0002015304	-0.0001992307	-0.0001969743	-0.0001947603	-0.0001925871	-0.0001904536	-0.0001883595	-0.0001863037	-0.0001842825	-0.0001822857
-0.0002825049	-0.0002826731	-0.0002828489	-0.0002830375	-0.0002832408	-0.0002834586	-0.0002836907	-0.0002839377	-0.0002842011	-0.0002844813	-0.0002847720	-0.0002850513	-0.0002852862	-0.0002854959	-0.0002859197	-0.0002871900	-0.0002899371	-0.0002937197	-0.0002978692	-0.0003020683	-0.0003062621	-0.0003104774	-0.0003147390	-0.0003190562	-0.0003234296	-0.0003278579	-0.0003323402	-0.0003368764	-0.0003414663	-0.0003461101	-0.0003508075	-0.0003555585	-0.0003603629	-0.0003652204	-0.0003701309	-0.0003750940	-0.0003801093	-0.0003851765	-0.0003902951	-0.0003954647	-0.0004006847	-0.0004059547	-0.0004112739	-0.0004166416	-0.0004220571	-0.0004275197	-0.0004330284	-0.0004385823	-0.0004441804	-0.0004498219	-0.0004555054	-0.0004612299	-0.0004669942	-0.0004727969	-0.0004786368	-0.0004845123	-0.0004904219	-0.0004963643	-0.0005023373	-0.0005083395	-0.0005143691	-0.0005204240	-0.0005265025	-0.0005326023	-0.0005387210	-0.0005448567	-0.0005510068	-0.0005571688	-0.0005633404	-0.0005695187	-0.0005757010	-0.0005818847	-0.0005880668	-0.0005942440	-0.0006004139	-0.0006065730	-0.0006127181	-0.0006188461	-0.0006249534	-0.0006310362	-0.0006370913	-0.0006431146	-0.0006491023	-0.0006550506	-0.0006609557	-0.0006668132	-0.0006726194	-0.0006783703	-0.0006840613	-0.0006896885	-0.0006952477	-0.0007007341	-0.0007061432	-0.0007114706	-0.0007167115	-0.0007218614	-0.0007269156	-0.0007318700	-0.0007367196	-0.0007414600	-0.0007460868	-0.0007505952	-0.0007549804	-0.0007592380	-0.0007633637	-0.0007673531	-0.0007712020	-0.0007749063	-0.0007784618	-0.0007818646	-0.0007851108	-0.0007881966	-0.0007911187	-0.0007938737	-0.0007964584	-0.0007988698	-0.0008011051	-0.0008031619	-0.0008050379	-0.0008067309	-0.0008082390	-0.0008095607	-0.0008106947	-0.0008116397	-0.0008123950	-0.0008129600	-0.0008133344	-0.0008135179	-0.0008135106	-0.0008133127	-0.0008129245	-0.0008123466	-0.0008115796	-0.0008106244	-0.0008094816	-0.0008081523	-0.0008066375	-0.0008049380	-0.0008030549	-0.0008009894	-0.0007987425	-0.0007963153	-0.0007937093	-0.0007909254	-0.0007879653	-0.0007848305	-0.0007815225	-0.0007780431	-0.0007743943	-0.0007705782	-0.0007665971	-0.0007624537	-0.0007581507	-0.0007536909	-0.0007490772	-0.0007443132	-0.0007394026	-0.0007343491	-0.0007291564	-0.0007238288	-0.0007183705	-0.0007127861	-0.0007070800	-0.0007012568	-0.0006953214	-0.0006892788	-0.0006831342	-0.0006768927	-0.0006705591	-0.0006641383	-0.0006576355	-0.0006510560	-0.0006444050	-0.0006376878	-0.0006309097	-0.0006240756	-0.0006171904	-0.0006102593	-0.0006032872	-0.0005962790	-0.0005892394	-0.0005821732	-0.0005750851	-0.0005679796	-0.0005608611	-0.0005537340	-0.0005466025	-0.0005394707	-0.0005323424	-0.0005252217	-0.0005181122	-0.0005110175	-0.0005039412	-0.0004968867	-0.0004898573	-0.0004828562	-0.0004758864	-0.0004689508	-0.0004620523	-0.0004551934	-0.0004483767	-0.0004416048	-0.0004348799	-0.0004282043	-0.0004215800	-0.0004150090	-0.0004084932	-0.0004020345	-0.0003956345	-0.0003892948	-0.0003830168	-0.0003768018	-0.0003706512	-0.0003645661	-0.0003585477	-0.0003525969	-0.0003467147	-0.0003409019	-0.0003351592	-0.0003294874	-0.0003238869	-0.0003183584	-0.0003129023	-0.0003075190	-0.0003022089	-0.0002969721	-0.0002918090	-0.0002867196	-0.0002817040	-0.0002767623	-0.0002718943	-0.0002671002	-0.0002623798	-0.0002577333	-0.0002531611	-0.0002486625	-0.0002442333	-0.0002398636	-0.0002355436	-0.0002312991	-0.0002272606	-0.0002236832	-0.0002207062	-0.0002180813	-0.0002155745	-0.0002131001	-0.0002106517	-0.0002082403	-0.0002058726	-0.0002035495	-0.0002012696	-0.0001990314	-0.0001968339	-0.0001946767	-0.0001925588	-0.0001904764	-0.0001884190
-0.0002920427	-0.0002922157	-0.0002923964	-0.0002925906	-0.0002927998	-0.0002930241	-0.0002932632	-0.0002935176	-0.0002937884	-0.0002940769	-0.0002943789	-0.0002946756	-0.0002949328	-0.0002951480	-0.0002955004	-0.0002965563	-0.0002990263	-0.0003027244	-0.0003069512	-0.0003112818	-0.0003156090	-0.0003199499	-0.0003243332	-0.0003287722	-0.0003332690	-0.0003378224	-0.0003424314	-0.0003470956	-0.0003518149	-0.0003565892	-0.0003614186	-0.0003663029	-0.0003712418	-0.0003762351	-0.0003812827	-0.0003863842	-0.0003915390	-0.0003967470	-0.0004020075	-0.0004073202	-0.0004126845	-0.0004180998	-0.0004235655	-0.0004290807	-0.0004346449	-0.0004402570	-0.0004459163	-0.0004516218	-0.0004573724	-0.0004631672	-0.0004690050	-0.0004748846	-0.0004808049	-0.0004867643	-0.0004927615	-0.0004987952	-0.0005048636	-0.0005109652	-0.0005170981	-0.0005232606	-0.0005294508	-0.0005356667	-0.0005419063	-0.0005481675	-0.0005544478	-0.0005607450	-0.0005670567	-0.0005733802	-0.0005797130	-0.0005860526	-0.0005923958	-0.0005987402	-0.0006050826	-0.0006114199	-0.0006177493	-0.0006240673	-0.0006303707	-0.0006366561	-0.0006429199	-0.0006491583	-0.0006553676	-0.0006615441	-0.0006676837	-0.0006737824	-0.0006798366	-0.0006858419	-0.0006917941	-0.0006976894	-0.0007035235	-0.0007092916	-0.0007149898	-0.0007206132	-0.0007261570	-0.0007316167	-0.0007369877	-0.0007422653	-0.0007474449	-0.0007525221	-0.0007574920	-0.0007623499	-0.0007670911	-0.0007717110	-0.0007762048	-0.0007805680	-0.0007847961	-0.0007888848	-0.0007928297	-0.0007966264	-0.0008002708	-0.0008037591	-0.0008070872	-0.0008102514	-0.0008132480	-0.0008160737	-0.0008187251	-0.0008211992	-0.0008234934	-0.0008256048	-0.0008275312	-0.0008292702	-0.0008308200	-0.0008321791	-0.0008333458	-0.0008343188	-0.0008350973	-0.0008356806	-0.0008360681	-0.0008362596	-0.0008362550	-0.0008360544	-0.0008356580	-0.0008350664	-0.0008342799	-0.0008332994	-0.0008321256	-0.0008307593	-0.0008292016	-0.0008274533	-0.0008255157	-0.0008233897	-0.0008210767	-0.0008185778	-0.0008158945	-0.0008130280	-0.0008099800	-0.0008067523	-0.0008033465	-0.0007997645	-0.0007960086	-0.0007920812	-0.0007879846	-0.0007837215	-0.0007792949	-0.0007747077	-0.0007699633	-0.0007650649	-0.0007600167	-0.0007548224	-0.0007494861	-0.0007440118	-0.0007384040	-0.0007326671	-0.0007268060	-0.0007208256	-0.0007147307	-0.0007085265	-0.0007022180	-0.0006958103	-0.0006893083	-0.0006827173	-0.0006760427	-0.0006692898	-0.0006624639	-0.0006555704	-0.0006486144	-0.0006416012	-0.0006345356	-0.0006274231	-0.0006202686	-0.0006130770	-0.0006058534	-0.0005986025	-0.0005913290	-0.0005840377	-0.0005767330	-0.0005694194	-0.0005621010	-0.0005547822	-0.0005474669	-0.0005401591	-0.0005328627	-0.0005255812	-0.0005183185	-0.0005110778	-0.0005038628	-0.0004966766	-0.0004895223	-0.0004824029	-0.0004753212	-0.0004682801	-0.0004612820	-0.0004543296	-0.0004474252	-0.0004405712	-0.0004337696	-0.0004270224	-0.0004203317	-0.0004136994	-0.0004071271	-0.0004006164	-0.0003941688	-0.0003877858	-0.0003814686	-0.0003752184	-0.0003690365	-0.0003629238	-0.0003568813	-0.0003509098	-0.0003450102	-0.0003391831	-0.0003334291	-0.0003277489	-0.0003221428	-0.0003166113	-0.0003111548	-0.0003057735	-0.0003004676	-0.0002952373	-0.0002900827	-0.0002850038	-0.0002800006	-0.0002750730	-0.0002702211	-0.0002654452	-0.0002607454	-0.0002561207	-0.0002515651	-0.0002470671	-0.0002426213	-0.0002382751	-0.0002342021	-0.0002306654	-0.0002276977	-0.0002250277	-0.0002224503	-0.0002199016	-0.0002173820	-0.0002149024	-0.0002124681	-0.0002100795	-0.0002077349	-0.0002054330	-0.0002031726	-0.0002009535	-0.0001987746	-0.0001966319	-0.0001945149
-0.0003015597	-0.0003017373	-0.0003019229	-0.0003021224	-0.0003023375	-0.0003025682	-0.0003028142	-0.0003030757	-0.0003033539	-0.0003036502	-0.0003039621	-0.0003042749	-0.0003045570	-0.0003047917	-0.0003051015	-0.0003059539	-0.0003080839	-0.0003116382	-0.0003159184	-0.0003203766	-0.0003248379	-0.0003293039	-0.0003338071	-0.0003383654	-0.0003429829	-0.0003476588	-0.0003523918	-0.0003571814	-0.0003620273	-0.0003669295	-0.0003718880	-0.0003769027	-0.0003819732	-0.0003870994	-0.0003922810	-0.0003975177	-0.0004028090	-0.0004081546	-0.0004135538	-0.0004190063	-0.0004245115	-0.0004300688	-0.0004356775	-0.0004413368	-0.0004470460	-0.0004528041	-0.0004586104	-0.0004644638	-0.0004703632	-0.0004763077	-0.0004822960	-0.0004883270	-0.0004943993	-0.0005005115	-0.0005066622	-0.0005128499	-0.0005190729	-0.0005253296	-0.0005316181	-0.0005379365	-0.0005442829	-0.0005506553	-0.0005570515	-0.0005634696	-0.0005699069	-0.0005763610	-0.0005828296	-0.0005893099	-0.0005957994	-0.0006022956	-0.0006087953	-0.0006152956	-0.0006217939	-0.0006282866	-0.0006347706	-0.0006412428	-0.0006476995	-0.0006541372	-0.0006605526	-0.0006669415	-0.0006733001	-0.0006796247	-0.0006859112	-0.0006921555	-0.0006983540	-0.0007045023	-0.0007105960	-0.0007166310	-0.0007226031	-0.0007285075	-0.0007343395	-0.0007400949	-0.0007457687	-0.0007513560	-0.0007568526	-0.0007622536	-0.0007675542	-0.0007727497	-0.0007778354	-0.0007828064	-0.0007876577	-0.0007923848	-0.0007969832	-0.0008014481	-0.0008057748	-0.0008099588	-0.0008139958	-0.0008178813	-0.0008216112	-0.0008251814	-0.0008285880	-0.0008318273	-0.0008348954	-0.0008377888	-0.0008405041	-0.0008430381	-0.0008453884	-0.0008475519	-0.0008495262	-0.0008513089	-0.0008528983	-0.0008542925	-0.0008554898	-0.0008564890	-0.0008572891	-0.0008578891	-0.0008582885	-0.0008584868	-0.0008584839	-0.0008582798	-0.0008578745	-0.0008572686	-0.0008564625	-0.0008554567	-0.0008542519	-0.0008528492	-0.0008512493	-0.0008494532	-0.0008474621	-0.0008452772	-0.0008428997	-0.0008403310	-0.0008375725	-0.0008346257	-0.0008314923	-0.0008281744	-0.0008246737	-0.0008209923	-0.0008171326	-0.0008130972	-0.0008088885	-0.0008045092	-0.0007999625	-0.0007952519	-0.0007903805	-0.0007853520	-0.0007801701	-0.0007748392	-0.0007693634	-0.0007637468	-0.0007579938	-0.0007521091	-0.0007460977	-0.0007399648	-0.0007337153	-0.0007273542	-0.0007208865	-0.0007143174	-0.0007076520	-0.0007008959	-0.0006940546	-0.0006871335	-0.0006801380	-0.0006730733	-0.0006659448	-0.0006587576	-0.0006515171	-0.0006442285	-0.0006368969	-0.0006295274	-0.0006221251	-0.0006146948	-0.0006072415	-0.0005997698	-0.0005922842	-0.0005847894	-0.0005772896	-0.0005697890	-0.0005622921	-0.0005548025	-0.0005473244	-0.0005398615	-0.0005324175	-0.0005249960	-0.0005176005	-0.0005102343	-0.0005029006	-0.0004956023	-0.0004883425	-0.0004811239	-0.0004739493	-0.0004668212	-0.0004597422	-0.0004527144	-0.0004457401	-0.0004388214	-0.0004319604	-0.0004251589	-0.0004184188	-0.0004117415	-0.0004051286	-0.0003985817	-0.0003921020	-0.0003856909	-0.0003793495	-0.0003730789	-0.0003668800	-0.0003607537	-0.0003547009	-0.0003487223	-0.0003428185	-0.0003369900	-0.0003312375	-0.0003255613	-0.0003199618	-0.0003144392	-0.0003089939	-0.0003036259	-0.0002983354	-0.0002931224	-0.0002879869	-0.0002829288	-0.0002779484	-0.0002730459	-0.0002682215	-0.0002634731	-0.0002587931	-0.0002541685	-0.0002496003	-0.0002451626	-0.0002410758	-0.0002376001	-0.0002346426	-0.0002319230	-0.0002292733	-0.0002266510	-0.0002240617	-0.0002215155	-0.0002190162	-0.0002165634	-0.0002141554	-0.0002117908	-0.0002094688	-0.0002071888	-0.0002049500	-0.0002027481	-0.0002005726
-0.0003110552	-0.0003112372	-0.0003114276	-0.0003116322	-0.0003118530	-0.0003120900	-0.0003123426	-0.0003126112	-0.0003128966	-0.0003132004	-0.0003135218	-0.0003138502	-0.0003141574	-0.0003144149	-0.0003146904	-0.0003153472	-0.0003171212	-0.0003204780	-0.0003247763	-0.0003293510	-0.0003339451	-0.0003385360	-0.0003431576	-0.0003478328	-0.0003525685	-0.0003573642	-0.0003622185	-0.0003671306	-0.0003721004	-0.0003771277	-0.0003822124	-0.0003873545	-0.0003925537	-0.0003978097	-0.0004031223	-0.0004084911	-0.0004139156	-0.0004193955	-0.0004249302	-0.0004305192	-0.0004361619	-0.0004418577	-0.0004476059	-0.0004534057	-0.0004592564	-0.0004651570	-0.0004711066	-0.0004771043	-0.0004831488	-0.0004892392	-0.0004953742	-0.0005015526	-0.0005077730	-0.0005140340	-0.0005203340	-0.0005266715	-0.0005330449	-0.0005394523	-0.0005458921	-0.0005523620	-0.0005588601	-0.0005653845	-0.0005719328	-0.0005785030	-0.0005850926	-0.0005916990	-0.0005983199	-0.0006049526	-0.0006115942	-0.0006182423	-0.0006248938	-0.0006315456	-0.0006381947	-0.0006448380	-0.0006514718	-0.0006580930	-0.0006646981	-0.0006712831	-0.0006778447	-0.0006843791	-0.0006908820	-0.0006973497	-0.0007037783	-0.0007101636	-0.0007165014	-0.0007227878	-0.0007290182	-0.0007351881	-0.0007412930	-0.0007473285	-0.0007532896	-0.0007591720	-0.0007649709	-0.0007706815	-0.0007762990	-0.0007818188	-0.0007872358	-0.0007925452	-0.0007977419	-0.0008028214	-0.0008077786	-0.0008126089	-0.0008173076	-0.0008218700	-0.0008262914	-0.0008305669	-0.0008346922	-0.0008386628	-0.0008424745	-0.0008461232	-0.0008496049	-0.0008529158	-0.0008560521	-0.0008590101	-0.0008617863	-0.0008643777	-0.0008667813	-0.0008689942	-0.0008710139	-0.0008728381	-0.0008744647	-0.0008758919	-0.0008771178	-0.0008781413	-0.0008789611	-0.0008795764	-0.0008799861	-0.0008801900	-0.0008801879	-0.0008799794	-0.0008795648	-0.0008789442	-0.0008781181	-0.0008770870	-0.0008758517	-0.0008744129	-0.0008727715	-0.0008709287	-0.0008688854	-0.0008666429	-0.0008642026	-0.0008615658	-0.0008587343	-0.0008557096	-0.0008524935	-0.0008490881	-0.0008454955	-0.0008417178	-0.0008377574	-0.0008336172	-0.0008292998	-0.0008248081	-0.0008201452	-0.0008153149	-0.0008103206	-0.0008051660	-0.0007998548	-0.0007943915	-0.0007887804	-0.0007830258	-0.0007771322	-0.0007711045	-0.0007649476	-0.0007586669	-0.0007522675	-0.0007457543	-0.0007391323	-0.0007324068	-0.0007255832	-0.0007186671	-0.0007116643	-0.0007045803	-0.0006974203	-0.0006901898	-0.0006828941	-0.0006755384	-0.0006681284	-0.0006606690	-0.0006531658	-0.0006456240	-0.0006380485	-0.0006304444	-0.0006228166	-0.0006151699	-0.0006075089	-0.0005998384	-0.0005921625	-0.0005844858	-0.0005768125	-0.0005691466	-0.0005614922	-0.0005538531	-0.0005462332	-0.0005386361	-0.0005310654	-0.0005235244	-0.0005160163	-0.0005085443	-0.0005011114	-0.0004937204	-0.0004863742	-0.0004790754	-0.0004718264	-0.0004646297	-0.0004574875	-0.0004504019	-0.0004433752	-0.0004364091	-0.0004295055	-0.0004226660	-0.0004158922	-0.0004091857	-0.0004025479	-0.0003959800	-0.0003894832	-0.0003830587	-0.0003767074	-0.0003704302	-0.0003642281	-0.0003581017	-0.0003520517	-0.0003460788	-0.0003401833	-0.0003343659	-0.0003286269	-0.0003229665	-0.0003173850	-0.0003118826	-0.0003064594	-0.0003011154	-0.0002958507	-0.0002906652	-0.0002855592	-0.0002805331	-0.0002755867	-0.0002707170	-0.0002659143	-0.0002611654	-0.0002564821	-0.0002519714	-0.0002478957	-0.0002444850	-0.0002415340	-0.0002387630	-0.0002360416	-0.0002333473	-0.0002306900	-0.0002280787	-0.0002255157	-0.0002230000	-0.0002205299	-0.0002181040	-0.0002157215	-0.0002133818	-0.0002110841	-0.0002088242	-0.0002065912
-0.0003205284	-0.0003207147	-0.0003209096	-0.0003211192	-0.0003213456	-0.0003215886	-0.0003218478	-0.0003221233	-0.0003224158	-0.0003227269	-0.0003230573	-0.0003233997	-0.0003237299	-0.0003240116	-0.0003242681	-0.0003247683	-0.0003262113	-0.0003292878	-0.0003335338	-0.0003382005	-0.0003429248	-0.0003476421	-0.0003523818	-0.0003571719	-0.0003620229	-0.0003669355	-0.0003719083	-0.0003769403	-0.0003820311	-0.0003871806	-0.0003923887	-0.0003976552	-0.0004029800	-0.0004083627	-0.0004138031	-0.0004193008	-0.0004248554	-0.0004304663	-0.0004361331	-0.0004418551	-0.0004476319	-0.0004534628	-0.0004593471	-0.0004652839	-0.0004712725	-0.0004773119	-0.0004834012	-0.0004895393	-0.0004957252	-0.0005019576	-0.0005082354	-0.0005145571	-0.0005209215	-0.0005273271	-0.0005337722	-0.0005402553	-0.0005467747	-0.0005533285	-0.0005599150	-0.0005665319	-0.0005731773	-0.0005798490	-0.0005865449	-0.0005932626	-0.0006000000	-0.0006067542	-0.0006135228	-0.0006203031	-0.0006270923	-0.0006338876	-0.0006406861	-0.0006474844	-0.0006542795	-0.0006610683	-0.0006678469	-0.0006746119	-0.0006813601	-0.0006880874	-0.0006947902	-0.0007014649	-0.0007081073	-0.0007147133	-0.0007212791	-0.0007278005	-0.0007342729	-0.0007406922	-0.0007470541	-0.0007533537	-0.0007595864	-0.0007657479	-0.0007718333	-0.0007778379	-0.0007837572	-0.0007895863	-0.0007953202	-0.0008009539	-0.0008064825	-0.0008119011	-0.0008172045	-0.0008223880	-0.0008274468	-0.0008323760	-0.0008371709	-0.0008418265	-0.0008463384	-0.0008507015	-0.0008549112	-0.0008589632	-0.0008628531	-0.0008665768	-0.0008701302	-0.0008735093	-0.0008767103	-0.0008797297	-0.0008825639	-0.0008852098	-0.0008876640	-0.0008899237	-0.0008919862	-0.0008938494	-0.0008955111	-0.0008969690	-0.0008982216	-0.0008992675	-0.0009001054	-0.0009007341	-0.0009011529	-0.0009013612	-0.0009013587	-0.0009011450	-0.0009007203	-0.0009000847	-0.0008992385	-0.0008981821	-0.0008969165	-0.0008954422	-0.0008937601	-0.0008918713	-0.0008897771	-0.0008874785	-0.0008849771	-0.0008822744	-0.0008793721	-0.0008762719	-0.0008729757	-0.0008694856	-0.0008658039	-0.0008619329	-0.0008578751	-0.0008536335	-0.0008492110	-0.0008446105	-0.0008398354	-0.0008348892	-0.0008297760	-0.0008244993	-0.0008190632	-0.0008134718	-0.0008077297	-0.0008018416	-0.0007958121	-0.0007896462	-0.0007833488	-0.0007769252	-0.0007703805	-0.0007637199	-0.0007569485	-0.0007500718	-0.0007430953	-0.0007360248	-0.0007288658	-0.0007216240	-0.0007143049	-0.0007069138	-0.0006994563	-0.0006919377	-0.0006843635	-0.0006767391	-0.0006690699	-0.0006613611	-0.0006536179	-0.0006458455	-0.0006380489	-0.0006302327	-0.0006224019	-0.0006145611	-0.0006067148	-0.0005988674	-0.0005910232	-0.0005831864	-0.0005753612	-0.0005675513	-0.0005597608	-0.0005519935	-0.0005442528	-0.0005365422	-0.0005288650	-0.0005212244	-0.0005136235	-0.0005060652	-0.0004985524	-0.0004910878	-0.0004836739	-0.0004763130	-0.0004690076	-0.0004617600	-0.0004545721	-0.0004474461	-0.0004403836	-0.0004333864	-0.0004264562	-0.0004195945	-0.0004128027	-0.0004060822	-0.0003994342	-0.0003928599	-0.0003863602	-0.0003799362	-0.0003735886	-0.0003673183	-0.0003611260	-0.0003550122	-0.0003489775	-0.0003430224	-0.0003371474	-0.0003313526	-0.0003256383	-0.0003200048	-0.0003144521	-0.0003089804	-0.0003035896	-0.0002982798	-0.0002930513	-0.0002879045	-0.0002828388	-0.0002778495	-0.0002729251	-0.0002680550	-0.0002632694	-0.0002587188	-0.0002546921	-0.0002513361	-0.0002483742	-0.0002455454	-0.0002427529	-0.0002399890	-0.0002372659	-0.0002345912	-0.0002319659	-0.0002293886	-0.0002268577	-0.0002243716	-0.0002219298	-0.0002195316	-0.0002171762	-0.0002148593	-0.0002125698
-0.0003299786	-0.0003301690	-0.0003303682	-0.0003305827	-0.0003308143	-0.0003310632	-0.0003313289	-0.0003316112	-0.0003319107	-0.0003322291	-0.0003325676	-0.0003329218	-0.0003332718	-0.0003335805	-0.0003338424	-0.0003342453	-0.0003353973	-0.0003380935	-0.0003421961	-0.0003469217	-0.0003517727	-0.0003566187	-0.0003614768	-0.0003663799	-0.0003713435	-0.0003763701	-0.0003814586	-0.0003866076	-0.0003918165	-0.0003970853	-0.0004024137	-0.0004078017	-0.0004132490	-0.0004187553	-0.0004243203	-0.0004299437	-0.0004356250	-0.0004413636	-0.0004471591	-0.0004530109	-0.0004589183	-0.0004648808	-0.0004708976	-0.0004769679	-0.0004830907	-0.0004892652	-0.0004954904	-0.0005017652	-0.0005080885	-0.0005144589	-0.0005208753	-0.0005273364	-0.0005338406	-0.0005403866	-0.0005469725	-0.0005535968	-0.0005602579	-0.0005669536	-0.0005736822	-0.0005804417	-0.0005872297	-0.0005940443	-0.0006008832	-0.0006077440	-0.0006146244	-0.0006215219	-0.0006284336	-0.0006353568	-0.0006422888	-0.0006492264	-0.0006561668	-0.0006631068	-0.0006700428	-0.0006769717	-0.0006838901	-0.0006907939	-0.0006976800	-0.0007045446	-0.0007113837	-0.0007181937	-0.0007249706	-0.0007317101	-0.0007384080	-0.0007450603	-0.0007516623	-0.0007582094	-0.0007646974	-0.0007711216	-0.0007774772	-0.0007837597	-0.0007899645	-0.0007960867	-0.0008021215	-0.0008080642	-0.0008139096	-0.0008196525	-0.0008252879	-0.0008308109	-0.0008362166	-0.0008414997	-0.0008466556	-0.0008516795	-0.0008565662	-0.0008613110	-0.0008659090	-0.0008703555	-0.0008746459	-0.0008787756	-0.0008827400	-0.0008865351	-0.0008901567	-0.0008936006	-0.0008968631	-0.0008999405	-0.0009028295	-0.0009055267	-0.0009080287	-0.0009103326	-0.0009124357	-0.0009143356	-0.0009160299	-0.0009175165	-0.0009187938	-0.0009198602	-0.0009207144	-0.0009213551	-0.0009217815	-0.0009219931	-0.0009219891	-0.0009217694	-0.0009213340	-0.0009206829	-0.0009198163	-0.0009187349	-0.0009174391	-0.0009159298	-0.0009142078	-0.0009122742	-0.0009101303	-0.0009077773	-0.0009052165	-0.0009024498	-0.0008994788	-0.0008963054	-0.0008929315	-0.0008893594	-0.0008855916	-0.0008816304	-0.0008774786	-0.0008731390	-0.0008686149	-0.0008639094	-0.0008590259	-0.0008539680	-0.0008487398	-0.0008433453	-0.0008377883	-0.0008320732	-0.0008262048	-0.0008201878	-0.0008140272	-0.0008077279	-0.0008012948	-0.0007947330	-0.0007880479	-0.0007812448	-0.0007743291	-0.0007673065	-0.0007601825	-0.0007529629	-0.0007456531	-0.0007382590	-0.0007307860	-0.0007232397	-0.0007156258	-0.0007079498	-0.0007002171	-0.0006924332	-0.0006846036	-0.0006767335	-0.0006688284	-0.0006608933	-0.0006529333	-0.0006449533	-0.0006369583	-0.0006289528	-0.0006209415	-0.0006129289	-0.0006049194	-0.0005969173	-0.0005889266	-0.0005809515	-0.0005729959	-0.0005650637	-0.0005571584	-0.0005492836	-0.0005414425	-0.0005336386	-0.0005258749	-0.0005181544	-0.0005104801	-0.0005028546	-0.0004952807	-0.0004877606	-0.0004802969	-0.0004728920	-0.0004655478	-0.0004582664	-0.0004510496	-0.0004438992	-0.0004368170	-0.0004298045	-0.0004228632	-0.0004159945	-0.0004091995	-0.0004024795	-0.0003958355	-0.0003892686	-0.0003827796	-0.0003763692	-0.0003700383	-0.0003637875	-0.0003576173	-0.0003515282	-0.0003455206	-0.0003395949	-0.0003337514	-0.0003279901	-0.0003223113	-0.0003167150	-0.0003112013	-0.0003057703	-0.0003004224	-0.0002951580	-0.0002899756	-0.0002848686	-0.0002798234	-0.0002748353	-0.0002699621	-0.0002654076	-0.0002614678	-0.0002581551	-0.0002551632	-0.0002522694	-0.0002494062	-0.0002465751	-0.0002437885	-0.0002410519	-0.0002383657	-0.0002357282	-0.0002331376	-0.0002305927	-0.0002280928	-0.0002256373	-0.0002232253	-0.0002208526	-0.0002185077
-0.0003394048	-0.0003395992	-0.0003398026	-0.0003400217	-0.0003402585	-0.0003405131	-0.0003407850	-0.0003410740	-0.0003413806	-0.0003417060	-0.0003420519	-0.0003424163	-0.0003427843	-0.0003431218	-0.0003434056	-0.0003437506	-0.0003446394	-0.0003468914	-0.0003507700	-0.0003555171	-0.0003604873	-0.0003654631	-0.0003704398	-0.0003754542	-0.0003805276	-0.0003856654	-0.0003908666	-0.0003961297	-0.0004014538	-0.0004068389	-0.0004122847	-0.0004177910	-0.0004233577	-0.0004289844	-0.0004346709	-0.0004404167	-0.0004462214	-0.0004520844	-0.0004580053	-0.0004639833	-0.0004700180	-0.0004761085	-0.0004822542	-0.0004884542	-0.0004947076	-0.0005010134	-0.0005073706	-0.0005137781	-0.0005202347	-0.0005267392	-0.0005332902	-0.0005398864	-0.0005465262	-0.0005532082	-0.0005599307	-0.0005666918	-0.0005734900	-0.0005803232	-0.0005871895	-0.0005940870	-0.0006010133	-0.0006079662	-0.0006149436	-0.0006219429	-0.0006289617	-0.0006359977	-0.0006430477	-0.0006501090	-0.0006571788	-0.0006642538	-0.0006713310	-0.0006784074	-0.0006854793	-0.0006925433	-0.0006995962	-0.0007066339	-0.0007136529	-0.0007206497	-0.0007276203	-0.0007345606	-0.0007414668	-0.0007483348	-0.0007551597	-0.0007619375	-0.0007686637	-0.0007753335	-0.0007819425	-0.0007884862	-0.0007949598	-0.0008013584	-0.0008076777	-0.0008139126	-0.0008200582	-0.0008261093	-0.0008320612	-0.0008379084	-0.0008436460	-0.0008492688	-0.0008547720	-0.0008601505	-0.0008653992	-0.0008705131	-0.0008754874	-0.0008803170	-0.0008849971	-0.0008895229	-0.0008938899	-0.0008980934	-0.0009021288	-0.0009059917	-0.0009096778	-0.0009131831	-0.0009165038	-0.0009196362	-0.0009225769	-0.0009253222	-0.0009278690	-0.0009302142	-0.0009323553	-0.0009342894	-0.0009360142	-0.0009375274	-0.0009388274	-0.0009399127	-0.0009407814	-0.0009414326	-0.0009418653	-0.0009420789	-0.0009420725	-0.0009418460	-0.0009413993	-0.0009407324	-0.0009398454	-0.0009387388	-0.0009374133	-0.0009358695	-0.0009341085	-0.0009321310	-0.0009299387	-0.0009275325	-0.0009249142	-0.0009220853	-0.0009190478	-0.0009158036	-0.0009123546	-0.0009087034	-0.0009048524	-0.0009008042	-0.0008965615	-0.0008921274	-0.0008875053	-0.0008826985	-0.0008777105	-0.0008725449	-0.0008672058	-0.0008616975	-0.0008560241	-0.0008501900	-0.0008441999	-0.0008380587	-0.0008317717	-0.0008253437	-0.0008187796	-0.0008120846	-0.0008052641	-0.0007983236	-0.0007912689	-0.0007841057	-0.0007768395	-0.0007694760	-0.0007620209	-0.0007544798	-0.0007468584	-0.0007391625	-0.0007313978	-0.0007235698	-0.0007156842	-0.0007077465	-0.0006997621	-0.0006917365	-0.0006836750	-0.0006755829	-0.0006674653	-0.0006593272	-0.0006511734	-0.0006430089	-0.0006348383	-0.0006266662	-0.0006184969	-0.0006103349	-0.0006021844	-0.0005940496	-0.0005859344	-0.0005778427	-0.0005697782	-0.0005617445	-0.0005537449	-0.0005457829	-0.0005378616	-0.0005299841	-0.0005221534	-0.0005143722	-0.0005066433	-0.0004989690	-0.0004913519	-0.0004837944	-0.0004762987	-0.0004688666	-0.0004615002	-0.0004542013	-0.0004469717	-0.0004398128	-0.0004327264	-0.0004257137	-0.0004187760	-0.0004119145	-0.0004051305	-0.0003984247	-0.0003917982	-0.0003852518	-0.0003787862	-0.0003724021	-0.0003661000	-0.0003598806	-0.0003537442	-0.0003476912	-0.0003417217	-0.0003358361	-0.0003300345	-0.0003243170	-0.0003186836	-0.0003131346	-0.0003076705	-0.0003022915	-0.0002969950	-0.0002917720	-0.0002866079	-0.0002815073	-0.0002765636	-0.0002720359	-0.0002682026	-0.0002649269	-0.0002618959	-0.0002589342	-0.0002560013	-0.0002531052	-0.0002502568	-0.0002474601	-0.0002447143	-0.0002420179	-0.0002393690	-0.0002367665	-0.0002342097	-0.0002316981	-0.0002292307	-0.0002268032	-0.0002244041
-0.0003488065	-0.0003490046	-0.0003492120	-0.0003494356	-0.0003496774	-0.0003499375	-0.0003502155	-0.0003505110	-0.0003508245	-0.0003511568	-0.0003515099	-0.0003518835	-0.0003522678	-0.0003526332	-0.0003529442	-0.0003532529	-0.0003539142	-0.0003557228	-0.0003592917	-0.0003639971	-0.0003690666	-0.0003741706	-0.0003792671	-0.0003843920	-0.0003895730	-0.0003948189	-0.0004001298	-0.0004055040	-0.0004109404	-0.0004164388	-0.0004219988	-0.0004276204	-0.0004333034	-0.0004390474	-0.0004448520	-0.0004507170	-0.0004566417	-0.0004626258	-0.0004686686	-0.0004747694	-0.0004809277	-0.0004871427	-0.0004934136	-0.0004997396	-0.0005061197	-0.0005125529	-0.0005190383	-0.0005255745	-0.0005321604	-0.0005387948	-0.0005454762	-0.0005522032	-0.0005589744	-0.0005657881	-0.0005726427	-0.0005795363	-0.0005864672	-0.0005934335	-0.0006004331	-0.0006074640	-0.0006145241	-0.0006216108	-0.0006287220	-0.0006358552	-0.0006430078	-0.0006501773	-0.0006573608	-0.0006645552	-0.0006717577	-0.0006789651	-0.0006861741	-0.0006933816	-0.0007005843	-0.0007077784	-0.0007149606	-0.0007221272	-0.0007292743	-0.0007363982	-0.0007434952	-0.0007505608	-0.0007575912	-0.0007645821	-0.0007715289	-0.0007784269	-0.0007852720	-0.0007920594	-0.0007987844	-0.0008054424	-0.0008120291	-0.0008185391	-0.0008249678	-0.0008313103	-0.0008375616	-0.0008437163	-0.0008497695	-0.0008557163	-0.0008615513	-0.0008672694	-0.0008728656	-0.0008783348	-0.0008836718	-0.0008888714	-0.0008939288	-0.0008988390	-0.0009035970	-0.0009081981	-0.0009126376	-0.0009169109	-0.0009210134	-0.0009249405	-0.0009286877	-0.0009322511	-0.0009356267	-0.0009388110	-0.0009418001	-0.0009445905	-0.0009471791	-0.0009495629	-0.0009517392	-0.0009537050	-0.0009554579	-0.0009569956	-0.0009583165	-0.0009594187	-0.0009603004	-0.0009609605	-0.0009613983	-0.0009616127	-0.0009616030	-0.0009613689	-0.0009609104	-0.0009602272	-0.0009593196	-0.0009581881	-0.0009568332	-0.0009552556	-0.0009534561	-0.0009514359	-0.0009491963	-0.0009467387	-0.0009440645	-0.0009411754	-0.0009380736	-0.0009347609	-0.0009312395	-0.0009275117	-0.0009235805	-0.0009194484	-0.0009151182	-0.0009105932	-0.0009058767	-0.0009009724	-0.0008958837	-0.0008906144	-0.0008851686	-0.0008795508	-0.0008737654	-0.0008678168	-0.0008617097	-0.0008554491	-0.0008490403	-0.0008424882	-0.0008357980	-0.0008289747	-0.0008220240	-0.0008149514	-0.0008077630	-0.0008004644	-0.0007930614	-0.0007855594	-0.0007779643	-0.0007702817	-0.0007625176	-0.0007546776	-0.0007467676	-0.0007387933	-0.0007307604	-0.0007226745	-0.0007145411	-0.0007063657	-0.0006981536	-0.0006899102	-0.0006816406	-0.0006733500	-0.0006650433	-0.0006567255	-0.0006484012	-0.0006400751	-0.0006317517	-0.0006234355	-0.0006151308	-0.0006068418	-0.0005985725	-0.0005903268	-0.0005821086	-0.0005739213	-0.0005657686	-0.0005576538	-0.0005495802	-0.0005415510	-0.0005335691	-0.0005256373	-0.0005177583	-0.0005099348	-0.0005021694	-0.0004944643	-0.0004868217	-0.0004792438	-0.0004717325	-0.0004642897	-0.0004569171	-0.0004496165	-0.0004423893	-0.0004352371	-0.0004281610	-0.0004211624	-0.0004142423	-0.0004074018	-0.0004006419	-0.0003939634	-0.0003873670	-0.0003808535	-0.0003744235	-0.0003680774	-0.0003618158	-0.0003556390	-0.0003495472	-0.0003435407	-0.0003376197	-0.0003317843	-0.0003260345	-0.0003203708	-0.0003147937	-0.0003093029	-0.0003038944	-0.0002985567	-0.0002932763	-0.0002880742	-0.0002830896	-0.0002786259	-0.0002748967	-0.0002716443	-0.0002685676	-0.0002655380	-0.0002625375	-0.0002595785	-0.0002566702	-0.0002538147	-0.0002510109	-0.0002482568	-0.0002455510	-0.0002428922	-0.0002402798	-0.0002377132	-0.0002351916	-0.0002327104	-0.0002302582
-0.0003581828	-0.0003583845	-0.0003585957	-0.0003588236	-0.0003590702	-0.0003593357	-0.0003596195	-0.0003599215	-0.0003602416	-0.0003605809	-0.0003609410	-0.0003613229	-0.0003617206	-0.0003621103	-0.0003624515	-0.0003627521	-0.0003632566	-0.0003646733	-0.0003678167	-0.0003723753	-0.0003775066	-0.0003827353	-0.0003879547	-0.0003931907	-0.0003984772	-0.0004038283	-0.0004092458	-0.0004147281	-0.0004202738	-0.0004258824	-0.0004315536	-0.0004372874	-0.0004430835	-0.0004489415	-0.0004548610	-0.0004608418	-0.0004668833	-0.0004729850	-0.0004791462	-0.0004853663	-0.0004916445	-0.0004979803	-0.0005043727	-0.0005108208	-0.0005173238	-0.0005238805	-0.0005304900	-0.0005371509	-0.0005438621	-0.0005506222	-0.0005574298	-0.0005642834	-0.0005711817	-0.0005781228	-0.0005851051	-0.0005921269	-0.0005991861	-0.0006062810	-0.0006134094	-0.0006205693	-0.0006277586	-0.0006349745	-0.0006422148	-0.0006494771	-0.0006567585	-0.0006640566	-0.0006713686	-0.0006786911	-0.0006860212	-0.0006933558	-0.0007006916	-0.0007080252	-0.0007153536	-0.0007226728	-0.0007299794	-0.0007372698	-0.0007445400	-0.0007517859	-0.0007590040	-0.0007661898	-0.0007733390	-0.0007804475	-0.0007875107	-0.0007945239	-0.0008014827	-0.0008083825	-0.0008152185	-0.0008219861	-0.0008286806	-0.0008352970	-0.0008418301	-0.0008482751	-0.0008546269	-0.0008608803	-0.0008670302	-0.0008730715	-0.0008789992	-0.0008848080	-0.0008904925	-0.0008960477	-0.0009014684	-0.0009067494	-0.0009118856	-0.0009168719	-0.0009217038	-0.0009263762	-0.0009308842	-0.0009352234	-0.0009393889	-0.0009433763	-0.0009471811	-0.0009507992	-0.0009542266	-0.0009574595	-0.0009604939	-0.0009633266	-0.0009659542	-0.0009683738	-0.0009705824	-0.0009725772	-0.0009743557	-0.0009759158	-0.0009772555	-0.0009783727	-0.0009792658	-0.0009799336	-0.0009803752	-0.0009805893	-0.0009805754	-0.0009803331	-0.0009798622	-0.0009791625	-0.0009782343	-0.0009770779	-0.0009756939	-0.0009740829	-0.0009722460	-0.0009701841	-0.0009678986	-0.0009653909	-0.0009626625	-0.0009597152	-0.0009565511	-0.0009531723	-0.0009495810	-0.0009457796	-0.0009417711	-0.0009375582	-0.0009331440	-0.0009285315	-0.0009237243	-0.0009187262	-0.0009135407	-0.0009081717	-0.0009026235	-0.0008969005	-0.0008910075	-0.0008849490	-0.0008787296	-0.0008723543	-0.0008658283	-0.0008591569	-0.0008523453	-0.0008453989	-0.0008383232	-0.0008311240	-0.0008238072	-0.0008163785	-0.0008088438	-0.0008012088	-0.0007934792	-0.0007856607	-0.0007777593	-0.0007697809	-0.0007617313	-0.0007536164	-0.0007454419	-0.0007372134	-0.0007289367	-0.0007206172	-0.0007122602	-0.0007038713	-0.0006954555	-0.0006870182	-0.0006785642	-0.0006700988	-0.0006616265	-0.0006531521	-0.0006446803	-0.0006362155	-0.0006277622	-0.0006193246	-0.0006109068	-0.0006025127	-0.0005941462	-0.0005858109	-0.0005775104	-0.0005692482	-0.0005610276	-0.0005528519	-0.0005447239	-0.0005366467	-0.0005286228	-0.0005206552	-0.0005127463	-0.0005048985	-0.0004971141	-0.0004893951	-0.0004817436	-0.0004741616	-0.0004666508	-0.0004592129	-0.0004518495	-0.0004445621	-0.0004373519	-0.0004302204	-0.0004231686	-0.0004161976	-0.0004093083	-0.0004025017	-0.0003957786	-0.0003891395	-0.0003825853	-0.0003761164	-0.0003697332	-0.0003634362	-0.0003572257	-0.0003511018	-0.0003450648	-0.0003391148	-0.0003332520	-0.0003274769	-0.0003217900	-0.0003161903	-0.0003106715	-0.0003052198	-0.0002998265	-0.0002945400	-0.0002895577	-0.0002852042	-0.0002815622	-0.0002783078	-0.0002751762	-0.0002720790	-0.0002690138	-0.0002659943	-0.0002630279	-0.0002601152	-0.0002572546	-0.0002544443	-0.0002516828	-0.0002489691	-0.0002463022	-0.0002436820	-0.0002411072	-0.0002385736	-0.0002360693
-0.0003675332	-0.0003677382	-0.0003679530	-0.0003681850	-0.0003684363	-0.0003687069	-0.0003689964	-0.0003693045	-0.0003696313	-0.0003699774	-0.0003703443	-0.0003707336	-0.0003711423	-0.0003715525	-0.0003719262	-0.0003722447	-0.0003726592	-0.0003737380	-0.0003763606	-0.0003806621	-0.0003858085	-0.0003911547	-0.0003964995	-0.0004018477	-0.0004072380	-0.0004126914	-0.0004182123	-0.0004237996	-0.0004294515	-0.0004351673	-0.0004409467	-0.0004467895	-0.0004526955	-0.0004586642	-0.0004646955	-0.0004707887	-0.0004769435	-0.0004831592	-0.0004894353	-0.0004957710	-0.0005021656	-0.0005086183	-0.0005151284	-0.0005216949	-0.0005283168	-0.0005349931	-0.0005417226	-0.0005485042	-0.0005553365	-0.0005622181	-0.0005691477	-0.0005761238	-0.0005831448	-0.0005902090	-0.0005973147	-0.0006044602	-0.0006116434	-0.0006188624	-0.0006261153	-0.0006333995	-0.0006407132	-0.0006480536	-0.0006554183	-0.0006628047	-0.0006702101	-0.0006776318	-0.0006850671	-0.0006925127	-0.0006999654	-0.0007074222	-0.0007148797	-0.0007223345	-0.0007297835	-0.0007372229	-0.0007446489	-0.0007520578	-0.0007594459	-0.0007668089	-0.0007741426	-0.0007814432	-0.0007887060	-0.0007959267	-0.0008031011	-0.0008102243	-0.0008172917	-0.0008242988	-0.0008312409	-0.0008381130	-0.0008449101	-0.0008516276	-0.0008582602	-0.0008648026	-0.0008712498	-0.0008775970	-0.0008838387	-0.0008899699	-0.0008959854	-0.0009018800	-0.0009076483	-0.0009132848	-0.0009187846	-0.0009241425	-0.0009293532	-0.0009344117	-0.0009393130	-0.0009440525	-0.0009486252	-0.0009530262	-0.0009572508	-0.0009612947	-0.0009651535	-0.0009688229	-0.0009722988	-0.0009755770	-0.0009786538	-0.0009815257	-0.0009841896	-0.0009866423	-0.0009888807	-0.0009909020	-0.0009927038	-0.0009942839	-0.0009956402	-0.0009967705	-0.0009976732	-0.0009983472	-0.0009987912	-0.0009990040	-0.0009989850	-0.0009987338	-0.0009982501	-0.0009975337	-0.0009965848	-0.0009954037	-0.0009939910	-0.0009923474	-0.0009904737	-0.0009883712	-0.0009860410	-0.0009834847	-0.0009807039	-0.0009777003	-0.0009744762	-0.0009710337	-0.0009673751	-0.0009635030	-0.0009594201	-0.0009551297	-0.0009506347	-0.0009459382	-0.0009410439	-0.0009359557	-0.0009306774	-0.0009252129	-0.0009195665	-0.0009137428	-0.0009077466	-0.0009015826	-0.0008952554	-0.0008887700	-0.0008821316	-0.0008753457	-0.0008684178	-0.0008613534	-0.0008541581	-0.0008468375	-0.0008393976	-0.0008318442	-0.0008241832	-0.0008164204	-0.0008085617	-0.0008006130	-0.0007925800	-0.0007844687	-0.0007762852	-0.0007680354	-0.0007597250	-0.0007513598	-0.0007429455	-0.0007344876	-0.0007259915	-0.0007174628	-0.0007089066	-0.0007003283	-0.0006917329	-0.0006831255	-0.0006745110	-0.0006658941	-0.0006572795	-0.0006486719	-0.0006400756	-0.0006314950	-0.0006229342	-0.0006143972	-0.0006058879	-0.0005974100	-0.0005889673	-0.0005805631	-0.0005722009	-0.0005638839	-0.0005556151	-0.0005473976	-0.0005392340	-0.0005311273	-0.0005230801	-0.0005150946	-0.0005071731	-0.0004993179	-0.0004915310	-0.0004838144	-0.0004761700	-0.0004685995	-0.0004611044	-0.0004536862	-0.0004463465	-0.0004390864	-0.0004319071	-0.0004248097	-0.0004177953	-0.0004108646	-0.0004040187	-0.0003972580	-0.0003905835	-0.0003839955	-0.0003774945	-0.0003710810	-0.0003647552	-0.0003585175	-0.0003523680	-0.0003463069	-0.0003403344	-0.0003344513	-0.0003286578	-0.0003229517	-0.0003173242	-0.0003117597	-0.0003062589	-0.0003009093	-0.0002959735	-0.0002917643	-0.0002881923	-0.0002849146	-0.0002817206	-0.0002785566	-0.0002754294	-0.0002723520	-0.0002693291	-0.0002663607	-0.0002634448	-0.0002605796	-0.0002577638	-0.0002549963	-0.0002522764	-0.0002496036	-0.0002469770	-0.0002443920	-0.0002418368
-0.0003768568	-0.0003770649	-0.0003772833	-0.0003775191	-0.0003777748	-0.0003780503	-0.0003783453	-0.0003786594	-0.0003789926	-0.0003793454	-0.0003797190	-0.0003801152	-0.0003805334	-0.0003809616	-0.0003813670	-0.0003817144	-0.0003820760	-0.0003828675	-0.0003849520	-0.0003888917	-0.0003939839	-0.0003994277	-0.0004048976	-0.0004103596	-0.0004158530	-0.0004214061	-0.0004270273	-0.0004327164	-0.0004384715	-0.0004442915	-0.0004501759	-0.0004561245	-0.0004621371	-0.0004682133	-0.0004743528	-0.0004805551	-0.0004868196	-0.0004931459	-0.0004995333	-0.0005059809	-0.0005124882	-0.0005190542	-0.0005256781	-0.0005323591	-0.0005390960	-0.0005458878	-0.0005527334	-0.0005596315	-0.0005665807	-0.0005735797	-0.0005806271	-0.0005877213	-0.0005948608	-0.0006020438	-0.0006092686	-0.0006165334	-0.0006238362	-0.0006311748	-0.0006385474	-0.0006459514	-0.0006533846	-0.0006608448	-0.0006683289	-0.0006758345	-0.0006833590	-0.0006908994	-0.0006984529	-0.0007060166	-0.0007135870	-0.0007211609	-0.0007287352	-0.0007363063	-0.0007438707	-0.0007514251	-0.0007589655	-0.0007664879	-0.0007739885	-0.0007814631	-0.0007889074	-0.0007963173	-0.0008036885	-0.0008110163	-0.0008182965	-0.0008255245	-0.0008326956	-0.0008398049	-0.0008468478	-0.0008538192	-0.0008607139	-0.0008675272	-0.0008742539	-0.0008808888	-0.0008874267	-0.0008938626	-0.0009001914	-0.0009064077	-0.0009125062	-0.0009184817	-0.0009243290	-0.0009300424	-0.0009356167	-0.0009410469	-0.0009463278	-0.0009514542	-0.0009564210	-0.0009612234	-0.0009658565	-0.0009703155	-0.0009745956	-0.0009786922	-0.0009826012	-0.0009863183	-0.0009898391	-0.0009931595	-0.0009962757	-0.0009991841	-0.0010018816	-0.0010043647	-0.0010066303	-0.0010086758	-0.0010104986	-0.0010120965	-0.0010134673	-0.0010146087	-0.0010155194	-0.0010161979	-0.0010166429	-0.0010168533	-0.0010168283	-0.0010165674	-0.0010160705	-0.0010153371	-0.0010143674	-0.0010131618	-0.0010117209	-0.0010100452	-0.0010081357	-0.0010059935	-0.0010036201	-0.0010010168	-0.0009981853	-0.0009951275	-0.0009918456	-0.0009883418	-0.0009846186	-0.0009806785	-0.0009765244	-0.0009721595	-0.0009675869	-0.0009628099	-0.0009578322	-0.0009526577	-0.0009472906	-0.0009417347	-0.0009359944	-0.0009300743	-0.0009239792	-0.0009177141	-0.0009112837	-0.0009046929	-0.0008979470	-0.0008910516	-0.0008840124	-0.0008768352	-0.0008695254	-0.0008620887	-0.0008545310	-0.0008468582	-0.0008390762	-0.0008311911	-0.0008232088	-0.0008151353	-0.0008069764	-0.0007987381	-0.0007904265	-0.0007820474	-0.0007736068	-0.0007651106	-0.0007565644	-0.0007479738	-0.0007393445	-0.0007306817	-0.0007219909	-0.0007132774	-0.0007045464	-0.0006958028	-0.0006870518	-0.0006782981	-0.0006695465	-0.0006608017	-0.0006520681	-0.0006433502	-0.0006346520	-0.0006259777	-0.0006173311	-0.0006087162	-0.0006001366	-0.0005915958	-0.0005830974	-0.0005746444	-0.0005662402	-0.0005578875	-0.0005495895	-0.0005413488	-0.0005331682	-0.0005250499	-0.0005169964	-0.0005090098	-0.0005010923	-0.0004932460	-0.0004854727	-0.0004777740	-0.0004701518	-0.0004626075	-0.0004551425	-0.0004477581	-0.0004404557	-0.0004332361	-0.0004261006	-0.0004190501	-0.0004120853	-0.0004052071	-0.0003984160	-0.0003917128	-0.0003850978	-0.0003785714	-0.0003721341	-0.0003657861	-0.0003595276	-0.0003533587	-0.0003472800	-0.0003412922	-0.0003353952	-0.0003295851	-0.0003238500	-0.0003181749	-0.0003125778	-0.0003071974	-0.0003023528	-0.0002982924	-0.0002947715	-0.0002914583	-0.0002881997	-0.0002849709	-0.0002817843	-0.0002786508	-0.0002755733	-0.0002725505	-0.0002695806	-0.0002666619	-0.0002637932	-0.0002609733	-0.0002582016	-0.0002554775	-0.0002528002	-0.0002501650	-0.0002475600
-0.0003861530	-0.0003863641	-0.0003865857	-0.0003868252	-0.0003870851	-0.0003873653	-0.0003876655	-0.0003879854	-0.0003883249	-0.0003886842	-0.0003890644	-0.0003894672	-0.0003898937	-0.0003903366	-0.0003907696	-0.0003911505	-0.0003914948	-0.0003920826	-0.0003936843	-0.0003971318	-0.0004020513	-0.0004075512	-0.0004131428	-0.0004187223	-0.0004243198	-0.0004299705	-0.0004356890	-0.0004414767	-0.0004473317	-0.0004532526	-0.0004592388	-0.0004652901	-0.0004714060	-0.0004775864	-0.0004838307	-0.0004901386	-0.0004965094	-0.0005029426	-0.0005094376	-0.0005159936	-0.0005226097	-0.0005292852	-0.0005360191	-0.0005428106	-0.0005496586	-0.0005565620	-0.0005635195	-0.0005705300	-0.0005775921	-0.0005847044	-0.0005918653	-0.0005990735	-0.0006063271	-0.0006136247	-0.0006209642	-0.0006283438	-0.0006357616	-0.0006432153	-0.0006507027	-0.0006582218	-0.0006657699	-0.0006733447	-0.0006809436	-0.0006885635	-0.0006962020	-0.0007038562	-0.0007115230	-0.0007191996	-0.0007268828	-0.0007345689	-0.0007422549	-0.0007499373	-0.0007576123	-0.0007652765	-0.0007729260	-0.0007805565	-0.0007881643	-0.0007957452	-0.0008032948	-0.0008108087	-0.0008182829	-0.0008257128	-0.0008330938	-0.0008404215	-0.0008476911	-0.0008548975	-0.0008620358	-0.0008691012	-0.0008760885	-0.0008829925	-0.0008898082	-0.0008965306	-0.0009031544	-0.0009096742	-0.0009160851	-0.0009223816	-0.0009285584	-0.0009346100	-0.0009405313	-0.0009463170	-0.0009519615	-0.0009574596	-0.0009628062	-0.0009679962	-0.0009730244	-0.0009778857	-0.0009825752	-0.0009870881	-0.0009914198	-0.0009955657	-0.0009995213	-0.0010032824	-0.0010068446	-0.0010102038	-0.0010133562	-0.0010162983	-0.0010190266	-0.0010215375	-0.0010238279	-0.0010258952	-0.0010277369	-0.0010293506	-0.0010307339	-0.0010318847	-0.0010328017	-0.0010334832	-0.0010339280	-0.0010341347	-0.0010341028	-0.0010338316	-0.0010333208	-0.0010325701	-0.0010315796	-0.0010303498	-0.0010288810	-0.0010271739	-0.0010252295	-0.0010230489	-0.0010206335	-0.0010179848	-0.0010151044	-0.0010119944	-0.0010086568	-0.0010050942	-0.0010013089	-0.0009973036	-0.0009930811	-0.0009886448	-0.0009839981	-0.0009791442	-0.0009740867	-0.0009688297	-0.0009633776	-0.0009577344	-0.0009519044	-0.0009458921	-0.0009397025	-0.0009333407	-0.0009268115	-0.0009201200	-0.0009132717	-0.0009062719	-0.0008991266	-0.0008918415	-0.0008844224	-0.0008768748	-0.0008692047	-0.0008614178	-0.0008535203	-0.0008455183	-0.0008374179	-0.0008292251	-0.0008209459	-0.0008125863	-0.0008041523	-0.0007956498	-0.0007870848	-0.0007784633	-0.0007697909	-0.0007610735	-0.0007523165	-0.0007435255	-0.0007347059	-0.0007258630	-0.0007170021	-0.0007081282	-0.0006992464	-0.0006903617	-0.0006814789	-0.0006726026	-0.0006637374	-0.0006548878	-0.0006460578	-0.0006372517	-0.0006284735	-0.0006197270	-0.0006110160	-0.0006023441	-0.0005937148	-0.0005851312	-0.0005765967	-0.0005681142	-0.0005596869	-0.0005513174	-0.0005430084	-0.0005347624	-0.0005265817	-0.0005184687	-0.0005104255	-0.0005024542	-0.0004945566	-0.0004867346	-0.0004789898	-0.0004713237	-0.0004637380	-0.0004562338	-0.0004488124	-0.0004414750	-0.0004342226	-0.0004270562	-0.0004199767	-0.0004129848	-0.0004060813	-0.0003992666	-0.0003925413	-0.0003859059	-0.0003793606	-0.0003729059	-0.0003665418	-0.0003602688	-0.0003540874	-0.0003479983	-0.0003420006	-0.0003360880	-0.0003302459	-0.0003244639	-0.0003187898	-0.0003134286	-0.0003087279	-0.0003047959	-0.0003012955	-0.0002979348	-0.0002946117	-0.0002913211	-0.0002880780	-0.0002848904	-0.0002817596	-0.0002786840	-0.0002756615	-0.0002726908	-0.0002697704	-0.0002668994	-0.0002640771	-0.0002613030	-0.0002585762	-0.0002558920	-0.0002532384
-0.0003954211	-0.0003956350	-0.0003958596	-0.0003961026	-0.0003963665	-0.0003966512	-0.0003969563	-0.0003972817	-0.0003976272	-0.0003979929	-0.0003983797	-0.0003987890	-0.0003992225	-0.0003996770	-0.0004001329	-0.0004005497	-0.0004009093	-0.0004013787	-0.0004025718	-0.0004054170	-0.0004100292	-0.0004155274	-0.0004212319	-0.0004269326	-0.0004326358	-0.0004383828	-0.0004441954	-0.0004500783	-0.0004560300	-0.0004620488	-0.0004681336	-0.0004742842	-0.0004805002	-0.0004867813	-0.0004931270	-0.0004995370	-0.0005060105	-0.0005125471	-0.0005191461	-0.0005258066	-0.0005325279	-0.0005393090	-0.0005461491	-0.0005530472	-0.0005600023	-0.0005670132	-0.0005740787	-0.0005811975	-0.0005883683	-0.0005955896	-0.0006028600	-0.0006101779	-0.0006175414	-0.0006249490	-0.0006323988	-0.0006398887	-0.0006474168	-0.0006549809	-0.0006625786	-0.0006702079	-0.0006778661	-0.0006855507	-0.0006932593	-0.0007009888	-0.0007087364	-0.0007164994	-0.0007242747	-0.0007320593	-0.0007398502	-0.0007476437	-0.0007554364	-0.0007632249	-0.0007710053	-0.0007787740	-0.0007865271	-0.0007942607	-0.0008019704	-0.0008096522	-0.0008173019	-0.0008249148	-0.0008324868	-0.0008400136	-0.0008474904	-0.0008549124	-0.0008622752	-0.0008695735	-0.0008768021	-0.0008839563	-0.0008910308	-0.0008980206	-0.0009049204	-0.0009117252	-0.0009184298	-0.0009250289	-0.0009315169	-0.0009378887	-0.0009441390	-0.0009502621	-0.0009562529	-0.0009621060	-0.0009678161	-0.0009733779	-0.0009787858	-0.0009840351	-0.0009891203	-0.0009940365	-0.0009987786	-0.0010033416	-0.0010077211	-0.0010119124	-0.0010159112	-0.0010197127	-0.0010233129	-0.0010267075	-0.0010298930	-0.0010328657	-0.0010356218	-0.0010381579	-0.0010404708	-0.0010425577	-0.0010444163	-0.0010460437	-0.0010474377	-0.0010485963	-0.0010495180	-0.0010502012	-0.0010506444	-0.0010508465	-0.0010508067	-0.0010505246	-0.0010499995	-0.0010492313	-0.0010482200	-0.0010469660	-0.0010454698	-0.0010437320	-0.0010417535	-0.0010395356	-0.0010370795	-0.0010343869	-0.0010314594	-0.0010282991	-0.0010249081	-0.0010212890	-0.0010174441	-0.0010133763	-0.0010090884	-0.0010045839	-0.0009998663	-0.0009949388	-0.0009898052	-0.0009844695	-0.0009789363	-0.0009732097	-0.0009672941	-0.0009611940	-0.0009549142	-0.0009484601	-0.0009418368	-0.0009350496	-0.0009281036	-0.0009210046	-0.0009137582	-0.0009063704	-0.0008988469	-0.0008911936	-0.0008834163	-0.0008755208	-0.0008675133	-0.0008594000	-0.0008511870	-0.0008428805	-0.0008344866	-0.0008260113	-0.0008174605	-0.0008088404	-0.0008001568	-0.0007914157	-0.0007826230	-0.0007737844	-0.0007649056	-0.0007559921	-0.0007470494	-0.0007380830	-0.0007290979	-0.0007200995	-0.0007110928	-0.0007020828	-0.0006930745	-0.0006840725	-0.0006750814	-0.0006661057	-0.0006571496	-0.0006482173	-0.0006393130	-0.0006304404	-0.0006216035	-0.0006128059	-0.0006040510	-0.0005953423	-0.0005866828	-0.0005780758	-0.0005695243	-0.0005610311	-0.0005525989	-0.0005442301	-0.0005359273	-0.0005276928	-0.0005195287	-0.0005114371	-0.0005034200	-0.0004954792	-0.0004876164	-0.0004798332	-0.0004721311	-0.0004645115	-0.0004569756	-0.0004495245	-0.0004421595	-0.0004348814	-0.0004276912	-0.0004205897	-0.0004135775	-0.0004066553	-0.0003998235	-0.0003930827	-0.0003864333	-0.0003798754	-0.0003734094	-0.0003670357	-0.0003607551	-0.0003545680	-0.0003484723	-0.0003424586	-0.0003365102	-0.0003306275	-0.0003249030	-0.0003196159	-0.0003150993	-0.0003112697	-0.0003077607	-0.0003043428	-0.0003009559	-0.0002976070	-0.0002943098	-0.0002910701	-0.0002878876	-0.0002847605	-0.0002816869	-0.0002786654	-0.0002756948	-0.0002727741	-0.0002699025	-0.0002670796	-0.0002643044	-0.0002615723	-0.0002588712
-0.0004046605	-0.0004048770	-0.0004051043	-0.0004053506	-0.0004056182	-0.0004059071	-0.0004062170	-0.0004065476	-0.0004068988	-0.0004072708	-0.0004076640	-0.0004080795	-0.0004085196	-0.0004089835	-0.0004094585	-0.0004099101	-0.0004103007	-0.0004107059	-0.0004115647	-0.0004137872	-0.0004179613	-0.0004233709	-0.0004291640	-0.0004349861	-0.0004407978	-0.0004466407	-0.0004525448	-0.0004585196	-0.0004645647	-0.0004706780	-0.0004768582	-0.0004831048	-0.0004894175	-0.0004957959	-0.0005022397	-0.0005087482	-0.0005153209	-0.0005219573	-0.0005286565	-0.0005354179	-0.0005422405	-0.0005491234	-0.0005560658	-0.0005630666	-0.0005701248	-0.0005772392	-0.0005844086	-0.0005916318	-0.0005989072	-0.0006062334	-0.0006136090	-0.0006210322	-0.0006285012	-0.0006360144	-0.0006435699	-0.0006511655	-0.0006587993	-0.0006664691	-0.0006741725	-0.0006819071	-0.0006896706	-0.0006974603	-0.0007052737	-0.0007131078	-0.0007209597	-0.0007288267	-0.0007367056	-0.0007445934	-0.0007524869	-0.0007603827	-0.0007682771	-0.0007761664	-0.0007840470	-0.0007919150	-0.0007997666	-0.0008075978	-0.0008154042	-0.0008231817	-0.0008309262	-0.0008386332	-0.0008462981	-0.0008539165	-0.0008614838	-0.0008689951	-0.0008764455	-0.0008838303	-0.0008911442	-0.0008983819	-0.0009055386	-0.0009126091	-0.0009195882	-0.0009264705	-0.0009332509	-0.0009399242	-0.0009464846	-0.0009529269	-0.0009592457	-0.0009654357	-0.0009714915	-0.0009774074	-0.0009831785	-0.0009887993	-0.0009942646	-0.0009995688	-0.0010047069	-0.0010096738	-0.0010144644	-0.0010190738	-0.0010234975	-0.0010277306	-0.0010317688	-0.0010356074	-0.0010392422	-0.0010426692	-0.0010458845	-0.0010488847	-0.0010516657	-0.0010542241	-0.0010565569	-0.0010586613	-0.0010605344	-0.0010621737	-0.0010635767	-0.0010647415	-0.0010656666	-0.0010663501	-0.0010667907	-0.0010669872	-0.0010669388	-0.0010666451	-0.0010661054	-0.0010653194	-0.0010642873	-0.0010630095	-0.0010614862	-0.0010597183	-0.0010577067	-0.0010554524	-0.0010529570	-0.0010502220	-0.0010472492	-0.0010440405	-0.0010405982	-0.0010369248	-0.0010330230	-0.0010288953	-0.0010245450	-0.0010199754	-0.0010151900	-0.0010101924	-0.0010049863	-0.0009995757	-0.0009939652	-0.0009881592	-0.0009821620	-0.0009759782	-0.0009696128	-0.0009630710	-0.0009563584	-0.0009494801	-0.0009424415	-0.0009352482	-0.0009279057	-0.0009204202	-0.0009127975	-0.0009050435	-0.0008971642	-0.0008891656	-0.0008810536	-0.0008728344	-0.0008645144	-0.0008560998	-0.0008475968	-0.0008390113	-0.0008303496	-0.0008216175	-0.0008128210	-0.0008039662	-0.0007950588	-0.0007861048	-0.0007771099	-0.0007680797	-0.0007590198	-0.0007499355	-0.0007408321	-0.0007317149	-0.0007225891	-0.0007134597	-0.0007043316	-0.0006952095	-0.0006860982	-0.0006770021	-0.0006679255	-0.0006588727	-0.0006498477	-0.0006408547	-0.0006318974	-0.0006229795	-0.0006141045	-0.0006052758	-0.0005964967	-0.0005877704	-0.0005791000	-0.0005704883	-0.0005619379	-0.0005534514	-0.0005450314	-0.0005366803	-0.0005284001	-0.0005201932	-0.0005120613	-0.0005040064	-0.0004960302	-0.0004881344	-0.0004803205	-0.0004725898	-0.0004649436	-0.0004573833	-0.0004499098	-0.0004425242	-0.0004352274	-0.0004280202	-0.0004209034	-0.0004138775	-0.0004069431	-0.0004001007	-0.0003933506	-0.0003866933	-0.0003801289	-0.0003736582	-0.0003672819	-0.0003610000	-0.0003548085	-0.0003486944	-0.0003426419	-0.0003366716	-0.0003309363	-0.0003257783	-0.0003214507	-0.0003176956	-0.0003141599	-0.0003106812	-0.0003072328	-0.0003038284	-0.0003004796	-0.0002971894	-0.0002939567	-0.0002907795	-0.0002876562	-0.0002845853	-0.0002815659	-0.0002785967	-0.0002756771	-0.0002728066	-0.0002699843	-0.0002672056	-0.0002644581
-0.0004138705	-0.0004140893	-0.0004143192	-0.0004145684	-0.0004148395	-0.0004151324	-0.0004154467	-0.0004157823	-0.0004161391	-0.0004165170	-0.0004169164	-0.0004173382	-0.0004177844	-0.0004182561	-0.0004187462	-0.0004192275	-0.0004196555	-0.0004200426	-0.0004206721	-0.0004223397	-0.0004259274	-0.0004311067	-0.0004369373	-0.0004428765	-0.0004488015	-0.0004547418	-0.0004607356	-0.0004667991	-0.0004729340	-0.0004791385	-0.0004854108	-0.0004917502	-0.0004981562	-0.0005046286	-0.0005111668	-0.0005177704	-0.0005244387	-0.0005311711	-0.0005379670	-0.0005448254	-0.0005517456	-0.0005587266	-0.0005657674	-0.0005728670	-0.0005800243	-0.0005872383	-0.0005945076	-0.0006018309	-0.0006092068	-0.0006166337	-0.0006241101	-0.0006316342	-0.0006392044	-0.0006468187	-0.0006544753	-0.0006621721	-0.0006699070	-0.0006776778	-0.0006854820	-0.0006933174	-0.0007011813	-0.0007090713	-0.0007169846	-0.0007249186	-0.0007328701	-0.0007408361	-0.0007488138	-0.0007567998	-0.0007647908	-0.0007727837	-0.0007807745	-0.0007887596	-0.0007967351	-0.0008046973	-0.0008126421	-0.0008205655	-0.0008284636	-0.0008363319	-0.0008441660	-0.0008519617	-0.0008597144	-0.0008674192	-0.0008750717	-0.0008826670	-0.0008902001	-0.0008976660	-0.0009050598	-0.0009123763	-0.0009196101	-0.0009267563	-0.0009338096	-0.0009407645	-0.0009476158	-0.0009543582	-0.0009609862	-0.0009674943	-0.0009738771	-0.0009801291	-0.0009862452	-0.0009922197	-0.0009980473	-0.0010037227	-0.0010092407	-0.0010145957	-0.0010197825	-0.0010247960	-0.0010296311	-0.0010342832	-0.0010387474	-0.0010430188	-0.0010470929	-0.0010509651	-0.0010546312	-0.0010580874	-0.0010613298	-0.0010643543	-0.0010671572	-0.0010697353	-0.0010720853	-0.0010742046	-0.0010760902	-0.0010777393	-0.0010791495	-0.0010803189	-0.0010812459	-0.0010819286	-0.0010823655	-0.0010825556	-0.0010824980	-0.0010821922	-0.0010816374	-0.0010808336	-0.0010797808	-0.0010784793	-0.0010769296	-0.0010751322	-0.0010730882	-0.0010707988	-0.0010682653	-0.0010654895	-0.0010624729	-0.0010592177	-0.0010557262	-0.0010520010	-0.0010480446	-0.0010438599	-0.0010394500	-0.0010348184	-0.0010299685	-0.0010249042	-0.0010196292	-0.0010141474	-0.0010084635	-0.0010025818	-0.0009965072	-0.0009902441	-0.0009837976	-0.0009771728	-0.0009703754	-0.0009634108	-0.0009562843	-0.0009490015	-0.0009415680	-0.0009339898	-0.0009262730	-0.0009184236	-0.0009104476	-0.0009023510	-0.0008941399	-0.0008858205	-0.0008773990	-0.0008688819	-0.0008602752	-0.0008515853	-0.0008428182	-0.0008339798	-0.0008250762	-0.0008161133	-0.0008070972	-0.0007980336	-0.0007889283	-0.0007797872	-0.0007706157	-0.0007614192	-0.0007522033	-0.0007429732	-0.0007337340	-0.0007244909	-0.0007152488	-0.0007060124	-0.0006967866	-0.0006875756	-0.0006783841	-0.0006692163	-0.0006600764	-0.0006509684	-0.0006418962	-0.0006328634	-0.0006238737	-0.0006149304	-0.0006060370	-0.0005971968	-0.0005884126	-0.0005796874	-0.0005710239	-0.0005624248	-0.0005538926	-0.0005454298	-0.0005370385	-0.0005287209	-0.0005204790	-0.0005123147	-0.0005042297	-0.0004962259	-0.0004883045	-0.0004804672	-0.0004727152	-0.0004650498	-0.0004574721	-0.0004499832	-0.0004425839	-0.0004352751	-0.0004280576	-0.0004209319	-0.0004138987	-0.0004069584	-0.0004001115	-0.0003933583	-0.0003866992	-0.0003801350	-0.0003736666	-0.0003672929	-0.0003610068	-0.0003547926	-0.0003486400	-0.0003426057	-0.0003369191	-0.0003319493	-0.0003277852	-0.0003240661	-0.0003204884	-0.0003169483	-0.0003134419	-0.0003099853	-0.0003065868	-0.0003032477	-0.0002999662	-0.0002967404	-0.0002935688	-0.0002904501	-0.0002873831	-0.0002843668	-0.0002814004	-0.0002784837	-0.0002756154	-0.0002727912	-0.0002699985
-0.0004230505	-0.0004232712	-0.0004235035	-0.0004237554	-0.0004240297	-0.0004243263	-0.0004246449	-0.0004249851	-0.0004253471	-0.0004257307	-0.0004261362	-0.0004265642	-0.0004270163	-0.0004274945	-0.0004279957	-0.0004285010	-0.0004289686	-0.0004293747	-0.0004298765	-0.0004310862	-0.0004339782	-0.0004387651	-0.0004445571	-0.0004506003	-0.0004566431	-0.0004626837	-0.0004687661	-0.0004749151	-0.0004811364	-0.0004874287	-0.0004937897	-0.0005002186	-0.0005067146	-0.0005132774	-0.0005199067	-0.0005266018	-0.0005333621	-0.0005401870	-0.0005470757	-0.0005540275	-0.0005610415	-0.0005681167	-0.0005752520	-0.0005824466	-0.0005896992	-0.0005970087	-0.0006043738	-0.0006117931	-0.0006192652	-0.0006267885	-0.0006343614	-0.0006419821	-0.0006496489	-0.0006573599	-0.0006651131	-0.0006729065	-0.0006807378	-0.0006886049	-0.0006965053	-0.0007044366	-0.0007123963	-0.0007203819	-0.0007283904	-0.0007364193	-0.0007444655	-0.0007525259	-0.0007605972	-0.0007686764	-0.0007767600	-0.0007848447	-0.0007929268	-0.0008010024	-0.0008090677	-0.0008171189	-0.0008251518	-0.0008331625	-0.0008411469	-0.0008491008	-0.0008570196	-0.0008648988	-0.0008727339	-0.0008805201	-0.0008882526	-0.0008959266	-0.0009035371	-0.0009110791	-0.0009185477	-0.0009259377	-0.0009332438	-0.0009404607	-0.0009475831	-0.0009546058	-0.0009615232	-0.0009683298	-0.0009750204	-0.0009815896	-0.0009880317	-0.0009943412	-0.0010005129	-0.0010065415	-0.0010124213	-0.0010181470	-0.0010237132	-0.0010291147	-0.0010343461	-0.0010394023	-0.0010442782	-0.0010489690	-0.0010534699	-0.0010577760	-0.0010618825	-0.0010657851	-0.0010694795	-0.0010729617	-0.0010762279	-0.0010792740	-0.0010820962	-0.0010846912	-0.0010870561	-0.0010891879	-0.0010910835	-0.0010927401	-0.0010941557	-0.0010953281	-0.0010962555	-0.0010969361	-0.0010973683	-0.0010975510	-0.0010974836	-0.0010971652	-0.0010965952	-0.0010957734	-0.0010947000	-0.0010933752	-0.0010917994	-0.0010899733	-0.0010878979	-0.0010855744	-0.0010830042	-0.0010801889	-0.0010771304	-0.0010738307	-0.0010702921	-0.0010665173	-0.0010625090	-0.0010582700	-0.0010538034	-0.0010491128	-0.0010442017	-0.0010390741	-0.0010337336	-0.0010281843	-0.0010224307	-0.0010164776	-0.0010103297	-0.0010039916	-0.0009974684	-0.0009907652	-0.0009838876	-0.0009768412	-0.0009696315	-0.0009622641	-0.0009547445	-0.0009470787	-0.0009392729	-0.0009313332	-0.0009232657	-0.0009150765	-0.0009067717	-0.0008983575	-0.0008898402	-0.0008812260	-0.0008725214	-0.0008637326	-0.0008548656	-0.0008459265	-0.0008369215	-0.0008278563	-0.0008187370	-0.0008095696	-0.0008003598	-0.0007911134	-0.0007818361	-0.0007725334	-0.0007632106	-0.0007538732	-0.0007445265	-0.0007351754	-0.0007258250	-0.0007164800	-0.0007071452	-0.0006978252	-0.0006885244	-0.0006792472	-0.0006699979	-0.0006607804	-0.0006515987	-0.0006424565	-0.0006333574	-0.0006243049	-0.0006153026	-0.0006063535	-0.0005974608	-0.0005886273	-0.0005798558	-0.0005711491	-0.0005625097	-0.0005539401	-0.0005454425	-0.0005370191	-0.0005286719	-0.0005204028	-0.0005122138	-0.0005041064	-0.0004960822	-0.0004881427	-0.0004802892	-0.0004725231	-0.0004648454	-0.0004572572	-0.0004497596	-0.0004423532	-0.0004350389	-0.0004278174	-0.0004206892	-0.0004136549	-0.0004067148	-0.0003998694	-0.0003931193	-0.0003864653	-0.0003799081	-0.0003734450	-0.0003670654	-0.0003607515	-0.0003545072	-0.0003484437	-0.0003428723	-0.0003381303	-0.0003340940	-0.0003303757	-0.0003267444	-0.0003231439	-0.0003195833	-0.0003160772	-0.0003126311	-0.0003092446	-0.0003059158	-0.0003026429	-0.0002994244	-0.0002962591	-0.0002931460	-0.0002900838	-0.0002870720	-0.0002841102	-0.0002811973	-0.0002783286	-0.0002754919
-0.0004321997	-0.0004324222	-0.0004326565	-0.0004329109	-0.0004331882	-0.0004334882	-0.0004338107	-0.0004341553	-0.0004345221	-0.0004349111	-0.0004353224	-0.0004357564	-0.0004362143	-0.0004366983	-0.0004372083	-0.0004377328	-0.0004382372	-0.0004386794	-0.0004391194	-0.0004399743	-0.0004421705	-0.0004464059	-0.0004520434	-0.0004581568	-0.0004643176	-0.0004704629	-0.0004766343	-0.0004828664	-0.0004891706	-0.0004955471	-0.0005019936	-0.0005085084	-0.0005150911	-0.0005217410	-0.0005284577	-0.0005352408	-0.0005420895	-0.0005490032	-0.0005559812	-0.0005630226	-0.0005701266	-0.0005772922	-0.0005845183	-0.0005918038	-0.0005991477	-0.0006065487	-0.0006140055	-0.0006215166	-0.0006290807	-0.0006366961	-0.0006443611	-0.0006520741	-0.0006598331	-0.0006676363	-0.0006754815	-0.0006833668	-0.0006912900	-0.0006992487	-0.0007072407	-0.0007152634	-0.0007233141	-0.0007313905	-0.0007394896	-0.0007476086	-0.0007557445	-0.0007638942	-0.0007720543	-0.0007802216	-0.0007883927	-0.0007965641	-0.0008047323	-0.0008128934	-0.0008210433	-0.0008291783	-0.0008372944	-0.0008453873	-0.0008534530	-0.0008614873	-0.0008694856	-0.0008774431	-0.0008853554	-0.0008932178	-0.0009010251	-0.0009087725	-0.0009164554	-0.0009240686	-0.0009316068	-0.0009390652	-0.0009464385	-0.0009537212	-0.0009609078	-0.0009679931	-0.0009749717	-0.0009818380	-0.0009885865	-0.0009952118	-0.0010017086	-0.0010080712	-0.0010142942	-0.0010203721	-0.0010262997	-0.0010320715	-0.0010376818	-0.0010431255	-0.0010483973	-0.0010534922	-0.0010584051	-0.0010631310	-0.0010676648	-0.0010720018	-0.0010761374	-0.0010800670	-0.0010837866	-0.0010872920	-0.0010905791	-0.0010936438	-0.0010964826	-0.0010990922	-0.0011014695	-0.0011036114	-0.0011055149	-0.0011071771	-0.0011085961	-0.0011097698	-0.0011106961	-0.0011113731	-0.0011117994	-0.0011119740	-0.0011118960	-0.0011115645	-0.0011109790	-0.0011101391	-0.0011090452	-0.0011076974	-0.0011060961	-0.0011042420	-0.0011021361	-0.0010997797	-0.0010971741	-0.0010943210	-0.0010912223	-0.0010878800	-0.0010842966	-0.0010804745	-0.0010764168	-0.0010721262	-0.0010676058	-0.0010628592	-0.0010578901	-0.0010527024	-0.0010473000	-0.0010416869	-0.0010358676	-0.0010298470	-0.0010236299	-0.0010172211	-0.0010106255	-0.0010038484	-0.0009968951	-0.0009897716	-0.0009824834	-0.0009750360	-0.0009674352	-0.0009596869	-0.0009517972	-0.0009437723	-0.0009356185	-0.0009273420	-0.0009189489	-0.0009104454	-0.0009018377	-0.0008931321	-0.0008843351	-0.0008754528	-0.0008664915	-0.0008574574	-0.0008483564	-0.0008391946	-0.0008299780	-0.0008207124	-0.0008114039	-0.0008020580	-0.0007926805	-0.0007832772	-0.0007738533	-0.0007644145	-0.0007549659	-0.0007455125	-0.0007360595	-0.0007266115	-0.0007171735	-0.0007077500	-0.0006983455	-0.0006889646	-0.0006796113	-0.0006702899	-0.0006610041	-0.0006517578	-0.0006425547	-0.0006333985	-0.0006242924	-0.0006152398	-0.0006062437	-0.0005973070	-0.0005884326	-0.0005796234	-0.0005708818	-0.0005622103	-0.0005536112	-0.0005450867	-0.0005366390	-0.0005282699	-0.0005199813	-0.0005117750	-0.0005036524	-0.0004956151	-0.0004876646	-0.0004798020	-0.0004720285	-0.0004643454	-0.0004567534	-0.0004492535	-0.0004418465	-0.0004345330	-0.0004273137	-0.0004201891	-0.0004131596	-0.0004062258	-0.0003993883	-0.0003926482	-0.0003860054	-0.0003794547	-0.0003729817	-0.0003665703	-0.0003602520	-0.0003542120	-0.0003488233	-0.0003443056	-0.0003403569	-0.0003366157	-0.0003329265	-0.0003292685	-0.0003256572	-0.0003221041	-0.0003186120	-0.0003151797	-0.0003118050	-0.0003084864	-0.0003052225	-0.0003020121	-0.0002988541	-0.0002957475	-0.0002926915	-0.0002896858	-0.0002867294	-0.0002838176	-0.0002809379
-0.0004413175	-0.0004415416	-0.0004417776	-0.0004420342	-0.0004423141	-0.0004426172	-0.0004429433	-0.0004432919	-0.0004436633	-0.0004440573	-0.0004444741	-0.0004449139	-0.0004453776	-0.0004458672	-0.0004463842	-0.0004469229	-0.0004474577	-0.0004479420	-0.0004483731	-0.0004489993	-0.0004505924	-0.0004541193	-0.0004594307	-0.0004655470	-0.0004718189	-0.0004780749	-0.0004843381	-0.0004906516	-0.0004970354	-0.0005034925	-0.0005100208	-0.0005166184	-0.0005232843	-0.0005300178	-0.0005368186	-0.0005436861	-0.0005506196	-0.0005576185	-0.0005646821	-0.0005718094	-0.0005789997	-0.0005862518	-0.0005935647	-0.0006009373	-0.0006083684	-0.0006158568	-0.0006234012	-0.0006310000	-0.0006386518	-0.0006463550	-0.0006541078	-0.0006619086	-0.0006697554	-0.0006776462	-0.0006855791	-0.0006935518	-0.0007015623	-0.0007096081	-0.0007176869	-0.0007257963	-0.0007339335	-0.0007420959	-0.0007502808	-0.0007584850	-0.0007667057	-0.0007749398	-0.0007831837	-0.0007914340	-0.0007996876	-0.0008079407	-0.0008161898	-0.0008244312	-0.0008326608	-0.0008408747	-0.0008490687	-0.0008572389	-0.0008653808	-0.0008734903	-0.0008815628	-0.0008895936	-0.0008975779	-0.0009055110	-0.0009133881	-0.0009212041	-0.0009289542	-0.0009366334	-0.0009442365	-0.0009517583	-0.0009591936	-0.0009665371	-0.0009737832	-0.0009809262	-0.0009879610	-0.0009948822	-0.0010016839	-0.0010083609	-0.0010149077	-0.0010213188	-0.0010275886	-0.0010337117	-0.0010396826	-0.0010454960	-0.0010511463	-0.0010566282	-0.0010619365	-0.0010670660	-0.0010720119	-0.0010767691	-0.0010813323	-0.0010856968	-0.0010898579	-0.0010938114	-0.0010975530	-0.0011010785	-0.0011043836	-0.0011074643	-0.0011103171	-0.0011129388	-0.0011153262	-0.0011174760	-0.0011193852	-0.0011210513	-0.0011224720	-0.0011236452	-0.0011245689	-0.0011252412	-0.0011256605	-0.0011258260	-0.0011257366	-0.0011253915	-0.0011247901	-0.0011239322	-0.0011228178	-0.0011214473	-0.0011198210	-0.0011179397	-0.0011158043	-0.0011134161	-0.0011107764	-0.0011078871	-0.0011047500	-0.0011013670	-0.0010977408	-0.0010938739	-0.0010897692	-0.0010854296	-0.0010808583	-0.0010760587	-0.0010710348	-0.0010657904	-0.0010603296	-0.0010546564	-0.0010487752	-0.0010426910	-0.0010364088	-0.0010299333	-0.0010232697	-0.0010164229	-0.0010093987	-0.0010022025	-0.0009948403	-0.0009873178	-0.0009796407	-0.0009718149	-0.0009638464	-0.0009557415	-0.0009475067	-0.0009391481	-0.0009306719	-0.0009220844	-0.0009133917	-0.0009046003	-0.0008957163	-0.0008867461	-0.0008776961	-0.0008685724	-0.0008593811	-0.0008501283	-0.0008408199	-0.0008314619	-0.0008220602	-0.0008126206	-0.0008031488	-0.0007936505	-0.0007841314	-0.0007745968	-0.0007650518	-0.0007555019	-0.0007459518	-0.0007364065	-0.0007268709	-0.0007173495	-0.0007078470	-0.0006983678	-0.0006889162	-0.0006794962	-0.0006701118	-0.0006607669	-0.0006514652	-0.0006422104	-0.0006330059	-0.0006238549	-0.0006147605	-0.0006057258	-0.0005967537	-0.0005878468	-0.0005790079	-0.0005702395	-0.0005615438	-0.0005529231	-0.0005443795	-0.0005359151	-0.0005275316	-0.0005192308	-0.0005110144	-0.0005028838	-0.0004948404	-0.0004868857	-0.0004790208	-0.0004712468	-0.0004635646	-0.0004559753	-0.0004484794	-0.0004410779	-0.0004337714	-0.0004265603	-0.0004194451	-0.0004124265	-0.0004055054	-0.0003986828	-0.0003919572	-0.0003853199	-0.0003787531	-0.0003722497	-0.0003658883	-0.0003599439	-0.0003547998	-0.0003504710	-0.0003465633	-0.0003427814	-0.0003390338	-0.0003353224	-0.0003316637	-0.0003280657	-0.0003245293	-0.0003210525	-0.0003176335	-0.0003142706	-0.0003109627	-0.0003077085	-0.0003045071	-0.0003013573	-0.0002982584	-0.0002952101	-0.0002922114	-0.0002892575	-0.0002863361
-0.0004504033	-0.0004506285	-0.0004508660	-0.0004511245	-0.0004514067	-0.0004517126	-0.0004520419	-0.0004523943	-0.0004527699	-0.0004531686	-0.0004535907	-0.0004540361	-0.0004545054	-0.0004550004	-0.0004555231	-0.0004560718	-0.0004566301	-0.0004571567	-0.0004576160	-0.0004581259	-0.0004592439	-0.0004619823	-0.0004667748	-0.0004727851	-0.0004791437	-0.0004855147	-0.0004918743	-0.0004982693	-0.0005047297	-0.0005112638	-0.0005178704	-0.0005245473	-0.0005312929	-0.0005381067	-0.0005449880	-0.0005519364	-0.0005589512	-0.0005660317	-0.0005731772	-0.0005803867	-0.0005876594	-0.0005949942	-0.0006023901	-0.0006098458	-0.0006173601	-0.0006249318	-0.0006325595	-0.0006402418	-0.0006479771	-0.0006557638	-0.0006636002	-0.0006714844	-0.0006794145	-0.0006873886	-0.0006954045	-0.0007034602	-0.0007115534	-0.0007196818	-0.0007278430	-0.0007360344	-0.0007442534	-0.0007524971	-0.0007607628	-0.0007690475	-0.0007773480	-0.0007856614	-0.0007939841	-0.0008023126	-0.0008106436	-0.0008189734	-0.0008272985	-0.0008356151	-0.0008439194	-0.0008522072	-0.0008604742	-0.0008687165	-0.0008769297	-0.0008851091	-0.0008932506	-0.0009013495	-0.0009094007	-0.0009173996	-0.0009253413	-0.0009332209	-0.0009410333	-0.0009487735	-0.0009564364	-0.0009640167	-0.0009715091	-0.0009789082	-0.0009862087	-0.0009934049	-0.0010004912	-0.0010074623	-0.0010143127	-0.0010210369	-0.0010276291	-0.0010340841	-0.0010403963	-0.0010465603	-0.0010525703	-0.0010584210	-0.0010641071	-0.0010696232	-0.0010749641	-0.0010801245	-0.0010850996	-0.0010898841	-0.0010944731	-0.0010988616	-0.0011030451	-0.0011070193	-0.0011107797	-0.0011143221	-0.0011176423	-0.0011207364	-0.0011236008	-0.0011262323	-0.0011286274	-0.0011307830	-0.0011326961	-0.0011343641	-0.0011357848	-0.0011369561	-0.0011378758	-0.0011385421	-0.0011389535	-0.0011391090	-0.0011390076	-0.0011386484	-0.0011380308	-0.0011371547	-0.0011360200	-0.0011346272	-0.0011329765	-0.0011310686	-0.0011289046	-0.0011264857	-0.0011238133	-0.0011208892	-0.0011177153	-0.0011142937	-0.0011106268	-0.0011067172	-0.0011025680	-0.0010981821	-0.0010935627	-0.0010887132	-0.0010836376	-0.0010783398	-0.0010728240	-0.0010670943	-0.0010611551	-0.0010550112	-0.0010486678	-0.0010421298	-0.0010354022	-0.0010284902	-0.0010213993	-0.0010141351	-0.0010067036	-0.0009991107	-0.0009913620	-0.0009834636	-0.0009754214	-0.0009672418	-0.0009589310	-0.0009504955	-0.0009419415	-0.0009332752	-0.0009245030	-0.0009156309	-0.0009066655	-0.0008976130	-0.0008884797	-0.0008792720	-0.0008699959	-0.0008606576	-0.0008512631	-0.0008418183	-0.0008323292	-0.0008228015	-0.0008132411	-0.0008036536	-0.0007940448	-0.0007844199	-0.0007747844	-0.0007651434	-0.0007555019	-0.0007458649	-0.0007362373	-0.0007266236	-0.0007170286	-0.0007074567	-0.0006979121	-0.0006883990	-0.0006789214	-0.0006694832	-0.0006600883	-0.0006507403	-0.0006414426	-0.0006321984	-0.0006230109	-0.0006138833	-0.0006048183	-0.0005958190	-0.0005868878	-0.0005780272	-0.0005692397	-0.0005605276	-0.0005518930	-0.0005433378	-0.0005348640	-0.0005264733	-0.0005181674	-0.0005099479	-0.0005018162	-0.0004937737	-0.0004858215	-0.0004779608	-0.0004701925	-0.0004625177	-0.0004549371	-0.0004474515	-0.0004400615	-0.0004327677	-0.0004255706	-0.0004184710	-0.0004114701	-0.0004045683	-0.0003977620	-0.0003910383	-0.0003843783	-0.0003777964	-0.0003714408	-0.0003656712	-0.0003607982	-0.0003566102	-0.0003527044	-0.0003488705	-0.0003450665	-0.0003413057	-0.0003376026	-0.0003339618	-0.0003303826	-0.0003268628	-0.0003234008	-0.0003199951	-0.0003166446	-0.0003133482	-0.0003101046	-0.0003069129	-0.0003037724	-0.0003006827	-0.0002976428	-0.0002946482	-0.0002916861
-0.0004594562	-0.0004596824	-0.0004599210	-0.0004601810	-0.0004604652	-0.0004607736	-0.0004611058	-0.0004614616	-0.0004618411	-0.0004622442	-0.0004626711	-0.0004631219	-0.0004635968	-0.0004640970	-0.0004646248	-0.0004651810	-0.0004657566	-0.0004663197	-0.0004668227	-0.0004672935	-0.0004680822	-0.0004700865	-0.0004741707	-0.0004799053	-0.0004862927	-0.0004927759	-0.0004992388	-0.0005057175	-0.0005122526	-0.0005188601	-0.0005255414	-0.0005322940	-0.0005391160	-0.0005460065	-0.0005529649	-0.0005599907	-0.0005670832	-0.0005742417	-0.0005814654	-0.0005887533	-0.0005961046	-0.0006035183	-0.0006109931	-0.0006185279	-0.0006261215	-0.0006337724	-0.0006414794	-0.0006492410	-0.0006570557	-0.0006649216	-0.0006728371	-0.0006808004	-0.0006888095	-0.0006968624	-0.0007049570	-0.0007130912	-0.0007212627	-0.0007294691	-0.0007377080	-0.0007459768	-0.0007542728	-0.0007625931	-0.0007709348	-0.0007792950	-0.0007876706	-0.0007960583	-0.0008044548	-0.0008128566	-0.0008212601	-0.0008296617	-0.0008380579	-0.0008464447	-0.0008548186	-0.0008631753	-0.0008715104	-0.0008798197	-0.0008880989	-0.0008963434	-0.0009045487	-0.0009127104	-0.0009208236	-0.0009288832	-0.0009368845	-0.0009448227	-0.0009526925	-0.0009604888	-0.0009682065	-0.0009758404	-0.0009833850	-0.0009908349	-0.0009981848	-0.0010054293	-0.0010125625	-0.0010195791	-0.0010264734	-0.0010332401	-0.0010398735	-0.0010463680	-0.0010527181	-0.0010589185	-0.0010649635	-0.0010708476	-0.0010765653	-0.0010821115	-0.0010874811	-0.0010926688	-0.0010976694	-0.0011024776	-0.0011070885	-0.0011114977	-0.0011157003	-0.0011196920	-0.0011234683	-0.0011270247	-0.0011303571	-0.0011334618	-0.0011363353	-0.0011389741	-0.0011413749	-0.0011435342	-0.0011454492	-0.0011471174	-0.0011485366	-0.0011497045	-0.0011506189	-0.0011512780	-0.0011516806	-0.0011518253	-0.0011517113	-0.0011513376	-0.0011507035	-0.0011498091	-0.0011486544	-0.0011472395	-0.0011455648	-0.0011436311	-0.0011414394	-0.0011389910	-0.0011362872	-0.0011333299	-0.0011301210	-0.0011266625	-0.0011229569	-0.0011190071	-0.0011148158	-0.0011103861	-0.0011057214	-0.0011008249	-0.0010957008	-0.0010903529	-0.0010847855	-0.0010790028	-0.0010730092	-0.0010668096	-0.0010604088	-0.0010538123	-0.0010470249	-0.0010400519	-0.0010328987	-0.0010255711	-0.0010180749	-0.0010104162	-0.0010026008	-0.0009946347	-0.0009865238	-0.0009782744	-0.0009698929	-0.0009613855	-0.0009527588	-0.0009440191	-0.0009351724	-0.0009262252	-0.0009171838	-0.0009080544	-0.0008988433	-0.0008895570	-0.0008802017	-0.0008707834	-0.0008613083	-0.0008517823	-0.0008422113	-0.0008326012	-0.0008229578	-0.0008132869	-0.0008035939	-0.0007938845	-0.0007841640	-0.0007744375	-0.0007647102	-0.0007549870	-0.0007452728	-0.0007355724	-0.0007258904	-0.0007162313	-0.0007065992	-0.0006969984	-0.0006874330	-0.0006779069	-0.0006684241	-0.0006589881	-0.0006496023	-0.0006402701	-0.0006309946	-0.0006217791	-0.0006126265	-0.0006035395	-0.0005945209	-0.0005855731	-0.0005766987	-0.0005678999	-0.0005591788	-0.0005505376	-0.0005419780	-0.0005335020	-0.0005251112	-0.0005168072	-0.0005085914	-0.0005004653	-0.0004924301	-0.0004844868	-0.0004766366	-0.0004688804	-0.0004612190	-0.0004536532	-0.0004461836	-0.0004388108	-0.0004315356	-0.0004243589	-0.0004172818	-0.0004103038	-0.0004034179	-0.0003966068	-0.0003898575	-0.0003832253	-0.0003769505	-0.0003714340	-0.0003668070	-0.0003627028	-0.0003587713	-0.0003548817	-0.0003510252	-0.0003472191	-0.0003434742	-0.0003397922	-0.0003361716	-0.0003326103	-0.0003291068	-0.0003256598	-0.0003222681	-0.0003189306	-0.0003156463	-0.0003124140	-0.0003092331	-0.0003061033	-0.0003030235	-0.0002999891	-0.0002969877
-0.0004684756	-0.0004687023	-0.0004689417	-0.0004692030	-0.0004694889	-0.0004697995	-0.0004701343	-0.0004704932	-0.0004708762	-0.0004712834	-0.0004717148	-0.0004721706	-0.0004726509	-0.0004731564	-0.0004736890	-0.0004742508	-0.0004748383	-0.0004754299	-0.0004759796	-0.0004764645	-0.0004770672	-0.0004784714	-0.0004817111	-0.0004869591	-0.0004932745	-0.0004998536	-0.0005064265	-0.0005129937	-0.0005196030	-0.0005262807	-0.0005330328	-0.0005398576	-0.0005467526	-0.0005537165	-0.0005607485	-0.0005678482	-0.0005750148	-0.0005822476	-0.0005895457	-0.0005969083	-0.0006043344	-0.0006118230	-0.0006193729	-0.0006269829	-0.0006346517	-0.0006423778	-0.0006501600	-0.0006579968	-0.0006658864	-0.0006738274	-0.0006818178	-0.0006898558	-0.0006979396	-0.0007060670	-0.0007142359	-0.0007224442	-0.0007306894	-0.0007389693	-0.0007472813	-0.0007556228	-0.0007639910	-0.0007723831	-0.0007807961	-0.0007892270	-0.0007976728	-0.0008061300	-0.0008145953	-0.0008230655	-0.0008315367	-0.0008400053	-0.0008484677	-0.0008569200	-0.0008653584	-0.0008737788	-0.0008821769	-0.0008905482	-0.0008988884	-0.0009071930	-0.0009154572	-0.0009236766	-0.0009318466	-0.0009399621	-0.0009480182	-0.0009560099	-0.0009639322	-0.0009717798	-0.0009795474	-0.0009872298	-0.0009948218	-0.0010023178	-0.0010097124	-0.0010170002	-0.0010241757	-0.0010312331	-0.0010381669	-0.0010449715	-0.0010516416	-0.0010581714	-0.0010645553	-0.0010707878	-0.0010768634	-0.0010827768	-0.0010885224	-0.0010940949	-0.0010994893	-0.0011047003	-0.0011097226	-0.0011145511	-0.0011191808	-0.0011236071	-0.0011278255	-0.0011318315	-0.0011356205	-0.0011391880	-0.0011425301	-0.0011456429	-0.0011485229	-0.0011511667	-0.0011535707	-0.0011557317	-0.0011576468	-0.0011593136	-0.0011607298	-0.0011618929	-0.0011628008	-0.0011634518	-0.0011638445	-0.0011639778	-0.0011638505	-0.0011634619	-0.0011628113	-0.0011618986	-0.0011607238	-0.0011592872	-0.0011575892	-0.0011556304	-0.0011534120	-0.0011509351	-0.0011482012	-0.0011452122	-0.0011419699	-0.0011384764	-0.0011347343	-0.0011307463	-0.0011265153	-0.0011220445	-0.0011173372	-0.0011123967	-0.0011072270	-0.0011018323	-0.0010962167	-0.0010903845	-0.0010843401	-0.0010780884	-0.0010716342	-0.0010649830	-0.0010581399	-0.0010511102	-0.0010438992	-0.0010365126	-0.0010289563	-0.0010212364	-0.0010133591	-0.0010053300	-0.0009971553	-0.0009888412	-0.0009803939	-0.0009718200	-0.0009631257	-0.0009543175	-0.0009454018	-0.0009363846	-0.0009272725	-0.0009180715	-0.0009087881	-0.0008994287	-0.0008899996	-0.0008805068	-0.0008709565	-0.0008613548	-0.0008517075	-0.0008420206	-0.0008322998	-0.0008225509	-0.0008127795	-0.0008029911	-0.0007931911	-0.0007833847	-0.0007735770	-0.0007637732	-0.0007539781	-0.0007441964	-0.0007344329	-0.0007246918	-0.0007149776	-0.0007052945	-0.0006956467	-0.0006860381	-0.0006764726	-0.0006669538	-0.0006574851	-0.0006480700	-0.0006387117	-0.0006294134	-0.0006201780	-0.0006110084	-0.0006019072	-0.0005928771	-0.0005839205	-0.0005750397	-0.0005662369	-0.0005575142	-0.0005488735	-0.0005403166	-0.0005318453	-0.0005234612	-0.0005151658	-0.0005069604	-0.0004988463	-0.0004908246	-0.0004828965	-0.0004750629	-0.0004673246	-0.0004596825	-0.0004521372	-0.0004446893	-0.0004373397	-0.0004300897	-0.0004229401	-0.0004158883	-0.0004089227	-0.0004020239	-0.0003951954	-0.0003885593	-0.0003824542	-0.0003772421	-0.0003728087	-0.0003687350	-0.0003647595	-0.0003608150	-0.0003569107	-0.0003530628	-0.0003492781	-0.0003455565	-0.0003418960	-0.0003382946	-0.0003347511	-0.0003312642	-0.0003278328	-0.0003244557	-0.0003211319	-0.0003178603	-0.0003146403	-0.0003114715	-0.0003083530	-0.0003052801	-0.0003022403
-0.0004774607	-0.0004776877	-0.0004779276	-0.0004781898	-0.0004784771	-0.0004787896	-0.0004791267	-0.0004794884	-0.0004798746	-0.0004802854	-0.0004807210	-0.0004811815	-0.0004816668	-0.0004821774	-0.0004827148	-0.0004832813	-0.0004838769	-0.0004844894	-0.0004850816	-0.0004856075	-0.0004861294	-0.0004870937	-0.0004894858	-0.0004940342	-0.0005001185	-0.0005067467	-0.0005134316	-0.0005200943	-0.0005267793	-0.0005335249	-0.0005403443	-0.0005472375	-0.0005542019	-0.0005612357	-0.0005683379	-0.0005755079	-0.0005827450	-0.0005900484	-0.0005974174	-0.0006048509	-0.0006123480	-0.0006199077	-0.0006275288	-0.0006352099	-0.0006429499	-0.0006507472	-0.0006586005	-0.0006665082	-0.0006744688	-0.0006824806	-0.0006905416	-0.0006986502	-0.0007068043	-0.0007150018	-0.0007232407	-0.0007315185	-0.0007398331	-0.0007481818	-0.0007565623	-0.0007649718	-0.0007734076	-0.0007818668	-0.0007903464	-0.0007988432	-0.0008073543	-0.0008158762	-0.0008244057	-0.0008329393	-0.0008414734	-0.0008500042	-0.0008585279	-0.0008670408	-0.0008755388	-0.0008840179	-0.0008924739	-0.0009009023	-0.0009092985	-0.0009176580	-0.0009259763	-0.0009342487	-0.0009424704	-0.0009506368	-0.0009587428	-0.0009667832	-0.0009747529	-0.0009826469	-0.0009904597	-0.0009981859	-0.0010058204	-0.0010133579	-0.0010207926	-0.0010281190	-0.0010353319	-0.0010424256	-0.0010493944	-0.0010562327	-0.0010629349	-0.0010694956	-0.0010759091	-0.0010821697	-0.0010882719	-0.0010942104	-0.0010999799	-0.0011055751	-0.0011109906	-0.0011162212	-0.0011212615	-0.0011261066	-0.0011307518	-0.0011351922	-0.0011394233	-0.0011434404	-0.0011472390	-0.0011508148	-0.0011541638	-0.0011572822	-0.0011601665	-0.0011628129	-0.0011652181	-0.0011673787	-0.0011692921	-0.0011709558	-0.0011723673	-0.0011735242	-0.0011744244	-0.0011750662	-0.0011754483	-0.0011755694	-0.0011754286	-0.0011750246	-0.0011743573	-0.0011734263	-0.0011722318	-0.0011707739	-0.0011690530	-0.0011670699	-0.0011648256	-0.0011623214	-0.0011595588	-0.0011565395	-0.0011532654	-0.0011497389	-0.0011459623	-0.0011419383	-0.0011376700	-0.0011331607	-0.0011284134	-0.0011234317	-0.0011182196	-0.0011127811	-0.0011071205	-0.0011012422	-0.0010951507	-0.0010888505	-0.0010823468	-0.0010756450	-0.0010687502	-0.0010616679	-0.0010544033	-0.0010469622	-0.0010393504	-0.0010315741	-0.0010236393	-0.0010155520	-0.0010073184	-0.0009989444	-0.0009904364	-0.0009818009	-0.0009730441	-0.0009641726	-0.0009551928	-0.0009461109	-0.0009369332	-0.0009276661	-0.0009183158	-0.0009088887	-0.0008993911	-0.0008898292	-0.0008802093	-0.0008705373	-0.0008608192	-0.0008510610	-0.0008412684	-0.0008314470	-0.0008216027	-0.0008117408	-0.0008018667	-0.0007919859	-0.0007821034	-0.0007722244	-0.0007623538	-0.0007524963	-0.0007426565	-0.0007328390	-0.0007230480	-0.0007132880	-0.0007035631	-0.0006938772	-0.0006842343	-0.0006746378	-0.0006650914	-0.0006555984	-0.0006461623	-0.0006367862	-0.0006274730	-0.0006182257	-0.0006090469	-0.0005999392	-0.0005909052	-0.0005819472	-0.0005730673	-0.0005642677	-0.0005555504	-0.0005469172	-0.0005383698	-0.0005299099	-0.0005215391	-0.0005132586	-0.0005050699	-0.0004969740	-0.0004889720	-0.0004810650	-0.0004732539	-0.0004655393	-0.0004579221	-0.0004504029	-0.0004429829	-0.0004356634	-0.0004284443	-0.0004213199	-0.0004142739	-0.0004072892	-0.0004004057	-0.0003938373	-0.0003879895	-0.0003830764	-0.0003787746	-0.0003746945	-0.0003706675	-0.0003666715	-0.0003627238	-0.0003588371	-0.0003550144	-0.0003512546	-0.0003475556	-0.0003439157	-0.0003403336	-0.0003368083	-0.0003333385	-0.0003299231	-0.0003265612	-0.0003232516	-0.0003199937	-0.0003167872	-0.0003136312	-0.0003105209	-0.0003074439
-0.0004864110	-0.0004866379	-0.0004868780	-0.0004871408	-0.0004874292	-0.0004877432	-0.0004880823	-0.0004884464	-0.0004888354	-0.0004892496	-0.0004896890	-0.0004901537	-0.0004906437	-0.0004911593	-0.0004917015	-0.0004922723	-0.0004928736	-0.0004935001	-0.0004941258	-0.0004947013	-0.0004952160	-0.0004959131	-0.0004975825	-0.0005012508	-0.0005068793	-0.0005134611	-0.0005202467	-0.0005270139	-0.0005337795	-0.0005405921	-0.0005474752	-0.0005544330	-0.0005614632	-0.0005685635	-0.0005757323	-0.0005829691	-0.0005902731	-0.0005976436	-0.0006050797	-0.0006125804	-0.0006201447	-0.0006277716	-0.0006354600	-0.0006432084	-0.0006510156	-0.0006588801	-0.0006668004	-0.0006747750	-0.0006828024	-0.0006908808	-0.0006990083	-0.0007071832	-0.0007154033	-0.0007236667	-0.0007319710	-0.0007403140	-0.0007486933	-0.0007571065	-0.0007655508	-0.0007740237	-0.0007825224	-0.0007910439	-0.0007995854	-0.0008081435	-0.0008167151	-0.0008252971	-0.0008338859	-0.0008424782	-0.0008510704	-0.0008596586	-0.0008682388	-0.0008768073	-0.0008853601	-0.0008938930	-0.0009024018	-0.0009108822	-0.0009193296	-0.0009277392	-0.0009361067	-0.0009444272	-0.0009526960	-0.0009609083	-0.0009690592	-0.0009771435	-0.0009851559	-0.0009930913	-0.0010009445	-0.0010087100	-0.0010163823	-0.0010239563	-0.0010314265	-0.0010387873	-0.0010460330	-0.0010531584	-0.0010601577	-0.0010670253	-0.0010737556	-0.0010803428	-0.0010867815	-0.0010930660	-0.0010991910	-0.0011051509	-0.0011109404	-0.0011165543	-0.0011219873	-0.0011272338	-0.0011322888	-0.0011371472	-0.0011418044	-0.0011462557	-0.0011504964	-0.0011545217	-0.0011583271	-0.0011619083	-0.0011652615	-0.0011683830	-0.0011712690	-0.0011739160	-0.0011763201	-0.0011784786	-0.0011803885	-0.0011820474	-0.0011834527	-0.0011846021	-0.0011854934	-0.0011861251	-0.0011864957	-0.0011866040	-0.0011864489	-0.0011860295	-0.0011853452	-0.0011843961	-0.0011831820	-0.0011817032	-0.0011799601	-0.0011779534	-0.0011756843	-0.0011731539	-0.0011703637	-0.0011673157	-0.0011640116	-0.0011604538	-0.0011566447	-0.0011525870	-0.0011482838	-0.0011437383	-0.0011389538	-0.0011339337	-0.0011286820	-0.0011232029	-0.0011175006	-0.0011115796	-0.0011054443	-0.0010990994	-0.0010925501	-0.0010858015	-0.0010788590	-0.0010717282	-0.0010644144	-0.0010569231	-0.0010492603	-0.0010414320	-0.0010334444	-0.0010253036	-0.0010170156	-0.0010085866	-0.0010000229	-0.0009913306	-0.0009825164	-0.0009735867	-0.0009645478	-0.0009554063	-0.0009461683	-0.0009368402	-0.0009274283	-0.0009179388	-0.0009083782	-0.0008987526	-0.0008890683	-0.0008793315	-0.0008695480	-0.0008597239	-0.0008498648	-0.0008399766	-0.0008300647	-0.0008201348	-0.0008101922	-0.0008002424	-0.0007902905	-0.0007803418	-0.0007704010	-0.0007604729	-0.0007505623	-0.0007406736	-0.0007308112	-0.0007209796	-0.0007111829	-0.0007014249	-0.0006917096	-0.0006820406	-0.0006724216	-0.0006628560	-0.0006533471	-0.0006438981	-0.0006345121	-0.0006251918	-0.0006159402	-0.0006067598	-0.0005976531	-0.0005886224	-0.0005796701	-0.0005707982	-0.0005620088	-0.0005533037	-0.0005446847	-0.0005361534	-0.0005277114	-0.0005193602	-0.0005111009	-0.0005029349	-0.0004948631	-0.0004868867	-0.0004790066	-0.0004712235	-0.0004635381	-0.0004559515	-0.0004484649	-0.0004410796	-0.0004337936	-0.0004265967	-0.0004194687	-0.0004124063	-0.0004055124	-0.0003991074	-0.0003935872	-0.0003889218	-0.0003846864	-0.0003805742	-0.0003764946	-0.0003724523	-0.0003684652	-0.0003645419	-0.0003606829	-0.0003568864	-0.0003531504	-0.0003494733	-0.0003458542	-0.0003422918	-0.0003387850	-0.0003353327	-0.0003319339	-0.0003285876	-0.0003252931	-0.0003220501	-0.0003188577	-0.0003157112	-0.0003125981
-0.0004953257	-0.0004955522	-0.0004957923	-0.0004960554	-0.0004963445	-0.0004966597	-0.0004970004	-0.0004973665	-0.0004977581	-0.0004981752	-0.0004986179	-0.0004990865	-0.0004995809	-0.0005001012	-0.0005006481	-0.0005012230	-0.0005018286	-0.0005024639	-0.0005031137	-0.0005037365	-0.0005042881	-0.0005048629	-0.0005059931	-0.0005087239	-0.0005136487	-0.0005200229	-0.0005268686	-0.0005337458	-0.0005406002	-0.0005474812	-0.0005544254	-0.0005614439	-0.0005685361	-0.0005756992	-0.0005829313	-0.0005902314	-0.0005975987	-0.0006050326	-0.0006125321	-0.0006200963	-0.0006277241	-0.0006354144	-0.0006431661	-0.0006509779	-0.0006588483	-0.0006667760	-0.0006747594	-0.0006827969	-0.0006908869	-0.0006990278	-0.0007072177	-0.0007154546	-0.0007237365	-0.0007320613	-0.0007404267	-0.0007488304	-0.0007572701	-0.0007657430	-0.0007742467	-0.0007827785	-0.0007913355	-0.0007999148	-0.0008085133	-0.0008171281	-0.0008257557	-0.0008343930	-0.0008430365	-0.0008516828	-0.0008603281	-0.0008689689	-0.0008776009	-0.0008862202	-0.0008948229	-0.0009034048	-0.0009119615	-0.0009204890	-0.0009289826	-0.0009374377	-0.0009458494	-0.0009542133	-0.0009625244	-0.0009707778	-0.0009789687	-0.0009870920	-0.0009951424	-0.0010031146	-0.0010110033	-0.0010188033	-0.0010265091	-0.0010341151	-0.0010416161	-0.0010490066	-0.0010562809	-0.0010634336	-0.0010704589	-0.0010773514	-0.0010841054	-0.0010907152	-0.0010971750	-0.0011034794	-0.0011096231	-0.0011156007	-0.0011214066	-0.0011270355	-0.0011324821	-0.0011377411	-0.0011428074	-0.0011476759	-0.0011523421	-0.0011568010	-0.0011610481	-0.0011650786	-0.0011688880	-0.0011724721	-0.0011758272	-0.0011789492	-0.0011818347	-0.0011844796	-0.0011868808	-0.0011890351	-0.0011909398	-0.0011925924	-0.0011939902	-0.0011951308	-0.0011960121	-0.0011966327	-0.0011969911	-0.0011970859	-0.0011969161	-0.0011964809	-0.0011957797	-0.0011948124	-0.0011935790	-0.0011920797	-0.0011903149	-0.0011882855	-0.0011859924	-0.0011834369	-0.0011806206	-0.0011775453	-0.0011742128	-0.0011706256	-0.0011667859	-0.0011626967	-0.0011583608	-0.0011537816	-0.0011489624	-0.0011439067	-0.0011386184	-0.0011331017	-0.0011273609	-0.0011214005	-0.0011152250	-0.0011088390	-0.0011022476	-0.0010954562	-0.0010884701	-0.0010812949	-0.0010739360	-0.0010663988	-0.0010586893	-0.0010508135	-0.0010427777	-0.0010345879	-0.0010262502	-0.0010177709	-0.0010091561	-0.0010004121	-0.0009915454	-0.0009825623	-0.0009734696	-0.0009642734	-0.0009549802	-0.0009455962	-0.0009361278	-0.0009265813	-0.0009169629	-0.0009072790	-0.0008975358	-0.0008877395	-0.0008778960	-0.0008680113	-0.0008580911	-0.0008481412	-0.0008381672	-0.0008281747	-0.0008181690	-0.0008081556	-0.0007981398	-0.0007881266	-0.0007781210	-0.0007681277	-0.0007581515	-0.0007481969	-0.0007382684	-0.0007283704	-0.0007185069	-0.0007086821	-0.0006988995	-0.0006891631	-0.0006794766	-0.0006698432	-0.0006602666	-0.0006507497	-0.0006412956	-0.0006319074	-0.0006225877	-0.0006133392	-0.0006041645	-0.0005950659	-0.0005860457	-0.0005771061	-0.0005682490	-0.0005594764	-0.0005507901	-0.0005421918	-0.0005336830	-0.0005252651	-0.0005169395	-0.0005087073	-0.0005005698	-0.0004925280	-0.0004845828	-0.0004767350	-0.0004689854	-0.0004613352	-0.0004537860	-0.0004463382	-0.0004389867	-0.0004317159	-0.0004245064	-0.0004173877	-0.0004105559	-0.0004044167	-0.0003992405	-0.0003947516	-0.0003905299	-0.0003863713	-0.0003822418	-0.0003781582	-0.0003741353	-0.0003701774	-0.0003662836	-0.0003624517	-0.0003586801	-0.0003549675	-0.0003513127	-0.0003477146	-0.0003441722	-0.0003406844	-0.0003372500	-0.0003338682	-0.0003305383	-0.0003272600	-0.0003240323	-0.0003208508	-0.0003177027
-0.0005042043	-0.0005044302	-0.0005046698	-0.0005049329	-0.0005052224	-0.0005055384	-0.0005058804	-0.0005062482	-0.0005066419	-0.0005070615	-0.0005075073	-0.0005079793	-0.0005084776	-0.0005090023	-0.0005095536	-0.0005101328	-0.0005107419	-0.0005113828	-0.0005120483	-0.0005127092	-0.0005133133	-0.0005138637	-0.0005146569	-0.0005165591	-0.0005205631	-0.0005264908	-0.0005333023	-0.0005402819	-0.0005472356	-0.0005541902	-0.0005611944	-0.0005682701	-0.0005754204	-0.0005826426	-0.0005899343	-0.0005972942	-0.0006047214	-0.0006122150	-0.0006197743	-0.0006273983	-0.0006350858	-0.0006428357	-0.0006506470	-0.0006585182	-0.0006664480	-0.0006744349	-0.0006824773	-0.0006905737	-0.0006987224	-0.0007069217	-0.0007151697	-0.0007234644	-0.0007318038	-0.0007401857	-0.0007486079	-0.0007570679	-0.0007655634	-0.0007740917	-0.0007826503	-0.0007912364	-0.0007998471	-0.0008084796	-0.0008171307	-0.0008257975	-0.0008344765	-0.0008431645	-0.0008518581	-0.0008605537	-0.0008692475	-0.0008779358	-0.0008866148	-0.0008952803	-0.0009039281	-0.0009125541	-0.0009211542	-0.0009297238	-0.0009382588	-0.0009467544	-0.0009552058	-0.0009636083	-0.0009719569	-0.0009802469	-0.0009884731	-0.0009966305	-0.0010047141	-0.0010127185	-0.0010206382	-0.0010284680	-0.0010362026	-0.0010438363	-0.0010513637	-0.0010587794	-0.0010660779	-0.0010732535	-0.0010803007	-0.0010872138	-0.0010939871	-0.0011006152	-0.0011070923	-0.0011134128	-0.0011195714	-0.0011255627	-0.0011313813	-0.0011370217	-0.0011424784	-0.0011477463	-0.0011528205	-0.0011576960	-0.0011623680	-0.0011668317	-0.0011710822	-0.0011751150	-0.0011789256	-0.0011825101	-0.0011858644	-0.0011889848	-0.0011918674	-0.0011945085	-0.0011969046	-0.0011990529	-0.0012009507	-0.0012025954	-0.0012039841	-0.0012051146	-0.0012059850	-0.0012065936	-0.0012069389	-0.0012070198	-0.0012068350	-0.0012063836	-0.0012056654	-0.0012046800	-0.0012034276	-0.0012019082	-0.0012001224	-0.0011980710	-0.0011957549	-0.0011931755	-0.0011903343	-0.0011872331	-0.0011838739	-0.0011802590	-0.0011763907	-0.0011722719	-0.0011679056	-0.0011632952	-0.0011584439	-0.0011533554	-0.0011480334	-0.0011424821	-0.0011367059	-0.0011307094	-0.0011244970	-0.0011180736	-0.0011114439	-0.0011046135	-0.0010975877	-0.0010903720	-0.0010829719	-0.0010753931	-0.0010676413	-0.0010597225	-0.0010516427	-0.0010434084	-0.0010350256	-0.0010265006	-0.0010178395	-0.0010090485	-0.0010001341	-0.0009911027	-0.0009819609	-0.0009727151	-0.0009633717	-0.0009539370	-0.0009444173	-0.0009348188	-0.0009251480	-0.0009154110	-0.0009056142	-0.0008957636	-0.0008858653	-0.0008759253	-0.0008659493	-0.0008559431	-0.0008459122	-0.0008358624	-0.0008257990	-0.0008157274	-0.0008056529	-0.0007955805	-0.0007855153	-0.0007754620	-0.0007654254	-0.0007554102	-0.0007454208	-0.0007354616	-0.0007255365	-0.0007156498	-0.0007058051	-0.0006960064	-0.0006862573	-0.0006765612	-0.0006669217	-0.0006573417	-0.0006478245	-0.0006383730	-0.0006289901	-0.0006196783	-0.0006104402	-0.0006012782	-0.0005921947	-0.0005831918	-0.0005742716	-0.0005654359	-0.0005566867	-0.0005480255	-0.0005394541	-0.0005309737	-0.0005225858	-0.0005142917	-0.0005060925	-0.0004979892	-0.0004899827	-0.0004820740	-0.0004742641	-0.0004665543	-0.0004589462	-0.0004514384	-0.0004440213	-0.0004366744	-0.0004293899	-0.0004222595	-0.0004155929	-0.0004098059	-0.0004049275	-0.0004005374	-0.0003962939	-0.0003920850	-0.0003879107	-0.0003837905	-0.0003797344	-0.0003757436	-0.0003718163	-0.0003679505	-0.0003641448	-0.0003603980	-0.0003567090	-0.0003530766	-0.0003495000	-0.0003459779	-0.0003425092	-0.0003390932	-0.0003357291	-0.0003324167	-0.0003291550	-0.0003259395	-0.0003227576
-0.0005130462	-0.0005132710	-0.0005135099	-0.0005137726	-0.0005140622	-0.0005143787	-0.0005147216	-0.0005150907	-0.0005154861	-0.0005159079	-0.0005163563	-0.0005168313	-0.0005173331	-0.0005178617	-0.0005184173	-0.0005190006	-0.0005196132	-0.0005202578	-0.0005209326	-0.0005216204	-0.0005222764	-0.0005228597	-0.0005234918	-0.0005247666	-0.0005277573	-0.0005329638	-0.0005395737	-0.0005466174	-0.0005536786	-0.0005607158	-0.0005677814	-0.0005749114	-0.0005821158	-0.0005893934	-0.0005967412	-0.0006041574	-0.0006116408	-0.0006191907	-0.0006268061	-0.0006344862	-0.0006422297	-0.0006500355	-0.0006579025	-0.0006658293	-0.0006738145	-0.0006818567	-0.0006899543	-0.0006981056	-0.0007063089	-0.0007145625	-0.0007228644	-0.0007312128	-0.0007396054	-0.0007480401	-0.0007565147	-0.0007650267	-0.0007735737	-0.0007821530	-0.0007907620	-0.0007993979	-0.0008080579	-0.0008167390	-0.0008254383	-0.0008341525	-0.0008428784	-0.0008516126	-0.0008603515	-0.0008690916	-0.0008778293	-0.0008865606	-0.0008952817	-0.0009039885	-0.0009126767	-0.0009213423	-0.0009299809	-0.0009385882	-0.0009471598	-0.0009556911	-0.0009641775	-0.0009726139	-0.0009809954	-0.0009893171	-0.0009975741	-0.0010057611	-0.0010138731	-0.0010219050	-0.0010298513	-0.0010377064	-0.0010454652	-0.0010531222	-0.0010606717	-0.0010681084	-0.0010754266	-0.0010826209	-0.0010896858	-0.0010966153	-0.0011034040	-0.0011100462	-0.0011165365	-0.0011228694	-0.0011290392	-0.0011350405	-0.0011408680	-0.0011465162	-0.0011519797	-0.0011572535	-0.0011623323	-0.0011672115	-0.0011718862	-0.0011763516	-0.0011806028	-0.0011846352	-0.0011884446	-0.0011920267	-0.0011953780	-0.0011984943	-0.0012013718	-0.0012040068	-0.0012063962	-0.0012085369	-0.0012104262	-0.0012120614	-0.0012134398	-0.0012145590	-0.0012154173	-0.0012160129	-0.0012163446	-0.0012164109	-0.0012162106	-0.0012157429	-0.0012150075	-0.0012140042	-0.0012127330	-0.0012111940	-0.0012093878	-0.0012073151	-0.0012049770	-0.0012023748	-0.0011995100	-0.0011963843	-0.0011930000	-0.0011893591	-0.0011854642	-0.0011813180	-0.0011769236	-0.0011722843	-0.0011674035	-0.0011622847	-0.0011569318	-0.0011513490	-0.0011455405	-0.0011395111	-0.0011332654	-0.0011268079	-0.0011201436	-0.0011132778	-0.0011062161	-0.0010989639	-0.0010915268	-0.0010839104	-0.0010761204	-0.0010681627	-0.0010600435	-0.0010517691	-0.0010433457	-0.0010347795	-0.0010260766	-0.0010172433	-0.0010082861	-0.0009992112	-0.0009900253	-0.0009807348	-0.0009713461	-0.0009618656	-0.0009522996	-0.0009426544	-0.0009329362	-0.0009231514	-0.0009133061	-0.0009034065	-0.0008934586	-0.0008834684	-0.0008734418	-0.0008633844	-0.0008533020	-0.0008432001	-0.0008330842	-0.0008229597	-0.0008128317	-0.0008027054	-0.0007925858	-0.0007824777	-0.0007723860	-0.0007623153	-0.0007522701	-0.0007422547	-0.0007322731	-0.0007223294	-0.0007124277	-0.0007025716	-0.0006927649	-0.0006830111	-0.0006733135	-0.0006636753	-0.0006540998	-0.0006445898	-0.0006351482	-0.0006257777	-0.0006164809	-0.0006072601	-0.0005981178	-0.0005890561	-0.0005800770	-0.0005711827	-0.0005623748	-0.0005536551	-0.0005450252	-0.0005364865	-0.0005280405	-0.0005196884	-0.0005114313	-0.0005032705	-0.0004952067	-0.0004872409	-0.0004793746	-0.0004716092	-0.0004639456	-0.0004563792	-0.0004488947	-0.0004414709	-0.0004341320	-0.0004270660	-0.0004206798	-0.0004152768	-0.0004106160	-0.0004062585	-0.0004019734	-0.0003977161	-0.0003935029	-0.0003893499	-0.0003852626	-0.0003812404	-0.0003772810	-0.0003733828	-0.0003695445	-0.0003657649	-0.0003620431	-0.0003583779	-0.0003547683	-0.0003512132	-0.0003477116	-0.0003442625	-0.0003408654	-0.0003375201	-0.0003342255	-0.0003309771	-0.0003277625
-0.0005218508	-0.0005220743	-0.0005223121	-0.0005225740	-0.0005228633	-0.0005231799	-0.0005235234	-0.0005238934	-0.0005242902	-0.0005247137	-0.0005251642	-0.0005256418	-0.0005261467	-0.0005266788	-0.0005272383	-0.0005278255	-0.0005284417	-0.0005290891	-0.0005297693	-0.0005304741	-0.0005311719	-0.0005318095	-0.0005324000	-0.0005332773	-0.0005353536	-0.0005395937	-0.0005457469	-0.0005527570	-0.0005599198	-0.0005670520	-0.0005741848	-0.0005813679	-0.0005886227	-0.0005959516	-0.0006033518	-0.0006108208	-0.0006183570	-0.0006259595	-0.0006336275	-0.0006413599	-0.0006491558	-0.0006570138	-0.0006649327	-0.0006729113	-0.0006809482	-0.0006890418	-0.0006971906	-0.0007053928	-0.0007136466	-0.0007219504	-0.0007303022	-0.0007387000	-0.0007471417	-0.0007556250	-0.0007641477	-0.0007727073	-0.0007813014	-0.0007899273	-0.0007985823	-0.0008072637	-0.0008159686	-0.0008246940	-0.0008334369	-0.0008421941	-0.0008509622	-0.0008597380	-0.0008685177	-0.0008772978	-0.0008860746	-0.0008948443	-0.0009036028	-0.0009123462	-0.0009210704	-0.0009297708	-0.0009384434	-0.0009470837	-0.0009556874	-0.0009642497	-0.0009727662	-0.0009812319	-0.0009896417	-0.0009979906	-0.0010062738	-0.0010144859	-0.0010226219	-0.0010306767	-0.0010386449	-0.0010465211	-0.0010542997	-0.0010619754	-0.0010695428	-0.0010769963	-0.0010843301	-0.0010915390	-0.0010986172	-0.0011055592	-0.0011123592	-0.0011190117	-0.0011255113	-0.0011318525	-0.0011380299	-0.0011440378	-0.0011498706	-0.0011555231	-0.0011609900	-0.0011662662	-0.0011713468	-0.0011762267	-0.0011809012	-0.0011853653	-0.0011896142	-0.0011936436	-0.0011974491	-0.0012010268	-0.0012043727	-0.0012074826	-0.0012103530	-0.0012129800	-0.0012153607	-0.0012174920	-0.0012193712	-0.0012209955	-0.0012223623	-0.0012234692	-0.0012243145	-0.0012248964	-0.0012252137	-0.0012252648	-0.0012250486	-0.0012245645	-0.0012238119	-0.0012227908	-0.0012215010	-0.0012199429	-0.0012181169	-0.0012160237	-0.0012136645	-0.0012110406	-0.0012081534	-0.0012050048	-0.0012015968	-0.0011979317	-0.0011940121	-0.0011898405	-0.0011854202	-0.0011807544	-0.0011758465	-0.0011707002	-0.0011653192	-0.0011597077	-0.0011538702	-0.0011478111	-0.0011415351	-0.0011350470	-0.0011283516	-0.0011214542	-0.0011143602	-0.0011070753	-0.0010996051	-0.0010919550	-0.0010841309	-0.0010761386	-0.0010679843	-0.0010596742	-0.0010512145	-0.0010426115	-0.0010338715	-0.0010250006	-0.0010160051	-0.0010068915	-0.0009976663	-0.0009883359	-0.0009789069	-0.0009693855	-0.0009597782	-0.0009500912	-0.0009403308	-0.0009305032	-0.0009206145	-0.0009106710	-0.0009006786	-0.0008906434	-0.0008805713	-0.0008704680	-0.0008603391	-0.0008501903	-0.0008400271	-0.0008298548	-0.0008196785	-0.0008095034	-0.0007993345	-0.0007891768	-0.0007790351	-0.0007689140	-0.0007588180	-0.0007487514	-0.0007387182	-0.0007287227	-0.0007187688	-0.0007088603	-0.0006990009	-0.0006891942	-0.0006794433	-0.0006697518	-0.0006601226	-0.0006505588	-0.0006410633	-0.0006316387	-0.0006222876	-0.0006130126	-0.0006038159	-0.0005946997	-0.0005856663	-0.0005767175	-0.0005678553	-0.0005590812	-0.0005503970	-0.0005418041	-0.0005333039	-0.0005248978	-0.0005165870	-0.0005083724	-0.0005002551	-0.0004922362	-0.0004843174	-0.0004765002	-0.0004687836	-0.0004611583	-0.0004536032	-0.0004461084	-0.0004387619	-0.0004318714	-0.0004258648	-0.0004208025	-0.0004162692	-0.0004118999	-0.0004075668	-0.0004032667	-0.0003990197	-0.0003948369	-0.0003907202	-0.0003866678	-0.0003826778	-0.0003787486	-0.0003748791	-0.0003710682	-0.0003673150	-0.0003636182	-0.0003599770	-0.0003563902	-0.0003528569	-0.0003493761	-0.0003459472	-0.0003425701	-0.0003392437	-0.0003359636	-0.0003327174
-0.0005306175	-0.0005308393	-0.0005310756	-0.0005313365	-0.0005316251	-0.0005319415	-0.0005322851	-0.0005326557	-0.0005330534	-0.0005334783	-0.0005339305	-0.0005344103	-0.0005349177	-0.0005354528	-0.0005360158	-0.0005366067	-0.0005372263	-0.0005378764	-0.0005385597	-0.0005392741	-0.0005400008	-0.0005406934	-0.0005413127	-0.0005419966	-0.0005433756	-0.0005465355	-0.0005519321	-0.0005587290	-0.0005659537	-0.0005731907	-0.0005804009	-0.0005876391	-0.0005949413	-0.0006023175	-0.0006097663	-0.0006172844	-0.0006248699	-0.0006325216	-0.0006402385	-0.0006480198	-0.0006558643	-0.0006637707	-0.0006717380	-0.0006797646	-0.0006878493	-0.0006959904	-0.0007041864	-0.0007124356	-0.0007207360	-0.0007290860	-0.0007374835	-0.0007459266	-0.0007544131	-0.0007629409	-0.0007715074	-0.0007801104	-0.0007887473	-0.0007974155	-0.0008061123	-0.0008148349	-0.0008235803	-0.0008323456	-0.0008411277	-0.0008499234	-0.0008587293	-0.0008675421	-0.0008763581	-0.0008851736	-0.0008939850	-0.0009027884	-0.0009115798	-0.0009203552	-0.0009291106	-0.0009378415	-0.0009465435	-0.0009552124	-0.0009638436	-0.0009724325	-0.0009809744	-0.0009894647	-0.0009978982	-0.0010062699	-0.0010145747	-0.0010228075	-0.0010309632	-0.0010390364	-0.0010470220	-0.0010549148	-0.0010627091	-0.0010703994	-0.0010779802	-0.0010854462	-0.0010927918	-0.0011000111	-0.0011070987	-0.0011140490	-0.0011208564	-0.0011275156	-0.0011340208	-0.0011403666	-0.0011465477	-0.0011525584	-0.0011583932	-0.0011640467	-0.0011695137	-0.0011747892	-0.0011798683	-0.0011847460	-0.0011894174	-0.0011938775	-0.0011981215	-0.0012021452	-0.0012059445	-0.0012095152	-0.0012128534	-0.0012159550	-0.0012188162	-0.0012214335	-0.0012238037	-0.0012259240	-0.0012277916	-0.0012294037	-0.0012307575	-0.0012318510	-0.0012326823	-0.0012332498	-0.0012335520	-0.0012335874	-0.0012333551	-0.0012328543	-0.0012320845	-0.0012310457	-0.0012297378	-0.0012281609	-0.0012263157	-0.0012242028	-0.0012218234	-0.0012191788	-0.0012162706	-0.0012131004	-0.0012096704	-0.0012059828	-0.0012020402	-0.0011978454	-0.0011934013	-0.0011887113	-0.0011837789	-0.0011786077	-0.0011732014	-0.0011675641	-0.0011617003	-0.0011556147	-0.0011493118	-0.0011427963	-0.0011360733	-0.0011291479	-0.0011220253	-0.0011147114	-0.0011072118	-0.0010995320	-0.0010916778	-0.0010836551	-0.0010754698	-0.0010671282	-0.0010586366	-0.0010500013	-0.0010412284	-0.0010323244	-0.0010232954	-0.0010141477	-0.0010048879	-0.0009955225	-0.0009860579	-0.0009765005	-0.0009668568	-0.0009571329	-0.0009473352	-0.0009374697	-0.0009275427	-0.0009175603	-0.0009075285	-0.0008974533	-0.0008873408	-0.0008771965	-0.0008670263	-0.0008568358	-0.0008466303	-0.0008364151	-0.0008261956	-0.0008159768	-0.0008057638	-0.0007955615	-0.0007853749	-0.0007752084	-0.0007650665	-0.0007549536	-0.0007448739	-0.0007348314	-0.0007248303	-0.0007148742	-0.0007049669	-0.0006951119	-0.0006853127	-0.0006755724	-0.0006658943	-0.0006562813	-0.0006467364	-0.0006372623	-0.0006278615	-0.0006185366	-0.0006092900	-0.0006001238	-0.0005910403	-0.0005820414	-0.0005731289	-0.0005643047	-0.0005555703	-0.0005469272	-0.0005383770	-0.0005299208	-0.0005215600	-0.0005132956	-0.0005051286	-0.0004970606	-0.0004890933	-0.0004812277	-0.0004734594	-0.0004657727	-0.0004581454	-0.0004506011	-0.0004433290	-0.0004367413	-0.0004311552	-0.0004263451	-0.0004218609	-0.0004174547	-0.0004130753	-0.0004087387	-0.0004044622	-0.0004002519	-0.0003961072	-0.0003920260	-0.0003880068	-0.0003840480	-0.0003801488	-0.0003763080	-0.0003725247	-0.0003687977	-0.0003651262	-0.0003615090	-0.0003579452	-0.0003544338	-0.0003509744	-0.0003475666	-0.0003442096	-0.0003408989	-0.0003376220
-0.0005393458	-0.0005395655	-0.0005398001	-0.0005400595	-0.0005403471	-0.0005406628	-0.0005410061	-0.0005413769	-0.0005417751	-0.0005422009	-0.0005426545	-0.0005431359	-0.0005436454	-0.0005441830	-0.0005447489	-0.0005453431	-0.0005459661	-0.0005466190	-0.0005473044	-0.0005480236	-0.0005487681	-0.0005495049	-0.0005501800	-0.0005508105	-0.0005517480	-0.0005539256	-0.0005582989	-0.0005646060	-0.0005717857	-0.0005791216	-0.0005864235	-0.0005937232	-0.0006010719	-0.0006084917	-0.0006159849	-0.0006235485	-0.0006311797	-0.0006388771	-0.0006466395	-0.0006544660	-0.0006623555	-0.0006703068	-0.0006783186	-0.0006863896	-0.0006945182	-0.0007027030	-0.0007109424	-0.0007192345	-0.0007275776	-0.0007359697	-0.0007444090	-0.0007528933	-0.0007614206	-0.0007699886	-0.0007785949	-0.0007872370	-0.0007959126	-0.0008046188	-0.0008133531	-0.0008221125	-0.0008308942	-0.0008396950	-0.0008485120	-0.0008573417	-0.0008661810	-0.0008750263	-0.0008838741	-0.0008927206	-0.0009015621	-0.0009103947	-0.0009192146	-0.0009280176	-0.0009367995	-0.0009455563	-0.0009542835	-0.0009629763	-0.0009716306	-0.0009802415	-0.0009888045	-0.0009973148	-0.0010057674	-0.0010141574	-0.0010224795	-0.0010307286	-0.0010388996	-0.0010469872	-0.0010549860	-0.0010628909	-0.0010706965	-0.0010783973	-0.0010859876	-0.0010934620	-0.0011008149	-0.0011080408	-0.0011151339	-0.0011220888	-0.0011288999	-0.0011355617	-0.0011420690	-0.0011484160	-0.0011545971	-0.0011606070	-0.0011664403	-0.0011720915	-0.0011775556	-0.0011828274	-0.0011879020	-0.0011927744	-0.0011974397	-0.0012018930	-0.0012061297	-0.0012101455	-0.0012139361	-0.0012174976	-0.0012208259	-0.0012239170	-0.0012267670	-0.0012293727	-0.0012317310	-0.0012338389	-0.0012356935	-0.0012372919	-0.0012386317	-0.0012397107	-0.0012405271	-0.0012410793	-0.0012413658	-0.0012413852	-0.0012411364	-0.0012406187	-0.0012398318	-0.0012387754	-0.0012374496	-0.0012358545	-0.0012339907	-0.0012318589	-0.0012294603	-0.0012267961	-0.0012238680	-0.0012206777	-0.0012172272	-0.0012135189	-0.0012095553	-0.0012053391	-0.0012008734	-0.0011961616	-0.0011912070	-0.0011860133	-0.0011805843	-0.0011749241	-0.0011690370	-0.0011629279	-0.0011566012	-0.0011500617	-0.0011433143	-0.0011363642	-0.0011292167	-0.0011218775	-0.0011143523	-0.0011066466	-0.0010987663	-0.0010907170	-0.0010825049	-0.0010741360	-0.0010656168	-0.0010569534	-0.0010481521	-0.0010392193	-0.0010301612	-0.0010209842	-0.0010116945	-0.0010022987	-0.0009928032	-0.0009832147	-0.0009735393	-0.0009637834	-0.0009539531	-0.0009440547	-0.0009340942	-0.0009240778	-0.0009140116	-0.0009039015	-0.0008937534	-0.0008835733	-0.0008733668	-0.0008631394	-0.0008528965	-0.0008426436	-0.0008323858	-0.0008221283	-0.0008118762	-0.0008016344	-0.0007914077	-0.0007812007	-0.0007710179	-0.0007608636	-0.0007507421	-0.0007406576	-0.0007306140	-0.0007206151	-0.0007106647	-0.0007007662	-0.0006909232	-0.0006811388	-0.0006714164	-0.0006617589	-0.0006521691	-0.0006426499	-0.0006332039	-0.0006238336	-0.0006145414	-0.0006053295	-0.0005962002	-0.0005871553	-0.0005781969	-0.0005693265	-0.0005605460	-0.0005518568	-0.0005432604	-0.0005347582	-0.0005263512	-0.0005180408	-0.0005098280	-0.0005017148	-0.0004937029	-0.0004857913	-0.0004779705	-0.0004702184	-0.0004625250	-0.0004549824	-0.0004479064	-0.0004417304	-0.0004365206	-0.0004318606	-0.0004273727	-0.0004229211	-0.0004185012	-0.0004141341	-0.0004098313	-0.0004055951	-0.0004014237	-0.0003973151	-0.0003932680	-0.0003892812	-0.0003853536	-0.0003814843	-0.0003776723	-0.0003739165	-0.0003702159	-0.0003665695	-0.0003629764	-0.0003594357	-0.0003559468	-0.0003525096	-0.0003491231	-0.0003457828	-0.0003424765
-0.0005480350	-0.0005482524	-0.0005484848	-0.0005487424	-0.0005490285	-0.0005493432	-0.0005496859	-0.0005500564	-0.0005504547	-0.0005508810	-0.0005513354	-0.0005518180	-0.0005523291	-0.0005528687	-0.0005534370	-0.0005540341	-0.0005546601	-0.0005553158	-0.0005560031	-0.0005567246	-0.0005574784	-0.0005582453	-0.0005589779	-0.0005596360	-0.0005603610	-0.0005617929	-0.0005650225	-0.0005705148	-0.0005774496	-0.0005848387	-0.0005922433	-0.0005996166	-0.0006070143	-0.0006144747	-0.0006220082	-0.0006296134	-0.0006372868	-0.0006450264	-0.0006528308	-0.0006606991	-0.0006686300	-0.0006766225	-0.0006846752	-0.0006927867	-0.0007009556	-0.0007091802	-0.0007174591	-0.0007257903	-0.0007341721	-0.0007426025	-0.0007510795	-0.0007596010	-0.0007681650	-0.0007767691	-0.0007854110	-0.0007940882	-0.0008027983	-0.0008115384	-0.0008203059	-0.0008290980	-0.0008379116	-0.0008467437	-0.0008555912	-0.0008644507	-0.0008733189	-0.0008821924	-0.0008910674	-0.0008999405	-0.0009088078	-0.0009176653	-0.0009265091	-0.0009353353	-0.0009441396	-0.0009529177	-0.0009616654	-0.0009703780	-0.0009790509	-0.0009876795	-0.0009962592	-0.0010047851	-0.0010132524	-0.0010216562	-0.0010299914	-0.0010382525	-0.0010464345	-0.0010545321	-0.0010625401	-0.0010704531	-0.0010782657	-0.0010859727	-0.0010935685	-0.0011010474	-0.0011084038	-0.0011156321	-0.0011227270	-0.0011296827	-0.0011364939	-0.0011431548	-0.0011496603	-0.0011560049	-0.0011621828	-0.0011681886	-0.0011740169	-0.0011796626	-0.0011851205	-0.0011903857	-0.0011954530	-0.0012003173	-0.0012049738	-0.0012094176	-0.0012136443	-0.0012176497	-0.0012214296	-0.0012249797	-0.0012282960	-0.0012313745	-0.0012342116	-0.0012368040	-0.0012391486	-0.0012412425	-0.0012430827	-0.0012446663	-0.0012459910	-0.0012470546	-0.0012478555	-0.0012483918	-0.0012486621	-0.0012486650	-0.0012483994	-0.0012478647	-0.0012470607	-0.0012459869	-0.0012446435	-0.0012430307	-0.0012411489	-0.0012389990	-0.0012365821	-0.0012338994	-0.0012309526	-0.0012277435	-0.0012242741	-0.0012205468	-0.0012165639	-0.0012123283	-0.0012078431	-0.0012031115	-0.0011981371	-0.0011929235	-0.0011874744	-0.0011817940	-0.0011758866	-0.0011697568	-0.0011634093	-0.0011568489	-0.0011500805	-0.0011431091	-0.0011359402	-0.0011285793	-0.0011210321	-0.0011133043	-0.0011054016	-0.0010973297	-0.0010890948	-0.0010807028	-0.0010721600	-0.0010634728	-0.0010546475	-0.0010456903	-0.0010366075	-0.0010274055	-0.0010180905	-0.0010086690	-0.0009991475	-0.0009895323	-0.0009798299	-0.0009700466	-0.0009601886	-0.0009502619	-0.0009402728	-0.0009302273	-0.0009201315	-0.0009099913	-0.0008998128	-0.0008896017	-0.0008793636	-0.0008691043	-0.0008588290	-0.0008485431	-0.0008382520	-0.0008279608	-0.0008176745	-0.0008073981	-0.0007971362	-0.0007868935	-0.0007766745	-0.0007664836	-0.0007563252	-0.0007462034	-0.0007361221	-0.0007260851	-0.0007160962	-0.0007061589	-0.0006962767	-0.0006864529	-0.0006766907	-0.0006669931	-0.0006573630	-0.0006478031	-0.0006383163	-0.0006289049	-0.0006195714	-0.0006103181	-0.0006011471	-0.0005920605	-0.0005830602	-0.0005741478	-0.0005653252	-0.0005565938	-0.0005479552	-0.0005394108	-0.0005309615	-0.0005226088	-0.0005143543	-0.0005061999	-0.0004981467	-0.0004901901	-0.0004823134	-0.0004744939	-0.0004667589	-0.0004593098	-0.0004525688	-0.0004468481	-0.0004419164	-0.0004373172	-0.0004327961	-0.0004283005	-0.0004238472	-0.0004194541	-0.0004151273	-0.0004108666	-0.0004066698	-0.0004025353	-0.0003984618	-0.0003944483	-0.0003904938	-0.0003865973	-0.0003827579	-0.0003789745	-0.0003752461	-0.0003715718	-0.0003679506	-0.0003643818	-0.0003608646	-0.0003573990	-0.0003539841	-0.0003506154	-0.0003472806
-0.0005566848	-0.0005568994	-0.0005571292	-0.0005573846	-0.0005576689	-0.0005579822	-0.0005583238	-0.0005586936	-0.0005590915	-0.0005595178	-0.0005599726	-0.0005604559	-0.0005609681	-0.0005615092	-0.0005620794	-0.0005626788	-0.0005633075	-0.0005639658	-0.0005646552	-0.0005653780	-0.0005661358	-0.0005669203	-0.0005676985	-0.0005684152	-0.0005690838	-0.0005700518	-0.0005722491	-0.0005766467	-0.0005830318	-0.0005903501	-0.0005978487	-0.0006053118	-0.0006127667	-0.0006202672	-0.0006278372	-0.0006354798	-0.0006431917	-0.0006509701	-0.0006588130	-0.0006667195	-0.0006746884	-0.0006827184	-0.0006908084	-0.0006989568	-0.0007071621	-0.0007154228	-0.0007237373	-0.0007321038	-0.0007405204	-0.0007489851	-0.0007574959	-0.0007660507	-0.0007746474	-0.0007832836	-0.0007919571	-0.0008006654	-0.0008094058	-0.0008181757	-0.0008269723	-0.0008357929	-0.0008446342	-0.0008534933	-0.0008623670	-0.0008712519	-0.0008801448	-0.0008890421	-0.0008979403	-0.0009068355	-0.0009157242	-0.0009246023	-0.0009334658	-0.0009423108	-0.0009511331	-0.0009599282	-0.0009686920	-0.0009774199	-0.0009861072	-0.0009947492	-0.0010033413	-0.0010118787	-0.0010203564	-0.0010287697	-0.0010371134	-0.0010453824	-0.0010535713	-0.0010616748	-0.0010696878	-0.0010776050	-0.0010854208	-0.0010931299	-0.0011007269	-0.0011082063	-0.0011155624	-0.0011227895	-0.0011298823	-0.0011368352	-0.0011436428	-0.0011502995	-0.0011567999	-0.0011631384	-0.0011693096	-0.0011753080	-0.0011811284	-0.0011867655	-0.0011922142	-0.0011974695	-0.0012025265	-0.0012073800	-0.0012120251	-0.0012164570	-0.0012206714	-0.0012246640	-0.0012284307	-0.0012319673	-0.0012352696	-0.0012383338	-0.0012411562	-0.0012437338	-0.0012460632	-0.0012481416	-0.0012499660	-0.0012515337	-0.0012528422	-0.0012538896	-0.0012546740	-0.0012551937	-0.0012554473	-0.0012554333	-0.0012551508	-0.0012545992	-0.0012537780	-0.0012526871	-0.0012513265	-0.0012496964	-0.0012477972	-0.0012456300	-0.0012431957	-0.0012404957	-0.0012375315	-0.0012343049	-0.0012308180	-0.0012270732	-0.0012230729	-0.0012188198	-0.0012143171	-0.0012095681	-0.0012045762	-0.0011993450	-0.0011938784	-0.0011881804	-0.0011822553	-0.0011761078	-0.0011697425	-0.0011631643	-0.0011563781	-0.0011493889	-0.0011422019	-0.0011348227	-0.0011272571	-0.0011195108	-0.0011115895	-0.0011034989	-0.0010952451	-0.0010868339	-0.0010782718	-0.0010695649	-0.0010607197	-0.0010517424	-0.0010426393	-0.0010334166	-0.0010240808	-0.0010146382	-0.0010050951	-0.0009954579	-0.0009857331	-0.0009759270	-0.0009660458	-0.0009560956	-0.0009460825	-0.0009360127	-0.0009258922	-0.0009157268	-0.0009055225	-0.0008952852	-0.0008850204	-0.0008747339	-0.0008644310	-0.0008541170	-0.0008437974	-0.0008334773	-0.0008231616	-0.0008128553	-0.0008025630	-0.0007922893	-0.0007820390	-0.0007718164	-0.0007616258	-0.0007514713	-0.0007413569	-0.0007312864	-0.0007212636	-0.0007112921	-0.0007013753	-0.0006915166	-0.0006817191	-0.0006719858	-0.0006623197	-0.0006527237	-0.0006432003	-0.0006337521	-0.0006243816	-0.0006150911	-0.0006058827	-0.0005967584	-0.0005877202	-0.0005787698	-0.0005699091	-0.0005611395	-0.0005524626	-0.0005438796	-0.0005353919	-0.0005270009	-0.0005187086	-0.0005105169	-0.0005024246	-0.0004944213	-0.0004864838	-0.0004786042	-0.0004708870	-0.0004636664	-0.0004573752	-0.0004520590	-0.0004472916	-0.0004426933	-0.0004381292	-0.0004335960	-0.0004291155	-0.0004246998	-0.0004203507	-0.0004160667	-0.0004118459	-0.0004076868	-0.0004035883	-0.0003995495	-0.0003955695	-0.0003916471	-0.0003877816	-0.0003839718	-0.0003802170	-0.0003765160	-0.0003728679	-0.0003692720	-0.0003657277	-0.0003622349	-0.0003587926	-0.0003553965	-0.0003520344
-0.0005652945	-0.0005655059	-0.0005657328	-0.0005659856	-0.0005662677	-0.0005665791	-0.0005669192	-0.0005672878	-0.0005676849	-0.0005681107	-0.0005685654	-0.0005690490	-0.0005695618	-0.0005701039	-0.0005706754	-0.0005712766	-0.0005719075	-0.0005725682	-0.0005732596	-0.0005739836	-0.0005747427	-0.0005755355	-0.0005763438	-0.0005771199	-0.0005778200	-0.0005785737	-0.0005800027	-0.0005831968	-0.0005886820	-0.0005956993	-0.0006032339	-0.0006107981	-0.0006183247	-0.0006258690	-0.0006334730	-0.0006411488	-0.0006488952	-0.0006567087	-0.0006645867	-0.0006725280	-0.0006805312	-0.0006885953	-0.0006967189	-0.0007049005	-0.0007131387	-0.0007214318	-0.0007297782	-0.0007381761	-0.0007466236	-0.0007551188	-0.0007636596	-0.0007722437	-0.0007808692	-0.0007895336	-0.0007982347	-0.0008069699	-0.0008157367	-0.0008245323	-0.0008333540	-0.0008421987	-0.0008510637	-0.0008599456	-0.0008688413	-0.0008777475	-0.0008866608	-0.0008955777	-0.0009044947	-0.0009134079	-0.0009223137	-0.0009312081	-0.0009400872	-0.0009489467	-0.0009577826	-0.0009665906	-0.0009753662	-0.0009841050	-0.0009928024	-0.0010014537	-0.0010100540	-0.0010185986	-0.0010270827	-0.0010355013	-0.0010438494	-0.0010521219	-0.0010603137	-0.0010684192	-0.0010764332	-0.0010843505	-0.0010921656	-0.0010998730	-0.0011074675	-0.0011149433	-0.0011222952	-0.0011295176	-0.0011366047	-0.0011435512	-0.0011503517	-0.0011570007	-0.0011634925	-0.0011698218	-0.0011759829	-0.0011819707	-0.0011877800	-0.0011934055	-0.0011988422	-0.0012040850	-0.0012091288	-0.0012139686	-0.0012185996	-0.0012230172	-0.0012272170	-0.0012311947	-0.0012349461	-0.0012384669	-0.0012417533	-0.0012448012	-0.0012476073	-0.0012501684	-0.0012524812	-0.0012545429	-0.0012563504	-0.0012579010	-0.0012591924	-0.0012602226	-0.0012609898	-0.0012614924	-0.0012617288	-0.0012616976	-0.0012613980	-0.0012608293	-0.0012599911	-0.0012588833	-0.0012575058	-0.0012558589	-0.0012539431	-0.0012517593	-0.0012493085	-0.0012465922	-0.0012436118	-0.0012403691	-0.0012368663	-0.0012331056	-0.0012290896	-0.0012248210	-0.0012203027	-0.0012155383	-0.0012105310	-0.0012052847	-0.0011998030	-0.0011940900	-0.0011881500	-0.0011819876	-0.0011756075	-0.0011690146	-0.0011622136	-0.0011552096	-0.0011480079	-0.0011406140	-0.0011330335	-0.0011252723	-0.0011173360	-0.0011092305	-0.0011009615	-0.0010925352	-0.0010839577	-0.0010752353	-0.0010663743	-0.0010573811	-0.0010482619	-0.0010390230	-0.0010296706	-0.0010202111	-0.0010106509	-0.0010009962	-0.0009912535	-0.0009814291	-0.0009715293	-0.0009615601	-0.0009515278	-0.0009414383	-0.0009312976	-0.0009211117	-0.0009108865	-0.0009006276	-0.0008903409	-0.0008800319	-0.0008697060	-0.0008593688	-0.0008490255	-0.0008386811	-0.0008283407	-0.0008180091	-0.0008076911	-0.0007973912	-0.0007871143	-0.0007768645	-0.0007666463	-0.0007564638	-0.0007463209	-0.0007362215	-0.0007261694	-0.0007161682	-0.0007062212	-0.0006963320	-0.0006865035	-0.0006767390	-0.0006670413	-0.0006574133	-0.0006478577	-0.0006383770	-0.0006289737	-0.0006196501	-0.0006104083	-0.0006012504	-0.0005921783	-0.0005831940	-0.0005742990	-0.0005654951	-0.0005567837	-0.0005481660	-0.0005396436	-0.0005312183	-0.0005228922	-0.0005146663	-0.0005065354	-0.0004984808	-0.0004904802	-0.0004825709	-0.0004749776	-0.0004681362	-0.0004623333	-0.0004573106	-0.0004526088	-0.0004479792	-0.0004433736	-0.0004388105	-0.0004343078	-0.0004298717	-0.0004255016	-0.0004211957	-0.0004169521	-0.0004127698	-0.0004086478	-0.0004045851	-0.0004005808	-0.0003966339	-0.0003927436	-0.0003889087	-0.0003851286	-0.0003814020	-0.0003777283	-0.0003741065	-0.0003705362	-0.0003670172	-0.0003635487	-0.0003601263	-0.0003567378
-0.0005738636	-0.0005740715	-0.0005742950	-0.0005745448	-0.0005748242	-0.0005751332	-0.0005754714	-0.0005758384	-0.0005762342	-0.0005766591	-0.0005771132	-0.0005775966	-0.0005781095	-0.0005786521	-0.0005792244	-0.0005798268	-0.0005804594	-0.0005811221	-0.0005818155	-0.0005825406	-0.0005833001	-0.0005840958	-0.0005849204	-0.0005857422	-0.0005865047	-0.0005872103	-0.0005881789	-0.0005903122	-0.0005946170	-0.0006009926	-0.0006084124	-0.0006160626	-0.0006236793	-0.0006312781	-0.0006389163	-0.0006466215	-0.0006543982	-0.0006622430	-0.0006701527	-0.0006781253	-0.0006861595	-0.0006942540	-0.0007024077	-0.0007106190	-0.0007188863	-0.0007272081	-0.0007355827	-0.0007440083	-0.0007524830	-0.0007610048	-0.0007695717	-0.0007781814	-0.0007868318	-0.0007955206	-0.0008042453	-0.0008130036	-0.0008217927	-0.0008306100	-0.0008394526	-0.0008483175	-0.0008572019	-0.0008661025	-0.0008750162	-0.0008839395	-0.0008928691	-0.0009018015	-0.0009107331	-0.0009196602	-0.0009285790	-0.0009374855	-0.0009463759	-0.0009552458	-0.0009640912	-0.0009729078	-0.0009816911	-0.0009904366	-0.0009991399	-0.0010077962	-0.0010164007	-0.0010249485	-0.0010334349	-0.0010418548	-0.0010502033	-0.0010584753	-0.0010666657	-0.0010747692	-0.0010827804	-0.0010906939	-0.0010985044	-0.0011062064	-0.0011137946	-0.0011212634	-0.0011286073	-0.0011358210	-0.0011428990	-0.0011498357	-0.0011566257	-0.0011632634	-0.0011697434	-0.0011760602	-0.0011822084	-0.0011881826	-0.0011939776	-0.0011995886	-0.0012050104	-0.0012102378	-0.0012152659	-0.0012200894	-0.0012247038	-0.0012291046	-0.0012332874	-0.0012372480	-0.0012409820	-0.0012444853	-0.0012477538	-0.0012507838	-0.0012535719	-0.0012561149	-0.0012584098	-0.0012604533	-0.0012622426	-0.0012637752	-0.0012650486	-0.0012660609	-0.0012668104	-0.0012672952	-0.0012675140	-0.0012674654	-0.0012671485	-0.0012665627	-0.0012657077	-0.0012645831	-0.0012631892	-0.0012615260	-0.0012595942	-0.0012573946	-0.0012549283	-0.0012521966	-0.0012492012	-0.0012459437	-0.0012424264	-0.0012386514	-0.0012346213	-0.0012303389	-0.0012258071	-0.0012210293	-0.0012160090	-0.0012107498	-0.0012052554	-0.0011995300	-0.0011935777	-0.0011874032	-0.0011810111	-0.0011744063	-0.0011675936	-0.0011605780	-0.0011533649	-0.0011459596	-0.0011383677	-0.0011305951	-0.0011226474	-0.0011145305	-0.0011062503	-0.0010978127	-0.0010892238	-0.0010804898	-0.0010716171	-0.0010626120	-0.0010534809	-0.0010442298	-0.0010348651	-0.0010253931	-0.0010158200	-0.0010061522	-0.0009963960	-0.0009865578	-0.0009766438	-0.0009666602	-0.0009566130	-0.0009465084	-0.0009363522	-0.0009261504	-0.0009159087	-0.0009056330	-0.0008953289	-0.0008850020	-0.0008746580	-0.0008643021	-0.0008539396	-0.0008435756	-0.0008332151	-0.0008228628	-0.0008125236	-0.0008022023	-0.0007919033	-0.0007816310	-0.0007713898	-0.0007611837	-0.0007510168	-0.0007408930	-0.0007308160	-0.0007207894	-0.0007108168	-0.0007009013	-0.0006910463	-0.0006812548	-0.0006715298	-0.0006618741	-0.0006522905	-0.0006427814	-0.0006333494	-0.0006239968	-0.0006147256	-0.0006055381	-0.0005964362	-0.0005874217	-0.0005784965	-0.0005696620	-0.0005609198	-0.0005522713	-0.0005437180	-0.0005352624	-0.0005269063	-0.0005186482	-0.0005104756	-0.0005023638	-0.0004943107	-0.0004864436	-0.0004791257	-0.0004727787	-0.0004673992	-0.0004625443	-0.0004578438	-0.0004531730	-0.0004485331	-0.0004439466	-0.0004394251	-0.0004349703	-0.0004305804	-0.0004262537	-0.0004219889	-0.0004177848	-0.0004136405	-0.0004095553	-0.0004055281	-0.0004015579	-0.0003976440	-0.0003937853	-0.0003899810	-0.0003862302	-0.0003825319	-0.0003788854	-0.0003752902	-0.0003717462	-0.0003682524	-0.0003648047	-0.0003613909
-0.0005823915	-0.0005825954	-0.0005828152	-0.0005830615	-0.0005833378	-0.0005836441	-0.0005839798	-0.0005843447	-0.0005847389	-0.0005851624	-0.0005856154	-0.0005860981	-0.0005866106	-0.0005871532	-0.0005877259	-0.0005883290	-0.0005889625	-0.0005896267	-0.0005903217	-0.0005910482	-0.0005918079	-0.0005926037	-0.0005934350	-0.0005942852	-0.0005951084	-0.0005958543	-0.0005966267	-0.0005980001	-0.0006010509	-0.0006064121	-0.0006134439	-0.0006211009	-0.0006288175	-0.0006364887	-0.0006441668	-0.0006518994	-0.0006597021	-0.0006675742	-0.0006755118	-0.0006835124	-0.0006915741	-0.0006996956	-0.0007078758	-0.0007161132	-0.0007244061	-0.0007327531	-0.0007411522	-0.0007496018	-0.0007580999	-0.0007666447	-0.0007752339	-0.0007838654	-0.0007925369	-0.0008012462	-0.0008099907	-0.0008187681	-0.0008275756	-0.0008364106	-0.0008452701	-0.0008541513	-0.0008630511	-0.0008719664	-0.0008808939	-0.0008898303	-0.0008987722	-0.0009077160	-0.0009166582	-0.0009255950	-0.0009345227	-0.0009434373	-0.0009523348	-0.0009612111	-0.0009700619	-0.0009788829	-0.0009876698	-0.0009964181	-0.0010051231	-0.0010137803	-0.0010223849	-0.0010309320	-0.0010394167	-0.0010478340	-0.0010561790	-0.0010644466	-0.0010726317	-0.0010807291	-0.0010887336	-0.0010966397	-0.0011044419	-0.0011121348	-0.0011197130	-0.0011271711	-0.0011345037	-0.0011417053	-0.0011487705	-0.0011556940	-0.0011624702	-0.0011690935	-0.0011755583	-0.0011818595	-0.0011879915	-0.0011939492	-0.0011997274	-0.0012053211	-0.0012107251	-0.0012159343	-0.0012209439	-0.0012257488	-0.0012303443	-0.0012347261	-0.0012388897	-0.0012428309	-0.0012465455	-0.0012500292	-0.0012532781	-0.0012562886	-0.0012590572	-0.0012615808	-0.0012638562	-0.0012658804	-0.0012676504	-0.0012691638	-0.0012704183	-0.0012714120	-0.0012721430	-0.0012726096	-0.0012728104	-0.0012727441	-0.0012724098	-0.0012718070	-0.0012709352	-0.0012697942	-0.0012683842	-0.0012667053	-0.0012647581	-0.0012625434	-0.0012600625	-0.0012573166	-0.0012543073	-0.0012510363	-0.0012475059	-0.0012437182	-0.0012396757	-0.0012353813	-0.0012308379	-0.0012260488	-0.0012210175	-0.0012157477	-0.0012102431	-0.0012045077	-0.0011985457	-0.0011923617	-0.0011859603	-0.0011793465	-0.0011725251	-0.0011655012	-0.0011582797	-0.0011508662	-0.0011432663	-0.0011354857	-0.0011275302	-0.0011194056	-0.0011111178	-0.0011026725	-0.0010940760	-0.0010853344	-0.0010764540	-0.0010674411	-0.0010583019	-0.0010490428	-0.0010396699	-0.0010301895	-0.0010206077	-0.0010109310	-0.0010011657	-0.0009913181	-0.0009813943	-0.0009714006	-0.0009613431	-0.0009512277	-0.0009410604	-0.0009308471	-0.0009205935	-0.0009103054	-0.0008999885	-0.0008896485	-0.0008792908	-0.0008689208	-0.0008585436	-0.0008481645	-0.0008377882	-0.0008274199	-0.0008170641	-0.0008067257	-0.0007964092	-0.0007861188	-0.0007758590	-0.0007656339	-0.0007554474	-0.0007453036	-0.0007352061	-0.0007251586	-0.0007151645	-0.0007052271	-0.0006953498	-0.0006855356	-0.0006757875	-0.0006661083	-0.0006565007	-0.0006469674	-0.0006375107	-0.0006281330	-0.0006188366	-0.0006096234	-0.0006004955	-0.0005914548	-0.0005825031	-0.0005736418	-0.0005648725	-0.0005561968	-0.0005476168	-0.0005391349	-0.0005307518	-0.0005224606	-0.0005142403	-0.0005060701	-0.0004980049	-0.0004903060	-0.0004834246	-0.0004775944	-0.0004725106	-0.0004677182	-0.0004629864	-0.0004582770	-0.0004536111	-0.0004490063	-0.0004444682	-0.0004399958	-0.0004355874	-0.0004312413	-0.0004269565	-0.0004227319	-0.0004185669	-0.0004144604	-0.0004104115	-0.0004064194	-0.0004024831	-0.0003986018	-0.0003947746	-0.0003910006	-0.0003872789	-0.0003836088	-0.0003799898	-0.0003764217	-0.0003729038	-0.0003694318	-0.0003659937
-0.0005908777	-0.0005910773	-0.0005912928	-0.0005915353	-0.0005918080	-0.0005921111	-0.0005924440	-0.0005928064	-0.0005931983	-0.0005936200	-0.0005940715	-0.0005945530	-0.0005950646	-0.0005956066	-0.0005961791	-0.0005967823	-0.0005974164	-0.0005980815	-0.0005987776	-0.0005995052	-0.0006002653	-0.0006010605	-0.0006018929	-0.0006027572	-0.0006036244	-0.0006044373	-0.0006051813	-0.0006061270	-0.0006081175	-0.0006122041	-0.0006184665	-0.0006259384	-0.0006337260	-0.0006414894	-0.0006492217	-0.0006569834	-0.0006648085	-0.0006727034	-0.0006806652	-0.0006886902	-0.0006967761	-0.0007049213	-0.0007131246	-0.0007213845	-0.0007296995	-0.0007380679	-0.0007464880	-0.0007549580	-0.0007634760	-0.0007720399	-0.0007806478	-0.0007892974	-0.0007979863	-0.0008067123	-0.0008154728	-0.0008242654	-0.0008330874	-0.0008419362	-0.0008508088	-0.0008597023	-0.0008686136	-0.0008775395	-0.0008864770	-0.0008954225	-0.0009043726	-0.0009133239	-0.0009222727	-0.0009312153	-0.0009401478	-0.0009490665	-0.0009579671	-0.0009668456	-0.0009756978	-0.0009845194	-0.0009933059	-0.0010020529	-0.0010107558	-0.0010194099	-0.0010280106	-0.0010365530	-0.0010450321	-0.0010534430	-0.0010617807	-0.0010700402	-0.0010782163	-0.0010863039	-0.0010942977	-0.0011021925	-0.0011099828	-0.0011176630	-0.0011252277	-0.0011326717	-0.0011399895	-0.0011471757	-0.0011542249	-0.0011611317	-0.0011678907	-0.0011744963	-0.0011809431	-0.0011872256	-0.0011933385	-0.0011992768	-0.0012050354	-0.0012106090	-0.0012159927	-0.0012211813	-0.0012261697	-0.0012309534	-0.0012355277	-0.0012398883	-0.0012440307	-0.0012479506	-0.0012516437	-0.0012551060	-0.0012583335	-0.0012613227	-0.0012640703	-0.0012665731	-0.0012688278	-0.0012708315	-0.0012725813	-0.0012740747	-0.0012753095	-0.0012762838	-0.0012769958	-0.0012774437	-0.0012776262	-0.0012775419	-0.0012771901	-0.0012765701	-0.0012756817	-0.0012745247	-0.0012730989	-0.0012714048	-0.0012694429	-0.0012672141	-0.0012647194	-0.0012619603	-0.0012589382	-0.0012556551	-0.0012521129	-0.0012483140	-0.0012442608	-0.0012399561	-0.0012354029	-0.0012306045	-0.0012255643	-0.0012202860	-0.0012147734	-0.0012090304	-0.0012030613	-0.0011968705	-0.0011904627	-0.0011838427	-0.0011770155	-0.0011699860	-0.0011627593	-0.0011553409	-0.0011477363	-0.0011399511	-0.0011319912	-0.0011238624	-0.0011155705	-0.0011071213	-0.0010985210	-0.0010897755	-0.0010808911	-0.0010718742	-0.0010627310	-0.0010534677	-0.0010440906	-0.0010346058	-0.0010250196	-0.0010153382	-0.0010055680	-0.0009957151	-0.0009857859	-0.0009757864	-0.0009657228	-0.0009556010	-0.0009454270	-0.0009352065	-0.0009249454	-0.0009146494	-0.0009043242	-0.0008939754	-0.0008836085	-0.0008732287	-0.0008628413	-0.0008524514	-0.0008420640	-0.0008316839	-0.0008213161	-0.0008109650	-0.0008006353	-0.0007903313	-0.0007800573	-0.0007698174	-0.0007596158	-0.0007494562	-0.0007393425	-0.0007292782	-0.0007192669	-0.0007093119	-0.0006994165	-0.0006895837	-0.0006798166	-0.0006701180	-0.0006604906	-0.0006509370	-0.0006414596	-0.0006320609	-0.0006227430	-0.0006135080	-0.0006043581	-0.0005952949	-0.0005863204	-0.0005774360	-0.0005686434	-0.0005599444	-0.0005513417	-0.0005428371	-0.0005344280	-0.0005260993	-0.0005178249	-0.0005096139	-0.0005016286	-0.0004942677	-0.0004879279	-0.0004825268	-0.0004776021	-0.0004728067	-0.0004680351	-0.0004632955	-0.0004586105	-0.0004539908	-0.0004494375	-0.0004449488	-0.0004405230	-0.0004361588	-0.0004318554	-0.0004276118	-0.0004234272	-0.0004193007	-0.0004152314	-0.0004112185	-0.0004072611	-0.0004033584	-0.0003995094	-0.0003957134	-0.0003919694	-0.0003882768	-0.0003846350	-0.0003810440	-0.0003775030	-0.0003740077	-0.0003705462
-0.0005993217	-0.0005995164	-0.0005997273	-0.0005999654	-0.0006002342	-0.0006005337	-0.0006008633	-0.0006012227	-0.0006016120	-0.0006020313	-0.0006024808	-0.0006029606	-0.0006034709	-0.0006040119	-0.0006045836	-0.0006051864	-0.0006058203	-0.0006064857	-0.0006071824	-0.0006079108	-0.0006086715	-0.0006094659	-0.0006102972	-0.0006111657	-0.0006120579	-0.0006129309	-0.0006137278	-0.0006145157	-0.0006157934	-0.0006186001	-0.0006237075	-0.0006306629	-0.0006384060	-0.0006462645	-0.0006540726	-0.0006618727	-0.0006697190	-0.0006776326	-0.0006856143	-0.0006936601	-0.0007017667	-0.0007099322	-0.0007181552	-0.0007264342	-0.0007347678	-0.0007431543	-0.0007515918	-0.0007600787	-0.0007686128	-0.0007771924	-0.0007858152	-0.0007944791	-0.0008031818	-0.0008119207	-0.0008206935	-0.0008294976	-0.0008383304	-0.0008471891	-0.0008560709	-0.0008649728	-0.0008738917	-0.0008828245	-0.0008917680	-0.0009007187	-0.0009096732	-0.0009186281	-0.0009275796	-0.0009365240	-0.0009454575	-0.0009543762	-0.0009632761	-0.0009721529	-0.0009810026	-0.0009898208	-0.0009986030	-0.0010073448	-0.0010160416	-0.0010246889	-0.0010332818	-0.0010418156	-0.0010502854	-0.0010586862	-0.0010670129	-0.0010752605	-0.0010834240	-0.0010914981	-0.0010994777	-0.0011073574	-0.0011151320	-0.0011227961	-0.0011303440	-0.0011377705	-0.0011450701	-0.0011522377	-0.0011592677	-0.0011661548	-0.0011728933	-0.0011794781	-0.0011859036	-0.0011921646	-0.0011982557	-0.0012041719	-0.0012099080	-0.0012154589	-0.0012208197	-0.0012259851	-0.0012309503	-0.0012357106	-0.0012402614	-0.0012445985	-0.0012487175	-0.0012526141	-0.0012562840	-0.0012597231	-0.0012629276	-0.0012658941	-0.0012686192	-0.0012710997	-0.0012733325	-0.0012753145	-0.0012770430	-0.0012785155	-0.0012797298	-0.0012806841	-0.0012813765	-0.0012818054	-0.0012819692	-0.0012818668	-0.0012814975	-0.0012808606	-0.0012799557	-0.0012787828	-0.0012773417	-0.0012756329	-0.0012736570	-0.0012714147	-0.0012689072	-0.0012661359	-0.0012631022	-0.0012598081	-0.0012562555	-0.0012524468	-0.0012483845	-0.0012440712	-0.0012395101	-0.0012347043	-0.0012296573	-0.0012243727	-0.0012188543	-0.0012131061	-0.0012071323	-0.0012009372	-0.0011945256	-0.0011879022	-0.0011810720	-0.0011740400	-0.0011668112	-0.0011593910	-0.0011517848	-0.0011439983	-0.0011360374	-0.0011279077	-0.0011196152	-0.0011111657	-0.0011025650	-0.0010938193	-0.0010849348	-0.0010759177	-0.0010667742	-0.0010575106	-0.0010481331	-0.0010386480	-0.0010290614	-0.0010193794	-0.0010096084	-0.0009997544	-0.0009898239	-0.0009798228	-0.0009697573	-0.0009596333	-0.0009494567	-0.0009392334	-0.0009289691	-0.0009186696	-0.0009083404	-0.0008979872	-0.0008876153	-0.0008772301	-0.0008668368	-0.0008564404	-0.0008460462	-0.0008356588	-0.0008252831	-0.0008149237	-0.0008045851	-0.0007942717	-0.0007839878	-0.0007737375	-0.0007635249	-0.0007533539	-0.0007432282	-0.0007331514	-0.0007231270	-0.0007131585	-0.0007032491	-0.0006934018	-0.0006836197	-0.0006739057	-0.0006642624	-0.0006546925	-0.0006451984	-0.0006357825	-0.0006264470	-0.0006171941	-0.0006080258	-0.0005989439	-0.0005899503	-0.0005810464	-0.0005722342	-0.0005635161	-0.0005548945	-0.0005463697	-0.0005379321	-0.0005295578	-0.0005212318	-0.0005130389	-0.0005052876	-0.0004984308	-0.0004926231	-0.0004875023	-0.0004826283	-0.0004778000	-0.0004729935	-0.0004682325	-0.0004635335	-0.0004589008	-0.0004543335	-0.0004498296	-0.0004453876	-0.0004410067	-0.0004366860	-0.0004324246	-0.0004282217	-0.0004240765	-0.0004199881	-0.0004159557	-0.0004119783	-0.0004080553	-0.0004041857	-0.0004003688	-0.0003966036	-0.0003928895	-0.0003892261	-0.0003856131	-0.0003820500	-0.0003785324	-0.0003750487
-0.0006077228	-0.0006079122	-0.0006081181	-0.0006083516	-0.0006086160	-0.0006089114	-0.0006092372	-0.0006095932	-0.0006099794	-0.0006103959	-0.0006108429	-0.0006113206	-0.0006118290	-0.0006123683	-0.0006129388	-0.0006135406	-0.0006141738	-0.0006148388	-0.0006155355	-0.0006162643	-0.0006170252	-0.0006178192	-0.0006186488	-0.0006195165	-0.0006204190	-0.0006213320	-0.0006221998	-0.0006229887	-0.0006239036	-0.0006256939	-0.0006294384	-0.0006354576	-0.0006429037	-0.0006508017	-0.0006587049	-0.0006665623	-0.0006744346	-0.0006823638	-0.0006903608	-0.0006984234	-0.0007065473	-0.0007147298	-0.0007229691	-0.0007312640	-0.0007396127	-0.0007480137	-0.0007564653	-0.0007649654	-0.0007735123	-0.0007821039	-0.0007907382	-0.0007994128	-0.0008081254	-0.0008168737	-0.0008256551	-0.0008344670	-0.0008433068	-0.0008521717	-0.0008610590	-0.0008699655	-0.0008788883	-0.0008878241	-0.0008967697	-0.0009057218	-0.0009146770	-0.0009236316	-0.0009325819	-0.0009415244	-0.0009504550	-0.0009593699	-0.0009682652	-0.0009771365	-0.0009859798	-0.0009947907	-0.0010035649	-0.0010122978	-0.0010209848	-0.0010296214	-0.0010382028	-0.0010467243	-0.0010551809	-0.0010635678	-0.0010718800	-0.0010801122	-0.0010882595	-0.0010963167	-0.0011042786	-0.0011121398	-0.0011198952	-0.0011275395	-0.0011350672	-0.0011424730	-0.0011497514	-0.0011568971	-0.0011639047	-0.0011707689	-0.0011774842	-0.0011840451	-0.0011904464	-0.0011966829	-0.0012027494	-0.0012086408	-0.0012143520	-0.0012198777	-0.0012252129	-0.0012303528	-0.0012352923	-0.0012400271	-0.0012445525	-0.0012488642	-0.0012529578	-0.0012568291	-0.0012604738	-0.0012638880	-0.0012670680	-0.0012700103	-0.0012727116	-0.0012751687	-0.0012773784	-0.0012793376	-0.0012810438	-0.0012824945	-0.0012836876	-0.0012846213	-0.0012852936	-0.0012857029	-0.0012858478	-0.0012857272	-0.0012853402	-0.0012846864	-0.0012837653	-0.0012825768	-0.0012811209	-0.0012793979	-0.0012774086	-0.0012751536	-0.0012726342	-0.0012698516	-0.0012668075	-0.0012635036	-0.0012599420	-0.0012561250	-0.0012520551	-0.0012477350	-0.0012431677	-0.0012383564	-0.0012333046	-0.0012280158	-0.0012224938	-0.0012167427	-0.0012107665	-0.0012045697	-0.0011981568	-0.0011915328	-0.0011847025	-0.0011776708	-0.0011704428	-0.0011630238	-0.0011554191	-0.0011476346	-0.0011396759	-0.0011315487	-0.0011232589	-0.0011148124	-0.0011062149	-0.0010974726	-0.0010885915	-0.0010795778	-0.0010704378	-0.0010611777	-0.0010518038	-0.0010423221	-0.0010327389	-0.0010230603	-0.0010132925	-0.0010034416	-0.0009935138	-0.0009835152	-0.0009734518	-0.0009633298	-0.0009531548	-0.0009429328	-0.0009326695	-0.0009223706	-0.0009120417	-0.0009016883	-0.0008913157	-0.0008809292	-0.0008705342	-0.0008601357	-0.0008497389	-0.0008393484	-0.0008289691	-0.0008186056	-0.0008082623	-0.0007979437	-0.0007876541	-0.0007773976	-0.0007671782	-0.0007569998	-0.0007468662	-0.0007367810	-0.0007267477	-0.0007167697	-0.0007068503	-0.0006969925	-0.0006871995	-0.0006774740	-0.0006678187	-0.0006582364	-0.0006487294	-0.0006393001	-0.0006299508	-0.0006206837	-0.0006115007	-0.0006024038	-0.0005933946	-0.0005844750	-0.0005756471	-0.0005669138	-0.0005582769	-0.0005497314	-0.0005412584	-0.0005328328	-0.0005244855	-0.0005164298	-0.0005090986	-0.0005028279	-0.0004974350	-0.0004924500	-0.0004875646	-0.0004826984	-0.0004778666	-0.0004730912	-0.0004683812	-0.0004637369	-0.0004591566	-0.0004546386	-0.0004501819	-0.0004457855	-0.0004414488	-0.0004371709	-0.0004329510	-0.0004287883	-0.0004246819	-0.0004206311	-0.0004166350	-0.0004126928	-0.0004088038	-0.0004049670	-0.0004011817	-0.0003974472	-0.0003937631	-0.0003901293	-0.0003865450	-0.0003830062	-0.0003795010
-0.0006160805	-0.0006162644	-0.0006164649	-0.0006166932	-0.0006169527	-0.0006172436	-0.0006175653	-0.0006179174	-0.0006183000	-0.0006187132	-0.0006191573	-0.0006196322	-0.0006201382	-0.0006206755	-0.0006212441	-0.0006218443	-0.0006224763	-0.0006231403	-0.0006238364	-0.0006245648	-0.0006253256	-0.0006261193	-0.0006269473	-0.0006278125	-0.0006287163	-0.0006296492	-0.0006305734	-0.0006314282	-0.0006322392	-0.0006334051	-0.0006358881	-0.0006406023	-0.0006473497	-0.0006551149	-0.0006631002	-0.0006710406	-0.0006789531	-0.0006868988	-0.0006949071	-0.0007029820	-0.0007111194	-0.0007193155	-0.0007275680	-0.0007358753	-0.0007442358	-0.0007526481	-0.0007611102	-0.0007696203	-0.0007781764	-0.0007867766	-0.0007954186	-0.0008041004	-0.0008128195	-0.0008215735	-0.0008303598	-0.0008391759	-0.0008480191	-0.0008568866	-0.0008657755	-0.0008746830	-0.0008836059	-0.0008925411	-0.0009014852	-0.0009104350	-0.0009193870	-0.0009283375	-0.0009372830	-0.0009462197	-0.0009551438	-0.0009640512	-0.0009729380	-0.0009818002	-0.0009906334	-0.0009994333	-0.0010081957	-0.0010169159	-0.0010255895	-0.0010342117	-0.0010427780	-0.0010512836	-0.0010597235	-0.0010680929	-0.0010763868	-0.0010846002	-0.0010927279	-0.0011007647	-0.0011087054	-0.0011165449	-0.0011242779	-0.0011318990	-0.0011394031	-0.0011467849	-0.0011540389	-0.0011611598	-0.0011681420	-0.0011749803	-0.0011816693	-0.0011882036	-0.0011945780	-0.0012007874	-0.0012068265	-0.0012126905	-0.0012183740	-0.0012238721	-0.0012291796	-0.0012342916	-0.0012392033	-0.0012439103	-0.0012484082	-0.0012526926	-0.0012567591	-0.0012606033	-0.0012642212	-0.0012676089	-0.0012707628	-0.0012736794	-0.0012763555	-0.0012787878	-0.0012809732	-0.0012829088	-0.0012845918	-0.0012860200	-0.0012871913	-0.0012881037	-0.0012887555	-0.0012891450	-0.0012892707	-0.0012891317	-0.0012887270	-0.0012880563	-0.0012871192	-0.0012859154	-0.0012844451	-0.0012827086	-0.0012807064	-0.0012784396	-0.0012759091	-0.0012731163	-0.0012700628	-0.0012667504	-0.0012631811	-0.0012593572	-0.0012552812	-0.0012509559	-0.0012463841	-0.0012415691	-0.0012365143	-0.0012312234	-0.0012257001	-0.0012199484	-0.0012139723	-0.0012077761	-0.0012013646	-0.0011947425	-0.0011879147	-0.0011808861	-0.0011736617	-0.0011662469	-0.0011586469	-0.0011508674	-0.0011429140	-0.0011347925	-0.0011265087	-0.0011180684	-0.0011094776	-0.0011007420	-0.0010918679	-0.0010828612	-0.0010737284	-0.0010644755	-0.0010551088	-0.0010456344	-0.0010360584	-0.0010263870	-0.0010166263	-0.0010067823	-0.0009968611	-0.0009868689	-0.0009768118	-0.0009666957	-0.0009565264	-0.0009463098	-0.0009360516	-0.0009257575	-0.0009154329	-0.0009050833	-0.0008947141	-0.0008843306	-0.0008739381	-0.0008635416	-0.0008531462	-0.0008427568	-0.0008323780	-0.0008220144	-0.0008116706	-0.0008013510	-0.0007910598	-0.0007808011	-0.0007705790	-0.0007603973	-0.0007502598	-0.0007401702	-0.0007301319	-0.0007201484	-0.0007102230	-0.0007003587	-0.0006905585	-0.0006808254	-0.0006711621	-0.0006615710	-0.0006520549	-0.0006426160	-0.0006332566	-0.0006239790	-0.0006147850	-0.0006056766	-0.0005966555	-0.0005877238	-0.0005788844	-0.0005701398	-0.0005614887	-0.0005529177	-0.0005444001	-0.0005359337	-0.0005276495	-0.0005199126	-0.0005131545	-0.0005074160	-0.0005022743	-0.0004973233	-0.0004924034	-0.0004875070	-0.0004826590	-0.0004778738	-0.0004731544	-0.0004684995	-0.0004639073	-0.0004593765	-0.0004549062	-0.0004504957	-0.0004461443	-0.0004418511	-0.0004376154	-0.0004334364	-0.0004293133	-0.0004252452	-0.0004212315	-0.0004172713	-0.0004133638	-0.0004095083	-0.0004057040	-0.0004019501	-0.0003982464	-0.0003945927	-0.0003909883	-0.0003874290	-0.0003839035
-0.0006243946	-0.0006245724	-0.0006247670	-0.0006249897	-0.0006252441	-0.0006255300	-0.0006258470	-0.0006261948	-0.0006265733	-0.0006269828	-0.0006274233	-0.0006278951	-0.0006283982	-0.0006289328	-0.0006294990	-0.0006300971	-0.0006307273	-0.0006313897	-0.0006320845	-0.0006328119	-0.0006335720	-0.0006343651	-0.0006351918	-0.0006360542	-0.0006369553	-0.0006378940	-0.0006388515	-0.0006397773	-0.0006406220	-0.0006415166	-0.0006430812	-0.0006463747	-0.0006519797	-0.0006592853	-0.0006672537	-0.0006752890	-0.0006832664	-0.0006912378	-0.0006992556	-0.0007073382	-0.0007154848	-0.0007236910	-0.0007319534	-0.0007402700	-0.0007486391	-0.0007570591	-0.0007655284	-0.0007740451	-0.0007826071	-0.0007912124	-0.0007998588	-0.0008085442	-0.0008172662	-0.0008260223	-0.0008348101	-0.0008436269	-0.0008524699	-0.0008613364	-0.0008702235	-0.0008791283	-0.0008880477	-0.0008969786	-0.0009059176	-0.0009148614	-0.0009238065	-0.0009327494	-0.0009416863	-0.0009506136	-0.0009595274	-0.0009684237	-0.0009772985	-0.0009861477	-0.0009949672	-0.0010037526	-0.0010124995	-0.0010212035	-0.0010298600	-0.0010384644	-0.0010470120	-0.0010554981	-0.0010639179	-0.0010722663	-0.0010805386	-0.0010887296	-0.0010968342	-0.0011048474	-0.0011127637	-0.0011205781	-0.0011282854	-0.0011358805	-0.0011433579	-0.0011507124	-0.0011579388	-0.0011650318	-0.0011719857	-0.0011787953	-0.0011854552	-0.0011919601	-0.0011983050	-0.0012044847	-0.0012104940	-0.0012163280	-0.0012219814	-0.0012274493	-0.0012327266	-0.0012378086	-0.0012426906	-0.0012473680	-0.0012518364	-0.0012560915	-0.0012601289	-0.0012639444	-0.0012675340	-0.0012708937	-0.0012740201	-0.0012769098	-0.0012795595	-0.0012819658	-0.0012841259	-0.0012860367	-0.0012876957	-0.0012891006	-0.0012902493	-0.0012911400	-0.0012917707	-0.0012921400	-0.0012922463	-0.0012920888	-0.0012916666	-0.0012909791	-0.0012900262	-0.0012888075	-0.0012873232	-0.0012855736	-0.0012835593	-0.0012812813	-0.0012787406	-0.0012759385	-0.0012728767	-0.0012695569	-0.0012659812	-0.0012621519	-0.0012580713	-0.0012537424	-0.0012491679	-0.0012443510	-0.0012392953	-0.0012340044	-0.0012284818	-0.0012227316	-0.0012167578	-0.0012105647	-0.0012041570	-0.0011975393	-0.0011907166	-0.0011836938	-0.0011764759	-0.0011690681	-0.0011614756	-0.0011537040	-0.0011457589	-0.0011376463	-0.0011293717	-0.0011209409	-0.0011123599	-0.0011036345	-0.0010947708	-0.0010857747	-0.0010766526	-0.0010674105	-0.0010580546	-0.0010485911	-0.0010390261	-0.0010293655	-0.0010196156	-0.0010097823	-0.0009998717	-0.0009898899	-0.0009798428	-0.0009697366	-0.0009595770	-0.0009493698	-0.0009391206	-0.0009288351	-0.0009185188	-0.0009081770	-0.0008978153	-0.0008874388	-0.0008770528	-0.0008666624	-0.0008562726	-0.0008458882	-0.0008355139	-0.0008251544	-0.0008148140	-0.0008044973	-0.0007942085	-0.0007839516	-0.0007737308	-0.0007635497	-0.0007534123	-0.0007433222	-0.0007332829	-0.0007232979	-0.0007133702	-0.0007035032	-0.0006936998	-0.0006839629	-0.0006742951	-0.0006646991	-0.0006551775	-0.0006457327	-0.0006363669	-0.0006270823	-0.0006178809	-0.0006087644	-0.0005997351	-0.0005907954	-0.0005819485	-0.0005731952	-0.0005645274	-0.0005559214	-0.0005473572	-0.0005389016	-0.0005308351	-0.0005236130	-0.0005174674	-0.0005121086	-0.0005070720	-0.0005021014	-0.0004971473	-0.0004922313	-0.0004873737	-0.0004825813	-0.0004778538	-0.0004731892	-0.0004685861	-0.0004640437	-0.0004595612	-0.0004551379	-0.0004507730	-0.0004464657	-0.0004422154	-0.0004380212	-0.0004338825	-0.0004297983	-0.0004257680	-0.0004217909	-0.0004178661	-0.0004139929	-0.0004101706	-0.0004063984	-0.0004026760	-0.0003990034	-0.0003953798	-0.0003918012	-0.0003882562
-0.0006326645	-0.0006328358	-0.0006330242	-0.0006332409	-0.0006334895	-0.0006337701	-0.0006340820	-0.0006344249	-0.0006347989	-0.0006352042	-0.0006356407	-0.0006361087	-0.0006366084	-0.0006371398	-0.0006377031	-0.0006382985	-0.0006389262	-0.0006395864	-0.0006402793	-0.0006410050	-0.0006417638	-0.0006425557	-0.0006433810	-0.0006442411	-0.0006451383	-0.0006460754	-0.0006470466	-0.0006480221	-0.0006489413	-0.0006497898	-0.0006508465	-0.0006529454	-0.0006571189	-0.0006635093	-0.0006712080	-0.0006792905	-0.0006873574	-0.0006953756	-0.0007034079	-0.0007114948	-0.0007196460	-0.0007278583	-0.0007361272	-0.0007444498	-0.0007528243	-0.0007612490	-0.0007697222	-0.0007782420	-0.0007868065	-0.0007954136	-0.0008040610	-0.0008127466	-0.0008214681	-0.0008302229	-0.0008390086	-0.0008478225	-0.0008566619	-0.0008655239	-0.0008744057	-0.0008833043	-0.0008922166	-0.0009011397	-0.0009100700	-0.0009190042	-0.0009279389	-0.0009368705	-0.0009457954	-0.0009547097	-0.0009636096	-0.0009724912	-0.0009813505	-0.0009901833	-0.0009989855	-0.0010077527	-0.0010164807	-0.0010251649	-0.0010338009	-0.0010423840	-0.0010509096	-0.0010593728	-0.0010677689	-0.0010760931	-0.0010843403	-0.0010925056	-0.0011005839	-0.0011085701	-0.0011164589	-0.0011242452	-0.0011319238	-0.0011394896	-0.0011469373	-0.0011542617	-0.0011614576	-0.0011685195	-0.0011754422	-0.0011822203	-0.0011888485	-0.0011953215	-0.0012016342	-0.0012077816	-0.0012137587	-0.0012195603	-0.0012251814	-0.0012306168	-0.0012358618	-0.0012409116	-0.0012457616	-0.0012504074	-0.0012548446	-0.0012590687	-0.0012630754	-0.0012668605	-0.0012704201	-0.0012737505	-0.0012768481	-0.0012797096	-0.0012823316	-0.0012847111	-0.0012868448	-0.0012887300	-0.0012903642	-0.0012917451	-0.0012928707	-0.0012937390	-0.0012943483	-0.0012946970	-0.0012947838	-0.0012946076	-0.0012941678	-0.0012934638	-0.0012924952	-0.0012912619	-0.0012897640	-0.0012880019	-0.0012859762	-0.0012836877	-0.0012811377	-0.0012783274	-0.0012752583	-0.0012719323	-0.0012683515	-0.0012645181	-0.0012604345	-0.0012561036	-0.0012515280	-0.0012467111	-0.0012416563	-0.0012363671	-0.0012308473	-0.0012251007	-0.0012191314	-0.0012129438	-0.0012065422	-0.0011999315	-0.0011931165	-0.0011861020	-0.0011788932	-0.0011714950	-0.0011639129	-0.0011561521	-0.0011482185	-0.0011401176	-0.0011318552	-0.0011234372	-0.0011148692	-0.0011061573	-0.0010973073	-0.0010883253	-0.0010792172	-0.0010699893	-0.0010606478	-0.0010511988	-0.0010416482	-0.0010320021	-0.0010222666	-0.0010124477	-0.0010025514	-0.0009925837	-0.0009825507	-0.0009724582	-0.0009623120	-0.0009521180	-0.0009418817	-0.0009316087	-0.0009213045	-0.0009109745	-0.0009006241	-0.0008902586	-0.0008798831	-0.0008695028	-0.0008591224	-0.0008487470	-0.0008383811	-0.0008280295	-0.0008176966	-0.0008073867	-0.0007971041	-0.0007868530	-0.0007766372	-0.0007664607	-0.0007563273	-0.0007462406	-0.0007362041	-0.0007262212	-0.0007162952	-0.0007064292	-0.0006966262	-0.0006868891	-0.0006772206	-0.0006676234	-0.0006581000	-0.0006486528	-0.0006392841	-0.0006299961	-0.0006207906	-0.0006116697	-0.0006026359	-0.0005936924	-0.0005848413	-0.0005760788	-0.0005673861	-0.0005587365	-0.0005501528	-0.0005418299	-0.0005341875	-0.0005276007	-0.0005219629	-0.0005168094	-0.0005117861	-0.0005067810	-0.0005018026	-0.0004968760	-0.0004920128	-0.0004872146	-0.0004824797	-0.0004778065	-0.0004731938	-0.0004686411	-0.0004641476	-0.0004597125	-0.0004553353	-0.0004510152	-0.0004467514	-0.0004425433	-0.0004383900	-0.0004342908	-0.0004302451	-0.0004262521	-0.0004223110	-0.0004184212	-0.0004145818	-0.0004107923	-0.0004070523	-0.0004033617	-0.0003997199	-0.0003961228	-0.0003925592
-0.0006408897	-0.0006410542	-0.0006412358	-0.0006414462	-0.0006416887	-0.0006419634	-0.0006422697	-0.0006426074	-0.0006429764	-0.0006433768	-0.0006438089	-0.0006442726	-0.0006447683	-0.0006452960	-0.0006458558	-0.0006464480	-0.0006470726	-0.0006477300	-0.0006484203	-0.0006491437	-0.0006499004	-0.0006506905	-0.0006515141	-0.0006523720	-0.0006532656	-0.0006541981	-0.0006551706	-0.0006561704	-0.0006571545	-0.0006580615	-0.0006589473	-0.0006602823	-0.0006630634	-0.0006681025	-0.0006751019	-0.0006830554	-0.0006912036	-0.0006992989	-0.0007073620	-0.0007154545	-0.0007236058	-0.0007318196	-0.0007400913	-0.0007484168	-0.0007567935	-0.0007652197	-0.0007736935	-0.0007822133	-0.0007907770	-0.0007993825	-0.0008080277	-0.0008167102	-0.0008254277	-0.0008341779	-0.0008429581	-0.0008517657	-0.0008605980	-0.0008694521	-0.0008783251	-0.0008872141	-0.0008961160	-0.0009050277	-0.0009139458	-0.0009228671	-0.0009317879	-0.0009407047	-0.0009496139	-0.0009585118	-0.0009673944	-0.0009762578	-0.0009850981	-0.0009939110	-0.0010026925	-0.0010114382	-0.0010201438	-0.0010288049	-0.0010374170	-0.0010459754	-0.0010544755	-0.0010629126	-0.0010712818	-0.0010795784	-0.0010877974	-0.0010959338	-0.0011039825	-0.0011119385	-0.0011197966	-0.0011275518	-0.0011351988	-0.0011427324	-0.0011501475	-0.0011574390	-0.0011646015	-0.0011716297	-0.0011785182	-0.0011852620	-0.0011918558	-0.0011982944	-0.0012045726	-0.0012106854	-0.0012166278	-0.0012223947	-0.0012279811	-0.0012333820	-0.0012385926	-0.0012436082	-0.0012484244	-0.0012530366	-0.0012574406	-0.0012616320	-0.0012656064	-0.0012693597	-0.0012728880	-0.0012761876	-0.0012792552	-0.0012820872	-0.0012846805	-0.0012870320	-0.0012891385	-0.0012909972	-0.0012926059	-0.0012939622	-0.0012950641	-0.0012959097	-0.0012964973	-0.0012968252	-0.0012968923	-0.0012966974	-0.0012962400	-0.0012955195	-0.0012945355	-0.0012932880	-0.0012917770	-0.0012900029	-0.0012879664	-0.0012856683	-0.0012831098	-0.0012802921	-0.0012772169	-0.0012738859	-0.0012703011	-0.0012664650	-0.0012623798	-0.0012580482	-0.0012534733	-0.0012486580	-0.0012436059	-0.0012383204	-0.0012328053	-0.0012270644	-0.0012211019	-0.0012149218	-0.0012085287	-0.0012019273	-0.0011951223	-0.0011881187	-0.0011809215	-0.0011735358	-0.0011659667	-0.0011582196	-0.0011503002	-0.0011422140	-0.0011339669	-0.0011255647	-0.0011170130	-0.0011083176	-0.0010994846	-0.0010905197	-0.0010814291	-0.0010722189	-0.0010628951	-0.0010534639	-0.0010439312	-0.0010343032	-0.0010245857	-0.0010147848	-0.0010049065	-0.0009949566	-0.0009849412	-0.0009748661	-0.0009647371	-0.0009545599	-0.0009443402	-0.0009340834	-0.0009237951	-0.0009134808	-0.0009031456	-0.0008927949	-0.0008824338	-0.0008720672	-0.0008617001	-0.0008513375	-0.0008409839	-0.0008306441	-0.0008203224	-0.0008100231	-0.0007997506	-0.0007895089	-0.0007793021	-0.0007691339	-0.0007590082	-0.0007489286	-0.0007388987	-0.0007289217	-0.0007190010	-0.0007091397	-0.0006993408	-0.0006896071	-0.0006799415	-0.0006703466	-0.0006608250	-0.0006513790	-0.0006420109	-0.0006327227	-0.0006235167	-0.0006143950	-0.0006053609	-0.0005964174	-0.0005875633	-0.0005787853	-0.0005700559	-0.0005613713	-0.0005528564	-0.0005448652	-0.0005378351	-0.0005318551	-0.0005265383	-0.0005214515	-0.0005164009	-0.0005113667	-0.0005063753	-0.0005014440	-0.0004965774	-0.0004917742	-0.0004870329	-0.0004823521	-0.0004777310	-0.0004731692	-0.0004686658	-0.0004642203	-0.0004598320	-0.0004555001	-0.0004512240	-0.0004470029	-0.0004428362	-0.0004387231	-0.0004346630	-0.0004306552	-0.0004266989	-0.0004227934	-0.0004189381	-0.0004151322	-0.0004113755	-0.0004076679	-0.0004040088	-0.0004003942	-0.0003968129
-0.0006490700	-0.0006492271	-0.0006494017	-0.0006496051	-0.0006498411	-0.0006501095	-0.0006504098	-0.0006507417	-0.0006511052	-0.0006515003	-0.0006519274	-0.0006523864	-0.0006528775	-0.0006534009	-0.0006539567	-0.0006545450	-0.0006551660	-0.0006558200	-0.0006565070	-0.0006572274	-0.0006579813	-0.0006587689	-0.0006595903	-0.0006604458	-0.0006613362	-0.0006622638	-0.0006632316	-0.0006642378	-0.0006652604	-0.0006662446	-0.0006671468	-0.0006681329	-0.0006698682	-0.0006733893	-0.0006792010	-0.0006866749	-0.0006947986	-0.0007029858	-0.0007111083	-0.0007192174	-0.0007273675	-0.0007355779	-0.0007438481	-0.0007521730	-0.0007605488	-0.0007689734	-0.0007774448	-0.0007859613	-0.0007945210	-0.0008031217	-0.0008117613	-0.0008204374	-0.0008291478	-0.0008378899	-0.0008466613	-0.0008554593	-0.0008642812	-0.0008731241	-0.0008819850	-0.0008908611	-0.0008997491	-0.0009086461	-0.0009175486	-0.0009264534	-0.0009353569	-0.0009442556	-0.0009531459	-0.0009620238	-0.0009708857	-0.0009797276	-0.0009885455	-0.0009973352	-0.0010060927	-0.0010148135	-0.0010234935	-0.0010321281	-0.0010407129	-0.0010492434	-0.0010577148	-0.0010661226	-0.0010744618	-0.0010827276	-0.0010909152	-0.0010990196	-0.0011070357	-0.0011149585	-0.0011227830	-0.0011305040	-0.0011381164	-0.0011456152	-0.0011529949	-0.0011602506	-0.0011673769	-0.0011743687	-0.0011812206	-0.0011879275	-0.0011944843	-0.0012008858	-0.0012071272	-0.0012132031	-0.0012191086	-0.0012248386	-0.0012303882	-0.0012357524	-0.0012409266	-0.0012459063	-0.0012506868	-0.0012552638	-0.0012596329	-0.0012637898	-0.0012677302	-0.0012714501	-0.0012749457	-0.0012782134	-0.0012812497	-0.0012840513	-0.0012866149	-0.0012889374	-0.0012910157	-0.0012928473	-0.0012944298	-0.0012957609	-0.0012968386	-0.0012976611	-0.0012982266	-0.0012985335	-0.0012985807	-0.0012983672	-0.0012978922	-0.0012971554	-0.0012961564	-0.0012948949	-0.0012933713	-0.0012915857	-0.0012895391	-0.0012872321	-0.0012846659	-0.0012818418	-0.0012787614	-0.0012754265	-0.0012718391	-0.0012680014	-0.0012639160	-0.0012595854	-0.0012550126	-0.0012502007	-0.0012451530	-0.0012398731	-0.0012343646	-0.0012286314	-0.0012226775	-0.0012165072	-0.0012101248	-0.0012035349	-0.0011967424	-0.0011897522	-0.0011825691	-0.0011751983	-0.0011676449	-0.0011599143	-0.0011520119	-0.0011439434	-0.0011357145	-0.0011273310	-0.0011187984	-0.0011101227	-0.0011013097	-0.0010923653	-0.0010832954	-0.0010741060	-0.0010648032	-0.0010553932	-0.0010458819	-0.0010362752	-0.0010265792	-0.0010167998	-0.0010069430	-0.0009970145	-0.0009870203	-0.0009769662	-0.0009668579	-0.0009567012	-0.0009465016	-0.0009362648	-0.0009259962	-0.0009157011	-0.0009053849	-0.0008950526	-0.0008847095	-0.0008743605	-0.0008640105	-0.0008536644	-0.0008433268	-0.0008330025	-0.0008226956	-0.0008124108	-0.0008021520	-0.0007919235	-0.0007817293	-0.0007715731	-0.0007614588	-0.0007513900	-0.0007413702	-0.0007314028	-0.0007214910	-0.0007116380	-0.0007018467	-0.0006921200	-0.0006824608	-0.0006728717	-0.0006633553	-0.0006539139	-0.0006445497	-0.0006352649	-0.0006260618	-0.0006169433	-0.0006079130	-0.0005989719	-0.0005901111	-0.0005813059	-0.0005725365	-0.0005638727	-0.0005555952	-0.0005481558	-0.0005418006	-0.0005362689	-0.0005310962	-0.0005260007	-0.0005209172	-0.0005158660	-0.0005108699	-0.0005059372	-0.0005010680	-0.0004962608	-0.0004915139	-0.0004868267	-0.0004821985	-0.0004776287	-0.0004731167	-0.0004686618	-0.0004642634	-0.0004599209	-0.0004556335	-0.0004514007	-0.0004472216	-0.0004430957	-0.0004390222	-0.0004350006	-0.0004310300	-0.0004271099	-0.0004232395	-0.0004194182	-0.0004156458	-0.0004119221	-0.0004082466	-0.0004046153	-0.0004010173
-0.0006572048	-0.0006573542	-0.0006575212	-0.0006577174	-0.0006579463	-0.0006582080	-0.0006585018	-0.0006588274	-0.0006591849	-0.0006595743	-0.0006599959	-0.0006604496	-0.0006609356	-0.0006614541	-0.0006620053	-0.0006625891	-0.0006632059	-0.0006638558	-0.0006645390	-0.0006652557	-0.0006660061	-0.0006667905	-0.0006676090	-0.0006684616	-0.0006693489	-0.0006702720	-0.0006712338	-0.0006722366	-0.0006732742	-0.0006743138	-0.0006752929	-0.0006762059	-0.0006773553	-0.0006795821	-0.0006838813	-0.0006903782	-0.0006981953	-0.0007064167	-0.0007146257	-0.0007227770	-0.0007309328	-0.0007391368	-0.0007474005	-0.0007557207	-0.0007640924	-0.0007725123	-0.0007809782	-0.0007894884	-0.0007980409	-0.0008066337	-0.0008152645	-0.0008239311	-0.0008326311	-0.0008413620	-0.0008501213	-0.0008589065	-0.0008677146	-0.0008765430	-0.0008853886	-0.0008942484	-0.0009031194	-0.0009119983	-0.0009208820	-0.0009297670	-0.0009386500	-0.0009475272	-0.0009563951	-0.0009652499	-0.0009740878	-0.0009829049	-0.0009916971	-0.0010004604	-0.0010091905	-0.0010178833	-0.0010265344	-0.0010351394	-0.0010436938	-0.0010521932	-0.0010606329	-0.0010690081	-0.0010773141	-0.0010855462	-0.0010936994	-0.0011017687	-0.0011097492	-0.0011176360	-0.0011254239	-0.0011331079	-0.0011406830	-0.0011481440	-0.0011554857	-0.0011627030	-0.0011697906	-0.0011767433	-0.0011835560	-0.0011902237	-0.0011967412	-0.0012031034	-0.0012093053	-0.0012153420	-0.0012212084	-0.0012268995	-0.0012324102	-0.0012377359	-0.0012428719	-0.0012478136	-0.0012525567	-0.0012570967	-0.0012614294	-0.0012655503	-0.0012694553	-0.0012731404	-0.0012766019	-0.0012798364	-0.0012828403	-0.0012856103	-0.0012881432	-0.0012904359	-0.0012924854	-0.0012942891	-0.0012958448	-0.0012971502	-0.0012982033	-0.0012990023	-0.0012995454	-0.0012998311	-0.0012998583	-0.0012996261	-0.0012991338	-0.0012983808	-0.0012973669	-0.0012960920	-0.0012945562	-0.0012927598	-0.0012907035	-0.0012883884	-0.0012858153	-0.0012829858	-0.0012799012	-0.0012765635	-0.0012729746	-0.0012691368	-0.0012650525	-0.0012607243	-0.0012561552	-0.0012513481	-0.0012463065	-0.0012410338	-0.0012355338	-0.0012298103	-0.0012238671	-0.0012177086	-0.0012113390	-0.0012047630	-0.0011979853	-0.0011910107	-0.0011838442	-0.0011764909	-0.0011689558	-0.0011612442	-0.0011533616	-0.0011453135	-0.0011371056	-0.0011287436	-0.0011202332	-0.0011115801	-0.0011027902	-0.0010938692	-0.0010848230	-0.0010756576	-0.0010663791	-0.0010569936	-0.0010475068	-0.0010379249	-0.0010282537	-0.0010184992	-0.0010086672	-0.0009987636	-0.0009887940	-0.0009787643	-0.0009686802	-0.0009585475	-0.0009483717	-0.0009381584	-0.0009279130	-0.0009176408	-0.0009073470	-0.0008970368	-0.0008867153	-0.0008763875	-0.0008660582	-0.0008557323	-0.0008454144	-0.0008351091	-0.0008248208	-0.0008145539	-0.0008043125	-0.0007941008	-0.0007839227	-0.0007737822	-0.0007636829	-0.0007536284	-0.0007436224	-0.0007336680	-0.0007237686	-0.0007139273	-0.0007041471	-0.0006944310	-0.0006847816	-0.0006752018	-0.0006656939	-0.0006562604	-0.0006469034	-0.0006376253	-0.0006284290	-0.0006193179	-0.0006102946	-0.0006013540	-0.0005924759	-0.0005836337	-0.0005748567	-0.0005663513	-0.0005585400	-0.0005517899	-0.0005460023	-0.0005407189	-0.0005355756	-0.0005304484	-0.0005253427	-0.0005202853	-0.0005152891	-0.0005103563	-0.0005054854	-0.0005006748	-0.0004959236	-0.0004912311	-0.0004865968	-0.0004820202	-0.0004775007	-0.0004730376	-0.0004686303	-0.0004642782	-0.0004599807	-0.0004557370	-0.0004515466	-0.0004474089	-0.0004433231	-0.0004392886	-0.0004353048	-0.0004313710	-0.0004274865	-0.0004236508	-0.0004198635	-0.0004161247	-0.0004124337	-0.0004087866	-0.0004051727
-0.0006652939	-0.0006654351	-0.0006655942	-0.0006657826	-0.0006660041	-0.0006662585	-0.0006665454	-0.0006668643	-0.0006672152	-0.0006675984	-0.0006680139	-0.0006684617	-0.0006689422	-0.0006694552	-0.0006700011	-0.0006705799	-0.0006711919	-0.0006718371	-0.0006725158	-0.0006732282	-0.0006739745	-0.0006747549	-0.0006755697	-0.0006764189	-0.0006773027	-0.0006782217	-0.0006791776	-0.0006801736	-0.0006812108	-0.0006822763	-0.0006833249	-0.0006842949	-0.0006852463	-0.0006866508	-0.0006894811	-0.0006945348	-0.0007015664	-0.0007096101	-0.0007178875	-0.0007261154	-0.0007342985	-0.0007424995	-0.0007507524	-0.0007590630	-0.0007674267	-0.0007758388	-0.0007842963	-0.0007927971	-0.0008013394	-0.0008099211	-0.0008185401	-0.0008271940	-0.0008358805	-0.0008445971	-0.0008533412	-0.0008621103	-0.0008709015	-0.0008797122	-0.0008885392	-0.0008973797	-0.0009062304	-0.0009150881	-0.0009239497	-0.0009328118	-0.0009416709	-0.0009505234	-0.0009593658	-0.0009681943	-0.0009770050	-0.0009857941	-0.0009945574	-0.0010032911	-0.0010119908	-0.0010206524	-0.0010292715	-0.0010378438	-0.0010463648	-0.0010548299	-0.0010632348	-0.0010715745	-0.0010798444	-0.0010880397	-0.0010961555	-0.0011041870	-0.0011121290	-0.0011199769	-0.0011277255	-0.0011353699	-0.0011429049	-0.0011503255	-0.0011576265	-0.0011648028	-0.0011718492	-0.0011787605	-0.0011855316	-0.0011921576	-0.0011986334	-0.0012049541	-0.0012111146	-0.0012171099	-0.0012229349	-0.0012285849	-0.0012340549	-0.0012393402	-0.0012444361	-0.0012493383	-0.0012540423	-0.0012585437	-0.0012628383	-0.0012669217	-0.0012707899	-0.0012744390	-0.0012778654	-0.0012810655	-0.0012840358	-0.0012867732	-0.0012892745	-0.0012915364	-0.0012935563	-0.0012953315	-0.0012968598	-0.0012981390	-0.0012991671	-0.0012999423	-0.0013004628	-0.0013007273	-0.0013007345	-0.0013004837	-0.0012999740	-0.0012992052	-0.0012981767	-0.0012968886	-0.0012953410	-0.0012935343	-0.0012914692	-0.0012891466	-0.0012865676	-0.0012837334	-0.0012806457	-0.0012773062	-0.0012737169	-0.0012698801	-0.0012657982	-0.0012614739	-0.0012569098	-0.0012521092	-0.0012470753	-0.0012418117	-0.0012363220	-0.0012306099	-0.0012246794	-0.0012185347	-0.0012121800	-0.0012056200	-0.0011988593	-0.0011919027	-0.0011847553	-0.0011774218	-0.0011699075	-0.0011622176	-0.0011543573	-0.0011463323	-0.0011381481	-0.0011298104	-0.0011213249	-0.0011126973	-0.0011039332	-0.0010950386	-0.0010860192	-0.0010768810	-0.0010676299	-0.0010582719	-0.0010488129	-0.0010392590	-0.0010296159	-0.0010198895	-0.0010100856	-0.0010002099	-0.0009902683	-0.0009802664	-0.0009702100	-0.0009601047	-0.0009499562	-0.0009397698	-0.0009295510	-0.0009193051	-0.0009090373	-0.0008987527	-0.0008884564	-0.0008781532	-0.0008678482	-0.0008575460	-0.0008472512	-0.0008369685	-0.0008267023	-0.0008164568	-0.0008062363	-0.0007960449	-0.0007858866	-0.0007757651	-0.0007656843	-0.0007556476	-0.0007456587	-0.0007357209	-0.0007258373	-0.0007160112	-0.0007062455	-0.0006965432	-0.0006869071	-0.0006773398	-0.0006678437	-0.0006584213	-0.0006490749	-0.0006398072	-0.0006306217	-0.0006215218	-0.0006125053	-0.0006035564	-0.0005946471	-0.0005857814	-0.0005771035	-0.0005689812	-0.0005618402	-0.0005557479	-0.0005503180	-0.0005451192	-0.0005399535	-0.0005347996	-0.0005296850	-0.0005246283	-0.0005196343	-0.0005147022	-0.0005098302	-0.0005050172	-0.0005002627	-0.0004955661	-0.0004909269	-0.0004863446	-0.0004818186	-0.0004773483	-0.0004729332	-0.0004685726	-0.0004642659	-0.0004600125	-0.0004558118	-0.0004516632	-0.0004475661	-0.0004435198	-0.0004395237	-0.0004355771	-0.0004316795	-0.0004278302	-0.0004240290	-0.0004202759	-0.0004165702	-0.0004129083	-0.0004092792
-0.0006733368	-0.0006734694	-0.0006736201	-0.0006738004	-0.0006740139	-0.0006742607	-0.0006745401	-0.0006748518	-0.0006751957	-0.0006755721	-0.0006759810	-0.0006764225	-0.0006768967	-0.0006774037	-0.0006779438	-0.0006785170	-0.0006791234	-0.0006797634	-0.0006804370	-0.0006811444	-0.0006818859	-0.0006826617	-0.0006834720	-0.0006843170	-0.0006851968	-0.0006861116	-0.0006870623	-0.0006880511	-0.0006890812	-0.0006901511	-0.0006912393	-0.0006922900	-0.0006932577	-0.0006942998	-0.0006960508	-0.0006995125	-0.0007052343	-0.0007126886	-0.0007208924	-0.0007292056	-0.0007374507	-0.0007456650	-0.0007539075	-0.0007622035	-0.0007705546	-0.0007789554	-0.0007874015	-0.0007958901	-0.0008044192	-0.0008129869	-0.0008215909	-0.0008302292	-0.0008388991	-0.0008475982	-0.0008563241	-0.0008650740	-0.0008738453	-0.0008826351	-0.0008914404	-0.0009002583	-0.0009090856	-0.0009179191	-0.0009267555	-0.0009355915	-0.0009444237	-0.0009532484	-0.0009620622	-0.0009708612	-0.0009796416	-0.0009883996	-0.0009971310	-0.0010058320	-0.0010144982	-0.0010231256	-0.0010317097	-0.0010402463	-0.0010487309	-0.0010571590	-0.0010655260	-0.0010738273	-0.0010820582	-0.0010902139	-0.0010982895	-0.0011062803	-0.0011141812	-0.0011219875	-0.0011296941	-0.0011372961	-0.0011447885	-0.0011521661	-0.0011594239	-0.0011665567	-0.0011735594	-0.0011804270	-0.0011871543	-0.0011937365	-0.0012001685	-0.0012064454	-0.0012125623	-0.0012185141	-0.0012242959	-0.0012299028	-0.0012353301	-0.0012405731	-0.0012456274	-0.0012504884	-0.0012551517	-0.0012596131	-0.0012638681	-0.0012679127	-0.0012717427	-0.0012753546	-0.0012787445	-0.0012819092	-0.0012848451	-0.0012875490	-0.0012900176	-0.0012922481	-0.0012942376	-0.0012959837	-0.0012974840	-0.0012987365	-0.0012997392	-0.0013004903	-0.0013009881	-0.0013012311	-0.0013012184	-0.0013009489	-0.0013004221	-0.0012996376	-0.0012985949	-0.0012972940	-0.0012957351	-0.0012939187	-0.0012918453	-0.0012895160	-0.0012869317	-0.0012840938	-0.0012810039	-0.0012776637	-0.0012740752	-0.0012702407	-0.0012661625	-0.0012618433	-0.0012572859	-0.0012524932	-0.0012474687	-0.0012422157	-0.0012367380	-0.0012310392	-0.0012251232	-0.0012189943	-0.0012126566	-0.0012061147	-0.0011993732	-0.0011924369	-0.0011853107	-0.0011779995	-0.0011705084	-0.0011628425	-0.0011550071	-0.0011470077	-0.0011388498	-0.0011305391	-0.0011220812	-0.0011134817	-0.0011047465	-0.0010958811	-0.0010868914	-0.0010777833	-0.0010685625	-0.0010592352	-0.0010498071	-0.0010402842	-0.0010306722	-0.0010209770	-0.0010112044	-0.0010013599	-0.0009914495	-0.0009814787	-0.0009714533	-0.0009613788	-0.0009512608	-0.0009411047	-0.0009309159	-0.0009206997	-0.0009104612	-0.0009002055	-0.0008899377	-0.0008796627	-0.0008693853	-0.0008591102	-0.0008488420	-0.0008385853	-0.0008283446	-0.0008181240	-0.0008079278	-0.0007977602	-0.0007876249	-0.0007775259	-0.0007674669	-0.0007574515	-0.0007474831	-0.0007375650	-0.0007277006	-0.0007178930	-0.0007081451	-0.0006984600	-0.0006888404	-0.0006792888	-0.0006698078	-0.0006603997	-0.0006510673	-0.0006418140	-0.0006326436	-0.0006235561	-0.0006145397	-0.0006055675	-0.0005966269	-0.0005878127	-0.0005794340	-0.0005719345	-0.0005655180	-0.0005599019	-0.0005546291	-0.0005494261	-0.0005442303	-0.0005390636	-0.0005339497	-0.0005288972	-0.0005239063	-0.0005189754	-0.0005141031	-0.0005092888	-0.0005045321	-0.0004998325	-0.0004951895	-0.0004906025	-0.0004860711	-0.0004815947	-0.0004771727	-0.0004728046	-0.0004684898	-0.0004642276	-0.0004600176	-0.0004558591	-0.0004517516	-0.0004476944	-0.0004436869	-0.0004397286	-0.0004358187	-0.0004319567	-0.0004281425	-0.0004243760	-0.0004206566	-0.0004169805	-0.0004133373
-0.0006813332	-0.0006814569	-0.0006815987	-0.0006817703	-0.0006819755	-0.0006822141	-0.0006824856	-0.0006827896	-0.0006831260	-0.0006834950	-0.0006838968	-0.0006843313	-0.0006847988	-0.0006852992	-0.0006858329	-0.0006863998	-0.0006870003	-0.0006876343	-0.0006883022	-0.0006890040	-0.0006897401	-0.0006905106	-0.0006913157	-0.0006921557	-0.0006930307	-0.0006939408	-0.0006948864	-0.0006958686	-0.0006968902	-0.0006979540	-0.0006990548	-0.0007001611	-0.0007012104	-0.0007021881	-0.0007033623	-0.0007055117	-0.0007096211	-0.0007159411	-0.0007237243	-0.0007320315	-0.0007403628	-0.0007486230	-0.0007568670	-0.0007651468	-0.0007734800	-0.0007818650	-0.0007902963	-0.0007987699	-0.0008072830	-0.0008158338	-0.0008244200	-0.0008330395	-0.0008416899	-0.0008503687	-0.0008590733	-0.0008678011	-0.0008765493	-0.0008853152	-0.0008940958	-0.0009028881	-0.0009116890	-0.0009204952	-0.0009293034	-0.0009381103	-0.0009469125	-0.0009557065	-0.0009644886	-0.0009732551	-0.0009820022	-0.0009907260	-0.0009994226	-0.0010080879	-0.0010167177	-0.0010253079	-0.0010338542	-0.0010423522	-0.0010507975	-0.0010591857	-0.0010675121	-0.0010757722	-0.0010839612	-0.0010920745	-0.0011001073	-0.0011080547	-0.0011159119	-0.0011236740	-0.0011313361	-0.0011388932	-0.0011463403	-0.0011536725	-0.0011608846	-0.0011679716	-0.0011749283	-0.0011817499	-0.0011884313	-0.0011949675	-0.0012013537	-0.0012075848	-0.0012136560	-0.0012195623	-0.0012252990	-0.0012308611	-0.0012362440	-0.0012414431	-0.0012464539	-0.0012512720	-0.0012558932	-0.0012603130	-0.0012645272	-0.0012685317	-0.0012723224	-0.0012758958	-0.0012792483	-0.0012823764	-0.0012852768	-0.0012879463	-0.0012903816	-0.0012925799	-0.0012945385	-0.0012962549	-0.0012977268	-0.0012989522	-0.0012999292	-0.0013006559	-0.0013011307	-0.0013013522	-0.0013013194	-0.0013010314	-0.0013004876	-0.0012996876	-0.0012986310	-0.0012973177	-0.0012957481	-0.0012939224	-0.0012918415	-0.0012895061	-0.0012869174	-0.0012840767	-0.0012809855	-0.0012776456	-0.0012740590	-0.0012702279	-0.0012661546	-0.0012618419	-0.0012572924	-0.0012525092	-0.0012474956	-0.0012422550	-0.0012367909	-0.0012311072	-0.0012252077	-0.0012190964	-0.0012127777	-0.0012062559	-0.0011995357	-0.0011926218	-0.0011855190	-0.0011782323	-0.0011707666	-0.0011631271	-0.0011553190	-0.0011473477	-0.0011392186	-0.0011309375	-0.0011225098	-0.0011139413	-0.0011052375	-0.0010964042	-0.0010874470	-0.0010783718	-0.0010691844	-0.0010598906	-0.0010504963	-0.0010410073	-0.0010314295	-0.0010217685	-0.0010120301	-0.0010022200	-0.0009923439	-0.0009824074	-0.0009724162	-0.0009623757	-0.0009522914	-0.0009421689	-0.0009320133	-0.0009218300	-0.0009116241	-0.0009014007	-0.0008911647	-0.0008809211	-0.0008706746	-0.0008604299	-0.0008501916	-0.0008399643	-0.0008297523	-0.0008195600	-0.0008093915	-0.0007992508	-0.0007891420	-0.0007790688	-0.0007690349	-0.0007590439	-0.0007490992	-0.0007392043	-0.0007293623	-0.0007195764	-0.0007098496	-0.0007001849	-0.0006905848	-0.0006810521	-0.0006715892	-0.0006621988	-0.0006528842	-0.0006436496	-0.0006344965	-0.0006254169	-0.0006163865	-0.0006073827	-0.0005984603	-0.0005898683	-0.0005820432	-0.0005752951	-0.0005694680	-0.0005641046	-0.0005588622	-0.0005536294	-0.0005484156	-0.0005432481	-0.0005381400	-0.0005330930	-0.0005281057	-0.0005231766	-0.0005183050	-0.0005134905	-0.0005087327	-0.0005040310	-0.0004993852	-0.0004947946	-0.0004902588	-0.0004857773	-0.0004813495	-0.0004769748	-0.0004726528	-0.0004683829	-0.0004641646	-0.0004599972	-0.0004558802	-0.0004518130	-0.0004477951	-0.0004438258	-0.0004399045	-0.0004360308	-0.0004322044	-0.0004284253	-0.0004246930	-0.0004210037	-0.0004173470
-0.0006892828	-0.0006893970	-0.0006895296	-0.0006896922	-0.0006898885	-0.0006901185	-0.0006903815	-0.0006906773	-0.0006910057	-0.0006913668	-0.0006917609	-0.0006921879	-0.0006926481	-0.0006931414	-0.0006936681	-0.0006942282	-0.0006948220	-0.0006954495	-0.0006961110	-0.0006968067	-0.0006975367	-0.0006983012	-0.0006991004	-0.0006999346	-0.0007008040	-0.0007017087	-0.0007026489	-0.0007036250	-0.0007046385	-0.0007056928	-0.0007067898	-0.0007079187	-0.0007090373	-0.0007100809	-0.0007110834	-0.0007124465	-0.0007150701	-0.0007198125	-0.0007266293	-0.0007346425	-0.0007430078	-0.0007513478	-0.0007596233	-0.0007678953	-0.0007762076	-0.0007845715	-0.0007929840	-0.0008014393	-0.0008099337	-0.0008184647	-0.0008270303	-0.0008356282	-0.0008442561	-0.0008529116	-0.0008615921	-0.0008702949	-0.0008790172	-0.0008877562	-0.0008965091	-0.0009052729	-0.0009140443	-0.0009228202	-0.0009315974	-0.0009403723	-0.0009491417	-0.0009579019	-0.0009666494	-0.0009753805	-0.0009840914	-0.0009927782	-0.0010014370	-0.0010100637	-0.0010186543	-0.0010272045	-0.0010357100	-0.0010441667	-0.0010525700	-0.0010609154	-0.0010691986	-0.0010774147	-0.0010855593	-0.0010936276	-0.0011016149	-0.0011095164	-0.0011173272	-0.0011250426	-0.0011326577	-0.0011401676	-0.0011475672	-0.0011548515	-0.0011620156	-0.0011690544	-0.0011759630	-0.0011827364	-0.0011893697	-0.0011958579	-0.0012021962	-0.0012083797	-0.0012144034	-0.0012202625	-0.0012259520	-0.0012314675	-0.0012368043	-0.0012419579	-0.0012469238	-0.0012516977	-0.0012562752	-0.0012606520	-0.0012648240	-0.0012687871	-0.0012725374	-0.0012760714	-0.0012793855	-0.0012824762	-0.0012853402	-0.0012879744	-0.0012903757	-0.0012925411	-0.0012944680	-0.0012961542	-0.0012975973	-0.0012987953	-0.0012997462	-0.0013004483	-0.0013009000	-0.0013010999	-0.0013010471	-0.0013007407	-0.0013001801	-0.0012993648	-0.0012982946	-0.0012969694	-0.0012953894	-0.0012935551	-0.0012914671	-0.0012891264	-0.0012865340	-0.0012836913	-0.0012805998	-0.0012772612	-0.0012736775	-0.0012698510	-0.0012657840	-0.0012614790	-0.0012569389	-0.0012521666	-0.0012471654	-0.0012419387	-0.0012364900	-0.0012308230	-0.0012249417	-0.0012188500	-0.0012125520	-0.0012060523	-0.0011993553	-0.0011924658	-0.0011853886	-0.0011781285	-0.0011706905	-0.0011630796	-0.0011553012	-0.0011473603	-0.0011392626	-0.0011310136	-0.0011226187	-0.0011140836	-0.0011054140	-0.0010966153	-0.0010876934	-0.0010786539	-0.0010695025	-0.0010602450	-0.0010508873	-0.0010414352	-0.0010318944	-0.0010222705	-0.0010125694	-0.0010027967	-0.0009929580	-0.0009830588	-0.0009731048	-0.0009631014	-0.0009530540	-0.0009429680	-0.0009328488	-0.0009227016	-0.0009125315	-0.0009023435	-0.0008921425	-0.0008819334	-0.0008717211	-0.0008615100	-0.0008513049	-0.0008411102	-0.0008309302	-0.0008207693	-0.0008106317	-0.0008005212	-0.0007904420	-0.0007803978	-0.0007703922	-0.0007604288	-0.0007505111	-0.0007406424	-0.0007308260	-0.0007210650	-0.0007113624	-0.0007017211	-0.0006921438	-0.0006826329	-0.0006731913	-0.0006638223	-0.0006545299	-0.0006453169	-0.0006361783	-0.0006270934	-0.0006180354	-0.0006090308	-0.0006002715	-0.0005921601	-0.0005850829	-0.0005790152	-0.0005735405	-0.0005682559	-0.0005629911	-0.0005577357	-0.0005525186	-0.0005473578	-0.0005422574	-0.0005372164	-0.0005322331	-0.0005273068	-0.0005224369	-0.0005176232	-0.0005128652	-0.0005081626	-0.0005035149	-0.0004989217	-0.0004943825	-0.0004898968	-0.0004854641	-0.0004810839	-0.0004767557	-0.0004724790	-0.0004682532	-0.0004640778	-0.0004599522	-0.0004558760	-0.0004518485	-0.0004478691	-0.0004439374	-0.0004400528	-0.0004362150	-0.0004324242	-0.0004286797	-0.0004249780	-0.0004213088
-0.0006971853	-0.0006972896	-0.0006974124	-0.0006975655	-0.0006977525	-0.0006979734	-0.0006982275	-0.0006985145	-0.0006988343	-0.0006991871	-0.0006995730	-0.0006999920	-0.0007004442	-0.0007009299	-0.0007014490	-0.0007020017	-0.0007025883	-0.0007032087	-0.0007038632	-0.0007045520	-0.0007052752	-0.0007060331	-0.0007068258	-0.0007076535	-0.0007085166	-0.0007094151	-0.0007103491	-0.0007113190	-0.0007123252	-0.0007133700	-0.0007144568	-0.0007155855	-0.0007167384	-0.0007178628	-0.0007189029	-0.0007199657	-0.0007215867	-0.0007247141	-0.0007300304	-0.0007372356	-0.0007454074	-0.0007538071	-0.0007621534	-0.0007704443	-0.0007787410	-0.0007870799	-0.0007954682	-0.0008039013	-0.0008123740	-0.0008208827	-0.0008294249	-0.0008379985	-0.0008466011	-0.0008552305	-0.0008638840	-0.0008725588	-0.0008812524	-0.0008899618	-0.0008986841	-0.0009074164	-0.0009161555	-0.0009248983	-0.0009336415	-0.0009423816	-0.0009511153	-0.0009598390	-0.0009685491	-0.0009772419	-0.0009859138	-0.0009945608	-0.0010031791	-0.0010117645	-0.0010203130	-0.0010288205	-0.0010372826	-0.0010456952	-0.0010540538	-0.0010623539	-0.0010705911	-0.0010787608	-0.0010868583	-0.0010948790	-0.0011028183	-0.0011106714	-0.0011184336	-0.0011260999	-0.0011336657	-0.0011411258	-0.0011484756	-0.0011557099	-0.0011628237	-0.0011698123	-0.0011766706	-0.0011833938	-0.0011899770	-0.0011964153	-0.0012027037	-0.0012088376	-0.0012148120	-0.0012206221	-0.0012262631	-0.0012317304	-0.0012370195	-0.0012421259	-0.0012470454	-0.0012517736	-0.0012563061	-0.0012606387	-0.0012647672	-0.0012686878	-0.0012723966	-0.0012758900	-0.0012791647	-0.0012822171	-0.0012850441	-0.0012876423	-0.0012900088	-0.0012921408	-0.0012940357	-0.0012956911	-0.0012971050	-0.0012982751	-0.0012991997	-0.0012998770	-0.0013003055	-0.0013004838	-0.0013004110	-0.0013000863	-0.0012995090	-0.0012986787	-0.0012975952	-0.0012962584	-0.0012946686	-0.0012928262	-0.0012907319	-0.0012883865	-0.0012857913	-0.0012829474	-0.0012798565	-0.0012765202	-0.0012729405	-0.0012691197	-0.0012650601	-0.0012607642	-0.0012562348	-0.0012514748	-0.0012464874	-0.0012412761	-0.0012358443	-0.0012301957	-0.0012243342	-0.0012182637	-0.0012119884	-0.0012055126	-0.0011988408	-0.0011919777	-0.0011849280	-0.0011776966	-0.0011702884	-0.0011627085	-0.0011549619	-0.0011470539	-0.0011389899	-0.0011307753	-0.0011224157	-0.0011139166	-0.0011052836	-0.0010965222	-0.0010876380	-0.0010786368	-0.0010695241	-0.0010603057	-0.0010509874	-0.0010415748	-0.0010320738	-0.0010224900	-0.0010128290	-0.0010030965	-0.0009932981	-0.0009834392	-0.0009735254	-0.0009635620	-0.0009535545	-0.0009435082	-0.0009334284	-0.0009233203	-0.0009131890	-0.0009030394	-0.0008928765	-0.0008827051	-0.0008725300	-0.0008623557	-0.0008521868	-0.0008420278	-0.0008318830	-0.0008217567	-0.0008116530	-0.0008015759	-0.0007915294	-0.0007815172	-0.0007715430	-0.0007616103	-0.0007517226	-0.0007418833	-0.0007320955	-0.0007223625	-0.0007126872	-0.0007030722	-0.0006935205	-0.0006840346	-0.0006746179	-0.0006652745	-0.0006560078	-0.0006468150	-0.0006376790	-0.0006285719	-0.0006195016	-0.0006106144	-0.0006022687	-0.0005948826	-0.0005885547	-0.0005829401	-0.0005776026	-0.0005723090	-0.0005670179	-0.0005617559	-0.0005565458	-0.0005513949	-0.0005463028	-0.0005412681	-0.0005362896	-0.0005313669	-0.0005264997	-0.0005216877	-0.0005169306	-0.0005122280	-0.0005075795	-0.0005029846	-0.0004984429	-0.0004939540	-0.0004895173	-0.0004851325	-0.0004807990	-0.0004765164	-0.0004722840	-0.0004681015	-0.0004639683	-0.0004598838	-0.0004558476	-0.0004518591	-0.0004479177	-0.0004440230	-0.0004401747	-0.0004363730	-0.0004326172	-0.0004289038	-0.0004252228
-0.0007050403	-0.0007051343	-0.0007052469	-0.0007053900	-0.0007055672	-0.0007057785	-0.0007060232	-0.0007063009	-0.0007066117	-0.0007069556	-0.0007073327	-0.0007077431	-0.0007081870	-0.0007086643	-0.0007091753	-0.0007097201	-0.0007102988	-0.0007109115	-0.0007115584	-0.0007122397	-0.0007129555	-0.0007137061	-0.0007144915	-0.0007153121	-0.0007161680	-0.0007170595	-0.0007179867	-0.0007189498	-0.0007199489	-0.0007209850	-0.0007220606	-0.0007231792	-0.0007243379	-0.0007255108	-0.0007266385	-0.0007276857	-0.0007288406	-0.0007307530	-0.0007343773	-0.0007401970	-0.0007477142	-0.0007560022	-0.0007644230	-0.0007727739	-0.0007810779	-0.0007893947	-0.0007977541	-0.0008061600	-0.0008146072	-0.0008230907	-0.0008316069	-0.0008401535	-0.0008487282	-0.0008573287	-0.0008659524	-0.0008745966	-0.0008832586	-0.0008919356	-0.0009006246	-0.0009093227	-0.0009180268	-0.0009267336	-0.0009354400	-0.0009441426	-0.0009528378	-0.0009615223	-0.0009701923	-0.0009788442	-0.0009874743	-0.0009960788	-0.0010046538	-0.0010131952	-0.0010216991	-0.0010301612	-0.0010385773	-0.0010469432	-0.0010552545	-0.0010635067	-0.0010716954	-0.0010798161	-0.0010878642	-0.0010958350	-0.0011037239	-0.0011115263	-0.0011192373	-0.0011268523	-0.0011343664	-0.0011417748	-0.0011490724	-0.0011562544	-0.0011633160	-0.0011702523	-0.0011770583	-0.0011837293	-0.0011902604	-0.0011966469	-0.0012028838	-0.0012089664	-0.0012148897	-0.0012206490	-0.0012262398	-0.0012316575	-0.0012368975	-0.0012419555	-0.0012468271	-0.0012515082	-0.0012559943	-0.0012602814	-0.0012643654	-0.0012682424	-0.0012719087	-0.0012753607	-0.0012785950	-0.0012816083	-0.0012843973	-0.0012869589	-0.0012892900	-0.0012913880	-0.0012932504	-0.0012948748	-0.0012962590	-0.0012974012	-0.0012982993	-0.0012989517	-0.0012993568	-0.0012995135	-0.0012994208	-0.0012990779	-0.0012984841	-0.0012976391	-0.0012965427	-0.0012951948	-0.0012935956	-0.0012917456	-0.0012896455	-0.0012872962	-0.0012846989	-0.0012818547	-0.0012787652	-0.0012754321	-0.0012718575	-0.0012680435	-0.0012639924	-0.0012597067	-0.0012551892	-0.0012504428	-0.0012454707	-0.0012402762	-0.0012348628	-0.0012292341	-0.0012233941	-0.0012173465	-0.0012110956	-0.0012046455	-0.0011980007	-0.0011911659	-0.0011841458	-0.0011769452	-0.0011695690	-0.0011620221	-0.0011543096	-0.0011464366	-0.0011384086	-0.0011302308	-0.0011219088	-0.0011134480	-0.0011048540	-0.0010961323	-0.0010872884	-0.0010783279	-0.0010692565	-0.0010600797	-0.0010508034	-0.0010414331	-0.0010319746	-0.0010224336	-0.0010128156	-0.0010031261	-0.0009933708	-0.0009835549	-0.0009736841	-0.0009637636	-0.0009537989	-0.0009437952	-0.0009337578	-0.0009236917	-0.0009136022	-0.0009034940	-0.0008933722	-0.0008832414	-0.0008731064	-0.0008629719	-0.0008528423	-0.0008427220	-0.0008326154	-0.0008225267	-0.0008124600	-0.0008024193	-0.0007924085	-0.0007824314	-0.0007724915	-0.0007625926	-0.0007527379	-0.0007429309	-0.0007331748	-0.0007234727	-0.0007138274	-0.0007042418	-0.0006947186	-0.0006852611	-0.0006758734	-0.0006665595	-0.0006573182	-0.0006481354	-0.0006389837	-0.0006298575	-0.0006208664	-0.0006123253	-0.0006046639	-0.0005980780	-0.0005923060	-0.0005869024	-0.0005815787	-0.0005762568	-0.0005709547	-0.0005656990	-0.0005605005	-0.0005553603	-0.0005502768	-0.0005452488	-0.0005402759	-0.0005353578	-0.0005304943	-0.0005256850	-0.0005209297	-0.0005162280	-0.0005115795	-0.0005069839	-0.0005024407	-0.0004979494	-0.0004935098	-0.0004891212	-0.0004847833	-0.0004804956	-0.0004762576	-0.0004720689	-0.0004679288	-0.0004638370	-0.0004597930	-0.0004557961	-0.0004518459	-0.0004479419	-0.0004440839	-0.0004402720	-0.0004365057	-0.0004327815	-0.0004290893
-0.0007128475	-0.0007129307	-0.0007130327	-0.0007131654	-0.0007133323	-0.0007135335	-0.0007137682	-0.0007140362	-0.0007143374	-0.0007146719	-0.0007150397	-0.0007154410	-0.0007158759	-0.0007163445	-0.0007168468	-0.0007173831	-0.0007179533	-0.0007185577	-0.0007191964	-0.0007198695	-0.0007205773	-0.0007213198	-0.0007220974	-0.0007229101	-0.0007237582	-0.0007246419	-0.0007255614	-0.0007265169	-0.0007275084	-0.0007285362	-0.0007296017	-0.0007307078	-0.0007318575	-0.0007330445	-0.0007342346	-0.0007353636	-0.0007364236	-0.0007376910	-0.0007399176	-0.0007440254	-0.0007502848	-0.0007580494	-0.0007664183	-0.0007748490	-0.0007832013	-0.0007915152	-0.0007998468	-0.0008082203	-0.0008166372	-0.0008250920	-0.0008335796	-0.0008420967	-0.0008506408	-0.0008592097	-0.0008678010	-0.0008764119	-0.0008850397	-0.0008936815	-0.0009023346	-0.0009109958	-0.0009196621	-0.0009283304	-0.0009369973	-0.0009456596	-0.0009543137	-0.0009629563	-0.0009715836	-0.0009801919	-0.0009887777	-0.0009973371	-0.0010058662	-0.0010143611	-0.0010228177	-0.0010312319	-0.0010395995	-0.0010479162	-0.0010561777	-0.0010643796	-0.0010725174	-0.0010805867	-0.0010885830	-0.0010965015	-0.0011043378	-0.0011120872	-0.0011197450	-0.0011273064	-0.0011347667	-0.0011421210	-0.0011493645	-0.0011564922	-0.0011634995	-0.0011703815	-0.0011771334	-0.0011837503	-0.0011902276	-0.0011965604	-0.0012027439	-0.0012087734	-0.0012146441	-0.0012203513	-0.0012258903	-0.0012312568	-0.0012364464	-0.0012414546	-0.0012462772	-0.0012509099	-0.0012553486	-0.0012595890	-0.0012636272	-0.0012674596	-0.0012710824	-0.0012744921	-0.0012776853	-0.0012806587	-0.0012834091	-0.0012859334	-0.0012882286	-0.0012902921	-0.0012921215	-0.0012937144	-0.0012950688	-0.0012961826	-0.0012970541	-0.0012976814	-0.0012980633	-0.0012981984	-0.0012980859	-0.0012977249	-0.0012971149	-0.0012962555	-0.0012951464	-0.0012937878	-0.0012921797	-0.0012903227	-0.0012882175	-0.0012858649	-0.0012832661	-0.0012804224	-0.0012773353	-0.0012740064	-0.0012704378	-0.0012666316	-0.0012625901	-0.0012583158	-0.0012538115	-0.0012490800	-0.0012441244	-0.0012389482	-0.0012335546	-0.0012279474	-0.0012221304	-0.0012161074	-0.0012098824	-0.0012034598	-0.0011968440	-0.0011900394	-0.0011830508	-0.0011758830	-0.0011685406	-0.0011610288	-0.0011533524	-0.0011455166	-0.0011375267	-0.0011293879	-0.0011211057	-0.0011126856	-0.0011041329	-0.0010954532	-0.0010866519	-0.0010777346	-0.0010687069	-0.0010595744	-0.0010503426	-0.0010410172	-0.0010316039	-0.0010221083	-0.0010125358	-0.0010028920	-0.0009931824	-0.0009834124	-0.0009735873	-0.0009637125	-0.0009537934	-0.0009438351	-0.0009338428	-0.0009238217	-0.0009137767	-0.0009037128	-0.0008936349	-0.0008835477	-0.0008734558	-0.0008633639	-0.0008532765	-0.0008431978	-0.0008331324	-0.0008230842	-0.0008130574	-0.0008030560	-0.0007930838	-0.0007831446	-0.0007732421	-0.0007633797	-0.0007535610	-0.0007437893	-0.0007340677	-0.0007243992	-0.0007147868	-0.0007052333	-0.0006957420	-0.0006863169	-0.0006769623	-0.0006676785	-0.0006584540	-0.0006492624	-0.0006400892	-0.0006310136	-0.0006223088	-0.0006144001	-0.0006075614	-0.0006016259	-0.0005961504	-0.0005907969	-0.0005854479	-0.0005801101	-0.0005748124	-0.0005695695	-0.0005643841	-0.0005592547	-0.0005541801	-0.0005491597	-0.0005441933	-0.0005392807	-0.0005344217	-0.0005296160	-0.0005248634	-0.0005201635	-0.0005155160	-0.0005109204	-0.0005063765	-0.0005018839	-0.0004974421	-0.0004930507	-0.0004887092	-0.0004844173	-0.0004801745	-0.0004759804	-0.0004718344	-0.0004677361	-0.0004636849	-0.0004596805	-0.0004557223	-0.0004518098	-0.0004479429	-0.0004441216	-0.0004403456	-0.0004366112	-0.0004329088
-0.0007206067	-0.0007206786	-0.0007207695	-0.0007208912	-0.0007210474	-0.0007212380	-0.0007214623	-0.0007217201	-0.0007220112	-0.0007223357	-0.0007226938	-0.0007230855	-0.0007235109	-0.0007239701	-0.0007244632	-0.0007249903	-0.0007255515	-0.0007261470	-0.0007267768	-0.0007274412	-0.0007281402	-0.0007288741	-0.0007296431	-0.0007304472	-0.0007312868	-0.0007321620	-0.0007330730	-0.0007340200	-0.0007350032	-0.0007360226	-0.0007370786	-0.0007381730	-0.0007393091	-0.0007404892	-0.0007417022	-0.0007429048	-0.0007440321	-0.0007451156	-0.0007465267	-0.0007490925	-0.0007536501	-0.0007602776	-0.0007682276	-0.0007766455	-0.0007850761	-0.0007934269	-0.0008017471	-0.0008100879	-0.0008184692	-0.0008268905	-0.0008353461	-0.0008438311	-0.0008523423	-0.0008608772	-0.0008694334	-0.0008780084	-0.0008865993	-0.0008952035	-0.0009038180	-0.0009124397	-0.0009210657	-0.0009296928	-0.0009383177	-0.0009469371	-0.0009555475	-0.0009641456	-0.0009727276	-0.0009812900	-0.0009898290	-0.0009983408	-0.0010068215	-0.0010152674	-0.0010236743	-0.0010320381	-0.0010403547	-0.0010486198	-0.0010568292	-0.0010649783	-0.0010730630	-0.0010810786	-0.0010890208	-0.0010968849	-0.0011046663	-0.0011123606	-0.0011199629	-0.0011274687	-0.0011348731	-0.0011421713	-0.0011493586	-0.0011564302	-0.0011633814	-0.0011702072	-0.0011769031	-0.0011834643	-0.0011898860	-0.0011961634	-0.0012022919	-0.0012082667	-0.0012140831	-0.0012197366	-0.0012252226	-0.0012305366	-0.0012356744	-0.0012406315	-0.0012454039	-0.0012499871	-0.0012543772	-0.0012585700	-0.0012625616	-0.0012663484	-0.0012699268	-0.0012732933	-0.0012764446	-0.0012793773	-0.0012820884	-0.0012845748	-0.0012868335	-0.0012888622	-0.0012906582	-0.0012922193	-0.0012935436	-0.0012946289	-0.0012954735	-0.0012960758	-0.0012964343	-0.0012965479	-0.0012964156	-0.0012960367	-0.0012954108	-0.0012945372	-0.0012934160	-0.0012920469	-0.0012904305	-0.0012885670	-0.0012864572	-0.0012841021	-0.0012815026	-0.0012786602	-0.0012755762	-0.0012722524	-0.0012686908	-0.0012648934	-0.0012608626	-0.0012566008	-0.0012521108	-0.0012473954	-0.0012424578	-0.0012373011	-0.0012319288	-0.0012263446	-0.0012205521	-0.0012145553	-0.0012083581	-0.0012019647	-0.0011953795	-0.0011886069	-0.0011816516	-0.0011745183	-0.0011672118	-0.0011597369	-0.0011520987	-0.0011443021	-0.0011363524	-0.0011282547	-0.0011200145	-0.0011116371	-0.0011031280	-0.0010944925	-0.0010857362	-0.0010768644	-0.0010678829	-0.0010587969	-0.0010496122	-0.0010403342	-0.0010309685	-0.0010215208	-0.0010119964	-0.0010024009	-0.0009927396	-0.0009830180	-0.0009732413	-0.0009634149	-0.0009535440	-0.0009436338	-0.0009336894	-0.0009237159	-0.0009137183	-0.0009037014	-0.0008936702	-0.0008836293	-0.0008735833	-0.0008635369	-0.0008534944	-0.0008434603	-0.0008334387	-0.0008234339	-0.0008134498	-0.0008034905	-0.0007935597	-0.0007836613	-0.0007737989	-0.0007639760	-0.0007541961	-0.0007444624	-0.0007347780	-0.0007251459	-0.0007155691	-0.0007060509	-0.0006965954	-0.0006872069	-0.0006778868	-0.0006686258	-0.0006593994	-0.0006501873	-0.0006410449	-0.0006322068	-0.0006240846	-0.0006170065	-0.0006108960	-0.0006053398	-0.0005999567	-0.0005945856	-0.0005892171	-0.0005838813	-0.0005785972	-0.0005733696	-0.0005681972	-0.0005630789	-0.0005580137	-0.0005530017	-0.0005480427	-0.0005431364	-0.0005382828	-0.0005334816	-0.0005287326	-0.0005240353	-0.0005193896	-0.0005147950	-0.0005102513	-0.0005057581	-0.0005013150	-0.0004969215	-0.0004925774	-0.0004882821	-0.0004840354	-0.0004798366	-0.0004756854	-0.0004715814	-0.0004675240	-0.0004635129	-0.0004595474	-0.0004556272	-0.0004517521	-0.0004479223	-0.0004441372	-0.0004403935	-0.0004366814
-0.0007283174	-0.0007283776	-0.0007284570	-0.0007285673	-0.0007287122	-0.0007288918	-0.0007291052	-0.0007293523	-0.0007296328	-0.0007299469	-0.0007302947	-0.0007306763	-0.0007310916	-0.0007315409	-0.0007320242	-0.0007325416	-0.0007330932	-0.0007336791	-0.0007342994	-0.0007349544	-0.0007356441	-0.0007363687	-0.0007371284	-0.0007379233	-0.0007387536	-0.0007396196	-0.0007405213	-0.0007414591	-0.0007424330	-0.0007434433	-0.0007444899	-0.0007455736	-0.0007466964	-0.0007478619	-0.0007490709	-0.0007503065	-0.0007515176	-0.0007526464	-0.0007537740	-0.0007553598	-0.0007582665	-0.0007632270	-0.0007701507	-0.0007782290	-0.0007866710	-0.0007950954	-0.0008034424	-0.0008117648	-0.0008201092	-0.0008284916	-0.0008369106	-0.0008453604	-0.0008538361	-0.0008623346	-0.0008708534	-0.0008793899	-0.0008879416	-0.0008965055	-0.0009050789	-0.0009136587	-0.0009222418	-0.0009308252	-0.0009394055	-0.0009479796	-0.0009565439	-0.0009650950	-0.0009736293	-0.0009821432	-0.0009906329	-0.0009990948	-0.0010075249	-0.0010159193	-0.0010242741	-0.0010325852	-0.0010408485	-0.0010490597	-0.0010572146	-0.0010653088	-0.0010733381	-0.0010812978	-0.0010891837	-0.0010969913	-0.0011047158	-0.0011123529	-0.0011198978	-0.0011273458	-0.0011346924	-0.0011419326	-0.0011490619	-0.0011560754	-0.0011629686	-0.0011697367	-0.0011763749	-0.0011828785	-0.0011892430	-0.0011954636	-0.0012015355	-0.0012074541	-0.0012132148	-0.0012188131	-0.0012242446	-0.0012295049	-0.0012345896	-0.0012394946	-0.0012442155	-0.0012487482	-0.0012530887	-0.0012572328	-0.0012611770	-0.0012649175	-0.0012684507	-0.0012717733	-0.0012748819	-0.0012777734	-0.0012804446	-0.0012828924	-0.0012851142	-0.0012871074	-0.0012888697	-0.0012903988	-0.0012916926	-0.0012927493	-0.0012935669	-0.0012941440	-0.0012944792	-0.0012945714	-0.0012944195	-0.0012940230	-0.0012933813	-0.0012924939	-0.0012913608	-0.0012899819	-0.0012883575	-0.0012864881	-0.0012843744	-0.0012820172	-0.0012794178	-0.0012765773	-0.0012734973	-0.0012701795	-0.0012666257	-0.0012628382	-0.0012588191	-0.0012545710	-0.0012500965	-0.0012453985	-0.0012404800	-0.0012353443	-0.0012299948	-0.0012244350	-0.0012186686	-0.0012126994	-0.0012065315	-0.0012001688	-0.0011936158	-0.0011868769	-0.0011799567	-0.0011728597	-0.0011655909	-0.0011581549	-0.0011505566	-0.0011428012	-0.0011348936	-0.0011268391	-0.0011186429	-0.0011103104	-0.0011018469	-0.0010932579	-0.0010845487	-0.0010757249	-0.0010667917	-0.0010577546	-0.0010486193	-0.0010393910	-0.0010300754	-0.0010206780	-0.0010112042	-0.0010016593	-0.0009920489	-0.0009823782	-0.0009726525	-0.0009628770	-0.0009530570	-0.0009431974	-0.0009333035	-0.0009233803	-0.0009134327	-0.0009034655	-0.0008934836	-0.0008834917	-0.0008734944	-0.0008634961	-0.0008535013	-0.0008435143	-0.0008335394	-0.0008235806	-0.0008136420	-0.0008037274	-0.0007938409	-0.0007839860	-0.0007741665	-0.0007643858	-0.0007546473	-0.0007449542	-0.0007353097	-0.0007257167	-0.0007161786	-0.0007066994	-0.0006972838	-0.0006879337	-0.0006786417	-0.0006693854	-0.0006601417	-0.0006509485	-0.0006420060	-0.0006337035	-0.0006264079	-0.0006201215	-0.0006144721	-0.0006090544	-0.0006036640	-0.0005982700	-0.0005929007	-0.0005875789	-0.0005823121	-0.0005770998	-0.0005719406	-0.0005668337	-0.0005617788	-0.0005567760	-0.0005518251	-0.0005469261	-0.0005420787	-0.0005372828	-0.0005325381	-0.0005278443	-0.0005232012	-0.0005186084	-0.0005140657	-0.0005095727	-0.0005051291	-0.0005007344	-0.0004963884	-0.0004920906	-0.0004878407	-0.0004836381	-0.0004794826	-0.0004753736	-0.0004713108	-0.0004672936	-0.0004633216	-0.0004593945	-0.0004555120	-0.0004516743	-0.0004478809	-0.0004441285	-0.0004404076
-0.0007359794	-0.0007360275	-0.0007360948	-0.0007361933	-0.0007363266	-0.0007364946	-0.0007366967	-0.0007369325	-0.0007372020	-0.0007375052	-0.0007378422	-0.0007382131	-0.0007386179	-0.0007390567	-0.0007395296	-0.0007400367	-0.0007405780	-0.0007411538	-0.0007417641	-0.0007424090	-0.0007430888	-0.0007438034	-0.0007445531	-0.0007453381	-0.0007461585	-0.0007470145	-0.0007479062	-0.0007488339	-0.0007497979	-0.0007507981	-0.0007518348	-0.0007529081	-0.0007540187	-0.0007551692	-0.0007563631	-0.0007575992	-0.0007588547	-0.0007600735	-0.0007612107	-0.0007624002	-0.0007641748	-0.0007674070	-0.0007727163	-0.0007798676	-0.0007880325	-0.0007964845	-0.0008048995	-0.0008132401	-0.0008215600	-0.0008299016	-0.0008382786	-0.0008466886	-0.0008551258	-0.0008635855	-0.0008720646	-0.0008805604	-0.0008890703	-0.0008975916	-0.0009061215	-0.0009146569	-0.0009231948	-0.0009317321	-0.0009402654	-0.0009487917	-0.0009573074	-0.0009658092	-0.0009742934	-0.0009827565	-0.0009911947	-0.0009996043	-0.0010079814	-0.0010163221	-0.0010246226	-0.0010328788	-0.0010410865	-0.0010492416	-0.0010573398	-0.0010653770	-0.0010733487	-0.0010812505	-0.0010890781	-0.0010968270	-0.0011044927	-0.0011120705	-0.0011195561	-0.0011269445	-0.0011342313	-0.0011414118	-0.0011484812	-0.0011554350	-0.0011622685	-0.0011689770	-0.0011755559	-0.0011820006	-0.0011883063	-0.0011944684	-0.0012004822	-0.0012063433	-0.0012120470	-0.0012175888	-0.0012229646	-0.0012281698	-0.0012332003	-0.0012380519	-0.0012427204	-0.0012472016	-0.0012514915	-0.0012555862	-0.0012594820	-0.0012631754	-0.0012666627	-0.0012699408	-0.0012730062	-0.0012758558	-0.0012784866	-0.0012808955	-0.0012830800	-0.0012850375	-0.0012867656	-0.0012882623	-0.0012895255	-0.0012905533	-0.0012913439	-0.0012918958	-0.0012922077	-0.0012922784	-0.0012921071	-0.0012916931	-0.0012910359	-0.0012901350	-0.0012889904	-0.0012876020	-0.0012859701	-0.0012840953	-0.0012819783	-0.0012796199	-0.0012770212	-0.0012741835	-0.0012711083	-0.0012677973	-0.0012642523	-0.0012604756	-0.0012564693	-0.0012522360	-0.0012477782	-0.0012430987	-0.0012382006	-0.0012330871	-0.0012277616	-0.0012222275	-0.0012164885	-0.0012105485	-0.0012044113	-0.0011980810	-0.0011915618	-0.0011848582	-0.0011779746	-0.0011709158	-0.0011636862	-0.0011562908	-0.0011487344	-0.0011410220	-0.0011331585	-0.0011251490	-0.0011169988	-0.0011087132	-0.0011002976	-0.0010917571	-0.0010830973	-0.0010743233	-0.0010654407	-0.0010564548	-0.0010473710	-0.0010381948	-0.0010289316	-0.0010195868	-0.0010101658	-0.0010006741	-0.0009911169	-0.0009814996	-0.0009718272	-0.0009621051	-0.0009523383	-0.0009425320	-0.0009326911	-0.0009228207	-0.0009129256	-0.0009030107	-0.0008930808	-0.0008831404	-0.0008731943	-0.0008632467	-0.0008533022	-0.0008433650	-0.0008334393	-0.0008235291	-0.0008136386	-0.0008037715	-0.0007939318	-0.0007841231	-0.0007743491	-0.0007646132	-0.0007549187	-0.0007452688	-0.0007356667	-0.0007261157	-0.0007166200	-0.0007071841	-0.0006978106	-0.0006884933	-0.0006792119	-0.0006699420	-0.0006607099	-0.0006516882	-0.0006432399	-0.0006357512	-0.0006292951	-0.0006235467	-0.0006180888	-0.0006126796	-0.0006072641	-0.0006018655	-0.0005965099	-0.0005912071	-0.0005859580	-0.0005807609	-0.0005756150	-0.0005705202	-0.0005654764	-0.0005604835	-0.0005555416	-0.0005506506	-0.0005458102	-0.0005410204	-0.0005362808	-0.0005315913	-0.0005269516	-0.0005223614	-0.0005178205	-0.0005133285	-0.0005088852	-0.0005044901	-0.0005001430	-0.0004958434	-0.0004915910	-0.0004873855	-0.0004832263	-0.0004791132	-0.0004750456	-0.0004710232	-0.0004670455	-0.0004631121	-0.0004592229	-0.0004553781	-0.0004515771	-0.0004478168	-0.0004440877
-0.0007435925	-0.0007436280	-0.0007436829	-0.0007437690	-0.0007438902	-0.0007440463	-0.0007442366	-0.0007444607	-0.0007447186	-0.0007450104	-0.0007453360	-0.0007456957	-0.0007460894	-0.0007465172	-0.0007469791	-0.0007474753	-0.0007480059	-0.0007485710	-0.0007491706	-0.0007498049	-0.0007504740	-0.0007511780	-0.0007519171	-0.0007526915	-0.0007535012	-0.0007543465	-0.0007552275	-0.0007561445	-0.0007570976	-0.0007580870	-0.0007591128	-0.0007601752	-0.0007612743	-0.0007624111	-0.0007635885	-0.0007648099	-0.0007660717	-0.0007673455	-0.0007685718	-0.0007697218	-0.0007709805	-0.0007729409	-0.0007764695	-0.0007820713	-0.0007894000	-0.0007976255	-0.0008060788	-0.0008144815	-0.0008228119	-0.0008311239	-0.0008394565	-0.0008478214	-0.0008562157	-0.0008646337	-0.0008730707	-0.0008815235	-0.0008899894	-0.0008984658	-0.0009069498	-0.0009154385	-0.0009239289	-0.0009324177	-0.0009409019	-0.0009493781	-0.0009578429	-0.0009662930	-0.0009747249	-0.0009831349	-0.0009915193	-0.0009998744	-0.0010081963	-0.0010164813	-0.0010247253	-0.0010329243	-0.0010410743	-0.0010491712	-0.0010572108	-0.0010651887	-0.0010731009	-0.0010809428	-0.0010887101	-0.0010963984	-0.0011040032	-0.0011115201	-0.0011189444	-0.0011262715	-0.0011334968	-0.0011406157	-0.0011476236	-0.0011545160	-0.0011612882	-0.0011679356	-0.0011744537	-0.0011808378	-0.0011870833	-0.0011931856	-0.0011991400	-0.0012049421	-0.0012105875	-0.0012160718	-0.0012213906	-0.0012265397	-0.0012315149	-0.0012363121	-0.0012409270	-0.0012453557	-0.0012495941	-0.0012536386	-0.0012574853	-0.0012611308	-0.0012645717	-0.0012678045	-0.0012708262	-0.0012736334	-0.0012762233	-0.0012785929	-0.0012807397	-0.0012826612	-0.0012843551	-0.0012858192	-0.0012870517	-0.0012880505	-0.0012888140	-0.0012893407	-0.0012896293	-0.0012896788	-0.0012894882	-0.0012890569	-0.0012883844	-0.0012874703	-0.0012863146	-0.0012849171	-0.0012832783	-0.0012813986	-0.0012792788	-0.0012769198	-0.0012743225	-0.0012714883	-0.0012684187	-0.0012651154	-0.0012615801	-0.0012578152	-0.0012538227	-0.0012496051	-0.0012451650	-0.0012405052	-0.0012356286	-0.0012305385	-0.0012252382	-0.0012197312	-0.0012140210	-0.0012081115	-0.0012020064	-0.0011957099	-0.0011892260	-0.0011825592	-0.0011757139	-0.0011686947	-0.0011615062	-0.0011541532	-0.0011466404	-0.0011389726	-0.0011311550	-0.0011231925	-0.0011150903	-0.0011068536	-0.0010984877	-0.0010899978	-0.0010813892	-0.0010726673	-0.0010638374	-0.0010549047	-0.0010458746	-0.0010367526	-0.0010275439	-0.0010182540	-0.0010088882	-0.0009994519	-0.0009899502	-0.0009803885	-0.0009707718	-0.0009611054	-0.0009513943	-0.0009416435	-0.0009318581	-0.0009220429	-0.0009122028	-0.0009023427	-0.0008924671	-0.0008825809	-0.0008726884	-0.0008627941	-0.0008529024	-0.0008430174	-0.0008331434	-0.0008232844	-0.0008134445	-0.0008036274	-0.0007938371	-0.0007840771	-0.0007743511	-0.0007646625	-0.0007550144	-0.0007454102	-0.0007358534	-0.0007263480	-0.0007168988	-0.0007075085	-0.0006981721	-0.0006888707	-0.0006795796	-0.0006703169	-0.0006612336	-0.0006526682	-0.0006450147	-0.0006384030	-0.0006325566	-0.0006270562	-0.0006216289	-0.0006161951	-0.0006107713	-0.0006053853	-0.0006000500	-0.0005947672	-0.0005895353	-0.0005843536	-0.0005792217	-0.0005741396	-0.0005691076	-0.0005641255	-0.0005591933	-0.0005543110	-0.0005494784	-0.0005446953	-0.0005399616	-0.0005352771	-0.0005306416	-0.0005260548	-0.0005215164	-0.0005170262	-0.0005125839	-0.0005081892	-0.0005038417	-0.0004995411	-0.0004952871	-0.0004910792	-0.0004869172	-0.0004828006	-0.0004787290	-0.0004747021	-0.0004707194	-0.0004667805	-0.0004628854	-0.0004590340	-0.0004552262	-0.0004514586	-0.0004477220
-0.0007511564	-0.0007511789	-0.0007512209	-0.0007512943	-0.0007514029	-0.0007515465	-0.0007517245	-0.0007519365	-0.0007521824	-0.0007524622	-0.0007527760	-0.0007531239	-0.0007535060	-0.0007539222	-0.0007543727	-0.0007548575	-0.0007553767	-0.0007559304	-0.0007565187	-0.0007571417	-0.0007577995	-0.0007584923	-0.0007592201	-0.0007599832	-0.0007607816	-0.0007616155	-0.0007624851	-0.0007633905	-0.0007643321	-0.0007653098	-0.0007663240	-0.0007673747	-0.0007684619	-0.0007695860	-0.0007707482	-0.0007719516	-0.0007731996	-0.0007744856	-0.0007757757	-0.0007770080	-0.0007781716	-0.0007794991	-0.0007816351	-0.0007854293	-0.0007912725	-0.0007987355	-0.0008069995	-0.0008154465	-0.0008238334	-0.0008321498	-0.0008404483	-0.0008487655	-0.0008571115	-0.0008654835	-0.0008738756	-0.0008822832	-0.0008907030	-0.0008991323	-0.0009075682	-0.0009160079	-0.0009244485	-0.0009328867	-0.0009413194	-0.0009497434	-0.0009581552	-0.0009665514	-0.0009749287	-0.0009832834	-0.0009916118	-0.0009999103	-0.0010081750	-0.0010164020	-0.0010245875	-0.0010327274	-0.0010408177	-0.0010488544	-0.0010568332	-0.0010647501	-0.0010726008	-0.0010803808	-0.0010880860	-0.0010957119	-0.0011032541	-0.0011107081	-0.0011180693	-0.0011253333	-0.0011324955	-0.0011395513	-0.0011464961	-0.0011533256	-0.0011600350	-0.0011666198	-0.0011730756	-0.0011793977	-0.0011855816	-0.0011916226	-0.0011975164	-0.0012032585	-0.0012088444	-0.0012142699	-0.0012195307	-0.0012246227	-0.0012295416	-0.0012342833	-0.0012388438	-0.0012432191	-0.0012474052	-0.0012513985	-0.0012551954	-0.0012587924	-0.0012621861	-0.0012653733	-0.0012683506	-0.0012711151	-0.0012736637	-0.0012759937	-0.0012781025	-0.0012799878	-0.0012816471	-0.0012830786	-0.0012842802	-0.0012852500	-0.0012859864	-0.0012864880	-0.0012867534	-0.0012867817	-0.0012865720	-0.0012861237	-0.0012854363	-0.0012845093	-0.0012833428	-0.0012819367	-0.0012802914	-0.0012784074	-0.0012762854	-0.0012739263	-0.0012713311	-0.0012685012	-0.0012654379	-0.0012621430	-0.0012586184	-0.0012548661	-0.0012508882	-0.0012466874	-0.0012422660	-0.0012376270	-0.0012327731	-0.0012277076	-0.0012224337	-0.0012169549	-0.0012112748	-0.0012053970	-0.0011993255	-0.0011930641	-0.0011866170	-0.0011799886	-0.0011731831	-0.0011662051	-0.0011590593	-0.0011517502	-0.0011442826	-0.0011366613	-0.0011288914	-0.0011209776	-0.0011129252	-0.0011047392	-0.0010964249	-0.0010879875	-0.0010794322	-0.0010707642	-0.0010619889	-0.0010531115	-0.0010441372	-0.0010350714	-0.0010259194	-0.0010166866	-0.0010073781	-0.0009979992	-0.0009885553	-0.0009790514	-0.0009694927	-0.0009598842	-0.0009502310	-0.0009405381	-0.0009308105	-0.0009210529	-0.0009112702	-0.0009014671	-0.0008916484	-0.0008818186	-0.0008719821	-0.0008621435	-0.0008523069	-0.0008424766	-0.0008326567	-0.0008228514	-0.0008130645	-0.0008032999	-0.0007935614	-0.0007838526	-0.0007741770	-0.0007645379	-0.0007549387	-0.0007453830	-0.0007358750	-0.0007264193	-0.0007170190	-0.0007076697	-0.0006983537	-0.0006890465	-0.0006797605	-0.0006706296	-0.0006619707	-0.0006541785	-0.0006474274	-0.0006414909	-0.0006359507	-0.0006305074	-0.0006250588	-0.0006196136	-0.0006142010	-0.0006088364	-0.0006035230	-0.0005982596	-0.0005930450	-0.0005878790	-0.0005827616	-0.0005776931	-0.0005726736	-0.0005677029	-0.0005627812	-0.0005579082	-0.0005530841	-0.0005483085	-0.0005435815	-0.0005389027	-0.0005342720	-0.0005296893	-0.0005251542	-0.0005206666	-0.0005162260	-0.0005118324	-0.0005074852	-0.0005031843	-0.0004989294	-0.0004947200	-0.0004905558	-0.0004864364	-0.0004823616	-0.0004783309	-0.0004743438	-0.0004704001	-0.0004664997	-0.0004626426	-0.0004588285	-0.0004550543	-0.0004513109
-0.0007586710	-0.0007586799	-0.0007587086	-0.0007587689	-0.0007588645	-0.0007589952	-0.0007591604	-0.0007593597	-0.0007595931	-0.0007598605	-0.0007601620	-0.0007604976	-0.0007608675	-0.0007612716	-0.0007617100	-0.0007621828	-0.0007626901	-0.0007632319	-0.0007638083	-0.0007644194	-0.0007650653	-0.0007657462	-0.0007664621	-0.0007672131	-0.0007679995	-0.0007688214	-0.0007696788	-0.0007705721	-0.0007715013	-0.0007724666	-0.0007734683	-0.0007745064	-0.0007755811	-0.0007766924	-0.0007778405	-0.0007790272	-0.0007802558	-0.0007815291	-0.0007828373	-0.0007841411	-0.0007853781	-0.0007865568	-0.0007879561	-0.0007902594	-0.0007942775	-0.0008003062	-0.0008078622	-0.0008161453	-0.0008245796	-0.0008329476	-0.0008412456	-0.0008495251	-0.0008578203	-0.0008661409	-0.0008744838	-0.0008828434	-0.0008912150	-0.0008995951	-0.0009079809	-0.0009163695	-0.0009247581	-0.0009331436	-0.0009415227	-0.0009498923	-0.0009582489	-0.0009665893	-0.0009749098	-0.0009832071	-0.0009914775	-0.0009997173	-0.0010079227	-0.0010160898	-0.0010242148	-0.0010322936	-0.0010403224	-0.0010482969	-0.0010562132	-0.0010640671	-0.0010718544	-0.0010795708	-0.0010872121	-0.0010947738	-0.0011022516	-0.0011096411	-0.0011169376	-0.0011241369	-0.0011312343	-0.0011382254	-0.0011451058	-0.0011518708	-0.0011585160	-0.0011650369	-0.0011714290	-0.0011776878	-0.0011838088	-0.0011897874	-0.0011956193	-0.0012013001	-0.0012068255	-0.0012121912	-0.0012173930	-0.0012224268	-0.0012272884	-0.0012319739	-0.0012364791	-0.0012408002	-0.0012449333	-0.0012488748	-0.0012526212	-0.0012561691	-0.0012595150	-0.0012626559	-0.0012655885	-0.0012683097	-0.0012708167	-0.0012731067	-0.0012751773	-0.0012770261	-0.0012786509	-0.0012800495	-0.0012812202	-0.0012821610	-0.0012828703	-0.0012833468	-0.0012835892	-0.0012835965	-0.0012833679	-0.0012829028	-0.0012822007	-0.0012812613	-0.0012800844	-0.0012786701	-0.0012770188	-0.0012751310	-0.0012730074	-0.0012706488	-0.0012680564	-0.0012652313	-0.0012621752	-0.0012588896	-0.0012553763	-0.0012516375	-0.0012476753	-0.0012434921	-0.0012390904	-0.0012344731	-0.0012296429	-0.0012246031	-0.0012193568	-0.0012139074	-0.0012082586	-0.0012024139	-0.0011963772	-0.0011901524	-0.0011837435	-0.0011771547	-0.0011703905	-0.0011634553	-0.0011563536	-0.0011490901	-0.0011416694	-0.0011340963	-0.0011263756	-0.0011185123	-0.0011105114	-0.0011023779	-0.0010941170	-0.0010857338	-0.0010772336	-0.0010686215	-0.0010599027	-0.0010510824	-0.0010421659	-0.0010331584	-0.0010240651	-0.0010148913	-0.0010056421	-0.0009963229	-0.0009869387	-0.0009774948	-0.0009679961	-0.0009584478	-0.0009488548	-0.0009392219	-0.0009295542	-0.0009198565	-0.0009101334	-0.0009003897	-0.0008906301	-0.0008808590	-0.0008710809	-0.0008613001	-0.0008515210	-0.0008417477	-0.0008319843	-0.0008222349	-0.0008125034	-0.0008027937	-0.0007931093	-0.0007834539	-0.0007738309	-0.0007642438	-0.0007546963	-0.0007451925	-0.0007357373	-0.0007263337	-0.0007169778	-0.0007076527	-0.0006983345	-0.0006890319	-0.0006798663	-0.0006711365	-0.0006632332	-0.0006563624	-0.0006503427	-0.0006447660	-0.0006393098	-0.0006338504	-0.0006283879	-0.0006229523	-0.0006175620	-0.0006122213	-0.0006069293	-0.0006016850	-0.0005964879	-0.0005913382	-0.0005862362	-0.0005811819	-0.0005761754	-0.0005712168	-0.0005663062	-0.0005614433	-0.0005566283	-0.0005518609	-0.0005471412	-0.0005424688	-0.0005378438	-0.0005332658	-0.0005287347	-0.0005242502	-0.0005198122	-0.0005154203	-0.0005110742	-0.0005067738	-0.0005025185	-0.0004983083	-0.0004941426	-0.0004900213	-0.0004859438	-0.0004819099	-0.0004779192	-0.0004739714	-0.0004700663	-0.0004662041	-0.0004623845	-0.0004586044	-0.0004548548
-0.0007661359	-0.0007661310	-0.0007661460	-0.0007661926	-0.0007662747	-0.0007663921	-0.0007665441	-0.0007667303	-0.0007669506	-0.0007672051	-0.0007674937	-0.0007678166	-0.0007681738	-0.0007685652	-0.0007689911	-0.0007694513	-0.0007699461	-0.0007704753	-0.0007710392	-0.0007716378	-0.0007722712	-0.0007729395	-0.0007736428	-0.0007743813	-0.0007751550	-0.0007759641	-0.0007768087	-0.0007776891	-0.0007786052	-0.0007795574	-0.0007805458	-0.0007815705	-0.0007826317	-0.0007837294	-0.0007848637	-0.0007860350	-0.0007872451	-0.0007884978	-0.0007897948	-0.0007911232	-0.0007924390	-0.0007936821	-0.0007948818	-0.0007963554	-0.0007988038	-0.0008029965	-0.0008091566	-0.0008167690	-0.0008250547	-0.0008334704	-0.0008418163	-0.0008500917	-0.0008583463	-0.0008666132	-0.0008749017	-0.0008832090	-0.0008915294	-0.0008998583	-0.0009081920	-0.0009165276	-0.0009248622	-0.0009331928	-0.0009415163	-0.0009498295	-0.0009581290	-0.0009664114	-0.0009746733	-0.0009829113	-0.0009911216	-0.0009993007	-0.0010074448	-0.0010155501	-0.0010236127	-0.0010316286	-0.0010395939	-0.0010475046	-0.0010553566	-0.0010631458	-0.0010708680	-0.0010785191	-0.0010860947	-0.0010935906	-0.0011010024	-0.0011083256	-0.0011155560	-0.0011226890	-0.0011297202	-0.0011366451	-0.0011434595	-0.0011501587	-0.0011567384	-0.0011631940	-0.0011695212	-0.0011757155	-0.0011817724	-0.0011876874	-0.0011934563	-0.0011990748	-0.0012045386	-0.0012098435	-0.0012149854	-0.0012199602	-0.0012247638	-0.0012293921	-0.0012338413	-0.0012381074	-0.0012421868	-0.0012460759	-0.0012497713	-0.0012532694	-0.0012565672	-0.0012596613	-0.0012625486	-0.0012652262	-0.0012676912	-0.0012699410	-0.0012719731	-0.0012737852	-0.0012753752	-0.0012767410	-0.0012778806	-0.0012787924	-0.0012794748	-0.0012799263	-0.0012801458	-0.0012801323	-0.0012798851	-0.0012794035	-0.0012786870	-0.0012777354	-0.0012765485	-0.0012751265	-0.0012734697	-0.0012715786	-0.0012694539	-0.0012670965	-0.0012645074	-0.0012616880	-0.0012586396	-0.0012553640	-0.0012518629	-0.0012481384	-0.0012441927	-0.0012400281	-0.0012356471	-0.0012310525	-0.0012262471	-0.0012212340	-0.0012160164	-0.0012105977	-0.0012049813	-0.0011991710	-0.0011931703	-0.0011869833	-0.0011806139	-0.0011740663	-0.0011673447	-0.0011604537	-0.0011533977	-0.0011461812	-0.0011388088	-0.0011312854	-0.0011236156	-0.0011158044	-0.0011078566	-0.0010997773	-0.0010915715	-0.0010832443	-0.0010748009	-0.0010662465	-0.0010575860	-0.0010488248	-0.0010399679	-0.0010310205	-0.0010219878	-0.0010128749	-0.0010036871	-0.0009944295	-0.0009851071	-0.0009757252	-0.0009662886	-0.0009568025	-0.0009472717	-0.0009377010	-0.0009280954	-0.0009184596	-0.0009087983	-0.0008991162	-0.0008894177	-0.0008797075	-0.0008699899	-0.0008602693	-0.0008505498	-0.0008408358	-0.0008311312	-0.0008214400	-0.0008117662	-0.0008021134	-0.0007924854	-0.0007828856	-0.0007733175	-0.0007637851	-0.0007542925	-0.0007448447	-0.0007354446	-0.0007260883	-0.0007167597	-0.0007074356	-0.0006981227	-0.0006889343	-0.0006801550	-0.0006721692	-0.0006652033	-0.0006591113	-0.0006535000	-0.0006480325	-0.0006425653	-0.0006370895	-0.0006316350	-0.0006262223	-0.0006208577	-0.0006155405	-0.0006102695	-0.0006050445	-0.0005998654	-0.0005947326	-0.0005896464	-0.0005846069	-0.0005796142	-0.0005746683	-0.0005697693	-0.0005649172	-0.0005601120	-0.0005553535	-0.0005506416	-0.0005459764	-0.0005413576	-0.0005367851	-0.0005322586	-0.0005277781	-0.0005233432	-0.0005189537	-0.0005146094	-0.0005103100	-0.0005060552	-0.0005018447	-0.0004976783	-0.0004935556	-0.0004894762	-0.0004854398	-0.0004814461	-0.0004774948	-0.0004735857	-0.0004697191	-0.0004658946	-0.0004621091	-0.0004583540
-0.0007735511	-0.0007735319	-0.0007735327	-0.0007735653	-0.0007736335	-0.0007737371	-0.0007738754	-0.0007740480	-0.0007742548	-0.0007744958	-0.0007747711	-0.0007750807	-0.0007754247	-0.0007758030	-0.0007762157	-0.0007766628	-0.0007771444	-0.0007776606	-0.0007782114	-0.0007787969	-0.0007794171	-0.0007800722	-0.0007807623	-0.0007814875	-0.0007822479	-0.0007830435	-0.0007838747	-0.0007847414	-0.0007856438	-0.0007865821	-0.0007875565	-0.0007885670	-0.0007896138	-0.0007906972	-0.0007918170	-0.0007929733	-0.0007941666	-0.0007953991	-0.0007966744	-0.0007979935	-0.0007993406	-0.0008006685	-0.0008019208	-0.0008031455	-0.0008046872	-0.0008072516	-0.0008115691	-0.0008178107	-0.0008254467	-0.0008337199	-0.0008421118	-0.0008504320	-0.0008586803	-0.0008669044	-0.0008751365	-0.0008833864	-0.0008916515	-0.0008999262	-0.0009082058	-0.0009164864	-0.0009247652	-0.0009330391	-0.0009413050	-0.0009495598	-0.0009578002	-0.0009660228	-0.0009742242	-0.0009824009	-0.0009905493	-0.0009986659	-0.0010067469	-0.0010147884	-0.0010227868	-0.0010307381	-0.0010386382	-0.0010464833	-0.0010542693	-0.0010619922	-0.0010696477	-0.0010772318	-0.0010847402	-0.0010921686	-0.0010995128	-0.0011067684	-0.0011139310	-0.0011209963	-0.0011279599	-0.0011348174	-0.0011415644	-0.0011481965	-0.0011547094	-0.0011610986	-0.0011673597	-0.0011734883	-0.0011794799	-0.0011853303	-0.0011910353	-0.0011965905	-0.0012019917	-0.0012072349	-0.0012123160	-0.0012172309	-0.0012219755	-0.0012265461	-0.0012309385	-0.0012351491	-0.0012391742	-0.0012430104	-0.0012466541	-0.0012501021	-0.0012533511	-0.0012563981	-0.0012592398	-0.0012618735	-0.0012642962	-0.0012665055	-0.0012684990	-0.0012702743	-0.0012718293	-0.0012731621	-0.0012742707	-0.0012751535	-0.0012758089	-0.0012762355	-0.0012764323	-0.0012763983	-0.0012761326	-0.0012756348	-0.0012749043	-0.0012739408	-0.0012727444	-0.0012713151	-0.0012696532	-0.0012677593	-0.0012656341	-0.0012632784	-0.0012606934	-0.0012578802	-0.0012548403	-0.0012515754	-0.0012480873	-0.0012443780	-0.0012404496	-0.0012363045	-0.0012319452	-0.0012273743	-0.0012225947	-0.0012176093	-0.0012124215	-0.0012070345	-0.0012014517	-0.0011956768	-0.0011897134	-0.0011835655	-0.0011772368	-0.0011707316	-0.0011640541	-0.0011572086	-0.0011501996	-0.0011430316	-0.0011357091	-0.0011282368	-0.0011206194	-0.0011128617	-0.0011049686	-0.0010969451	-0.0010887960	-0.0010805265	-0.0010721417	-0.0010636465	-0.0010550462	-0.0010463457	-0.0010375501	-0.0010286647	-0.0010196944	-0.0010106444	-0.0010015197	-0.0009923256	-0.0009830670	-0.0009737490	-0.0009643765	-0.0009549545	-0.0009454879	-0.0009359814	-0.0009264400	-0.0009168682	-0.0009072707	-0.0008976521	-0.0008880170	-0.0008783697	-0.0008687147	-0.0008590563	-0.0008493987	-0.0008397460	-0.0008301023	-0.0008204716	-0.0008108575	-0.0008012638	-0.0007916942	-0.0007821522	-0.0007726417	-0.0007631673	-0.0007537337	-0.0007443437	-0.0007349935	-0.0007256670	-0.0007163419	-0.0007070249	-0.0006978248	-0.0006890158	-0.0006809754	-0.0006739409	-0.0006677922	-0.0006621509	-0.0006566732	-0.0006512002	-0.0006457144	-0.0006402446	-0.0006348133	-0.0006294280	-0.0006240889	-0.0006187945	-0.0006135445	-0.0006083391	-0.0006031786	-0.0005980634	-0.0005929936	-0.0005879694	-0.0005829910	-0.0005780584	-0.0005731717	-0.0005683309	-0.0005635360	-0.0005587870	-0.0005540838	-0.0005494263	-0.0005448144	-0.0005402479	-0.0005357267	-0.0005312507	-0.0005268196	-0.0005224332	-0.0005180913	-0.0005137937	-0.0005095400	-0.0005053300	-0.0005011634	-0.0004970399	-0.0004929593	-0.0004889211	-0.0004849250	-0.0004809708	-0.0004770584	-0.0004731879	-0.0004693591	-0.0004655689	-0.0004618089
-0.0007809164	-0.0007808825	-0.0007808687	-0.0007808868	-0.0007809406	-0.0007810300	-0.0007811541	-0.0007813126	-0.0007815055	-0.0007817326	-0.0007819940	-0.0007822899	-0.0007826201	-0.0007829847	-0.0007833837	-0.0007838171	-0.0007842851	-0.0007847876	-0.0007853247	-0.0007858964	-0.0007865029	-0.0007871442	-0.0007878205	-0.0007885317	-0.0007892781	-0.0007900597	-0.0007908767	-0.0007917291	-0.0007926171	-0.0007935408	-0.0007945004	-0.0007954960	-0.0007965277	-0.0007975957	-0.0007987001	-0.0007998409	-0.0008010181	-0.0008022324	-0.0008034859	-0.0008047827	-0.0008061224	-0.0008074870	-0.0008088272	-0.0008100907	-0.0008113411	-0.0008129400	-0.0008155882	-0.0008199817	-0.0008262578	-0.0008338869	-0.0008421337	-0.0008504962	-0.0008587874	-0.0008670042	-0.0008751921	-0.0008833832	-0.0008915879	-0.0008998042	-0.0009080267	-0.0009162504	-0.0009244715	-0.0009326869	-0.0009408934	-0.0009490880	-0.0009572674	-0.0009654284	-0.0009735674	-0.0009816811	-0.0009897659	-0.0009978181	-0.0010058342	-0.0010138103	-0.0010217427	-0.0010296276	-0.0010374610	-0.0010452388	-0.0010529573	-0.0010606122	-0.0010681995	-0.0010757151	-0.0010831547	-0.0010905143	-0.0010977895	-0.0011049759	-0.0011120695	-0.0011190657	-0.0011259603	-0.0011327491	-0.0011394275	-0.0011459913	-0.0011524362	-0.0011587577	-0.0011649516	-0.0011710134	-0.0011769389	-0.0011827237	-0.0011883637	-0.0011938547	-0.0011991926	-0.0012043733	-0.0012093928	-0.0012142470	-0.0012189320	-0.0012234440	-0.0012277790	-0.0012319335	-0.0012359038	-0.0012396865	-0.0012432782	-0.0012466756	-0.0012498756	-0.0012528750	-0.0012556709	-0.0012582603	-0.0012606406	-0.0012628092	-0.0012647639	-0.0012665023	-0.0012680223	-0.0012693221	-0.0012703997	-0.0012712535	-0.0012718820	-0.0012722839	-0.0012724581	-0.0012724036	-0.0012721198	-0.0012716060	-0.0012708618	-0.0012698869	-0.0012686813	-0.0012672451	-0.0012655786	-0.0012636824	-0.0012615572	-0.0012592039	-0.0012566235	-0.0012538172	-0.0012507866	-0.0012475332	-0.0012440587	-0.0012403654	-0.0012364551	-0.0012323303	-0.0012279935	-0.0012234472	-0.0012186943	-0.0012137378	-0.0012085807	-0.0012032265	-0.0011976784	-0.0011919401	-0.0011860152	-0.0011799074	-0.0011736207	-0.0011671592	-0.0011605269	-0.0011537283	-0.0011467676	-0.0011396494	-0.0011323781	-0.0011249583	-0.0011173947	-0.0011096921	-0.0011018552	-0.0010938890	-0.0010857982	-0.0010775879	-0.0010692632	-0.0010608290	-0.0010522903	-0.0010436522	-0.0010349197	-0.0010260979	-0.0010171918	-0.0010082063	-0.0009991467	-0.0009900178	-0.0009808248	-0.0009715726	-0.0009622661	-0.0009529101	-0.0009435096	-0.0009340693	-0.0009245938	-0.0009150880	-0.0009055562	-0.0008960032	-0.0008864333	-0.0008768510	-0.0008672607	-0.0008576666	-0.0008480729	-0.0008384836	-0.0008289028	-0.0008193344	-0.0008097820	-0.0008002495	-0.0007907404	-0.0007812589	-0.0007718095	-0.0007623969	-0.0007530237	-0.0007436857	-0.0007343668	-0.0007250458	-0.0007157308	-0.0007065297	-0.0006977101	-0.0006896418	-0.0006825655	-0.0006763780	-0.0006707142	-0.0006652286	-0.0006597518	-0.0006542589	-0.0006487773	-0.0006433308	-0.0006379284	-0.0006325705	-0.0006272559	-0.0006219842	-0.0006167555	-0.0006115702	-0.0006064289	-0.0006013316	-0.0005962788	-0.0005912705	-0.0005863069	-0.0005813881	-0.0005765143	-0.0005716854	-0.0005669015	-0.0005621625	-0.0005574685	-0.0005528193	-0.0005482149	-0.0005436551	-0.0005391399	-0.0005346690	-0.0005302423	-0.0005258596	-0.0005215207	-0.0005172254	-0.0005129734	-0.0005087645	-0.0005045984	-0.0005004749	-0.0004963935	-0.0004923542	-0.0004883564	-0.0004843999	-0.0004804848	-0.0004766111	-0.0004727786	-0.0004689843	-0.0004652199
-0.0007882317	-0.0007881826	-0.0007881538	-0.0007881570	-0.0007881960	-0.0007882707	-0.0007883802	-0.0007885242	-0.0007887025	-0.0007889153	-0.0007891624	-0.0007894439	-0.0007897599	-0.0007901102	-0.0007904950	-0.0007909142	-0.0007913679	-0.0007918561	-0.0007923790	-0.0007929364	-0.0007935286	-0.0007941555	-0.0007948173	-0.0007955140	-0.0007962457	-0.0007970126	-0.0007978147	-0.0007986522	-0.0007995250	-0.0008004335	-0.0008013776	-0.0008023575	-0.0008033734	-0.0008044253	-0.0008055135	-0.0008066379	-0.0008077985	-0.0008089954	-0.0008102293	-0.0008115027	-0.0008128194	-0.0008141783	-0.0008155591	-0.0008169115	-0.0008181877	-0.0008194625	-0.0008211045	-0.0008238026	-0.0008282239	-0.0008344897	-0.0008420825	-0.0008502890	-0.0008586165	-0.0008668753	-0.0008750563	-0.0008832026	-0.0008913464	-0.0008994995	-0.0009076605	-0.0009158241	-0.0009239856	-0.0009321407	-0.0009402861	-0.0009484188	-0.0009565356	-0.0009646331	-0.0009727081	-0.0009807571	-0.0009887765	-0.0009967628	-0.0010047123	-0.0010126213	-0.0010204862	-0.0010283030	-0.0010360679	-0.0010437771	-0.0010514264	-0.0010590119	-0.0010665295	-0.0010739752	-0.0010813448	-0.0010886340	-0.0010958388	-0.0011029549	-0.0011099780	-0.0011169039	-0.0011237284	-0.0011304471	-0.0011370558	-0.0011435502	-0.0011499260	-0.0011561788	-0.0011623045	-0.0011682985	-0.0011741568	-0.0011798751	-0.0011854494	-0.0011908754	-0.0011961491	-0.0012012665	-0.0012062236	-0.0012110165	-0.0012156413	-0.0012200941	-0.0012243712	-0.0012284689	-0.0012323839	-0.0012361127	-0.0012396519	-0.0012429984	-0.0012461490	-0.0012491006	-0.0012518503	-0.0012543953	-0.0012567330	-0.0012588608	-0.0012607766	-0.0012624779	-0.0012639630	-0.0012652297	-0.0012662764	-0.0012671013	-0.0012677031	-0.0012680804	-0.0012682322	-0.0012681575	-0.0012678558	-0.0012673263	-0.0012665686	-0.0012655827	-0.0012643683	-0.0012629256	-0.0012612551	-0.0012593571	-0.0012572324	-0.0012548820	-0.0012523068	-0.0012495081	-0.0012464874	-0.0012432461	-0.0012397861	-0.0012361094	-0.0012322181	-0.0012281145	-0.0012238010	-0.0012192803	-0.0012145550	-0.0012096282	-0.0012045029	-0.0011991824	-0.0011936700	-0.0011879693	-0.0011820839	-0.0011760175	-0.0011697739	-0.0011633572	-0.0011567714	-0.0011500208	-0.0011431097	-0.0011360426	-0.0011288238	-0.0011214579	-0.0011139495	-0.0011063034	-0.0010985241	-0.0010906165	-0.0010825855	-0.0010744359	-0.0010661728	-0.0010578011	-0.0010493257	-0.0010407515	-0.0010320837	-0.0010233271	-0.0010144868	-0.0010055676	-0.0009965746	-0.0009875128	-0.0009783871	-0.0009692024	-0.0009599636	-0.0009506755	-0.0009413429	-0.0009319705	-0.0009225629	-0.0009131248	-0.0009036606	-0.0008941750	-0.0008846723	-0.0008751569	-0.0008656332	-0.0008561053	-0.0008465774	-0.0008370535	-0.0008275376	-0.0008180334	-0.0008085447	-0.0007990753	-0.0007896295	-0.0007802119	-0.0007708271	-0.0007614773	-0.0007521576	-0.0007428518	-0.0007335398	-0.0007242331	-0.0007150417	-0.0007062303	-0.0006981604	-0.0006910692	-0.0006848620	-0.0006791850	-0.0006736947	-0.0006682163	-0.0006627192	-0.0006572291	-0.0006517710	-0.0006463548	-0.0006409815	-0.0006356499	-0.0006303596	-0.0006251107	-0.0006199037	-0.0006147391	-0.0006096173	-0.0006045385	-0.0005995031	-0.0005945111	-0.0005895629	-0.0005846585	-0.0005797980	-0.0005749816	-0.0005702092	-0.0005654808	-0.0005607965	-0.0005561563	-0.0005515599	-0.0005470075	-0.0005424987	-0.0005380336	-0.0005336119	-0.0005292336	-0.0005248983	-0.0005206059	-0.0005163563	-0.0005121491	-0.0005079840	-0.0005038610	-0.0004997796	-0.0004957396	-0.0004917407	-0.0004877826	-0.0004838653	-0.0004799890	-0.0004761533	-0.0004723556	-0.0004685874
-0.0007954968	-0.0007954321	-0.0007953878	-0.0007953758	-0.0007953995	-0.0007954590	-0.0007955535	-0.0007956825	-0.0007958459	-0.0007960438	-0.0007962761	-0.0007965428	-0.0007968439	-0.0007971795	-0.0007975495	-0.0007979539	-0.0007983928	-0.0007988663	-0.0007993742	-0.0007999168	-0.0008004940	-0.0008011060	-0.0008017527	-0.0008024343	-0.0008031508	-0.0008039023	-0.0008046889	-0.0008055107	-0.0008063677	-0.0008072602	-0.0008081882	-0.0008091517	-0.0008101510	-0.0008111861	-0.0008122571	-0.0008133643	-0.0008145075	-0.0008156867	-0.0008169021	-0.0008181543	-0.0008194461	-0.0008207812	-0.0008221575	-0.0008235533	-0.0008249182	-0.0008262084	-0.0008275045	-0.0008291735	-0.0008318866	-0.0008362888	-0.0008425001	-0.0008500272	-0.0008581789	-0.0008664656	-0.0008746884	-0.0008828297	-0.0008909289	-0.0008990195	-0.0009071146	-0.0009152139	-0.0009233124	-0.0009314051	-0.0009394879	-0.0009475571	-0.0009556096	-0.0009636421	-0.0009716513	-0.0009796339	-0.0009875864	-0.0009955051	-0.0010033865	-0.0010112269	-0.0010190227	-0.0010267700	-0.0010344650	-0.0010421038	-0.0010496826	-0.0010571973	-0.0010646439	-0.0010720183	-0.0010793164	-0.0010865342	-0.0010936673	-0.0011007117	-0.0011076633	-0.0011145177	-0.0011212709	-0.0011279185	-0.0011344564	-0.0011408803	-0.0011471859	-0.0011533691	-0.0011594254	-0.0011653509	-0.0011711411	-0.0011767921	-0.0011822998	-0.0011876600	-0.0011928688	-0.0011979223	-0.0012028164	-0.0012075474	-0.0012121113	-0.0012165044	-0.0012207230	-0.0012247637	-0.0012286229	-0.0012322974	-0.0012357838	-0.0012390789	-0.0012421798	-0.0012450834	-0.0012477867	-0.0012502871	-0.0012525820	-0.0012546690	-0.0012565457	-0.0012582101	-0.0012596602	-0.0012608940	-0.0012619098	-0.0012627059	-0.0012632810	-0.0012636339	-0.0012637635	-0.0012636689	-0.0012633495	-0.0012628046	-0.0012620339	-0.0012610372	-0.0012598145	-0.0012583658	-0.0012566916	-0.0012547923	-0.0012526687	-0.0012503218	-0.0012477524	-0.0012449619	-0.0012419516	-0.0012387232	-0.0012352784	-0.0012316191	-0.0012277475	-0.0012236658	-0.0012193765	-0.0012148821	-0.0012101854	-0.0012052891	-0.0012001965	-0.0011949107	-0.0011894351	-0.0011837730	-0.0011779281	-0.0011719041	-0.0011657047	-0.0011593339	-0.0011527957	-0.0011460943	-0.0011392341	-0.0011322192	-0.0011250542	-0.0011177434	-0.0011102915	-0.0011027031	-0.0010949827	-0.0010871352	-0.0010791653	-0.0010710779	-0.0010628778	-0.0010545700	-0.0010461593	-0.0010376507	-0.0010290490	-0.0010203592	-0.0010115862	-0.0010027349	-0.0009938102	-0.0009848171	-0.0009757603	-0.0009666449	-0.0009574755	-0.0009482569	-0.0009389939	-0.0009296910	-0.0009203530	-0.0009109844	-0.0009015896	-0.0008921732	-0.0008827395	-0.0008732929	-0.0008638376	-0.0008543778	-0.0008449176	-0.0008354608	-0.0008260115	-0.0008165734	-0.0008071505	-0.0007977471	-0.0007883679	-0.0007790174	-0.0007696974	-0.0007604021	-0.0007511146	-0.0007418168	-0.0007325247	-0.0007233541	-0.0007145700	-0.0007065248	-0.0006994457	-0.0006932386	-0.0006875587	-0.0006820678	-0.0006765900	-0.0006710914	-0.0006655963	-0.0006601301	-0.0006547035	-0.0006493181	-0.0006439728	-0.0006386670	-0.0006334010	-0.0006281753	-0.0006229905	-0.0006178469	-0.0006127451	-0.0006076852	-0.0006026676	-0.0005976925	-0.0005927601	-0.0005878706	-0.0005830240	-0.0005782205	-0.0005734601	-0.0005687429	-0.0005640689	-0.0005594381	-0.0005548504	-0.0005503058	-0.0005458041	-0.0005413453	-0.0005369292	-0.0005325557	-0.0005282247	-0.0005239359	-0.0005196891	-0.0005154841	-0.0005113208	-0.0005071988	-0.0005031180	-0.0004990779	-0.0004950785	-0.0004911193	-0.0004872005	-0.0004833221	-0.0004794839	-0.0004756832	-0.0004719118
-0.0008027115	-0.0008026309	-0.0008025708	-0.0008025429	-0.0008025510	-0.0008025949	-0.0008026739	-0.0008027874	-0.0008029355	-0.0008031180	-0.0008033349	-0.0008035863	-0.0008038722	-0.0008041924	-0.0008045471	-0.0008049363	-0.0008053599	-0.0008058179	-0.0008063105	-0.0008068376	-0.0008073993	-0.0008079957	-0.0008086267	-0.0008092925	-0.0008099932	-0.0008107287	-0.0008114991	-0.0008123046	-0.0008131452	-0.0008140211	-0.0008149322	-0.0008158787	-0.0008168607	-0.0008178782	-0.0008189314	-0.0008200205	-0.0008211454	-0.0008223061	-0.0008235027	-0.0008247352	-0.0008260044	-0.0008273131	-0.0008286648	-0.0008300569	-0.0008314666	-0.0008328443	-0.0008341491	-0.0008354624	-0.0008371417	-0.0008398357	-0.0008441725	-0.0008502852	-0.0008577160	-0.0008657970	-0.0008740364	-0.0008822196	-0.0008903168	-0.0008983643	-0.0009063962	-0.0009144273	-0.0009224586	-0.0009304856	-0.0009385033	-0.0009465074	-0.0009544941	-0.0009624601	-0.0009704021	-0.0009783169	-0.0009862008	-0.0009940505	-0.0010018623	-0.0010096327	-0.0010173579	-0.0010250342	-0.0010326579	-0.0010402251	-0.0010477320	-0.0010551745	-0.0010625487	-0.0010698506	-0.0010770760	-0.0010842210	-0.0010912814	-0.0010982530	-0.0011051319	-0.0011119138	-0.0011185945	-0.0011251700	-0.0011316361	-0.0011379885	-0.0011442231	-0.0011503356	-0.0011563219	-0.0011621778	-0.0011678992	-0.0011734821	-0.0011789225	-0.0011842163	-0.0011893595	-0.0011943484	-0.0011991790	-0.0012038474	-0.0012083500	-0.0012126829	-0.0012168427	-0.0012208258	-0.0012246289	-0.0012282487	-0.0012316820	-0.0012349256	-0.0012379765	-0.0012408318	-0.0012434886	-0.0012459443	-0.0012481963	-0.0012502423	-0.0012520801	-0.0012537075	-0.0012551226	-0.0012563235	-0.0012573084	-0.0012580759	-0.0012586246	-0.0012589533	-0.0012590609	-0.0012589467	-0.0012586098	-0.0012580499	-0.0012572666	-0.0012562595	-0.0012550288	-0.0012535745	-0.0012518971	-0.0012499970	-0.0012478750	-0.0012455320	-0.0012429691	-0.0012401873	-0.0012371881	-0.0012339732	-0.0012305442	-0.0012269031	-0.0012230519	-0.0012189930	-0.0012147286	-0.0012102613	-0.0012055939	-0.0012007291	-0.0011956701	-0.0011904199	-0.0011849819	-0.0011793594	-0.0011735561	-0.0011675754	-0.0011614212	-0.0011550974	-0.0011486079	-0.0011419569	-0.0011351485	-0.0011281871	-0.0011210770	-0.0011138225	-0.0011064283	-0.0010988988	-0.0010912387	-0.0010834525	-0.0010755450	-0.0010675210	-0.0010593854	-0.0010511428	-0.0010427983	-0.0010343566	-0.0010258225	-0.0010172010	-0.0010084968	-0.0009997149	-0.0009908601	-0.0009819371	-0.0009729509	-0.0009639062	-0.0009548078	-0.0009456603	-0.0009364685	-0.0009272369	-0.0009179701	-0.0009086726	-0.0008993490	-0.0008900035	-0.0008806406	-0.0008712644	-0.0008618793	-0.0008524892	-0.0008430983	-0.0008337104	-0.0008243295	-0.0008149597	-0.0008056053	-0.0007962712	-0.0007869616	-0.0007776775	-0.0007684119	-0.0007591480	-0.0007498693	-0.0007405986	-0.0007314609	-0.0007227241	-0.0007147305	-0.0007076905	-0.0007015036	-0.0006958313	-0.0006903443	-0.0006848695	-0.0006793720	-0.0006738752	-0.0006684043	-0.0006629709	-0.0006575767	-0.0006522209	-0.0006469028	-0.0006416228	-0.0006363814	-0.0006311793	-0.0006260170	-0.0006208949	-0.0006158135	-0.0006107729	-0.0006057736	-0.0006008157	-0.0005958996	-0.0005910253	-0.0005861931	-0.0005814030	-0.0005766552	-0.0005719496	-0.0005672864	-0.0005626656	-0.0005580871	-0.0005535508	-0.0005490568	-0.0005446048	-0.0005401949	-0.0005358269	-0.0005315006	-0.0005272158	-0.0005229725	-0.0005187704	-0.0005146093	-0.0005104890	-0.0005064092	-0.0005023697	-0.0004983702	-0.0004944106	-0.0004904907	-0.0004866108	-0.0004827707	-0.0004789675	-0.0004751936
-0.0008098759	-0.0008097789	-0.0008097025	-0.0008096585	-0.0008096505	-0.0008096784	-0.0008097413	-0.0008098390	-0.0008099711	-0.0008101378	-0.0008103389	-0.0008105745	-0.0008108446	-0.0008111490	-0.0008114879	-0.0008118612	-0.0008122689	-0.0008127111	-0.0008131877	-0.0008136988	-0.0008142445	-0.0008148247	-0.0008154395	-0.0008160889	-0.0008167730	-0.0008174919	-0.0008182456	-0.0008190342	-0.0008198577	-0.0008207162	-0.0008216098	-0.0008225385	-0.0008235025	-0.0008245018	-0.0008255365	-0.0008266067	-0.0008277125	-0.0008288539	-0.0008300309	-0.0008312435	-0.0008324916	-0.0008337763	-0.0008351003	-0.0008364669	-0.0008378730	-0.0008392958	-0.0008406867	-0.0008420062	-0.0008433325	-0.0008450059	-0.0008476482	-0.0008518745	-0.0008578434	-0.0008651445	-0.0008731370	-0.0008813211	-0.0008894608	-0.0008975112	-0.0009055030	-0.0009134711	-0.0009214322	-0.0009293892	-0.0009373384	-0.0009452749	-0.0009531941	-0.0009610921	-0.0009689655	-0.0009768109	-0.0009846250	-0.0009924042	-0.0010001451	-0.0010078440	-0.0010154974	-0.0010231015	-0.0010306525	-0.0010381468	-0.0010455804	-0.0010529495	-0.0010602501	-0.0010674782	-0.0010746298	-0.0010817009	-0.0010886874	-0.0010955853	-0.0011023904	-0.0011090988	-0.0011157062	-0.0011222086	-0.0011286019	-0.0011348819	-0.0011410446	-0.0011470856	-0.0011530010	-0.0011587867	-0.0011644386	-0.0011699527	-0.0011753251	-0.0011805517	-0.0011856289	-0.0011905526	-0.0011953191	-0.0011999245	-0.0012043652	-0.0012086376	-0.0012127381	-0.0012166634	-0.0012204101	-0.0012239750	-0.0012273548	-0.0012305467	-0.0012335475	-0.0012363543	-0.0012389645	-0.0012413754	-0.0012435845	-0.0012455895	-0.0012473882	-0.0012489787	-0.0012503588	-0.0012515269	-0.0012524812	-0.0012532202	-0.0012537426	-0.0012540472	-0.0012541332	-0.0012539995	-0.0012536456	-0.0012530710	-0.0012522752	-0.0012512582	-0.0012500199	-0.0012485605	-0.0012468803	-0.0012449799	-0.0012428601	-0.0012405216	-0.0012379655	-0.0012351931	-0.0012322057	-0.0012290049	-0.0012255923	-0.0012219701	-0.0012181400	-0.0012141045	-0.0012098658	-0.0012054265	-0.0012007892	-0.0011959567	-0.0011909321	-0.0011857184	-0.0011803188	-0.0011747369	-0.0011689760	-0.0011630397	-0.0011569317	-0.0011506558	-0.0011442160	-0.0011376164	-0.0011308610	-0.0011239540	-0.0011168999	-0.0011097030	-0.0011023675	-0.0010948982	-0.0010872994	-0.0010795758	-0.0010717320	-0.0010637727	-0.0010557027	-0.0010475268	-0.0010392497	-0.0010308762	-0.0010224111	-0.0010138592	-0.0010052253	-0.0009965142	-0.0009877306	-0.0009788793	-0.0009699651	-0.0009609926	-0.0009519667	-0.0009428918	-0.0009337727	-0.0009246139	-0.0009154199	-0.0009061953	-0.0008969443	-0.0008876714	-0.0008783808	-0.0008690768	-0.0008597634	-0.0008504447	-0.0008411247	-0.0008318075	-0.0008224972	-0.0008131985	-0.0008039160	-0.0007946536	-0.0007854112	-0.0007761808	-0.0007669450	-0.0007576904	-0.0007484484	-0.0007393567	-0.0007306890	-0.0007227748	-0.0007158010	-0.0007096537	-0.0007039997	-0.0006985211	-0.0006930516	-0.0006875578	-0.0006820623	-0.0006765903	-0.0006711534	-0.0006657538	-0.0006603907	-0.0006550635	-0.0006497726	-0.0006445187	-0.0006393023	-0.0006341241	-0.0006289846	-0.0006238843	-0.0006188235	-0.0006138026	-0.0006088219	-0.0006038817	-0.0005989822	-0.0005941237	-0.0005893063	-0.0005845301	-0.0005797953	-0.0005751019	-0.0005704500	-0.0005658396	-0.0005612708	-0.0005567434	-0.0005522575	-0.0005478129	-0.0005434097	-0.0005390476	-0.0005347266	-0.0005304465	-0.0005262072	-0.0005220084	-0.0005178501	-0.0005137320	-0.0005096538	-0.0005056154	-0.0005016165	-0.0004976569	-0.0004937365	-0.0004898557	-0.0004860141	-0.0004822091	-0.0004784330
-0.0008169897	-0.0008168759	-0.0008167829	-0.0008167223	-0.0008166978	-0.0008167092	-0.0008167558	-0.0008168370	-0.0008169528	-0.0008171032	-0.0008172880	-0.0008175073	-0.0008177610	-0.0008180492	-0.0008183717	-0.0008187287	-0.0008191200	-0.0008195457	-0.0008200059	-0.0008205005	-0.0008210295	-0.0008215929	-0.0008221909	-0.0008228234	-0.0008234904	-0.0008241921	-0.0008249284	-0.0008256994	-0.0008265051	-0.0008273457	-0.0008282211	-0.0008291315	-0.0008300768	-0.0008310572	-0.0008320726	-0.0008331233	-0.0008342092	-0.0008353304	-0.0008364870	-0.0008376789	-0.0008389060	-0.0008401684	-0.0008414669	-0.0008428045	-0.0008441842	-0.0008456027	-0.0008470376	-0.0008484418	-0.0008497764	-0.0008511117	-0.0008527649	-0.0008553255	-0.0008593971	-0.0008651748	-0.0008723098	-0.0008801934	-0.0008883140	-0.0008964065	-0.0009044069	-0.0009123393	-0.0009202385	-0.0009281239	-0.0009360005	-0.0009438657	-0.0009517148	-0.0009595431	-0.0009673464	-0.0009751213	-0.0009828642	-0.0009905716	-0.0009982403	-0.0010058665	-0.0010134467	-0.0010209773	-0.0010284545	-0.0010358746	-0.0010432338	-0.0010505283	-0.0010577541	-0.0010649073	-0.0010719840	-0.0010789802	-0.0010858918	-0.0010927149	-0.0010994454	-0.0011060793	-0.0011126125	-0.0011190410	-0.0011253607	-0.0011315675	-0.0011376574	-0.0011436263	-0.0011494701	-0.0011551848	-0.0011607665	-0.0011662112	-0.0011715150	-0.0011766740	-0.0011816844	-0.0011865425	-0.0011912444	-0.0011957864	-0.0012001649	-0.0012043764	-0.0012084173	-0.0012122845	-0.0012159745	-0.0012194842	-0.0012228105	-0.0012259504	-0.0012289009	-0.0012316592	-0.0012342226	-0.0012365886	-0.0012387548	-0.0012407188	-0.0012424786	-0.0012440321	-0.0012453775	-0.0012465128	-0.0012474366	-0.0012481473	-0.0012486437	-0.0012489245	-0.0012489890	-0.0012488362	-0.0012484655	-0.0012478765	-0.0012470688	-0.0012460422	-0.0012447967	-0.0012433325	-0.0012416500	-0.0012397498	-0.0012376326	-0.0012352991	-0.0012327505	-0.0012299880	-0.0012270129	-0.0012238268	-0.0012204314	-0.0012168286	-0.0012130203	-0.0012090089	-0.0012047967	-0.0012003860	-0.0011957795	-0.0011909801	-0.0011859907	-0.0011808143	-0.0011754541	-0.0011699135	-0.0011641959	-0.0011583049	-0.0011522440	-0.0011460170	-0.0011396279	-0.0011330806	-0.0011263791	-0.0011195278	-0.0011125307	-0.0011053922	-0.0010981167	-0.0010907085	-0.0010831723	-0.0010755123	-0.0010677334	-0.0010598400	-0.0010518369	-0.0010437288	-0.0010355204	-0.0010272165	-0.0010188216	-0.0010103407	-0.0010017783	-0.0009931393	-0.0009844283	-0.0009756500	-0.0009668092	-0.0009579104	-0.0009489583	-0.0009399575	-0.0009309126	-0.0009218280	-0.0009127084	-0.0009035580	-0.0008943813	-0.0008851824	-0.0008759657	-0.0008667352	-0.0008574951	-0.0008482494	-0.0008390022	-0.0008297579	-0.0008205212	-0.0008112967	-0.0008020877	-0.0007928927	-0.0007837023	-0.0007744995	-0.0007652747	-0.0007560697	-0.0007470380	-0.0007384624	-0.0007306570	-0.0007237762	-0.0007176870	-0.0007120610	-0.0007065950	-0.0007011332	-0.0006956456	-0.0006901546	-0.0006846847	-0.0006792478	-0.0006738461	-0.0006684789	-0.0006631458	-0.0006578471	-0.0006525836	-0.0006473559	-0.0006421648	-0.0006370108	-0.0006318944	-0.0006268161	-0.0006217764	-0.0006167755	-0.0006118138	-0.0006068916	-0.0006020092	-0.0005971668	-0.0005923646	-0.0005876027	-0.0005828814	-0.0005782006	-0.0005735604	-0.0005689610	-0.0005644023	-0.0005598843	-0.0005554070	-0.0005509703	-0.0005465743	-0.0005422187	-0.0005379035	-0.0005336285	-0.0005293937	-0.0005251989	-0.0005210438	-0.0005169284	-0.0005128524	-0.0005088156	-0.0005048177	-0.0005008587	-0.0004969384	-0.0004930571	-0.0004892146	-0.0004854082	-0.0004816306
-0.0008240530	-0.0008239220	-0.0008238119	-0.0008237343	-0.0008236928	-0.0008236874	-0.0008237171	-0.0008237815	-0.0008238805	-0.0008240141	-0.0008241821	-0.0008243846	-0.0008246215	-0.0008248929	-0.0008251986	-0.0008255387	-0.0008259132	-0.0008263220	-0.0008267651	-0.0008272425	-0.0008277544	-0.0008283005	-0.0008288811	-0.0008294960	-0.0008301454	-0.0008308292	-0.0008315475	-0.0008323004	-0.0008330878	-0.0008339097	-0.0008347663	-0.0008356576	-0.0008365836	-0.0008375444	-0.0008385400	-0.0008395704	-0.0008406358	-0.0008417361	-0.0008428714	-0.0008440418	-0.0008452471	-0.0008464873	-0.0008477623	-0.0008490731	-0.0008504225	-0.0008518134	-0.0008532425	-0.0008546884	-0.0008561059	-0.0008574558	-0.0008587976	-0.0008604192	-0.0008628715	-0.0008667458	-0.0008722838	-0.0008792154	-0.0008869697	-0.0008950135	-0.0009030512	-0.0009109978	-0.0009188673	-0.0009266930	-0.0009344974	-0.0009422878	-0.0009500631	-0.0009578188	-0.0009655501	-0.0009732529	-0.0009809234	-0.0009885580	-0.0009961532	-0.0010037055	-0.0010112114	-0.0010186674	-0.0010260696	-0.0010334145	-0.0010406982	-0.0010479169	-0.0010550669	-0.0010621442	-0.0010691449	-0.0010760651	-0.0010829009	-0.0010896483	-0.0010963033	-0.0011028619	-0.0011093201	-0.0011156739	-0.0011219192	-0.0011280522	-0.0011340686	-0.0011399646	-0.0011457361	-0.0011513793	-0.0011568901	-0.0011622649	-0.0011674996	-0.0011725905	-0.0011775338	-0.0011823258	-0.0011869627	-0.0011914409	-0.0011957568	-0.0011999070	-0.0012038881	-0.0012076969	-0.0012113300	-0.0012147843	-0.0012180569	-0.0012211447	-0.0012240449	-0.0012267546	-0.0012292713	-0.0012315924	-0.0012337157	-0.0012356388	-0.0012373597	-0.0012388764	-0.0012401870	-0.0012412898	-0.0012421832	-0.0012428658	-0.0012433363	-0.0012435936	-0.0012436369	-0.0012434653	-0.0012430781	-0.0012424750	-0.0012416557	-0.0012406199	-0.0012393676	-0.0012378991	-0.0012362148	-0.0012343152	-0.0012322011	-0.0012298732	-0.0012273326	-0.0012245805	-0.0012216183	-0.0012184475	-0.0012150698	-0.0012114871	-0.0012077013	-0.0012037147	-0.0011995295	-0.0011951482	-0.0011905733	-0.0011858077	-0.0011808542	-0.0011757159	-0.0011703959	-0.0011648975	-0.0011592240	-0.0011533790	-0.0011473661	-0.0011411889	-0.0011348513	-0.0011283573	-0.0011217107	-0.0011149159	-0.0011079768	-0.0011008978	-0.0010936832	-0.0010863373	-0.0010788646	-0.0010712695	-0.0010635565	-0.0010557301	-0.0010477951	-0.0010397560	-0.0010316174	-0.0010233842	-0.0010150608	-0.0010066520	-0.0009981624	-0.0009895968	-0.0009809596	-0.0009722556	-0.0009634894	-0.0009546655	-0.0009457886	-0.0009368633	-0.0009278940	-0.0009188852	-0.0009098412	-0.0009007666	-0.0008916654	-0.0008825420	-0.0008734005	-0.0008642451	-0.0008550798	-0.0008459089	-0.0008367369	-0.0008275685	-0.0008184081	-0.0008092581	-0.0008001159	-0.0007909703	-0.0007818052	-0.0007726176	-0.0007634618	-0.0007545074	-0.0007460470	-0.0007383791	-0.0007316172	-0.0007256028	-0.0007200131	-0.0007145633	-0.0007091114	-0.0007036324	-0.0006981488	-0.0006926845	-0.0006872509	-0.0006818504	-0.0006764824	-0.0006711465	-0.0006658431	-0.0006605730	-0.0006553370	-0.0006501359	-0.0006449703	-0.0006398407	-0.0006347476	-0.0006296916	-0.0006246732	-0.0006196926	-0.0006147502	-0.0006098464	-0.0006049814	-0.0006001556	-0.0005953690	-0.0005906218	-0.0005859143	-0.0005812465	-0.0005766186	-0.0005720306	-0.0005674825	-0.0005629743	-0.0005585061	-0.0005540778	-0.0005496894	-0.0005453408	-0.0005410318	-0.0005367625	-0.0005325327	-0.0005283423	-0.0005241910	-0.0005200788	-0.0005160055	-0.0005119708	-0.0005079745	-0.0005040165	-0.0005000968	-0.0004962155	-0.0004923726	-0.0004885654	-0.0004847867
-0.0008310657	-0.0008309171	-0.0008307895	-0.0008306945	-0.0008306356	-0.0008306128	-0.0008306252	-0.0008306724	-0.0008307541	-0.0008308704	-0.0008310212	-0.0008312064	-0.0008314261	-0.0008316802	-0.0008319686	-0.0008322914	-0.0008326484	-0.0008330397	-0.0008334653	-0.0008339251	-0.0008344192	-0.0008349476	-0.0008355102	-0.0008361070	-0.0008367381	-0.0008374036	-0.0008381033	-0.0008388373	-0.0008396057	-0.0008404085	-0.0008412457	-0.0008421172	-0.0008430233	-0.0008439638	-0.0008449388	-0.0008459484	-0.0008469925	-0.0008480712	-0.0008491846	-0.0008503326	-0.0008515153	-0.0008527326	-0.0008539842	-0.0008552702	-0.0008565917	-0.0008579510	-0.0008593512	-0.0008607891	-0.0008622447	-0.0008636754	-0.0008650410	-0.0008663880	-0.0008679704	-0.0008702933	-0.0008739332	-0.0008791898	-0.0008858833	-0.0008934727	-0.0009014151	-0.0009093873	-0.0009172763	-0.0009250800	-0.0009328292	-0.0009405482	-0.0009482471	-0.0009559266	-0.0009635829	-0.0009712114	-0.0009788079	-0.0009863684	-0.0009938891	-0.0010013664	-0.0010087970	-0.0010161772	-0.0010235034	-0.0010307720	-0.0010379792	-0.0010451213	-0.0010521945	-0.0010591949	-0.0010661187	-0.0010729621	-0.0010797212	-0.0010863920	-0.0010929706	-0.0010994531	-0.0011058355	-0.0011121139	-0.0011182843	-0.0011243426	-0.0011302850	-0.0011361075	-0.0011418062	-0.0011473773	-0.0011528169	-0.0011581211	-0.0011632863	-0.0011683086	-0.0011731844	-0.0011779098	-0.0011824814	-0.0011868955	-0.0011911486	-0.0011952373	-0.0011991584	-0.0012029085	-0.0012064845	-0.0012098834	-0.0012131021	-0.0012161378	-0.0012189875	-0.0012216486	-0.0012241186	-0.0012263949	-0.0012284752	-0.0012303575	-0.0012320396	-0.0012335196	-0.0012347957	-0.0012358661	-0.0012367294	-0.0012373841	-0.0012378290	-0.0012380631	-0.0012380854	-0.0012378952	-0.0012374920	-0.0012368751	-0.0012360445	-0.0012349998	-0.0012337412	-0.0012322689	-0.0012305832	-0.0012286847	-0.0012265740	-0.0012242522	-0.0012217201	-0.0012189791	-0.0012160303	-0.0012128754	-0.0012095159	-0.0012059539	-0.0012021912	-0.0011982300	-0.0011940725	-0.0011897212	-0.0011851787	-0.0011804476	-0.0011755307	-0.0011704312	-0.0011651521	-0.0011596966	-0.0011540680	-0.0011482699	-0.0011423057	-0.0011361792	-0.0011298940	-0.0011234541	-0.0011168633	-0.0011101259	-0.0011032458	-0.0010962272	-0.0010890745	-0.0010817919	-0.0010743837	-0.0010668543	-0.0010592083	-0.0010514500	-0.0010435841	-0.0010356150	-0.0010275475	-0.0010193860	-0.0010111352	-0.0010027997	-0.0009943840	-0.0009858929	-0.0009773307	-0.0009687022	-0.0009600119	-0.0009512642	-0.0009424639	-0.0009336152	-0.0009247228	-0.0009157910	-0.0009068241	-0.0008978264	-0.0008888022	-0.0008797555	-0.0008706907	-0.0008616118	-0.0008525233	-0.0008434298	-0.0008343359	-0.0008252454	-0.0008161597	-0.0008070746	-0.0007979780	-0.0007888553	-0.0007797132	-0.0007706230	-0.0007617708	-0.0007534532	-0.0007459491	-0.0007393279	-0.0007334015	-0.0007278540	-0.0007224232	-0.0007169833	-0.0007115153	-0.0007060421	-0.0007005866	-0.0006951597	-0.0006897636	-0.0006843979	-0.0006790623	-0.0006737573	-0.0006684837	-0.0006632424	-0.0006580342	-0.0006528598	-0.0006477198	-0.0006426148	-0.0006375453	-0.0006325119	-0.0006275150	-0.0006225550	-0.0006176323	-0.0006127472	-0.0006079000	-0.0006030909	-0.0005983203	-0.0005935883	-0.0005888950	-0.0005842407	-0.0005796254	-0.0005750491	-0.0005705121	-0.0005660142	-0.0005615555	-0.0005571360	-0.0005527557	-0.0005484145	-0.0005441124	-0.0005398492	-0.0005356249	-0.0005314393	-0.0005272924	-0.0005231838	-0.0005191136	-0.0005150815	-0.0005110873	-0.0005071309	-0.0005032122	-0.0004993315	-0.0004954886	-0.0004916811	-0.0004879017
-0.0008380276	-0.0008378611	-0.0008377155	-0.0008376027	-0.0008375261	-0.0008374855	-0.0008374802	-0.0008375096	-0.0008375736	-0.0008376722	-0.0008378053	-0.0008379728	-0.0008381748	-0.0008384111	-0.0008386818	-0.0008389867	-0.0008393258	-0.0008396991	-0.0008401067	-0.0008405483	-0.0008410242	-0.0008415341	-0.0008420782	-0.0008426564	-0.0008432687	-0.0008439152	-0.0008445957	-0.0008453104	-0.0008460592	-0.0008468422	-0.0008476593	-0.0008485105	-0.0008493960	-0.0008503156	-0.0008512694	-0.0008522574	-0.0008532797	-0.0008543362	-0.0008554269	-0.0008565519	-0.0008577112	-0.0008589047	-0.0008601322	-0.0008613937	-0.0008626891	-0.0008640193	-0.0008653868	-0.0008667943	-0.0008682391	-0.0008697029	-0.0008711459	-0.0008725278	-0.0008738809	-0.0008754224	-0.0008776062	-0.0008809886	-0.0008859263	-0.0008923247	-0.0008996989	-0.0009075113	-0.0009154068	-0.0009232347	-0.0009309718	-0.0009386425	-0.0009462723	-0.0009538746	-0.0009614525	-0.0009690037	-0.0009765238	-0.0009840084	-0.0009914533	-0.0009988546	-0.0010062089	-0.0010135124	-0.0010207617	-0.0010279530	-0.0010350828	-0.0010421473	-0.0010491428	-0.0010560655	-0.0010629116	-0.0010696773	-0.0010763589	-0.0010829523	-0.0010894538	-0.0010958595	-0.0011021654	-0.0011083677	-0.0011144624	-0.0011204456	-0.0011263134	-0.0011320619	-0.0011376874	-0.0011431859	-0.0011485537	-0.0011537871	-0.0011588823	-0.0011638357	-0.0011686435	-0.0011733022	-0.0011778082	-0.0011821578	-0.0011863479	-0.0011903749	-0.0011942358	-0.0011979271	-0.0012014460	-0.0012047893	-0.0012079541	-0.0012109375	-0.0012137368	-0.0012163493	-0.0012187725	-0.0012210040	-0.0012230416	-0.0012248832	-0.0012265266	-0.0012279701	-0.0012292118	-0.0012302500	-0.0012310834	-0.0012317104	-0.0012321300	-0.0012323410	-0.0012323428	-0.0012321344	-0.0012317153	-0.0012310851	-0.0012302436	-0.0012291905	-0.0012279259	-0.0012264501	-0.0012247634	-0.0012228664	-0.0012207599	-0.0012184445	-0.0012159215	-0.0012131919	-0.0012102571	-0.0012071186	-0.0012037780	-0.0012002372	-0.0011964982	-0.0011925630	-0.0011884339	-0.0011841132	-0.0011796036	-0.0011749076	-0.0011700281	-0.0011649681	-0.0011597305	-0.0011543187	-0.0011487358	-0.0011429853	-0.0011370707	-0.0011309955	-0.0011247636	-0.0011183786	-0.0011118445	-0.0011051653	-0.0010983450	-0.0010913878	-0.0010842978	-0.0010770793	-0.0010697366	-0.0010622740	-0.0010546959	-0.0010470066	-0.0010392108	-0.0010313128	-0.0010233172	-0.0010152286	-0.0010070514	-0.0009987902	-0.0009904496	-0.0009820340	-0.0009735480	-0.0009649961	-0.0009563828	-0.0009477126	-0.0009389899	-0.0009302192	-0.0009214049	-0.0009125513	-0.0009036626	-0.0008947430	-0.0008857969	-0.0008768284	-0.0008678419	-0.0008588418	-0.0008498327	-0.0008408191	-0.0008318042	-0.0008227878	-0.0008137637	-0.0008047191	-0.0007956434	-0.0007865557	-0.0007775496	-0.0007688295	-0.0007606891	-0.0007533761	-0.0007469142	-0.0007410848	-0.0007355827	-0.0007301722	-0.0007247459	-0.0007192915	-0.0007138318	-0.0007083884	-0.0007029714	-0.0006975829	-0.0006922227	-0.0006868906	-0.0006815870	-0.0006763129	-0.0006710692	-0.0006658568	-0.0006606765	-0.0006555289	-0.0006504146	-0.0006453344	-0.0006402887	-0.0006352781	-0.0006303030	-0.0006253638	-0.0006204610	-0.0006155948	-0.0006107657	-0.0006059739	-0.0006012196	-0.0005965030	-0.0005918244	-0.0005871839	-0.0005825815	-0.0005780175	-0.0005734919	-0.0005690047	-0.0005645560	-0.0005601458	-0.0005557740	-0.0005514407	-0.0005471458	-0.0005428892	-0.0005386708	-0.0005344906	-0.0005303484	-0.0005262440	-0.0005221774	-0.0005181483	-0.0005141567	-0.0005102022	-0.0005062851	-0.0005024054	-0.0004985631	-0.0004947557	-0.0004909762
-0.0008449389	-0.0008447539	-0.0008445901	-0.0008444590	-0.0008443641	-0.0008443054	-0.0008442818	-0.0008442931	-0.0008443390	-0.0008444195	-0.0008445344	-0.0008446838	-0.0008448676	-0.0008450857	-0.0008453381	-0.0008456246	-0.0008459454	-0.0008463002	-0.0008466892	-0.0008471122	-0.0008475693	-0.0008480603	-0.0008485854	-0.0008491444	-0.0008497373	-0.0008503642	-0.0008510250	-0.0008517198	-0.0008524484	-0.0008532110	-0.0008540074	-0.0008548377	-0.0008557020	-0.0008566001	-0.0008575321	-0.0008584980	-0.0008594977	-0.0008605313	-0.0008615988	-0.0008627001	-0.0008638352	-0.0008650042	-0.0008662069	-0.0008674431	-0.0008687128	-0.0008700158	-0.0008713530	-0.0008727266	-0.0008741393	-0.0008755888	-0.0008770590	-0.0008785135	-0.0008799127	-0.0008812763	-0.0008827811	-0.0008848200	-0.0008879192	-0.0008924930	-0.0008985392	-0.0009056475	-0.0009132994	-0.0009211058	-0.0009288688	-0.0009365380	-0.0009441281	-0.0009516652	-0.0009591665	-0.0009666379	-0.0009740784	-0.0009814845	-0.0009888516	-0.0009961756	-0.0010034524	-0.0010106784	-0.0010178498	-0.0010249631	-0.0010320146	-0.0010390007	-0.0010459177	-0.0010527619	-0.0010595296	-0.0010662170	-0.0010728202	-0.0010793356	-0.0010857593	-0.0010920875	-0.0010983164	-0.0011044419	-0.0011104604	-0.0011163679	-0.0011221606	-0.0011278347	-0.0011333865	-0.0011388120	-0.0011441078	-0.0011492699	-0.0011542949	-0.0011591790	-0.0011639186	-0.0011685102	-0.0011729503	-0.0011772354	-0.0011813622	-0.0011853275	-0.0011891279	-0.0011927604	-0.0011962220	-0.0011995097	-0.0012026205	-0.0012055517	-0.0012083006	-0.0012108645	-0.0012132411	-0.0012154279	-0.0012174229	-0.0012192238	-0.0012208287	-0.0012222358	-0.0012234433	-0.0012244496	-0.0012252533	-0.0012258529	-0.0012262474	-0.0012264358	-0.0012264172	-0.0012261909	-0.0012257564	-0.0012251132	-0.0012242611	-0.0012231999	-0.0012219298	-0.0012204510	-0.0012187638	-0.0012168687	-0.0012147667	-0.0012124583	-0.0012099448	-0.0012072272	-0.0012043069	-0.0012011853	-0.0011978641	-0.0011943451	-0.0011906303	-0.0011867217	-0.0011826215	-0.0011783321	-0.0011738560	-0.0011691958	-0.0011643543	-0.0011593344	-0.0011541391	-0.0011487716	-0.0011432351	-0.0011375329	-0.0011316686	-0.0011256455	-0.0011194675	-0.0011131383	-0.0011066616	-0.0011000414	-0.0010932817	-0.0010863867	-0.0010793603	-0.0010722068	-0.0010649304	-0.0010575354	-0.0010500261	-0.0010424068	-0.0010346820	-0.0010268560	-0.0010189333	-0.0010109185	-0.0010028158	-0.0009946300	-0.0009863653	-0.0009780264	-0.0009696176	-0.0009611434	-0.0009526082	-0.0009440165	-0.0009353727	-0.0009266810	-0.0009179458	-0.0009091714	-0.0009003621	-0.0008915220	-0.0008826555	-0.0008737670	-0.0008648609	-0.0008559420	-0.0008470143	-0.0008380799	-0.0008291372	-0.0008201779	-0.0008111889	-0.0008021658	-0.0007931431	-0.0007842412	-0.0007756853	-0.0007677575	-0.0007606626	-0.0007543758	-0.0007486520	-0.0007431978	-0.0007378082	-0.0007323970	-0.0007269585	-0.0007215154	-0.0007160873	-0.0007106834	-0.0007053057	-0.0006999540	-0.0006946283	-0.0006893292	-0.0006840575	-0.0006788144	-0.0006736008	-0.0006684173	-0.0006632649	-0.0006581442	-0.0006530559	-0.0006480006	-0.0006429789	-0.0006379912	-0.0006330381	-0.0006281200	-0.0006232374	-0.0006183905	-0.0006135797	-0.0006088054	-0.0006040677	-0.0005993670	-0.0005947033	-0.0005900769	-0.0005854880	-0.0005809365	-0.0005764227	-0.0005719467	-0.0005675083	-0.0005631078	-0.0005587450	-0.0005544200	-0.0005501327	-0.0005458831	-0.0005416711	-0.0005374967	-0.0005333596	-0.0005292599	-0.0005251973	-0.0005211718	-0.0005171831	-0.0005132312	-0.0005093160	-0.0005054378	-0.0005015965	-0.0004977897	-0.0004940105
-0.0008517993	-0.0008515955	-0.0008514130	-0.0008512633	-0.0008511498	-0.0008510724	-0.0008510303	-0.0008510230	-0.0008510504	-0.0008511122	-0.0008512086	-0.0008513394	-0.0008515046	-0.0008517040	-0.0008519376	-0.0008522054	-0.0008525072	-0.0008528432	-0.0008532131	-0.0008536169	-0.0008540547	-0.0008545263	-0.0008550318	-0.0008555710	-0.0008561441	-0.0008567509	-0.0008573914	-0.0008580656	-0.0008587735	-0.0008595151	-0.0008602903	-0.0008610991	-0.0008619416	-0.0008628176	-0.0008637271	-0.0008646703	-0.0008656469	-0.0008666570	-0.0008677006	-0.0008687776	-0.0008698879	-0.0008710317	-0.0008722087	-0.0008734189	-0.0008746622	-0.0008759383	-0.0008772471	-0.0008785894	-0.0008799672	-0.0008813829	-0.0008828350	-0.0008843098	-0.0008857751	-0.0008871930	-0.0008885687	-0.0008900339	-0.0008919181	-0.0008947259	-0.0008989047	-0.0009045427	-0.0009113330	-0.0009187922	-0.0009264875	-0.0009341743	-0.0009417715	-0.0009492795	-0.0009567225	-0.0009641197	-0.0009714800	-0.0009788047	-0.0009860913	-0.0009933357	-0.0010005335	-0.0010076807	-0.0010147734	-0.0010218078	-0.0010287803	-0.0010356873	-0.0010425251	-0.0010492902	-0.0010559787	-0.0010625871	-0.0010691115	-0.0010755482	-0.0010818936	-0.0010881437	-0.0010942948	-0.0011003431	-0.0011062849	-0.0011121162	-0.0011178334	-0.0011234326	-0.0011289103	-0.0011342626	-0.0011394859	-0.0011445766	-0.0011495310	-0.0011543456	-0.0011590168	-0.0011635412	-0.0011679152	-0.0011721356	-0.0011761991	-0.0011801024	-0.0011838424	-0.0011874160	-0.0011908203	-0.0011940523	-0.0011971092	-0.0011999882	-0.0012026867	-0.0012052021	-0.0012075322	-0.0012096744	-0.0012116269	-0.0012133873	-0.0012149539	-0.0012163249	-0.0012174984	-0.0012184730	-0.0012192472	-0.0012198197	-0.0012201894	-0.0012203554	-0.0012203168	-0.0012200729	-0.0012196233	-0.0012189675	-0.0012181052	-0.0012170364	-0.0012157611	-0.0012142796	-0.0012125923	-0.0012106997	-0.0012086025	-0.0012063017	-0.0012037981	-0.0012010930	-0.0011981876	-0.0011950835	-0.0011917822	-0.0011882856	-0.0011845955	-0.0011807140	-0.0011766433	-0.0011723858	-0.0011679438	-0.0011633200	-0.0011585170	-0.0011535379	-0.0011483855	-0.0011430629	-0.0011375734	-0.0011319203	-0.0011261068	-0.0011201366	-0.0011140133	-0.0011077404	-0.0011013219	-0.0010947615	-0.0010880632	-0.0010812311	-0.0010742691	-0.0010671814	-0.0010599721	-0.0010526455	-0.0010452058	-0.0010376573	-0.0010300043	-0.0010222511	-0.0010144022	-0.0010064621	-0.0009984349	-0.0009903253	-0.0009821377	-0.0009738763	-0.0009655457	-0.0009571502	-0.0009486942	-0.0009401820	-0.0009316179	-0.0009230062	-0.0009143512	-0.0009056572	-0.0008969285	-0.0008881694	-0.0008793844	-0.0008705781	-0.0008617548	-0.0008529180	-0.0008440685	-0.0008352026	-0.0008263109	-0.0008173823	-0.0008084211	-0.0007994808	-0.0007907073	-0.0007823485	-0.0007746689	-0.0007678151	-0.0007617117	-0.0007560979	-0.0007506952	-0.0007453287	-0.0007399344	-0.0007345143	-0.0007290905	-0.0007236808	-0.0007182932	-0.0007129294	-0.0007075894	-0.0007022731	-0.0006969813	-0.0006917151	-0.0006864754	-0.0006812633	-0.0006760796	-0.0006709252	-0.0006658008	-0.0006607071	-0.0006556448	-0.0006506146	-0.0006456169	-0.0006406524	-0.0006357215	-0.0006308247	-0.0006259624	-0.0006211351	-0.0006163429	-0.0006115864	-0.0006068656	-0.0006021810	-0.0005975326	-0.0005929207	-0.0005883455	-0.0005838070	-0.0005793054	-0.0005748408	-0.0005704132	-0.0005660227	-0.0005616693	-0.0005573530	-0.0005530738	-0.0005488316	-0.0005446265	-0.0005404582	-0.0005363268	-0.0005322321	-0.0005281740	-0.0005241524	-0.0005201672	-0.0005162181	-0.0005123054	-0.0005084291	-0.0005045892	-0.0005007834	-0.0004970050
-0.0008586089	-0.0008583859	-0.0008581843	-0.0008580155	-0.0008578830	-0.0008577867	-0.0008577256	-0.0008576993	-0.0008577077	-0.0008577506	-0.0008578279	-0.0008579397	-0.0008580857	-0.0008582660	-0.0008584805	-0.0008587290	-0.0008590115	-0.0008593280	-0.0008596783	-0.0008600625	-0.0008604805	-0.0008609322	-0.0008614176	-0.0008619366	-0.0008624892	-0.0008630754	-0.0008636951	-0.0008643482	-0.0008650348	-0.0008657549	-0.0008665083	-0.0008672950	-0.0008681151	-0.0008689684	-0.0008698549	-0.0008707747	-0.0008717276	-0.0008727136	-0.0008737327	-0.0008747848	-0.0008758698	-0.0008769877	-0.0008781384	-0.0008793219	-0.0008805379	-0.0008817865	-0.0008830672	-0.0008843800	-0.0008857254	-0.0008871053	-0.0008885219	-0.0008899745	-0.0008914519	-0.0008929264	-0.0008943607	-0.0008957454	-0.0008971711	-0.0008989142	-0.0009014354	-0.0009051942	-0.0009103772	-0.0009167999	-0.0009240080	-0.0009315503	-0.0009391433	-0.0009466646	-0.0009540914	-0.0009614401	-0.0009687308	-0.0009759763	-0.0009831806	-0.0009903426	-0.0009974590	-0.0010045256	-0.0010115382	-0.0010184928	-0.0010253855	-0.0010322128	-0.0010389708	-0.0010456561	-0.0010522649	-0.0010587937	-0.0010652387	-0.0010715963	-0.0010778627	-0.0010840342	-0.0010901072	-0.0010960778	-0.0011019423	-0.0011076971	-0.0011133383	-0.0011188624	-0.0011242656	-0.0011295444	-0.0011346950	-0.0011397139	-0.0011445976	-0.0011493425	-0.0011539452	-0.0011584022	-0.0011627101	-0.0011668657	-0.0011708657	-0.0011747070	-0.0011783866	-0.0011819013	-0.0011852482	-0.0011884246	-0.0011914276	-0.0011942545	-0.0011969028	-0.0011993699	-0.0012016535	-0.0012037514	-0.0012056614	-0.0012073816	-0.0012089101	-0.0012102451	-0.0012113849	-0.0012123280	-0.0012130730	-0.0012136187	-0.0012139639	-0.0012141078	-0.0012140495	-0.0012137885	-0.0012133240	-0.0012126559	-0.0012117839	-0.0012107078	-0.0012094277	-0.0012079440	-0.0012062570	-0.0012043672	-0.0012022755	-0.0011999825	-0.0011974894	-0.0011947972	-0.0011919073	-0.0011888211	-0.0011855402	-0.0011820664	-0.0011784016	-0.0011745478	-0.0011705071	-0.0011662819	-0.0011618746	-0.0011572877	-0.0011525240	-0.0011475861	-0.0011424772	-0.0011372002	-0.0011317583	-0.0011261548	-0.0011203929	-0.0011144762	-0.0011084081	-0.0011021924	-0.0010958326	-0.0010893327	-0.0010826965	-0.0010759280	-0.0010690311	-0.0010620099	-0.0010548685	-0.0010476110	-0.0010402416	-0.0010327646	-0.0010251842	-0.0010175047	-0.0010097305	-0.0010018658	-0.0009939150	-0.0009858826	-0.0009777728	-0.0009695899	-0.0009613384	-0.0009530224	-0.0009446464	-0.0009362146	-0.0009277312	-0.0009192005	-0.0009106268	-0.0009020146	-0.0008933681	-0.0008846920	-0.0008759907	-0.0008672682	-0.0008585267	-0.0008497657	-0.0008409791	-0.0008321571	-0.0008232932	-0.0008144062	-0.0008055752	-0.0007969693	-0.0007888443	-0.0007814440	-0.0007748488	-0.0007689303	-0.0007634222	-0.0007580707	-0.0007527298	-0.0007473554	-0.0007419567	-0.0007365553	-0.0007311670	-0.0007257987	-0.0007204518	-0.0007151263	-0.0007098224	-0.0007045409	-0.0006992830	-0.0006940496	-0.0006888419	-0.0006836607	-0.0006785071	-0.0006733816	-0.0006682852	-0.0006632186	-0.0006581824	-0.0006531773	-0.0006482039	-0.0006432627	-0.0006383542	-0.0006334789	-0.0006286372	-0.0006238295	-0.0006190563	-0.0006143177	-0.0006096142	-0.0006049459	-0.0006003132	-0.0005957161	-0.0005911549	-0.0005866297	-0.0005821406	-0.0005776879	-0.0005732714	-0.0005688913	-0.0005645477	-0.0005602405	-0.0005559697	-0.0005517354	-0.0005475374	-0.0005433758	-0.0005392504	-0.0005351611	-0.0005311080	-0.0005270908	-0.0005231094	-0.0005191637	-0.0005152538	-0.0005113798	-0.0005075418	-0.0005037375	-0.0004999602
-0.0008653677	-0.0008651251	-0.0008649040	-0.0008647158	-0.0008645639	-0.0008644481	-0.0008643677	-0.0008643220	-0.0008643110	-0.0008643345	-0.0008643924	-0.0008644847	-0.0008646112	-0.0008647719	-0.0008649667	-0.0008651955	-0.0008654582	-0.0008657548	-0.0008660851	-0.0008664492	-0.0008668469	-0.0008672781	-0.0008677429	-0.0008682412	-0.0008687729	-0.0008693379	-0.0008699362	-0.0008705678	-0.0008712326	-0.0008719305	-0.0008726616	-0.0008734257	-0.0008742228	-0.0008750529	-0.0008759158	-0.0008768116	-0.0008777403	-0.0008787016	-0.0008796956	-0.0008807221	-0.0008817812	-0.0008828727	-0.0008839965	-0.0008851526	-0.0008863408	-0.0008875610	-0.0008888130	-0.0008900964	-0.0008914113	-0.0008927579	-0.0008941378	-0.0008955533	-0.0008970041	-0.0008984815	-0.0008999615	-0.0009014086	-0.0009028024	-0.0009042013	-0.0009058264	-0.0009080807	-0.0009114161	-0.0009161054	-0.0009220769	-0.0009289529	-0.0009362957	-0.0009437746	-0.0009512134	-0.0009585581	-0.0009658124	-0.0009729962	-0.0009801243	-0.0009872043	-0.0009942372	-0.0010012207	-0.0010081511	-0.0010150243	-0.0010218362	-0.0010285828	-0.0010352605	-0.0010418654	-0.0010483940	-0.0010548427	-0.0010612078	-0.0010674858	-0.0010736729	-0.0010797655	-0.0010857599	-0.0010916524	-0.0010974394	-0.0011031172	-0.0011086822	-0.0011141307	-0.0011194592	-0.0011246641	-0.0011297418	-0.0011346888	-0.0011395016	-0.0011441768	-0.0011487108	-0.0011531003	-0.0011573421	-0.0011614328	-0.0011653694	-0.0011691487	-0.0011727678	-0.0011762237	-0.0011795134	-0.0011826342	-0.0011855834	-0.0011883583	-0.0011909564	-0.0011933753	-0.0011956127	-0.0011976663	-0.0011995342	-0.0012012144	-0.0012027050	-0.0012040043	-0.0012051106	-0.0012060225	-0.0012067386	-0.0012072577	-0.0012075788	-0.0012077009	-0.0012076233	-0.0012073453	-0.0012068665	-0.0012061865	-0.0012053050	-0.0012042220	-0.0012029376	-0.0012014521	-0.0011997658	-0.0011978793	-0.0011957933	-0.0011935087	-0.0011910264	-0.0011883477	-0.0011854736	-0.0011824058	-0.0011791458	-0.0011756954	-0.0011720563	-0.0011682306	-0.0011642205	-0.0011600282	-0.0011556561	-0.0011511066	-0.0011463826	-0.0011414866	-0.0011364217	-0.0011311909	-0.0011257972	-0.0011202438	-0.0011145341	-0.0011086714	-0.0011026593	-0.0010965012	-0.0010902009	-0.0010837621	-0.0010771886	-0.0010704843	-0.0010636531	-0.0010566990	-0.0010496261	-0.0010424385	-0.0010351402	-0.0010277354	-0.0010202284	-0.0010126233	-0.0010049244	-0.0009971360	-0.0009892624	-0.0009813079	-0.0009732767	-0.0009651732	-0.0009570015	-0.0009487659	-0.0009404707	-0.0009321201	-0.0009237184	-0.0009152700	-0.0009067791	-0.0008982504	-0.0008896883	-0.0008810969	-0.0008724795	-0.0008638371	-0.0008551669	-0.0008464617	-0.0008377123	-0.0008289202	-0.0008201227	-0.0008114300	-0.0008030406	-0.0007952011	-0.0007881093	-0.0007817813	-0.0007760412	-0.0007706289	-0.0007653237	-0.0007600090	-0.0007546576	-0.0007492835	-0.0007439077	-0.0007385439	-0.0007331979	-0.0007278708	-0.0007225627	-0.0007172741	-0.0007120057	-0.0007067588	-0.0007015346	-0.0006963340	-0.0006911582	-0.0006860079	-0.0006808842	-0.0006757877	-0.0006707194	-0.0006656799	-0.0006606698	-0.0006556900	-0.0006507409	-0.0006458231	-0.0006409371	-0.0006360835	-0.0006312626	-0.0006264749	-0.0006217207	-0.0006170004	-0.0006123143	-0.0006076627	-0.0006030458	-0.0005984638	-0.0005939170	-0.0005894054	-0.0005849292	-0.0005804886	-0.0005760836	-0.0005717143	-0.0005673808	-0.0005630831	-0.0005588211	-0.0005545950	-0.0005504046	-0.0005462500	-0.0005421310	-0.0005380476	-0.0005339998	-0.0005299874	-0.0005260102	-0.0005220683	-0.0005181616	-0.0005142904	-0.0005104547	-0.0005066522	-0.0005028765
-0.0008720756	-0.0008718131	-0.0008715721	-0.0008713641	-0.0008711924	-0.0008710569	-0.0008709566	-0.0008708912	-0.0008708604	-0.0008708640	-0.0008709021	-0.0008709745	-0.0008710811	-0.0008712218	-0.0008713965	-0.0008716051	-0.0008718476	-0.0008721238	-0.0008724336	-0.0008727771	-0.0008731540	-0.0008735644	-0.0008740081	-0.0008744851	-0.0008749953	-0.0008755387	-0.0008761151	-0.0008767246	-0.0008773670	-0.0008780423	-0.0008787505	-0.0008794914	-0.0008802651	-0.0008810713	-0.0008819102	-0.0008827815	-0.0008836853	-0.0008846213	-0.0008855897	-0.0008865902	-0.0008876227	-0.0008886872	-0.0008897836	-0.0008909117	-0.0008920714	-0.0008932626	-0.0008944852	-0.0008957387	-0.0008970231	-0.0008983380	-0.0008996837	-0.0009010617	-0.0009024738	-0.0009039203	-0.0009053944	-0.0009068765	-0.0009083342	-0.0009097409	-0.0009111298	-0.0009126668	-0.0009146796	-0.0009175861	-0.0009217378	-0.0009271840	-0.0009336584	-0.0009407477	-0.0009480747	-0.0009554139	-0.0009626722	-0.0009698337	-0.0009769112	-0.0009839213	-0.0009908743	-0.0009977742	-0.0010046203	-0.0010114099	-0.0010181390	-0.0010248037	-0.0010314000	-0.0010379239	-0.0010443718	-0.0010507400	-0.0010570248	-0.0010632228	-0.0010693302	-0.0010753435	-0.0010812590	-0.0010870731	-0.0010927823	-0.0010983829	-0.0011038714	-0.0011092442	-0.0011144978	-0.0011196286	-0.0011246332	-0.0011295082	-0.0011342499	-0.0011388551	-0.0011433204	-0.0011476424	-0.0011518180	-0.0011558440	-0.0011597172	-0.0011634346	-0.0011669933	-0.0011703904	-0.0011736230	-0.0011766884	-0.0011795839	-0.0011823070	-0.0011848551	-0.0011872259	-0.0011894172	-0.0011914269	-0.0011932529	-0.0011948932	-0.0011963462	-0.0011976100	-0.0011986831	-0.0011995641	-0.0012002516	-0.0012007445	-0.0012010417	-0.0012011424	-0.0012010458	-0.0012007513	-0.0012002585	-0.0011995669	-0.0011986764	-0.0011975869	-0.0011962985	-0.0011948115	-0.0011931263	-0.0011912435	-0.0011891638	-0.0011868879	-0.0011844170	-0.0011817520	-0.0011788944	-0.0011758454	-0.0011726067	-0.0011691801	-0.0011655672	-0.0011617702	-0.0011577911	-0.0011536321	-0.0011492956	-0.0011447842	-0.0011401003	-0.0011352468	-0.0011302264	-0.0011250422	-0.0011196972	-0.0011141946	-0.0011085375	-0.0011027294	-0.0010967737	-0.0010906739	-0.0010844336	-0.0010780564	-0.0010715461	-0.0010649067	-0.0010581418	-0.0010512555	-0.0010442518	-0.0010371346	-0.0010299080	-0.0010225761	-0.0010151431	-0.0010076131	-0.0009999904	-0.0009922790	-0.0009844832	-0.0009766073	-0.0009686555	-0.0009606319	-0.0009525408	-0.0009443864	-0.0009361729	-0.0009279047	-0.0009195860	-0.0009112214	-0.0009028153	-0.0008943718	-0.0008858947	-0.0008773860	-0.0008688452	-0.0008602674	-0.0008516447	-0.0008429724	-0.0008342649	-0.0008255840	-0.0008170679	-0.0008089385	-0.0008014300	-0.0007946739	-0.0007886187	-0.0007830485	-0.0007777201	-0.0007724544	-0.0007671654	-0.0007618393	-0.0007564931	-0.0007511460	-0.0007458098	-0.0007404889	-0.0007351844	-0.0007298966	-0.0007246260	-0.0007193735	-0.0007141405	-0.0007089281	-0.0007037375	-0.0006985696	-0.0006934255	-0.0006883061	-0.0006832122	-0.0006781447	-0.0006731044	-0.0006680920	-0.0006631082	-0.0006581536	-0.0006532289	-0.0006483347	-0.0006434714	-0.0006386395	-0.0006338396	-0.0006290720	-0.0006243371	-0.0006196353	-0.0006149669	-0.0006103322	-0.0006057314	-0.0006011648	-0.0005966326	-0.0005921349	-0.0005876719	-0.0005832438	-0.0005788506	-0.0005744924	-0.0005701693	-0.0005658814	-0.0005616287	-0.0005574111	-0.0005532287	-0.0005490814	-0.0005449692	-0.0005408921	-0.0005368500	-0.0005328427	-0.0005288702	-0.0005249324	-0.0005210294	-0.0005171614	-0.0005133283	-0.0005095281	-0.0005057544
-0.0008787326	-0.0008784498	-0.0008781887	-0.0008779605	-0.0008777686	-0.0008776129	-0.0008774925	-0.0008774069	-0.0008773559	-0.0008773394	-0.0008773572	-0.0008774093	-0.0008774955	-0.0008776158	-0.0008777700	-0.0008779580	-0.0008781797	-0.0008784351	-0.0008787240	-0.0008790464	-0.0008794021	-0.0008797910	-0.0008802132	-0.0008806684	-0.0008811567	-0.0008816779	-0.0008822320	-0.0008828189	-0.0008834384	-0.0008840906	-0.0008847754	-0.0008854926	-0.0008862423	-0.0008870242	-0.0008878384	-0.0008886847	-0.0008895630	-0.0008904733	-0.0008914155	-0.0008923893	-0.0008933948	-0.0008944318	-0.0008955002	-0.0008965998	-0.0008977305	-0.0008988921	-0.0009000845	-0.0009013075	-0.0009025608	-0.0009038441	-0.0009051570	-0.0009064999	-0.0009078738	-0.0009092802	-0.0009107198	-0.0009121881	-0.0009136696	-0.0009151360	-0.0009165587	-0.0009179487	-0.0009194133	-0.0009212021	-0.0009237092	-0.0009273199	-0.0009321921	-0.0009381872	-0.0009449348	-0.0009520517	-0.0009592647	-0.0009664289	-0.0009734974	-0.0009804708	-0.0009873637	-0.0009941887	-0.0010009529	-0.0010076579	-0.0010143023	-0.0010208830	-0.0010273963	-0.0010338380	-0.0010402043	-0.0010464914	-0.0010526955	-0.0010588131	-0.0010648406	-0.0010707743	-0.0010766107	-0.0010823462	-0.0010879774	-0.0010935006	-0.0010989125	-0.0011042094	-0.0011093879	-0.0011144446	-0.0011193759	-0.0011241786	-0.0011288493	-0.0011333845	-0.0011377810	-0.0011420355	-0.0011461449	-0.0011501061	-0.0011539160	-0.0011575716	-0.0011610700	-0.0011644085	-0.0011675841	-0.0011705943	-0.0011734363	-0.0011761077	-0.0011786061	-0.0011809291	-0.0011830746	-0.0011850405	-0.0011868248	-0.0011884256	-0.0011898412	-0.0011910698	-0.0011921101	-0.0011929604	-0.0011936196	-0.0011940866	-0.0011943603	-0.0011944399	-0.0011943247	-0.0011940140	-0.0011935075	-0.0011928047	-0.0011919055	-0.0011908099	-0.0011895180	-0.0011880299	-0.0011863463	-0.0011844676	-0.0011823945	-0.0011801278	-0.0011776686	-0.0011750179	-0.0011721770	-0.0011691473	-0.0011659304	-0.0011625279	-0.0011589418	-0.0011551738	-0.0011512261	-0.0011471010	-0.0011428007	-0.0011383276	-0.0011336844	-0.0011288737	-0.0011238984	-0.0011187613	-0.0011134655	-0.0011080140	-0.0011024101	-0.0010966571	-0.0010907584	-0.0010847173	-0.0010785374	-0.0010722224	-0.0010657760	-0.0010592019	-0.0010525039	-0.0010456859	-0.0010387519	-0.0010317057	-0.0010245515	-0.0010172932	-0.0010099348	-0.0010024805	-0.0009949344	-0.0009873007	-0.0009795834	-0.0009717867	-0.0009639149	-0.0009559720	-0.0009479623	-0.0009398900	-0.0009317595	-0.0009235751	-0.0009153412	-0.0009070621	-0.0008987416	-0.0008903822	-0.0008819848	-0.0008735465	-0.0008650617	-0.0008565238	-0.0008479360	-0.0008393318	-0.0008308045	-0.0008225226	-0.0008147083	-0.0008075642	-0.0008011499	-0.0007953531	-0.0007899423	-0.0007846911	-0.0007794612	-0.0007741980	-0.0007688997	-0.0007635843	-0.0007582689	-0.0007529630	-0.0007476700	-0.0007423909	-0.0007371261	-0.0007318762	-0.0007266425	-0.0007214260	-0.0007162282	-0.0007110501	-0.0007058928	-0.0007007575	-0.0006956450	-0.0006905563	-0.0006854922	-0.0006804536	-0.0006754413	-0.0006704560	-0.0006654984	-0.0006605692	-0.0006556690	-0.0006507984	-0.0006459579	-0.0006411480	-0.0006363692	-0.0006316219	-0.0006269065	-0.0006222234	-0.0006175728	-0.0006129552	-0.0006083708	-0.0006038198	-0.0005993025	-0.0005948190	-0.0005903695	-0.0005859541	-0.0005815730	-0.0005772263	-0.0005729140	-0.0005686362	-0.0005643930	-0.0005601843	-0.0005560102	-0.0005518707	-0.0005477657	-0.0005436952	-0.0005396591	-0.0005356574	-0.0005316899	-0.0005277566	-0.0005238576	-0.0005199932	-0.0005161631	-0.0005123655	-0.0005085943
-0.0008853389	-0.0008850354	-0.0008847537	-0.0008845050	-0.0008842926	-0.0008841164	-0.0008839754	-0.0008838693	-0.0008837977	-0.0008837605	-0.0008837577	-0.0008837890	-0.0008838545	-0.0008839539	-0.0008840872	-0.0008842542	-0.0008844548	-0.0008846889	-0.0008849564	-0.0008852572	-0.0008855912	-0.0008859584	-0.0008863585	-0.0008867915	-0.0008872574	-0.0008877559	-0.0008882872	-0.0008888509	-0.0008894471	-0.0008900757	-0.0008907366	-0.0008914296	-0.0008921548	-0.0008929119	-0.0008937008	-0.0008945216	-0.0008953740	-0.0008962580	-0.0008971734	-0.0008981202	-0.0008990981	-0.0009001070	-0.0009011468	-0.0009022174	-0.0009033186	-0.0009044501	-0.0009056119	-0.0009068037	-0.0009080252	-0.0009092763	-0.0009105565	-0.0009118655	-0.0009132034	-0.0009145709	-0.0009159696	-0.0009174002	-0.0009188601	-0.0009203377	-0.0009218089	-0.0009232446	-0.0009246367	-0.0009260459	-0.0009276649	-0.0009298302	-0.0009329158	-0.0009371727	-0.0009425876	-0.0009488951	-0.0009557324	-0.0009627747	-0.0009698257	-0.0009767973	-0.0009836687	-0.0009904467	-0.0009971447	-0.0010037719	-0.0010103333	-0.0010168291	-0.0010232575	-0.0010296152	-0.0010358985	-0.0010421034	-0.0010482261	-0.0010542628	-0.0010602099	-0.0010660638	-0.0010718209	-0.0010774777	-0.0010830307	-0.0010884765	-0.0010938116	-0.0010990325	-0.0011041359	-0.0011091183	-0.0011139765	-0.0011187069	-0.0011233064	-0.0011277716	-0.0011320993	-0.0011362864	-0.0011403297	-0.0011442261	-0.0011479728	-0.0011515667	-0.0011550050	-0.0011582850	-0.0011614038	-0.0011643589	-0.0011671476	-0.0011697676	-0.0011722165	-0.0011744920	-0.0011765919	-0.0011785143	-0.0011802572	-0.0011818188	-0.0011831973	-0.0011843911	-0.0011853988	-0.0011862188	-0.0011868501	-0.0011872915	-0.0011875421	-0.0011876009	-0.0011874674	-0.0011871409	-0.0011866211	-0.0011859075	-0.0011850000	-0.0011838987	-0.0011826035	-0.0011811149	-0.0011794331	-0.0011775589	-0.0011754928	-0.0011732357	-0.0011707886	-0.0011681526	-0.0011653289	-0.0011623189	-0.0011591242	-0.0011557463	-0.0011521872	-0.0011484488	-0.0011445330	-0.0011404421	-0.0011361783	-0.0011317441	-0.0011271419	-0.0011223745	-0.0011174446	-0.0011123551	-0.0011071089	-0.0011017091	-0.0010961588	-0.0010904613	-0.0010846199	-0.0010786381	-0.0010725192	-0.0010662668	-0.0010598847	-0.0010533764	-0.0010467459	-0.0010399968	-0.0010331330	-0.0010261584	-0.0010190770	-0.0010118927	-0.0010046096	-0.0009972315	-0.0009897627	-0.0009822070	-0.0009745688	-0.0009668520	-0.0009590609	-0.0009511996	-0.0009432725	-0.0009352837	-0.0009272377	-0.0009191387	-0.0009109906	-0.0009027962	-0.0008945571	-0.0008862719	-0.0008779366	-0.0008695452	-0.0008610962	-0.0008526072	-0.0008441378	-0.0008358111	-0.0008278233	-0.0008203860	-0.0008136377	-0.0008075634	-0.0008019973	-0.0007967175	-0.0007915334	-0.0007863393	-0.0007811048	-0.0007758377	-0.0007705563	-0.0007652753	-0.0007600023	-0.0007547398	-0.0007494888	-0.0007442496	-0.0007390232	-0.0007338107	-0.0007286135	-0.0007234328	-0.0007182699	-0.0007131259	-0.0007080018	-0.0007028988	-0.0006978178	-0.0006927596	-0.0006877253	-0.0006827155	-0.0006777312	-0.0006727730	-0.0006678417	-0.0006629379	-0.0006580622	-0.0006532153	-0.0006483977	-0.0006436098	-0.0006388522	-0.0006341254	-0.0006294296	-0.0006247654	-0.0006201329	-0.0006155327	-0.0006109648	-0.0006064297	-0.0006019275	-0.0005974584	-0.0005930227	-0.0005886204	-0.0005842517	-0.0005799167	-0.0005756155	-0.0005713481	-0.0005671147	-0.0005629153	-0.0005587499	-0.0005546184	-0.0005505209	-0.0005464574	-0.0005424277	-0.0005384319	-0.0005344698	-0.0005305414	-0.0005266468	-0.0005227862	-0.0005189596	-0.0005151651	-0.0005113965
-0.0008918944	-0.0008915699	-0.0008912673	-0.0008909976	-0.0008907644	-0.0008905673	-0.0008904054	-0.0008902783	-0.0008901858	-0.0008901276	-0.0008901037	-0.0008901140	-0.0008901583	-0.0008902364	-0.0008903483	-0.0008904939	-0.0008906729	-0.0008908853	-0.0008911310	-0.0008914099	-0.0008917218	-0.0008920666	-0.0008924442	-0.0008928546	-0.0008932975	-0.0008937730	-0.0008942809	-0.0008948211	-0.0008953935	-0.0008959980	-0.0008966344	-0.0008973028	-0.0008980029	-0.0008987347	-0.0008994980	-0.0009002927	-0.0009011187	-0.0009019759	-0.0009028641	-0.0009037831	-0.0009047330	-0.0009057134	-0.0009067242	-0.0009077652	-0.0009088363	-0.0009099373	-0.0009110679	-0.0009122280	-0.0009134173	-0.0009146355	-0.0009158823	-0.0009171574	-0.0009184604	-0.0009197912	-0.0009211504	-0.0009225391	-0.0009239585	-0.0009254071	-0.0009268763	-0.0009283464	-0.0009297898	-0.0009311887	-0.0009325734	-0.0009340763	-0.0009359526	-0.0009385425	-0.0009421652	-0.0009469324	-0.0009527068	-0.0009591617	-0.0009659653	-0.0009728674	-0.0009797291	-0.0009864973	-0.0009931640	-0.0009997377	-0.0010062293	-0.0010126461	-0.0010189911	-0.0010252640	-0.0010314626	-0.0010375837	-0.0010436236	-0.0010495785	-0.0010554446	-0.0010612182	-0.0010668957	-0.0010724736	-0.0010779484	-0.0010833166	-0.0010885749	-0.0010937198	-0.0010987481	-0.0011036563	-0.0011084412	-0.0011130995	-0.0011176278	-0.0011220231	-0.0011262821	-0.0011304018	-0.0011343791	-0.0011382109	-0.0011418945	-0.0011454268	-0.0011488051	-0.0011520268	-0.0011550890	-0.0011579892	-0.0011607249	-0.0011632937	-0.0011656934	-0.0011679216	-0.0011699763	-0.0011718555	-0.0011735573	-0.0011750799	-0.0011764217	-0.0011775810	-0.0011785564	-0.0011793466	-0.0011799503	-0.0011803665	-0.0011805942	-0.0011806327	-0.0011804813	-0.0011801394	-0.0011796065	-0.0011788825	-0.0011779672	-0.0011768604	-0.0011755625	-0.0011740736	-0.0011723942	-0.0011705248	-0.0011684661	-0.0011662190	-0.0011637844	-0.0011611634	-0.0011583573	-0.0011553674	-0.0011521952	-0.0011488424	-0.0011453108	-0.0011416022	-0.0011377187	-0.0011336624	-0.0011294355	-0.0011250405	-0.0011204799	-0.0011157561	-0.0011108721	-0.0011058305	-0.0011006343	-0.0010952865	-0.0010897903	-0.0010841487	-0.0010783652	-0.0010724429	-0.0010663854	-0.0010601962	-0.0010538788	-0.0010474369	-0.0010408742	-0.0010341944	-0.0010274013	-0.0010204988	-0.0010134907	-0.0010063809	-0.0009991734	-0.0009918720	-0.0009844809	-0.0009770040	-0.0009694455	-0.0009618095	-0.0009541002	-0.0009463219	-0.0009384787	-0.0009305749	-0.0009226143	-0.0009146000	-0.0009065340	-0.0008984157	-0.0008902427	-0.0008820098	-0.0008737145	-0.0008653652	-0.0008569995	-0.0008487087	-0.0008406506	-0.0008330217	-0.0008260049	-0.0008196637	-0.0008139132	-0.0008085531	-0.0008033790	-0.0007982469	-0.0007930862	-0.0007878835	-0.0007826517	-0.0007774079	-0.0007721642	-0.0007669266	-0.0007616972	-0.0007564766	-0.0007512657	-0.0007460652	-0.0007408766	-0.0007357012	-0.0007305402	-0.0007253951	-0.0007202668	-0.0007151566	-0.0007100656	-0.0007049947	-0.0006999450	-0.0006949173	-0.0006899125	-0.0006849316	-0.0006799751	-0.0006750440	-0.0006701389	-0.0006652605	-0.0006604095	-0.0006555863	-0.0006507916	-0.0006460259	-0.0006412897	-0.0006365834	-0.0006319074	-0.0006272622	-0.0006226480	-0.0006180653	-0.0006135143	-0.0006089952	-0.0006045084	-0.0006000540	-0.0005956322	-0.0005912432	-0.0005868872	-0.0005825642	-0.0005782744	-0.0005740178	-0.0005697945	-0.0005656047	-0.0005614482	-0.0005573251	-0.0005532355	-0.0005491792	-0.0005451563	-0.0005411667	-0.0005372104	-0.0005332872	-0.0005293974	-0.0005255411	-0.0005217183	-0.0005179271	-0.0005141617
-0.0008983992	-0.0008980533	-0.0008977294	-0.0008974386	-0.0008971841	-0.0008969657	-0.0008967826	-0.0008966342	-0.0008965203	-0.0008964408	-0.0008963955	-0.0008963842	-0.0008964069	-0.0008964634	-0.0008965536	-0.0008966772	-0.0008968343	-0.0008970246	-0.0008972481	-0.0008975045	-0.0008977938	-0.0008981159	-0.0008984706	-0.0008988578	-0.0008992775	-0.0008997294	-0.0009002135	-0.0009007297	-0.0009012778	-0.0009018577	-0.0009024693	-0.0009031125	-0.0009037871	-0.0009044931	-0.0009052302	-0.0009059984	-0.0009067975	-0.0009076274	-0.0009084879	-0.0009093789	-0.0009103001	-0.0009112515	-0.0009122328	-0.0009132438	-0.0009142844	-0.0009153543	-0.0009164534	-0.0009175812	-0.0009187377	-0.0009199226	-0.0009211355	-0.0009223762	-0.0009236441	-0.0009249390	-0.0009262606	-0.0009276092	-0.0009289859	-0.0009303916	-0.0009318257	-0.0009332821	-0.0009347462	-0.0009361946	-0.0009376047	-0.0009389825	-0.0009404029	-0.0009420473	-0.0009442186	-0.0009472409	-0.0009513216	-0.0009564502	-0.0009624089	-0.0009688790	-0.0009755701	-0.0009822938	-0.0009889511	-0.0009955078	-0.0010019618	-0.0010083212	-0.0010145950	-0.0010207885	-0.0010269040	-0.0010329407	-0.0010388964	-0.0010447680	-0.0010505518	-0.0010562443	-0.0010618416	-0.0010673401	-0.0010727364	-0.0010780270	-0.0010832084	-0.0010882774	-0.0010932306	-0.0010980646	-0.0011027764	-0.0011073626	-0.0011118200	-0.0011161454	-0.0011203359	-0.0011243883	-0.0011282997	-0.0011320672	-0.0011356878	-0.0011391587	-0.0011424773	-0.0011456408	-0.0011486466	-0.0011514922	-0.0011541751	-0.0011566930	-0.0011590436	-0.0011612249	-0.0011632346	-0.0011650710	-0.0011667320	-0.0011682161	-0.0011695214	-0.0011706466	-0.0011715901	-0.0011723507	-0.0011729271	-0.0011733185	-0.0011735238	-0.0011735423	-0.0011733734	-0.0011730164	-0.0011724710	-0.0011717369	-0.0011708141	-0.0011697024	-0.0011684020	-0.0011669132	-0.0011652364	-0.0011633723	-0.0011613214	-0.0011590847	-0.0011566630	-0.0011540574	-0.0011512692	-0.0011482998	-0.0011451505	-0.0011418231	-0.0011383193	-0.0011346410	-0.0011307901	-0.0011267688	-0.0011225792	-0.0011182238	-0.0011137050	-0.0011090253	-0.0011041874	-0.0010991942	-0.0010940484	-0.0010887530	-0.0010833112	-0.0010777260	-0.0010720006	-0.0010661384	-0.0010601427	-0.0010540170	-0.0010477648	-0.0010413896	-0.0010348951	-0.0010282850	-0.0010215630	-0.0010147329	-0.0010077985	-0.0010007636	-0.0009936322	-0.0009864081	-0.0009790954	-0.0009716981	-0.0009642204	-0.0009566664	-0.0009490403	-0.0009413461	-0.0009335877	-0.0009257680	-0.0009178894	-0.0009099519	-0.0009019538	-0.0008938914	-0.0008857618	-0.0008775698	-0.0008693408	-0.0008611413	-0.0008530927	-0.0008453738	-0.0008381745	-0.0008316089	-0.0008256625	-0.0008201938	-0.0008150051	-0.0008099187	-0.0008048308	-0.0007997027	-0.0007945344	-0.0007893413	-0.0007841382	-0.0007789345	-0.0007737349	-0.0007685409	-0.0007633534	-0.0007581731	-0.0007530011	-0.0007478388	-0.0007426876	-0.0007375489	-0.0007324240	-0.0007273140	-0.0007222201	-0.0007171435	-0.0007120852	-0.0007070463	-0.0007020277	-0.0006970303	-0.0006920550	-0.0006871027	-0.0006821741	-0.0006772701	-0.0006723912	-0.0006675382	-0.0006627117	-0.0006579124	-0.0006531407	-0.0006483972	-0.0006436825	-0.0006389968	-0.0006343408	-0.0006297147	-0.0006251190	-0.0006205540	-0.0006160199	-0.0006115171	-0.0006070458	-0.0006026063	-0.0005981988	-0.0005938234	-0.0005894802	-0.0005851695	-0.0005808914	-0.0005766459	-0.0005724331	-0.0005682530	-0.0005641058	-0.0005599915	-0.0005559100	-0.0005518613	-0.0005478455	-0.0005438625	-0.0005399122	-0.0005359946	-0.0005321099	-0.0005282582	-0.0005244395	-0.0005206521	-0.0005168901
-0.0009048534	-0.0009044858	-0.0009041403	-0.0009038279	-0.0009035518	-0.0009033118	-0.0009031071	-0.0009029370	-0.0009028014	-0.0009027001	-0.0009026330	-0.0009025999	-0.0009026006	-0.0009026351	-0.0009027031	-0.0009028045	-0.0009029392	-0.0009031069	-0.0009033077	-0.0009035413	-0.0009038077	-0.0009041066	-0.0009044379	-0.0009048016	-0.0009051975	-0.0009056254	-0.0009060853	-0.0009065770	-0.0009071003	-0.0009076552	-0.0009082415	-0.0009088591	-0.0009095078	-0.0009101875	-0.0009108980	-0.0009116392	-0.0009124110	-0.0009132131	-0.0009140454	-0.0009149078	-0.0009158000	-0.0009167219	-0.0009176733	-0.0009186538	-0.0009196635	-0.0009207019	-0.0009217688	-0.0009228641	-0.0009239874	-0.0009251385	-0.0009263170	-0.0009275226	-0.0009287550	-0.0009300137	-0.0009312984	-0.0009326086	-0.0009339446	-0.0009353069	-0.0009366965	-0.0009381134	-0.0009395540	-0.0009410078	-0.0009424552	-0.0009438726	-0.0009452499	-0.0009466224	-0.0009481153	-0.0009499549	-0.0009524302	-0.0009558188	-0.0009602309	-0.0009655717	-0.0009715814	-0.0009779746	-0.0009845065	-0.0009910304	-0.0009974724	-0.0010038094	-0.0010100415	-0.0010161760	-0.0010222202	-0.0010281782	-0.0010340517	-0.0010398397	-0.0010455401	-0.0010511501	-0.0010566660	-0.0010620843	-0.0010674015	-0.0010726140	-0.0010777185	-0.0010827114	-0.0010875895	-0.0010923495	-0.0010969882	-0.0011015024	-0.0011058890	-0.0011101449	-0.0011142670	-0.0011182524	-0.0011220981	-0.0011258014	-0.0011293592	-0.0011327690	-0.0011360281	-0.0011391337	-0.0011420834	-0.0011448746	-0.0011475050	-0.0011499723	-0.0011522743	-0.0011544088	-0.0011563739	-0.0011581677	-0.0011597883	-0.0011612341	-0.0011625034	-0.0011635948	-0.0011645067	-0.0011652381	-0.0011657877	-0.0011661546	-0.0011663379	-0.0011663368	-0.0011661507	-0.0011657790	-0.0011652215	-0.0011644777	-0.0011635477	-0.0011624314	-0.0011611289	-0.0011596407	-0.0011579670	-0.0011561085	-0.0011540658	-0.0011518397	-0.0011494313	-0.0011468415	-0.0011440716	-0.0011411229	-0.0011379970	-0.0011346953	-0.0011312197	-0.0011275719	-0.0011237540	-0.0011197680	-0.0011156161	-0.0011113007	-0.0011068240	-0.0011021887	-0.0010973974	-0.0010924528	-0.0010873578	-0.0010821152	-0.0010767281	-0.0010711996	-0.0010655328	-0.0010597310	-0.0010537974	-0.0010477355	-0.0010415487	-0.0010352406	-0.0010288147	-0.0010222746	-0.0010156241	-0.0010088668	-0.0010020065	-0.0009950471	-0.0009879924	-0.0009808464	-0.0009736132	-0.0009662967	-0.0009589010	-0.0009514301	-0.0009438875	-0.0009362765	-0.0009285991	-0.0009208558	-0.0009130457	-0.0009051658	-0.0008972137	-0.0008891922	-0.0008811201	-0.0008730488	-0.0008650749	-0.0008573527	-0.0008500561	-0.0008433320	-0.0008372207	-0.0008316384	-0.0008264066	-0.0008213469	-0.0008163280	-0.0008112806	-0.0008061878	-0.0008010580	-0.0007959068	-0.0007907471	-0.0007855859	-0.0007804265	-0.0007752703	-0.0007701180	-0.0007649707	-0.0007598296	-0.0007546960	-0.0007495715	-0.0007444574	-0.0007393551	-0.0007342657	-0.0007291906	-0.0007241309	-0.0007190876	-0.0007140618	-0.0007090546	-0.0007040670	-0.0006990997	-0.0006941538	-0.0006892301	-0.0006843292	-0.0006794521	-0.0006745994	-0.0006697719	-0.0006649700	-0.0006601945	-0.0006554458	-0.0006507246	-0.0006460314	-0.0006413666	-0.0006367305	-0.0006321238	-0.0006275466	-0.0006229994	-0.0006184825	-0.0006139962	-0.0006095407	-0.0006051163	-0.0006007232	-0.0005963616	-0.0005920316	-0.0005877334	-0.0005834672	-0.0005792330	-0.0005750309	-0.0005708610	-0.0005667234	-0.0005626180	-0.0005585450	-0.0005545042	-0.0005504958	-0.0005465197	-0.0005425758	-0.0005386641	-0.0005347848	-0.0005309380	-0.0005271238	-0.0005233404	-0.0005195823
-0.0009112570	-0.0009108674	-0.0009105000	-0.0009101657	-0.0009098677	-0.0009096057	-0.0009093790	-0.0009091869	-0.0009090292	-0.0009089058	-0.0009088165	-0.0009087612	-0.0009087396	-0.0009087516	-0.0009087970	-0.0009088758	-0.0009089877	-0.0009091325	-0.0009093102	-0.0009095206	-0.0009097635	-0.0009100389	-0.0009103465	-0.0009106862	-0.0009110579	-0.0009114614	-0.0009118966	-0.0009123634	-0.0009128616	-0.0009133910	-0.0009139515	-0.0009145431	-0.0009151654	-0.0009158184	-0.0009165018	-0.0009172156	-0.0009179596	-0.0009187335	-0.0009195372	-0.0009203706	-0.0009212333	-0.0009221253	-0.0009230462	-0.0009239959	-0.0009249741	-0.0009259806	-0.0009270151	-0.0009280774	-0.0009291670	-0.0009302839	-0.0009314276	-0.0009325978	-0.0009337941	-0.0009350162	-0.0009362637	-0.0009375359	-0.0009388327	-0.0009401537	-0.0009414996	-0.0009428710	-0.0009442683	-0.0009456897	-0.0009471275	-0.0009485666	-0.0009499858	-0.0009513684	-0.0009527239	-0.0009541201	-0.0009557087	-0.0009577405	-0.0009604870	-0.0009641504	-0.0009687635	-0.0009741865	-0.0009801532	-0.0009864097	-0.0009927506	-0.0009990574	-0.0010052735	-0.0010113819	-0.0010173829	-0.0010232821	-0.0010290856	-0.0010347963	-0.0010404160	-0.0010459437	-0.0010513775	-0.0010567145	-0.0010619515	-0.0010670851	-0.0010721119	-0.0010770283	-0.0010818311	-0.0010865170	-0.0010910827	-0.0010955251	-0.0010998411	-0.0011040275	-0.0011080815	-0.0011120002	-0.0011157805	-0.0011194198	-0.0011229153	-0.0011262643	-0.0011294640	-0.0011325121	-0.0011354060	-0.0011381432	-0.0011407214	-0.0011431383	-0.0011453919	-0.0011474801	-0.0011494010	-0.0011511525	-0.0011527331	-0.0011541409	-0.0011553745	-0.0011564324	-0.0011573133	-0.0011580158	-0.0011585389	-0.0011588818	-0.0011590433	-0.0011590230	-0.0011588201	-0.0011584341	-0.0011578648	-0.0011571118	-0.0011561750	-0.0011550544	-0.0011537503	-0.0011522629	-0.0011505926	-0.0011487401	-0.0011467059	-0.0011444909	-0.0011420961	-0.0011395225	-0.0011367712	-0.0011338437	-0.0011307413	-0.0011274658	-0.0011240186	-0.0011204018	-0.0011166172	-0.0011126669	-0.0011085530	-0.0011042778	-0.0010998436	-0.0010952530	-0.0010905086	-0.0010856130	-0.0010805690	-0.0010753795	-0.0010700474	-0.0010645759	-0.0010589679	-0.0010532267	-0.0010473556	-0.0010413578	-0.0010352367	-0.0010289960	-0.0010226389	-0.0010161693	-0.0010095906	-0.0010029067	-0.0009961213	-0.0009892381	-0.0009822613	-0.0009751945	-0.0009680418	-0.0009608069	-0.0009534932	-0.0009461038	-0.0009386408	-0.0009311046	-0.0009234950	-0.0009158096	-0.0009080468	-0.0009002091	-0.0008923111	-0.0008843938	-0.0008765370	-0.0008688741	-0.0008615624	-0.0008547589	-0.0008485358	-0.0008428552	-0.0008375774	-0.0008325331	-0.0008275719	-0.0008226046	-0.0008175949	-0.0008125405	-0.0008074537	-0.0008023483	-0.0007972345	-0.0007921179	-0.0007870008	-0.0007818845	-0.0007767698	-0.0007716577	-0.0007665497	-0.0007614472	-0.0007563516	-0.0007512645	-0.0007461871	-0.0007411208	-0.0007360667	-0.0007310261	-0.0007260001	-0.0007209899	-0.0007159964	-0.0007110207	-0.0007060638	-0.0007011266	-0.0006962099	-0.0006913145	-0.0006864414	-0.0006815912	-0.0006767646	-0.0006719624	-0.0006671851	-0.0006624334	-0.0006577079	-0.0006530090	-0.0006483374	-0.0006436934	-0.0006390775	-0.0006344902	-0.0006299317	-0.0006254026	-0.0006209030	-0.0006164333	-0.0006119937	-0.0006075846	-0.0006032061	-0.0005988585	-0.0005945419	-0.0005902565	-0.0005860024	-0.0005817798	-0.0005775887	-0.0005734292	-0.0005693014	-0.0005652053	-0.0005611410	-0.0005571085	-0.0005531078	-0.0005491388	-0.0005452016	-0.0005412962	-0.0005374226	-0.0005335811	-0.0005297717	-0.0005259926	-0.0005222386
-0.0009176101	-0.0009171982	-0.0009168085	-0.0009164520	-0.0009161317	-0.0009158475	-0.0009155984	-0.0009153840	-0.0009152039	-0.0009150580	-0.0009149462	-0.0009148682	-0.0009148239	-0.0009148131	-0.0009148356	-0.0009148913	-0.0009149801	-0.0009151016	-0.0009152558	-0.0009154426	-0.0009156617	-0.0009159131	-0.0009161965	-0.0009165118	-0.0009168589	-0.0009172376	-0.0009176478	-0.0009180892	-0.0009185618	-0.0009190654	-0.0009195997	-0.0009201648	-0.0009207603	-0.0009213861	-0.0009220421	-0.0009227281	-0.0009234438	-0.0009241891	-0.0009249638	-0.0009257677	-0.0009266006	-0.0009274622	-0.0009283523	-0.0009292707	-0.0009302171	-0.0009311912	-0.0009321929	-0.0009332217	-0.0009342774	-0.0009353597	-0.0009364681	-0.0009376025	-0.0009387624	-0.0009399475	-0.0009411573	-0.0009423914	-0.0009436491	-0.0009449301	-0.0009462342	-0.0009475614	-0.0009489124	-0.0009502877	-0.0009516862	-0.0009531032	-0.0009545279	-0.0009559433	-0.0009573296	-0.0009586797	-0.0009600219	-0.0009614530	-0.0009631485	-0.0009653484	-0.0009682982	-0.0009721322	-0.0009768302	-0.0009822310	-0.0009880814	-0.0009941538	-0.0010002769	-0.0010063533	-0.0010123349	-0.0010182066	-0.0010239674	-0.0010296212	-0.0010351732	-0.0010406261	-0.0010459814	-0.0010512383	-0.0010563949	-0.0010614488	-0.0010663969	-0.0010712360	-0.0010759629	-0.0010805742	-0.0010850666	-0.0010894371	-0.0010936824	-0.0010977996	-0.0011017857	-0.0011056378	-0.0011093531	-0.0011129288	-0.0011163621	-0.0011196506	-0.0011227915	-0.0011257823	-0.0011286207	-0.0011313042	-0.0011338306	-0.0011361976	-0.0011384033	-0.0011404455	-0.0011423224	-0.0011440321	-0.0011455729	-0.0011469433	-0.0011481416	-0.0011491664	-0.0011500164	-0.0011506905	-0.0011511876	-0.0011515067	-0.0011516470	-0.0011516078	-0.0011513885	-0.0011509886	-0.0011504078	-0.0011496459	-0.0011487027	-0.0011475783	-0.0011462728	-0.0011447867	-0.0011431202	-0.0011412740	-0.0011392487	-0.0011370451	-0.0011346642	-0.0011321071	-0.0011293748	-0.0011264687	-0.0011233903	-0.0011201412	-0.0011167229	-0.0011131373	-0.0011093863	-0.0011054719	-0.0011013963	-0.0010971616	-0.0010927702	-0.0010882246	-0.0010835273	-0.0010786809	-0.0010736882	-0.0010685520	-0.0010632753	-0.0010578609	-0.0010523120	-0.0010466317	-0.0010408232	-0.0010348898	-0.0010288349	-0.0010226619	-0.0010163742	-0.0010099756	-0.0010034696	-0.0009968599	-0.0009901503	-0.0009833445	-0.0009764463	-0.0009694592	-0.0009623864	-0.0009552307	-0.0009479941	-0.0009406773	-0.0009332800	-0.0009258005	-0.0009182382	-0.0009105961	-0.0009028874	-0.0008951473	-0.0008874433	-0.0008798899	-0.0008726305	-0.0008658195	-0.0008595450	-0.0008538035	-0.0008484966	-0.0008434647	-0.0008385563	-0.0008336680	-0.0008287454	-0.0008237745	-0.0008187622	-0.0008137220	-0.0008086655	-0.0008036003	-0.0007985304	-0.0007934577	-0.0007883832	-0.0007833080	-0.0007782334	-0.0007731607	-0.0007680914	-0.0007630270	-0.0007579691	-0.0007529189	-0.0007478778	-0.0007428470	-0.0007378279	-0.0007328215	-0.0007278290	-0.0007228515	-0.0007178901	-0.0007129457	-0.0007080193	-0.0007031118	-0.0006982242	-0.0006933572	-0.0006885116	-0.0006836882	-0.0006788877	-0.0006741108	-0.0006693581	-0.0006646302	-0.0006599278	-0.0006552513	-0.0006506013	-0.0006459782	-0.0006413826	-0.0006368147	-0.0006322751	-0.0006277641	-0.0006232819	-0.0006188290	-0.0006144056	-0.0006100120	-0.0006056483	-0.0006013149	-0.0005970119	-0.0005927395	-0.0005884978	-0.0005842869	-0.0005801070	-0.0005759582	-0.0005718405	-0.0005677539	-0.0005636987	-0.0005596747	-0.0005556819	-0.0005517205	-0.0005477902	-0.0005438913	-0.0005400237	-0.0005361878	-0.0005323835	-0.0005286091	-0.0005248595
-0.0009239129	-0.0009234783	-0.0009230661	-0.0009226870	-0.0009223441	-0.0009220373	-0.0009217656	-0.0009215284	-0.0009213256	-0.0009211569	-0.0009210222	-0.0009209212	-0.0009208538	-0.0009208198	-0.0009208191	-0.0009208514	-0.0009209165	-0.0009210144	-0.0009211448	-0.0009213076	-0.0009215025	-0.0009217295	-0.0009219884	-0.0009222789	-0.0009226010	-0.0009229545	-0.0009233392	-0.0009237549	-0.0009242015	-0.0009246787	-0.0009251865	-0.0009257247	-0.0009262930	-0.0009268913	-0.0009275194	-0.0009281771	-0.0009288642	-0.0009295805	-0.0009303258	-0.0009310998	-0.0009319024	-0.0009327332	-0.0009335921	-0.0009344788	-0.0009353930	-0.0009363345	-0.0009373029	-0.0009382979	-0.0009393192	-0.0009403665	-0.0009414395	-0.0009425378	-0.0009436609	-0.0009448086	-0.0009459803	-0.0009471757	-0.0009483943	-0.0009496354	-0.0009508985	-0.0009521834	-0.0009534898	-0.0009548182	-0.0009561690	-0.0009575418	-0.0009589341	-0.0009603385	-0.0009617415	-0.0009631250	-0.0009644750	-0.0009657962	-0.0009671360	-0.0009686066	-0.0009703954	-0.0009727176	-0.0009757836	-0.0009796821	-0.0009843617	-0.0009896514	-0.0009953233	-0.0010011778	-0.0010070654	-0.0010129007	-0.0010186393	-0.0010242656	-0.0010297772	-0.0010351766	-0.0010404680	-0.0010456538	-0.0010507351	-0.0010557115	-0.0010605816	-0.0010653430	-0.0010699933	-0.0010745292	-0.0010789477	-0.0010832457	-0.0010874201	-0.0010914679	-0.0010953860	-0.0010991717	-0.0011028220	-0.0011063343	-0.0011097059	-0.0011129341	-0.0011160165	-0.0011189505	-0.0011217338	-0.0011243640	-0.0011268390	-0.0011291565	-0.0011313146	-0.0011333112	-0.0011351446	-0.0011368129	-0.0011383144	-0.0011396476	-0.0011408110	-0.0011418032	-0.0011426228	-0.0011432689	-0.0011437402	-0.0011440360	-0.0011441554	-0.0011440977	-0.0011438624	-0.0011434490	-0.0011428572	-0.0011420867	-0.0011411375	-0.0011400096	-0.0011387032	-0.0011372186	-0.0011355563	-0.0011337167	-0.0011317007	-0.0011295089	-0.0011271422	-0.0011246019	-0.0011218889	-0.0011190046	-0.0011159505	-0.0011127280	-0.0011093388	-0.0011057847	-0.0011020676	-0.0010981894	-0.0010941523	-0.0010899584	-0.0010856101	-0.0010811096	-0.0010764597	-0.0010716628	-0.0010667216	-0.0010616390	-0.0010564177	-0.0010510608	-0.0010455712	-0.0010399521	-0.0010342067	-0.0010283382	-0.0010223499	-0.0010162452	-0.0010100278	-0.0010037010	-0.0009972686	-0.0009907340	-0.0009841007	-0.0009773721	-0.0009705512	-0.0009636404	-0.0009566413	-0.0009495548	-0.0009423808	-0.0009351181	-0.0009277672	-0.0009203318	-0.0009128254	-0.0009052811	-0.0008977587	-0.0008903596	-0.0008832126	-0.0008764612	-0.0008702015	-0.0008644510	-0.0008591395	-0.0008541262	-0.0008492720	-0.0008444618	-0.0008396287	-0.0008347479	-0.0008298194	-0.0008248541	-0.0008198643	-0.0008148592	-0.0008098447	-0.0008048234	-0.0007997968	-0.0007947662	-0.0007897325	-0.0007846972	-0.0007796618	-0.0007746279	-0.0007695968	-0.0007645702	-0.0007595494	-0.0007545357	-0.0007495304	-0.0007445349	-0.0007395503	-0.0007345777	-0.0007296184	-0.0007246734	-0.0007197437	-0.0007148304	-0.0007099343	-0.0007050565	-0.0007001977	-0.0006953589	-0.0006905407	-0.0006857440	-0.0006809695	-0.0006762179	-0.0006714897	-0.0006667857	-0.0006621064	-0.0006574523	-0.0006528239	-0.0006482219	-0.0006436465	-0.0006390983	-0.0006345776	-0.0006300848	-0.0006256202	-0.0006211842	-0.0006167771	-0.0006123991	-0.0006080504	-0.0006037314	-0.0005994422	-0.0005951829	-0.0005909538	-0.0005867550	-0.0005825865	-0.0005784486	-0.0005743412	-0.0005702645	-0.0005662185	-0.0005622033	-0.0005582188	-0.0005542651	-0.0005503421	-0.0005464499	-0.0005425887	-0.0005387586	-0.0005349597	-0.0005311903	-0.0005274455
-0.0009301654	-0.0009297079	-0.0009292728	-0.0009288708	-0.0009285050	-0.0009281752	-0.0009278805	-0.0009276204	-0.0009273944	-0.0009272026	-0.0009270446	-0.0009269203	-0.0009268295	-0.0009267720	-0.0009267476	-0.0009267561	-0.0009267974	-0.0009268712	-0.0009269774	-0.0009271158	-0.0009272862	-0.0009274884	-0.0009277223	-0.0009279877	-0.0009282844	-0.0009286123	-0.0009289711	-0.0009293607	-0.0009297809	-0.0009302315	-0.0009307124	-0.0009312232	-0.0009317639	-0.0009323343	-0.0009329341	-0.0009335632	-0.0009342213	-0.0009349081	-0.0009356236	-0.0009363674	-0.0009371393	-0.0009379390	-0.0009387664	-0.0009396210	-0.0009405026	-0.0009414110	-0.0009423458	-0.0009433067	-0.0009442933	-0.0009453054	-0.0009463425	-0.0009474043	-0.0009484904	-0.0009496004	-0.0009507338	-0.0009518902	-0.0009530692	-0.0009542701	-0.0009554924	-0.0009567355	-0.0009579989	-0.0009592823	-0.0009605860	-0.0009619101	-0.0009632547	-0.0009646185	-0.0009659966	-0.0009673796	-0.0009687532	-0.0009701010	-0.0009714151	-0.0009727117	-0.0009740521	-0.0009755521	-0.0009773952	-0.0009797755	-0.0009828679	-0.0009867299	-0.0009912983	-0.0009964086	-0.0010018562	-0.0010074654	-0.0010131004	-0.0010186838	-0.0010241707	-0.0010295432	-0.0010347976	-0.0010399346	-0.0010449570	-0.0010498673	-0.0010546661	-0.0010593538	-0.0010639291	-0.0010683901	-0.0010727345	-0.0010769595	-0.0010810624	-0.0010850402	-0.0010888900	-0.0010926090	-0.0010961943	-0.0010996432	-0.0011029531	-0.0011061213	-0.0011091454	-0.0011120229	-0.0011147514	-0.0011173287	-0.0011197526	-0.0011220211	-0.0011241320	-0.0011260835	-0.0011278738	-0.0011295011	-0.0011309638	-0.0011322603	-0.0011333892	-0.0011343491	-0.0011351388	-0.0011357572	-0.0011362033	-0.0011364762	-0.0011365751	-0.0011364993	-0.0011362484	-0.0011358219	-0.0011352193	-0.0011344407	-0.0011334858	-0.0011323548	-0.0011310478	-0.0011295652	-0.0011279073	-0.0011260748	-0.0011240683	-0.0011218885	-0.0011195365	-0.0011170132	-0.0011143198	-0.0011114576	-0.0011084280	-0.0011052325	-0.0011018727	-0.0010983503	-0.0010946673	-0.0010908256	-0.0010868272	-0.0010826743	-0.0010783692	-0.0010739142	-0.0010693118	-0.0010645646	-0.0010596752	-0.0010546464	-0.0010494810	-0.0010441819	-0.0010387521	-0.0010331948	-0.0010275130	-0.0010217101	-0.0010157892	-0.0010097538	-0.0010036073	-0.0009973530	-0.0009909940	-0.0009845334	-0.0009779740	-0.0009713178	-0.0009645662	-0.0009577201	-0.0009507793	-0.0009437437	-0.0009366147	-0.0009293972	-0.0009221061	-0.0009147743	-0.0009074574	-0.0009002495	-0.0008932652	-0.0008866357	-0.0008804562	-0.0008747540	-0.0008694783	-0.0008645066	-0.0008597120	-0.0008549791	-0.0008502370	-0.0008454506	-0.0008406130	-0.0008357312	-0.0008308173	-0.0008258812	-0.0008209301	-0.0008159679	-0.0008109969	-0.0008060182	-0.0008010332	-0.0007960429	-0.0007910490	-0.0007860529	-0.0007810562	-0.0007760605	-0.0007710672	-0.0007660777	-0.0007610935	-0.0007561159	-0.0007511461	-0.0007461853	-0.0007412349	-0.0007362959	-0.0007313694	-0.0007264566	-0.0007215584	-0.0007166759	-0.0007118099	-0.0007069615	-0.0007021314	-0.0006973206	-0.0006925298	-0.0006877597	-0.0006830111	-0.0006782846	-0.0006735810	-0.0006689007	-0.0006642445	-0.0006596128	-0.0006550062	-0.0006504251	-0.0006458701	-0.0006413415	-0.0006368398	-0.0006323654	-0.0006279185	-0.0006234996	-0.0006191088	-0.0006147466	-0.0006104132	-0.0006061087	-0.0006018334	-0.0005975875	-0.0005933712	-0.0005891846	-0.0005850278	-0.0005809010	-0.0005768042	-0.0005727375	-0.0005687011	-0.0005646948	-0.0005607188	-0.0005567731	-0.0005528577	-0.0005489726	-0.0005451180	-0.0005412940	-0.0005375008	-0.0005337367	-0.0005299968
-0.0009363678	-0.0009358870	-0.0009354287	-0.0009350035	-0.0009346145	-0.0009342615	-0.0009339435	-0.0009336600	-0.0009334106	-0.0009331953	-0.0009330137	-0.0009328658	-0.0009327512	-0.0009326698	-0.0009326214	-0.0009326058	-0.0009326228	-0.0009326722	-0.0009327538	-0.0009328675	-0.0009330130	-0.0009331901	-0.0009333987	-0.0009336386	-0.0009339096	-0.0009342114	-0.0009345440	-0.0009349071	-0.0009353006	-0.0009357241	-0.0009361776	-0.0009366608	-0.0009371736	-0.0009377156	-0.0009382868	-0.0009388869	-0.0009395155	-0.0009401727	-0.0009408579	-0.0009415711	-0.0009423120	-0.0009430803	-0.0009438756	-0.0009446978	-0.0009455466	-0.0009464215	-0.0009473224	-0.0009482488	-0.0009492004	-0.0009501769	-0.0009511779	-0.0009522030	-0.0009532517	-0.0009543238	-0.0009554186	-0.0009565358	-0.0009576748	-0.0009588352	-0.0009600164	-0.0009612177	-0.0009624386	-0.0009636784	-0.0009649368	-0.0009662135	-0.0009675088	-0.0009688228	-0.0009701548	-0.0009715021	-0.0009728585	-0.0009742131	-0.0009755517	-0.0009768615	-0.0009781403	-0.0009794114	-0.0009807419	-0.0009822464	-0.0009840958	-0.0009864673	-0.0009895023	-0.0009932384	-0.0009976149	-0.0010024854	-0.0010076668	-0.0010130065	-0.0010183737	-0.0010236912	-0.0010289153	-0.0010340251	-0.0010390143	-0.0010438818	-0.0010486282	-0.0010532559	-0.0010577659	-0.0010621579	-0.0010664314	-0.0010705853	-0.0010746172	-0.0010785250	-0.0010823062	-0.0010859581	-0.0010894780	-0.0010928632	-0.0010961111	-0.0010992193	-0.0011021851	-0.0011050062	-0.0011076801	-0.0011102048	-0.0011125779	-0.0011147976	-0.0011168617	-0.0011187685	-0.0011205161	-0.0011221028	-0.0011235271	-0.0011247873	-0.0011258822	-0.0011268103	-0.0011275705	-0.0011281617	-0.0011285829	-0.0011288333	-0.0011289122	-0.0011288188	-0.0011285526	-0.0011281133	-0.0011275005	-0.0011267141	-0.0011257540	-0.0011246202	-0.0011233130	-0.0011218326	-0.0011201795	-0.0011183543	-0.0011163577	-0.0011141903	-0.0011118532	-0.0011093473	-0.0011066737	-0.0011038338	-0.0011008290	-0.0010976607	-0.0010943305	-0.0010908401	-0.0010871915	-0.0010833864	-0.0010794270	-0.0010753154	-0.0010710537	-0.0010666445	-0.0010620900	-0.0010573928	-0.0010525556	-0.0010475811	-0.0010424721	-0.0010372315	-0.0010318623	-0.0010263674	-0.0010207500	-0.0010150133	-0.0010091603	-0.0010031940	-0.0009971173	-0.0009909331	-0.0009846435	-0.0009782502	-0.0009717547	-0.0009651576	-0.0009584589	-0.0009516599	-0.0009447633	-0.0009377759	-0.0009307148	-0.0009236128	-0.0009165249	-0.0009095408	-0.0009027635	-0.0008963129	-0.0008902745	-0.0008846758	-0.0008794789	-0.0008745801	-0.0008698620	-0.0008652139	-0.0008605649	-0.0008558754	-0.0008511334	-0.0008463423	-0.0008415123	-0.0008366535	-0.0008317740	-0.0008268787	-0.0008219706	-0.0008170513	-0.0008121222	-0.0008071843	-0.0008022392	-0.0007972884	-0.0007923334	-0.0007873759	-0.0007824174	-0.0007774594	-0.0007725034	-0.0007675506	-0.0007626026	-0.0007576605	-0.0007527257	-0.0007477994	-0.0007428827	-0.0007379769	-0.0007330830	-0.0007282020	-0.0007233351	-0.0007184831	-0.0007136470	-0.0007088278	-0.0007040263	-0.0006992433	-0.0006944796	-0.0006897360	-0.0006850132	-0.0006803118	-0.0006756326	-0.0006709761	-0.0006663430	-0.0006617337	-0.0006571488	-0.0006525888	-0.0006480541	-0.0006435453	-0.0006390627	-0.0006346066	-0.0006301776	-0.0006257758	-0.0006214016	-0.0006170553	-0.0006127372	-0.0006084474	-0.0006041863	-0.0005999540	-0.0005957506	-0.0005915764	-0.0005874315	-0.0005833160	-0.0005792300	-0.0005751736	-0.0005711469	-0.0005671499	-0.0005631827	-0.0005592452	-0.0005553376	-0.0005514598	-0.0005476120	-0.0005437945	-0.0005400072	-0.0005362486	-0.0005325141
-0.0009425202	-0.0009420158	-0.0009415340	-0.0009410854	-0.0009406729	-0.0009402963	-0.0009399546	-0.0009396475	-0.0009393744	-0.0009391352	-0.0009389298	-0.0009387578	-0.0009386191	-0.0009385135	-0.0009384408	-0.0009384007	-0.0009383931	-0.0009384178	-0.0009384745	-0.0009385630	-0.0009386832	-0.0009388349	-0.0009390179	-0.0009392319	-0.0009394768	-0.0009397523	-0.0009400583	-0.0009403945	-0.0009407608	-0.0009411570	-0.0009415828	-0.0009420380	-0.0009425224	-0.0009430358	-0.0009435780	-0.0009441486	-0.0009447476	-0.0009453746	-0.0009460293	-0.0009467116	-0.0009474211	-0.0009481575	-0.0009489206	-0.0009497101	-0.0009505256	-0.0009513668	-0.0009522334	-0.0009531251	-0.0009540414	-0.0009549820	-0.0009559466	-0.0009569347	-0.0009579459	-0.0009589797	-0.0009600357	-0.0009611135	-0.0009622124	-0.0009633320	-0.0009644718	-0.0009656311	-0.0009668093	-0.0009680058	-0.0009692198	-0.0009704509	-0.0009716987	-0.0009729631	-0.0009742442	-0.0009755418	-0.0009768544	-0.0009781781	-0.0009795056	-0.0009808258	-0.0009821251	-0.0009833941	-0.0009846348	-0.0009858741	-0.0009871798	-0.0009886639	-0.0009904750	-0.0009927675	-0.0009956625	-0.0009991905	-0.0010033037	-0.0010078853	-0.0010127650	-0.0010178022	-0.0010228764	-0.0010279101	-0.0010328596	-0.0010376983	-0.0010424150	-0.0010470064	-0.0010514717	-0.0010558111	-0.0010600265	-0.0010641179	-0.0010680847	-0.0010719261	-0.0010756407	-0.0010792265	-0.0010826813	-0.0010860028	-0.0010891886	-0.0010922365	-0.0010951438	-0.0010979082	-0.0011005275	-0.0011029995	-0.0011053220	-0.0011074930	-0.0011095106	-0.0011113729	-0.0011130781	-0.0011146245	-0.0011160107	-0.0011172350	-0.0011182962	-0.0011191930	-0.0011199241	-0.0011204885	-0.0011208853	-0.0011211136	-0.0011211728	-0.0011210621	-0.0011207812	-0.0011203295	-0.0011197068	-0.0011189130	-0.0011179479	-0.0011168117	-0.0011155046	-0.0011140269	-0.0011123790	-0.0011105614	-0.0011085749	-0.0011064202	-0.0011040983	-0.0011016100	-0.0010989567	-0.0010961394	-0.0010931596	-0.0010900187	-0.0010867184	-0.0010832604	-0.0010796464	-0.0010758784	-0.0010719583	-0.0010678883	-0.0010636706	-0.0010593075	-0.0010548015	-0.0010501550	-0.0010453706	-0.0010404511	-0.0010353991	-0.0010302175	-0.0010249092	-0.0010194769	-0.0010139235	-0.0010082516	-0.0010024640	-0.0009965627	-0.0009905495	-0.0009844263	-0.0009781941	-0.0009718533	-0.0009654050	-0.0009588516	-0.0009521972	-0.0009454522	-0.0009386380	-0.0009317875	-0.0009249569	-0.0009182295	-0.0009117005	-0.0009054805	-0.0008996395	-0.0008941990	-0.0008891263	-0.0008843302	-0.0008797060	-0.0008751538	-0.0008706040	-0.0008660152	-0.0008613730	-0.0008566783	-0.0008519390	-0.0008471650	-0.0008423647	-0.0008375439	-0.0008327060	-0.0008278533	-0.0008229872	-0.0008181089	-0.0008132199	-0.0008083216	-0.0008034156	-0.0007985035	-0.0007935869	-0.0007886674	-0.0007837465	-0.0007788257	-0.0007739064	-0.0007689898	-0.0007640775	-0.0007591705	-0.0007542703	-0.0007493780	-0.0007444948	-0.0007396217	-0.0007347600	-0.0007299106	-0.0007250746	-0.0007202529	-0.0007154465	-0.0007106563	-0.0007058831	-0.0007011278	-0.0006963911	-0.0006916739	-0.0006869767	-0.0006823004	-0.0006776455	-0.0006730128	-0.0006684026	-0.0006638157	-0.0006592525	-0.0006547136	-0.0006501994	-0.0006457103	-0.0006412468	-0.0006368093	-0.0006323981	-0.0006280136	-0.0006236561	-0.0006193259	-0.0006150232	-0.0006107483	-0.0006065014	-0.0006022828	-0.0005980926	-0.0005939310	-0.0005897982	-0.0005856942	-0.0005816192	-0.0005775733	-0.0005735565	-0.0005695690	-0.0005656108	-0.0005616819	-0.0005577823	-0.0005539121	-0.0005500714	-0.0005462605	-0.0005424794	-0.0005387267	-0.0005349977
-0.0009486227	-0.0009480945	-0.0009475889	-0.0009471165	-0.0009466802	-0.0009462797	-0.0009459141	-0.0009455830	-0.0009452858	-0.0009450225	-0.0009447928	-0.0009445966	-0.0009444335	-0.0009443033	-0.0009442059	-0.0009441411	-0.0009441085	-0.0009441081	-0.0009441395	-0.0009442027	-0.0009442973	-0.0009444232	-0.0009445801	-0.0009447679	-0.0009449863	-0.0009452352	-0.0009455143	-0.0009458233	-0.0009461622	-0.0009465306	-0.0009469283	-0.0009473552	-0.0009478109	-0.0009482953	-0.0009488081	-0.0009493491	-0.0009499180	-0.0009505145	-0.0009511383	-0.0009517893	-0.0009524671	-0.0009531714	-0.0009539019	-0.0009546583	-0.0009554403	-0.0009562475	-0.0009570796	-0.0009579362	-0.0009588170	-0.0009597215	-0.0009606494	-0.0009616003	-0.0009625736	-0.0009635690	-0.0009645861	-0.0009656241	-0.0009666828	-0.0009677615	-0.0009688597	-0.0009699768	-0.0009711121	-0.0009722651	-0.0009734350	-0.0009746211	-0.0009758228	-0.0009770396	-0.0009782711	-0.0009795173	-0.0009807781	-0.0009820526	-0.0009833388	-0.0009846320	-0.0009859240	-0.0009872042	-0.0009884605	-0.0009896857	-0.0009908849	-0.0009920871	-0.0009933540	-0.0009947861	-0.0009965114	-0.0009986612	-0.0010013473	-0.0010046027	-0.0010083928	-0.0010126257	-0.0010171541	-0.0010218493	-0.0010266052	-0.0010313372	-0.0010359972	-0.0010405539	-0.0010449897	-0.0010492980	-0.0010534768	-0.0010575249	-0.0010614419	-0.0010652290	-0.0010688861	-0.0010724121	-0.0010758059	-0.0010790664	-0.0010821919	-0.0010851803	-0.0010880295	-0.0010907375	-0.0010933021	-0.0010957214	-0.0010979932	-0.0011001155	-0.0011020865	-0.0011039043	-0.0011055672	-0.0011070735	-0.0011084218	-0.0011096105	-0.0011106383	-0.0011115039	-0.0011122062	-0.0011127442	-0.0011131169	-0.0011133235	-0.0011133633	-0.0011132358	-0.0011129404	-0.0011124767	-0.0011118445	-0.0011110436	-0.0011100740	-0.0011089358	-0.0011076291	-0.0011061543	-0.0011045119	-0.0011027024	-0.0011007264	-0.0010985848	-0.0010962783	-0.0010938081	-0.0010911752	-0.0010883809	-0.0010854265	-0.0010823136	-0.0010790435	-0.0010756182	-0.0010720394	-0.0010683089	-0.0010644287	-0.0010604009	-0.0010562277	-0.0010519113	-0.0010474542	-0.0010428588	-0.0010381276	-0.0010332631	-0.0010282678	-0.0010231442	-0.0010178950	-0.0010125225	-0.0010070283	-0.0010014147	-0.0009956835	-0.0009898358	-0.0009838723	-0.0009777945	-0.0009716049	-0.0009653066	-0.0009589064	-0.0009524190	-0.0009458684	-0.0009392917	-0.0009327512	-0.0009263199	-0.0009200857	-0.0009141440	-0.0009085498	-0.0009033169	-0.0008984118	-0.0008937493	-0.0008892386	-0.0008847925	-0.0008803469	-0.0008758630	-0.0008713247	-0.0008667310	-0.0008620883	-0.0008574060	-0.0008526919	-0.0008479526	-0.0008431921	-0.0008384129	-0.0008336168	-0.0008288051	-0.0008239791	-0.0008191403	-0.0008142903	-0.0008094307	-0.0008045631	-0.0007996891	-0.0007948104	-0.0007899283	-0.0007850445	-0.0007801603	-0.0007752771	-0.0007703962	-0.0007655191	-0.0007606468	-0.0007557808	-0.0007509220	-0.0007460718	-0.0007412312	-0.0007364014	-0.0007315833	-0.0007267779	-0.0007219863	-0.0007172093	-0.0007124478	-0.0007077028	-0.0007029750	-0.0006982652	-0.0006935741	-0.0006889026	-0.0006842512	-0.0006796206	-0.0006750114	-0.0006704243	-0.0006658597	-0.0006613182	-0.0006568004	-0.0006523066	-0.0006478374	-0.0006433931	-0.0006389741	-0.0006345809	-0.0006302137	-0.0006258730	-0.0006215589	-0.0006172718	-0.0006130119	-0.0006087795	-0.0006045747	-0.0006003978	-0.0005962490	-0.0005921284	-0.0005880361	-0.0005839723	-0.0005799371	-0.0005759305	-0.0005719527	-0.0005680037	-0.0005640835	-0.0005601922	-0.0005563297	-0.0005524964	-0.0005486924	-0.0005449178	-0.0005411712	-0.0005374480
-0.0009546755	-0.0009541231	-0.0009535935	-0.0009530970	-0.0009526366	-0.0009522119	-0.0009518222	-0.0009514667	-0.0009511452	-0.0009508574	-0.0009506032	-0.0009503823	-0.0009501945	-0.0009500395	-0.0009499171	-0.0009498272	-0.0009497694	-0.0009497435	-0.0009497494	-0.0009497868	-0.0009498555	-0.0009499552	-0.0009500859	-0.0009502471	-0.0009504387	-0.0009506606	-0.0009509124	-0.0009511939	-0.0009515049	-0.0009518452	-0.0009522146	-0.0009526128	-0.0009530396	-0.0009534946	-0.0009539778	-0.0009544887	-0.0009550272	-0.0009555929	-0.0009561856	-0.0009568050	-0.0009574508	-0.0009581226	-0.0009588203	-0.0009595433	-0.0009602915	-0.0009610644	-0.0009618617	-0.0009626830	-0.0009635279	-0.0009643961	-0.0009652871	-0.0009662005	-0.0009671359	-0.0009680927	-0.0009690705	-0.0009700688	-0.0009710870	-0.0009721246	-0.0009731811	-0.0009742558	-0.0009753481	-0.0009764575	-0.0009775831	-0.0009787244	-0.0009798804	-0.0009810506	-0.0009822343	-0.0009834309	-0.0009846403	-0.0009858621	-0.0009870960	-0.0009883408	-0.0009895937	-0.0009908496	-0.0009921003	-0.0009933360	-0.0009945460	-0.0009957249	-0.0009968789	-0.0009980353	-0.0009992474	-0.0010006001	-0.0010022009	-0.0010041555	-0.0010065736	-0.0010094968	-0.0010129035	-0.0010167289	-0.0010208599	-0.0010251738	-0.0010295766	-0.0010339810	-0.0010383278	-0.0010425860	-0.0010467312	-0.0010507495	-0.0010546359	-0.0010583885	-0.0010620060	-0.0010654873	-0.0010688324	-0.0010720417	-0.0010751143	-0.0010780487	-0.0010808434	-0.0010834975	-0.0010860094	-0.0010883772	-0.0010905990	-0.0010926731	-0.0010945977	-0.0010963712	-0.0010979919	-0.0010994583	-0.0011007688	-0.0011019219	-0.0011029164	-0.0011037511	-0.0011044248	-0.0011049365	-0.0011052853	-0.0011054705	-0.0011054913	-0.0011053471	-0.0011050376	-0.0011045622	-0.0011039208	-0.0011031132	-0.0011021394	-0.0011009995	-0.0010996936	-0.0010982222	-0.0010965857	-0.0010947845	-0.0010928194	-0.0010906912	-0.0010884007	-0.0010859489	-0.0010833370	-0.0010805661	-0.0010776376	-0.0010745530	-0.0010713138	-0.0010679217	-0.0010643784	-0.0010606857	-0.0010568458	-0.0010528605	-0.0010487320	-0.0010444622	-0.0010400534	-0.0010355080	-0.0010308282	-0.0010260162	-0.0010210736	-0.0010160025	-0.0010108051	-0.0010054830	-0.0010000369	-0.0009944682	-0.0009887789	-0.0009829714	-0.0009770485	-0.0009710158	-0.0009648855	-0.0009586768	-0.0009524145	-0.0009461433	-0.0009399252	-0.0009338273	-0.0009279352	-0.0009223198	-0.0009170179	-0.0009120351	-0.0009073337	-0.0009028323	-0.0008984550	-0.0008941257	-0.0008897900	-0.0008854142	-0.0008809829	-0.0008764940	-0.0008719528	-0.0008673678	-0.0008627465	-0.0008580954	-0.0008534190	-0.0008487200	-0.0008440005	-0.0008392620	-0.0008345058	-0.0008297333	-0.0008249461	-0.0008201458	-0.0008153340	-0.0008105124	-0.0008056826	-0.0008008462	-0.0007960047	-0.0007911595	-0.0007863121	-0.0007814640	-0.0007766164	-0.0007717708	-0.0007669283	-0.0007620903	-0.0007572580	-0.0007524324	-0.0007476149	-0.0007428064	-0.0007380081	-0.0007332209	-0.0007284459	-0.0007236840	-0.0007189362	-0.0007142033	-0.0007094862	-0.0007047857	-0.0007001026	-0.0006954376	-0.0006907915	-0.0006861649	-0.0006815585	-0.0006769729	-0.0006724087	-0.0006678664	-0.0006633467	-0.0006588499	-0.0006543766	-0.0006499271	-0.0006455021	-0.0006411018	-0.0006367266	-0.0006323768	-0.0006280529	-0.0006237551	-0.0006194837	-0.0006152389	-0.0006110210	-0.0006068303	-0.0006026669	-0.0005985310	-0.0005944227	-0.0005903423	-0.0005862899	-0.0005822656	-0.0005782694	-0.0005743015	-0.0005703619	-0.0005664506	-0.0005625678	-0.0005587134	-0.0005548877	-0.0005510908	-0.0005473229	-0.0005435826	-0.0005398655
-0.0009606787	-0.0009601019	-0.0009595480	-0.0009590271	-0.0009585423	-0.0009580932	-0.0009576789	-0.0009572988	-0.0009569527	-0.0009566402	-0.0009563611	-0.0009561153	-0.0009559024	-0.0009557223	-0.0009555747	-0.0009554593	-0.0009553759	-0.0009553244	-0.0009553044	-0.0009553157	-0.0009553581	-0.0009554314	-0.0009555354	-0.0009556698	-0.0009558343	-0.0009560288	-0.0009562530	-0.0009565067	-0.0009567896	-0.0009571015	-0.0009574422	-0.0009578114	-0.0009582089	-0.0009586343	-0.0009590875	-0.0009595681	-0.0009600758	-0.0009606105	-0.0009611717	-0.0009617592	-0.0009623727	-0.0009630118	-0.0009636763	-0.0009643658	-0.0009650798	-0.0009658182	-0.0009665804	-0.0009673662	-0.0009681751	-0.0009690067	-0.0009698606	-0.0009707364	-0.0009716335	-0.0009725516	-0.0009734900	-0.0009744483	-0.0009754260	-0.0009764224	-0.0009774370	-0.0009784693	-0.0009795185	-0.0009805841	-0.0009816654	-0.0009827616	-0.0009838721	-0.0009849960	-0.0009861327	-0.0009872812	-0.0009884410	-0.0009896115	-0.0009907925	-0.0009919836	-0.0009931840	-0.0009943923	-0.0009956053	-0.0009968178	-0.0009980219	-0.0009992085	-0.0010003685	-0.0010014980	-0.0010026028	-0.0010037054	-0.0010048474	-0.0010060920	-0.0010075343	-0.0010092631	-0.0010113759	-0.0010139228	-0.0010168974	-0.0010202612	-0.0010239421	-0.0010278274	-0.0010318233	-0.0010358616	-0.0010398706	-0.0010438042	-0.0010476396	-0.0010513575	-0.0010549450	-0.0010583969	-0.0010617111	-0.0010648863	-0.0010679210	-0.0010708141	-0.0010735651	-0.0010761741	-0.0010786403	-0.0010809621	-0.0010831379	-0.0010851665	-0.0010870470	-0.0010887780	-0.0010903580	-0.0010917854	-0.0010930588	-0.0010941769	-0.0010951385	-0.0010959425	-0.0010965879	-0.0010970736	-0.0010973989	-0.0010975629	-0.0010975649	-0.0010974045	-0.0010970811	-0.0010965943	-0.0010959441	-0.0010951301	-0.0010941524	-0.0010930111	-0.0010917064	-0.0010902387	-0.0010886084	-0.0010868160	-0.0010848621	-0.0010827477	-0.0010804735	-0.0010780405	-0.0010754498	-0.0010727027	-0.0010698004	-0.0010667444	-0.0010635361	-0.0010601771	-0.0010566689	-0.0010530135	-0.0010492127	-0.0010452685	-0.0010411827	-0.0010369566	-0.0010325921	-0.0010280913	-0.0010234563	-0.0010186886	-0.0010137890	-0.0010087589	-0.0010036003	-0.0009983156	-0.0009929069	-0.0009873770	-0.0009817318	-0.0009759824	-0.0009701447	-0.0009642374	-0.0009582965	-0.0009523744	-0.0009465209	-0.0009408033	-0.0009352970	-0.0009300469	-0.0009250729	-0.0009203706	-0.0009158964	-0.0009115781	-0.0009073510	-0.0009031489	-0.0008989292	-0.0008946649	-0.0008903431	-0.0008859623	-0.0008815267	-0.0008770438	-0.0008725209	-0.0008679641	-0.0008633779	-0.0008587656	-0.0008541291	-0.0008494701	-0.0008447900	-0.0008400903	-0.0008353724	-0.0008306380	-0.0008258886	-0.0008211260	-0.0008163519	-0.0008115677	-0.0008067751	-0.0008019756	-0.0007971707	-0.0007923618	-0.0007875503	-0.0007827377	-0.0007779252	-0.0007731143	-0.0007683061	-0.0007635018	-0.0007587028	-0.0007539100	-0.0007491248	-0.0007443480	-0.0007395809	-0.0007348243	-0.0007300794	-0.0007253470	-0.0007206281	-0.0007159236	-0.0007112342	-0.0007065608	-0.0007019042	-0.0006972651	-0.0006926443	-0.0006880424	-0.0006834601	-0.0006788980	-0.0006743567	-0.0006698367	-0.0006653386	-0.0006608628	-0.0006564099	-0.0006519804	-0.0006475746	-0.0006431929	-0.0006388358	-0.0006345036	-0.0006301966	-0.0006259151	-0.0006216594	-0.0006174299	-0.0006132267	-0.0006090501	-0.0006049003	-0.0006007775	-0.0005966818	-0.0005926135	-0.0005885726	-0.0005845593	-0.0005805737	-0.0005766158	-0.0005726858	-0.0005687838	-0.0005649096	-0.0005610635	-0.0005572456	-0.0005534561	-0.0005496952	-0.0005459614	-0.0005422506
-0.0009666326	-0.0009660311	-0.0009654525	-0.0009649070	-0.0009643976	-0.0009639237	-0.0009634846	-0.0009630797	-0.0009627086	-0.0009623711	-0.0009620669	-0.0009617959	-0.0009615577	-0.0009613521	-0.0009611788	-0.0009610378	-0.0009609285	-0.0009608509	-0.0009608047	-0.0009607897	-0.0009608056	-0.0009608522	-0.0009609292	-0.0009610363	-0.0009611735	-0.0009613403	-0.0009615367	-0.0009617622	-0.0009620167	-0.0009623000	-0.0009626117	-0.0009629516	-0.0009633194	-0.0009637149	-0.0009641378	-0.0009645877	-0.0009650645	-0.0009655678	-0.0009660973	-0.0009666526	-0.0009672336	-0.0009678397	-0.0009684708	-0.0009691263	-0.0009698061	-0.0009705096	-0.0009712366	-0.0009719867	-0.0009727593	-0.0009735542	-0.0009743708	-0.0009752087	-0.0009760675	-0.0009769466	-0.0009778455	-0.0009787637	-0.0009797007	-0.0009806558	-0.0009816286	-0.0009826183	-0.0009836244	-0.0009846462	-0.0009856830	-0.0009867342	-0.0009877991	-0.0009888768	-0.0009899665	-0.0009910674	-0.0009921788	-0.0009932997	-0.0009944296	-0.0009955680	-0.0009967143	-0.0009978680	-0.0009990284	-0.0010001935	-0.0010013601	-0.0010025230	-0.0010036752	-0.0010048084	-0.0010059150	-0.0010069916	-0.0010080407	-0.0010090776	-0.0010101357	-0.0010112633	-0.0010125372	-0.0010140283	-0.0010158120	-0.0010179526	-0.0010204629	-0.0010233197	-0.0010264829	-0.0010298862	-0.0010334293	-0.0010370379	-0.0010406613	-0.0010442414	-0.0010477373	-0.0010511297	-0.0010544052	-0.0010575499	-0.0010605562	-0.0010634212	-0.0010661438	-0.0010687227	-0.0010711565	-0.0010734438	-0.0010755834	-0.0010775752	-0.0010794187	-0.0010811132	-0.0010826574	-0.0010840499	-0.0010852893	-0.0010863746	-0.0010873051	-0.0010880801	-0.0010886985	-0.0010891595	-0.0010894622	-0.0010896059	-0.0010895899	-0.0010894138	-0.0010890771	-0.0010885795	-0.0010879208	-0.0010871008	-0.0010861196	-0.0010849772	-0.0010836740	-0.0010822102	-0.0010805862	-0.0010788026	-0.0010768601	-0.0010747593	-0.0010725012	-0.0010700866	-0.0010675168	-0.0010647927	-0.0010619158	-0.0010588873	-0.0010557084	-0.0010523803	-0.0010489044	-0.0010452825	-0.0010415163	-0.0010376077	-0.0010335579	-0.0010293679	-0.0010250388	-0.0010205723	-0.0010159706	-0.0010112357	-0.0010063696	-0.0010013743	-0.0009962533	-0.0009910140	-0.0009856686	-0.0009802282	-0.0009747092	-0.0009691442	-0.0009635764	-0.0009580436	-0.0009526007	-0.0009473172	-0.0009422363	-0.0009373813	-0.0009327621	-0.0009283609	-0.0009241243	-0.0009199965	-0.0009159257	-0.0009118579	-0.0009077603	-0.0009036111	-0.0008994015	-0.0008951314	-0.0008908049	-0.0008864285	-0.0008820088	-0.0008775518	-0.0008730616	-0.0008685417	-0.0008639942	-0.0008594207	-0.0008548229	-0.0008502020	-0.0008455596	-0.0008408974	-0.0008362168	-0.0008315196	-0.0008268075	-0.0008220820	-0.0008173448	-0.0008125974	-0.0008078413	-0.0008030781	-0.0007983092	-0.0007935360	-0.0007887599	-0.0007839822	-0.0007792044	-0.0007744276	-0.0007696532	-0.0007648823	-0.0007601161	-0.0007553557	-0.0007506023	-0.0007458570	-0.0007411207	-0.0007363945	-0.0007316793	-0.0007269762	-0.0007222859	-0.0007176094	-0.0007129476	-0.0007083011	-0.0007036709	-0.0006990575	-0.0006944619	-0.0006898846	-0.0006853262	-0.0006807875	-0.0006762690	-0.0006717712	-0.0006672947	-0.0006628400	-0.0006584075	-0.0006539978	-0.0006496113	-0.0006452483	-0.0006409093	-0.0006365946	-0.0006323046	-0.0006280396	-0.0006237998	-0.0006195856	-0.0006153972	-0.0006112349	-0.0006070988	-0.0006029892	-0.0005989062	-0.0005948501	-0.0005908209	-0.0005868188	-0.0005828439	-0.0005788963	-0.0005749762	-0.0005710834	-0.0005672182	-0.0005633805	-0.0005595706	-0.0005557887	-0.0005520349	-0.0005483079	-0.0005446036
-0.0009725374	-0.0009719109	-0.0009713075	-0.0009707371	-0.0009702026	-0.0009697038	-0.0009692396	-0.0009688095	-0.0009684132	-0.0009680504	-0.0009677208	-0.0009674243	-0.0009671605	-0.0009669291	-0.0009667301	-0.0009665629	-0.0009664276	-0.0009663237	-0.0009662510	-0.0009662093	-0.0009661984	-0.0009662179	-0.0009662676	-0.0009663473	-0.0009664568	-0.0009665957	-0.0009667638	-0.0009669609	-0.0009671868	-0.0009674410	-0.0009677234	-0.0009680338	-0.0009683717	-0.0009687370	-0.0009691293	-0.0009695484	-0.0009699939	-0.0009704655	-0.0009709630	-0.0009714859	-0.0009720340	-0.0009726070	-0.0009732043	-0.0009738258	-0.0009744710	-0.0009751396	-0.0009758311	-0.0009765452	-0.0009772814	-0.0009780393	-0.0009788185	-0.0009796184	-0.0009804386	-0.0009812786	-0.0009821379	-0.0009830159	-0.0009839121	-0.0009848259	-0.0009857567	-0.0009867038	-0.0009876668	-0.0009886448	-0.0009896372	-0.0009906434	-0.0009916626	-0.0009926940	-0.0009937369	-0.0009947904	-0.0009958536	-0.0009969258	-0.0009980059	-0.0009990933	-0.0010001872	-0.0010012870	-0.0010023922	-0.0010035021	-0.0010046157	-0.0010057309	-0.0010068447	-0.0010079522	-0.0010090472	-0.0010101224	-0.0010111708	-0.0010121886	-0.0010131762	-0.0010141437	-0.0010151160	-0.0010161264	-0.0010172288	-0.0010184826	-0.0010199392	-0.0010216649	-0.0010236968	-0.0010260282	-0.0010286322	-0.0010314744	-0.0010345015	-0.0010376298	-0.0010407943	-0.0010439570	-0.0010470784	-0.0010501160	-0.0010530461	-0.0010558593	-0.0010585466	-0.0010610972	-0.0010635045	-0.0010657661	-0.0010678811	-0.0010698485	-0.0010716670	-0.0010733357	-0.0010748534	-0.0010762191	-0.0010774317	-0.0010784906	-0.0010793956	-0.0010801462	-0.0010807417	-0.0010811814	-0.0010814644	-0.0010815903	-0.0010815584	-0.0010813683	-0.0010810197	-0.0010805124	-0.0010798461	-0.0010790208	-0.0010780365	-0.0010768933	-0.0010755916	-0.0010741315	-0.0010725135	-0.0010707381	-0.0010688059	-0.0010667176	-0.0010644740	-0.0010620759	-0.0010595243	-0.0010568204	-0.0010539653	-0.0010509601	-0.0010478058	-0.0010445030	-0.0010410530	-0.0010374572	-0.0010337174	-0.0010298350	-0.0010258118	-0.0010216494	-0.0010173496	-0.0010129140	-0.0010083456	-0.0010036509	-0.0009988399	-0.0009939200	-0.0009888995	-0.0009837990	-0.0009786530	-0.0009734902	-0.0009683396	-0.0009632505	-0.0009582822	-0.0009534700	-0.0009488345	-0.0009443900	-0.0009401341	-0.0009360333	-0.0009320365	-0.0009281036	-0.0009241889	-0.0009202554	-0.0009162810	-0.0009122492	-0.0009081545	-0.0009039979	-0.0008997834	-0.0008955172	-0.0008912053	-0.0008868528	-0.0008824640	-0.0008780419	-0.0008735888	-0.0008691066	-0.0008645966	-0.0008600604	-0.0008554994	-0.0008509152	-0.0008463094	-0.0008416837	-0.0008370397	-0.0008323791	-0.0008277035	-0.0008230144	-0.0008183135	-0.0008136022	-0.0008088821	-0.0008041546	-0.0007994210	-0.0007946830	-0.0007899416	-0.0007851985	-0.0007804547	-0.0007757116	-0.0007709705	-0.0007662324	-0.0007614987	-0.0007567703	-0.0007520484	-0.0007473341	-0.0007426283	-0.0007379321	-0.0007332464	-0.0007285722	-0.0007239103	-0.0007192617	-0.0007146271	-0.0007100074	-0.0007054033	-0.0007008156	-0.0006962450	-0.0006916921	-0.0006871576	-0.0006826422	-0.0006781463	-0.0006736707	-0.0006692157	-0.0006647820	-0.0006603700	-0.0006559801	-0.0006516129	-0.0006472686	-0.0006429478	-0.0006386507	-0.0006343777	-0.0006301292	-0.0006259054	-0.0006217066	-0.0006175331	-0.0006133851	-0.0006092629	-0.0006051666	-0.0006010965	-0.0005970527	-0.0005930353	-0.0005890446	-0.0005850806	-0.0005811435	-0.0005772333	-0.0005733501	-0.0005694940	-0.0005656650	-0.0005618633	-0.0005580892	-0.0005543427	-0.0005506227	-0.0005469252
-0.0009783933	-0.0009777416	-0.0009771130	-0.0009765174	-0.0009759578	-0.0009754336	-0.0009749441	-0.0009744886	-0.0009740668	-0.0009736784	-0.0009733232	-0.0009730009	-0.0009727112	-0.0009724538	-0.0009722286	-0.0009720352	-0.0009718734	-0.0009717429	-0.0009716435	-0.0009715748	-0.0009715367	-0.0009715289	-0.0009715511	-0.0009716031	-0.0009716846	-0.0009717953	-0.0009719350	-0.0009721034	-0.0009723002	-0.0009725252	-0.0009727781	-0.0009730586	-0.0009733663	-0.0009737011	-0.0009740626	-0.0009744505	-0.0009748645	-0.0009753043	-0.0009757695	-0.0009762598	-0.0009767748	-0.0009773143	-0.0009778778	-0.0009784649	-0.0009790754	-0.0009797087	-0.0009803646	-0.0009810425	-0.0009817421	-0.0009824630	-0.0009832045	-0.0009839663	-0.0009847479	-0.0009855487	-0.0009863682	-0.0009872059	-0.0009880613	-0.0009889336	-0.0009898224	-0.0009907269	-0.0009916467	-0.0009925809	-0.0009935290	-0.0009944902	-0.0009954638	-0.0009964490	-0.0009974451	-0.0009984512	-0.0009994665	-0.0010004901	-0.0010015210	-0.0010025584	-0.0010036014	-0.0010046491	-0.0010057007	-0.0010067557	-0.0010078133	-0.0010088728	-0.0010099330	-0.0010109919	-0.0010120466	-0.0010130927	-0.0010141248	-0.0010151369	-0.0010161223	-0.0010170767	-0.0010179995	-0.0010188956	-0.0010197808	-0.0010206767	-0.0010216141	-0.0010226461	-0.0010238126	-0.0010251475	-0.0010267048	-0.0010285089	-0.0010305471	-0.0010327928	-0.0010352178	-0.0010377873	-0.0010404432	-0.0010431199	-0.0010457788	-0.0010483989	-0.0010509517	-0.0010534035	-0.0010557351	-0.0010579403	-0.0010600161	-0.0010619553	-0.0010637501	-0.0010653962	-0.0010668921	-0.0010682372	-0.0010694307	-0.0010704719	-0.0010713599	-0.0010720940	-0.0010726733	-0.0010730975	-0.0010733660	-0.0010734785	-0.0010734344	-0.0010732336	-0.0010728758	-0.0010723608	-0.0010716886	-0.0010708592	-0.0010698726	-0.0010687289	-0.0010674284	-0.0010659714	-0.0010643583	-0.0010625895	-0.0010606656	-0.0010585872	-0.0010563549	-0.0010539695	-0.0010514319	-0.0010487430	-0.0010459037	-0.0010429153	-0.0010397790	-0.0010364961	-0.0010330680	-0.0010294957	-0.0010257807	-0.0010219251	-0.0010179334	-0.0010138130	-0.0010095702	-0.0010052079	-0.0010007324	-0.0009961608	-0.0009915212	-0.0009868345	-0.0009821169	-0.0009773996	-0.0009727336	-0.0009681587	-0.0009636975	-0.0009593674	-0.0009551840	-0.0009511507	-0.0009472434	-0.0009434193	-0.0009396503	-0.0009359042	-0.0009321427	-0.0009283440	-0.0009244925	-0.0009205786	-0.0009166003	-0.0009125592	-0.0009084595	-0.0009043069	-0.0009001065	-0.0008958629	-0.0008915800	-0.0008872607	-0.0008829072	-0.0008785213	-0.0008741045	-0.0008696583	-0.0008651841	-0.0008606836	-0.0008561582	-0.0008516097	-0.0008470397	-0.0008424498	-0.0008378418	-0.0008332171	-0.0008285773	-0.0008239240	-0.0008192588	-0.0008145830	-0.0008098981	-0.0008052057	-0.0008005070	-0.0007958034	-0.0007910964	-0.0007863871	-0.0007816770	-0.0007769671	-0.0007722588	-0.0007675532	-0.0007628514	-0.0007581546	-0.0007534639	-0.0007487802	-0.0007441046	-0.0007394380	-0.0007347815	-0.0007301360	-0.0007255023	-0.0007208812	-0.0007162737	-0.0007116805	-0.0007071024	-0.0007025401	-0.0006979943	-0.0006934657	-0.0006889550	-0.0006844627	-0.0006799895	-0.0006755359	-0.0006711025	-0.0006666897	-0.0006622981	-0.0006579280	-0.0006535801	-0.0006492545	-0.0006449519	-0.0006406724	-0.0006364165	-0.0006321845	-0.0006279768	-0.0006237935	-0.0006196350	-0.0006155015	-0.0006113932	-0.0006073104	-0.0006032532	-0.0005992219	-0.0005952165	-0.0005912373	-0.0005872844	-0.0005833579	-0.0005794578	-0.0005755843	-0.0005717375	-0.0005679173	-0.0005641240	-0.0005603579	-0.0005566190	-0.0005529061	-0.0005492156
-0.0009842000	-0.0009835228	-0.0009828689	-0.0009822479	-0.0009816628	-0.0009811131	-0.0009805980	-0.0009801169	-0.0009796693	-0.0009792551	-0.0009788739	-0.0009785255	-0.0009782097	-0.0009779260	-0.0009776744	-0.0009774545	-0.0009772659	-0.0009771086	-0.0009769821	-0.0009768863	-0.0009768208	-0.0009767854	-0.0009767798	-0.0009768037	-0.0009768570	-0.0009769392	-0.0009770502	-0.0009771896	-0.0009773572	-0.0009775527	-0.0009777757	-0.0009780261	-0.0009783035	-0.0009786075	-0.0009789380	-0.0009792944	-0.0009796767	-0.0009800843	-0.0009805170	-0.0009809744	-0.0009814562	-0.0009819620	-0.0009824914	-0.0009830440	-0.0009836196	-0.0009842175	-0.0009848376	-0.0009854792	-0.0009861421	-0.0009868256	-0.0009875294	-0.0009882530	-0.0009889958	-0.0009897573	-0.0009905370	-0.0009913344	-0.0009921488	-0.0009929796	-0.0009938264	-0.0009946884	-0.0009955649	-0.0009964554	-0.0009973592	-0.0009982754	-0.0009992035	-0.0010001427	-0.0010010921	-0.0010020509	-0.0010030183	-0.0010039935	-0.0010049754	-0.0010059633	-0.0010069560	-0.0010079527	-0.0010089525	-0.0010099543	-0.0010109576	-0.0010119614	-0.0010129651	-0.0010139677	-0.0010149680	-0.0010159641	-0.0010169533	-0.0010179322	-0.0010188959	-0.0010198391	-0.0010207559	-0.0010216420	-0.0010224957	-0.0010233175	-0.0010241146	-0.0010249042	-0.0010257021	-0.0010265323	-0.0010274400	-0.0010284520	-0.0010295876	-0.0010308873	-0.0010323728	-0.0010340345	-0.0010358475	-0.0010377863	-0.0010398287	-0.0010419478	-0.0010440975	-0.0010462254	-0.0010483002	-0.0010503097	-0.0010522436	-0.0010540791	-0.0010557930	-0.0010573729	-0.0010588146	-0.0010601172	-0.0010612796	-0.0010622987	-0.0010631691	-0.0010638873	-0.0010644519	-0.0010648623	-0.0010651183	-0.0010652195	-0.0010651657	-0.0010649565	-0.0010645916	-0.0010640710	-0.0010633945	-0.0010625622	-0.0010615742	-0.0010604305	-0.0010591315	-0.0010576775	-0.0010560688	-0.0010543060	-0.0010523896	-0.0010503203	-0.0010480987	-0.0010457256	-0.0010432019	-0.0010405283	-0.0010377057	-0.0010347360	-0.0010316234	-0.0010283730	-0.0010249877	-0.0010214688	-0.0010178178	-0.0010140390	-0.0010101443	-0.0010061539	-0.0010020854	-0.0009979468	-0.0009937483	-0.0009895162	-0.0009852925	-0.0009811101	-0.0009769867	-0.0009729372	-0.0009689782	-0.0009651249	-0.0009613792	-0.0009577195	-0.0009541129	-0.0009505422	-0.0009469846	-0.0009434063	-0.0009397893	-0.0009361221	-0.0009323930	-0.0009285980	-0.0009247377	-0.0009208143	-0.0009168319	-0.0009127957	-0.0009087100	-0.0009045791	-0.0009004063	-0.0008961941	-0.0008919448	-0.0008876600	-0.0008833412	-0.0008789899	-0.0008746076	-0.0008701958	-0.0008657562	-0.0008612902	-0.0008567997	-0.0008522861	-0.0008477512	-0.0008431965	-0.0008386237	-0.0008340342	-0.0008294296	-0.0008248115	-0.0008201812	-0.0008155403	-0.0008108901	-0.0008062321	-0.0008015677	-0.0007968981	-0.0007922248	-0.0007875490	-0.0007828719	-0.0007781947	-0.0007735188	-0.0007688452	-0.0007641750	-0.0007595094	-0.0007548493	-0.0007501959	-0.0007455502	-0.0007409130	-0.0007362853	-0.0007316681	-0.0007270623	-0.0007224686	-0.0007178879	-0.0007133210	-0.0007087687	-0.0007042316	-0.0006997106	-0.0006952061	-0.0006907190	-0.0006862498	-0.0006817991	-0.0006773675	-0.0006729555	-0.0006685636	-0.0006641923	-0.0006598421	-0.0006555134	-0.0006512066	-0.0006469221	-0.0006426603	-0.0006384215	-0.0006342062	-0.0006300145	-0.0006258468	-0.0006217033	-0.0006175843	-0.0006134901	-0.0006094209	-0.0006053768	-0.0006013581	-0.0005973649	-0.0005933973	-0.0005894556	-0.0005855398	-0.0005816500	-0.0005777864	-0.0005739490	-0.0005701378	-0.0005663531	-0.0005625952	-0.0005588640	-0.0005551586	-0.0005514752
-0.0009899565	-0.0009892536	-0.0009885740	-0.0009879274	-0.0009873166	-0.0009867411	-0.0009862002	-0.0009856931	-0.0009852196	-0.0009847793	-0.0009843719	-0.0009839973	-0.0009836550	-0.0009833449	-0.0009830666	-0.0009828198	-0.0009826043	-0.0009824199	-0.0009822661	-0.0009821428	-0.0009820497	-0.0009819864	-0.0009819528	-0.0009819485	-0.0009819732	-0.0009820267	-0.0009821087	-0.0009822190	-0.0009823571	-0.0009825228	-0.0009827158	-0.0009829358	-0.0009831825	-0.0009834556	-0.0009837548	-0.0009840796	-0.0009844299	-0.0009848052	-0.0009852052	-0.0009856295	-0.0009860778	-0.0009865498	-0.0009870449	-0.0009875629	-0.0009881033	-0.0009886658	-0.0009892498	-0.0009898551	-0.0009904810	-0.0009911272	-0.0009917931	-0.0009924783	-0.0009931823	-0.0009939044	-0.0009946443	-0.0009954012	-0.0009961747	-0.0009969641	-0.0009977688	-0.0009985882	-0.0009994216	-0.0010002685	-0.0010011280	-0.0010019994	-0.0010028822	-0.0010037753	-0.0010046782	-0.0010055899	-0.0010065096	-0.0010074365	-0.0010083697	-0.0010093082	-0.0010102511	-0.0010111973	-0.0010121460	-0.0010130961	-0.0010140466	-0.0010149966	-0.0010159452	-0.0010168917	-0.0010178351	-0.0010187744	-0.0010197084	-0.0010206355	-0.0010215532	-0.0010224586	-0.0010233473	-0.0010242153	-0.0010250575	-0.0010258693	-0.0010266483	-0.0010273938	-0.0010281064	-0.0010287928	-0.0010294678	-0.0010301417	-0.0010308303	-0.0010315691	-0.0010323792	-0.0010332663	-0.0010342489	-0.0010353538	-0.0010365838	-0.0010379211	-0.0010393415	-0.0010408221	-0.0010423441	-0.0010438917	-0.0010454441	-0.0010469646	-0.0010484170	-0.0010497802	-0.0010510450	-0.0010522071	-0.0010532627	-0.0010542023	-0.0010550102	-0.0010556761	-0.0010561961	-0.0010565688	-0.0010567933	-0.0010568687	-0.0010567939	-0.0010565680	-0.0010561901	-0.0010556599	-0.0010549768	-0.0010541406	-0.0010531512	-0.0010520089	-0.0010507139	-0.0010492667	-0.0010476678	-0.0010459182	-0.0010440186	-0.0010419703	-0.0010397745	-0.0010374326	-0.0010349459	-0.0010323156	-0.0010295434	-0.0010266336	-0.0010235964	-0.0010204460	-0.0010171898	-0.0010138306	-0.0010103722	-0.0010068229	-0.0010032012	-0.0009995375	-0.0009958597	-0.0009921825	-0.0009885171	-0.0009848766	-0.0009812770	-0.0009777350	-0.0009742606	-0.0009708467	-0.0009674683	-0.0009641103	-0.0009607664	-0.0009574173	-0.0009540360	-0.0009506102	-0.0009471319	-0.0009435907	-0.0009399823	-0.0009363070	-0.0009325661	-0.0009287622	-0.0009248997	-0.0009209827	-0.0009170148	-0.0009129998	-0.0009089406	-0.0009048394	-0.0009006982	-0.0008965186	-0.0008923022	-0.0008880503	-0.0008837646	-0.0008794463	-0.0008750972	-0.0008707188	-0.0008663128	-0.0008618807	-0.0008574242	-0.0008529449	-0.0008484444	-0.0008439242	-0.0008393859	-0.0008348310	-0.0008302610	-0.0008256773	-0.0008210813	-0.0008164746	-0.0008118585	-0.0008072344	-0.0008026037	-0.0007979676	-0.0007933274	-0.0007886844	-0.0007840399	-0.0007793950	-0.0007747510	-0.0007701089	-0.0007654699	-0.0007608350	-0.0007562053	-0.0007515818	-0.0007469655	-0.0007423574	-0.0007377583	-0.0007331692	-0.0007285909	-0.0007240243	-0.0007194702	-0.0007149294	-0.0007104026	-0.0007058906	-0.0007013941	-0.0006969136	-0.0006924500	-0.0006880037	-0.0006835754	-0.0006791657	-0.0006747750	-0.0006704040	-0.0006660530	-0.0006617225	-0.0006574130	-0.0006531250	-0.0006488587	-0.0006446145	-0.0006403929	-0.0006361942	-0.0006320186	-0.0006278665	-0.0006237382	-0.0006196339	-0.0006155538	-0.0006114982	-0.0006074673	-0.0006034613	-0.0005994803	-0.0005955246	-0.0005915942	-0.0005876893	-0.0005838099	-0.0005799563	-0.0005761285	-0.0005723265	-0.0005685506	-0.0005648010	-0.0005610778	-0.0005573799	-0.0005537038
-0.0009956609	-0.0009949321	-0.0009942266	-0.0009935542	-0.0009929174	-0.0009923160	-0.0009917490	-0.0009912158	-0.0009907160	-0.0009902494	-0.0009898156	-0.0009894145	-0.0009890456	-0.0009887087	-0.0009884035	-0.0009881297	-0.0009878871	-0.0009876753	-0.0009874940	-0.0009873430	-0.0009872220	-0.0009871307	-0.0009870688	-0.0009870360	-0.0009870320	-0.0009870566	-0.0009871094	-0.0009871902	-0.0009872986	-0.0009874343	-0.0009875971	-0.0009877866	-0.0009880024	-0.0009882444	-0.0009885120	-0.0009888051	-0.0009891231	-0.0009894659	-0.0009898331	-0.0009902241	-0.0009906388	-0.0009910767	-0.0009915375	-0.0009920206	-0.0009925258	-0.0009930526	-0.0009936006	-0.0009941693	-0.0009947583	-0.0009953670	-0.0009959950	-0.0009966418	-0.0009973069	-0.0009979896	-0.0009986895	-0.0009994061	-0.0010001386	-0.0010008865	-0.0010016493	-0.0010024262	-0.0010032166	-0.0010040198	-0.0010048352	-0.0010056620	-0.0010064995	-0.0010073469	-0.0010082034	-0.0010090682	-0.0010099404	-0.0010108193	-0.0010117039	-0.0010125933	-0.0010134866	-0.0010143827	-0.0010152808	-0.0010161797	-0.0010170784	-0.0010179760	-0.0010188714	-0.0010197635	-0.0010206515	-0.0010215344	-0.0010224113	-0.0010232812	-0.0010241427	-0.0010249945	-0.0010258343	-0.0010266596	-0.0010274672	-0.0010282532	-0.0010290142	-0.0010297454	-0.0010304435	-0.0010311070	-0.0010317351	-0.0010323280	-0.0010328902	-0.0010334336	-0.0010339652	-0.0010344902	-0.0010350286	-0.0010356053	-0.0010362250	-0.0010368829	-0.0010375890	-0.0010383621	-0.0010392029	-0.0010400966	-0.0010410230	-0.0010419627	-0.0010428980	-0.0010438129	-0.0010446935	-0.0010455287	-0.0010463082	-0.0010470155	-0.0010476269	-0.0010481259	-0.0010485045	-0.0010487582	-0.0010488836	-0.0010488773	-0.0010487361	-0.0010484571	-0.0010480380	-0.0010474769	-0.0010467725	-0.0010459236	-0.0010449299	-0.0010437913	-0.0010425081	-0.0010410812	-0.0010395116	-0.0010378012	-0.0010359518	-0.0010339660	-0.0010318466	-0.0010295967	-0.0010272195	-0.0010247183	-0.0010220972	-0.0010193636	-0.0010165328	-0.0010136259	-0.0010106550	-0.0010076277	-0.0010045527	-0.0010014405	-0.0009983034	-0.0009951544	-0.0009920078	-0.0009888780	-0.0009857739	-0.0009826909	-0.0009796107	-0.0009765252	-0.0009734367	-0.0009703383	-0.0009672078	-0.0009640307	-0.0009608028	-0.0009575180	-0.0009541675	-0.0009507484	-0.0009472611	-0.0009437065	-0.0009400866	-0.0009364044	-0.0009326639	-0.0009288683	-0.0009250209	-0.0009211247	-0.0009171820	-0.0009131950	-0.0009091654	-0.0009050947	-0.0009009845	-0.0008968361	-0.0008926509	-0.0008884305	-0.0008841764	-0.0008798901	-0.0008755733	-0.0008712275	-0.0008668543	-0.0008624554	-0.0008580323	-0.0008535866	-0.0008491198	-0.0008446334	-0.0008401289	-0.0008356078	-0.0008310716	-0.0008265217	-0.0008219595	-0.0008173864	-0.0008128038	-0.0008082130	-0.0008036153	-0.0007990121	-0.0007944045	-0.0007897939	-0.0007851815	-0.0007805683	-0.0007759557	-0.0007713447	-0.0007667364	-0.0007621318	-0.0007575321	-0.0007529382	-0.0007483510	-0.0007437715	-0.0007392006	-0.0007346393	-0.0007300883	-0.0007255485	-0.0007210208	-0.0007165058	-0.0007120044	-0.0007075172	-0.0007030450	-0.0006985884	-0.0006941481	-0.0006897246	-0.0006853186	-0.0006809306	-0.0006765612	-0.0006722109	-0.0006678801	-0.0006635694	-0.0006592791	-0.0006550097	-0.0006507616	-0.0006465351	-0.0006423307	-0.0006381486	-0.0006339892	-0.0006298528	-0.0006257396	-0.0006216500	-0.0006175841	-0.0006135423	-0.0006095247	-0.0006055314	-0.0006015628	-0.0005976189	-0.0005937000	-0.0005898061	-0.0005859373	-0.0005820938	-0.0005782757	-0.0005744831	-0.0005707161	-0.0005669750	-0.0005632599	-0.0005595697	-0.0005559011
-0.0010013141	-0.0010005591	-0.0009998276	-0.0009991291	-0.0009984662	-0.0009978386	-0.0009972453	-0.0009966857	-0.0009961595	-0.0009956664	-0.0009952060	-0.0009947781	-0.0009943824	-0.0009940185	-0.0009936862	-0.0009933852	-0.0009931151	-0.0009928757	-0.0009926667	-0.0009924878	-0.0009923387	-0.0009922191	-0.0009921287	-0.0009920672	-0.0009920343	-0.0009920297	-0.0009920532	-0.0009921043	-0.0009921828	-0.0009922884	-0.0009924207	-0.0009925794	-0.0009927642	-0.0009929748	-0.0009932107	-0.0009934718	-0.0009937575	-0.0009940676	-0.0009944017	-0.0009947594	-0.0009951403	-0.0009955440	-0.0009959702	-0.0009964185	-0.0009968883	-0.0009973794	-0.0009978912	-0.0009984233	-0.0009989751	-0.0009995463	-0.0010001364	-0.0010007447	-0.0010013708	-0.0010020141	-0.0010026742	-0.0010033503	-0.0010040419	-0.0010047484	-0.0010054692	-0.0010062036	-0.0010069511	-0.0010077109	-0.0010084822	-0.0010092645	-0.0010100569	-0.0010108587	-0.0010116691	-0.0010124872	-0.0010133122	-0.0010141433	-0.0010149796	-0.0010158202	-0.0010166642	-0.0010175105	-0.0010183582	-0.0010192064	-0.0010200539	-0.0010208998	-0.0010217429	-0.0010225821	-0.0010234165	-0.0010242448	-0.0010250662	-0.0010258795	-0.0010266839	-0.0010274782	-0.0010282612	-0.0010290315	-0.0010297872	-0.0010305263	-0.0010312462	-0.0010319436	-0.0010326155	-0.0010332589	-0.0010338696	-0.0010344449	-0.0010349836	-0.0010354851	-0.0010359487	-0.0010363754	-0.0010367725	-0.0010371484	-0.0010375037	-0.0010378387	-0.0010381673	-0.0010385090	-0.0010388671	-0.0010392307	-0.0010395908	-0.0010399556	-0.0010403349	-0.0010407248	-0.0010411125	-0.0010414827	-0.0010418212	-0.0010421152	-0.0010423533	-0.0010425249	-0.0010426204	-0.0010426309	-0.0010425487	-0.0010423665	-0.0010420783	-0.0010416786	-0.0010411630	-0.0010405278	-0.0010397702	-0.0010388882	-0.0010378805	-0.0010367468	-0.0010354874	-0.0010341033	-0.0010325965	-0.0010309696	-0.0010292258	-0.0010273692	-0.0010254044	-0.0010233369	-0.0010211726	-0.0010189182	-0.0010165809	-0.0010141686	-0.0010116897	-0.0010091532	-0.0010065691	-0.0010039482	-0.0010013020	-0.0009986392	-0.0009959600	-0.0009932538	-0.0009905135	-0.0009877454	-0.0009849565	-0.0009821412	-0.0009792817	-0.0009763676	-0.0009733984	-0.0009703725	-0.0009672826	-0.0009641235	-0.0009608948	-0.0009575971	-0.0009542313	-0.0009507984	-0.0009473013	-0.0009437431	-0.0009401267	-0.0009364547	-0.0009327299	-0.0009289548	-0.0009251312	-0.0009212611	-0.0009173459	-0.0009133872	-0.0009093864	-0.0009053448	-0.0009012640	-0.0008971452	-0.0008929900	-0.0008887999	-0.0008845766	-0.0008803215	-0.0008760362	-0.0008717223	-0.0008673814	-0.0008630150	-0.0008586246	-0.0008542117	-0.0008497779	-0.0008453246	-0.0008408532	-0.0008363654	-0.0008318624	-0.0008273456	-0.0008228165	-0.0008182764	-0.0008137266	-0.0008091685	-0.0008046033	-0.0008000324	-0.0007954570	-0.0007908782	-0.0007862973	-0.0007817155	-0.0007771338	-0.0007725534	-0.0007679754	-0.0007634008	-0.0007588306	-0.0007542658	-0.0007497074	-0.0007451562	-0.0007406132	-0.0007360794	-0.0007315554	-0.0007270422	-0.0007225405	-0.0007180512	-0.0007135749	-0.0007091123	-0.0007046643	-0.0007002313	-0.0006958142	-0.0006914133	-0.0006870295	-0.0006826632	-0.0006783149	-0.0006739852	-0.0006696746	-0.0006653835	-0.0006611124	-0.0006568616	-0.0006526317	-0.0006484229	-0.0006442356	-0.0006400702	-0.0006359270	-0.0006318062	-0.0006277083	-0.0006236334	-0.0006195819	-0.0006155538	-0.0006115495	-0.0006075692	-0.0006036130	-0.0005996811	-0.0005957737	-0.0005918909	-0.0005880329	-0.0005841997	-0.0005803915	-0.0005766083	-0.0005728503	-0.0005691179	-0.0005654110	-0.0005617288	-0.0005580678
-0.0010069288	-0.0010061474	-0.0010053896	-0.0010046647	-0.0010039754	-0.0010033213	-0.0010027015	-0.0010021153	-0.0010015624	-0.0010010424	-0.0010005552	-0.0010001002	-0.0009996774	-0.0009992862	-0.0009989266	-0.0009985980	-0.0009983002	-0.0009980330	-0.0009977960	-0.0009975889	-0.0009974114	-0.0009972632	-0.0009971441	-0.0009970536	-0.0009969915	-0.0009969575	-0.0009969513	-0.0009969725	-0.0009970208	-0.0009970959	-0.0009971975	-0.0009973252	-0.0009974787	-0.0009976577	-0.0009978617	-0.0009980905	-0.0009983437	-0.0009986209	-0.0009989217	-0.0009992457	-0.0009995926	-0.0009999620	-0.0010003535	-0.0010007666	-0.0010012009	-0.0010016560	-0.0010021315	-0.0010026268	-0.0010031414	-0.0010036749	-0.0010042268	-0.0010047966	-0.0010053836	-0.0010059874	-0.0010066074	-0.0010072431	-0.0010078937	-0.0010085588	-0.0010092376	-0.0010099296	-0.0010106341	-0.0010113504	-0.0010120778	-0.0010128156	-0.0010135630	-0.0010143193	-0.0010150836	-0.0010158551	-0.0010166331	-0.0010174167	-0.0010182049	-0.0010189969	-0.0010197917	-0.0010205884	-0.0010213861	-0.0010221838	-0.0010229804	-0.0010237749	-0.0010245661	-0.0010253531	-0.0010261347	-0.0010269097	-0.0010276771	-0.0010284357	-0.0010291845	-0.0010299224	-0.0010306483	-0.0010313611	-0.0010320596	-0.0010327425	-0.0010334082	-0.0010340548	-0.0010346803	-0.0010352825	-0.0010358582	-0.0010364048	-0.0010369201	-0.0010374004	-0.0010378432	-0.0010382472	-0.0010386120	-0.0010389370	-0.0010392208	-0.0010394636	-0.0010396710	-0.0010398498	-0.0010400006	-0.0010401182	-0.0010402005	-0.0010402589	-0.0010403049	-0.0010403396	-0.0010403552	-0.0010403404	-0.0010402840	-0.0010401834	-0.0010400446	-0.0010398678	-0.0010396460	-0.0010393700	-0.0010390310	-0.0010386215	-0.0010381350	-0.0010375660	-0.0010369099	-0.0010361627	-0.0010353214	-0.0010343836	-0.0010333480	-0.0010322137	-0.0010309809	-0.0010296504	-0.0010282236	-0.0010267029	-0.0010250911	-0.0010233919	-0.0010216096	-0.0010197492	-0.0010178167	-0.0010158190	-0.0010137631	-0.0010116536	-0.0010094882	-0.0010072597	-0.0010049709	-0.0010026303	-0.0010002463	-0.0009978233	-0.0009953585	-0.0009928401	-0.0009902589	-0.0009876161	-0.0009849151	-0.0009821542	-0.0009793270	-0.0009764293	-0.0009734611	-0.0009704230	-0.0009673158	-0.0009641397	-0.0009608959	-0.0009575867	-0.0009542148	-0.0009507824	-0.0009472916	-0.0009437451	-0.0009401448	-0.0009364925	-0.0009327900	-0.0009290389	-0.0009252406	-0.0009213965	-0.0009175079	-0.0009135761	-0.0009096026	-0.0009055888	-0.0009015361	-0.0008974460	-0.0008933199	-0.0008891595	-0.0008849663	-0.0008807418	-0.0008764874	-0.0008722048	-0.0008678955	-0.0008635609	-0.0008592026	-0.0008548220	-0.0008504205	-0.0008459997	-0.0008415610	-0.0008371057	-0.0008326353	-0.0008281511	-0.0008236545	-0.0008191469	-0.0008146295	-0.0008101036	-0.0008055705	-0.0008010314	-0.0007964876	-0.0007919402	-0.0007873905	-0.0007828395	-0.0007782884	-0.0007737382	-0.0007691901	-0.0007646451	-0.0007601041	-0.0007555681	-0.0007510381	-0.0007465151	-0.0007419997	-0.0007374931	-0.0007329959	-0.0007285090	-0.0007240332	-0.0007195693	-0.0007151180	-0.0007106799	-0.0007062559	-0.0007018465	-0.0006974523	-0.0006930741	-0.0006887123	-0.0006843676	-0.0006800404	-0.0006757313	-0.0006714408	-0.0006671693	-0.0006629173	-0.0006586852	-0.0006544734	-0.0006502823	-0.0006461122	-0.0006419635	-0.0006378366	-0.0006337316	-0.0006296490	-0.0006255889	-0.0006215517	-0.0006175376	-0.0006135467	-0.0006095794	-0.0006056358	-0.0006017160	-0.0005978203	-0.0005939488	-0.0005901016	-0.0005862788	-0.0005824806	-0.0005787070	-0.0005749583	-0.0005712347	-0.0005675363	-0.0005638621	-0.0005602090
-0.0010125406	-0.0010117324	-0.0010109478	-0.0010101962	-0.0010094800	-0.0010087990	-0.0010081522	-0.0010075389	-0.0010069588	-0.0010064116	-0.0010058970	-0.0010054146	-0.0010049641	-0.0010045453	-0.0010041577	-0.0010038012	-0.0010034753	-0.0010031798	-0.0010029143	-0.0010026785	-0.0010024722	-0.0010022950	-0.0010021466	-0.0010020267	-0.0010019349	-0.0010018710	-0.0010018347	-0.0010018255	-0.0010018432	-0.0010018874	-0.0010019578	-0.0010020540	-0.0010021758	-0.0010023226	-0.0010024943	-0.0010026904	-0.0010029105	-0.0010031543	-0.0010034214	-0.0010037114	-0.0010040239	-0.0010043585	-0.0010047148	-0.0010050924	-0.0010054907	-0.0010059095	-0.0010063482	-0.0010068062	-0.0010072833	-0.0010077787	-0.0010082921	-0.0010088229	-0.0010093706	-0.0010099345	-0.0010105142	-0.0010111090	-0.0010117183	-0.0010123416	-0.0010129782	-0.0010136275	-0.0010142888	-0.0010149614	-0.0010156446	-0.0010163376	-0.0010170398	-0.0010177504	-0.0010184685	-0.0010191933	-0.0010199241	-0.0010206599	-0.0010213999	-0.0010221432	-0.0010228889	-0.0010236360	-0.0010243836	-0.0010251307	-0.0010258763	-0.0010266194	-0.0010273589	-0.0010280937	-0.0010288227	-0.0010295448	-0.0010302588	-0.0010309636	-0.0010316579	-0.0010323407	-0.0010330109	-0.0010336672	-0.0010343086	-0.0010349340	-0.0010355421	-0.0010361316	-0.0010367012	-0.0010372492	-0.0010377739	-0.0010382734	-0.0010387456	-0.0010391878	-0.0010395978	-0.0010399737	-0.0010403131	-0.0010406131	-0.0010408720	-0.0010410890	-0.0010412638	-0.0010413960	-0.0010414845	-0.0010415273	-0.0010415242	-0.0010414794	-0.0010413974	-0.0010412784	-0.0010411195	-0.0010409154	-0.0010406612	-0.0010403574	-0.0010400113	-0.0010396256	-0.0010391968	-0.0010387197	-0.0010381893	-0.0010376011	-0.0010369514	-0.0010362370	-0.0010354549	-0.0010346028	-0.0010336786	-0.0010326809	-0.0010316083	-0.0010304602	-0.0010292361	-0.0010279361	-0.0010265605	-0.0010251102	-0.0010235862	-0.0010219902	-0.0010203239	-0.0010185895	-0.0010167901	-0.0010149288	-0.0010130093	-0.0010110328	-0.0010089952	-0.0010068886	-0.0010047124	-0.0010024704	-0.0010001659	-0.0009978002	-0.0009953718	-0.0009928761	-0.0009903093	-0.0009876712	-0.0009849628	-0.0009821849	-0.0009793373	-0.0009764201	-0.0009734338	-0.0009703799	-0.0009672605	-0.0009640776	-0.0009608325	-0.0009575272	-0.0009541637	-0.0009507438	-0.0009472690	-0.0009437410	-0.0009401611	-0.0009365308	-0.0009328513	-0.0009291238	-0.0009253498	-0.0009215305	-0.0009176672	-0.0009137613	-0.0009098142	-0.0009058273	-0.0009018022	-0.0008977402	-0.0008936429	-0.0008895117	-0.0008853482	-0.0008811538	-0.0008769300	-0.0008726782	-0.0008684001	-0.0008640969	-0.0008597702	-0.0008554214	-0.0008510519	-0.0008466632	-0.0008422566	-0.0008378336	-0.0008333954	-0.0008289435	-0.0008244791	-0.0008200036	-0.0008155182	-0.0008110242	-0.0008065228	-0.0008020153	-0.0007975029	-0.0007929867	-0.0007884678	-0.0007839475	-0.0007794268	-0.0007749067	-0.0007703883	-0.0007658727	-0.0007613607	-0.0007568535	-0.0007523518	-0.0007478567	-0.0007433689	-0.0007388894	-0.0007344189	-0.0007299583	-0.0007255084	-0.0007210698	-0.0007166435	-0.0007122299	-0.0007078299	-0.0007034440	-0.0006990730	-0.0006947173	-0.0006903777	-0.0006860546	-0.0006817486	-0.0006774602	-0.0006731899	-0.0006689381	-0.0006647054	-0.0006604920	-0.0006562985	-0.0006521252	-0.0006479725	-0.0006438406	-0.0006397300	-0.0006356410	-0.0006315738	-0.0006275288	-0.0006235061	-0.0006195061	-0.0006155289	-0.0006115747	-0.0006076439	-0.0006037365	-0.0005998526	-0.0005959926	-0.0005921564	-0.0005883443	-0.0005845563	-0.0005807926	-0.0005770533	-0.0005733387	-0.0005696489	-0.0005659830	-0.0005623380
-0.0010181942	-0.0010173585	-0.0010165465	-0.0010157674	-0.0010150237	-0.0010143150	-0.0010136405	-0.0010129995	-0.0010123916	-0.0010118165	-0.0010112738	-0.0010107632	-0.0010102845	-0.0010098372	-0.0010094211	-0.0010090359	-0.0010086811	-0.0010083566	-0.0010080619	-0.0010077968	-0.0010075610	-0.0010073540	-0.0010071757	-0.0010070256	-0.0010069035	-0.0010068090	-0.0010067418	-0.0010067015	-0.0010066878	-0.0010067004	-0.0010067389	-0.0010068029	-0.0010068922	-0.0010070063	-0.0010071448	-0.0010073075	-0.0010074939	-0.0010077036	-0.0010079363	-0.0010081915	-0.0010084688	-0.0010087680	-0.0010090884	-0.0010094297	-0.0010097914	-0.0010101731	-0.0010105743	-0.0010109945	-0.0010114332	-0.0010118900	-0.0010123642	-0.0010128553	-0.0010133629	-0.0010138863	-0.0010144250	-0.0010149783	-0.0010155457	-0.0010161266	-0.0010167204	-0.0010173263	-0.0010179438	-0.0010185720	-0.0010192105	-0.0010198582	-0.0010205147	-0.0010211789	-0.0010218503	-0.0010225279	-0.0010232109	-0.0010238986	-0.0010245899	-0.0010252840	-0.0010259801	-0.0010266771	-0.0010273742	-0.0010280704	-0.0010287646	-0.0010294559	-0.0010301432	-0.0010308255	-0.0010315016	-0.0010321704	-0.0010328308	-0.0010334817	-0.0010341217	-0.0010347499	-0.0010353649	-0.0010359656	-0.0010365509	-0.0010371196	-0.0010376704	-0.0010382023	-0.0010387139	-0.0010392041	-0.0010396716	-0.0010401148	-0.0010405324	-0.0010409224	-0.0010412832	-0.0010416133	-0.0010419103	-0.0010421720	-0.0010423966	-0.0010425829	-0.0010427289	-0.0010428321	-0.0010428909	-0.0010429044	-0.0010428721	-0.0010427934	-0.0010426680	-0.0010424951	-0.0010422736	-0.0010420018	-0.0010416782	-0.0010413029	-0.0010408784	-0.0010404054	-0.0010398826	-0.0010393081	-0.0010386798	-0.0010379959	-0.0010372549	-0.0010364554	-0.0010355958	-0.0010346752	-0.0010336923	-0.0010326461	-0.0010315359	-0.0010303609	-0.0010291205	-0.0010278142	-0.0010264416	-0.0010250025	-0.0010234968	-0.0010219244	-0.0010202855	-0.0010185802	-0.0010168091	-0.0010149727	-0.0010130718	-0.0010111061	-0.0010090738	-0.0010069717	-0.0010047990	-0.0010025563	-0.0010002443	-0.0009978631	-0.0009954127	-0.0009928927	-0.0009903030	-0.0009876438	-0.0009849152	-0.0009821184	-0.0009792552	-0.0009763267	-0.0009733339	-0.0009702780	-0.0009671607	-0.0009639836	-0.0009607481	-0.0009574554	-0.0009541069	-0.0009507039	-0.0009472476	-0.0009437392	-0.0009401799	-0.0009365709	-0.0009329134	-0.0009292087	-0.0009254580	-0.0009216626	-0.0009178240	-0.0009139434	-0.0009100223	-0.0009060622	-0.0009020643	-0.0008980303	-0.0008939615	-0.0008898594	-0.0008857253	-0.0008815609	-0.0008773674	-0.0008731463	-0.0008688991	-0.0008646271	-0.0008603319	-0.0008560147	-0.0008516771	-0.0008473203	-0.0008429458	-0.0008385548	-0.0008341488	-0.0008297290	-0.0008252967	-0.0008208532	-0.0008163998	-0.0008119377	-0.0008074680	-0.0008029920	-0.0007985110	-0.0007940259	-0.0007895380	-0.0007850483	-0.0007805579	-0.0007760680	-0.0007715794	-0.0007670932	-0.0007626104	-0.0007581319	-0.0007536587	-0.0007491916	-0.0007447315	-0.0007402793	-0.0007358357	-0.0007314015	-0.0007269776	-0.0007225646	-0.0007181633	-0.0007137744	-0.0007093986	-0.0007050365	-0.0007006888	-0.0006963560	-0.0006920387	-0.0006877374	-0.0006834528	-0.0006791853	-0.0006749355	-0.0006707037	-0.0006664904	-0.0006622961	-0.0006581212	-0.0006539660	-0.0006498308	-0.0006457161	-0.0006416222	-0.0006375494	-0.0006334980	-0.0006294682	-0.0006254604	-0.0006214747	-0.0006175115	-0.0006135708	-0.0006096530	-0.0006057582	-0.0006018866	-0.0005980383	-0.0005942135	-0.0005904123	-0.0005866349	-0.0005828813	-0.0005791517	-0.0005754465	-0.0005717656	-0.0005681083	-0.0005644717
-0.0010238422	-0.0010229785	-0.0010221386	-0.0010213316	-0.0010205599	-0.0010198233	-0.0010191207	-0.0010184515	-0.0010178153	-0.0010172118	-0.0010166406	-0.0010161014	-0.0010155940	-0.0010151179	-0.0010146728	-0.0010142584	-0.0010138744	-0.0010135204	-0.0010131961	-0.0010129012	-0.0010126354	-0.0010123983	-0.0010121896	-0.0010120090	-0.0010118560	-0.0010117305	-0.0010116320	-0.0010115601	-0.0010115147	-0.0010114952	-0.0010115013	-0.0010115328	-0.0010115891	-0.0010116700	-0.0010117750	-0.0010119039	-0.0010120561	-0.0010122313	-0.0010124291	-0.0010126492	-0.0010128910	-0.0010131543	-0.0010134384	-0.0010137431	-0.0010140678	-0.0010144121	-0.0010147755	-0.0010151574	-0.0010155575	-0.0010159751	-0.0010164098	-0.0010168610	-0.0010173282	-0.0010178107	-0.0010183081	-0.0010188197	-0.0010193450	-0.0010198832	-0.0010204338	-0.0010209962	-0.0010215696	-0.0010221534	-0.0010227468	-0.0010233492	-0.0010239597	-0.0010245775	-0.0010252020	-0.0010258323	-0.0010264675	-0.0010271068	-0.0010277494	-0.0010283943	-0.0010290408	-0.0010296877	-0.0010303344	-0.0010309796	-0.0010316226	-0.0010322621	-0.0010328974	-0.0010335271	-0.0010341504	-0.0010347661	-0.0010353731	-0.0010359701	-0.0010365562	-0.0010371301	-0.0010376906	-0.0010382365	-0.0010387666	-0.0010392797	-0.0010397747	-0.0010402502	-0.0010407052	-0.0010411383	-0.0010415484	-0.0010419342	-0.0010422944	-0.0010426277	-0.0010429327	-0.0010432080	-0.0010434519	-0.0010436629	-0.0010438394	-0.0010439801	-0.0010440830	-0.0010441459	-0.0010441674	-0.0010441464	-0.0010440820	-0.0010439721	-0.0010438150	-0.0010436094	-0.0010433545	-0.0010430496	-0.0010426939	-0.0010422867	-0.0010418275	-0.0010413154	-0.0010407498	-0.0010401297	-0.0010394543	-0.0010387230	-0.0010379347	-0.0010370888	-0.0010361844	-0.0010352209	-0.0010341974	-0.0010331132	-0.0010319677	-0.0010307601	-0.0010294899	-0.0010281563	-0.0010267589	-0.0010252970	-0.0010237701	-0.0010221777	-0.0010205194	-0.0010187947	-0.0010170033	-0.0010151448	-0.0010132189	-0.0010112253	-0.0010091637	-0.0010070338	-0.0010048353	-0.0010025680	-0.0010002319	-0.0009978271	-0.0009953539	-0.0009928135	-0.0009902067	-0.0009875339	-0.0009847957	-0.0009819927	-0.0009791267	-0.0009761986	-0.0009732096	-0.0009701604	-0.0009670524	-0.0009638866	-0.0009606642	-0.0009573862	-0.0009540536	-0.0009506675	-0.0009472291	-0.0009437394	-0.0009401996	-0.0009366108	-0.0009329743	-0.0009292914	-0.0009255632	-0.0009217912	-0.0009179767	-0.0009141210	-0.0009102256	-0.0009062917	-0.0009023208	-0.0008983143	-0.0008942736	-0.0008902000	-0.0008860951	-0.0008819601	-0.0008777964	-0.0008736056	-0.0008693889	-0.0008651477	-0.0008608835	-0.0008565976	-0.0008522914	-0.0008479662	-0.0008436233	-0.0008392640	-0.0008348898	-0.0008305018	-0.0008261013	-0.0008216895	-0.0008172677	-0.0008128371	-0.0008083988	-0.0008039541	-0.0007995041	-0.0007950500	-0.0007905927	-0.0007861335	-0.0007816733	-0.0007772132	-0.0007727542	-0.0007682973	-0.0007638435	-0.0007593937	-0.0007549487	-0.0007505096	-0.0007460770	-0.0007416519	-0.0007372351	-0.0007328273	-0.0007284293	-0.0007240419	-0.0007196657	-0.0007153015	-0.0007109499	-0.0007066115	-0.0007022870	-0.0006979771	-0.0006936822	-0.0006894029	-0.0006851397	-0.0006808932	-0.0006766639	-0.0006724521	-0.0006682584	-0.0006640833	-0.0006599270	-0.0006557899	-0.0006516725	-0.0006475751	-0.0006434980	-0.0006394415	-0.0006354060	-0.0006313917	-0.0006273988	-0.0006234277	-0.0006194785	-0.0006155516	-0.0006116470	-0.0006077650	-0.0006039058	-0.0006000695	-0.0005962562	-0.0005924662	-0.0005886995	-0.0005849562	-0.0005812366	-0.0005775408	-0.0005738692	-0.0005702207	-0.0005665926
-0.0010291063	-0.0010282162	-0.0010273500	-0.0010265166	-0.0010257186	-0.0010249554	-0.0010242262	-0.0010235304	-0.0010228675	-0.0010222372	-0.0010216391	-0.0010210729	-0.0010205383	-0.0010200350	-0.0010195625	-0.0010191206	-0.0010187089	-0.0010183271	-0.0010179749	-0.0010176519	-0.0010173578	-0.0010170922	-0.0010168548	-0.0010166453	-0.0010164632	-0.0010163084	-0.0010161803	-0.0010160788	-0.0010160033	-0.0010159536	-0.0010159292	-0.0010159299	-0.0010159552	-0.0010160048	-0.0010160782	-0.0010161751	-0.0010162952	-0.0010164379	-0.0010166029	-0.0010167899	-0.0010169983	-0.0010172277	-0.0010174778	-0.0010177480	-0.0010180379	-0.0010183469	-0.0010186747	-0.0010190207	-0.0010193845	-0.0010197654	-0.0010201630	-0.0010205767	-0.0010210059	-0.0010214501	-0.0010219088	-0.0010223812	-0.0010228669	-0.0010233652	-0.0010238754	-0.0010243970	-0.0010249292	-0.0010254713	-0.0010260226	-0.0010265824	-0.0010271499	-0.0010277243	-0.0010283050	-0.0010288910	-0.0010294815	-0.0010300758	-0.0010306729	-0.0010312719	-0.0010318720	-0.0010324723	-0.0010330718	-0.0010336697	-0.0010342648	-0.0010348562	-0.0010354429	-0.0010360238	-0.0010365979	-0.0010371642	-0.0010377214	-0.0010382684	-0.0010388043	-0.0010393277	-0.0010398375	-0.0010403326	-0.0010408117	-0.0010412736	-0.0010417172	-0.0010421412	-0.0010425443	-0.0010429253	-0.0010432830	-0.0010436162	-0.0010439235	-0.0010442039	-0.0010444560	-0.0010446785	-0.0010448701	-0.0010450295	-0.0010451553	-0.0010452463	-0.0010453009	-0.0010453174	-0.0010452945	-0.0010452310	-0.0010451257	-0.0010449768	-0.0010447825	-0.0010445414	-0.0010442526	-0.0010439153	-0.0010435285	-0.0010430912	-0.0010426020	-0.0010420594	-0.0010414627	-0.0010408112	-0.0010401042	-0.0010393409	-0.0010385207	-0.0010376427	-0.0010367063	-0.0010357108	-0.0010346555	-0.0010335397	-0.0010323628	-0.0010311241	-0.0010298231	-0.0010284591	-0.0010270315	-0.0010255399	-0.0010239837	-0.0010223625	-0.0010206757	-0.0010189229	-0.0010171038	-0.0010152179	-0.0010132650	-0.0010112448	-0.0010091577	-0.0010070041	-0.0010047841	-0.0010024976	-0.0010001448	-0.0009977257	-0.0009952408	-0.0009926913	-0.0009900779	-0.0009874011	-0.0009846617	-0.0009818601	-0.0009789976	-0.0009760749	-0.0009730929	-0.0009700525	-0.0009669546	-0.0009638000	-0.0009605899	-0.0009573251	-0.0009540067	-0.0009506356	-0.0009472129	-0.0009437398	-0.0009402174	-0.0009366469	-0.0009330295	-0.0009293664	-0.0009256590	-0.0009219084	-0.0009181161	-0.0009142833	-0.0009104114	-0.0009065017	-0.0009025556	-0.0008985745	-0.0008945596	-0.0008905124	-0.0008864342	-0.0008823263	-0.0008781902	-0.0008740272	-0.0008698387	-0.0008656259	-0.0008613904	-0.0008571333	-0.0008528560	-0.0008485599	-0.0008442463	-0.0008399163	-0.0008355714	-0.0008312127	-0.0008268416	-0.0008224591	-0.0008180666	-0.0008136652	-0.0008092560	-0.0008048402	-0.0008004190	-0.0007959935	-0.0007915646	-0.0007871336	-0.0007827014	-0.0007782690	-0.0007738375	-0.0007694078	-0.0007649809	-0.0007605576	-0.0007561390	-0.0007517257	-0.0007473188	-0.0007429190	-0.0007385271	-0.0007341438	-0.0007297700	-0.0007254063	-0.0007210535	-0.0007167122	-0.0007123832	-0.0007080670	-0.0007037643	-0.0006994756	-0.0006952016	-0.0006909428	-0.0006866997	-0.0006824728	-0.0006782626	-0.0006740697	-0.0006698943	-0.0006657370	-0.0006615982	-0.0006574782	-0.0006533775	-0.0006492963	-0.0006452349	-0.0006411938	-0.0006371732	-0.0006331734	-0.0006291947	-0.0006252372	-0.0006213014	-0.0006173873	-0.0006134952	-0.0006096253	-0.0006057777	-0.0006019528	-0.0005981504	-0.0005943709	-0.0005906144	-0.0005868809	-0.0005831707	-0.0005794840	-0.0005758210	-0.0005721809	-0.0005685610
-0.0010330638	-0.0010321537	-0.0010312675	-0.0010304141	-0.0010295960	-0.0010288127	-0.0010280634	-0.0010273473	-0.0010266641	-0.0010260135	-0.0010253949	-0.0010248083	-0.0010242531	-0.0010237290	-0.0010232358	-0.0010227730	-0.0010223403	-0.0010219374	-0.0010215640	-0.0010212196	-0.0010209040	-0.0010206168	-0.0010203577	-0.0010201262	-0.0010199221	-0.0010197451	-0.0010195946	-0.0010194705	-0.0010193722	-0.0010192996	-0.0010192521	-0.0010192295	-0.0010192312	-0.0010192571	-0.0010193066	-0.0010193793	-0.0010194750	-0.0010195931	-0.0010197333	-0.0010198952	-0.0010200783	-0.0010202822	-0.0010205064	-0.0010207505	-0.0010210140	-0.0010212964	-0.0010215973	-0.0010219161	-0.0010222524	-0.0010226055	-0.0010229751	-0.0010233604	-0.0010237610	-0.0010241763	-0.0010246056	-0.0010250485	-0.0010255044	-0.0010259725	-0.0010264522	-0.0010269430	-0.0010274441	-0.0010279547	-0.0010284743	-0.0010290020	-0.0010295371	-0.0010300789	-0.0010306265	-0.0010311792	-0.0010317361	-0.0010322963	-0.0010328592	-0.0010334237	-0.0010339889	-0.0010345541	-0.0010351183	-0.0010356804	-0.0010362396	-0.0010367948	-0.0010373451	-0.0010378893	-0.0010384265	-0.0010389556	-0.0010394754	-0.0010399850	-0.0010404831	-0.0010409686	-0.0010414404	-0.0010418974	-0.0010423383	-0.0010427619	-0.0010431671	-0.0010435525	-0.0010439171	-0.0010442594	-0.0010445783	-0.0010448726	-0.0010451409	-0.0010453821	-0.0010455949	-0.0010457781	-0.0010459303	-0.0010460505	-0.0010461374	-0.0010461895	-0.0010462058	-0.0010461847	-0.0010461252	-0.0010460258	-0.0010458854	-0.0010457023	-0.0010454752	-0.0010452029	-0.0010448840	-0.0010445176	-0.0010441028	-0.0010436382	-0.0010431224	-0.0010425541	-0.0010419324	-0.0010412564	-0.0010405252	-0.0010397381	-0.0010388942	-0.0010379928	-0.0010370331	-0.0010360143	-0.0010349358	-0.0010337969	-0.0010325969	-0.0010313353	-0.0010300114	-0.0010286247	-0.0010271747	-0.0010256610	-0.0010240831	-0.0010224405	-0.0010207331	-0.0010189604	-0.0010171223	-0.0010152183	-0.0010132485	-0.0010112127	-0.0010091113	-0.0010069446	-0.0010047131	-0.0010024168	-0.0010000558	-0.0009976305	-0.0009951413	-0.0009925890	-0.0009899742	-0.0009872975	-0.0009845594	-0.0009817607	-0.0009789020	-0.0009759842	-0.0009730079	-0.0009699742	-0.0009668836	-0.0009637372	-0.0009605359	-0.0009572805	-0.0009539722	-0.0009506119	-0.0009472008	-0.0009437398	-0.0009402303	-0.0009366733	-0.0009330700	-0.0009294217	-0.0009257297	-0.0009219951	-0.0009182193	-0.0009144036	-0.0009105493	-0.0009066576	-0.0009027300	-0.0008987677	-0.0008947721	-0.0008907445	-0.0008866862	-0.0008825986	-0.0008784830	-0.0008743408	-0.0008701732	-0.0008659817	-0.0008617674	-0.0008575319	-0.0008532763	-0.0008490019	-0.0008447100	-0.0008404020	-0.0008360790	-0.0008317422	-0.0008273930	-0.0008230325	-0.0008186618	-0.0008142822	-0.0008098948	-0.0008055007	-0.0008011010	-0.0007966969	-0.0007922893	-0.0007878794	-0.0007834681	-0.0007790565	-0.0007746456	-0.0007702363	-0.0007658295	-0.0007614262	-0.0007570272	-0.0007526335	-0.0007482458	-0.0007438649	-0.0007394917	-0.0007351268	-0.0007307711	-0.0007264253	-0.0007220901	-0.0007177661	-0.0007134540	-0.0007091545	-0.0007048681	-0.0007005955	-0.0006963372	-0.0006920938	-0.0006878658	-0.0006836537	-0.0006794580	-0.0006752792	-0.0006711177	-0.0006669739	-0.0006628483	-0.0006587412	-0.0006546529	-0.0006505840	-0.0006465346	-0.0006425051	-0.0006384958	-0.0006345070	-0.0006305389	-0.0006265918	-0.0006226660	-0.0006187617	-0.0006148791	-0.0006110183	-0.0006071797	-0.0006033632	-0.0005995692	-0.0005957977	-0.0005920489	-0.0005883229	-0.0005846199	-0.0005809401	-0.0005772837	-0.0005736500	-0.0005700363
-0.0010345630	-0.0010336452	-0.0010327514	-0.0010318904	-0.0010310647	-0.0010302738	-0.0010295167	-0.0010287930	-0.0010281020	-0.0010274436	-0.0010268173	-0.0010262228	-0.0010256598	-0.0010251279	-0.0010246267	-0.0010241560	-0.0010237153	-0.0010233044	-0.0010229229	-0.0010225704	-0.0010222466	-0.0010219512	-0.0010216837	-0.0010214439	-0.0010212315	-0.0010210459	-0.0010208869	-0.0010207542	-0.0010206473	-0.0010205659	-0.0010205097	-0.0010204781	-0.0010204710	-0.0010204878	-0.0010205282	-0.0010205917	-0.0010206781	-0.0010207869	-0.0010209176	-0.0010210700	-0.0010212434	-0.0010214376	-0.0010216520	-0.0010218862	-0.0010221397	-0.0010224120	-0.0010227027	-0.0010230111	-0.0010233369	-0.0010236795	-0.0010240384	-0.0010244130	-0.0010248027	-0.0010252070	-0.0010256252	-0.0010260569	-0.0010265014	-0.0010269580	-0.0010274262	-0.0010279053	-0.0010283945	-0.0010288933	-0.0010294008	-0.0010299163	-0.0010304392	-0.0010309685	-0.0010315036	-0.0010320436	-0.0010325878	-0.0010331352	-0.0010336850	-0.0010342364	-0.0010347885	-0.0010353404	-0.0010358912	-0.0010364398	-0.0010369854	-0.0010375269	-0.0010380633	-0.0010385937	-0.0010391169	-0.0010396319	-0.0010401376	-0.0010406329	-0.0010411168	-0.0010415880	-0.0010420454	-0.0010424879	-0.0010429144	-0.0010433235	-0.0010437142	-0.0010440851	-0.0010444350	-0.0010447628	-0.0010450671	-0.0010453468	-0.0010456004	-0.0010458269	-0.0010460250	-0.0010461934	-0.0010463309	-0.0010464363	-0.0010465084	-0.0010465458	-0.0010465474	-0.0010465119	-0.0010464381	-0.0010463247	-0.0010461704	-0.0010459737	-0.0010457335	-0.0010454485	-0.0010451174	-0.0010447391	-0.0010443127	-0.0010438368	-0.0010433100	-0.0010427312	-0.0010420992	-0.0010414133	-0.0010406725	-0.0010398760	-0.0010390228	-0.0010381123	-0.0010371436	-0.0010361159	-0.0010350286	-0.0010338809	-0.0010326723	-0.0010314020	-0.0010300697	-0.0010286746	-0.0010272165	-0.0010256947	-0.0010241090	-0.0010224589	-0.0010207442	-0.0010189646	-0.0010171199	-0.0010152099	-0.0010132345	-0.0010111938	-0.0010090879	-0.0010069173	-0.0010046823	-0.0010023831	-0.0010000198	-0.0009975928	-0.0009951027	-0.0009925498	-0.0009899349	-0.0009872585	-0.0009845212	-0.0009817237	-0.0009788665	-0.0009759505	-0.0009729764	-0.0009699451	-0.0009668572	-0.0009637138	-0.0009605156	-0.0009572638	-0.0009539592	-0.0009506030	-0.0009471961	-0.0009437397	-0.0009402350	-0.0009366831	-0.0009330851	-0.0009294424	-0.0009257562	-0.0009220276	-0.0009182581	-0.0009144488	-0.0009106011	-0.0009067163	-0.0009027956	-0.0008988404	-0.0008948521	-0.0008908319	-0.0008867811	-0.0008827011	-0.0008785933	-0.0008744589	-0.0008702992	-0.0008661157	-0.0008619095	-0.0008576820	-0.0008534346	-0.0008491684	-0.0008448848	-0.0008405850	-0.0008362703	-0.0008319418	-0.0008276009	-0.0008232486	-0.0008188862	-0.0008145149	-0.0008101357	-0.0008057497	-0.0008013582	-0.0007969621	-0.0007925626	-0.0007881607	-0.0007837573	-0.0007793536	-0.0007749505	-0.0007705488	-0.0007661497	-0.0007617539	-0.0007573624	-0.0007529760	-0.0007485956	-0.0007442219	-0.0007398557	-0.0007354979	-0.0007311490	-0.0007268100	-0.0007224814	-0.0007181639	-0.0007138583	-0.0007095651	-0.0007052849	-0.0007010184	-0.0006967661	-0.0006925285	-0.0006883062	-0.0006840997	-0.0006799095	-0.0006757361	-0.0006715798	-0.0006674411	-0.0006633205	-0.0006592183	-0.0006551348	-0.0006510705	-0.0006470257	-0.0006430006	-0.0006389956	-0.0006350109	-0.0006310469	-0.0006271038	-0.0006231818	-0.0006192812	-0.0006154022	-0.0006115449	-0.0006077096	-0.0006038965	-0.0006001056	-0.0005963372	-0.0005925913	-0.0005888681	-0.0005851678	-0.0005814907	-0.0005778369	-0.0005742056	-0.0005705943
