0.2137222355	0.2135333707	0.2133494235	0.2131721918	0.2130021857	0.2128393178	0.2126834028	0.2125343068	0.2123919419	0.2122562378	0.2121271276	0.2120045384	0.2118884002	0.2117786427	0.2116751931	0.2115779815	0.2114869414	0.2114020004	0.2113230870	0.2112501329	0.2111830658	0.2111218179	0.2110663129	0.2110164814	0.2109722527	0.2109335506	0.2109003076	0.2108724454	0.2108498905	0.2108325696	0.2108204059	0.2108133218	0.2108112407	0.2108140831	0.2108217668	0.2108342155	0.2108513455	0.2108730795	0.2108993319	0.2109300199	0.2109650556	0.2110043454	0.2110477979	0.2110953192	0.2111468162	0.2112021877	0.2112613364	0.2113241579	0.2113905491	0.2114604019	0.2115336074	0.2116100531	0.2116896267	0.2117722091	0.2118576833	0.2119459298	0.2120368272	0.2121302503	0.2122260662	0.2123241405	0.2124243345	0.2125265052	0.2126305080	0.2127361951	0.2128434139	0.2129520076	0.2130618181	0.2131726821	0.2132844331	0.2133968996	0.2135099089	0.2136232852	0.2137368532	0.2138504288	0.2139638235	0.2140768440	0.2141892945	0.2143009721	0.2144116719	0.2145211857	0.2146293004	0.2147358011	0.2148404676	0.2149430759	0.2150434005	0.2151412119	0.2152362776	0.2153283642	0.2154172335	0.2155026431	0.2155843467	0.2156620958	0.2157356376	0.2158047194	0.2158690883	0.2159284879	0.2159826637	0.2160313634	0.2160743319	0.2161113147	0.2161420604	0.2161663242	0.2161838554	0.2161943945	0.2161976831	0.2161934712	0.2161815077	0.2161615322	0.2161332809	0.2160964826	0.2160508639	0.2159961597	0.2159321227	0.2158585225	0.2157751354	0.2156817250	0.2155780202	0.2154637538	0.2153386997	0.2152026620	0.2150554588	0.2148969129	0.2147268503	0.2145451015	0.2143515020	0.2141458942	0.2139281295	0.2136980654	0.2134555670	0.2132005082	0.2129327702	0.2126522419	0.2123588207	0.2120524126	0.2117329328	0.2114003047	0.2110544611	0.2106953443	0.2103229057	0.2099371054	0.2095379136	0.2091253196	0.2086993480	0.2082600675	0.2078075498	0.2073418397	0.2068629798	0.2063710299	0.2058660695	0.2053481994	0.2048175347	0.2042741950	0.2037183032	0.2031499865	0.2025693751	0.2019766064	0.2013718350	0.2007552227	0.2001269341	0.1994871393	0.1988360192	0.1981737659	0.1975005794	0.1968166648	0.1961222359	0.1954175147	0.1947027299	0.1939781160	0.1932439146	0.1925003710	0.1917477348	0.1909862620	0.1902162093	0.1894378365	0.1886514068	0.1878571844	0.1870554363	0.1862464313	0.1854304389	0.1846077275	0.1837785670	0.1829432275	0.1821019802	0.1812550959	0.1804028465	0.1795455022	0.1786833317	0.1778166025	0.1769455805	0.1760705301	0.1751917106	0.1743093829	0.1734238038	0.1725352272	0.1716439006	0.1707500727	0.1698539834	0.1689558709	0.1680559717	0.1671545176	0.1662517378	0.1653478577	0.1644430985	0.1635376742	0.1626317987	0.1617256800	0.1608195197	0.1599135169	0.1590078648	0.1581027542	0.1571983689	0.1562948902	0.1553924917	0.1544913413	0.1535916015	0.1526934310	0.1517969856	0.1509024174	0.1500098725	0.1491194931	0.1482314184	0.1473457809	0.1464627087	0.1455823284	0.1447047581	0.1438301141	0.1429585082	0.1420900472	0.1412248335	0.1403629666	0.1395045420	0.1386496501	0.1377983782	0.1369508086	0.1361070198	0.1352670851	0.1344310753	0.1335990573	0.1327710970	0.1319472562	0.1311275956	0.1303121657	0.1295010229	0.1286942188	0.1278917889	0.1270937924	0.1263002543	0.1255112167	0.1247267210	0.1239467991	0.1231714744	0.1224007701	0.1216347181	0.1208733674	0.1201167576	0.1193649181	0.1186177020	0.1178745796
0.2134137455	0.2132264460	0.2130440598	0.2128683895	0.2126999483	0.2125386488	0.2123843083	0.2122367901	0.2120960091	0.2119618939	0.2118343767	0.2117133890	0.2115988582	0.2114907147	0.2113888864	0.2112933053	0.2112039021	0.2111206059	0.2110433487	0.2109720605	0.2109066696	0.2108471058	0.2107932987	0.2107451764	0.2107026677	0.2106657001	0.2106342016	0.2106080988	0.2105873178	0.2105717836	0.2105614220	0.2105561548	0.2105559068	0.2105605974	0.2105701483	0.2105844786	0.2106035086	0.2106271582	0.2106553441	0.2106879838	0.2107249891	0.2107662685	0.2108117311	0.2108612832	0.2109148298	0.2109722734	0.2110335145	0.2110984500	0.2111669768	0.2112389874	0.2113143741	0.2113930241	0.2114748232	0.2115596560	0.2116474031	0.2117379451	0.2118311614	0.2119269261	0.2120251088	0.2121255734	0.2122281824	0.2123327927	0.2124392594	0.2125474344	0.2126571652	0.2127682962	0.2128806677	0.2129941166	0.2131084750	0.2132235737	0.2133392378	0.2134552922	0.2135715594	0.2136878561	0.2138039931	0.2139197776	0.2140350116	0.2141494929	0.2142630161	0.2143753717	0.2144863462	0.2145957237	0.2147032832	0.2148087997	0.2149120460	0.2150127909	0.2151108011	0.2152058419	0.2152976733	0.2153860515	0.2154707287	0.2155514554	0.2156279795	0.2157000474	0.2157674072	0.2158298033	0.2158869813	0.2159386895	0.2159846748	0.2160246805	0.2160584531	0.2160857451	0.2161063037	0.2161198646	0.2161261602	0.2161249264	0.2161159012	0.2160988261	0.2160734371	0.2160394477	0.2159965597	0.2159444944	0.2158830059	0.2158118750	0.2157308939	0.2156398315	0.2155384063	0.2154263401	0.2153034079	0.2151694245	0.2150242196	0.2148676261	0.2146994785	0.2145196140	0.2143278735	0.2141241036	0.2139081577	0.2136798953	0.2134391818	0.2131858899	0.2129198987	0.2126410940	0.2123493688	0.2120446237	0.2117267673	0.2113957156	0.2110513932	0.2106937328	0.2103226750	0.2099381676	0.2095401678	0.2091286544	0.2087036508	0.2082652344	0.2078134837	0.2073484360	0.2068701197	0.2063785835	0.2058739072	0.2053562045	0.2048256096	0.2042822538	0.2037262587	0.2031577511	0.2025768684	0.2019837607	0.2013785881	0.2007615156	0.2001327094	0.1994923404	0.1988405922	0.1981776581	0.1975037358	0.1968190303	0.1961237564	0.1954181361	0.1947023976	0.1939767760	0.1932415143	0.1924968605	0.1917430663	0.1909803884	0.1902090859	0.1894294217	0.1886416609	0.1878460701	0.1870429184	0.1862324766	0.1854150163	0.1845908086	0.1837601251	0.1829232380	0.1820804197	0.1812319440	0.1803780841	0.1795191129	0.1786553003	0.1777869163	0.1769142278	0.1760375014	0.1751569994	0.1742729830	0.1733857102	0.1724954362	0.1716024127	0.1707068874	0.1698091025	0.1689092975	0.1680077101	0.1671045741	0.1662001199	0.1652945736	0.1643881575	0.1634810885	0.1625735796	0.1616658397	0.1607580723	0.1598504776	0.1589432502	0.1580365795	0.1571306521	0.1562256488	0.1553217438	0.1544191064	0.1535178994	0.1526182818	0.1517204107	0.1508244376	0.1499305100	0.1490387706	0.1481493583	0.1472624066	0.1463780442	0.1454963962	0.1446175824	0.1437417192	0.1428689180	0.1419992858	0.1411329262	0.1402699376	0.1394104163	0.1385544519	0.1377021319	0.1368535384	0.1360087501	0.1351678399	0.1343308790	0.1334979346	0.1326690722	0.1318443534	0.1310238373	0.1302075786	0.1293956296	0.1285880414	0.1277848530	0.1269861152	0.1261918615	0.1254021340	0.1246169733	0.1238364031	0.1230604507	0.1222891436	0.1215225092	0.1207605963	0.1200034489	0.1192510917	0.1185033777	0.1177597683
0.2126001606	0.2124169675	0.2122386742	0.2120671022	0.2119027665	0.2117455842	0.2115953727	0.2114519951	0.2113153680	0.2111854208	0.2110620863	0.2109452988	0.2108349853	0.2107310768	0.2106335048	0.2105421994	0.2104570924	0.2103781164	0.2103052033	0.2102382844	0.2101772911	0.2101221514	0.2100727987	0.2100291608	0.2099911679	0.2099587504	0.2099318345	0.2099103495	0.2098942245	0.2098833826	0.2098777523	0.2098772567	0.2098818210	0.2098913672	0.2099058169	0.2099250901	0.2099491082	0.2099777907	0.2100110568	0.2100488238	0.2100910056	0.2101375135	0.2101882573	0.2102431452	0.2103020803	0.2103649680	0.2104317083	0.2105022019	0.2105763442	0.2106540295	0.2107351504	0.2108195959	0.2109072511	0.2109980015	0.2110917281	0.2111883111	0.2112876296	0.2113895585	0.2114939688	0.2116007258	0.2117096916	0.2118207242	0.2119336786	0.2120484056	0.2121647530	0.2122825652	0.2124016826	0.2125219411	0.2126431729	0.2127652075	0.2128878693	0.2130109817	0.2131343653	0.2132578366	0.2133812052	0.2135042777	0.2136268548	0.2137487329	0.2138697045	0.2139895584	0.2141080801	0.2142250501	0.2143402448	0.2144534368	0.2145643950	0.2146728846	0.2147786686	0.2148815082	0.2149811600	0.2150773780	0.2151699129	0.2152585150	0.2153429326	0.2154229134	0.2154982085	0.2155685651	0.2156337279	0.2156934462	0.2157474663	0.2157955243	0.2158373515	0.2158726809	0.2159012454	0.2159227691	0.2159369507	0.2159434697	0.2159420287	0.2159323733	0.2159142499	0.2158873386	0.2158512775	0.2158057543	0.2157505343	0.2156854341	0.2156102880	0.2155248921	0.2154289707	0.2153222474	0.2152045133	0.2150756081	0.2149353871	0.2147837051	0.2146204149	0.2144453681	0.2142584173	0.2140594173	0.2138482263	0.2136247061	0.2133887223	0.2131401438	0.2128788437	0.2126046993	0.2123175926	0.2120174102	0.2117040445	0.2113773932	0.2110373603	0.2106838553	0.2103167929	0.2099360925	0.2095416812	0.2091335096	0.2087115833	0.2082759739	0.2078267502	0.2073639199	0.2068874731	0.2063974269	0.2058938543	0.2053769010	0.2048467538	0.2043035672	0.2037474530	0.2031785372	0.2025969895	0.2020030040	0.2013967651	0.2007784471	0.2001482263	0.1995062880	0.1988528276	0.1981880426	0.1975121308	0.1968252980	0.1961277603	0.1954197386	0.1947014601	0.1939731620	0.1932350888	0.1924874918	0.1917306271	0.1909647554	0.1901901419	0.1894070555	0.1886157666	0.1878165487	0.1870096769	0.1861954274	0.1853740774	0.1845459038	0.1837111839	0.1828701947	0.1820232148	0.1811705234	0.1803123985	0.1794491179	0.1785809573	0.1777081910	0.1768310915	0.1759499286	0.1750649709	0.1741764833	0.1732847286	0.1723899656	0.1714924506	0.1705924339	0.1696901629	0.1687858808	0.1678798290	0.1669722451	0.1660633634	0.1651534127	0.1642426174	0.1633311988	0.1624193724	0.1615073494	0.1605953368	0.1596835363	0.1587721450	0.1578613550	0.1569513543	0.1560423250	0.1551344436	0.1542278798	0.1533227990	0.1524193626	0.1515177283	0.1506180488	0.1497204736	0.1488251465	0.1479322069	0.1470417890	0.1461540231	0.1452690340	0.1443869429	0.1435078659	0.1426319156	0.1417591987	0.1408898193	0.1400238764	0.1391614659	0.1383026774	0.1374475986	0.1365963106	0.1357488918	0.1349054156	0.1340659526	0.1332305712	0.1323993361	0.1315723086	0.1307495462	0.1299311065	0.1291170385	0.1283073878	0.1275022046	0.1267015345	0.1259054067	0.1251138667	0.1243269466	0.1235446780	0.1227670838	0.1219941953	0.1212260394	0.1204626559	0.1197040973	0.1189503832	0.1182013578	0.1174564732
0.2115182765	0.2113404883	0.2111675857	0.2110014088	0.2108424793	0.2106907209	0.2105459453	0.2104080218	0.2102768630	0.2101524047	0.2100345795	0.2099233213	0.2098185624	0.2097202327	0.2096282651	0.2095425920	0.2094631450	0.2093898607	0.2093226707	0.2092615067	0.2092063050	0.2091569957	0.2091135112	0.2090757828	0.2090437413	0.2090173182	0.2089964442	0.2089810476	0.2089710576	0.2089664038	0.2089670116	0.2089728086	0.2089837192	0.2089996698	0.2090205805	0.2090463763	0.2090769757	0.2091123008	0.2091522727	0.2091968089	0.2092458255	0.2092992377	0.2093569558	0.2094188895	0.2094849440	0.2095550244	0.2096290338	0.2097068723	0.2097884380	0.2098736272	0.2099623313	0.2100544414	0.2101498443	0.2102484251	0.2103500650	0.2104546453	0.2105620442	0.2106721377	0.2107847974	0.2108998917	0.2110172817	0.2111368261	0.2112583805	0.2113817955	0.2115069186	0.2116335943	0.2117616625	0.2118909583	0.2120213149	0.2121525588	0.2122845152	0.2124170036	0.2125498432	0.2126828496	0.2128158328	0.2129485963	0.2130809396	0.2132126577	0.2133435410	0.2134733750	0.2136019426	0.2137290205	0.2138543813	0.2139777944	0.2140990228	0.2142178277	0.2143339679	0.2144472006	0.2145572819	0.2146639659	0.2147670059	0.2148661572	0.2149611712	0.2150517986	0.2151377932	0.2152189039	0.2152948654	0.2153654087	0.2154302608	0.2154891359	0.2155417172	0.2155876682	0.2156266799	0.2156584616	0.2156826577	0.2156988465	0.2157066664	0.2157058724	0.2156962529	0.2156774976	0.2156492268	0.2156111294	0.2155629985	0.2155046780	0.2154360196	0.2153568779	0.2152671171	0.2151665980	0.2150551658	0.2149326550	0.2147988972	0.2146537257	0.2144969754	0.2143284832	0.2141480888	0.2139556346	0.2137509671	0.2135339374	0.2133044011	0.2130622188	0.2128072558	0.2125393829	0.2122584764	0.2119644185	0.2116570974	0.2113364082	0.2110022527	0.2106545399	0.2102931868	0.2099181195	0.2095292726	0.2091265862	0.2087099985	0.2082794428	0.2078348613	0.2073762154	0.2069034773	0.2064166382	0.2059157465	0.2054009494	0.2048724493	0.2043303902	0.2037748527	0.2032059627	0.2026239524	0.2020290987	0.2014216253	0.2008017211	0.2001696009	0.1995255052	0.1988696637	0.1982022911	0.1975236016	0.1968338149	0.1961331541	0.1954218412	0.1947001033	0.1939681793	0.1932263128	0.1924747543	0.1917137633	0.1909436046	0.1901645488	0.1893768704	0.1885808478	0.1877767629	0.1869648987	0.1861455392	0.1853189698	0.1844854750	0.1836453389	0.1827988471	0.1819462860	0.1810879416	0.1802240992	0.1793550429	0.1784810559	0.1776024184	0.1767194094	0.1758323057	0.1749413812	0.1740469074	0.1731491533	0.1722483838	0.1713448583	0.1704388335	0.1695305623	0.1686202938	0.1677082738	0.1667947455	0.1658799464	0.1649641108	0.1640474675	0.1631302401	0.1622126493	0.1612949101	0.1603772318	0.1594598196	0.1585428739	0.1576265908	0.1567111595	0.1557967638	0.1548835828	0.1539717879	0.1530615471	0.1521530246	0.1512463800	0.1503417679	0.1494393397	0.1485392400	0.1476416096	0.1467465838	0.1458542932	0.1449648650	0.1440784201	0.1431950752	0.1423149437	0.1414381332	0.1405647469	0.1396948856	0.1388286430	0.1379661113	0.1371073760	0.1362525183	0.1354016155	0.1345547418	0.1337119684	0.1328733625	0.1320389893	0.1312089098	0.1303831808	0.1295618577	0.1287449905	0.1279326255	0.1271248085	0.1263215843	0.1255229895	0.1247290604	0.1239398245	0.1231553215	0.1223755696	0.1216006036	0.1208304457	0.1200651310	0.1193047199	0.1185492274	0.1177984837	0.1170519279
0.2103567256	0.2101846647	0.2100174702	0.2098570057	0.2097038044	0.2095577883	0.2094187713	0.2092866226	0.2091612575	0.2090426115	0.2089306216	0.2088252205	0.2087263447	0.2086339249	0.2085478935	0.2084681870	0.2083947387	0.2083274837	0.2082663585	0.2082112954	0.2081622303	0.2081190995	0.2080818346	0.2080503702	0.2080246385	0.2080045724	0.2079901035	0.2079811629	0.2079776817	0.2079795900	0.2079868165	0.2079992898	0.2080169370	0.2080396835	0.2080674556	0.2081001760	0.2081377668	0.2081801494	0.2082272453	0.2082789752	0.2083352583	0.2083960096	0.2084611433	0.2085305698	0.2086041969	0.2086819314	0.2087636778	0.2088493357	0.2089388060	0.2090319864	0.2091287693	0.2092290466	0.2093327070	0.2094396367	0.2095497172	0.2096628290	0.2097788514	0.2098976609	0.2100191303	0.2101431280	0.2102695184	0.2103981594	0.2105289064	0.2106616116	0.2107961221	0.2109322818	0.2110699297	0.2112089018	0.2113490293	0.2114901398	0.2116320563	0.2117745974	0.2119175788	0.2120608146	0.2122041143	0.2123472813	0.2124901120	0.2126324000	0.2127739330	0.2129144929	0.2130538580	0.2131918023	0.2133280938	0.2134624969	0.2135947724	0.2137246793	0.2138519760	0.2139764213	0.2140977777	0.2142158070	0.2143302680	0.2144409222	0.2145475255	0.2146498190	0.2147475375	0.2148404060	0.2149281216	0.2150103362	0.2150867029	0.2151568859	0.2152204802	0.2152770153	0.2153261013	0.2153674458	0.2154006930	0.2154253816	0.2154411155	0.2154476507	0.2154448390	0.2154325770	0.2154107696	0.2153792893	0.2153379430	0.2152864430	0.2152244552	0.2151518584	0.2150689439	0.2149760116	0.2148729867	0.2147595297	0.2146352350	0.2144997217	0.2143526492	0.2141937097	0.2140226209	0.2138391243	0.2136429851	0.2134339930	0.2132119625	0.2129767330	0.2127281680	0.2124661553	0.2121906070	0.2119014589	0.2115986709	0.2112822261	0.2109521309	0.2106084179	0.2102511525	0.2098804400	0.2094964088	0.2090991202	0.2086883869	0.2082637005	0.2078246301	0.2073711506	0.2069033920	0.2064214347	0.2059252903	0.2054149306	0.2048903175	0.2043514356	0.2037983220	0.2032311105	0.2026500706	0.2020555176	0.2014476789	0.2008267550	0.2001930396	0.1995468854	0.1988885885	0.1982184062	0.1975366141	0.1968434926	0.1961392952	0.1954242640	0.1946986421	0.1939626759	0.1932166108	0.1924606952	0.1916951873	0.1909203512	0.1901364582	0.1893437861	0.1885426190	0.1877332445	0.1869159539	0.1860910404	0.1852587976	0.1844195187	0.1835734966	0.1827210264	0.1818624026	0.1809979193	0.1801278696	0.1792525445	0.1783722346	0.1774872274	0.1765978090	0.1757042638	0.1748068718	0.1739059115	0.1730016576	0.1720943811	0.1711843480	0.1702718196	0.1693570549	0.1684403099	0.1675218356	0.1666018798	0.1656806854	0.1647584907	0.1638355297	0.1629120303	0.1619882168	0.1610643080	0.1601405170	0.1592170528	0.1582941195	0.1573719147	0.1564506314	0.1555304557	0.1546115671	0.1536941413	0.1527783481	0.1518643544	0.1509523227	0.1500424096	0.1491347672	0.1482295417	0.1473268746	0.1464269033	0.1455297598	0.1446355703	0.1437444576	0.1428565399	0.1419719294	0.1410907354	0.1402130614	0.1393390076	0.1384686684	0.1376021351	0.1367394921	0.1358808210	0.1350261990	0.1341757006	0.1333293964	0.1324873546	0.1316496390	0.1308163097	0.1299874233	0.1291630337	0.1283431908	0.1275279423	0.1267173302	0.1259113952	0.1251101822	0.1243137184	0.1235220389	0.1227351704	0.1219531430	0.1211759783	0.1204036980	0.1196363495	0.1188739841	0.1181166204	0.1173640794	0.1166157648
0.2091933474	0.2090269305	0.2088653604	0.2087105256	0.2085629697	0.2084226116	0.2082892700	0.2081628110	0.2080431553	0.2079302371	0.2078239970	0.2077243692	0.2076312892	0.2075446924	0.2074645149	0.2073906893	0.2073231544	0.2072618445	0.2072066971	0.2071576494	0.2071146380	0.2070775995	0.2070464691	0.2070211823	0.2070016747	0.2069878796	0.2069797315	0.2069771618	0.2069801050	0.2069884919	0.2070022533	0.2070213194	0.2070456202	0.2070750810	0.2071096318	0.2071491949	0.2071936963	0.2072430585	0.2072972031	0.2073560507	0.2074195243	0.2074875404	0.2075600151	0.2076368608	0.2077179891	0.2078033065	0.2078927187	0.2079861291	0.2080834381	0.2081845442	0.2082893423	0.2083977260	0.2085095852	0.2086248056	0.2087432720	0.2088648647	0.2089894621	0.2091169408	0.2092471747	0.2093800338	0.2095153836	0.2096530840	0.2097929906	0.2099349547	0.2100788236	0.2102244414	0.2103716472	0.2105202773	0.2106701616	0.2108211272	0.2109729960	0.2111255861	0.2112787113	0.2114321834	0.2115858097	0.2117393926	0.2118927284	0.2120456064	0.2121978109	0.2123491211	0.2124993102	0.2126481491	0.2127954035	0.2129408371	0.2130842145	0.2132252999	0.2133638609	0.2134996675	0.2136324908	0.2137621012	0.2138882553	0.2140106945	0.2141291467	0.2142433031	0.2143528008	0.2144572716	0.2145563219	0.2146494411	0.2147361301	0.2148159903	0.2148885730	0.2149533272	0.2150098051	0.2150577704	0.2150971242	0.2151277847	0.2151495658	0.2151621476	0.2151653434	0.2151596240	0.2151458511	0.2151244389	0.2150950692	0.2150568815	0.2150088440	0.2149505865	0.2148829846	0.2148069717	0.2147224196	0.2146284532	0.2145240249	0.2144081799	0.2142801004	0.2141390818	0.2139845112	0.2138158594	0.2136326796	0.2134346084	0.2132213654	0.2129927521	0.2127486508	0.2124890229	0.2122139079	0.2119234215	0.2116177544	0.2112971695	0.2109620011	0.2106126617	0.2102496603	0.2098736214	0.2094852337	0.2090849890	0.2086726533	0.2082470595	0.2078072699	0.2073535421	0.2068865922	0.2064069214	0.2059145534	0.2054089122	0.2048891387	0.2043547783	0.2038059034	0.2032426860	0.2026652015	0.2020734621	0.2014675163	0.2008475411	0.2002138918	0.1995669963	0.1989071939	0.1982348060	0.1975502375	0.1968538972	0.1961461153	0.1954272092	0.1946974960	0.1939572626	0.1932067773	0.1924463054	0.1916761098	0.1908964524	0.1901076016	0.1893098327	0.1885034277	0.1876886759	0.1868658724	0.1860353174	0.1851973115	0.1843521568	0.1835001569	0.1826416150	0.1817768351	0.1809061195	0.1800297697	0.1791480842	0.1782613610	0.1773698954	0.1764739810	0.1755739079	0.1746699647	0.1737624358	0.1728516023	0.1719377404	0.1710211232	0.1701020176	0.1691806889	0.1682573983	0.1673324038	0.1664059571	0.1654783072	0.1645496958	0.1636203613	0.1626905371	0.1617604511	0.1608303248	0.1599003771	0.1589708198	0.1580418591	0.1571136963	0.1561865268	0.1552605393	0.1543359149	0.1534128314	0.1524914633	0.1515719793	0.1506545436	0.1497393147	0.1488264453	0.1479160840	0.1470083733	0.1461034513	0.1452014516	0.1443025008	0.1434067227	0.1425142354	0.1416251528	0.1407395831	0.1398576315	0.1389793964	0.1381049744	0.1372344535	0.1363679197	0.1355054531	0.1346471322	0.1337930309	0.1329432203	0.1320977678	0.1312567358	0.1304201848	0.1295881703	0.1287607448	0.1279379582	0.1271198556	0.1263064842	0.1254978785	0.1246940797	0.1238951176	0.1231010270	0.1223118337	0.1215275673	0.1207482402	0.1199738864	0.1192045444	0.1184402648	0.1176810701	0.1169267675	0.1161767425
0.2080384233	0.2078775116	0.2077214307	0.2075720894	0.2074300394	0.2072952032	0.2071673974	0.2070464924	0.2069324061	0.2068250781	0.2067244467	0.2066304524	0.2065430286	0.2064621141	0.2063876464	0.2063195622	0.2062577975	0.2062022912	0.2061529808	0.2061098063	0.2060727049	0.2060416145	0.2060164757	0.2059972231	0.2059837939	0.2059761246	0.2059741507	0.2059778080	0.2059870285	0.2060017489	0.2060218996	0.2060474128	0.2060782190	0.2061142489	0.2061554309	0.2062016924	0.2062529585	0.2063091538	0.2063702023	0.2064360249	0.2065065439	0.2065816812	0.2066613531	0.2067454752	0.2068339609	0.2069267183	0.2070236551	0.2071246755	0.2072296826	0.2073385744	0.2074512500	0.2075676020	0.2076875231	0.2078108998	0.2079376177	0.2080675597	0.2082006020	0.2083366226	0.2084754950	0.2086170920	0.2087612786	0.2089079168	0.2090568631	0.2092079685	0.2093610815	0.2095160455	0.2096727002	0.2098308807	0.2099904179	0.2101511377	0.2103128607	0.2104754053	0.2106385838	0.2108022050	0.2109660744	0.2111299920	0.2112937520	0.2114571401	0.2116199374	0.2117819204	0.2119428613	0.2121025302	0.2122607002	0.2124171442	0.2125716394	0.2127239659	0.2128739060	0.2130212353	0.2131657126	0.2133070788	0.2134450345	0.2135792130	0.2137092210	0.2138346164	0.2139548233	0.2140692881	0.2141775134	0.2142788703	0.2143727540	0.2144588089	0.2145368834	0.2146068463	0.2146684712	0.2147216779	0.2147671390	0.2148061265	0.2148392552	0.2148659445	0.2148855318	0.2148991620	0.2149091543	0.2149166195	0.2149207547	0.2149195815	0.2149108467	0.2148932583	0.2148672546	0.2148334274	0.2147910409	0.2147384391	0.2146737981	0.2145954733	0.2145020564	0.2143923444	0.2142653097	0.2141200887	0.2139559792	0.2137724403	0.2135690913	0.2133457091	0.2131022255	0.2128387241	0.2125554376	0.2122527444	0.2119311655	0.2115913594	0.2112341206	0.2108603859	0.2104712586	0.2100680308	0.2096521146	0.2092246986	0.2087860541	0.2083352657	0.2078717657	0.2073966154	0.2069115285	0.2064178475	0.2059158313	0.2054041252	0.2048805859	0.2043442379	0.2037954996	0.2032346318	0.2026609278	0.2020732802	0.2014711785	0.2008546803	0.2002239403	0.1995790586	0.1989201795	0.1982476219	0.1975618905	0.1968634997	0.1961528773	0.1954304960	0.1946968402	0.1939523036	0.1931972489	0.1924320238	0.1916569354	0.1908722693	0.1900783046	0.1892753165	0.1884635807	0.1876433825	0.1868150126	0.1859787703	0.1851349595	0.1842838889	0.1834258693	0.1825612140	0.1816902354	0.1808132451	0.1799305529	0.1790424671	0.1781492924	0.1772513325	0.1763488872	0.1754422547	0.1745317302	0.1736176047	0.1727001652	0.1717796946	0.1708564714	0.1699307703	0.1690028618	0.1680730129	0.1671414868	0.1662085410	0.1652744284	0.1643393963	0.1634036880	0.1624675403	0.1615311849	0.1605948486	0.1596587528	0.1587231126	0.1577881379	0.1568540332	0.1559209950	0.1549892138	0.1540588751	0.1531301594	0.1522032431	0.1512782980	0.1503554888	0.1494349760	0.1485169143	0.1476014534	0.1466887373	0.1457789044	0.1448720890	0.1439684202	0.1430680212	0.1421710098	0.1412775016	0.1403876051	0.1395014247	0.1386190597	0.1377406048	0.1368661485	0.1359957763	0.1351295686	0.1342676038	0.1334099561	0.1325566959	0.1317078898	0.1308635997	0.1300238856	0.1291888018	0.1283584007	0.1275327308	0.1267118379	0.1258957654	0.1250845471	0.1242782213	0.1234768270	0.1226803868	0.1218889299	0.1211024812	0.1203210569	0.1195446904	0.1187734151	0.1180072814	0.1172463110	0.1164903061	0.1157386258
0.2068830846	0.2067275885	0.2065769049	0.2064329655	0.2062963295	0.2061669223	0.2060445591	0.2059291133	0.2058205032	0.2057186702	0.2056235560	0.2055350982	0.2054532380	0.2053779113	0.2053090579	0.2052466178	0.2051905285	0.2051407303	0.2050971628	0.2050597659	0.2050284779	0.2050032421	0.2049839967	0.2049706820	0.2049632361	0.2049615965	0.2049657014	0.2049754880	0.2049908917	0.2050118481	0.2050382914	0.2050701568	0.2051073745	0.2051498786	0.2051975986	0.2052504630	0.2053084008	0.2053713380	0.2054391980	0.2055119057	0.2055893832	0.2056715526	0.2057583340	0.2058496457	0.2059454021	0.2060455146	0.2061498913	0.2062584397	0.2063710631	0.2064876620	0.2066081365	0.2067323808	0.2068602892	0.2069917493	0.2071266487	0.2072648696	0.2074062915	0.2075507910	0.2076982427	0.2078485183	0.2080014864	0.2081570094	0.2083149437	0.2084751433	0.2086374556	0.2088017246	0.2089677898	0.2091354860	0.2093046441	0.2094750901	0.2096466446	0.2098191240	0.2099923397	0.2101660973	0.2103401997	0.2105144441	0.2106886202	0.2108625121	0.2110359007	0.2112085647	0.2113802841	0.2115508437	0.2117200330	0.2118876441	0.2120534727	0.2122173025	0.2123788956	0.2125379755	0.2126941988	0.2128471614	0.2129963878	0.2131412559	0.2132811309	0.2134154021	0.2135433174	0.2136642121	0.2137777235	0.2138836754	0.2139819068	0.2140724978	0.2141564144	0.2142352188	0.2143096435	0.2143797748	0.2144473133	0.2145157228	0.2145869803	0.2146600628	0.2147330129	0.2148060672	0.2148810856	0.2149584983	0.2150365002	0.2151122021	0.2151826244	0.2152450696	0.2152971560	0.2153367213	0.2153617482	0.2153703657	0.2153608691	0.2153317306	0.2152816001	0.2152093032	0.2151138384	0.2149943750	0.2148502509	0.2146809710	0.2144862057	0.2142657875	0.2140197081	0.2137481153	0.2134513101	0.2131297438	0.2127840149	0.2124148660	0.2120231805	0.2116099797	0.2111764205	0.2107237929	0.2102535142	0.2097671133	0.2092662081	0.2087525027	0.2082278556	0.2076943554	0.2071542632	0.2066096542	0.2060615385	0.2055089930	0.2049501500	0.2043847012	0.2038139612	0.2032382810	0.2026555562	0.2020628046	0.2014587314	0.2008431627	0.2002153288	0.1995739486	0.1989183596	0.1982485562	0.1975647016	0.1968669927	0.1961557887	0.1954316738	0.1946952870	0.1939471700	0.1931878819	0.1924179651	0.1916378621	0.1908479690	0.1900486401	0.1892401882	0.1884229080	0.1875970861	0.1867630061	0.1859209598	0.1850712453	0.1842141689	0.1833500444	0.1824791902	0.1816019270	0.1807185749	0.1798294532	0.1789348786	0.1780351653	0.1771306250	0.1762215653	0.1753082913	0.1743911047	0.1734703043	0.1725461832	0.1716190306	0.1706891309	0.1697567652	0.1688222107	0.1678857409	0.1669476232	0.1660081205	0.1650674908	0.1641259869	0.1631838553	0.1622413379	0.1612986699	0.1603560831	0.1594138014	0.1584720437	0.1575310238	0.1565909474	0.1556520133	0.1547144146	0.1537783408	0.1528439755	0.1519114963	0.1509810770	0.1500528847	0.1491270815	0.1482038233	0.1472832609	0.1463655396	0.1454507992	0.1445391739	0.1436307936	0.1427257824	0.1418242600	0.1409263397	0.1400321317	0.1391417401	0.1382552641	0.1373727964	0.1364944272	0.1356202397	0.1347503173	0.1338847367	0.1330235721	0.1321668932	0.1313147653	0.1304672508	0.1296244078	0.1287862904	0.1279529505	0.1271244353	0.1263007886	0.1254820525	0.1246682651	0.1238594563	0.1230556685	0.1222569214	0.1214632476	0.1206746590	0.1198911879	0.1191128461	0.1183396795	0.1175717416	0.1168090410	0.1160513794	0.1152980888
0.2057200126	0.2055698752	0.2054245347	0.2052859413	0.2051546640	0.2050306290	0.2049136532	0.2048036090	0.2047004181	0.2046040227	0.2045143670	0.2044313893	0.2043550331	0.2042852369	0.2042219412	0.2041650864	0.2041146149	0.2040704668	0.2040325832	0.2040009051	0.2039753764	0.2039559371	0.2039425286	0.2039350935	0.2039335729	0.2039379062	0.2039480339	0.2039638940	0.2039854241	0.2040125615	0.2040452440	0.2040834056	0.2041269824	0.2041759074	0.2042301126	0.2042895292	0.2043540881	0.2044237168	0.2044983410	0.2045778875	0.2046622784	0.2047514370	0.2048452866	0.2049437464	0.2050467335	0.2051541616	0.2052659418	0.2053819832	0.2055021897	0.2056264649	0.2057547088	0.2058868189	0.2060226895	0.2061622108	0.2063052713	0.2064517539	0.2066015411	0.2067545093	0.2069105333	0.2070694848	0.2072312324	0.2073956416	0.2075625700	0.2077318722	0.2079033953	0.2080769852	0.2082524804	0.2084297166	0.2086085241	0.2087887284	0.2089701508	0.2091526053	0.2093359011	0.2095198414	0.2097042245	0.2098888434	0.2100734887	0.2102579488	0.2104420144	0.2106254802	0.2108081492	0.2109898314	0.2111703343	0.2113494507	0.2115269472	0.2117025302	0.2118758087	0.2120463047	0.2122134011	0.2123763789	0.2125345005	0.2126869015	0.2128328042	0.2129717544	0.2131035380	0.2132280901	0.2133459793	0.2134590250	0.2135689607	0.2136769670	0.2137859012	0.2139003596	0.2140228745	0.2141532392	0.2142923259	0.2144432531	0.2146076837	0.2147839099	0.2149683197	0.2151570151	0.2153463962	0.2155331634	0.2157143324	0.2158873742	0.2160500932	0.2161996887	0.2163320166	0.2164430872	0.2165304835	0.2165929546	0.2166296808	0.2166399340	0.2166230204	0.2165783098	0.2165052615	0.2164034328	0.2162724792	0.2161121524	0.2159222988	0.2157028574	0.2154538586	0.2151754214	0.2148677528	0.2145311461	0.2141659805	0.2137727204	0.2133519133	0.2129041774	0.2124301752	0.2119305863	0.2114061694	0.2108580905	0.2102885929	0.2097012623	0.2090995452	0.2084855278	0.2078608588	0.2072274853	0.2065876752	0.2059438860	0.2052987637	0.2046551216	0.2040153967	0.2033802812	0.2027476808	0.2021146915	0.2014804907	0.2008448053	0.2002050590	0.1995574165	0.1988997515	0.1982310939	0.1975500544	0.1968553215	0.1961465596	0.1954239155	0.1946876672	0.1939382847	0.1931764659	0.1924029552	0.1916184136	0.1908234817	0.1900187131	0.1892045691	0.1883814561	0.1875497178	0.1867096633	0.1858615879	0.1850057819	0.1841425423	0.1832721747	0.1823949939	0.1815113217	0.1806214840	0.1797258078	0.1788246183	0.1779182391	0.1770069907	0.1760911908	0.1751711506	0.1742471803	0.1733195846	0.1723886639	0.1714547135	0.1705180246	0.1695788843	0.1686375771	0.1676943816	0.1667495709	0.1658034133	0.1648561716	0.1639081035	0.1629594595	0.1620104866	0.1610614244	0.1601125072	0.1591639635	0.1582160163	0.1572688810	0.1563227655	0.1553778725	0.1544343977	0.1534925327	0.1525524641	0.1516143734	0.1506784343	0.1497448165	0.1488136835	0.1478851922	0.1469594949	0.1460367382	0.1451170623	0.1442006027	0.1432874897	0.1423778478	0.1414717975	0.1405694523	0.1396709217	0.1387763107	0.1378857163	0.1369992317	0.1361169468	0.1352389462	0.1343653124	0.1334961217	0.1326314476	0.1317713595	0.1309159218	0.1300651959	0.1292192391	0.1283781055	0.1275418450	0.1267105040	0.1258841261	0.1250627508	0.1242464155	0.1234351548	0.1226289936	0.1218279738	0.1210321052	0.1202414111	0.1194559196	0.1186756452	0.1179006211	0.1171309090	0.1163665165	0.1156072318	0.1148523690
0.2045465043	0.2044016829	0.2042616393	0.2041283500	0.2040023871	0.2038836794	0.2037720467	0.2036673599	0.2035695437	0.2034785416	0.2033942969	0.2033167557	0.2032458579	0.2031815461	0.2031237612	0.2030724470	0.2030275466	0.2029890023	0.2029567565	0.2029307541	0.2029109388	0.2028972511	0.2028896358	0.2028880372	0.2028923974	0.2029026595	0.2029187653	0.2029406548	0.2029682688	0.2030015454	0.2030404248	0.2030848429	0.2031347383	0.2031900445	0.2032506963	0.2033166285	0.2033877709	0.2034640543	0.2035454086	0.2036317602	0.2037230333	0.2038191535	0.2039200441	0.2040256258	0.2041358178	0.2042505386	0.2043697008	0.2044932145	0.2046209865	0.2047529218	0.2048889223	0.2050288869	0.2051727104	0.2053202873	0.2054715056	0.2056262509	0.2057844054	0.2059458485	0.2061104544	0.2062780951	0.2064486403	0.2066219556	0.2067979012	0.2069763321	0.2071570984	0.2073400436	0.2075250087	0.2077118286	0.2079003343	0.2080903499	0.2082816945	0.2084741815	0.2086676162	0.2088617995	0.2090565268	0.2092515953	0.2094468069	0.2096419704	0.2098369023	0.2100314279	0.2102253725	0.2104185401	0.2106106971	0.2108015317	0.2109906116	0.2111773735	0.2113610482	0.2115407823	0.2117156329	0.2118846434	0.2120471552	0.2122028699	0.2123518048	0.2124948392	0.2126343188	0.2127725871	0.2129123749	0.2130593126	0.2132186926	0.2133928291	0.2135845166	0.2137985636	0.2140374606	0.2142993019	0.2145798380	0.2148745537	0.2151794687	0.2154911693	0.2158058477	0.2161174218	0.2164185564	0.2167037125	0.2169699631	0.2172159550	0.2174408218	0.2176430899	0.2178200730	0.2179691256	0.2180888118	0.2181785890	0.2182382185	0.2182674933	0.2182661915	0.2182340996	0.2181710345	0.2180768507	0.2179514418	0.2177947393	0.2176067125	0.2173873677	0.2171367476	0.2168549301	0.2165420284	0.2161981905	0.2158236002	0.2154184766	0.2149830738	0.2145176721	0.2140225569	0.2134979989	0.2129443057	0.2123620865	0.2117527906	0.2111189101	0.2104627656	0.2097854838	0.2090877655	0.2083708080	0.2076371965	0.2068916663	0.2061401107	0.2053870644	0.2046352160	0.2038869377	0.2031449940	0.2024124848	0.2016921422	0.2009846114	0.2002869978	0.1995950010	0.1989062350	0.1982184373	0.1975271952	0.1968281961	0.1961193338	0.1953988514	0.1946651366	0.1939176932	0.1931566604	0.1923824242	0.1915956416	0.1907971627	0.1899877979	0.1891682961	0.1883393403	0.1875014712	0.1866551410	0.1858007195	0.1849385302	0.1840688779	0.1831920595	0.1823083767	0.1814181412	0.1805216744	0.1796193027	0.1787113583	0.1777981727	0.1768800747	0.1759573914	0.1750304441	0.1740995501	0.1731650217	0.1722271660	0.1712862850	0.1703426767	0.1693966363	0.1684484525	0.1674984104	0.1665467890	0.1655938621	0.1646398968	0.1636851556	0.1627298955	0.1617743658	0.1608188116	0.1598634706	0.1589085753	0.1579543514	0.1570010167	0.1560487820	0.1550978532	0.1541484296	0.1532007050	0.1522548689	0.1513111043	0.1503695882	0.1494304906	0.1484939763	0.1475602041	0.1466293278	0.1457014943	0.1447768448	0.1438555164	0.1429376394	0.1420233387	0.1411127344	0.1402059415	0.1393030689	0.1384042198	0.1375094922	0.1366189789	0.1357327688	0.1348509492	0.1339735994	0.1331007968	0.1322326145	0.1313691197	0.1305103775	0.1296564476	0.1288073865	0.1279632479	0.1271240794	0.1262899277	0.1254608352	0.1246368393	0.1238179774	0.1230042828	0.1221957797	0.1213925037	0.1205944680	0.1198017003	0.1190142115	0.1182320284	0.1174551829	0.1166837239	0.1159176711	0.1151567989	0.1144003952
0.2033623238	0.2032227749	0.2030879850	0.2029599534	0.2028392607	0.2027258375	0.2026195016	0.2025201266	0.2024276396	0.2023419832	0.2022631068	0.2021909536	0.2021254677	0.2020665932	0.2020142736	0.2019684531	0.2019290764	0.2018960887	0.2018694356	0.2018490620	0.2018349119	0.2018269308	0.2018250631	0.2018292554	0.2018394521	0.2018555976	0.2018776363	0.2019055110	0.2019391640	0.2019785365	0.2020235684	0.2020742011	0.2021303718	0.2021920187	0.2022590782	0.2023314846	0.2024091726	0.2024920744	0.2025801222	0.2026732434	0.2027713662	0.2028744168	0.2029823180	0.2030949933	0.2032123651	0.2033343538	0.2034608737	0.2035918374	0.2037271553	0.2038667327	0.2040104740	0.2041582798	0.2043100473	0.2044656706	0.2046250415	0.2047880469	0.2049545699	0.2051244910	0.2052976864	0.2054740280	0.2056533859	0.2058356259	0.2060206111	0.2062081972	0.2063982353	0.2065905701	0.2067850434	0.2069814897	0.2071797387	0.2073796140	0.2075809308	0.2077834995	0.2079871256	0.2081916126	0.2083967675	0.2086024074	0.2088083643	0.2090144838	0.2092206099	0.2094265654	0.2096321168	0.2098369231	0.2100405082	0.2102422231	0.2104411698	0.2106363330	0.2108265559	0.2110108563	0.2111886874	0.2113599730	0.2115256423	0.2116883817	0.2118513922	0.2120188606	0.2121982621	0.2123962613	0.2126173007	0.2128680189	0.2131542850	0.2134766186	0.2138313798	0.2142137992	0.2146193595	0.2150430574	0.2154771786	0.2159117158	0.2163386665	0.2167539658	0.2171552802	0.2175389373	0.2179001330	0.2182353086	0.2185428440	0.2188222211	0.2190732158	0.2192953507	0.2194876675	0.2196492062	0.2197794455	0.2198781912	0.2199453617	0.2199808878	0.2199846955	0.2199567151	0.2198968890	0.2198051751	0.2196815476	0.2195259976	0.2193385330	0.2191191793	0.2188679783	0.2185849884	0.2182702841	0.2179239566	0.2175461136	0.2171368803	0.2166963985	0.2162248239	0.2157223186	0.2151890447	0.2146251837	0.2140310332	0.2134072037	0.2127546879	0.2120744052	0.2113668104	0.2106321877	0.2098711294	0.2090852245	0.2082776768	0.2074524778	0.2066124644	0.2057594838	0.2048969401	0.2040313788	0.2031704705	0.2023195926	0.2014820423	0.2006607504	0.1998587096	0.1990778092	0.1983165871	0.1975697765	0.1968319085	0.1960991078	0.1953660215	0.1946270743	0.1938791732	0.1931200359	0.1923479199	0.1915623668	0.1907636331	0.1899523202	0.1891293218	0.1882956254	0.1874521116	0.1865995686	0.1857386097	0.1848697310	0.1839933357	0.1831097632	0.1822193220	0.1813223117	0.1804190379	0.1795098149	0.1785949699	0.1776748351	0.1767497455	0.1758200358	0.1748860375	0.1739480765	0.1730064738	0.1720615436	0.1711135957	0.1701629352	0.1692098635	0.1682546761	0.1672976637	0.1663391108	0.1653792968	0.1644184944	0.1634569707	0.1624949871	0.1615327979	0.1605706520	0.1596087917	0.1586474523	0.1576868625	0.1567272435	0.1557688086	0.1548117662	0.1538563198	0.1529026666	0.1519509978	0.1510014975	0.1500543447	0.1491097122	0.1481677657	0.1472286652	0.1462925652	0.1453596139	0.1444299539	0.1435037223	0.1425810492	0.1416620617	0.1407468793	0.1398356162	0.1389283815	0.1380252771	0.1371264014	0.1362318483	0.1353417063	0.1344560607	0.1335749927	0.1326985780	0.1318268884	0.1309599919	0.1300979511	0.1292408258	0.1283886709	0.1275415393	0.1266994780	0.1258625321	0.1250307418	0.1242041455	0.1233827780	0.1225666695	0.1217558515	0.1209503408	0.1201501718	0.1193553547	0.1185659005	0.1177818362	0.1170031931	0.1162300275	0.1154623463	0.1146999227	0.1139420138
0.2021678291	0.2020335027	0.2019039207	0.2017810985	0.2016656273	0.2015574394	0.2014563516	0.2013622400	0.2012750326	0.2011946735	0.2011211138	0.2010542984	0.2009941746	0.2009406864	0.2008937805	0.2008534026	0.2008194996	0.2007920192	0.2007709068	0.2007561100	0.2007475742	0.2007452489	0.2007490788	0.2007590119	0.2007749946	0.2007969748	0.2008248961	0.2008587067	0.2008983497	0.2009437688	0.2009949066	0.2010517050	0.2011141034	0.2011820442	0.2012554651	0.2013343017	0.2014184921	0.2015079703	0.2016026687	0.2017025186	0.2018074518	0.2019173934	0.2020322698	0.2021520058	0.2022765259	0.2024057505	0.2025395984	0.2026779848	0.2028208223	0.2029680180	0.2031194784	0.2032751055	0.2034347996	0.2035984562	0.2037659676	0.2039372230	0.2041121092	0.2042905059	0.2044722910	0.2046573383	0.2048455175	0.2050366950	0.2052307360	0.2054274967	0.2056268304	0.2058285833	0.2060325958	0.2062387020	0.2064467291	0.2066564979	0.2068678227	0.2070805162	0.2072943940	0.2075092810	0.2077250198	0.2079414658	0.2081584856	0.2083759263	0.2085935721	0.2088110758	0.2090279057	0.2092432859	0.2094562004	0.2096654870	0.2098698258	0.2100681951	0.2102601863	0.2104463509	0.2106290371	0.2108121144	0.2110010125	0.2112047173	0.2114320975	0.2116903875	0.2119890753	0.2123353069	0.2127294670	0.2131676340	0.2136446728	0.2141542690	0.2146866177	0.2152292273	0.2157722649	0.2163100366	0.2168372317	0.2173472425	0.2178348132	0.2182975240	0.2187344327	0.2191443243	0.2195255368	0.2198768022	0.2201975216	0.2204874677	0.2207465068	0.2209744809	0.2211711879	0.2213364277	0.2214700413	0.2215719048	0.2216419144	0.2216799791	0.2216860194	0.2216599682	0.2216017723	0.2215113916	0.2213888007	0.2212339901	0.2210469661	0.2208277513	0.2205763841	0.2202929185	0.2199774242	0.2196299861	0.2192507052	0.2188396979	0.2183970965	0.2179230486	0.2174177173	0.2168812810	0.2163139352	0.2157158994	0.2150874299	0.2144288226	0.2137403734	0.2130223409	0.2122749740	0.2114986230	0.2106939825	0.2098623107	0.2090051107	0.2081234511	0.2072182535	0.2062917524	0.2053484598	0.2043936301	0.2034312161	0.2024656955	0.2015048344	0.2005579073	0.1996315133	0.1987296206	0.1978552863	0.1970104376	0.1961935840	0.1953984437	0.1946174274	0.1938446302	0.1930732313	0.1922967753	0.1915113921	0.1907144425	0.1899045753	0.1890816755	0.1882462661	0.1873992831	0.1865418460	0.1856749567	0.1847995020	0.1839161826	0.1830255419	0.1821280041	0.1812239132	0.1803135774	0.1793972962	0.1784753779	0.1775481412	0.1766159167	0.1756790404	0.1747378503	0.1737926811	0.1728438629	0.1718917181	0.1709365662	0.1699787199	0.1690184864	0.1680561686	0.1670920619	0.1661264575	0.1651596395	0.1641918869	0.1632234713	0.1622546582	0.1612857077	0.1603168719	0.1593483974	0.1583805226	0.1574134796	0.1564474917	0.1554827770	0.1545195466	0.1535580063	0.1525983569	0.1516407912	0.1506854959	0.1497326507	0.1487824304	0.1478350026	0.1468905285	0.1459491631	0.1450110561	0.1440763506	0.1431451835	0.1422176871	0.1412939872	0.1403742039	0.1394584512	0.1385468371	0.1376394640	0.1367364293	0.1358378279	0.1349437488	0.1340542758	0.1331694896	0.1322894655	0.1314142737	0.1305439822	0.1296786519	0.1288183425	0.1279631079	0.1271129979	0.1262680611	0.1254283394	0.1245938734	0.1237646991	0.1229408492	0.1221223552	0.1213092430	0.1205015356	0.1196992555	0.1189024176	0.1181110304	0.1173251210	0.1165447120	0.1157698720	0.1150006025	0.1142366636	0.1134772894
0.2009632568	0.2008341023	0.2007096757	0.2005920126	0.2004817129	0.2003787073	0.2002828167	0.2001939164	0.2001119341	0.2000368201	0.1999685228	0.1999069938	0.1998521778	0.1998040220	0.1997624762	0.1997274863	0.1996990028	0.1996769735	0.1996613465	0.1996520710	0.1996490961	0.1996523713	0.1996618449	0.1996774652	0.1996991800	0.1997269399	0.1997606919	0.1998003837	0.1998459635	0.1998973752	0.1999545659	0.2000174775	0.2000860545	0.2001602380	0.2002399684	0.2003251867	0.2004158297	0.2005118358	0.2006131382	0.2007196725	0.2008313703	0.2009481599	0.2010699706	0.2011967292	0.2013283594	0.2014647840	0.2016059253	0.2017517009	0.2019020256	0.2020568109	0.2022159633	0.2023793875	0.2025469852	0.2027186546	0.2028942891	0.2030737814	0.2032570183	0.2034438818	0.2036342511	0.2038280022	0.2040250056	0.2042251281	0.2044282345	0.2046341846	0.2048428320	0.2050540232	0.2052675972	0.2054833851	0.2057012122	0.2059208999	0.2061422719	0.2063651610	0.2065894181	0.2068149128	0.2070415315	0.2072691427	0.2074975529	0.2077264272	0.2079552096	0.2081830408	0.2084087605	0.2086309894	0.2088482938	0.2090596650	0.2092648771	0.2094652222	0.2096646099	0.2098690093	0.2100876727	0.2103320258	0.2106128657	0.2109425534	0.2113307194	0.2117794368	0.2122853174	0.2128425250	0.2134420327	0.2140694862	0.2147105744	0.2153555906	0.2159964991	0.2166246503	0.2172335324	0.2178199668	0.2183819366	0.2189171784	0.2194238495	0.2199010480	0.2203484322	0.2207657640	0.2211527645	0.2215091594	0.2218347114	0.2221292026	0.2223924245	0.2226242118	0.2228244775	0.2229931476	0.2231300988	0.2232351789	0.2233082373	0.2233491399	0.2233577723	0.2233340391	0.2232778628	0.2231891825	0.2230679558	0.2229141599	0.2227277909	0.2225088652	0.2222574185	0.2219735054	0.2216571999	0.2213085949	0.2209278019	0.2205149512	0.2200701913	0.2195936909	0.2190856392	0.2185462466	0.2179757438	0.2173743658	0.2167423213	0.2160797814	0.2153869420	0.2146640774	0.2139115006	0.2131295362	0.2123185327	0.2114788757	0.2106109557	0.2097151362	0.2087918941	0.2078422017	0.2068677919	0.2058706247	0.2048524048	0.2038159038	0.2027665426	0.2017110480	0.2006553632	0.1996068379	0.1985759829	0.1975727292	0.1966028394	0.1956695968	0.1947742596	0.1939139212	0.1930805194	0.1922645360	0.1914575750	0.1906511912	0.1898390947	0.1890173133	0.1881833819	0.1873366761	0.1864776263	0.1856072050	0.1847266403	0.1838370744	0.1829394940	0.1820346689	0.1811231728	0.1802054332	0.1792817910	0.1783525520	0.1774180154	0.1764784909	0.1755343003	0.1745857781	0.1736332621	0.1726770891	0.1717175926	0.1707550995	0.1697899322	0.1688224059	0.1678528287	0.1668815037	0.1659087266	0.1649347882	0.1639599718	0.1629845544	0.1620088065	0.1610329925	0.1600573688	0.1590821862	0.1581076863	0.1571341036	0.1561616648	0.1551905918	0.1542210995	0.1532533958	0.1522876846	0.1513241598	0.1503630107	0.1494044198	0.1484485618	0.1474956058	0.1465457144	0.1455990443	0.1446557450	0.1437159614	0.1427798298	0.1418474839	0.1409190491	0.1399946448	0.1390743851	0.1381583767	0.1372467233	0.1363395226	0.1354368679	0.1345388489	0.1336455492	0.1327570473	0.1318734189	0.1309947333	0.1301210558	0.1292524489	0.1283889688	0.1275306701	0.1266776011	0.1258298078	0.1249873326	0.1241502140	0.1233184864	0.1224921820	0.1216713298	0.1208559548	0.1200460794	0.1192417210	0.1184428934	0.1176496113	0.1168618852	0.1160797549	0.1153032765	0.1145324549	0.1137670406	0.1130062414
0.1997486592	0.1996246243	0.1995052980	0.1993927406	0.1992875577	0.1991896827	0.1990989346	0.1990151904	0.1989383793	0.1988684544	0.1988053657	0.1987490663	0.1986995009	0.1986566232	0.1986203798	0.1985907218	0.1985675992	0.1985509633	0.1985407646	0.1985369531	0.1985394816	0.1985482992	0.1985633587	0.1985846084	0.1986119993	0.1986454820	0.1986850084	0.1987305260	0.1987819849	0.1988393338	0.1989025207	0.1989714910	0.1990461902	0.1991265620	0.1992125490	0.1993040953	0.1994011394	0.1995036208	0.1996114775	0.1997246466	0.1998430597	0.1999666510	0.2000953503	0.2002290860	0.2003677844	0.2005113700	0.2006597667	0.2008128949	0.2009706714	0.2011330115	0.2012998239	0.2014710166	0.2016464909	0.2018261482	0.2020098853	0.2021975953	0.2023891655	0.2025844826	0.2027834277	0.2029858765	0.2031917007	0.2034007710	0.2036129504	0.2038280992	0.2040460714	0.2042667116	0.2044898570	0.2047153377	0.2049429852	0.2051726377	0.2054041530	0.2056374120	0.2058723186	0.2061087682	0.2063466009	0.2065855149	0.2068249460	0.2070639806	0.2073013258	0.2075354095	0.2077646638	0.2079880923	0.2082057587	0.2084197877	0.2086355416	0.2088615168	0.2091110353	0.2093985304	0.2097388379	0.2101457597	0.2106257575	0.2111773835	0.2117944971	0.2124661118	0.2131749046	0.2139042764	0.2146422115	0.2153772504	0.2160994643	0.2168030367	0.2174845375	0.2181409104	0.2187698906	0.2193704083	0.2199420165	0.2204843761	0.2209971472	0.2214800154	0.2219327249	0.2223551435	0.2227472084	0.2231087929	0.2234396737	0.2237395772	0.2240082268	0.2242453878	0.2244508909	0.2246245861	0.2247662991	0.2248758426	0.2249530391	0.2249977303	0.2250097784	0.2249890683	0.2249355043	0.2248490114	0.2247295355	0.2245770434	0.2243915243	0.2241729899	0.2239214748	0.2236370344	0.2233197461	0.2229697086	0.2225870409	0.2221718842	0.2217244004	0.2212447725	0.2207332065	0.2201899316	0.2196151982	0.2190092682	0.2183723930	0.2177048052	0.2170067647	0.2162785970	0.2155206637	0.2147333246	0.2139168986	0.2130716281	0.2121977222	0.2112954682	0.2103652594	0.2094075419	0.2084227874	0.2074114681	0.2063741605	0.2053119815	0.2042270020	0.2031218119	0.2019992435	0.2008640474	0.1997238766	0.1985872201	0.1974629567	0.1963629779	0.1952990453	0.1942780266	0.1933031235	0.1923738956	0.1914840757	0.1906227060	0.1897788948	0.1889422224	0.1881034512	0.1872568555	0.1863990283	0.1855288654	0.1846466581	0.1837533984	0.1828504154	0.1819389854	0.1810201861	0.1800948243	0.1791634842	0.1782265832	0.1772844530	0.1763373944	0.1753857041	0.1744296929	0.1734696876	0.1725060224	0.1715390369	0.1705690671	0.1695964437	0.1686214909	0.1676445246	0.1666658549	0.1656857829	0.1647046057	0.1637226109	0.1627400813	0.1617572926	0.1607745129	0.1597920035	0.1588100182	0.1578288024	0.1568485934	0.1558696222	0.1548921135	0.1539162854	0.1529423501	0.1519705114	0.1510009671	0.1500339077	0.1490695170	0.1481079718	0.1471494420	0.1461940923	0.1452420791	0.1442935530	0.1433486596	0.1424075368	0.1414703169	0.1405371255	0.1396080819	0.1386832990	0.1377628851	0.1368469422	0.1359355692	0.1350288590	0.1341268997	0.1332297751	0.1323375633	0.1314503376	0.1305681671	0.1296911167	0.1288192467	0.1279526133	0.1270912680	0.1262352604	0.1253846335	0.1245394286	0.1236996824	0.1228654289	0.1220366989	0.1212135192	0.1203959130	0.1195839012	0.1187774982	0.1179767175	0.1171815712	0.1163920688	0.1156082583	0.1148301779	0.1140578446	0.1132909996	0.1125288155
0.1985240012	0.1984050296	0.1982907498	0.1981832428	0.1980831211	0.1979903198	0.1979046578	0.1978260135	0.1977543191	0.1976895266	0.1976315892	0.1975804602	0.1975360898	0.1974984294	0.1974674302	0.1974430452	0.1974252247	0.1974139231	0.1974090936	0.1974106871	0.1974186581	0.1974329584	0.1974535424	0.1974803619	0.1975133700	0.1975525171	0.1975977569	0.1976490411	0.1977063211	0.1977695492	0.1978386730	0.1979136433	0.1979944062	0.1980809087	0.1981730963	0.1982709133	0.1983743034	0.1984832066	0.1985975639	0.1987173131	0.1988423911	0.1989727323	0.1991082709	0.1992489359	0.1993946567	0.1995453596	0.1997009690	0.1998614093	0.2000265994	0.2001964568	0.2003708942	0.2005498209	0.2007331409	0.2009207585	0.2011125722	0.2013084761	0.2015083613	0.2017121153	0.2019196214	0.2021307573	0.2023453980	0.2025634135	0.2027846669	0.2030090170	0.2032363148	0.2034664039	0.2036991233	0.2039343183	0.2041718482	0.2044116011	0.2046534948	0.2048974528	0.2051433561	0.2053909472	0.2056396968	0.2058887039	0.2061365625	0.2063815034	0.2066217150	0.2068560700	0.2070849984	0.2073118335	0.2075434660	0.2077909036	0.2080708679	0.2084014003	0.2088015671	0.2092848725	0.2098545561	0.2105060321	0.2112279271	0.2120010179	0.2128054978	0.2136257919	0.2144473118	0.2152584314	0.2160524486	0.2168247985	0.2175720205	0.2182922364	0.2189846594	0.2196488382	0.2202843860	0.2208909959	0.2214685169	0.2220169172	0.2225360921	0.2230257794	0.2234856527	0.2239154475	0.2243149587	0.2246839513	0.2250221347	0.2253291950	0.2256048253	0.2258487453	0.2260607101	0.2262404959	0.2263878870	0.2265026773	0.2265846779	0.2266337212	0.2266496606	0.2266323706	0.2265817480	0.2264977112	0.2263801998	0.2262291759	0.2260446249	0.2258265559	0.2255750022	0.2252900196	0.2249716864	0.2246201028	0.2242353913	0.2238176971	0.2233671883	0.2228840536	0.2223685045	0.2218207775	0.2212411305	0.2206298402	0.2199871958	0.2193134936	0.2186090541	0.2178742338	0.2171094143	0.2163149855	0.2154913191	0.2146387448	0.2137575828	0.2128482157	0.2119110778	0.2109465497	0.2099548887	0.2089363178	0.2078911801	0.2068199439	0.2057231457	0.2046013856	0.2034555568	0.2022874215	0.2010998858	0.1998966406	0.1986830246	0.1974678084	0.1962616014	0.1950756379	0.1939237035	0.1928183565	0.1917662633	0.1907690846	0.1898228194	0.1889166158	0.1880364698	0.1871694634	0.1863040711	0.1854329495	0.1845517305	0.1836586692	0.1827538832	0.1818384538	0.1809138596	0.1799814913	0.1790424934	0.1780976726	0.1771475969	0.1761926674	0.1752331995	0.1742694831	0.1733018160	0.1723305116	0.1713558995	0.1703783181	0.1693981049	0.1684155926	0.1674311067	0.1664449635	0.1654574731	0.1644689358	0.1634796472	0.1624898941	0.1614999568	0.1605101083	0.1595206145	0.1585317309	0.1575437081	0.1565567864	0.1555712008	0.1545871790	0.1536049426	0.1526247063	0.1516466758	0.1506710513	0.1496980254	0.1487277826	0.1477605010	0.1467963533	0.1458355039	0.1448781107	0.1439243251	0.1429742923	0.1420281517	0.1410860348	0.1401480666	0.1392143663	0.1382850470	0.1373602170	0.1364399780	0.1355244286	0.1346136619	0.1337077647	0.1328068200	0.1319109045	0.1310200906	0.1301344475	0.1292540379	0.1283789213	0.1275091525	0.1266447822	0.1257858571	0.1249324210	0.1240845121	0.1232421670	0.1224054175	0.1215742922	0.1207488171	0.1199290128	0.1191148977	0.1183064864	0.1175037894	0.1167068158	0.1159155841	0.1151301221	0.1143504888	0.1135766889	0.1128084539	0.1120449295
0.1972892309	0.1971752674	0.1970659795	0.1969634651	0.1968683473	0.1967805610	0.1966999277	0.1966263260	0.1965596903	0.1964999700	0.1964471251	0.1964011072	0.1963618715	0.1963293693	0.1963035541	0.1962843805	0.1962718026	0.1962657734	0.1962662503	0.1962731869	0.1962865387	0.1963062599	0.1963323061	0.1963646328	0.1964031939	0.1964479436	0.1964988358	0.1965558261	0.1966188659	0.1966879105	0.1967629112	0.1968438185	0.1969305852	0.1970231585	0.1971214861	0.1972255153	0.1973351912	0.1974504578	0.1975712585	0.1976975322	0.1978292196	0.1979662576	0.1981085818	0.1982561254	0.1984088183	0.1985665903	0.1987293677	0.1988970750	0.1990696363	0.1992469708	0.1994289935	0.1996156164	0.1998067489	0.2000022946	0.2002021542	0.2004062253	0.2006144020	0.2008265722	0.2010426215	0.2012624320	0.2014858783	0.2017128300	0.2019431490	0.2021766907	0.2024133038	0.2026528401	0.2028951632	0.2031401639	0.2033877643	0.2036379160	0.2038905463	0.2041454603	0.2044021960	0.2046598882	0.2049170972	0.2051719510	0.2054223599	0.2056669007	0.2059059834	0.2061435860	0.2063884773	0.2066553299	0.2069639198	0.2073353524	0.2077915315	0.2083457552	0.2089989911	0.2097422814	0.2105570982	0.2114200754	0.2123104832	0.2132099038	0.2141038806	0.2149836051	0.2158431243	0.2166783967	0.2174874600	0.2182694960	0.2190240372	0.2197507701	0.2204495800	0.2211204878	0.2217634057	0.2223780695	0.2229641958	0.2235215586	0.2240498971	0.2245488600	0.2250180553	0.2254571144	0.2258656995	0.2262434772	0.2265901088	0.2269052621	0.2271886198	0.2274398844	0.2276587769	0.2278450398	0.2279984380	0.2281187571	0.2282058038	0.2282594058	0.2282794130	0.2282656957	0.2282181462	0.2281366794	0.2280212325	0.2278717646	0.2276882583	0.2274707216	0.2272191860	0.2269337066	0.2266143613	0.2262612506	0.2258744985	0.2254542511	0.2250006769	0.2245139673	0.2239943362	0.2234420208	0.2228572826	0.2222404052	0.2215916935	0.2209114740	0.2202000941	0.2194579216	0.2186853441	0.2178827668	0.2170506029	0.2161892661	0.2152991827	0.2143808127	0.2134346362	0.2124611006	0.2114605841	0.2104334536	0.2093801358	0.2083010359	0.2071964238	0.2060665150	0.2049116608	0.2037323696	0.2025292768	0.2013033170	0.2000563187	0.1987916053	0.1975138587	0.1962298723	0.1949502436	0.1936880135	0.1924577643	0.1912751941	0.1901515521	0.1890912763	0.1880918963	0.1871426600	0.1862275296	0.1853314182	0.1844407413	0.1835461400	0.1826422072	0.1817267995	0.1808000435	0.1798632034	0.1789179268	0.1779656706	0.1770075936	0.1760444855	0.1750768771	0.1741051350	0.1731295541	0.1721504164	0.1711680223	0.1701826907	0.1691947555	0.1682045524	0.1672124155	0.1662186703	0.1652236347	0.1642276163	0.1632309158	0.1622338258	0.1612366314	0.1602396097	0.1592430305	0.1582471536	0.1572522321	0.1562585110	0.1552662291	0.1542756172	0.1532869000	0.1523002939	0.1513160075	0.1503342429	0.1493551937	0.1483790470	0.1474059830	0.1464361736	0.1454697845	0.1445069755	0.1435478984	0.1425926981	0.1416415140	0.1406944783	0.1397517151	0.1388133430	0.1378794758	0.1369502206	0.1360256807	0.1351059536	0.1341911310	0.1332812997	0.1323765405	0.1314769303	0.1305825404	0.1296934386	0.1288096856	0.1279313404	0.1270584563	0.1261910835	0.1253292665	0.1244730468	0.1236224627	0.1227775482	0.1219383342	0.1211048467	0.1202771089	0.1194551413	0.1186389595	0.1178285772	0.1170240037	0.1162252470	0.1154323226	0.1146452573	0.1138641169	0.1130888914	0.1123193115	0.1115544917
0.1960443034	0.1959352931	0.1958309390	0.1957333613	0.1956431874	0.1955603584	0.1954846942	0.1954160748	0.1953544347	0.1952997290	0.1952519154	0.1952109486	0.1951767848	0.1951493792	0.1951286845	0.1951146599	0.1951072598	0.1951064407	0.1951121601	0.1951243751	0.1951430431	0.1951681210	0.1951995657	0.1952373342	0.1952813836	0.1953316708	0.1953881519	0.1954507826	0.1955195182	0.1955943154	0.1956751279	0.1957619104	0.1958546157	0.1959531959	0.1960576010	0.1961677800	0.1962836803	0.1964052490	0.1965324319	0.1966651711	0.1968034089	0.1969470863	0.1970961396	0.1972505050	0.1974101168	0.1975749054	0.1977448005	0.1979197283	0.1980996145	0.1982843805	0.1984739457	0.1986682254	0.1988671306	0.1990705680	0.1992784404	0.1994906481	0.1997070874	0.1999276499	0.2001522225	0.2003806877	0.2006129214	0.2008487897	0.2010881526	0.2013308658	0.2015767947	0.2018258247	0.2020778838	0.2023329379	0.2025909555	0.2028518255	0.2031151990	0.2033802935	0.2036457042	0.2039094778	0.2041692689	0.2044233131	0.2046717830	0.2049188118	0.2051744017	0.2054558576	0.2057866767	0.2061928076	0.2066981308	0.2073150502	0.2080424603	0.2088670810	0.2097640901	0.2107069584	0.2116726568	0.2126420800	0.2136023116	0.2145451275	0.2154653842	0.2163605717	0.2172296508	0.2180721201	0.2188877652	0.2196766477	0.2204388325	0.2211741765	0.2218824515	0.2225634505	0.2232168954	0.2238423939	0.2244395188	0.2250078622	0.2255470169	0.2260565624	0.2265360756	0.2269851451	0.2274033768	0.2277903931	0.2281458349	0.2284693620	0.2287606521	0.2290194004	0.2292453189	0.2294381398	0.2295976196	0.2297235390	0.2298157008	0.2298739287	0.2298980688	0.2298879888	0.2298435770	0.2297647452	0.2296514280	0.2295035821	0.2293211885	0.2291042526	0.2288528041	0.2285668976	0.2282466109	0.2278920440	0.2275033209	0.2270805880	0.2266240144	0.2261337930	0.2256101396	0.2250532928	0.2244635159	0.2238410963	0.2231863444	0.2224995945	0.2217812014	0.2210315369	0.2202509925	0.2194399803	0.2185989321	0.2177283005	0.2168285582	0.2159001972	0.2149437220	0.2139596382	0.2129484438	0.2119106454	0.2108467700	0.2097573169	0.2086426983	0.2075032900	0.2063394989	0.2051516648	0.2039399912	0.2027047171	0.2014463019	0.2001654334	0.1988632305	0.1975419222	0.1962055872	0.1948604858	0.1935163001	0.1921866925	0.1908873888	0.1896360679	0.1884483934	0.1873316988	0.1862847287	0.1852969415	0.1843507880	0.1834284906	0.1825143170	0.1815972830	0.1806712577	0.1797340827	0.1787860786	0.1778287213	0.1768637985	0.1758928144	0.1749168985	0.1739367855	0.1729529362	0.1719656733	0.1709752753	0.1699820239	0.1689862239	0.1679881991	0.1669882831	0.1659868088	0.1649841016	0.1639804790	0.1629762475	0.1619717061	0.1609671446	0.1599628446	0.1589590787	0.1579561119	0.1569542002	0.1559535930	0.1549545324	0.1539572539	0.1529619829	0.1519689390	0.1509783330	0.1499903686	0.1490052416	0.1480231406	0.1470442467	0.1460687331	0.1450967666	0.1441285072	0.1431641077	0.1422037130	0.1412474623	0.1402954871	0.1393479115	0.1384048546	0.1374664291	0.1365327431	0.1356038997	0.1346799949	0.1337611197	0.1328473592	0.1319387940	0.1310355004	0.1301375483	0.1292450027	0.1283579254	0.1274763722	0.1266003958	0.1257300449	0.1248653623	0.1240063882	0.1231531588	0.1223057070	0.1214640614	0.1206282460	0.1197982822	0.1189741878	0.1181559786	0.1173436652	0.1165372571	0.1157367600	0.1149421844	0.1141535673	0.1133709569	0.1125943555	0.1118234801	0.1110574144
0.1947891844	0.1946850688	0.1945855913	0.1944928920	0.1944076039	0.1943296703	0.1942589127	0.1941952137	0.1941385076	0.1940887532	0.1940459089	0.1940099308	0.1939807760	0.1939584014	0.1939427643	0.1939338226	0.1939315351	0.1939358608	0.1939467569	0.1939641846	0.1939881016	0.1940184687	0.1940552444	0.1940983873	0.1941478585	0.1942036154	0.1942656162	0.1943338197	0.1944081849	0.1944886683	0.1945752261	0.1946678171	0.1947663946	0.1948709145	0.1949813310	0.1950975929	0.1952196531	0.1953474603	0.1954809610	0.1956201029	0.1957648297	0.1959150840	0.1960708059	0.1962319354	0.1963984074	0.1965701566	0.1967471145	0.1969292104	0.1971163710	0.1973085206	0.1975055815	0.1977074723	0.1979141071	0.1981253949	0.1983412425	0.1985615525	0.1987862224	0.1990151476	0.1992482165	0.1994853092	0.1997262997	0.1999710518	0.2002194328	0.2004713239	0.2007266413	0.2009853490	0.2012474490	0.2015129095	0.2017815175	0.2020526430	0.2023250330	0.2025966997	0.2028650997	0.2031280716	0.2033852283	0.2036402394	0.2039038403	0.2041952203	0.2045413942	0.2049726932	0.2055157887	0.2061835732	0.2069731562	0.2078671302	0.2088360343	0.2098501692	0.2108835310	0.2119168271	0.2129380464	0.2139397918	0.2149181246	0.2158714205	0.2167990671	0.2177009116	0.2185771285	0.2194278522	0.2202529937	0.2210524137	0.2218259105	0.2225731339	0.2232936498	0.2239870174	0.2246527804	0.2252904548	0.2258995458	0.2264795674	0.2270300500	0.2275505424	0.2280406092	0.2284998276	0.2289277894	0.2293241061	0.2296884098	0.2300203538	0.2303196106	0.2305858697	0.2308188385	0.2310182453	0.2311838414	0.2313154024	0.2314127261	0.2314756321	0.2315039610	0.2314975762	0.2314563641	0.2313802322	0.2312691113	0.2311229560	0.2309417444	0.2307254801	0.2304741918	0.2301879322	0.2298667786	0.2295108317	0.2291202151	0.2286950755	0.2282355839	0.2277419345	0.2272143450	0.2266530570	0.2260583358	0.2254304720	0.2247697788	0.2240765921	0.2233512685	0.2225941844	0.2218057361	0.2209863404	0.2201364375	0.2192564911	0.2183469853	0.2174084204	0.2164413128	0.2154461962	0.2144236219	0.2133741568	0.2122983785	0.2111968606	0.2100701585	0.2089188234	0.2077434076	0.2065443992	0.2053221870	0.2040771296	0.2028095521	0.2015196327	0.2002075518	0.1988737453	0.1975190023	0.1961449002	0.1947547476	0.1933542501	0.1919522124	0.1905622853	0.1892022145	0.1878917290	0.1866494696	0.1854852071	0.1843986451	0.1833789038	0.1824066942	0.1814615362	0.1805256604	0.1795871909	0.1786397445	0.1776814801	0.1767130724	0.1757362422	0.1747528822	0.1737645022	0.1727721177	0.1717763640	0.1707776314	0.1697762055	0.1687723511	0.1677663556	0.1667585306	0.1657492024	0.1647387007	0.1637273509	0.1627154691	0.1617033602	0.1606913204	0.1596796353	0.1586685814	0.1576584274	0.1566494341	0.1556418545	0.1546359341	0.1536319110	0.1526300143	0.1516304649	0.1506334764	0.1496392538	0.1486479947	0.1476598899	0.1466751203	0.1456938614	0.1447162807	0.1437425374	0.1427727864	0.1418071719	0.1408458325	0.1398888988	0.1389364962	0.1379887429	0.1370457520	0.1361076319	0.1351744838	0.1342464028	0.1333234794	0.1324057983	0.1314934387	0.1305864743	0.1296849752	0.1287890044	0.1278986230	0.1270138853	0.1261348419	0.1252615395	0.1243940203	0.1235323226	0.1226764808	0.1218265257	0.1209824835	0.1201443765	0.1193122246	0.1184860434	0.1176658478	0.1168516475	0.1160434484	0.1152412560	0.1144450791	0.1136549505	0.1128709239	0.1120929967	0.1113208717	0.1105536139
0.1935238449	0.1934245646	0.1933299057	0.1932420237	0.1931615608	0.1930884607	0.1930225481	0.1929637049	0.1929118698	0.1928670007	0.1928290591	0.1927980039	0.1927737937	0.1927563851	0.1927457391	0.1927418146	0.1927445730	0.1927539742	0.1927699790	0.1927925509	0.1928216483	0.1928572349	0.1928992713	0.1929477191	0.1930025410	0.1930636975	0.1931311482	0.1932048555	0.1932847791	0.1933708779	0.1934631126	0.1935614410	0.1936658219	0.1937762128	0.1938925697	0.1940148464	0.1941429974	0.1942769736	0.1944167257	0.1945622030	0.1947133524	0.1948701183	0.1950324455	0.1952002756	0.1953735464	0.1955521962	0.1957361583	0.1959253645	0.1961197447	0.1963192254	0.1965237314	0.1967331840	0.1969475011	0.1971665944	0.1973903752	0.1976187475	0.1978516122	0.1980888650	0.1983303921	0.1985760717	0.1988257762	0.1990793840	0.1993367991	0.1995979767	0.1998629234	0.2001316601	0.2004040991	0.2006798258	0.2009578285	0.2012362003	0.2015123174	0.2017835261	0.2020486980	0.2023107618	0.2025801161	0.2028762686	0.2032294487	0.2036743759	0.2042419323	0.2049473535	0.2057866061	0.2067376789	0.2077675511	0.2088439940	0.2099386275	0.2110313900	0.2121100958	0.2131680705	0.2142024345	0.2152121897	0.2161971276	0.2171574943	0.2180935480	0.2190053205	0.2198927619	0.2207556973	0.2215937671	0.2224065337	0.2231935263	0.2239542308	0.2246881051	0.2253946051	0.2260731982	0.2267233637	0.2273445887	0.2279363693	0.2284982201	0.2290296783	0.2295303018	0.2299996629	0.2304373499	0.2308429701	0.2312161506	0.2315565371	0.2318637950	0.2321376081	0.2323776773	0.2325837251	0.2327554977	0.2328927637	0.2329953156	0.2330629680	0.2330955565	0.2330929397	0.2330549994	0.2329816405	0.2328727900	0.2327283987	0.2325484427	0.2323329229	0.2320818666	0.2317953260	0.2314733772	0.2311161208	0.2307236813	0.2302962065	0.2298338687	0.2293368638	0.2288054113	0.2282397556	0.2276401667	0.2270069373	0.2263403831	0.2256408433	0.2249086780	0.2241442689	0.2233480180	0.2225203478	0.2216617032	0.2207725509	0.2198533782	0.2189046905	0.2179270114	0.2169208850	0.2158868767	0.2148255690	0.2137375555	0.2126234417	0.2114838488	0.2103194078	0.2091307527	0.2079185009	0.2066832423	0.2054255490	0.2041459354	0.2028447892	0.2015224205	0.2001790837	0.1988148950	0.1974300233	0.1960249948	0.1946009438	0.1931603840	0.1917084590	0.1902540054	0.1888110541	0.1873988441	0.1860387637	0.1847516835	0.1835497437	0.1824330398	0.1813891287	0.1803962101	0.1794314904	0.1784756233	0.1775166747	0.1765486313	0.1755701511	0.1745823857	0.1735873553	0.1725869568	0.1715826154	0.1705752086	0.1695652470	0.1685530479	0.1675388694	0.1665229773	0.1655056640	0.1644872468	0.1634680510	0.1624484002	0.1614286080	0.1604089773	0.1593897990	0.1583713548	0.1573539172	0.1563377502	0.1553231122	0.1543102508	0.1532994065	0.1522908122	0.1512846905	0.1502812570	0.1492807193	0.1482832752	0.1472891174	0.1462984283	0.1453113843	0.1443281535	0.1433488959	0.1423737653	0.1414029069	0.1404364580	0.1394745497	0.1385173073	0.1375648490	0.1366172882	0.1356747317	0.1347372796	0.1338050269	0.1328780626	0.1319564709	0.1310403293	0.1301297103	0.1292246821	0.1283253074	0.1274316445	0.1265437471	0.1256616641	0.1247854396	0.1239151155	0.1230507275	0.1221923083	0.1213398860	0.1204934842	0.1196531249	0.1188188251	0.1179905998	0.1171684619	0.1163524192	0.1155424765	0.1147386351	0.1139409050	0.1131493151	0.1123639208	0.1115847190	0.1108113984	0.1100429987
0.1922482573	0.1921537527	0.1920638493	0.1919807233	0.1919050242	0.1918366964	0.1917755649	0.1917215131	0.1916744815	0.1916344322	0.1916013270	0.1915751271	0.1915557919	0.1915432821	0.1915375586	0.1915385826	0.1915463164	0.1915607234	0.1915817671	0.1916094109	0.1916436175	0.1916843523	0.1917315778	0.1917852588	0.1918453582	0.1919118404	0.1919846691	0.1920638062	0.1921492149	0.1922408564	0.1923386942	0.1924426876	0.1925527996	0.1926689885	0.1927912136	0.1929194330	0.1930536025	0.1931936758	0.1933396083	0.1934913503	0.1936488516	0.1938120615	0.1939809257	0.1941553886	0.1943353926	0.1945208772	0.1947117803	0.1949080359	0.1951095763	0.1953163306	0.1955282264	0.1957451873	0.1959671347	0.1961939851	0.1964256524	0.1966620429	0.1969030586	0.1971485910	0.1973985244	0.1976527405	0.1979111333	0.1981736336	0.1984402354	0.1987109918	0.1989859261	0.1992648403	0.1995469822	0.1998307439	0.2001135853	0.2003923556	0.2006649345	0.2009329683	0.2012056590	0.2015023226	0.2018549396	0.2023012061	0.2028776199	0.2036041804	0.2044779588	0.2054745218	0.2065569247	0.2076883990	0.2088383072	0.2099860955	0.2111192785	0.2122314256	0.2133201456	0.2143849005	0.2154259268	0.2164436725	0.2174383937	0.2184101784	0.2193589312	0.2202843338	0.2211859580	0.2220633131	0.2229158458	0.2237429706	0.2245441010	0.2253186577	0.2260660672	0.2267857619	0.2274771918	0.2281398262	0.2287731482	0.2293766513	0.2299498457	0.2304922618	0.2310034492	0.2314829748	0.2319304207	0.2323453879	0.2327274967	0.2330763853	0.2333917109	0.2336731495	0.2339203958	0.2341331653	0.2343111956	0.2344542493	0.2345621125	0.2346345931	0.2346715227	0.2346727556	0.2346381680	0.2345676611	0.2344611587	0.2343186082	0.2341399833	0.2339252825	0.2336745307	0.2333877796	0.2330651050	0.2327066070	0.2323124107	0.2318826655	0.2314175446	0.2309172456	0.2303819903	0.2298120264	0.2292076275	0.2285690896	0.2278967331	0.2271909013	0.2264519594	0.2256802946	0.2248763152	0.2240404499	0.2231731485	0.2222748819	0.2213461424	0.2203874422	0.2193993126	0.2183823030	0.2173369824	0.2162639368	0.2151637657	0.2140370861	0.2128845360	0.2117067678	0.2105044425	0.2092782321	0.2080288198	0.2067568884	0.2054630988	0.2041480696	0.2028123765	0.2014565174	0.2000808424	0.1986855863	0.1972708706	0.1958367205	0.1943833722	0.1929116333	0.1914236290	0.1899242578	0.1884225195	0.1869328551	0.1854759291	0.1840754574	0.1827543356	0.1815258924	0.1803892913	0.1793292104	0.1783207141	0.1773394646	0.1763655072	0.1753871786	0.1743993802	0.1734016548	0.1723957493	0.1713839326	0.1703680355	0.1693492778	0.1683283641	0.1673056786	0.1662814798	0.1652560107	0.1642295444	0.1632023846	0.1621748508	0.1611472624	0.1601199289	0.1590931501	0.1580672125	0.1570423936	0.1560189620	0.1549971784	0.1539772947	0.1529595540	0.1519441907	0.1509314304	0.1499214906	0.1489145803	0.1479109002	0.1469106421	0.1459139910	0.1449211235	0.1439322086	0.1429474068	0.1419668703	0.1409907454	0.1400191688	0.1390522715	0.1380901787	0.1371330091	0.1361808755	0.1352338823	0.1342921302	0.1333557132	0.1324247185	0.1314992281	0.1305793196	0.1296650641	0.1287565275	0.1278537721	0.1269568533	0.1260658240	0.1251807310	0.1243016169	0.1234285213	0.1225614787	0.1217005187	0.1208456672	0.1199969463	0.1191543759	0.1183179716	0.1174877477	0.1166637138	0.1158458766	0.1150342383	0.1142287984	0.1134295653	0.1126365669	0.1118498554	0.1110694317	0.1102949724	0.1095254769
0.1909623946	0.1908726030	0.1907873949	0.1907089630	0.1906379636	0.1905743429	0.1905179267	0.1904686000	0.1904263070	0.1903910083	0.1903626705	0.1903412566	0.1903267275	0.1903190459	0.1903181729	0.1903240742	0.1903367124	0.1903560535	0.1903820633	0.1904147056	0.1904539480	0.1904997563	0.1905520970	0.1906109361	0.1906762379	0.1907479708	0.1908260998	0.1909105904	0.1910014074	0.1910985159	0.1912018802	0.1913114642	0.1914272301	0.1915491411	0.1916771588	0.1918112445	0.1919513571	0.1920974534	0.1922494909	0.1924074232	0.1925712034	0.1927407838	0.1929161131	0.1930971379	0.1932838047	0.1934760553	0.1936738312	0.1938770702	0.1940857058	0.1942996719	0.1945188973	0.1947433090	0.1949728310	0.1952073864	0.1954468873	0.1956912432	0.1959403513	0.1961941008	0.1964523841	0.1967151155	0.1969822622	0.1972538607	0.1975299926	0.1978106390	0.1980954028	0.1983831205	0.1986714493	0.1989570850	0.1992369610	0.1995108156	0.1997852808	0.2000783942	0.2004223971	0.2008580269	0.2014278064	0.2021579798	0.2030493172	0.2040775406	0.2052023755	0.2063824272	0.2075836069	0.2087832278	0.2099682039	0.2111323932	0.2122737238	0.2133919529	0.2144876321	0.2155613322	0.2166133606	0.2176437945	0.2186524472	0.2196389452	0.2206028051	0.2215434560	0.2224602785	0.2233526451	0.2242199318	0.2250615151	0.2258767836	0.2266651451	0.2274260205	0.2281588425	0.2288630588	0.2295381331	0.2301835431	0.2307987783	0.2313833422	0.2319367561	0.2324585604	0.2329483124	0.2334055875	0.2338299784	0.2342210957	0.2345785689	0.2349020466	0.2351911969	0.2354457076	0.2356652860	0.2358496624	0.2359985920	0.2361118539	0.2361892502	0.2362306071	0.2362357735	0.2362046217	0.2361370484	0.2360329741	0.2358923435	0.2357151261	0.2355013183	0.2352509447	0.2349640546	0.2346407229	0.2342810505	0.2338851628	0.2334532099	0.2329853666	0.2324818319	0.2319428309	0.2313686142	0.2307594580	0.2301156632	0.2294375556	0.2287254832	0.2279798160	0.2272009469	0.2263892903	0.2255452818	0.2246693778	0.2237620560	0.2228238157	0.2218551778	0.2208566817	0.2198288829	0.2187723556	0.2176876901	0.2165754937	0.2154363901	0.2142710195	0.2130800382	0.2118641161	0.2106239396	0.2093602145	0.2080736564	0.2067649849	0.2054349231	0.2040841879	0.2027134650	0.2013233820	0.1999144899	0.1984872063	0.1970417786	0.1955783206	0.1940967845	0.1925971799	0.1910800981	0.1895474519	0.1880040087	0.1864591492	0.1849284234	0.1834344295	0.1820034962	0.1806601298	0.1794169960	0.1782706569	0.1772021487	0.1761833793	0.1751883997	0.1741975699	0.1732003597	0.1721934644	0.1711776235	0.1701550910	0.1691281340	0.1680984087	0.1670668680	0.1660340090	0.1650001144	0.1639654105	0.1629301499	0.1618946180	0.1608591240	0.1598239805	0.1587894947	0.1577559612	0.1567236634	0.1556928757	0.1546638605	0.1536368740	0.1526121611	0.1515899582	0.1505704941	0.1495539877	0.1485406495	0.1475306820	0.1465242781	0.1455216241	0.1445228968	0.1435282648	0.1425378900	0.1415519242	0.1405705118	0.1395937914	0.1386218937	0.1376549428	0.1366930579	0.1357363502	0.1347849238	0.1338388779	0.1328983053	0.1319632916	0.1310339184	0.1301102609	0.1291923891	0.1282803676	0.1273742566	0.1264741105	0.1255799794	0.1246919089	0.1238099404	0.1229341095	0.1220644495	0.1212009878	0.1203437477	0.1194927507	0.1186480136	0.1178095512	0.1169773763	0.1161514951	0.1153319135	0.1145186307	0.1137116451	0.1129109614	0.1121166087	0.1113286384	0.1105470476	0.1097714993	0.1090009726
0.1896662320	0.1895810902	0.1895005152	0.1894267138	0.1893603482	0.1893013691	0.1892496014	0.1892049337	0.1891673087	0.1891366926	0.1891130514	0.1890963517	0.1890865568	0.1890836300	0.1890875365	0.1890982404	0.1891157098	0.1891399108	0.1891708112	0.1892083780	0.1892525802	0.1893033852	0.1893607630	0.1894246812	0.1894951090	0.1895720137	0.1896553645	0.1897451296	0.1898412763	0.1899437718	0.1900525830	0.1901676772	0.1902890183	0.1904165729	0.1905503046	0.1906901771	0.1908361530	0.1909881939	0.1911462572	0.1913103018	0.1914802837	0.1916561573	0.1918378749	0.1920253867	0.1922186423	0.1924175862	0.1926221628	0.1928323134	0.1930479754	0.1932690855	0.1934955757	0.1937273764	0.1939644143	0.1942066137	0.1944538878	0.1947061406	0.1949632692	0.1952251756	0.1954917968	0.1957631417	0.1960392993	0.1963203677	0.1966062338	0.1968961601	0.1971883651	0.1974798333	0.1977668010	0.1980470296	0.1983238671	0.1986121671	0.1989415508	0.1993554076	0.1999023255	0.2006167363	0.2015064722	0.2025507828	0.2037068305	0.2049281954	0.2061761116	0.2074246911	0.2086594240	0.2098738602	0.2110660736	0.2122361084	0.2133847587	0.2145127140	0.2156203652	0.2167077647	0.2177746601	0.2188206223	0.2198451012	0.2208474705	0.2218270745	0.2227832522	0.2237153367	0.2246226721	0.2255046218	0.2263605614	0.2271898796	0.2279919819	0.2287662868	0.2295122238	0.2302292351	0.2309167773	0.2315743187	0.2322013418	0.2327973405	0.2333618242	0.2338943224	0.2343943821	0.2348615701	0.2352954696	0.2356956821	0.2360618280	0.2363935468	0.2366904980	0.2369523613	0.2371788363	0.2373696458	0.2375245374	0.2376432830	0.2377256800	0.2377715481	0.2377807308	0.2377530967	0.2376885378	0.2375869709	0.2374483378	0.2372726049	0.2370597657	0.2368098431	0.2365228858	0.2361989679	0.2358381903	0.2354406783	0.2350065829	0.2345360804	0.2340293721	0.2334866856	0.2329082745	0.2322944181	0.2316454224	0.2309616169	0.2302433543	0.2294910109	0.2287049846	0.2278856963	0.2270335892	0.2261491268	0.2252327951	0.2242851023	0.2233065771	0.2222977665	0.2212592350	0.2201915656	0.2190953574	0.2179712259	0.2168198015	0.2156417299	0.2144376720	0.2132083043	0.2119543191	0.2106764242	0.2093753415	0.2080518038	0.2067065588	0.2053403648	0.2039539797	0.2025481593	0.2011236389	0.1996810991	0.1982211395	0.1967442397	0.1952506796	0.1937405247	0.1922136570	0.1906699332	0.1891097754	0.1875350052	0.1859505575	0.1843666896	0.1828009081	0.1812784658	0.1798281320	0.1784752251	0.1772298956	0.1760841631	0.1750141629	0.1739886576	0.1729806911	0.1719730086	0.1709574326	0.1699325335	0.1689000997	0.1678627225	0.1668224801	0.1657806692	0.1647379755	0.1636947347	0.1626511665	0.1616074941	0.1605639820	0.1595209253	0.1584786302	0.1574374009	0.1563975282	0.1553592917	0.1543229595	0.1532887892	0.1522570289	0.1512279175	0.1502016853	0.1491785530	0.1481587330	0.1471424289	0.1461298351	0.1451211385	0.1441165159	0.1431161370	0.1421201625	0.1411287447	0.1401420275	0.1391601497	0.1381832418	0.1372114281	0.1362448259	0.1352835458	0.1343276914	0.1333773599	0.1324326427	0.1314936255	0.1305603872	0.1296330015	0.1287115371	0.1277960568	0.1268866186	0.1259832758	0.1250860761	0.1241950633	0.1233102767	0.1224317497	0.1215595120	0.1206935903	0.1198340058	0.1189807776	0.1181339216	0.1172934508	0.1164593742	0.1156316977	0.1148104237	0.1139955500	0.1131870730	0.1123849949	0.1115893437	0.1108001710	0.1100174700	0.1092408944	0.1084693953
0.1883597485	0.1882791935	0.1882031838	0.1881339465	0.1880721495	0.1880177449	0.1879705582	0.1879304800	0.1878974536	0.1878714482	0.1878524331	0.1878403740	0.1878352385	0.1878369922	0.1878456032	0.1878610350	0.1878832591	0.1879122431	0.1879479563	0.1879903694	0.1880394532	0.1880951770	0.1881575116	0.1882264297	0.1883019014	0.1883838972	0.1884723889	0.1885673463	0.1886687404	0.1887765411	0.1888907165	0.1890112372	0.1891380720	0.1892711868	0.1894105498	0.1895561271	0.1897078837	0.1898657858	0.1900297932	0.1901998686	0.1903759705	0.1905580563	0.1907460817	0.1909400015	0.1911397664	0.1913453258	0.1915566268	0.1917736134	0.1919962285	0.1922244107	0.1924580957	0.1926972175	0.1929417049	0.1931914780	0.1934464479	0.1937065184	0.1939716056	0.1942416726	0.1945167697	0.1947970323	0.1950825546	0.1953730812	0.1956674505	0.1959630736	0.1962561121	0.1965429511	0.1968238424	0.1971085143	0.1974216291	0.1978066380	0.1983159800	0.1989948043	0.1998620816	0.2009034279	0.2020760001	0.2033295367	0.2046190793	0.2059136754	0.2071961153	0.2084589685	0.2097002431	0.2109202688	0.2121200505	0.2133003842	0.2144617317	0.2156041502	0.2167273676	0.2178309078	0.2189141613	0.2199764590	0.2210171126	0.2220354254	0.2230307083	0.2240022877	0.2249494992	0.2258716885	0.2267682178	0.2276384627	0.2284818092	0.2292976567	0.2300854155	0.2308445076	0.2315743661	0.2322744368	0.2329441776	0.2335830600	0.2341905685	0.2347662013	0.2353094748	0.2358199262	0.2362971108	0.2367406024	0.2371499933	0.2375248950	0.2378649387	0.2381697748	0.2384390751	0.2386725316	0.2388698581	0.2390307947	0.2391551070	0.2392425856	0.2392930451	0.2393063243	0.2392822868	0.2392208203	0.2391218385	0.2389852794	0.2388111066	0.2385993121	0.2383499154	0.2380629638	0.2377385320	0.2373767199	0.2369776534	0.2365414845	0.2360683907	0.2355585754	0.2350122680	0.2344297253	0.2338112306	0.2331570933	0.2324676476	0.2317432508	0.2309842847	0.2301911543	0.2293642867	0.2285041315	0.2276111600	0.2266858662	0.2257287663	0.2247403971	0.2237213158	0.2226720976	0.2215933339	0.2204856342	0.2193496230	0.2181859401	0.2169952409	0.2157781957	0.2145354888	0.2132678194	0.2119759011	0.2106604590	0.2093222302	0.2079619644	0.2065804242	0.2051783821	0.2037566242	0.2023159426	0.2008571259	0.1993809486	0.1978881423	0.1963793507	0.1948550815	0.1933156233	0.1917610012	0.1901910291	0.1886054317	0.1870044810	0.1853900848	0.1837678504	0.1821497083	0.1805560402	0.1790154360	0.1775583946	0.1762093278	0.1749740566	0.1738375562	0.1727697902	0.1717384935	0.1707177652	0.1696933385	0.1686601751	0.1676187525	0.1665716375	0.1655213664	0.1644696939	0.1634175492	0.1623653470	0.1613133067	0.1602616256	0.1592105442	0.1581603428	0.1571113225	0.1560637812	0.1550180059	0.1539742708	0.1529328364	0.1518939544	0.1508578655	0.1498248019	0.1487949861	0.1477686317	0.1467459437	0.1457271180	0.1447123405	0.1437017899	0.1426956354	0.1416940368	0.1406971461	0.1397051090	0.1387180628	0.1377361378	0.1367594584	0.1357881400	0.1348222917	0.1338620171	0.1329074114	0.1319585648	0.1310155612	0.1300784782	0.1291473879	0.1282223570	0.1273034467	0.1263907128	0.1254842064	0.1245839739	0.1236900568	0.1228024911	0.1219213087	0.1210465371	0.1201782000	0.1193163175	0.1184609072	0.1176119825	0.1167695545	0.1159336294	0.1151042117	0.1142813005	0.1134648923	0.1126549806	0.1118515662	0.1110546747	0.1102643592	0.1094806082	0.1087030682	0.1079306535
0.1870429250	0.1869668894	0.1868953797	0.1868306381	0.1867733431	0.1867234431	0.1866807690	0.1866452081	0.1866167104	0.1865952436	0.1865807789	0.1865732876	0.1865727367	0.1865790944	0.1865923304	0.1866124137	0.1866393135	0.1866730019	0.1867134491	0.1867606281	0.1868145111	0.1868750719	0.1869422827	0.1870161185	0.1870965502	0.1871835537	0.1872771018	0.1873771663	0.1874837222	0.1875967411	0.1877161962	0.1878420577	0.1879742981	0.1881128872	0.1882577949	0.1884089912	0.1885664442	0.1887301198	0.1888999858	0.1890760056	0.1892581420	0.1894463552	0.1896406046	0.1898408478	0.1900470390	0.1902591314	0.1904770748	0.1907008184	0.1909303080	0.1911654850	0.1914062910	0.1916526591	0.1919045160	0.1921617765	0.1924243534	0.1926921808	0.1929652525	0.1932436669	0.1935275952	0.1938170775	0.1941115978	0.1944094931	0.1947073969	0.1950008236	0.1952869422	0.1955699369	0.1958689961	0.1962224712	0.1966835334	0.1973085295	0.1981310194	0.1991475897	0.2003195741	0.2015934296	0.2029172566	0.2042539050	0.2055817978	0.2068913039	0.2081798434	0.2094478729	0.2106966635	0.2119272398	0.2131401531	0.2143354583	0.2155128710	0.2166718861	0.2178118588	0.2189320865	0.2200318489	0.2211104239	0.2221671033	0.2232011919	0.2242120055	0.2251988741	0.2261611377	0.2270981421	0.2280092422	0.2288938053	0.2297512106	0.2305808461	0.2313821111	0.2321544168	0.2328971852	0.2336098502	0.2342918598	0.2349426734	0.2355617641	0.2361486194	0.2367027443	0.2372236636	0.2377109220	0.2381640836	0.2385827308	0.2389664658	0.2393149107	0.2396277084	0.2399045227	0.2401450378	0.2403489595	0.2405160199	0.2406459777	0.2407386165	0.2407937457	0.2408111995	0.2407908362	0.2407325403	0.2406362208	0.2405018125	0.2403292769	0.2401186022	0.2398698062	0.2395829353	0.2392580627	0.2388952884	0.2384947392	0.2380565677	0.2375809525	0.2370680991	0.2365182392	0.2359316319	0.2353085645	0.2346493502	0.2339543277	0.2332238604	0.2324583351	0.2316581622	0.2308237752	0.2299556299	0.2290542056	0.2281200040	0.2271535499	0.2261553897	0.2251260901	0.2240662353	0.2229764261	0.2218572821	0.2207094386	0.2195335470	0.2183302739	0.2171003002	0.2158443208	0.2145630457	0.2132571981	0.2119275111	0.2105747280	0.2091996031	0.2078029004	0.2063853949	0.2049478733	0.2034911343	0.2020159872	0.2005232506	0.1990137446	0.1974882763	0.1959476134	0.1943924277	0.1928232394	0.1912403375	0.1896436940	0.1880330041	0.1864078562	0.1847684904	0.1831172389	0.1814610819	0.1798145518	0.1782015154	0.1766541546	0.1752042669	0.1738726253	0.1726578339	0.1715366203	0.1704733322	0.1694356258	0.1684014776	0.1673604646	0.1663108144	0.1652546698	0.1641949701	0.1631339281	0.1620727523	0.1610119918	0.1599518900	0.1588926232	0.1578344064	0.1567775041	0.1557222069	0.1546688064	0.1536175840	0.1525688068	0.1515227295	0.1504795948	0.1494396377	0.1484030820	0.1473701428	0.1463410248	0.1453159255	0.1442950316	0.1432785219	0.1422665646	0.1412593195	0.1402569392	0.1392595693	0.1382673464	0.1372804009	0.1362988551	0.1353228240	0.1343524151	0.1333877307	0.1324288647	0.1314759060	0.1305289365	0.1295880326	0.1286532638	0.1277246953	0.1268023859	0.1258863905	0.1249767577	0.1240735310	0.1231767495	0.1222864470	0.1214026528	0.1205253929	0.1196546882	0.1187905582	0.1179330178	0.1170820778	0.1162377465	0.1154000285	0.1145689258	0.1137444358	0.1129265517	0.1121152647	0.1113105745	0.1105125045	0.1097211074	0.1089363700	0.1081579273	0.1073846634
0.1857157410	0.1856441570	0.1855770803	0.1855167679	0.1854639037	0.1854184393	0.1853802043	0.1853490908	0.1853250477	0.1853080458	0.1852980588	0.1852950585	0.1852990143	0.1853098976	0.1853276798	0.1853523325	0.1853838279	0.1854221391	0.1854672383	0.1855191016	0.1855777013	0.1856430148	0.1857150175	0.1857936836	0.1858789914	0.1859709149	0.1860694318	0.1861745170	0.1862861463	0.1864042951	0.1865289392	0.1866600529	0.1867976091	0.1869415826	0.1870919461	0.1872486710	0.1874117295	0.1875810908	0.1877567248	0.1879385990	0.1881266797	0.1883209312	0.1885213153	0.1887277935	0.1889403234	0.1891588617	0.1893833625	0.1896137785	0.1898500591	0.1900921502	0.1903399935	0.1905935196	0.1908526488	0.1911173000	0.1913874252	0.1916630577	0.1919443471	0.1922315009	0.1925244777	0.1928223759	0.1931227738	0.1934215655	0.1937141796	0.1940000451	0.1942897160	0.1946124531	0.1950207498	0.1955775313	0.1963319495	0.1972978705	0.1984479542	0.1997272949	0.2010765087	0.2024502193	0.2038206218	0.2051747191	0.2065086459	0.2078226647	0.2091182740	0.2103967688	0.2116588641	0.2129046903	0.2141339708	0.2153461724	0.2165406216	0.2177165896	0.2188733288	0.2200100968	0.2211261693	0.2222208321	0.2232933858	0.2243431420	0.2253694198	0.2263715466	0.2273488565	0.2283006890	0.2292263883	0.2301253089	0.2309968175	0.2318402902	0.2326551154	0.2334406911	0.2341964279	0.2349217479	0.2356160876	0.2362788957	0.2369096338	0.2375077773	0.2380728195	0.2386042735	0.2391016731	0.2395645725	0.2399925452	0.2403851841	0.2407421023	0.2410629343	0.2413473356	0.2415949822	0.2418055728	0.2419788314	0.2421145091	0.2422123841	0.2422722596	0.2422939645	0.2422773531	0.2422223051	0.2421287256	0.2419965457	0.2418257237	0.2416162454	0.2413681261	0.2410814109	0.2407561729	0.2403925113	0.2399905531	0.2395504520	0.2390723877	0.2385565678	0.2380032266	0.2374126257	0.2367850557	0.2361208340	0.2354203041	0.2346838342	0.2339118165	0.2331046670	0.2322628256	0.2313867551	0.2304769420	0.2295338970	0.2285581536	0.2275502663	0.2265108100	0.2254403781	0.2243395823	0.2232090519	0.2220494332	0.2208613892	0.2196455971	0.2184027488	0.2171335526	0.2158387324	0.2145190216	0.2131751647	0.2118079162	0.2104180383	0.2090063031	0.2075734915	0.2061203922	0.2046478039	0.2031565352	0.2016474057	0.2001212474	0.1985789030	0.1970212183	0.1954490237	0.1938631092	0.1922641657	0.1906527138	0.1890290082	0.1873929307	0.1857440249	0.1840817738	0.1824065937	0.1807216555	0.1790359670	0.1773677154	0.1757454844	0.1742052476	0.1727786082	0.1714783486	0.1702922593	0.1691882714	0.1681284725	0.1670822846	0.1660332306	0.1649760539	0.1639117346	0.1628433062	0.1617734022	0.1607036282	0.1596347346	0.1585670083	0.1575006063	0.1564357141	0.1553725765	0.1543114703	0.1532526811	0.1521964839	0.1511431383	0.1500928924	0.1490459812	0.1480026308	0.1469630563	0.1459274650	0.1448960533	0.1438690093	0.1428465108	0.1418287261	0.1408158152	0.1398079311	0.1388052182	0.1378078135	0.1368158458	0.1358294357	0.1348486981	0.1338737386	0.1329046580	0.1319415493	0.1309844984	0.1300335865	0.1290888875	0.1281504698	0.1272183956	0.1262927225	0.1253735026	0.1244607827	0.1235546030	0.1226550005	0.1217620061	0.1208756476	0.1199959481	0.1191229276	0.1182566032	0.1173969864	0.1165440867	0.1156979098	0.1148584572	0.1140257294	0.1131997208	0.1123804221	0.1115678224	0.1107619187	0.1099627350	0.1091703208	0.1083846621	0.1076053819	0.1068313336
0.1843781801	0.1843109793	0.1842482659	0.1841923146	0.1841438097	0.1841027085	0.1840688405	0.1840421006	0.1840224376	0.1840098250	0.1840042394	0.1840056515	0.1840140365	0.1840293662	0.1840516134	0.1840807539	0.1841167618	0.1841596105	0.1842092779	0.1842657387	0.1843289707	0.1843989512	0.1844756575	0.1845590677	0.1846491619	0.1847459175	0.1848493121	0.1849593271	0.1850759389	0.1851991266	0.1853288667	0.1854651391	0.1856079194	0.1857571838	0.1859129093	0.1860750695	0.1862436389	0.1864185919	0.1865999004	0.1867875350	0.1869814663	0.1871816620	0.1873880882	0.1876007080	0.1878194848	0.1880443779	0.1882753461	0.1885123456	0.1887553289	0.1890042447	0.1892590284	0.1895196060	0.1897859035	0.1900578907	0.1903356390	0.1906193503	0.1909092508	0.1912051888	0.1915058492	0.1918079575	0.1921065132	0.1923973759	0.1926836143	0.1929851921	0.1933449166	0.1938248148	0.1944901803	0.1953775729	0.1964780728	0.1977413077	0.1991029948	0.2005071641	0.2019167412	0.2033133405	0.2046907741	0.2060487172	0.2073888619	0.2087128383	0.2100216046	0.2113154180	0.2125940438	0.2138569464	0.2151034370	0.2163327665	0.2175441655	0.2187368724	0.2199101430	0.2210632499	0.2221954784	0.2233061241	0.2243944896	0.2254598825	0.2265016164	0.2275190098	0.2285113854	0.2294780720	0.2304184025	0.2313317180	0.2322173701	0.2330747235	0.2339031534	0.2347020465	0.2354708005	0.2362088263	0.2369155472	0.2375904011	0.2382328393	0.2388423259	0.2394183424	0.2399603896	0.2404679908	0.2409406901	0.2413780514	0.2417796583	0.2421451155	0.2424740494	0.2427661071	0.2430209573	0.2432382903	0.2434178215	0.2435592948	0.2436624818	0.2437271802	0.2437532139	0.2437404317	0.2436887086	0.2435979465	0.2434680730	0.2432990423	0.2430908377	0.2428434726	0.2425569902	0.2422314626	0.2418669896	0.2414636980	0.2410217418	0.2405413029	0.2400225903	0.2394658406	0.2388713188	0.2382393184	0.2375701613	0.2368641948	0.2361217924	0.2353433525	0.2345292973	0.2336800728	0.2327961485	0.2318780183	0.2309262004	0.2299412371	0.2289236923	0.2278741492	0.2267932108	0.2256814990	0.2245396529	0.2233683288	0.2221682000	0.2209399545	0.2196842978	0.2184019509	0.2170936493	0.2157601398	0.2144021796	0.2130205358	0.2116159828	0.2101893039	0.2087412901	0.2072727397	0.2057844566	0.2042772521	0.2027519471	0.2012093712	0.1996503644	0.1980757763	0.1964864668	0.1948832987	0.1932671196	0.1916387352	0.1899988443	0.1883479456	0.1866862169	0.1850134010	0.1833288627	0.1816320031	0.1799236348	0.1782084185	0.1764987250	0.1748183146	0.1732015953	0.1716857770	0.1702979707	0.1690397876	0.1678863585	0.1667973809	0.1657361014	0.1646786563	0.1636146046	0.1625429059	0.1614663775	0.1603881310	0.1593102394	0.1582336809	0.1571587995	0.1560857371	0.1550146509	0.1539457616	0.1528793338	0.1518156446	0.1507549617	0.1496975387	0.1486436143	0.1475934152	0.1465471585	0.1455050514	0.1444672912	0.1434340650	0.1424055507	0.1413819166	0.1403633240	0.1393499242	0.1383418616	0.1373392720	0.1363422833	0.1353510148	0.1343655793	0.1333860827	0.1324126227	0.1314452914	0.1304841721	0.1295293440	0.1285808797	0.1276388453	0.1267033011	0.1257743023	0.1248518981	0.1239361324	0.1230270441	0.1221246662	0.1212290285	0.1203401560	0.1194580699	0.1185827887	0.1177143254	0.1168526897	0.1159978892	0.1151499262	0.1143088012	0.1134745098	0.1126470459	0.1118263967	0.1110125495	0.1102054988	0.1094052670	0.1086119030	0.1078253908	0.1070453416	0.1062705767
0.1830302293	0.1829673413	0.1829089223	0.1828572586	0.1828130416	0.1827762302	0.1827466570	0.1827242141	0.1827088551	0.1827005547	0.1826992903	0.1827050376	0.1827177713	0.1827374665	0.1827640967	0.1827976413	0.1828380749	0.1828853773	0.1829395252	0.1830004961	0.1830682717	0.1831428292	0.1832241494	0.1833122146	0.1834070031	0.1835084980	0.1836166790	0.1837315295	0.1838530301	0.1839811604	0.1841159034	0.1842572374	0.1844051443	0.1845596032	0.1847205925	0.1848880908	0.1850620740	0.1852425209	0.1854294056	0.1856227033	0.1858223875	0.1860284301	0.1862407998	0.1864594645	0.1866843903	0.1869155426	0.1871528836	0.1873963724	0.1876459627	0.1879015971	0.1881632056	0.1884307248	0.1887041446	0.1889835753	0.1892692647	0.1895614252	0.1898597171	0.1901623317	0.1904652123	0.1907628519	0.1910523514	0.1913415650	0.1916606704	0.1920674592	0.1926336568	0.1934174988	0.1944352471	0.1956531079	0.1970074055	0.1984308876	0.1998744892	0.2013111813	0.2027303482	0.2041303022	0.2055127629	0.2068797330	0.2082325373	0.2095716620	0.2108969656	0.2122079342	0.2135038696	0.2147840044	0.2160475559	0.2172937528	0.2185218372	0.2197310657	0.2209207084	0.2220900465	0.2232383660	0.2243649592	0.2254691208	0.2265501485	0.2276073444	0.2286400155	0.2296474733	0.2306290342	0.2315840192	0.2325117560	0.2334115826	0.2342828490	0.2351249178	0.2359371631	0.2367189705	0.2374697393	0.2381888815	0.2388758235	0.2395300055	0.2401508814	0.2407379205	0.2412906126	0.2418084703	0.2422910273	0.2427378376	0.2431484752	0.2435225362	0.2438596387	0.2441594215	0.2444215451	0.2446456919	0.2448315689	0.2449789126	0.2450874871	0.2451570850	0.2451875241	0.2451786482	0.2451303277	0.2450424602	0.2449149704	0.2447478092	0.2445409562	0.2442944227	0.2440082509	0.2436825111	0.2433173031	0.2429127548	0.2424690205	0.2419862831	0.2414647538	0.2409046711	0.2403063032	0.2396699479	0.2389959305	0.2382846028	0.2375363431	0.2367515556	0.2359306688	0.2350741348	0.2341824306	0.2332560573	0.2322955410	0.2313014329	0.2302743067	0.2292147537	0.2281233867	0.2270008369	0.2258477529	0.2246648021	0.2234526677	0.2222120498	0.2209436649	0.2196482463	0.2183265414	0.2169793111	0.2156073246	0.2142113609	0.2127922090	0.2113506654	0.2098875341	0.2084036255	0.2068997545	0.2053767430	0.2038354191	0.2022766162	0.2007011737	0.1991099366	0.1975037583	0.1958835014	0.1942500375	0.1926042443	0.1909469853	0.1892790735	0.1876011950	0.1859137908	0.1842169066	0.1825100699	0.1807924425	0.1790634788	0.1773249488	0.1755843827	0.1738593102	0.1721798619	0.1705859651	0.1691136236	0.1677788461	0.1665678427	0.1654436851	0.1643644002	0.1632974896	0.1622266148	0.1611480984	0.1600641386	0.1589781722	0.1578927108	0.1568089905	0.1557274450	0.1546482176	0.1535714371	0.1524972995	0.1514260547	0.1503579714	0.1492933091	0.1482323134	0.1471752140	0.1461222297	0.1450735667	0.1440294231	0.1429899851	0.1419554309	0.1409259294	0.1399016410	0.1388827169	0.1378693009	0.1368615264	0.1358595207	0.1348634025	0.1338732826	0.1328892649	0.1319114452	0.1309399137	0.1299747531	0.1290160394	0.1280638426	0.1271182273	0.1261792516	0.1252469681	0.1243214224	0.1234026567	0.1224907064	0.1215856028	0.1206873729	0.1197960410	0.1189116246	0.1180341397	0.1171635965	0.1163000032	0.1154433635	0.1145936771	0.1137509432	0.1129151540	0.1120863008	0.1112643684	0.1104493416	0.1096412126	0.1088400013	0.1080457576	0.1072584624	0.1064777146	0.1057023040
0.1816718758	0.1816132300	0.1815590339	0.1815115848	0.1814715826	0.1814389873	0.1814136321	0.1813954101	0.1813842773	0.1813802099	0.1813831881	0.1813931895	0.1814101897	0.1814341653	0.1814650956	0.1815029578	0.1815477319	0.1815993990	0.1816579378	0.1817233311	0.1817955582	0.1818746016	0.1819604447	0.1820530686	0.1821524581	0.1822585971	0.1823714706	0.1824910601	0.1826173503	0.1827503268	0.1828899728	0.1830362704	0.1831892033	0.1833487553	0.1835149075	0.1836876423	0.1838669385	0.1840527779	0.1842451376	0.1844439963	0.1846493311	0.1848611171	0.1850793285	0.1853039365	0.1855349109	0.1857722221	0.1860158354	0.1862657101	0.1865217949	0.1867840237	0.1870523428	0.1873267657	0.1876074500	0.1878946911	0.1881886626	0.1884887406	0.1887924941	0.1890950189	0.1893906459	0.1896791911	0.1899760346	0.1903218531	0.1907860896	0.1914460823	0.1923485364	0.1934872809	0.1948060975	0.1962310849	0.1976998941	0.1991728260	0.2006317210	0.2020719056	0.2034945572	0.2049020593	0.2062962348	0.2076778981	0.2090470807	0.2104033368	0.2117459758	0.2130742189	0.2143872668	0.2156843353	0.2169646587	0.2182274890	0.2194720877	0.2206977222	0.2219036632	0.2230891856	0.2242535688	0.2253960928	0.2265160402	0.2276126972	0.2286853547	0.2297333062	0.2307558513	0.2317522953	0.2327219462	0.2336641184	0.2345781356	0.2354633333	0.2363190610	0.2371446811	0.2379395674	0.2387031067	0.2394347002	0.2401337634	0.2407997263	0.2414320325	0.2420301400	0.2425935264	0.2431216928	0.2436141624	0.2440704794	0.2444902088	0.2448729372	0.2452182734	0.2455258484	0.2457953140	0.2460263444	0.2462186388	0.2463719251	0.2464859612	0.2465605326	0.2465954514	0.2465905566	0.2465457144	0.2464608184	0.2463357888	0.2461705735	0.2459651500	0.2457195265	0.2454337432	0.2451078705	0.2447420071	0.2443362807	0.2438908472	0.2434058904	0.2428816230	0.2423182863	0.2417161515	0.2410755194	0.2403967197	0.2396801093	0.2389260710	0.2381350141	0.2373073737	0.2364436089	0.2355442031	0.2346096654	0.2336405311	0.2326373593	0.2316007316	0.2305312502	0.2294295362	0.2282962309	0.2271319944	0.2259375029	0.2247134505	0.2234605489	0.2221795258	0.2208711268	0.2195361121	0.2181752535	0.2167893325	0.2153791409	0.2139454805	0.2124891622	0.2110110030	0.2095118263	0.2079924626	0.2064537466	0.2048965187	0.2033216234	0.2017299075	0.2001222196	0.1984994107	0.1968623363	0.1952118600	0.1935488562	0.1918742078	0.1901888048	0.1884935195	0.1867891592	0.1850763690	0.1833554852	0.1816263599	0.1798882398	0.1781401049	0.1763818559	0.1746171785	0.1728580942	0.1711295107	0.1694689045	0.1679181984	0.1665068631	0.1652342836	0.1640700580	0.1629684027	0.1618897819	0.1608119458	0.1597273076	0.1586367090	0.1575436981	0.1564512319	0.1553608647	0.1542731639	0.1531882854	0.1521063294	0.1510274650	0.1499519262	0.1488799703	0.1478118498	0.1467478012	0.1456880446	0.1446327884	0.1435822286	0.1425365525	0.1414959375	0.1404605531	0.1394305580	0.1384061043	0.1373873327	0.1363743772	0.1353673624	0.1343664060	0.1333716175	0.1323830979	0.1314009423	0.1304252373	0.1294560652	0.1284934991	0.1275376065	0.1265884499	0.1256460841	0.1247105596	0.1237819190	0.1228602014	0.1219454400	0.1210376646	0.1201368987	0.1192431639	0.1183564768	0.1174768485	0.1166042884	0.1157388008	0.1148803863	0.1140290438	0.1131847674	0.1123475493	0.1115173754	0.1106942304	0.1098780945	0.1090689578	0.1082668398	0.1074717887	0.1066837827	0.1059024096	0.1051264272
0.1803031101	0.1802486353	0.1801985887	0.1801552811	0.1801194198	0.1800909637	0.1800697480	0.1800556693	0.1800486830	0.1800487696	0.1800559086	0.1800700804	0.1800912628	0.1801194358	0.1801545793	0.1801966732	0.1802456996	0.1803016403	0.1803644793	0.1804342010	0.1805107868	0.1805942221	0.1806844925	0.1807815808	0.1808854747	0.1809961613	0.1811136261	0.1812378555	0.1813688367	0.1815065572	0.1816510036	0.1818021620	0.1819600185	0.1821245598	0.1822957702	0.1824736357	0.1826581393	0.1828492638	0.1830469931	0.1832513074	0.1834621861	0.1836796092	0.1839035550	0.1841339997	0.1843709181	0.1846142834	0.1848640597	0.1851202006	0.1853826459	0.1856513504	0.1859263510	0.1862078529	0.1864962064	0.1867915484	0.1870929282	0.1873971769	0.1876985770	0.1879914941	0.1882789710	0.1885859583	0.1889674019	0.1895005221	0.1902601609	0.1912768771	0.1925205918	0.1939210029	0.1954008050	0.1969035502	0.1983995199	0.1998782642	0.2013391751	0.2027848245	0.2042176678	0.2056390141	0.2070491739	0.2084478183	0.2098342902	0.2112078054	0.2125675524	0.2139127345	0.2152425772	0.2165563246	0.2178532338	0.2191325678	0.2203935922	0.2216355709	0.2228577655	0.2240594390	0.2252398566	0.2263982867	0.2275339997	0.2286462701	0.2297343757	0.2307975977	0.2318352234	0.2328465448	0.2338308579	0.2347874644	0.2357156739	0.2366148083	0.2374842039	0.2383232105	0.2391311912	0.2399075217	0.2406515918	0.2413628060	0.2420405832	0.2426843568	0.2432935750	0.2438677022	0.2444062272	0.2449086622	0.2453745412	0.2458034201	0.2461948746	0.2465485048	0.2468639332	0.2471408038	0.2473787830	0.2475775617	0.2477368587	0.2478564253	0.2479360407	0.2479755109	0.2479746702	0.2479333804	0.2478515307	0.2477290375	0.2475658452	0.2473619285	0.2471172936	0.2468319781	0.2465060520	0.2461396137	0.2457327904	0.2452857391	0.2447986449	0.2442717217	0.2437052136	0.2430993951	0.2424545698	0.2417710714	0.2410492619	0.2402895293	0.2394922882	0.2386579790	0.2377870678	0.2368800459	0.2359374295	0.2349597618	0.2339476115	0.2329015692	0.2318222468	0.2307102747	0.2295663037	0.2283910045	0.2271850635	0.2259491863	0.2246840958	0.2233905323	0.2220692533	0.2207210304	0.2193466471	0.2179468969	0.2165225843	0.2150745234	0.2136035366	0.2121104549	0.2105961158	0.2090613637	0.2075070483	0.2059340250	0.2043431523	0.2027352897	0.2011112955	0.1994720277	0.1978183458	0.1961511104	0.1944711868	0.1927794462	0.1910767716	0.1893640564	0.1876421991	0.1859120733	0.1841744678	0.1824299549	0.1806786999	0.1789202536	0.1771535075	0.1753774057	0.1735930827	0.1718078776	0.1700406181	0.1683251469	0.1667061753	0.1652222052	0.1638860819	0.1626761879	0.1615474745	0.1604556748	0.1593710466	0.1582809115	0.1571843606	0.1560849295	0.1549860140	0.1538895312	0.1527962077	0.1517062155	0.1506196236	0.1495365722	0.1484572777	0.1473819870	0.1463109433	0.1452443736	0.1441824875	0.1431254819	0.1420735441	0.1410268506	0.1399855704	0.1389498618	0.1379198753	0.1368957507	0.1358776206	0.1348656082	0.1338598292	0.1328603904	0.1318673925	0.1308809272	0.1299010804	0.1289279303	0.1279615481	0.1270019998	0.1260493443	0.1251036341	0.1241649154	0.1232332297	0.1223086125	0.1213910948	0.1204807039	0.1195774617	0.1186813854	0.1177924892	0.1169107822	0.1160362706	0.1151689553	0.1143088351	0.1134559054	0.1126101577	0.1117715809	0.1109401590	0.1101158736	0.1092987019	0.1084886325	0.1076856824	0.1068898988	0.1061012580	0.1053193356	0.1045428572
0.1789239251	0.1788735482	0.1788275766	0.1787883368	0.1787565387	0.1787321455	0.1787149909	0.1787049745	0.1787020547	0.1787062113	0.1787174282	0.1787356870	0.1787609673	0.1787932512	0.1788325191	0.1788787558	0.1789319436	0.1789920681	0.1790591147	0.1791330688	0.1792139184	0.1793016490	0.1793962476	0.1794977027	0.1796060023	0.1797211351	0.1798430895	0.1799718569	0.1801074265	0.1802497864	0.1803989286	0.1805548417	0.1807175150	0.1808869380	0.1810630988	0.1812459850	0.1814355860	0.1816318868	0.1818348739	0.1820445325	0.1822608451	0.1824837955	0.1827133647	0.1829495356	0.1831922872	0.1834415903	0.1836974031	0.1839596700	0.1842283538	0.1845035145	0.1847854006	0.1850744087	0.1853706281	0.1856727839	0.1859769844	0.1862768093	0.1865672992	0.1868553754	0.1871751845	0.1875956948	0.1882035738	0.1890648490	0.1901894220	0.1915245750	0.1929890780	0.1945095342	0.1960382618	0.1975538912	0.1990515703	0.2005333186	0.2020022241	0.2034603461	0.2049084732	0.2063464858	0.2077737940	0.2091896206	0.2105931413	0.2119835453	0.2133600479	0.2147218873	0.2160683169	0.2173985954	0.2187119846	0.2200077435	0.2212851294	0.2225433961	0.2237817941	0.2249995727	0.2261959831	0.2273702817	0.2285217279	0.2296495822	0.2307531087	0.2318315766	0.2328842598	0.2339104368	0.2349093935	0.2358804195	0.2368228112	0.2377358779	0.2386189427	0.2394713427	0.2402924291	0.2410815676	0.2418381358	0.2425615265	0.2432511485	0.2439064242	0.2445267895	0.2451116980	0.2456606252	0.2461730709	0.2466485595	0.2470866365	0.2474868690	0.2478488473	0.2481721850	0.2484565184	0.2487015061	0.2489068304	0.2490722027	0.2491973657	0.2492820923	0.2493261835	0.2493294680	0.2492918028	0.2492130727	0.2490931905	0.2489320982	0.2487297665	0.2484861985	0.2482014314	0.2478755328	0.2475086011	0.2471007641	0.2466521787	0.2461630319	0.2456335393	0.2450639466	0.2444545311	0.2438056007	0.2431174924	0.2423905727	0.2416252354	0.2408219004	0.2399810137	0.2391030483	0.2381885025	0.2372379006	0.2362517939	0.2352307600	0.2341753984	0.2330863298	0.2319641954	0.2308096558	0.2296233907	0.2284060997	0.2271584988	0.2258813219	0.2245753216	0.2232412681	0.2218799459	0.2204921495	0.2190786848	0.2176403679	0.2161780251	0.2146924912	0.2131846101	0.2116552320	0.2101052140	0.2085354214	0.2069467246	0.2053399964	0.2037161112	0.2020759402	0.2004203539	0.1987502224	0.1970664147	0.1953697970	0.1936612370	0.1919416057	0.1902117815	0.1884726541	0.1867251268	0.1849701069	0.1832084602	0.1814409274	0.1796679426	0.1778893735	0.1761043363	0.1743114354	0.1725100991	0.1707040982	0.1689071785	0.1671484448	0.1654708345	0.1639189867	0.1625189258	0.1612603806	0.1601026647	0.1589966082	0.1579047393	0.1568092926	0.1557073214	0.1546020670	0.1534972831	0.1523952548	0.1512968722	0.1502023254	0.1491116541	0.1480249709	0.1469424739	0.1458643991	0.1447909794	0.1437224304	0.1426589523	0.1416007318	0.1405479456	0.1395007603	0.1384593342	0.1374238156	0.1363943439	0.1353710496	0.1343540539	0.1333434710	0.1323394057	0.1313419559	0.1303512122	0.1293672570	0.1283901663	0.1274200091	0.1264568485	0.1255007400	0.1245517336	0.1236098721	0.1226751947	0.1217477339	0.1208275189	0.1199145735	0.1190089170	0.1181105640	0.1172195250	0.1163358072	0.1154594121	0.1145903395	0.1137285852	0.1128741403	0.1120269950	0.1111871338	0.1103545400	0.1095291893	0.1087110589	0.1079001337	0.1070964287	0.1062999913	0.1055107944	0.1047284014	0.1039515055
0.1775343167	0.1774879608	0.1774459897	0.1774107412	0.1773829292	0.1773625201	0.1773493473	0.1773433133	0.1773443772	0.1773525214	0.1773677309	0.1773899903	0.1774192812	0.1774555863	0.1774988902	0.1775491783	0.1776064364	0.1776706507	0.1777418100	0.1778199017	0.1779049163	0.1779968429	0.1780956694	0.1782013890	0.1783139918	0.1784334677	0.1785598097	0.1786930086	0.1788330591	0.1789799526	0.1791336818	0.1792942401	0.1794616202	0.1796358133	0.1798168123	0.1800046080	0.1801991922	0.1804005549	0.1806086851	0.1808235715	0.1810452027	0.1812735650	0.1815086451	0.1817504278	0.1819988914	0.1822539984	0.1825156998	0.1827839666	0.1830588806	0.1833407317	0.1836299489	0.1839265417	0.1842288688	0.1845323402	0.1848300911	0.1851185709	0.1854098271	0.1857476094	0.1862123155	0.1868956206	0.1878527209	0.1890730226	0.1904858790	0.1920023888	0.1935540485	0.1951032457	0.1966364106	0.1981527471	0.1996554711	0.2011475905	0.2026306360	0.2041048893	0.2055699145	0.2070249673	0.2084692125	0.2099018220	0.2113219980	0.2127289721	0.2141219936	0.2155003207	0.2168632117	0.2182099226	0.2195397069	0.2208518131	0.2221454879	0.2234199731	0.2246745089	0.2259083322	0.2271206817	0.2283107988	0.2294779291	0.2306213206	0.2317402246	0.2328338972	0.2339015992	0.2349425983	0.2359561685	0.2369415896	0.2378981470	0.2388251358	0.2397218650	0.2405876601	0.2414218603	0.2422238186	0.2429929010	0.2437284877	0.2444299761	0.2450967784	0.2457283189	0.2463240391	0.2468834024	0.2474058968	0.2478910346	0.2483383518	0.2487474073	0.2491177813	0.2494490785	0.2497409276	0.2499929795	0.2502049077	0.2503764159	0.2505072389	0.2505971423	0.2506459217	0.2506534006	0.2506194310	0.2505438933	0.2504266970	0.2502677802	0.2500671111	0.2498246901	0.2495405515	0.2492147626	0.2488474211	0.2484386549	0.2479886219	0.2474975097	0.2469655354	0.2463929475	0.2457800257	0.2451270813	0.2444344561	0.2437025207	0.2429316738	0.2421223410	0.2412749749	0.2403900546	0.2394680845	0.2385095970	0.2375151528	0.2364853382	0.2354207617	0.2343220528	0.2331898617	0.2320248599	0.2308277379	0.2295992056	0.2283399897	0.2270508370	0.2257325128	0.2243858002	0.2230114953	0.2216104045	0.2201833461	0.2187311496	0.2172546528	0.2157547034	0.2142321569	0.2126878763	0.2111227327	0.2095376040	0.2079333748	0.2063109321	0.2046711632	0.2030149543	0.2013431908	0.1996567563	0.1979565317	0.1962433948	0.1945182199	0.1927818791	0.1910352436	0.1892791897	0.1875146012	0.1857423759	0.1839634234	0.1821786499	0.1803888946	0.1785947932	0.1767965317	0.1749935490	0.1731844350	0.1713677953	0.1695449318	0.1677250385	0.1659313327	0.1642037025	0.1625915069	0.1611312912	0.1598242920	0.1586357630	0.1575134076	0.1564133211	0.1553126299	0.1542057833	0.1530953469	0.1519853243	0.1508783529	0.1497754953	0.1486769702	0.1475827925	0.1464930471	0.1454079145	0.1443276176	0.1432523789	0.1421824047	0.1411178842	0.1400589931	0.1390058968	0.1379587528	0.1369177072	0.1358828972	0.1348544524	0.1338324921	0.1328171280	0.1318084631	0.1308065927	0.1298116047	0.1288235790	0.1278425887	0.1268687013	0.1259019754	0.1249424634	0.1239902126	0.1230452637	0.1221076524	0.1211774086	0.1202545587	0.1193391234	0.1184311191	0.1175305571	0.1166374455	0.1157517872	0.1148735821	0.1140028260	0.1131395114	0.1122836275	0.1114351607	0.1105940937	0.1097604053	0.1089340698	0.1081150598	0.1073033589	0.1064989800	0.1057019696	0.1049122976	0.1041295151	0.1033522828
0.1761342835	0.1760918722	0.1760538252	0.1760224896	0.1759985859	0.1759820801	0.1759728089	0.1759706746	0.1759756385	0.1759876846	0.1760068017	0.1760329734	0.1760661853	0.1761064227	0.1761536706	0.1762079173	0.1762691509	0.1763373601	0.1764125352	0.1764946664	0.1765837460	0.1766797663	0.1767827202	0.1768926001	0.1770094001	0.1771331138	0.1772637347	0.1774012585	0.1775456799	0.1776969965	0.1778552016	0.1780202921	0.1781922643	0.1783711133	0.1785568344	0.1787494235	0.1789488740	0.1791551795	0.1793683338	0.1795883300	0.1798151593	0.1800488137	0.1802892849	0.1805365542	0.1807905901	0.1810513485	0.1813188091	0.1815930757	0.1818744794	0.1821634802	0.1824599912	0.1827619555	0.1830640221	0.1833589506	0.1836452600	0.1839415862	0.1843014496	0.1848146875	0.1855743286	0.1866217258	0.1879236346	0.1893978555	0.1909548164	0.1925315220	0.1940984697	0.1956482594	0.1971830350	0.1987066463	0.2002216394	0.2017289678	0.2032285017	0.2047195854	0.2062013882	0.2076730676	0.2091338100	0.2105828383	0.2120193968	0.2134427418	0.2148521327	0.2162468259	0.2176260716	0.2189891164	0.2203352007	0.2216635627	0.2229734375	0.2242640572	0.2255346512	0.2267844446	0.2280126619	0.2292185295	0.2304012785	0.2315601444	0.2326943665	0.2338031885	0.2348858607	0.2359416395	0.2369697870	0.2379695732	0.2389402728	0.2398811673	0.2407915516	0.2416707373	0.2425180499	0.2433328296	0.2441144308	0.2448622224	0.2455755889	0.2462539312	0.2468966647	0.2475032189	0.2480730438	0.2486056158	0.2491004364	0.2495570311	0.2499749486	0.2503537608	0.2506930635	0.2509924768	0.2512516441	0.2514702318	0.2516479339	0.2517844770	0.2518796203	0.2519331532	0.2519448940	0.2519146893	0.2518424157	0.2517279791	0.2515713140	0.2513723851	0.2511311903	0.2508477617	0.2505221656	0.2501544989	0.2497448900	0.2492934973	0.2488005092	0.2482661445	0.2476906537	0.2470743196	0.2464174567	0.2457204114	0.2449835590	0.2442073025	0.2433920735	0.2425383311	0.2416465596	0.2407172710	0.2397510064	0.2387483346	0.2377098501	0.2366361709	0.2355279352	0.2343858033	0.2332104566	0.2320025963	0.2307629424	0.2294922330	0.2281912273	0.2268607038	0.2255014573	0.2241142960	0.2227000399	0.2212595195	0.2197935761	0.2183030612	0.2167888350	0.2152517659	0.2136927300	0.2121126112	0.2105123014	0.2088926980	0.2072547001	0.2055992071	0.2039271194	0.2022393365	0.2005367562	0.1988202739	0.1970907819	0.1953491671	0.1935963109	0.1918330914	0.1900603848	0.1882790646	0.1864900073	0.1846940984	0.1828922397	0.1810853449	0.1792743109	0.1774599148	0.1756425980	0.1738221345	0.1719973748	0.1701665420	0.1683291296	0.1664905313	0.1646689865	0.1629012662	0.1612376903	0.1597218164	0.1583671080	0.1571461872	0.1560057980	0.1548968062	0.1537911476	0.1526800550	0.1515651094	0.1504504893	0.1493391876	0.1482324537	0.1471305427	0.1460334462	0.1449412215	0.1438540310	0.1427720861	0.1416955983	0.1406247635	0.1395597591	0.1385007501	0.1374478909	0.1364013265	0.1353611921	0.1343276147	0.1333007122	0.1322805936	0.1312673597	0.1302611033	0.1292619087	0.1282698549	0.1272850112	0.1263074414	0.1253372009	0.1243743394	0.1234189006	0.1224709232	0.1215304398	0.1205974775	0.1196720588	0.1187542021	0.1178439200	0.1169412211	0.1160461097	0.1151585862	0.1142786468	0.1134062846	0.1125414885	0.1116842450	0.1108345368	0.1099923448	0.1091576434	0.1083304051	0.1075105988	0.1066982051	0.1058932358	0.1050957363	0.1043056727	0.1035225850	0.1027450996
0.1747238297	0.1746852833	0.1746510804	0.1746235791	0.1746035040	0.1745908204	0.1745853674	0.1745870485	0.1745958274	0.1746116889	0.1746346248	0.1746646209	0.1747016635	0.1747457404	0.1747968397	0.1748549501	0.1749200627	0.1749921699	0.1750712619	0.1751573335	0.1752503773	0.1753503885	0.1754573637	0.1755712977	0.1756921872	0.1758200283	0.1759548189	0.1760965563	0.1762452368	0.1764008618	0.1765634285	0.1767329357	0.1769093828	0.1770927692	0.1772830936	0.1774803542	0.1776845498	0.1778956767	0.1781137323	0.1783387143	0.1785706186	0.1788094419	0.1790551726	0.1793077833	0.1795672334	0.1798335098	0.1801067342	0.1803872784	0.1806756362	0.1809716389	0.1812728352	0.1815731078	0.1818647568	0.1821482616	0.1824495495	0.1828336709	0.1833971594	0.1842303009	0.1853604284	0.1867343632	0.1882580388	0.1898452748	0.1914415172	0.1930242684	0.1945903868	0.1961435690	0.1976877449	0.1992249954	0.2007557631	0.2022795967	0.2037957026	0.2053032178	0.2068013113	0.2082891965	0.2097661162	0.2112313275	0.2126840902	0.2141236609	0.2155492925	0.2169602295	0.2183557116	0.2197349738	0.2210972467	0.2224417577	0.2237677303	0.2250743860	0.2263609425	0.2276266123	0.2288706072	0.2300921395	0.2312904260	0.2324646902	0.2336141604	0.2347380691	0.2358356551	0.2369061634	0.2379488461	0.2389629612	0.2399477712	0.2409025454	0.2418265639	0.2427191230	0.2435795345	0.2444071258	0.2452012396	0.2459612334	0.2466864799	0.2473763680	0.2480303032	0.2486477052	0.2492280106	0.2497706825	0.2502752125	0.2507411155	0.2511679297	0.2515552182	0.2519025673	0.2522095887	0.2524759184	0.2527012153	0.2528851649	0.2530274851	0.2531279276	0.2531862760	0.2532023434	0.2531759715	0.2531070326	0.2529954281	0.2528410895	0.2526439786	0.2524040899	0.2521214536	0.2517961345	0.2514282296	0.2510178666	0.2505652042	0.2500704322	0.2495337715	0.2489554742	0.2483358258	0.2476751448	0.2469737812	0.2462321146	0.2454505543	0.2446295367	0.2437695261	0.2428710136	0.2419345187	0.2409605908	0.2399498076	0.2389027721	0.2378201102	0.2367024699	0.2355505220	0.2343649573	0.2331464869	0.2318958413	0.2306137711	0.2293010470	0.2279584603	0.2265868183	0.2251869412	0.2237596612	0.2223058218	0.2208262764	0.2193218902	0.2177935366	0.2162420970	0.2146684611	0.2130735270	0.2114582009	0.2098233923	0.2081700124	0.2064989723	0.2048111838	0.2031075599	0.2013890117	0.1996564496	0.1979107789	0.1961529017	0.1943837140	0.1926041067	0.1908149651	0.1890171673	0.1872115848	0.1853990872	0.1835805477	0.1817568548	0.1799289170	0.1780976536	0.1762639261	0.1744283732	0.1725910855	0.1707511995	0.1689068358	0.1670564474	0.1652027857	0.1633599682	0.1615602316	0.1598522659	0.1582859197	0.1568858543	0.1556323755	0.1544732422	0.1533554277	0.1522453413	0.1511306152	0.1500117723	0.1488931691	0.1477781542	0.1466681595	0.1455634712	0.1444640574	0.1433699488	0.1422812911	0.1411982834	0.1401211267	0.1390500049	0.1379850843	0.1369265166	0.1358744453	0.1348290039	0.1337903167	0.1327584986	0.1317336565	0.1307158882	0.1297052844	0.1287019272	0.1277058909	0.1267172431	0.1257360426	0.1247623427	0.1237961896	0.1228376243	0.1218866818	0.1209433922	0.1200077795	0.1190798634	0.1181596572	0.1172471713	0.1163424109	0.1154453772	0.1145560667	0.1136744729	0.1128005850	0.1119343897	0.1110758697	0.1102250042	0.1093817707	0.1085461419	0.1077180855	0.1068975693	0.1060845695	0.1052790962	0.1044811940	0.1036908261	0.1029075189	0.1021298678
0.1733029648	0.1732682012	0.1732377594	0.1732140101	0.1731976804	0.1731887355	0.1731870181	0.1731924305	0.1732049374	0.1732245278	0.1732511925	0.1732849214	0.1733257025	0.1733735255	0.1734283812	0.1734902600	0.1735591547	0.1736350588	0.1737179676	0.1738078761	0.1739047807	0.1740086786	0.1741195674	0.1742374471	0.1743623160	0.1744941731	0.1746330197	0.1747788550	0.1749316808	0.1750914970	0.1752583068	0.1754321117	0.1756129141	0.1758007168	0.1759955208	0.1761973292	0.1764061429	0.1766219648	0.1768447950	0.1770746356	0.1773114876	0.1775553455	0.1778061864	0.1780639743	0.1783287008	0.1786005019	0.1788797808	0.1791670634	0.1794621164	0.1797621580	0.1800604362	0.1803489202	0.1806298781	0.1809356931	0.1813425698	0.1819550449	0.1828571171	0.1840604385	0.1854958398	0.1870611465	0.1886729132	0.1902851064	0.1918820664	0.1934639614	0.1950352745	0.1965995311	0.1981582483	0.1997114685	0.2012585335	0.2027985753	0.2043307304	0.2058541915	0.2073681962	0.2088720061	0.2103648897	0.2118461101	0.2133149232	0.2147705743	0.2162123034	0.2176393443	0.2190509265	0.2204462753	0.2218246100	0.2231851473	0.2245270994	0.2258496744	0.2271520786	0.2284335138	0.2296931795	0.2309302757	0.2321440069	0.2333335842	0.2344982244	0.2356371494	0.2367495861	0.2378347673	0.2388919328	0.2399203280	0.2409192045	0.2418878189	0.2428254364	0.2437313385	0.2446048238	0.2454452063	0.2462518171	0.2470240009	0.2477611190	0.2484625501	0.2491276887	0.2497559445	0.2503467420	0.2508995311	0.2514137899	0.2518890238	0.2523247623	0.2527205579	0.2530759880	0.2533906562	0.2536641907	0.2538962421	0.2540864886	0.2542346396	0.2543404388	0.2544036634	0.2544241207	0.2544016485	0.2543361136	0.2542274139	0.2540754772	0.2538802615	0.2536417589	0.2533599979	0.2530350413	0.2526669855	0.2522559582	0.2518021183	0.2513056571	0.2507667968	0.2501857917	0.2495629304	0.2488985350	0.2481929591	0.2474465872	0.2466598335	0.2458331398	0.2449669759	0.2440618402	0.2431182594	0.2421367900	0.2411180188	0.2400625581	0.2389710418	0.2378441280	0.2366824965	0.2354868485	0.2342579058	0.2329964090	0.2317031206	0.2303788236	0.2290243217	0.2276404348	0.2262279947	0.2247878456	0.2233208432	0.2218278551	0.2203097581	0.2187674392	0.2172017938	0.2156137254	0.2140041471	0.2123739787	0.2107241432	0.2090555642	0.2073691647	0.2056658682	0.2039465993	0.2022122820	0.2004638381	0.1987021865	0.1969282438	0.1951429216	0.1933471257	0.1915417548	0.1897276981	0.1879058350	0.1860770353	0.1842421633	0.1824020834	0.1805576689	0.1787098142	0.1768594377	0.1750074497	0.1731546204	0.1713012826	0.1694468861	0.1675897464	0.1657278095	0.1638618465	0.1620020867	0.1601759236	0.1584302743	0.1568197080	0.1553778665	0.1540930802	0.1529159689	0.1517899780	0.1506759030	0.1495579723	0.1484357587	0.1473137771	0.1461956841	0.1450830637	0.1439762235	0.1428751073	0.1417797224	0.1406901988	0.1396067236	0.1385294868	0.1374586592	0.1363943940	0.1353368326	0.1342861055	0.1332423342	0.1322056317	0.1311761011	0.1301538387	0.1291389313	0.1281314580	0.1271314901	0.1261390908	0.1251543162	0.1241772162	0.1232078342	0.1222462081	0.1212923694	0.1203463441	0.1194081536	0.1184778142	0.1175553352	0.1166407237	0.1157339816	0.1148351064	0.1139440910	0.1130609266	0.1121855979	0.1113180886	0.1104583779	0.1096064426	0.1087622560	0.1079257879	0.1070970028	0.1062758649	0.1054623489	0.1046564615	0.1038582455	0.1030676628	0.1022842265	0.1015064988
0.1718717002	0.1718406363	0.1718138721	0.1717937897	0.1717811183	0.1717758289	0.1717777608	0.1717868169	0.1718029638	0.1718261935	0.1718564973	0.1718938669	0.1719382933	0.1719897675	0.1720482822	0.1721138307	0.1721864072	0.1722660080	0.1723526308	0.1724462716	0.1725469305	0.1726546078	0.1727693030	0.1728910175	0.1730197526	0.1731555122	0.1732982982	0.1734481144	0.1736049663	0.1737688551	0.1739397859	0.1741177658	0.1743027994	0.1744948923	0.1746940498	0.1749002777	0.1751135818	0.1753339677	0.1755614423	0.1757960110	0.1760376727	0.1762864106	0.1765421928	0.1768050154	0.1770750244	0.1773526478	0.1776384388	0.1779321099	0.1782305976	0.1785266360	0.1788120796	0.1790911570	0.1794022965	0.1798312318	0.1804886125	0.1814520800	0.1827181623	0.1842044150	0.1858037712	0.1874361965	0.1890626923	0.1906731707	0.1922703485	0.1938591829	0.1954427460	0.1970219843	0.1985965905	0.2001657652	0.2017286198	0.2032843123	0.2048320637	0.2063711335	0.2079007966	0.2094203275	0.2109289939	0.2124260518	0.2139107463	0.2153823123	0.2168399773	0.2182829658	0.2197104977	0.2211217870	0.2225160412	0.2238924648	0.2252502580	0.2265886172	0.2279067372	0.2292038106	0.2304790273	0.2317315769	0.2329606510	0.2341654479	0.2353451722	0.2364990337	0.2376262465	0.2387260307	0.2397976126	0.2408402256	0.2418531105	0.2428355115	0.2437866808	0.2447058848	0.2455924069	0.2464455491	0.2472646300	0.2480489832	0.2487979579	0.2495109209	0.2501872559	0.2508263618	0.2514276527	0.2519905655	0.2525145655	0.2529991474	0.2534438314	0.2538481604	0.2542117031	0.2545340536	0.2548148313	0.2550536801	0.2552502695	0.2554043009	0.2555155112	0.2555836701	0.2556085788	0.2555900705	0.2555280078	0.2554222841	0.2552728235	0.2550795807	0.2548425449	0.2545617425	0.2542372347	0.2538691166	0.2534575165	0.2530025940	0.2525045408	0.2519635808	0.2513799707	0.2507540016	0.2500859990	0.2493763212	0.2486253570	0.2478335249	0.2470012726	0.2461290755	0.2452174386	0.2442668969	0.2432780154	0.2422513882	0.2411876361	0.2400874027	0.2389513549	0.2377801820	0.2365745952	0.2353353266	0.2340631285	0.2327587747	0.2314230611	0.2300568038	0.2286608337	0.2272359951	0.2257831444	0.2243031494	0.2227968905	0.2212652580	0.2197091509	0.2181294788	0.2165271599	0.2149031219	0.2132582990	0.2115936269	0.2099100421	0.2082084804	0.2064898792	0.2047551737	0.2030052995	0.2012411901	0.1994637770	0.1976739886	0.1958727501	0.1940609835	0.1922396011	0.1904095063	0.1885715900	0.1867267322	0.1848758030	0.1830196631	0.1811591691	0.1792951798	0.1774285721	0.1755602518	0.1736911432	0.1718220987	0.1699536545	0.1680855931	0.1662164969	0.1643440156	0.1624674151	0.1605936556	0.1587459850	0.1569693596	0.1553211087	0.1538420767	0.1525286409	0.1513349468	0.1502012297	0.1490833606	0.1479625671	0.1468375068	0.1457127708	0.1445922548	0.1434776599	0.1423693058	0.1412671138	0.1401710707	0.1390812920	0.1379979531	0.1369212304	0.1358512834	0.1347882522	0.1337322653	0.1326834407	0.1316418891	0.1306077105	0.1295809980	0.1285618349	0.1275502969	0.1265464520	0.1255503589	0.1245620717	0.1235816365	0.1226090932	0.1216444761	0.1206878132	0.1197391273	0.1187984364	0.1178657512	0.1169410803	0.1160244259	0.1151157858	0.1142151542	0.1133225209	0.1124378726	0.1115611919	0.1106924576	0.1098316464	0.1089787322	0.1081336840	0.1072964682	0.1064670469	0.1056453798	0.1048314394	0.1040252305	0.1032267940	0.1024360889	0.1016526167	0.1008749048
0.1704300454	0.1704025978	0.1703794286	0.1703629275	0.1703538290	0.1703521055	0.1703575964	0.1703702073	0.1703899059	0.1704166839	0.1704505344	0.1704914523	0.1705394285	0.1705944572	0.1706565320	0.1707256499	0.1708018066	0.1708850019	0.1709752329	0.1710725017	0.1711768073	0.1712881538	0.1714065433	0.1715319799	0.1716644673	0.1718040122	0.1719506203	0.1721042978	0.1722650520	0.1724328898	0.1726078191	0.1727898475	0.1729789847	0.1731752379	0.1733786186	0.1735891349	0.1738067972	0.1740316146	0.1742635988	0.1745027539	0.1747490685	0.1750025143	0.1752630904	0.1755309489	0.1758065374	0.1760904355	0.1763823252	0.1766789186	0.1769725191	0.1772549328	0.1775322947	0.1778486663	0.1782983069	0.1789968726	0.1800150249	0.1813333716	0.1828598393	0.1844859320	0.1861354126	0.1877748678	0.1893984658	0.1910105886	0.1926162830	0.1942182074	0.1958168737	0.1974117164	0.1990018425	0.2005863612	0.2021644619	0.2037353937	0.2052984369	0.2068528754	0.2083979885	0.2099330456	0.2114573033	0.2129700077	0.2144703949	0.2159576914	0.2174311152	0.2188898805	0.2203331945	0.2217602588	0.2231702706	0.2245624216	0.2259358999	0.2272898921	0.2286235834	0.2299361577	0.2312267964	0.2324946789	0.2337389843	0.2349588968	0.2361536069	0.2373223109	0.2384642101	0.2395785117	0.2406644298	0.2417211855	0.2427480064	0.2437441272	0.2447087881	0.2456412405	0.2465407535	0.2474066148	0.2482381299	0.2490346205	0.2497954248	0.2505198973	0.2512074112	0.2518573559	0.2524691356	0.2530421735	0.2535759219	0.2540698636	0.2545235082	0.2549363907	0.2553080704	0.2556381322	0.2559261868	0.2561718712	0.2563748469	0.2565348066	0.2566514791	0.2567246275	0.2567540478	0.2567395669	0.2566810431	0.2565783657	0.2564314548	0.2562402626	0.2560047749	0.2557250148	0.2554010424	0.2550329527	0.2546208733	0.2541649643	0.2536654183	0.2531224608	0.2525363511	0.2519073829	0.2512358850	0.2505222200	0.2497667808	0.2489699910	0.2481323034	0.2472541995	0.2463361908	0.2453788202	0.2443826610	0.2433483158	0.2422764137	0.2411676071	0.2400225720	0.2388420090	0.2376266385	0.2363772017	0.2350944625	0.2337792068	0.2324322432	0.2310543998	0.2296465199	0.2282094596	0.2267440868	0.2252512824	0.2237319387	0.2221869590	0.2206172557	0.2190237514	0.2174073795	0.2157690824	0.2141098077	0.2124305042	0.2107321212	0.2090156082	0.2072819150	0.2055319910	0.2037667838	0.2019872382	0.2001942975	0.1983889019	0.1965719891	0.1947444927	0.1929073394	0.1910614447	0.1892077135	0.1873470397	0.1854803044	0.1836083773	0.1817321165	0.1798523712	0.1779699879	0.1760858242	0.1742007665	0.1723157371	0.1704316434	0.1685491770	0.1666683829	0.1647880858	0.1629058555	0.1610199339	0.1591347392	0.1572701603	0.1554689400	0.1537895007	0.1522781928	0.1509392820	0.1497304583	0.1485895096	0.1474681383	0.1463448838	0.1452175211	0.1440906632	0.1429683879	0.1418524809	0.1407432625	0.1396406315	0.1385445562	0.1374551402	0.1363725461	0.1352969391	0.1342284628	0.1331672464	0.1321134047	0.1310670443	0.1300282628	0.1289971488	0.1279737826	0.1269582364	0.1259505732	0.1249508500	0.1239591162	0.1229754150	0.1219997821	0.1210322491	0.1200728393	0.1191215724	0.1181784619	0.1172435152	0.1163167369	0.1153981259	0.1144876755	0.1135853770	0.1126912162	0.1118051757	0.1109272348	0.1100573692	0.1091955521	0.1083417526	0.1074959379	0.1066580698	0.1058281077	0.1050060080	0.1041917384	0.1033853035	0.1025867423	0.1017960115	0.1010125983	0.1002349991
0.1689780100	0.1689540979	0.1689344412	0.1689214356	0.1689158228	0.1689175745	0.1689265342	0.1689426084	0.1689657671	0.1689960007	0.1690333048	0.1690776740	0.1691291039	0.1691875885	0.1692531245	0.1693257096	0.1694053448	0.1694920284	0.1695857615	0.1696865486	0.1697943921	0.1699092961	0.1700312661	0.1701603096	0.1702964333	0.1704396450	0.1705899541	0.1707473703	0.1709119025	0.1710835629	0.1712623618	0.1714483100	0.1716414194	0.1718417020	0.1720491713	0.1722638414	0.1724857245	0.1727148369	0.1729511871	0.1731947693	0.1734455614	0.1737035628	0.1739689261	0.1742421104	0.1745237248	0.1748134535	0.1751078620	0.1753989082	0.1756783235	0.1759538280	0.1762743191	0.1767413626	0.1774748958	0.1785399522	0.1799032059	0.1814621780	0.1831088523	0.1847720614	0.1864231171	0.1880591558	0.1896856433	0.1913074394	0.1929267243	0.1945436694	0.1961575466	0.1977674256	0.1993724316	0.2009717822	0.2025647536	0.2041506400	0.2057287353	0.2072983230	0.2088586728	0.2104090420	0.2119486780	0.2134768188	0.2149926928	0.2164955197	0.2179845090	0.2194588606	0.2209177691	0.2223604241	0.2237860120	0.2251937135	0.2265827070	0.2279521699	0.2293012784	0.2306292069	0.2319351281	0.2332182109	0.2344776220	0.2357125305	0.2369221116	0.2381055488	0.2392620303	0.2403907501	0.2414909095	0.2425617174	0.2436023906	0.2446121535	0.2455902346	0.2465358702	0.2474483154	0.2483268423	0.2491707432	0.2499793292	0.2507519272	0.2514878803	0.2521865495	0.2528473142	0.2534695686	0.2540527241	0.2545962196	0.2550995251	0.2555621399	0.2559835906	0.2563634277	0.2567012265	0.2569965898	0.2572491456	0.2574585473	0.2576244790	0.2577466613	0.2578248511	0.2578588386	0.2578484450	0.2577935241	0.2576939613	0.2575496729	0.2573606076	0.2571267482	0.2568481148	0.2565247661	0.2561567966	0.2557443335	0.2552875371	0.2547866010	0.2542417525	0.2536532528	0.2530213988	0.2523465223	0.2516289892	0.2508691974	0.2500675748	0.2492245794	0.2483406997	0.2474164548	0.2464523942	0.2454490999	0.2444071829	0.2433272801	0.2422100527	0.2410561870	0.2398663926	0.2386413997	0.2373819607	0.2360888504	0.2347628673	0.2334048320	0.2320155841	0.2305959792	0.2291468853	0.2276691821	0.2261637635	0.2246315340	0.2230734093	0.2214903156	0.2198831889	0.2182529769	0.2166006372	0.2149271301	0.2132334168	0.2115204593	0.2097892210	0.2080406647	0.2062757534	0.2044954481	0.2027007067	0.2008924844	0.1990717337	0.1972394046	0.1953964408	0.1935437790	0.1916823464	0.1898130611	0.1879368299	0.1860545486	0.1841670990	0.1822753492	0.1803801547	0.1784823574	0.1765827931	0.1746823027	0.1727817530	0.1708820544	0.1689841364	0.1670887874	0.1651962525	0.1633056212	0.1614145389	0.1595205678	0.1576262933	0.1557488659	0.1539284594	0.1522233669	0.1506847453	0.1493241106	0.1481023038	0.1469551183	0.1458307549	0.1447054855	0.1435763577	0.1424480070	0.1413246441	0.1402080986	0.1390986745	0.1379962475	0.1369007730	0.1358123433	0.1347311090	0.1336572204	0.1325908094	0.1315319910	0.1304808673	0.1294375324	0.1284020710	0.1273745592	0.1263550652	0.1253436490	0.1243403635	0.1233452544	0.1223583611	0.1213797162	0.1204093466	0.1194472723	0.1184935086	0.1175480641	0.1166109447	0.1156821485	0.1147616708	0.1138495030	0.1129456308	0.1120500369	0.1111627001	0.1102835958	0.1094126960	0.1085499701	0.1076953840	0.1068489010	0.1060104802	0.1051800758	0.1043576419	0.1035431434	0.1027365813	0.1019379950	0.1011473372	0.1003640830	0.0995866943
0.1675156066	0.1674951478	0.1674789217	0.1674693277	0.1674671120	0.1674722511	0.1674845874	0.1675040320	0.1675305540	0.1675641475	0.1676048088	0.1676525338	0.1677073191	0.1677691599	0.1678380560	0.1679140064	0.1679970133	0.1680870787	0.1681842062	0.1682884012	0.1683996696	0.1685180179	0.1686434539	0.1687759867	0.1689156269	0.1690623843	0.1692162716	0.1693773010	0.1695454854	0.1697208390	0.1699033757	0.1700931111	0.1702900582	0.1704942348	0.1707056556	0.1709243397	0.1711503049	0.1713835662	0.1716241225	0.1718719554	0.1721270668	0.1723896051	0.1726600307	0.1729389822	0.1732261851	0.1735181487	0.1738065704	0.1740830161	0.1743562990	0.1746791643	0.1751592707	0.1759202690	0.1770229165	0.1784229665	0.1800092195	0.1816728949	0.1833475534	0.1850090037	0.1866566926	0.1882966936	0.1899336060	0.1915691459	0.1932031834	0.1948348746	0.1964632839	0.1980875699	0.1997069822	0.2013208166	0.2029283809	0.2045289754	0.2061218861	0.2077063863	0.2092817351	0.2108471817	0.2124019648	0.2139453162	0.2154764570	0.2169945974	0.2184989370	0.2199886638	0.2214629594	0.2229210025	0.2243619691	0.2257850316	0.2271893593	0.2285741205	0.2299384814	0.2312816056	0.2326026558	0.2339007902	0.2351751640	0.2364249321	0.2376492547	0.2388472999	0.2400182431	0.2411612663	0.2422755595	0.2433603188	0.2444147489	0.2454380623	0.2464294768	0.2473882171	0.2483135232	0.2492046530	0.2500608843	0.2508815157	0.2516658621	0.2524132555	0.2531230461	0.2537946024	0.2544273098	0.2550205694	0.2555738056	0.2560864749	0.2565580654	0.2569880930	0.2573760996	0.2577216529	0.2580243474	0.2582838021	0.2584996627	0.2586716046	0.2587993399	0.2588826190	0.2589212257	0.2589149769	0.2588637214	0.2587673397	0.2586257450	0.2584388823	0.2582067312	0.2579293093	0.2576066734	0.2572389166	0.2568261664	0.2563685839	0.2558663634	0.2553197337	0.2547289580	0.2540943356	0.2534162019	0.2526949262	0.2519309105	0.2511245875	0.2502764211	0.2493869068	0.2484565698	0.2474859670	0.2464756875	0.2454263507	0.2443386027	0.2432131153	0.2420505840	0.2408517267	0.2396172838	0.2383480187	0.2370447172	0.2357081899	0.2343392703	0.2329388104	0.2315076775	0.2300467506	0.2285569217	0.2270390966	0.2254941925	0.2239231382	0.2223268732	0.2207063480	0.2190625248	0.2173963742	0.2157088693	0.2140009842	0.2122736934	0.2105279733	0.2087648002	0.2069851505	0.2051899979	0.2033803144	0.2015570687	0.1997212270	0.1978737513	0.1960155963	0.1941477068	0.1922710199	0.1903864645	0.1884949593	0.1865974129	0.1846947206	0.1827877638	0.1808774087	0.1789645066	0.1770498942	0.1751343990	0.1732188470	0.1713040818	0.1693909917	0.1674805055	0.1655734756	0.1636703168	0.1617703754	0.1598714288	0.1579706410	0.1560692659	0.1541820315	0.1523464649	0.1506207037	0.1490602893	0.1476825038	0.1464505296	0.1452984860	0.1441717792	0.1430449611	0.1419146015	0.1407853909	0.1396616210	0.1385451185	0.1374361543	0.1363345819	0.1352403468	0.1341535310	0.1330742738	0.1320027113	0.1309389612	0.1298831242	0.1288352905	0.1277955402	0.1267639456	0.1257405704	0.1247254712	0.1237186966	0.1227202893	0.1217302840	0.1207487094	0.1197755873	0.1188109350	0.1178547629	0.1169070762	0.1159678754	0.1150371555	0.1141149077	0.1132011190	0.1122957708	0.1113988427	0.1105103093	0.1096301420	0.1087583091	0.1078947761	0.1070395058	0.1061924569	0.1053535853	0.1045228415	0.1037001756	0.1028855507	0.1020789647	0.1012804560	0.1004899740	0.0997069811	0.0989299049
0.1660428506	0.1660257634	0.1660128828	0.1660066173	0.1660077131	0.1660161488	0.1660317702	0.1660544898	0.1660842789	0.1661211348	0.1661650546	0.1662160371	0.1662740773	0.1663391738	0.1664113260	0.1664905378	0.1665768099	0.1666701488	0.1667705606	0.1668780515	0.1669926306	0.1671143067	0.1672430909	0.1673789935	0.1675220282	0.1676722078	0.1678295483	0.1679940633	0.1681657704	0.1683446853	0.1685308267	0.1687242123	0.1689248601	0.1691327911	0.1693480240	0.1695705811	0.1698004810	0.1700377295	0.1702823124	0.1705342324	0.1707936298	0.1710609585	0.1713368822	0.1716212057	0.1719104831	0.1721962422	0.1724697467	0.1727402703	0.1730632742	0.1735514120	0.1743319247	0.1754628253	0.1768915118	0.1784997787	0.1801778718	0.1818627337	0.1835337853	0.1851923589	0.1868449407	0.1884958601	0.1901464466	0.1917963303	0.1934445872	0.1950902868	0.1967326216	0.1983708740	0.2000043610	0.2016323998	0.2032542957	0.2048693394	0.2064768061	0.2080759586	0.2096660493	0.2112463213	0.2128160063	0.2143743272	0.2159204959	0.2174537120	0.2189731652	0.2204780352	0.2219674929	0.2234407074	0.2248968436	0.2263350662	0.2277545361	0.2291544106	0.2305338445	0.2318919910	0.2332280005	0.2345410211	0.2358301973	0.2370946708	0.2383335867	0.2395460992	0.2407313704	0.2418885706	0.2430168761	0.2441154707	0.2451835467	0.2462203061	0.2472249576	0.2481967139	0.2491347990	0.2500384565	0.2509069506	0.2517395652	0.2525356048	0.2532943916	0.2540152640	0.2546975786	0.2553407104	0.2559440500	0.2565070094	0.2570290311	0.2575095911	0.2579481950	0.2583443763	0.2586976951	0.2590077375	0.2592741145	0.2594964639	0.2596744520	0.2598077817	0.2598961954	0.2599394715	0.2599374220	0.2598898911	0.2597967553	0.2596579239	0.2594733382	0.2592429749	0.2589668491	0.2586450154	0.2582775658	0.2578646280	0.2574063629	0.2569029662	0.2563546681	0.2557617331	0.2551244630	0.2544431964	0.2537183064	0.2529501989	0.2521393127	0.2512861182	0.2503911160	0.2494548384	0.2484778495	0.2474607452	0.2464041533	0.2453087288	0.2441751530	0.2430041304	0.2417963878	0.2405526761	0.2392737702	0.2379604682	0.2366135921	0.2352339877	0.2338225196	0.2323800657	0.2309075170	0.2294057783	0.2278757676	0.2263184145	0.2247346599	0.2231254569	0.2214917707	0.2198345786	0.2181548641	0.2164536120	0.2147318087	0.2129904418	0.2112305005	0.2094529745	0.2076588529	0.2058491221	0.2040247684	0.2021867738	0.2003361194	0.1984737802	0.1966007216	0.1947178986	0.1928262575	0.1909267358	0.1890202624	0.1871077561	0.1851901246	0.1832682623	0.1813430477	0.1794153450	0.1774860027	0.1755558527	0.1736257120	0.1716963905	0.1697687083	0.1678435279	0.1659217710	0.1640043312	0.1620917581	0.1601836156	0.1582778300	0.1563713325	0.1544643297	0.1525694884	0.1507222265	0.1489808781	0.1474044187	0.1460143600	0.1447753834	0.1436201022	0.1424917987	0.1413639196	0.1402328675	0.1391034383	0.1379799516	0.1368641815	0.1357563480	0.1346562856	0.1335639317	0.1324793613	0.1314027008	0.1303340718	0.1292735772	0.1282213044	0.1271773295	0.1261417202	0.1251145357	0.1240958292	0.1230856452	0.1220840215	0.1210909887	0.1201065718	0.1191307876	0.1181636494	0.1172051624	0.1162553287	0.1153141440	0.1143815991	0.1134576817	0.1125423730	0.1116356515	0.1107374927	0.1098478666	0.1089667407	0.1080940804	0.1072298465	0.1063739971	0.1055264884	0.1046872719	0.1038562952	0.1030335039	0.1022188583	0.1014123554	0.1006140300	0.0998238298	0.0990412036	0.0982645460
0.1645597595	0.1645459606	0.1645363423	0.1645333191	0.1645376389	0.1645492823	0.1645680971	0.1645939982	0.1646269585	0.1646669781	0.1647140567	0.1647681923	0.1648293857	0.1648976339	0.1649729393	0.1650553044	0.1651447353	0.1652412374	0.1653448213	0.1654554943	0.1655732688	0.1656981544	0.1658301665	0.1659693175	0.1661156230	0.1662690996	0.1664297644	0.1665976357	0.1667727326	0.1669550755	0.1671446845	0.1673415817	0.1675457901	0.1677573320	0.1679762331	0.1682025150	0.1684361887	0.1686772440	0.1689256849	0.1691816394	0.1694455464	0.1697180912	0.1699991893	0.1702855450	0.1705686249	0.1708392414	0.1711063995	0.1714269983	0.1719176263	0.1727093747	0.1738594013	0.1753091369	0.1769346091	0.1786247059	0.1803186314	0.1819985911	0.1836673114	0.1853315132	0.1869952902	0.1886596790	0.1903241315	0.1919876780	0.1936494040	0.1953085338	0.1969643774	0.1986162700	0.2002635417	0.2019055035	0.2035414490	0.2051706586	0.2067923987	0.2084059255	0.2100104862	0.2116053162	0.2131896399	0.2147626690	0.2163236045	0.2178716384	0.2194059513	0.2209257160	0.2224300967	0.2239182516	0.2253893367	0.2268425066	0.2282769122	0.2296916993	0.2310860104	0.2324589877	0.2338097699	0.2351374933	0.2364412928	0.2377202998	0.2389736467	0.2402004718	0.2413999234	0.2425711576	0.2437133388	0.2448256397	0.2459072409	0.2469573320	0.2479751103	0.2489597783	0.2499105471	0.2508266461	0.2517073258	0.2525518559	0.2533595273	0.2541296499	0.2548615508	0.2555545764	0.2562080910	0.2568214754	0.2573941309	0.2579254869	0.2584150056	0.2588621814	0.2592665380	0.2596276266	0.2599450255	0.2602183395	0.2604471985	0.2606312604	0.2607702186	0.2608638076	0.2609117996	0.2609140011	0.2608702521	0.2607804252	0.2606444256	0.2604621914	0.2602336958	0.2599589512	0.2596380101	0.2592709637	0.2588579389	0.2583990976	0.2578946361	0.2573447851	0.2567498117	0.2561100195	0.2554257501	0.2546973811	0.2539253229	0.2531100196	0.2522519467	0.2513516108	0.2504095502	0.2494263354	0.2484025717	0.2473388957	0.2462359719	0.2450944900	0.2439151629	0.2426987264	0.2414459413	0.2401575932	0.2388344924	0.2374774734	0.2360873947	0.2346651339	0.2332115793	0.2317276331	0.2302142128	0.2286722489	0.2271026834	0.2255064709	0.2238845781	0.2222379841	0.2205676805	0.2188746632	0.2171599295	0.2154244778	0.2136693083	0.2118954230	0.2101038248	0.2082955150	0.2064714935	0.2046327599	0.2027803108	0.2009151406	0.1990382369	0.1971505765	0.1952531263	0.1933468432	0.1914326741	0.1895115559	0.1875844169	0.1856521735	0.1837157313	0.1817759816	0.1798338012	0.1778900523	0.1759455777	0.1740012019	0.1720577305	0.1701159568	0.1681766797	0.1662407394	0.1643090411	0.1623825024	0.1604617706	0.1585465788	0.1566349904	0.1547237941	0.1528123980	0.1509118877	0.1490562449	0.1473041639	0.1457172586	0.1443198962	0.1430772919	0.1419205388	0.1407914347	0.1396629932	0.1385317982	0.1374028062	0.1362803043	0.1351659618	0.1340599351	0.1329620407	0.1318722127	0.1307905195	0.1297170747	0.1286519850	0.1275953387	0.1265472087	0.1255076588	0.1244767435	0.1234545112	0.1224410025	0.1214362501	0.1204402800	0.1194531132	0.1184747620	0.1175052347	0.1165445325	0.1155926525	0.1146495860	0.1137153200	0.1127898371	0.1118731143	0.1109651273	0.1100658449	0.1091752345	0.1082932600	0.1074198817	0.1065550558	0.1056987380	0.1048508792	0.1040114276	0.1031803276	0.1023575217	0.1015429659	0.1007366556	0.0999386236	0.0991488142	0.0983666635	0.0975905325
0.1630663545	0.1630557586	0.1630493188	0.1630494509	0.1630569075	0.1630716697	0.1630935874	0.1631225753	0.1631586114	0.1632016950	0.1632518303	0.1633090165	0.1633732574	0.1634445513	0.1635229017	0.1636083125	0.1637007916	0.1638003475	0.1639069898	0.1640207300	0.1641415812	0.1642695579	0.1644046750	0.1645469499	0.1646964007	0.1648530459	0.1650169052	0.1651880000	0.1653663524	0.1655519858	0.1657449242	0.1659451924	0.1661528164	0.1663678252	0.1665902443	0.1668200883	0.1670573556	0.1673020452	0.1675542723	0.1678144488	0.1680832730	0.1683607967	0.1686439849	0.1689243781	0.1691922122	0.1694554476	0.1697710082	0.1702582931	0.1710527311	0.1722128423	0.1736764707	0.1753148214	0.1770148298	0.1787167810	0.1804048094	0.1820827845	0.1837575716	0.1854330236	0.1871099504	0.1887876842	0.1904652294	0.1921416974	0.1938163451	0.1954885060	0.1971575308	0.1988227598	0.2004835130	0.2021390912	0.2037887796	0.2054318499	0.2070675640	0.2086951723	0.2103139137	0.2119230162	0.2135216937	0.2151091478	0.2166845707	0.2182471465	0.2197960502	0.2213304480	0.2228494977	0.2243523496	0.2258381490	0.2273060374	0.2287551542	0.2301846347	0.2315936097	0.2329812078	0.2343465566	0.2356887827	0.2370070122	0.2383003664	0.2395679651	0.2408089311	0.2420223987	0.2432075116	0.2443634211	0.2454892864	0.2465842762	0.2476475685	0.2486783506	0.2496758171	0.2506391671	0.2515676127	0.2524603882	0.2533167500	0.2541359753	0.2549173621	0.2556602287	0.2563639105	0.2570277603	0.2576511481	0.2582334633	0.2587741225	0.2592725758	0.2597283066	0.2601408284	0.2605096832	0.2608344415	0.2611147022	0.2613500880	0.2615402481	0.2616848673	0.2617836713	0.2618364254	0.2618429301	0.2618030207	0.2617165654	0.2615834661	0.2614036578	0.2611771097	0.2609038312	0.2605838734	0.2602173264	0.2598043164	0.2593450057	0.2588395911	0.2582883039	0.2576914136	0.2570492268	0.2563620882	0.2556303793	0.2548545156	0.2540349460	0.2531721511	0.2522666437	0.2513189667	0.2503296979	0.2492994516	0.2482288733	0.2471186363	0.2459694376	0.2447819990	0.2435570676	0.2422954147	0.2409978366	0.2396651540	0.2382982138	0.2368978866	0.2354650608	0.2340006368	0.2325055299	0.2309806701	0.2294269995	0.2278454726	0.2262370577	0.2246027352	0.2229435002	0.2212603578	0.2195543147	0.2178263800	0.2160775648	0.2143088822	0.2125213471	0.2107159742	0.2088937775	0.2070557707	0.2052029661	0.2033363757	0.2014570062	0.1995658560	0.1976639140	0.1957521592	0.1938315594	0.1919030737	0.1899676489	0.1880262202	0.1860797129	0.1841290398	0.1821751037	0.1802187935	0.1782609834	0.1763025284	0.1743442639	0.1723870039	0.1704315422	0.1684786592	0.1665291352	0.1645837857	0.1626434956	0.1607091915	0.1587815865	0.1568605398	0.1549442373	0.1530293872	0.1511147937	0.1492104258	0.1473494558	0.1455912019	0.1439993029	0.1425996516	0.1413568892	0.1402004632	0.1390713447	0.1379428366	0.1368120665	0.1356841902	0.1345633858	0.1334511699	0.1323476258	0.1312525573	0.1301658991	0.1290877138	0.1280181020	0.1269571548	0.1259049456	0.1248615348	0.1238269727	0.1228013018	0.1217845588	0.1207767708	0.1197779603	0.1187881413	0.1178073240	0.1168355096	0.1158726964	0.1149188765	0.1139740354	0.1130381570	0.1121112183	0.1111931930	0.1102840514	0.1093837585	0.1084922774	0.1076095672	0.1067355836	0.1058702798	0.1050136069	0.1041655125	0.1033259408	0.1024948316	0.1016721248	0.1008577730	0.1000517680	0.0992541431	0.0984648374	0.0976832743	0.0969077806
0.1615626591	0.1615551820	0.1615518335	0.1615550346	0.1615655400	0.1615833310	0.1616082588	0.1616402408	0.1616792560	0.1617253052	0.1617783951	0.1618385294	0.1619057099	0.1619799412	0.1620612268	0.1621495735	0.1622449898	0.1623474847	0.1624570703	0.1625737597	0.1626975695	0.1628285148	0.1629666140	0.1631118878	0.1632643553	0.1634240379	0.1635909593	0.1637651423	0.1639466132	0.1641353974	0.1643315229	0.1645350181	0.1647459139	0.1649642392	0.1651900150	0.1654232431	0.1656639254	0.1659121598	0.1661683222	0.1664331079	0.1667067106	0.1669864470	0.1672641245	0.1675293534	0.1677882782	0.1680963037	0.1685743527	0.1693627410	0.1705238480	0.1719944180	0.1736416110	0.1753496426	0.1770586827	0.1787539577	0.1804401768	0.1821243917	0.1838102772	0.1854984539	0.1871881656	0.1888784084	0.1905683190	0.1922571857	0.1939443650	0.1956292216	0.1973111057	0.1989893463	0.2006632514	0.2023321164	0.2039952203	0.2056518302	0.2073012028	0.2089425815	0.2105751954	0.2121982625	0.2138109878	0.2154125650	0.2170021793	0.2185790069	0.2201422182	0.2216909739	0.2232244253	0.2247417148	0.2262419750	0.2277243351	0.2291879211	0.2306318561	0.2320552604	0.2334572515	0.2348369463	0.2361934612	0.2375259106	0.2388334069	0.2401150608	0.2413699823	0.2425972889	0.2437961092	0.2449655815	0.2461048539	0.2472130850	0.2482894405	0.2493330954	0.2503432340	0.2513190439	0.2522597233	0.2531644905	0.2540325892	0.2548632829	0.2556558561	0.2564096146	0.2571238829	0.2577980038	0.2584313379	0.2590232637	0.2595731862	0.2600805438	0.2605448087	0.2609654834	0.2613421002	0.2616742210	0.2619614359	0.2622033604	0.2623996374	0.2625499437	0.2626539956	0.2627115514	0.2627224056	0.2626863883	0.2626033644	0.2624732314	0.2622959207	0.2620713983	0.2617996709	0.2614807876	0.2611148372	0.2607019455	0.2602422745	0.2597360218	0.2591834204	0.2585847412	0.2579402938	0.2572504262	0.2565155233	0.2557360057	0.2549123266	0.2540449711	0.2531344563	0.2521813328	0.2511861871	0.2501496418	0.2490723523	0.2479549987	0.2467982852	0.2456029428	0.2443697281	0.2430994234	0.2417928352	0.2404507955	0.2390741655	0.2376638289	0.2362206831	0.2347456394	0.2332396247	0.2317035811	0.2301384632	0.2285452401	0.2269248933	0.2252784176	0.2236068226	0.2219111262	0.2201923478	0.2184515085	0.2166896312	0.2149077412	0.2131068657	0.2112880323	0.2094522676	0.2076005988	0.2057340516	0.2038536517	0.2019604180	0.2000553596	0.1981394766	0.1962137585	0.1942791869	0.1923367308	0.1903873494	0.1884319876	0.1864715790	0.1845070438	0.1825392928	0.1805692250	0.1785977243	0.1766256565	0.1746538673	0.1726831824	0.1707144068	0.1687483241	0.1667857003	0.1648272975	0.1628739064	0.1609263909	0.1589856760	0.1570525166	0.1551268685	0.1532070180	0.1512895977	0.1493729620	0.1474664239	0.1456029846	0.1438429336	0.1422514174	0.1408544970	0.1396150193	0.1384606382	0.1373322248	0.1362041394	0.1350743940	0.1339483341	0.1328299418	0.1317205463	0.1306201576	0.1295285704	0.1284457240	0.1273716751	0.1263065096	0.1252503047	0.1242031191	0.1231649998	0.1221359843	0.1211161032	0.1201053790	0.1191038292	0.1181114631	0.1171282851	0.1161542924	0.1151894777	0.1142338283	0.1132873264	0.1123499492	0.1114216701	0.1105024579	0.1095922780	0.1086910918	0.1077988572	0.1069155290	0.1060410582	0.1051753949	0.1043184852	0.1034702731	0.1026306995	0.1017996998	0.1009772099	0.1001631794	0.0993575970	0.0985604948	0.0977718089	0.0969909491	0.0962162079
0.1600487004	0.1600442564	0.1600439137	0.1600500960	0.1600635595	0.1600842881	0.1601121329	0.1601470149	0.1601889120	0.1602378278	0.1602937720	0.1603567499	0.1604267646	0.1605038236	0.1605879341	0.1606791037	0.1607773416	0.1608826599	0.1609950713	0.1611145919	0.1612412384	0.1613750299	0.1615159872	0.1616641313	0.1618194849	0.1619820732	0.1621519207	0.1623290557	0.1625135046	0.1627052981	0.1629044657	0.1631110419	0.1633250588	0.1635465402	0.1637754953	0.1640119284	0.1642559186	0.1645078060	0.1647682682	0.1650376393	0.1653136435	0.1655885185	0.1658513688	0.1661058604	0.1664042157	0.1668673151	0.1676407972	0.1687936277	0.1702641714	0.1719162875	0.1736305581	0.1753457819	0.1770474747	0.1787409097	0.1804333439	0.1821283693	0.1838264766	0.1855268453	0.1872284675	0.1889305046	0.1906322731	0.1923331495	0.1940325136	0.1957297249	0.1974241217	0.1991150209	0.2008017268	0.2024835294	0.2041597054	0.2058295181	0.2074922156	0.2091470318	0.2107931877	0.2124298912	0.2140563395	0.2156717216	0.2172752160	0.2188659931	0.2204432164	0.2220060403	0.2235536095	0.2250850562	0.2265995041	0.2280960678	0.2295738598	0.2310319922	0.2324695748	0.2338857154	0.2352795187	0.2366500895	0.2379965330	0.2393179537	0.2406134516	0.2418821240	0.2431230737	0.2443354148	0.2455182746	0.2466707888	0.2477921012	0.2488813650	0.2499377434	0.2509604108	0.2519485471	0.2529013381	0.2538179841	0.2546977109	0.2555397699	0.2563434324	0.2571079921	0.2578327650	0.2585170863	0.2591603067	0.2597617935	0.2603209373	0.2608371630	0.2613099313	0.2617387355	0.2621230986	0.2624625729	0.2627567397	0.2630052087	0.2632076158	0.2633636288	0.2634729565	0.2635353492	0.2635505954	0.2635185206	0.2634389851	0.2633118823	0.2631371399	0.2629147216	0.2626446306	0.2623269129	0.2619616562	0.2615489869	0.2610890667	0.2605820933	0.2600283022	0.2594279655	0.2587813953	0.2580889432	0.2573509982	0.2565679847	0.2557403599	0.2548686133	0.2539532672	0.2529948796	0.2519940458	0.2509513967	0.2498675941	0.2487433259	0.2475793055	0.2463762740	0.2451349985	0.2438562708	0.2425409066	0.2411897503	0.2398036758	0.2383835785	0.2369303666	0.2354449641	0.2339283096	0.2323813556	0.2308050692	0.2292004312	0.2275684374	0.2259100996	0.2242264420	0.2225184938	0.2207872861	0.2190338527	0.2172592290	0.2154644533	0.2136505640	0.2118186008	0.2099696041	0.2081046139	0.2062246708	0.2043308118	0.2024240673	0.2005054577	0.1985759932	0.1966366748	0.1946884952	0.1927324353	0.1907694649	0.1888005412	0.1868266073	0.1848485934	0.1828674177	0.1808839858	0.1788991886	0.1769138996	0.1749289751	0.1729452514	0.1709635452	0.1689846511	0.1670093411	0.1650383669	0.1630724723	0.1611124248	0.1591590670	0.1572133168	0.1552759571	0.1533470103	0.1514248160	0.1495059150	0.1475883702	0.1456812826	0.1438181360	0.1420605993	0.1404748343	0.1390856275	0.1378527317	0.1367019273	0.1355748327	0.1344476569	0.1333195596	0.1321960142	0.1310807414	0.1299748557	0.1288782906	0.1277908381	0.1267124432	0.1256431548	0.1245830470	0.1235321805	0.1224906006	0.1214583399	0.1204354229	0.1194218683	0.1184176867	0.1174228831	0.1164374561	0.1154613991	0.1144946986	0.1135373366	0.1125892918	0.1116505351	0.1107210352	0.1098007570	0.1088896605	0.1079877026	0.1070948364	0.1062110122	0.1053361772	0.1044702769	0.1036132533	0.1027650465	0.1019255928	0.1010948248	0.1002726735	0.0994590856	0.0986540474	0.0978575879	0.0970696405	0.0962896024	0.0955157322
0.1585245086	0.1585230109	0.1585255878	0.1585346623	0.1585509933	0.1585745666	0.1586052364	0.1586429201	0.1586876025	0.1587392874	0.1587979849	0.1588637016	0.1589364448	0.1590162228	0.1591030449	0.1591969220	0.1592978658	0.1594058898	0.1595210082	0.1596432391	0.1597725993	0.1599091127	0.1600527994	0.1602036836	0.1603617913	0.1605271509	0.1606997879	0.1608797345	0.1610670201	0.1612616785	0.1614637431	0.1616732503	0.1618902282	0.1621146913	0.1623466450	0.1625861558	0.1628335203	0.1630893902	0.1633542383	0.1636262634	0.1638982938	0.1641590578	0.1644093158	0.1646964215	0.1651392675	0.1658889474	0.1670239069	0.1684872102	0.1701402749	0.1718590305	0.1735795469	0.1752868103	0.1769864059	0.1786858311	0.1803886873	0.1820953898	0.1838050785	0.1855167465	0.1872295775	0.1889429104	0.1906561425	0.1923686666	0.1940798530	0.1957890505	0.1974955856	0.1991987719	0.2008979095	0.2025922854	0.2042811743	0.2059638320	0.2076394984	0.2093073987	0.2109667446	0.2126167376	0.2142565695	0.2158854231	0.2175024723	0.2191068817	0.2206978065	0.2222743920	0.2238357752	0.2253810798	0.2269094190	0.2284198960	0.2299116125	0.2313836686	0.2328351619	0.2342651891	0.2356728456	0.2370572262	0.2384174243	0.2397525332	0.2410616436	0.2423438461	0.2435982311	0.2448238971	0.2460199545	0.2471855246	0.2483197395	0.2494217422	0.2504906852	0.2515257293	0.2525260435	0.2534908019	0.2544191911	0.2553104207	0.2561637294	0.2569783784	0.2577536486	0.2584888427	0.2591832850	0.2598363179	0.2604472998	0.2610156086	0.2615406538	0.2620218853	0.2624587871	0.2628508731	0.2631976868	0.2634988007	0.2637538167	0.2639623628	0.2641240987	0.2642387242	0.2643059825	0.2643256577	0.2642975699	0.2642215745	0.2640975621	0.2639254566	0.2637052184	0.2634368476	0.2631203877	0.2627559249	0.2623435849	0.2618835302	0.2613759588	0.2608211073	0.2602192498	0.2595707003	0.2588758134	0.2581349815	0.2573486324	0.2565172276	0.2556412624	0.2547212665	0.2537578049	0.2527514806	0.2517029323	0.2506128278	0.2494818622	0.2483107585	0.2471002669	0.2458511634	0.2445642489	0.2432403514	0.2418803299	0.2404850706	0.2390554777	0.2375924700	0.2360969825	0.2345699664	0.2330123867	0.2314252233	0.2298094703	0.2281661354	0.2264962450	0.2248008379	0.2230809555	0.2213376419	0.2195719420	0.2177849036	0.2159775782	0.2141510168	0.2123062725	0.2104443971	0.2085664446	0.2066734692	0.2047665202	0.2028466373	0.2009148514	0.1989721838	0.1970196472	0.1950582444	0.1930889678	0.1911127977	0.1891307021	0.1871436360	0.1851525414	0.1831583450	0.1811619593	0.1791642792	0.1771661844	0.1751685383	0.1731721868	0.1711779568	0.1691866548	0.1671990635	0.1652159425	0.1632380286	0.1612660474	0.1593007457	0.1573429452	0.1553935551	0.1534533708	0.1515224484	0.1495991299	0.1476798495	0.1457625254	0.1438564878	0.1419963897	0.1402457301	0.1386711443	0.1372945570	0.1360712797	0.1349252939	0.1337999753	0.1326741674	0.1315483349	0.1304280116	0.1293165716	0.1282148841	0.1271228097	0.1260401428	0.1249668352	0.1239029293	0.1228484846	0.1218035465	0.1207681463	0.1197423027	0.1187260289	0.1177193299	0.1167222050	0.1157346473	0.1147566451	0.1137881800	0.1128292287	0.1118797637	0.1109397521	0.1100091575	0.1090879392	0.1081760524	0.1072734495	0.1063800786	0.1054958854	0.1046208132	0.1037548032	0.1028977925	0.1020497180	0.1012105113	0.1003801007	0.0995584142	0.0987453941	0.0979410240	0.0971453313	0.0963582458	0.0955791506	0.0948062725
0.1569901152	0.1569914775	0.1569968852	0.1570087640	0.1570278721	0.1570541973	0.1570875966	0.1571279874	0.1571753564	0.1572297103	0.1572910591	0.1573594111	0.1574347756	0.1575171639	0.1576065860	0.1577030556	0.1578065873	0.1579171957	0.1580349004	0.1581597173	0.1582916679	0.1584307743	0.1585770618	0.1587305549	0.1588912842	0.1590592771	0.1592345648	0.1594171808	0.1596071590	0.1598045351	0.1600093483	0.1602216285	0.1604413968	0.1606686601	0.1609034711	0.1611460801	0.1613970971	0.1616571131	0.1619248517	0.1621939558	0.1624530727	0.1626998283	0.1629749424	0.1633928975	0.1641099140	0.1652169368	0.1666653023	0.1683151081	0.1700365511	0.1717614772	0.1734734601	0.1751781440	0.1768833133	0.1785926761	0.1803066335	0.1820242976	0.1837446657	0.1854669422	0.1871904870	0.1889147140	0.1906390304	0.1923628191	0.1940854379	0.1958062254	0.1975245054	0.1992395899	0.2009507749	0.2026573449	0.2043585665	0.2060536892	0.2077419464	0.2094225556	0.2110947227	0.2127576425	0.2144105026	0.2160524805	0.2176827443	0.2193004510	0.2209047475	0.2224947697	0.2240696428	0.2256284840	0.2271703975	0.2286944801	0.2301998214	0.2316855074	0.2331506254	0.2345942619	0.2360155013	0.2374134257	0.2387871184	0.2401356634	0.2414581451	0.2427536449	0.2440212397	0.2452600123	0.2464690575	0.2476474854	0.2487944151	0.2499089741	0.2509903019	0.2520375474	0.2530498707	0.2540264393	0.2549664287	0.2558690328	0.2567334716	0.2575589922	0.2583448639	0.2590903780	0.2597948473	0.2604576069	0.2610780081	0.2616554176	0.2621892303	0.2626788801	0.2631238385	0.2635236117	0.2638777360	0.2641857765	0.2644473275	0.2646620100	0.2648294753	0.2649494141	0.2650215626	0.2650456999	0.2650216411	0.2649492367	0.2648283738	0.2646589734	0.2644409917	0.2641744254	0.2638593162	0.2634957486	0.2630838474	0.2626237749	0.2621157308	0.2615599523	0.2609567149	0.2603063348	0.2596091692	0.2588656135	0.2580760992	0.2572410927	0.2563610953	0.2554366423	0.2544683057	0.2534566950	0.2524024557	0.2513062643	0.2501688252	0.2489908712	0.2477731611	0.2465164783	0.2452216321	0.2438894626	0.2425208415	0.2411166662	0.2396778522	0.2382053314	0.2367000497	0.2351629683	0.2335950638	0.2319973285	0.2303707706	0.2287164137	0.2270352989	0.2253284756	0.2235969959	0.2218419158	0.2200642935	0.2182651905	0.2164456695	0.2146067955	0.2127496333	0.2108752493	0.2089847121	0.2070790869	0.2051594340	0.2032268035	0.2012822356	0.1993267628	0.1973614093	0.1953871884	0.1934051023	0.1914161423	0.1894212871	0.1874215021	0.1854177421	0.1834109442	0.1814020287	0.1793918955	0.1773814291	0.1753714971	0.1733629531	0.1713566326	0.1693533508	0.1673539020	0.1653590567	0.1633695608	0.1613861367	0.1594094914	0.1574403532	0.1554795230	0.1535278977	0.1515862742	0.1496547114	0.1477315006	0.1458129506	0.1438969785	0.1419936071	0.1401393990	0.1384001477	0.1368422891	0.1354830733	0.1342719927	0.1331315988	0.1320083295	0.1308843597	0.1297614840	0.1286451361	0.1275382528	0.1264414490	0.1253545264	0.1242772910	0.1232097006	0.1221517914	0.1211036080	0.1200651806	0.1190365261	0.1180176509	0.1170085547	0.1160092312	0.1150196673	0.1140398455	0.1130697428	0.1121093302	0.1111585748	0.1102174386	0.1092858799	0.1083638527	0.1074513071	0.1065481905	0.1056544470	0.1047700172	0.1038948399	0.1030288517	0.1021719863	0.1013241748	0.1004853464	0.0996554236	0.0988343316	0.0980220075	0.0972184334	0.0964236351	0.0956375375	0.0948595116	0.0940877495
0.1554455553	0.1554496902	0.1554578409	0.1554724349	0.1554942302	0.1555232139	0.1555592461	0.1556022486	0.1556522053	0.1557091256	0.1557730218	0.1558439051	0.1559217852	0.1560066736	0.1560985842	0.1561975314	0.1563035326	0.1564166057	0.1565367715	0.1566640496	0.1567984622	0.1569400336	0.1570887909	0.1572447601	0.1574079744	0.1575784627	0.1577562604	0.1579414026	0.1581339268	0.1583338721	0.1585412764	0.1587561614	0.1589785397	0.1592084518	0.1594461012	0.1596920325	0.1599469101	0.1602099616	0.1604758092	0.1607334338	0.1609776354	0.1612414097	0.1616312435	0.1623070936	0.1633755434	0.1648005313	0.1664424371	0.1681646432	0.1698930980	0.1716089635	0.1733176621	0.1750273187	0.1767418553	0.1784617172	0.1801860067	0.1819137229	0.1836440844	0.1853764729	0.1871103182	0.1888450422	0.1905800397	0.1923146801	0.1940483146	0.1957802784	0.1975098944	0.1992364714	0.2009593036	0.2026776670	0.2043908205	0.2060980077	0.2077984565	0.2094913811	0.2111759829	0.2128514523	0.2145169709	0.2161717098	0.2178148304	0.2194454808	0.2210627983	0.2226659087	0.2242539279	0.2258259653	0.2273811197	0.2289184797	0.2304371246	0.2319361304	0.2334145716	0.2348715210	0.2363060518	0.2377172373	0.2391041524	0.2404658705	0.2418014648	0.2431100069	0.2443905660	0.2456422129	0.2468640258	0.2480550963	0.2492145280	0.2503414373	0.2514349528	0.2524942157	0.2535183763	0.2545065915	0.2554580251	0.2563718545	0.2572472826	0.2580835430	0.2588798955	0.2596356207	0.2603500190	0.2610224133	0.2616521447	0.2622385708	0.2627810753	0.2632790779	0.2637320375	0.2641394519	0.2645008497	0.2648157901	0.2650838611	0.2653046766	0.2654778786	0.2656031492	0.2656802164	0.2657088519	0.2656888662	0.2656201054	0.2655024521	0.2653358249	0.2651201764	0.2648554999	0.2645418345	0.2641792631	0.2637679102	0.2633079377	0.2627995458	0.2622429722	0.2616384942	0.2609864309	0.2602871417	0.2595410260	0.2587485197	0.2579100945	0.2570262571	0.2560975482	0.2551245450	0.2541078639	0.2530481571	0.2519461097	0.2508024349	0.2496178732	0.2483931912	0.2471291822	0.2458266678	0.2444865001	0.2431095622	0.2416967608	0.2402490211	0.2387672853	0.2372525113	0.2357056724	0.2341277589	0.2325197754	0.2308827418	0.2292176975	0.2275256980	0.2258078053	0.2240650833	0.2222985977	0.2205094175	0.2186986173	0.2168672734	0.2150164641	0.2131472669	0.2112607624	0.2093580334	0.2074401583	0.2055082061	0.2035632361	0.2016062992	0.1996384388	0.1976606892	0.1956740737	0.1936796056	0.1916782860	0.1896711036	0.1876590362	0.1856430483	0.1836240876	0.1816030817	0.1795809393	0.1775585504	0.1755367875	0.1735165077	0.1714985529	0.1694837455	0.1674728891	0.1654667643	0.1634661282	0.1614717126	0.1594842241	0.1575043533	0.1555328061	0.1535703659	0.1516179152	0.1496762453	0.1477453839	0.1458235169	0.1439068062	0.1419933244	0.1400942995	0.1382490067	0.1365259545	0.1349904246	0.1336528450	0.1324557094	0.1313212609	0.1302004229	0.1290789653	0.1279598466	0.1268482521	0.1257466400	0.1246553925	0.1235742736	0.1225031065	0.1214418563	0.1203905508	0.1193492181	0.1183178749	0.1172965232	0.1162851565	0.1152837629	0.1142923237	0.1133108146	0.1123392073	0.1113774679	0.1104255567	0.1094834319	0.1085510448	0.1076283452	0.1067152776	0.1058117847	0.1049178054	0.1040332761	0.1031581309	0.1022923012	0.1014357171	0.1005883050	0.0997499892	0.0989206891	0.0981003242	0.0972888297	0.0964861840	0.0956924106	0.0949074310	0.0941306034	0.0933600856
0.1538908677	0.1538976877	0.1539084946	0.1539257122	0.1539501017	0.1539816517	0.1540202208	0.1540657361	0.1541181818	0.1541775674	0.1542439081	0.1543172154	0.1543975028	0.1544847821	0.1545790680	0.1546803784	0.1547887327	0.1549041504	0.1550266525	0.1551562645	0.1552930094	0.1554369151	0.1555880077	0.1557463186	0.1559118788	0.1560847228	0.1562648873	0.1564524103	0.1566473331	0.1568496945	0.1570595226	0.1572768345	0.1575016618	0.1577341695	0.1579748296	0.1582243275	0.1584823153	0.1587444137	0.1590002398	0.1592421209	0.1594952019	0.1598558876	0.1604838035	0.1615030335	0.1628953796	0.1645240894	0.1662448798	0.1679759567	0.1696948963	0.1714065523	0.1731194404	0.1748378122	0.1765622217	0.1782917820	0.1800254868	0.1817625665	0.1835024184	0.1852444915	0.1869882224	0.1887330190	0.1904782632	0.1922233194	0.1939675352	0.1957102461	0.1974507732	0.1991884209	0.2009224773	0.2026522110	0.2043768754	0.2060957082	0.2078079332	0.2095127635	0.2112093976	0.2128970224	0.2145748127	0.2162419313	0.2178975304	0.2195407491	0.2211707139	0.2227865432	0.2243873463	0.2259722227	0.2275402646	0.2290905553	0.2306221664	0.2321341619	0.2336256018	0.2350955479	0.2365430654	0.2379672177	0.2393670659	0.2407416729	0.2420901027	0.2434114196	0.2447046840	0.2459689523	0.2472032856	0.2484067587	0.2495784651	0.2507175114	0.2518230136	0.2528940987	0.2539299050	0.2549295809	0.2558922818	0.2568171736	0.2577034432	0.2585503069	0.2593570083	0.2601228149	0.2608470181	0.2615289300	0.2621678832	0.2627632298	0.2633143432	0.2638206300	0.2642815380	0.2646965523	0.2650651916	0.2653870076	0.2656615810	0.2658885200	0.2660674602	0.2661980745	0.2662800821	0.2663132468	0.2662973737	0.2662323049	0.2661179190	0.2659541310	0.2657408908	0.2654781884	0.2651660600	0.2648045870	0.2643938926	0.2639341392	0.2634255275	0.2628682952	0.2622627215	0.2616091278	0.2609078771	0.2601593726	0.2593640546	0.2585223988	0.2576349155	0.2567021515	0.2557246899	0.2547031548	0.2536382084	0.2525305438	0.2513808816	0.2501899689	0.2489585792	0.2476875150	0.2463776095	0.2450297262	0.2436447595	0.2422236296	0.2407672729	0.2392766398	0.2377526977	0.2361964303	0.2346088399	0.2329909443	0.2313437796	0.2296684011	0.2279658764	0.2262372781	0.2244836817	0.2227061650	0.2209058100	0.2190837020	0.2172409281	0.2153785790	0.2134977483	0.2115995321	0.2096850248	0.2077553163	0.2058114859	0.2038546032	0.2018857288	0.1999059165	0.1979162101	0.1959176440	0.1939112408	0.1918980115	0.1898789567	0.1878550649	0.1858273092	0.1837966455	0.1817640093	0.1797303184	0.1776964709	0.1756633465	0.1736318061	0.1716026940	0.1695768382	0.1675550486	0.1655381149	0.1635268036	0.1615218577	0.1595239946	0.1575339026	0.1555522530	0.1535797317	0.1516171044	0.1496652431	0.1477249223	0.1457961047	0.1438768130	0.1419630456	0.1400532183	0.1381603407	0.1363272257	0.1346253194	0.1331173505	0.1318047091	0.1306226539	0.1294947785	0.1283770400	0.1272588855	0.1261443493	0.1250382615	0.1239426072	0.1228575713	0.1217828988	0.1207184305	0.1196641359	0.1186200309	0.1175861295	0.1165624327	0.1155489294	0.1145456012	0.1135524232	0.1125693659	0.1115963936	0.1106334674	0.1096805418	0.1087375693	0.1078044958	0.1068812659	0.1059678185	0.1050640917	0.1041700191	0.1032855327	0.1024105613	0.1015450317	0.1006888694	0.0998419971	0.0990043330	0.0981757941	0.0973562945	0.0965457666	0.0957441847	0.0949515702	0.0941678425	0.0933923450	0.0926232039
0.1523260929	0.1523355110	0.1523488847	0.1523686373	0.1523955270	0.1524295489	0.1524705605	0.1525184895	0.1525733231	0.1526350731	0.1527037534	0.1527793793	0.1528619643	0.1529515230	0.1530480724	0.1531516309	0.1532622193	0.1533798603	0.1535045760	0.1536363939	0.1537753420	0.1539214474	0.1540747403	0.1542352545	0.1544030215	0.1545780788	0.1547604656	0.1549502232	0.1551473926	0.1553520058	0.1555640829	0.1557836525	0.1560108434	0.1562460641	0.1564899992	0.1567426519	0.1570006028	0.1572542821	0.1574938643	0.1577362333	0.1580664178	0.1586415071	0.1596021832	0.1609524819	0.1625621119	0.1642789497	0.1660116502	0.1677328725	0.1694464544	0.1711613291	0.1728821978	0.1746097973	0.1763432672	0.1780815964	0.1798240202	0.1815699495	0.1833188502	0.1850701745	0.1868233457	0.1885777608	0.1903327958	0.1920878135	0.1938421622	0.1955951749	0.1973461699	0.1990944448	0.2008392809	0.2025799418	0.2043156756	0.2060457167	0.2077692878	0.2094855993	0.2111938484	0.2128932162	0.2145828708	0.2162619666	0.2179296432	0.2195850308	0.2212272503	0.2228554118	0.2244686167	0.2260659562	0.2276465170	0.2292093745	0.2307535915	0.2322782228	0.2337823207	0.2352649356	0.2367251178	0.2381619195	0.2395743927	0.2409615906	0.2423225664	0.2436563710	0.2449620547	0.2462386654	0.2474852550	0.2487008851	0.2498846314	0.2510355846	0.2521528482	0.2532355379	0.2542827842	0.2552937271	0.2562675110	0.2572032879	0.2581002276	0.2589575285	0.2597744203	0.2605501608	0.2612840340	0.2619753443	0.2626234158	0.2632275911	0.2637872315	0.2643017300	0.2647705220	0.2651930820	0.2655689201	0.2658975784	0.2661786300	0.2664116775	0.2665963513	0.2667323156	0.2668192795	0.2668570000	0.2668452758	0.2667839448	0.2666728821	0.2665119984	0.2663012405	0.2660405958	0.2657300970	0.2653698239	0.2649598991	0.2645004846	0.2639917814	0.2634340295	0.2628275087	0.2621725425	0.2614694981	0.2607187819	0.2599208379	0.2590761457	0.2581852196	0.2572486115	0.2562669118	0.2552407527	0.2541708043	0.2530577668	0.2519023674	0.2507053614	0.2494675324	0.2481896941	0.2468726885	0.2455173892	0.2441247014	0.2426955560	0.2412308997	0.2397316941	0.2381989180	0.2366335678	0.2350366545	0.2334092072	0.2317522762	0.2300669323	0.2283542568	0.2266153346	0.2248512514	0.2230630960	0.2212519636	0.2194189516	0.2175651600	0.2156916905	0.2137996496	0.2118901489	0.2099642967	0.2080231915	0.2060679230	0.2040995714	0.2021192091	0.2001278994	0.1981266956	0.1961166420	0.1940987704	0.1920741026	0.1900436509	0.1880084127	0.1859693695	0.1839274838	0.1818836993	0.1798389414	0.1777941180	0.1757501166	0.1737078053	0.1716680310	0.1696316246	0.1675993997	0.1655721520	0.1635506570	0.1615356673	0.1595279096	0.1575280820	0.1555368548	0.1535548775	0.1515828196	0.1496214321	0.1476715770	0.1457340010	0.1438085644	0.1418930687	0.1399833420	0.1380783706	0.1361935800	0.1343761200	0.1327003348	0.1312246822	0.1299397261	0.1287740618	0.1276533009	0.1265391929	0.1254250968	0.1243159213	0.1232160573	0.1221270312	0.1210488574	0.1199812686	0.1189241215	0.1178773865	0.1168410680	0.1158151659	0.1147996667	0.1137945463	0.1127997732	0.1118153123	0.1108411213	0.1098771544	0.1089233621	0.1079796887	0.1070460768	0.1061224641	0.1052087855	0.1043049722	0.1034109542	0.1025266576	0.1016520068	0.1007869237	0.0999313289	0.0990851403	0.0982482728	0.0974206376	0.0966021454	0.0957927237	0.0949923453	0.0942010289	0.0934186896	0.0926446581	0.0918770282
0.1507512754	0.1507632031	0.1507790551	0.1508012513	0.1508305519	0.1508669496	0.1509103080	0.1509605516	0.1510176719	0.1510816829	0.1511525980	0.1512304363	0.1513152101	0.1514069364	0.1515056349	0.1516113253	0.1517240287	0.1518437702	0.1519705771	0.1521044740	0.1522454937	0.1523936655	0.1525490220	0.1527115990	0.1528814315	0.1530585585	0.1532430214	0.1534348628	0.1536341183	0.1538408108	0.1540549647	0.1542766787	0.1545062938	0.1547444744	0.1549915344	0.1552450132	0.1554964055	0.1557342643	0.1559671183	0.1562665471	0.1567842690	0.1576766332	0.1589745782	0.1605584901	0.1622685056	0.1640017883	0.1657245484	0.1674390625	0.1691546926	0.1708767225	0.1726061518	0.1743421692	0.1760837572	0.1778301462	0.1795807608	0.1813350819	0.1830925799	0.1848526916	0.1866148305	0.1883783884	0.1901427412	0.1919072512	0.1936712668	0.1954341179	0.1971951155	0.1989535525	0.2007087039	0.2024598298	0.2042061745	0.2059469718	0.2076814434	0.2094087963	0.2111282241	0.2128389030	0.2145399929	0.2162306372	0.2179099676	0.2195771074	0.2212311698	0.2228712570	0.2244964637	0.2261058746	0.2276985656	0.2292736027	0.2308300458	0.2323669455	0.2338833437	0.2353782762	0.2368507807	0.2382998999	0.2397246757	0.2411241460	0.2424973499	0.2438433305	0.2451611335	0.2464498011	0.2477083722	0.2489358913	0.2501314169	0.2512940271	0.2524228151	0.2535168857	0.2545753545	0.2555973475	0.2565820003	0.2575284557	0.2584358717	0.2593034333	0.2601303580	0.2609158906	0.2616593011	0.2623598844	0.2630169568	0.2636298522	0.2641979227	0.2647205483	0.2651971513	0.2656271966	0.2660101843	0.2663456473	0.2666331507	0.2668722897	0.2670626875	0.2672039994	0.2672959269	0.2673382194	0.2673306708	0.2672731151	0.2671654234	0.2670075031	0.2667992979	0.2665407921	0.2662320153	0.2658730451	0.2654640035	0.2650050528	0.2644963941	0.2639382678	0.2633309559	0.2626747839	0.2619701202	0.2612173744	0.2604169941	0.2595694631	0.2586753015	0.2577350666	0.2567493572	0.2557188136	0.2546441123	0.2535259595	0.2523650889	0.2511622642	0.2499182786	0.2486339538	0.2473101422	0.2459477309	0.2445476391	0.2431108064	0.2416381873	0.2401307522	0.2385894909	0.2370154116	0.2354095381	0.2337729141	0.2321066034	0.2304116881	0.2286892593	0.2269404124	0.2251662463	0.2233678639	0.2215463712	0.2197028767	0.2178384942	0.2159543399	0.2140515345	0.2121312003	0.2101944560	0.2082424107	0.2062761644	0.2042968084	0.2023054260	0.2003030911	0.1982908682	0.1962698090	0.1942409558	0.1922053423	0.1901639896	0.1881179038	0.1860680732	0.1840154678	0.1819610382	0.1799057179	0.1778504225	0.1757960482	0.1737434705	0.1716935434	0.1696471011	0.1676049591	0.1655679167	0.1635367546	0.1615122329	0.1594950858	0.1574860209	0.1554857176	0.1534948253	0.1515139765	0.1495438220	0.1475851021	0.1456386705	0.1437052327	0.1417845013	0.1398739906	0.1379693634	0.1360704847	0.1341960038	0.1323983285	0.1307543573	0.1293159343	0.1280609633	0.1269118676	0.1257979929	0.1246878281	0.1235784845	0.1224754485	0.1213825366	0.1203008129	0.1192301455	0.1181702660	0.1171210494	0.1160824655	0.1150545080	0.1140371611	0.1130303975	0.1120341801	0.1110484665	0.1100732094	0.1091083553	0.1081538489	0.1072096290	0.1062756322	0.1053517904	0.1044380340	0.1035342883	0.1026404777	0.1017565235	0.1008823449	0.1000178593	0.0991629820	0.0983176264	0.0974817034	0.0966551188	0.0958377802	0.0950296097	0.0942305780	0.0934407019	0.0926598921	0.0918874660	0.0911214849
0.1491664658	0.1491808122	0.1491990533	0.1492236017	0.1492552206	0.1492939002	0.1493395065	0.1493919678	0.1494512743	0.1495174417	0.1495904879	0.1496704290	0.1497572814	0.1498510646	0.1499517968	0.1500595017	0.1501742009	0.1502959222	0.1504246937	0.1505605435	0.1507035035	0.1508536079	0.1510108911	0.1511753898	0.1513471440	0.1515261950	0.1517125852	0.1519063529	0.1521075258	0.1523161251	0.1525322231	0.1527560908	0.1529883333	0.1532294794	0.1534780126	0.1537268753	0.1539639720	0.1541901619	0.1544615216	0.1549200010	0.1557350836	0.1569676415	0.1585162405	0.1602152088	0.1619478177	0.1636715136	0.1653860935	0.1671012981	0.1688231597	0.1705530546	0.1722902560	0.1740337336	0.1757827094	0.1775366146	0.1792949459	0.1810571902	0.1828228032	0.1845912119	0.1863618248	0.1881340328	0.1899072152	0.1916807329	0.1934539311	0.1952261346	0.1969966483	0.1987647609	0.2005297439	0.2022908547	0.2040473370	0.2057984246	0.2075433351	0.2092812717	0.2110114223	0.2127329570	0.2144450273	0.2161467704	0.2178373119	0.2195157672	0.2211812408	0.2228328298	0.2244696201	0.2260906869	0.2276950972	0.2292819136	0.2308501906	0.2323989707	0.2339272864	0.2354341663	0.2369186363	0.2383797220	0.2398164494	0.2412278471	0.2426129476	0.2439707858	0.2453003966	0.2466008121	0.2478710626	0.2491101818	0.2503172154	0.2514912236	0.2526312822	0.2537364808	0.2548059217	0.2558387237	0.2568340190	0.2577909446	0.2587086466	0.2595862917	0.2604230800	0.2612182431	0.2619710401	0.2626807561	0.2633467005	0.2639682016	0.2645446013	0.2650752663	0.2655596021	0.2659970597	0.2663871301	0.2667293390	0.2670232455	0.2672684381	0.2674645326	0.2676111772	0.2677080648	0.2677549379	0.2677515854	0.2676978373	0.2675935607	0.2674386598	0.2672330758	0.2669767890	0.2666698261	0.2663122631	0.2659042205	0.2654458606	0.2649373854	0.2643790356	0.2637710947	0.2631138896	0.2624077904	0.2616532099	0.2608505986	0.2600004444	0.2591032727	0.2581596465	0.2571701704	0.2561354911	0.2550562921	0.2539332871	0.2527672196	0.2515588625	0.2503090165	0.2490185112	0.2476882088	0.2463190088	0.2449118410	0.2434676548	0.2419874153	0.2404721052	0.2389227250	0.2373402904	0.2357258373	0.2340804236	0.2324051285	0.2307010483	0.2289692843	0.2272109379	0.2254271176	0.2236189381	0.2217875195	0.2199339848	0.2180594596	0.2161650744	0.2142519653	0.2123212667	0.2103741055	0.2084115984	0.2064348554	0.2044449801	0.2024430668	0.2004301995	0.1984074528	0.1963758892	0.1943365625	0.1922905152	0.1902387777	0.1881823636	0.1861222665	0.1840594632	0.1819949132	0.1799295565	0.1778643154	0.1758000938	0.1737377749	0.1716782213	0.1696222726	0.1675707483	0.1655244500	0.1634841601	0.1614506422	0.1594246363	0.1574068576	0.1553979945	0.1533987071	0.1514096248	0.1494313599	0.1474645491	0.1455099260	0.1435683334	0.1416404148	0.1397256769	0.1378212710	0.1359227686	0.1340314558	0.1321703619	0.1303979911	0.1287923041	0.1273951709	0.1261709253	0.1250373658	0.1239296349	0.1228236765	0.1217198985	0.1206238592	0.1195386415	0.1184648793	0.1174023431	0.1163507841	0.1153100942	0.1142802407	0.1132612035	0.1122529538	0.1112554497	0.1102686421	0.1092924769	0.1083268957	0.1073718350	0.1064272287	0.1054930071	0.1045690968	0.1036554214	0.1027519021	0.1018584575	0.1009750036	0.1001014539	0.0992377218	0.0983837168	0.0975393485	0.0967045223	0.0958791400	0.0950631046	0.0942563348	0.0934587974	0.0926705068	0.0918913703	0.0911206932	0.0903565029
0.1475717219	0.1475883939	0.1476089307	0.1476357402	0.1476695807	0.1477104485	0.1477582064	0.1478127864	0.1478741779	0.1479423994	0.1480174691	0.1480994052	0.1481882263	0.1482839527	0.1483866041	0.1484962051	0.1486127815	0.1487363603	0.1488669699	0.1490046443	0.1491494142	0.1493013161	0.1494603878	0.1496266683	0.1498001996	0.1499810268	0.1501691896	0.1503647187	0.1505676369	0.1507779966	0.1509960057	0.1512221834	0.1514571547	0.1517001506	0.1519457330	0.1521824020	0.1524051631	0.1526540006	0.1530547671	0.1537855595	0.1549396126	0.1564405082	0.1581216691	0.1598513492	0.1615753014	0.1632892310	0.1650029327	0.1667233331	0.1684523339	0.1701893517	0.1719333511	0.1736835355	0.1754393362	0.1772002659	0.1789658287	0.1807354975	0.1825087168	0.1842849109	0.1860634870	0.1878438390	0.1896253459	0.1914073672	0.1931892422	0.1949702908	0.1967498142	0.1985270976	0.2003014113	0.2020720112	0.2038381429	0.2055990366	0.2073539054	0.2091019480	0.2108423434	0.2125742547	0.2142968300	0.2160092029	0.2177104919	0.2193998055	0.2210762413	0.2227388875	0.2243868195	0.2260191072	0.2276348136	0.2292329925	0.2308126889	0.2323729411	0.2339127775	0.2354312159	0.2369272654	0.2383999372	0.2398482479	0.2412712190	0.2426678722	0.2440372273	0.2453783089	0.2466901445	0.2479717611	0.2492221804	0.2504404274	0.2516255416	0.2527765845	0.2538926375	0.2549727962	0.2560161700	0.2570218796	0.2579890543	0.2589168293	0.2598043574	0.2606508230	0.2614554459	0.2622174746	0.2629361814	0.2636108630	0.2642408380	0.2648254410	0.2653640279	0.2658559900	0.2663007645	0.2666978336	0.2670467170	0.2673469674	0.2675981679	0.2677999292	0.2679518917	0.2680537379	0.2681052031	0.2681060700	0.2680561634	0.2679553478	0.2678035237	0.2676006291	0.2673466414	0.2670415843	0.2666855317	0.2662786032	0.2658209606	0.2653128057	0.2647543808	0.2641459700	0.2634879016	0.2627805497	0.2620243296	0.2612196954	0.2603671398	0.2594671923	0.2585204216	0.2575274369	0.2564888902	0.2554054713	0.2542779017	0.2531069323	0.2518933422	0.2506379409	0.2493415690	0.2480051018	0.2466294511	0.2452155561	0.2437643733	0.2422768769	0.2407540602	0.2391969338	0.2376065274	0.2359838905	0.2343300939	0.2326462300	0.2309334054	0.2291927320	0.2274253240	0.2256322986	0.2238147789	0.2219738942	0.2201107813	0.2182265811	0.2163224408	0.2143995096	0.2124589325	0.2105018456	0.2085293752	0.2065426403	0.2045427525	0.2025308182	0.2005079323	0.1984751791	0.1964336329	0.1943843595	0.1923284113	0.1902668252	0.1882006205	0.1861307981	0.1840583401	0.1819842135	0.1799093665	0.1778347278	0.1757612073	0.1736896956	0.1716210618	0.1695561540	0.1674957983	0.1654407991	0.1633919397	0.1613499832	0.1593156729	0.1572897291	0.1552728482	0.1532656990	0.1512689205	0.1492831217	0.1473088969	0.1453468685	0.1433977663	0.1414624196	0.1395413774	0.1376338718	0.1357366483	0.1338453979	0.1319636237	0.1301199347	0.1283790430	0.1268176819	0.1254650610	0.1242709008	0.1231508036	0.1220485921	0.1209475301	0.1198503411	0.1187621649	0.1176853365	0.1166201613	0.1155663648	0.1145237241	0.1134921432	0.1124715846	0.1114620140	0.1104633882	0.1094756521	0.1084987454	0.1075326022	0.1065771538	0.1056323275	0.1046980477	0.1037742346	0.1028608058	0.1019576780	0.1010647627	0.1001819716	0.0993092134	0.0984463953	0.0975934231	0.0967502000	0.0959166282	0.0950926037	0.0942780259	0.0934728097	0.0926769178	0.0918903627	0.0911130479	0.0903442657	0.0895820118
0.1459671080	0.1459860111	0.1460087479	0.1460377222	0.1460736903	0.1461166492	0.1461664612	0.1462230586	0.1462864348	0.1463566066	0.1464335943	0.1465174181	0.1466080973	0.1467056526	0.1468101078	0.1469214870	0.1470398189	0.1471651308	0.1472974540	0.1474368229	0.1475832707	0.1477368360	0.1478975582	0.1480654803	0.1482406451	0.1484230964	0.1486128702	0.1488099895	0.1490144948	0.1492265438	0.1494465679	0.1496752181	0.1499122768	0.1501537410	0.1503892824	0.1506101786	0.1508418859	0.1511903824	0.1518329517	0.1528960222	0.1543360712	0.1559910776	0.1577144439	0.1594376134	0.1611501962	0.1628614024	0.1645790974	0.1663058620	0.1680413353	0.1697844908	0.1715345075	0.1732908119	0.1750529288	0.1768203811	0.1785926600	0.1803692276	0.1821495248	0.1839329754	0.1857189897	0.1875069636	0.1892962718	0.1910862714	0.1928762958	0.1946656623	0.1964536703	0.1982396028	0.2000227304	0.2018023098	0.2035775850	0.2053477819	0.2071121084	0.2088697550	0.2106198934	0.2123616835	0.2140942701	0.2158167819	0.2175283357	0.2192280317	0.2209149576	0.2225881923	0.2242468073	0.2258898677	0.2275164259	0.2291255277	0.2307162137	0.2322875153	0.2338384511	0.2353680275	0.2368752469	0.2383591120	0.2398186263	0.2412527954	0.2426606285	0.2440411393	0.2453933456	0.2467162645	0.2480089106	0.2492702935	0.2504994263	0.2516953377	0.2528570768	0.2539837114	0.2550743242	0.2561280109	0.2571438833	0.2581210659	0.2590586897	0.2599558960	0.2608118498	0.2616257513	0.2623968332	0.2631243563	0.2638076073	0.2644458971	0.2650385562	0.2655849339	0.2660844097	0.2665364066	0.2669403944	0.2672958844	0.2676024216	0.2678595829	0.2680669746	0.2682242310	0.2683310266	0.2683870876	0.2683921906	0.2683461555	0.2682488424	0.2681001495	0.2679000113	0.2676484023	0.2673453430	0.2669909051	0.2665852072	0.2661284103	0.2656207165	0.2650623686	0.2644536520	0.2637948975	0.2630864815	0.2623288228	0.2615223789	0.2606676455	0.2597651558	0.2588154835	0.2578192449	0.2567770998	0.2556897457	0.2545579104	0.2533823503	0.2521638500	0.2509032251	0.2496013254	0.2482590384	0.2468772872	0.2454570228	0.2439992124	0.2425048407	0.2409749080	0.2394104340	0.2378124598	0.2361820477	0.2345202854	0.2328282816	0.2311071526	0.2293580168	0.2275819985	0.2257802268	0.2239538370	0.2221039690	0.2202317673	0.2183383854	0.2164249867	0.2144927352	0.2125427866	0.2105762848	0.2085943665	0.2065981614	0.2045887911	0.2025673686	0.2005349991	0.1984927785	0.1964417943	0.1943831221	0.1923178246	0.1902469451	0.1881715080	0.1860925203	0.1840109718	0.1819278346	0.1798440641	0.1777605963	0.1756783468	0.1735982119	0.1715210672	0.1694477688	0.1673791507	0.1653160213	0.1632591663	0.1612093478	0.1591673085	0.1571337722	0.1551094402	0.1530949880	0.1510910645	0.1490982867	0.1471172430	0.1451485076	0.1431926947	0.1412505315	0.1393228241	0.1374099925	0.1355109269	0.1336219618	0.1317392184	0.1298692923	0.1280474140	0.1263443229	0.1248330850	0.1235265311	0.1223601610	0.1212521091	0.1201556953	0.1190605515	0.1179709244	0.1168913693	0.1158235722	0.1147675918	0.1137231324	0.1126899949	0.1116680924	0.1106573768	0.1096578025	0.1086693104	0.1076918349	0.1067253035	0.1057696407	0.1048247676	0.1038906012	0.1029670570	0.1020540467	0.1011514804	0.1002592646	0.0993773047	0.0985055051	0.0976437671	0.0967919915	0.0959500774	0.0951179212	0.0942954152	0.0934824533	0.0926789473	0.0918848563	0.0911001906	0.0903248495	0.0895581118	0.0887979429
0.1443526910	0.1443737308	0.1443985716	0.1444296133	0.1444676112	0.1445125607	0.1445643270	0.1446228421	0.1446881008	0.1447601188	0.1448389190	0.1449245216	0.1450169477	0.1451162193	0.1452223622	0.1453354020	0.1454553663	0.1455822875	0.1457161975	0.1458571306	0.1460051245	0.1461602184	0.1463224537	0.1464918751	0.1466685269	0.1468524478	0.1470436653	0.1472422116	0.1474481990	0.1476619794	0.1478841870	0.1481150284	0.1483518318	0.1485857387	0.1488054199	0.1490233926	0.1493244473	0.1498784362	0.1508402421	0.1522062397	0.1538260292	0.1555391390	0.1572602729	0.1589708065	0.1606785698	0.1623923484	0.1641155514	0.1658481275	0.1675890818	0.1693375620	0.1710929835	0.1728548815	0.1746227967	0.1763962414	0.1781746948	0.1799576156	0.1817444449	0.1835346098	0.1853275223	0.1871225755	0.1889191422	0.1907165731	0.1925142009	0.1943113399	0.1961072894	0.1979013329	0.1996927418	0.2014807741	0.2032646679	0.2050436440	0.2068169030	0.2085836282	0.2103429898	0.2120941427	0.2138362277	0.2155683713	0.2172896855	0.2189992622	0.2206961837	0.2223795236	0.2240483464	0.2257017072	0.2273386528	0.2289582241	0.2305594505	0.2321413504	0.2337029369	0.2352432154	0.2367611832	0.2382558276	0.2397261364	0.2411711048	0.2425897350	0.2439810307	0.2453439923	0.2466776235	0.2479809317	0.2492529255	0.2504926136	0.2516990088	0.2528711400	0.2540080580	0.2551088349	0.2561725608	0.2571983403	0.2581852885	0.2591325262	0.2600391803	0.2609043977	0.2617273603	0.2625072884	0.2632434356	0.2639350819	0.2645815299	0.2651821024	0.2657361399	0.2662430090	0.2667021200	0.2671129319	0.2674749463	0.2677877014	0.2680507680	0.2682637472	0.2684262689	0.2685379999	0.2685986573	0.2686080103	0.2685658741	0.2684721046	0.2683265963	0.2681292813	0.2678801302	0.2675791606	0.2672264416	0.2668220911	0.2663662695	0.2658591789	0.2653010628	0.2646922084	0.2640329488	0.2633236628	0.2625647714	0.2617567361	0.2609000555	0.2599952662	0.2590429466	0.2580437204	0.2569982557	0.2559072558	0.2547714533	0.2535916109	0.2523685224	0.2511030121	0.2497959392	0.2484482005	0.2470607274	0.2456344784	0.2441704298	0.2426695756	0.2411329283	0.2395615208	0.2379564046	0.2363186538	0.2346493685	0.2329496703	0.2312206880	0.2294635514	0.2276793941	0.2258693549	0.2240345794	0.2221762201	0.2202954350	0.2183933905	0.2164712586	0.2145302129	0.2125714196	0.2105960347	0.2086052053	0.2066000711	0.2045817642	0.2025514070	0.2005101130	0.1984589885	0.1963991326	0.1943316322	0.1922575574	0.1901779582	0.1880938663	0.1860062938	0.1839162377	0.1818246768	0.1797325713	0.1776408630	0.1755504743	0.1734623072	0.1713772442	0.1692961479	0.1672198570	0.1651491862	0.1630849246	0.1610278357	0.1589786619	0.1569381267	0.1549069331	0.1528857625	0.1508752688	0.1488760795	0.1468887894	0.1449139644	0.1429521621	0.1410039894	0.1390701739	0.1371514887	0.1352481800	0.1333587261	0.1314790601	0.1296061070	0.1277505226	0.1259551834	0.1242962319	0.1228396042	0.1215792304	0.1204393603	0.1193425749	0.1182522609	0.1171638665	0.1160826501	0.1150124348	0.1139543011	0.1129081150	0.1118735777	0.1108505134	0.1098388390	0.1088384984	0.1078494318	0.1068715673	0.1059048279	0.1049491307	0.1040043901	0.1030705167	0.1021474198	0.1012350055	0.1003331762	0.0994418350	0.0985608806	0.0976902118	0.0968297249	0.0959793156	0.0951388785	0.0943083042	0.0934874816	0.0926762988	0.0918746639	0.0910825330	0.0902999138	0.0895267017	0.0887621623	0.0880042303
0.1427285373	0.1427516212	0.1427784725	0.1428114843	0.1428514110	0.1428982505	0.1429518693	0.1430122003	0.1430792367	0.1431529968	0.1432335020	0.1433207752	0.1434148369	0.1435157124	0.1436234264	0.1437380071	0.1438594836	0.1439878899	0.1441232588	0.1442656266	0.1444150339	0.1445715201	0.1447351294	0.1449059075	0.1450838952	0.1452691254	0.1454616225	0.1456614677	0.1458689289	0.1460845790	0.1463088969	0.1465403804	0.1467721008	0.1469919459	0.1472011244	0.1474609337	0.1479270373	0.1487771598	0.1500544331	0.1516286381	0.1533270135	0.1550449035	0.1567528682	0.1584563512	0.1601650384	0.1618833613	0.1636116925	0.1653490941	0.1670946788	0.1688478416	0.1706081224	0.1723750821	0.1741482516	0.1759271318	0.1777111980	0.1794999102	0.1812927115	0.1830890335	0.1848882852	0.1866898565	0.1884931169	0.1902974141	0.1921020799	0.1939064281	0.1957097600	0.1975113619	0.1993105042	0.2011064417	0.2028984071	0.2046856130	0.2064672564	0.2082425178	0.2100105636	0.2117705437	0.2135215973	0.2152628451	0.2169933906	0.2187123269	0.2204187333	0.2221116746	0.2237902068	0.2254533784	0.2271002308	0.2287297927	0.2303410804	0.2319331085	0.2335048874	0.2350554164	0.2365836822	0.2380886638	0.2395693424	0.2410247016	0.2424537253	0.2438553998	0.2452287158	0.2465726726	0.2478862736	0.2491685212	0.2504184126	0.2516349470	0.2528171404	0.2539640322	0.2550746832	0.2561481700	0.2571835812	0.2581800188	0.2591365963	0.2600524353	0.2609266723	0.2617584740	0.2625470455	0.2632916263	0.2639914859	0.2646459180	0.2652542400	0.2658157863	0.2663299132	0.2667960192	0.2672135527	0.2675820060	0.2679009093	0.2681698271	0.2683883543	0.2685561140	0.2686727649	0.2687380150	0.2687516268	0.2687134109	0.2686232196	0.2684809446	0.2682865149	0.2680398982	0.2677411089	0.2673902139	0.2669873294	0.2665326157	0.2660262747	0.2654685506	0.2648597315	0.2642001516	0.2634901915	0.2627302751	0.2619208671	0.2610624701	0.2601556260	0.2592009193	0.2581989805	0.2571504843	0.2560561386	0.2549166814	0.2537328813	0.2525055395	0.2512354888	0.2499235978	0.2485707747	0.2471779628	0.2457461288	0.2442762553	0.2427693411	0.2412264076	0.2396484980	0.2380366778	0.2363920378	0.2347156940	0.2330087761	0.2312724187	0.2295077611	0.2277159496	0.2258981370	0.2240554803	0.2221891418	0.2203002935	0.2183901163	0.2164597946	0.2145105076	0.2125434245	0.2105597111	0.2085605284	0.2065470279	0.2045203508	0.2024816300	0.2004319906	0.1983725491	0.1963044125	0.1942286765	0.1921464184	0.1900586950	0.1879665443	0.1858709877	0.1837730277	0.1816736486	0.1795738161	0.1774744776	0.1753765608	0.1732809745	0.1711886076	0.1691003271	0.1670169756	0.1649393726	0.1628683113	0.1608045592	0.1587488613	0.1567019392	0.1546644950	0.1526372121	0.1506207492	0.1486157397	0.1466227868	0.1446424631	0.1426753123	0.1407218770	0.1387827605	0.1368586932	0.1349503982	0.1330578890	0.1311791354	0.1293096959	0.1274478105	0.1256094127	0.1238461599	0.1222386002	0.1208414706	0.1196269784	0.1185106194	0.1174232349	0.1163390990	0.1152583950	0.1141865102	0.1131263569	0.1120785003	0.1110426874	0.1100186366	0.1090061956	0.1080052823	0.1070158303	0.1060377660	0.1050710057	0.1041154610	0.1031710393	0.1022376449	0.1013151794	0.1004035439	0.0995026347	0.0986123483	0.0977325789	0.0968632187	0.0960041589	0.0951552910	0.0943165031	0.0934876819	0.0926687115	0.0918594754	0.0910598770	0.0902698693	0.0894894575	0.0887185332	0.0879563494	0.0872008092
0.1410947079	0.1411197461	0.1411485176	0.1411834055	0.1412251639	0.1412737928	0.1413291606	0.1413912019	0.1414599105	0.1415353052	0.1416174088	0.1417062430	0.1418018300	0.1419041941	0.1420133635	0.1421293653	0.1422522330	0.1423819990	0.1425186995	0.1426623728	0.1428130593	0.1429708011	0.1431356450	0.1433076338	0.1434868023	0.1436731774	0.1438668147	0.1440679099	0.1442769461	0.1444945151	0.1447199819	0.1449483533	0.1451684406	0.1453743136	0.1456046016	0.1459898885	0.1467206250	0.1478900866	0.1494030748	0.1510797427	0.1527927518	0.1544979429	0.1561966118	0.1578991595	0.1596113070	0.1613340419	0.1630665421	0.1648078810	0.1665574194	0.1683146978	0.1700792930	0.1718507570	0.1736286108	0.1754123492	0.1772014508	0.1789953778	0.1807935772	0.1825954794	0.1844004909	0.1862079991	0.1880173687	0.1898279493	0.1916390704	0.1934500500	0.1952601906	0.1970687809	0.1988750891	0.2006783626	0.2024778280	0.2042726944	0.2060621559	0.2078453906	0.2096215609	0.2113898158	0.2131492858	0.2148990859	0.2166383197	0.2183660787	0.2200814356	0.2217834512	0.2234711765	0.2251436510	0.2267999011	0.2284389460	0.2300598017	0.2316614766	0.2332429678	0.2348032670	0.2363413602	0.2378562259	0.2393468313	0.2408121392	0.2422511180	0.2436627464	0.2450460117	0.2463999021	0.2477234067	0.2490155198	0.2502752368	0.2515015553	0.2526934786	0.2538500248	0.2549702332	0.2560531638	0.2570978954	0.2581035247	0.2590691624	0.2599939241	0.2608769332	0.2617173377	0.2625143254	0.2632671234	0.2639749913	0.2646372189	0.2652531195	0.2658220227	0.2663432758	0.2668162611	0.2672404118	0.2676152094	0.2679401767	0.2682148729	0.2684388881	0.2686118406	0.2687333812	0.2688032087	0.2688210784	0.2687867963	0.2687002118	0.2685612141	0.2683697286	0.2681257205	0.2678292015	0.2674802354	0.2670789368	0.2666254660	0.2661200250	0.2655628580	0.2649542540	0.2642945476	0.2635841210	0.2628234014	0.2620128562	0.2611529920	0.2602443550	0.2592875339	0.2582831652	0.2572319289	0.2561345401	0.2549917451	0.2538043199	0.2525730724	0.2512988422	0.2499825061	0.2486249827	0.2472272259	0.2457902097	0.2443149249	0.2428023809	0.2412536077	0.2396696552	0.2380515985	0.2364005423	0.2347176178	0.2330039672	0.2312607341	0.2294890648	0.2276901131	0.2258650423	0.2240150237	0.2221412357	0.2202448652	0.2183271047	0.2163891495	0.2144321856	0.2124573892	0.2104659311	0.2084589790	0.2064376961	0.2044032376	0.2023567472	0.2002993609	0.1982322076	0.1961564036	0.1940730479	0.1919832223	0.1898879914	0.1877884017	0.1856854813	0.1835802403	0.1814736688	0.1793667379	0.1772603996	0.1751555878	0.1730532169	0.1709541808	0.1688593503	0.1667695722	0.1646856671	0.1626084335	0.1605386446	0.1584770480	0.1564243670	0.1543813019	0.1523485339	0.1503267244	0.1483165101	0.1463185014	0.1443332782	0.1423613901	0.1404033587	0.1384597134	0.1365310593	0.1346181284	0.1327215612	0.1308410416	0.1289739166	0.1271155155	0.1252663223	0.1234494323	0.1217265509	0.1201793300	0.1188440915	0.1176713641	0.1165737705	0.1154942963	0.1144171048	0.1133452490	0.1122835821	0.1112341499	0.1101971450	0.1091722602	0.1081592440	0.1071579596	0.1061683223	0.1051902543	0.1042236688	0.1032684709	0.1023245606	0.1013918369	0.1004701943	0.0995595268	0.0986597257	0.0977706811	0.0968922813	0.0960244126	0.0951669619	0.0943198144	0.0934828536	0.0926559610	0.0918390160	0.0910318982	0.0902345060	0.0894467889	0.0886687493	0.0879002745	0.0871406065	0.0863876169
0.1394512675	0.1394781718	0.1395087733	0.1395454471	0.1395889427	0.1396392614	0.1396962765	0.1397599221	0.1398301964	0.1399071171	0.1399907094	0.1400809929	0.1401779927	0.1402817317	0.1403922395	0.1405095448	0.1406336814	0.1407646827	0.1409025878	0.1410474348	0.1411992668	0.1413581289	0.1415240651	0.1416971134	0.1418773028	0.1420646730	0.1422593645	0.1424617642	0.1426724874	0.1428914909	0.1431154543	0.1433347973	0.1435394240	0.1437499015	0.1440689700	0.1446813478	0.1457265086	0.1471579331	0.1488010404	0.1505054870	0.1522074673	0.1539010767	0.1555966650	0.1573014302	0.1590172360	0.1607434876	0.1624792343	0.1642237937	0.1659766951	0.1677375285	0.1695058677	0.1712812543	0.1730632020	0.1748512074	0.1766447531	0.1784433038	0.1802463092	0.1820531956	0.1838633678	0.1856762107	0.1874910886	0.1893073510	0.1911243309	0.1929413492	0.1947577098	0.1965726994	0.1983855819	0.2001955979	0.2020019714	0.2038039094	0.2056006034	0.2073912294	0.2091749477	0.2109509004	0.2127182118	0.2144759980	0.2162233599	0.2179593818	0.2196831361	0.2213936820	0.2230900604	0.2247712974	0.2264364132	0.2280844234	0.2297143363	0.2313251469	0.2329158460	0.2344854245	0.2360328641	0.2375571322	0.2390571832	0.2405319712	0.2419804581	0.2434016102	0.2447943983	0.2461577975	0.2474907919	0.2487923743	0.2500615394	0.2512972740	0.2524985619	0.2536644015	0.2547938171	0.2558858597	0.2569395997	0.2579541227	0.2589285277	0.2598619224	0.2607534235	0.2616021679	0.2624073296	0.2631681245	0.2638838021	0.2645536415	0.2651769463	0.2657530397	0.2662812625	0.2667609845	0.2671916238	0.2675726504	0.2679035813	0.2681839702	0.2684134037	0.2685914961	0.2687178910	0.2687922782	0.2688144047	0.2687840703	0.2687011229	0.2685654459	0.2683769627	0.2681356388	0.2678414795	0.2674945450	0.2670949493	0.2666428541	0.2661384622	0.2655820170	0.2649738067	0.2643141679	0.2636034852	0.2628421877	0.2620307471	0.2611696750	0.2602595191	0.2593008724	0.2582943760	0.2572407147	0.2561406104	0.2549948152	0.2538041109	0.2525693114	0.2512912665	0.2499708655	0.2486090390	0.2472067488	0.2457649737	0.2442847105	0.2427669773	0.2412128138	0.2396232818	0.2379994703	0.2363424968	0.2346534993	0.2329336267	0.2311840321	0.2294058744	0.2276003182	0.2257685346	0.2239117037	0.2220310183	0.2201276831	0.2182029079	0.2162578948	0.2142938348	0.2123119133	0.2103133106	0.2082991995	0.2062707475	0.2042291199	0.2021754762	0.2001109659	0.1980367279	0.1959538863	0.1938635459	0.1917667920	0.1896646940	0.1875583066	0.1854486656	0.1833367871	0.1812236687	0.1791102877	0.1769976008	0.1748865477	0.1727780482	0.1706729986	0.1685722731	0.1664767209	0.1643871660	0.1623044095	0.1602292297	0.1581623784	0.1561045820	0.1540565408	0.1520189342	0.1499924208	0.1479776399	0.1459752055	0.1439857052	0.1420096948	0.1400476979	0.1381002165	0.1361677691	0.1342509677	0.1323505350	0.1304669735	0.1285995213	0.1267448570	0.1248985264	0.1230647330	0.1212757503	0.1196025640	0.1181218531	0.1168473333	0.1157106551	0.1146284638	0.1135567393	0.1124875617	0.1114256013	0.1103749134	0.1093368022	0.1083112017	0.1072977880	0.1062963369	0.1053067240	0.1043288583	0.1033626500	0.1024079998	0.1014648011	0.1005329466	0.0996123244	0.0987028210	0.0978043223	0.0969167117	0.0960398716	0.0951736833	0.0943180280	0.0934727853	0.0926378342	0.0918130510	0.0909983098	0.0901934856	0.0893984725	0.0886132168	0.0878377184	0.0870718594	0.0863148705	0.0855645940
0.1377982840	0.1378269659	0.1378593092	0.1378976771	0.1379428175	0.1379947311	0.1380532930	0.1381184419	0.1381901749	0.1382685126	0.1383534815	0.1384451024	0.1385434001	0.1386483994	0.1387601280	0.1388786175	0.1390039010	0.1391360137	0.1392749953	0.1394208858	0.1395737303	0.1397335737	0.1399004572	0.1400744111	0.1402554667	0.1404437180	0.1406394607	0.1408432725	0.1410555043	0.1412742617	0.1414920353	0.1416969220	0.1418942163	0.1421574647	0.1426580006	0.1435693059	0.1449007066	0.1464960360	0.1481858808	0.1498832897	0.1515715265	0.1532594818	0.1549557644	0.1566633528	0.1583820262	0.1601108474	0.1618490843	0.1635962455	0.1653519329	0.1671157397	0.1688872284	0.1706659341	0.1724513711	0.1742430386	0.1760404219	0.1778429895	0.1796501895	0.1814614452	0.1832761604	0.1850937187	0.1869134860	0.1887348136	0.1905570411	0.1923794892	0.1942014621	0.1960222401	0.1978410817	0.1996572263	0.2014698963	0.2032782978	0.2050816204	0.2068790375	0.2086697032	0.2104527547	0.2122273184	0.2139925056	0.2157474118	0.2174911205	0.2192227028	0.2209412083	0.2226456697	0.2243351100	0.2260085457	0.2276649802	0.2293034090	0.2309228249	0.2325222183	0.2341005677	0.2356568404	0.2371899986	0.2386989991	0.2401827914	0.2416403195	0.2430705308	0.2444723861	0.2458448590	0.2471869290	0.2484975764	0.2497757815	0.2510205227	0.2522307786	0.2534055377	0.2545438090	0.2556446237	0.2567070356	0.2577301190	0.2587129664	0.2596546863	0.2605543960	0.2614112218	0.2622243181	0.2629928813	0.2637161475	0.2643933849	0.2650238899	0.2656069825	0.2661419996	0.2666283027	0.2670652957	0.2674524373	0.2677892336	0.2680752303	0.2683100112	0.2684931863	0.2686243929	0.2687033118	0.2687296835	0.2687033036	0.2686240139	0.2684916952	0.2683062699	0.2680676994	0.2677759861	0.2674311893	0.2670334204	0.2665828386	0.2660796459	0.2655240875	0.2649164534	0.2642570831	0.2635463614	0.2627847186	0.2619726309	0.2611106085	0.2601992056	0.2592390205	0.2582307002	0.2571749358	0.2560724559	0.2549240174	0.2537304044	0.2524924349	0.2512109677	0.2498869027	0.2485211812	0.2471147748	0.2456686720	0.2441838778	0.2426614173	0.2411023361	0.2395077061	0.2378786303	0.2362162418	0.2345216906	0.2327961300	0.2310407170	0.2292566176	0.2274450073	0.2256070715	0.2237440029	0.2218570054	0.2199472950	0.2180160935	0.2160646140	0.2140940585	0.2121056197	0.2101004851	0.2080798378	0.2060448526	0.2039966992	0.2019365458	0.1998655570	0.1977848836	0.1956956559	0.1935989843	0.1914959602	0.1893876587	0.1872751375	0.1851594405	0.1830415912	0.1809225928	0.1788034299	0.1766850670	0.1745684477	0.1724544946	0.1703441080	0.1682381619	0.1661375082	0.1640429759	0.1619553678	0.1598754644	0.1578040218	0.1557417708	0.1536894144	0.1516476306	0.1496170758	0.1475983870	0.1455921803	0.1435990478	0.1416195506	0.1396542191	0.1377035518	0.1357680302	0.1338481689	0.1319445874	0.1300579822	0.1281886500	0.1263352859	0.1244939645	0.1226611202	0.1208462400	0.1190919917	0.1174766732	0.1160668298	0.1148502646	0.1137450174	0.1126757315	0.1116117805	0.1105516402	0.1095005252	0.1084615192	0.1074353039	0.1064216440	0.1054202249	0.1044308509	0.1034534035	0.1024877840	0.1015338896	0.1005916107	0.0996608309	0.0987414324	0.0978332952	0.0969362989	0.0960503202	0.0951752363	0.0943109228	0.0934572548	0.0926141068	0.0917813527	0.0909588638	0.0901465088	0.0893441580	0.0885517014	0.0877690818	0.0869962963	0.0862332237	0.0854790815	0.0847316842
0.1361358266	0.1361661989	0.1362001968	0.1362401681	0.1362868605	0.1363402750	0.1364002874	0.1364668383	0.1365399262	0.1366195747	0.1367058087	0.1367986535	0.1368981344	0.1370042763	0.1371171082	0.1372366616	0.1373629690	0.1374960685	0.1376359981	0.1377828029	0.1379365262	0.1380972104	0.1382648918	0.1384395968	0.1386213880	0.1388104761	0.1390073513	0.1392125551	0.1394252691	0.1396402002	0.1398460379	0.1400381508	0.1402611476	0.1406578031	0.1414246430	0.1426360274	0.1441679575	0.1458362138	0.1475273485	0.1492099026	0.1508896322	0.1525763863	0.1542744953	0.1559842776	0.1577048564	0.1594354444	0.1611755219	0.1629246935	0.1646825737	0.1664487479	0.1682227711	0.1700041764	0.1717924827	0.1735871926	0.1753877934	0.1771937532	0.1790045175	0.1808195088	0.1826381311	0.1844597680	0.1862837907	0.1881095543	0.1899364014	0.1917636521	0.1935906063	0.1954165383	0.1972407050	0.1990623460	0.2008806830	0.2026949220	0.2045042499	0.2063078336	0.2081048242	0.2098943614	0.2116755680	0.2134475491	0.2152094001	0.2169602023	0.2186990150	0.2204248827	0.2221368409	0.2238339091	0.2255150902	0.2271793791	0.2288257695	0.2304532502	0.2320607962	0.2336473730	0.2352119454	0.2367534758	0.2382709162	0.2397632031	0.2412292701	0.2426680597	0.2440785262	0.2454596302	0.2468103337	0.2481296026	0.2494164111	0.2506697392	0.2518885618	0.2530718514	0.2542185933	0.2553278006	0.2563985189	0.2574298191	0.2584207902	0.2593705349	0.2602781613	0.2611427846	0.2619635417	0.2627396116	0.2634702195	0.2641546271	0.2647921255	0.2653820285	0.2659236665	0.2664163894	0.2668595900	0.2672527139	0.2675952579	0.2678867618	0.2681268032	0.2683149873	0.2684509493	0.2685343670	0.2685649689	0.2685425440	0.2684669297	0.2683380080	0.2681556942	0.2679199457	0.2676307670	0.2672882118	0.2668923917	0.2664434623	0.2659416242	0.2653871249	0.2647802566	0.2641213579	0.2634108181	0.2626490714	0.2618365908	0.2609738875	0.2600615212	0.2591000990	0.2580902729	0.2570327357	0.2559282219	0.2547774941	0.2535813410	0.2523405919	0.2510561131	0.2497288115	0.2483596336	0.2469495589	0.2454995816	0.2440107156	0.2424839965	0.2409204818	0.2393212556	0.2376874317	0.2360201530	0.2343205782	0.2325898692	0.2308291921	0.2290397206	0.2272226359	0.2253791318	0.2235104155	0.2216177087	0.2197022399	0.2177652334	0.2158079074	0.2138314757	0.2118371451	0.2098261125	0.2077995684	0.2057586979	0.2037046802	0.2016386906	0.1995618980	0.1974754616	0.1953805210	0.1932781929	0.1911695758	0.1890557519	0.1869377842	0.1848167192	0.1826935868	0.1805693988	0.1784451455	0.1763217990	0.1742003085	0.1720815977	0.1699665681	0.1678560961	0.1657510352	0.1636522167	0.1615604473	0.1594765093	0.1574011610	0.1553351359	0.1532791418	0.1512338576	0.1491999395	0.1471780211	0.1451687168	0.1431726185	0.1411902925	0.1392222740	0.1372690663	0.1353311428	0.1334089698	0.1315030613	0.1296140475	0.1277425737	0.1258886506	0.1240503198	0.1222231506	0.1204052941	0.1186133633	0.1169018761	0.1153539184	0.1140186725	0.1128554589	0.1117750438	0.1107160294	0.1096603452	0.1086104418	0.1075711057	0.1065444340	0.1055306520	0.1045294436	0.1035405224	0.1025637162	0.1015989064	0.1006459860	0.0997048401	0.0987753476	0.0978573834	0.0969508209	0.0960555333	0.0951713910	0.0942982651	0.0934360260	0.0925845424	0.0917436839	0.0909133186	0.0900933130	0.0892835308	0.0884838375	0.0876941195	0.0869143151	0.0861444186	0.0853843060	0.0846331822	0.0838888339
0.1344639684	0.1344959454	0.1345315083	0.1345729943	0.1346211461	0.1346759671	0.1347373345	0.1348051891	0.1348795311	0.1349603845	0.1350477765	0.1351417333	0.1352422817	0.1353494489	0.1354632645	0.1355837594	0.1357109677	0.1358449280	0.1359856804	0.1361332678	0.1362877343	0.1364491169	0.1366174444	0.1367927580	0.1369752044	0.1371651709	0.1373632494	0.1375693280	0.1377800169	0.1379857763	0.1381767744	0.1383750730	0.1386892324	0.1393121396	0.1403788700	0.1418232165	0.1434583718	0.1451407003	0.1468177193	0.1484890674	0.1501654252	0.1518528246	0.1535524010	0.1552634257	0.1569850564	0.1587167261	0.1604580330	0.1622086117	0.1639680688	0.1657359830	0.1675119076	0.1692953800	0.1710859218	0.1728830394	0.1746862203	0.1764949300	0.1783086111	0.1801266869	0.1819485629	0.1837736274	0.1856012573	0.1874308126	0.1892616327	0.1910930364	0.1929243175	0.1947547499	0.1965835905	0.1984100776	0.2002334347	0.2020528646	0.2038675502	0.2056766560	0.2074793355	0.2092747244	0.2110619412	0.2128400936	0.2146082712	0.2163655436	0.2181109672	0.2198435882	0.2215624374	0.2232665258	0.2249548536	0.2266264164	0.2282801976	0.2299151691	0.2315302962	0.2331245451	0.2346968758	0.2362462375	0.2377715722	0.2392718191	0.2407459164	0.2421927976	0.2436113952	0.2450006493	0.2463595126	0.2476869476	0.2489819211	0.2502434005	0.2514703509	0.2526617364	0.2538165349	0.2549337511	0.2560124189	0.2570515948	0.2580503539	0.2590077889	0.2599230044	0.2607951126	0.2616232425	0.2624065569	0.2631442636	0.2638356112	0.2644798821	0.2650763819	0.2656244372	0.2661233963	0.2665726394	0.2669715968	0.2673197577	0.2676166613	0.2678618775	0.2680550046	0.2681956736	0.2682835575	0.2683183741	0.2682999051	0.2682279850	0.2681024930	0.2679233444	0.2676904905	0.2674039336	0.2670637233	0.2666699684	0.2662228256	0.2657224995	0.2651692357	0.2645633234	0.2639051012	0.2631949647	0.2624333486	0.2616207240	0.2607576150	0.2598445795	0.2588822281	0.2578712206	0.2568122565	0.2557060693	0.2545534239	0.2533551171	0.2521119869	0.2508249065	0.2494947924	0.2481226041	0.2467093263	0.2452559577	0.2437635115	0.2422330313	0.2406655868	0.2390622760	0.2374242307	0.2357526058	0.2340485634	0.2323132692	0.2305478966	0.2287536301	0.2269316632	0.2250831987	0.2232094541	0.2213116625	0.2193910653	0.2174488951	0.2154863738	0.2135047181	0.2115051448	0.2094888666	0.2074570862	0.2054109980	0.2033517922	0.2012806546	0.1991987581	0.1971072599	0.1950073033	0.1929000157	0.1907865051	0.1886678600	0.1865451506	0.1844194280	0.1822917251	0.1801630596	0.1780344306	0.1759068156	0.1737811675	0.1716584137	0.1695394552	0.1674251710	0.1653164165	0.1632140240	0.1611188033	0.1590315392	0.1569529910	0.1548838941	0.1528249589	0.1507768688	0.1487402810	0.1467158275	0.1447041176	0.1427057410	0.1407212645	0.1387512276	0.1367961390	0.1348564757	0.1329326875	0.1310252293	0.1291346229	0.1272615077	0.1254064289	0.1235689776	0.1217464030	0.1199340467	0.1181332845	0.1163706135	0.1147131338	0.1132422582	0.1119801911	0.1108611632	0.1097996500	0.1087499724	0.1077036898	0.1066652080	0.1056384460	0.1046246765	0.1036238300	0.1026355643	0.1016596248	0.1006958553	0.0997441347	0.0988043439	0.0978763576	0.0969600446	0.0960552723	0.0951619058	0.0942798101	0.0934088502	0.0925488903	0.0916997934	0.0908614236	0.0900336440	0.0892163158	0.0884092978	0.0876124507	0.0868256564	0.0860488503	0.0852820243	0.0845250491	0.0837771188	0.0830359928
0.1327827874	0.1328162821	0.1328533217	0.1328962327	0.1329457535	0.1330018870	0.1330645137	0.1331335742	0.1332090704	0.1332910255	0.1333794699	0.1334744300	0.1335759331	0.1336840093	0.1337986872	0.1339200016	0.1340479869	0.1341826823	0.1343241289	0.1344723677	0.1346274390	0.1347893736	0.1349582011	0.1351340146	0.1353171045	0.1355080280	0.1357071195	0.1359125462	0.1361170434	0.1363088551	0.1364926972	0.1367421479	0.1372331810	0.1381435496	0.1394742558	0.1410580633	0.1427253098	0.1443962495	0.1460594356	0.1477248889	0.1494004998	0.1510885890	0.1527887552	0.1545001307	0.1562220867	0.1579542036	0.1596961259	0.1614474852	0.1632078830	0.1649768940	0.1667540746	0.1685389660	0.1703310950	0.1721299693	0.1739350738	0.1757458721	0.1775618058	0.1793822995	0.1812067622	0.1830345909	0.1848651656	0.1866978478	0.1885319743	0.1903668590	0.1922017943	0.1940360552	0.1958688988	0.1976995653	0.1995272755	0.2013512272	0.2031706037	0.2049845723	0.2067922831	0.2085928683	0.2103854490	0.2121691271	0.2139429823	0.2157060819	0.2174574839	0.2191962279	0.2209213343	0.2226318177	0.2243266826	0.2260049134	0.2276654782	0.2293073422	0.2309294711	0.2325308203	0.2341103341	0.2356669549	0.2371996297	0.2387073031	0.2401889054	0.2416433529	0.2430695649	0.2444664723	0.2458330171	0.2471681456	0.2484708075	0.2497399607	0.2509745734	0.2521736172	0.2533360650	0.2544609009	0.2555471354	0.2565938087	0.2575999879	0.2585647628	0.2594872382	0.2603665214	0.2612017287	0.2619920021	0.2627365336	0.2634345571	0.2640853477	0.2646882126	0.2652424796	0.2657474901	0.2662026127	0.2666072630	0.2669609186	0.2672631095	0.2675134003	0.2677113926	0.2678567103	0.2679490129	0.2679880175	0.2679734986	0.2679052847	0.2677832512	0.2676073131	0.2673774198	0.2670935672	0.2667558039	0.2663642369	0.2659190256	0.2654203704	0.2648685156	0.2642637514	0.2636064222	0.2628969212	0.2621356807	0.2613231791	0.2604599451	0.2595465398	0.2585835718	0.2575717076	0.2565116579	0.2554041570	0.2542499772	0.2530499219	0.2518048272	0.2505155745	0.2491830930	0.2478083531	0.2463923393	0.2449360565	0.2434405323	0.2419068143	0.2403359774	0.2387291284	0.2370874128	0.2354119977	0.2337040547	0.2319647571	0.2301952839	0.2283968245	0.2265705822	0.2247177754	0.2228396377	0.2209374126	0.2190123432	0.2170656672	0.2150986160	0.2131124145	0.2111082827	0.2090874406	0.2070511052	0.2050004881	0.2029367924	0.2008612106	0.1987749216	0.1966790829	0.1945748363	0.1924633128	0.1903456309	0.1882228886	0.1860961625	0.1839665101	0.1818349709	0.1797025653	0.1775702980	0.1754391512	0.1733100802	0.1711840161	0.1690618624	0.1669444988	0.1648327834	0.1627275494	0.1606296080	0.1585397452	0.1564587220	0.1543872755	0.1523261173	0.1502759349	0.1482373880	0.1462111076	0.1441977005	0.1421977506	0.1402118221	0.1382404566	0.1362841668	0.1343434351	0.1324187113	0.1305104260	0.1286190272	0.1267450510	0.1248891267	0.1230516168	0.1212315314	0.1194253040	0.1176288117	0.1158488559	0.1141241329	0.1125319630	0.1111428410	0.1099482680	0.1088657166	0.1078192904	0.1067788903	0.1057431616	0.1047170954	0.1037035842	0.1027032427	0.1017158144	0.1007409643	0.0997784701	0.0988281836	0.0978899788	0.0969637252	0.0960492876	0.0951465261	0.0942552994	0.0933754666	0.0925068862	0.0916494157	0.0908029132	0.0899672370	0.0891422448	0.0883277927	0.0875237347	0.0867299269	0.0859462468	0.0851726261	0.0844090546	0.0836553984	0.0829108405	0.0821731131
0.1310923645	0.1311272881	0.1311657186	0.1312099661	0.1312607640	0.1313181173	0.1313819080	0.1314520762	0.1315286266	0.1316115833	0.1317009753	0.1317968316	0.1318991795	0.1320080496	0.1321234728	0.1322454856	0.1323741243	0.1325094274	0.1326514372	0.1328001936	0.1329557285	0.1331180690	0.1332872714	0.1334635338	0.1336473211	0.1338391696	0.1340383847	0.1342400871	0.1344333687	0.1346123836	0.1348179993	0.1351915144	0.1359357465	0.1371290654	0.1386413517	0.1402843879	0.1419473756	0.1436024835	0.1452567311	0.1469196351	0.1485950270	0.1502830585	0.1519829005	0.1536938588	0.1554154813	0.1571474174	0.1588893215	0.1606408174	0.1624015024	0.1641709528	0.1659487302	0.1677343798	0.1695274314	0.1713273919	0.1731337448	0.1749459526	0.1767634578	0.1785856894	0.1804120613	0.1822419758	0.1840748160	0.1859099408	0.1877466843	0.1895843592	0.1914222588	0.1932596585	0.1950958180	0.1969299763	0.1987613491	0.2005891360	0.2024125220	0.2042306728	0.2060427363	0.2078478479	0.2096451226	0.2114336524	0.2132125180	0.2149807883	0.2167375112	0.2184817187	0.2202124361	0.2219286798	0.2236294436	0.2253137025	0.2269804251	0.2286285739	0.2302570980	0.2318649376	0.2334510367	0.2350143434	0.2365538007	0.2380683407	0.2395568847	0.2410183494	0.2424516492	0.2438556959	0.2452294067	0.2465717104	0.2478815552	0.2491579037	0.2503997247	0.2516059841	0.2527756421	0.2539076674	0.2550010560	0.2560548382	0.2570680724	0.2580398365	0.2589692232	0.2598553366	0.2606972839	0.2614941999	0.2622452611	0.2629496938	0.2636067645	0.2642157721	0.2647760424	0.2652869068	0.2657477254	0.2661579058	0.2665169124	0.2668242639	0.2670795210	0.2672822806	0.2674321718	0.2675288460	0.2675720087	0.2675614267	0.2674969266	0.2673783794	0.2672056946	0.2669788231	0.2666977583	0.2663625458	0.2659732892	0.2655301502	0.2650333247	0.2644830561	0.2638796388	0.2632234206	0.2625147891	0.2617541803	0.2609420825	0.2600790147	0.2591655442	0.2582022897	0.2571899170	0.2561291417	0.2550207036	0.2538653772	0.2526639738	0.2514173315	0.2501263465	0.2487919604	0.2474151447	0.2459968868	0.2445381922	0.2430401023	0.2415036698	0.2399299807	0.2383201573	0.2366753537	0.2349967399	0.2332854890	0.2315427845	0.2297698169	0.2279677867	0.2261379051	0.2242814001	0.2223995202	0.2204935225	0.2185646555	0.2166141575	0.2146432639	0.2126532089	0.2106452235	0.2086205319	0.2065803576	0.2045259262	0.2024584586	0.2003791575	0.1982892030	0.1961897570	0.1940819644	0.1919669563	0.1898458521	0.1877197590	0.1855897644	0.1834569321	0.1813223091	0.1791869228	0.1770517776	0.1749178569	0.1727861195	0.1706574982	0.1685329011	0.1664132109	0.1642992863	0.1621919619	0.1600920491	0.1580003346	0.1559175813	0.1538445273	0.1517818857	0.1497303449	0.1476905669	0.1456631840	0.1436488014	0.1416479987	0.1396613352	0.1376893501	0.1357325596	0.1337914492	0.1318664739	0.1299580586	0.1280666155	0.1261925932	0.1243365438	0.1224990547	0.1206801976	0.1188782645	0.1170890167	0.1153099807	0.1135557492	0.1118787447	0.1103625735	0.1090582775	0.1079238401	0.1068691168	0.1058345348	0.1048038628	0.1037799220	0.1027672008	0.1017675574	0.1007811300	0.0998075770	0.0988465935	0.0978979839	0.0969616036	0.0960373174	0.0951249857	0.0942244629	0.0933356014	0.0924582535	0.0915922711	0.0907375062	0.0898938108	0.0890610380	0.0882390393	0.0874276671	0.0866267697	0.0858361986	0.0850558273	0.0842855838	0.0835254545	0.0827753027	0.0820342996	0.0813001506
0.1293927792	0.1294290470	0.1294687828	0.1295142782	0.1295662630	0.1296247442	0.1296896031	0.1297607836	0.1298382885	0.1299221458	0.1300123817	0.1301090279	0.1302121110	0.1303216633	0.1304377179	0.1305603100	0.1306894789	0.1308252635	0.1309677070	0.1311168430	0.1312726973	0.1314353066	0.1316047988	0.1317815283	0.1319660647	0.1321584155	0.1323556779	0.1325490910	0.1327281684	0.1329095094	0.1331936412	0.1337755029	0.1348032516	0.1362154305	0.1378205647	0.1394725359	0.1411198293	0.1427629170	0.1444123768	0.1460739187	0.1477485558	0.1494356065	0.1511343095	0.1528441620	0.1545648096	0.1562959251	0.1580371584	0.1597881291	0.1615484334	0.1633176527	0.1650953531	0.1668810853	0.1686743783	0.1704747374	0.1722816463	0.1740945686	0.1759129505	0.1777362262	0.1795638161	0.1813951237	0.1832295308	0.1850663936	0.1869050455	0.1887448019	0.1905849576	0.1924247908	0.1942635605	0.1961005004	0.1979348281	0.1997657480	0.2015924409	0.2034140734	0.2052297965	0.2070387406	0.2088400111	0.2106327028	0.2124158971	0.2141886533	0.2159500133	0.2176990145	0.2194346826	0.2211560210	0.2228620177	0.2245516525	0.2262238923	0.2278776829	0.2295119608	0.2311256689	0.2327177561	0.2342871596	0.2358328072	0.2373536248	0.2388485376	0.2403164590	0.2417562846	0.2431669055	0.2445472285	0.2458961834	0.2472127164	0.2484957789	0.2497443269	0.2509573206	0.2521337227	0.2532724994	0.2543726303	0.2554331230	0.2564530159	0.2574313735	0.2583672853	0.2592598582	0.2601082074	0.2609114573	0.2616687618	0.2623793354	0.2630424295	0.2636573312	0.2642233607	0.2647398587	0.2652061768	0.2656217121	0.2659859182	0.2662982993	0.2665584136	0.2667658525	0.2669202416	0.2670212298	0.2670685129	0.2670618506	0.2670010610	0.2668860158	0.2667166244	0.2664928346	0.2662146391	0.2658820813	0.2654952612	0.2650543330	0.2645594954	0.2640109974	0.2634091323	0.2627542404	0.2620467172	0.2612870035	0.2604755812	0.2596129741	0.2586997531	0.2577365448	0.2567240217	0.2556628960	0.2545539144	0.2533978501	0.2521955184	0.2509477714	0.2496555085	0.2483196822	0.2469412675	0.2455212640	0.2440606831	0.2425605604	0.2410219603	0.2394459766	0.2378337484	0.2361864434	0.2345052358	0.2327912977	0.2310458180	0.2292699901	0.2274650266	0.2256321558	0.2237726211	0.2218876798	0.2199785923	0.2180466136	0.2160929911	0.2141189657	0.2121257750	0.2101146565	0.2080868466	0.2060435788	0.2039860846	0.2019155921	0.1998333152	0.1977404425	0.1956381403	0.1935275584	0.1914098327	0.1892860816	0.1871574119	0.1850249200	0.1828896816	0.1807527510	0.1786151605	0.1764779171	0.1743420026	0.1722083755	0.1700779723	0.1679517049	0.1658304595	0.1637150962	0.1616064511	0.1595053350	0.1574125353	0.1553288157	0.1532549156	0.1511915493	0.1491394048	0.1470991431	0.1450713989	0.1430567770	0.1410558559	0.1390691897	0.1370973128	0.1351407403	0.1331999608	0.1312754331	0.1293675841	0.1274768144	0.1256035236	0.1237481700	0.1219113163	0.1200934552	0.1182942237	0.1165110474	0.1147393509	0.1129800344	0.1112586756	0.1096424218	0.1082133329	0.1069907566	0.1059045301	0.1048700120	0.1038459101	0.1028261449	0.1018152302	0.1008166406	0.0998313878	0.0988593198	0.0979000760	0.0969533890	0.0960190804	0.0950970046	0.0941870164	0.0932889665	0.0924027014	0.0915280664	0.0906649067	0.0898130686	0.0889723986	0.0881427436	0.0873239507	0.0865158664	0.0857183346	0.0849312026	0.0841543387	0.0833876678	0.0826311732	0.0818847141	0.0811474512	0.0804170645
0.1276841176	0.1277216458	0.1277626009	0.1278092567	0.1278623398	0.1279218567	0.1279876893	0.1280597861	0.1281381485	0.1282228040	0.1283137815	0.1284111112	0.1285148221	0.1286249464	0.1287415188	0.1288645739	0.1289941525	0.1291302954	0.1292730407	0.1294224166	0.1295784495	0.1297412163	0.1299109668	0.1300882178	0.1302733700	0.1304650310	0.1306569110	0.1308375795	0.1310072562	0.1312273778	0.1316658292	0.1325148981	0.1337947910	0.1353397671	0.1369735465	0.1386127140	0.1402451489	0.1418808021	0.1435274814	0.1451874936	0.1468605004	0.1485457093	0.1502425471	0.1519506370	0.1536696639	0.1553993020	0.1571391954	0.1588889624	0.1606482053	0.1624165105	0.1641934484	0.1659785708	0.1677714064	0.1695714603	0.1713782171	0.1731911433	0.1750096937	0.1768333065	0.1786614066	0.1804933968	0.1823286529	0.1841665309	0.1860063676	0.1878474797	0.1896891672	0.1915307094	0.1933713597	0.1952103543	0.1970469155	0.1988802441	0.2007095235	0.2025339233	0.2043525895	0.2061646440	0.2079691969	0.2097653440	0.2115521561	0.2133286893	0.2150939933	0.2168471024	0.2185870295	0.2203127734	0.2220233273	0.2237176666	0.2253947443	0.2270535027	0.2286928872	0.2303118395	0.2319092913	0.2334841676	0.2350353942	0.2365618953	0.2380625823	0.2395363520	0.2409820948	0.2423987074	0.2437850961	0.2451401782	0.2464628792	0.2477521374	0.2490069063	0.2502261496	0.2514088300	0.2525539015	0.2536603206	0.2547270785	0.2557531983	0.2567377424	0.2576798010	0.2585784768	0.2594328817	0.2602421303	0.2610053649	0.2617217767	0.2623906060	0.2630111366	0.2635826891	0.2641046047	0.2645762275	0.2649969419	0.2653661839	0.2656834454	0.2659482833	0.2661602916	0.2663190847	0.2664243086	0.2664756579	0.2664728850	0.2664157997	0.2663042707	0.2661382092	0.2659175608	0.2656423126	0.2653125064	0.2649282429	0.2644896703	0.2639969877	0.2634504470	0.2628503422	0.2621970080	0.2614908439	0.2607322953	0.2599218366	0.2590600000	0.2581473633	0.2571845451	0.2561722297	0.2551111331	0.2540020032	0.2528456191	0.2516427980	0.2503944039	0.2491013403	0.2477645634	0.2463850569	0.2449638187	0.2435018735	0.2420002584	0.2404600503	0.2388823550	0.2372683226	0.2356191210	0.2339359310	0.2322199359	0.2304723237	0.2286942978	0.2268870740	0.2250518913	0.2231900115	0.2213027056	0.2193912375	0.2174568614	0.2155008302	0.2135243956	0.2115288046	0.2095152996	0.2074851239	0.2054395241	0.2033797422	0.2013070057	0.1992225268	0.1971275042	0.1950231168	0.1929105219	0.1907908588	0.1886652507	0.1865348047	0.1844006156	0.1822637694	0.1801253300	0.1779863331	0.1758477880	0.1737106773	0.1715759591	0.1694445708	0.1673174274	0.1651954180	0.1630794058	0.1609702279	0.1588686952	0.1567755956	0.1546916933	0.1526177279	0.1505544134	0.1485024373	0.1464624585	0.1444351117	0.1424210039	0.1404207132	0.1384347904	0.1364637660	0.1345081486	0.1325684278	0.1306450655	0.1287384911	0.1268491053	0.1249772866	0.1231234302	0.1212880096	0.1194715834	0.1176744533	0.1158956309	0.1141316194	0.1123783648	0.1106428533	0.1089648370	0.1074232306	0.1060861853	0.1049365583	0.1038873665	0.1028682004	0.1018546705	0.1008471538	0.0998502948	0.0988664704	0.0978960679	0.0969387776	0.0959942575	0.0950622741	0.0941426592	0.0932352609	0.0923399250	0.0914564931	0.0905848047	0.0897246984	0.0888760137	0.0880385924	0.0872122755	0.0863969054	0.0855923224	0.0847983662	0.0840148797	0.0832417257	0.0824788268	0.0817261625	0.0809835884	0.0802502540	0.0795238166
0.1259664686	0.1260051728	0.1260472617	0.1260949918	0.1261490845	0.1262095462	0.1262762609	0.1263491776	0.1264283001	0.1265136534	0.1266052703	0.1267031794	0.1268074119	0.1269179984	0.1270349753	0.1271583789	0.1272882497	0.1274246269	0.1275675416	0.1277170199	0.1278731064	0.1280359630	0.1282059977	0.1283837625	0.1285688990	0.1287574874	0.1289396281	0.1291068744	0.1292880539	0.1296081994	0.1302734826	0.1313921404	0.1328502625	0.1344537706	0.1360826989	0.1377050162	0.1393268749	0.1409578973	0.1426021239	0.1442598530	0.1459303420	0.1476129408	0.1493072332	0.1510129059	0.1527296515	0.1544571388	0.1561950093	0.1579428853	0.1597003743	0.1614670692	0.1632425436	0.1650263484	0.1668180118	0.1686170407	0.1704229221	0.1722351303	0.1740531257	0.1758763537	0.1777042385	0.1795361783	0.1813715474	0.1832097034	0.1850499854	0.1868917143	0.1887341925	0.1905766961	0.1924184806	0.1942587880	0.1960968397	0.1979318361	0.1997629661	0.2015893948	0.2034102606	0.2052246903	0.2070317953	0.2088306620	0.2106203601	0.2123999532	0.2141684881	0.2159249863	0.2176684598	0.2193979115	0.2211123238	0.2228106590	0.2244918745	0.2261549259	0.2277987569	0.2294222941	0.2310244575	0.2326041718	0.2341603538	0.2356919061	0.2371977231	0.2386767056	0.2401277597	0.2415497851	0.2429416730	0.2443023196	0.2456306393	0.2469255689	0.2481860553	0.2494110487	0.2505994988	0.2517503550	0.2528625756	0.2539351439	0.2549670716	0.2559574046	0.2569052162	0.2578096088	0.2586696890	0.2594845744	0.2602534024	0.2609753447	0.2616496272	0.2622755277	0.2628523575	0.2633794463	0.2638561452	0.2642818270	0.2646559107	0.2649778888	0.2652473064	0.2654637530	0.2656268484	0.2657362382	0.2657916016	0.2657926862	0.2657393006	0.2656313023	0.2654686037	0.2652511515	0.2649789295	0.2646519739	0.2642703820	0.2638343068	0.2633439484	0.2627995493	0.2622014062	0.2615498638	0.2608453102	0.2600881935	0.2592790001	0.2584182547	0.2575065382	0.2565444759	0.2555327509	0.2544720839	0.2533632225	0.2522069512	0.2510040910	0.2497555086	0.2484621276	0.2471249077	0.2457448332	0.2443229040	0.2428601461	0.2413576032	0.2398163589	0.2382375409	0.2366223130	0.2349718445	0.2332873126	0.2315699055	0.2298208166	0.2280412610	0.2262324658	0.2243956804	0.2225321732	0.2206432198	0.2187300933	0.2167940548	0.2148363599	0.2128582634	0.2108610224	0.2088458934	0.2068141296	0.2047669842	0.2027057043	0.2006315213	0.1985456452	0.1964492745	0.1943435972	0.1922297847	0.1901089842	0.1879823240	0.1858509162	0.1837158567	0.1815782291	0.1794391020	0.1772995175	0.1751604872	0.1730229954	0.1708880035	0.1687564477	0.1666292432	0.1645072825	0.1623914303	0.1602825255	0.1581813823	0.1560887872	0.1540055049	0.1519322732	0.1498698049	0.1478187857	0.1457798739	0.1437537029	0.1417408792	0.1397419829	0.1377575647	0.1357881499	0.1338342417	0.1318963255	0.1299748637	0.1280702891	0.1261830051	0.1243133840	0.1224617893	0.1206286192	0.1188143663	0.1170195407	0.1152441161	0.1134862895	0.1117418311	0.1100087304	0.1083033238	0.1066812745	0.1052268747	0.1039822077	0.1028931389	0.1018708743	0.1008642521	0.0998621496	0.0988681828	0.0978862389	0.0969177110	0.0959625733	0.0950204563	0.0940910540	0.0931741578	0.0922696026	0.0913772293	0.0904968745	0.0896283721	0.0887715551	0.0879262571	0.0870923135	0.0862695601	0.0854578340	0.0846569710	0.0838668051	0.0830871738	0.0823179369	0.0815590131	0.0808103785	0.0800718851	0.0793426720	0.0786203734
0.1242399226	0.1242797204	0.1243228587	0.1243715780	0.1244265921	0.1244879081	0.1245554144	0.1246290562	0.1247088409	0.1247947950	0.1248869492	0.1249853348	0.1250899812	0.1252009220	0.1253181917	0.1254418301	0.1255718747	0.1257083620	0.1258513160	0.1260007679	0.1261568134	0.1263197456	0.1264901035	0.1266681217	0.1268517647	0.1270336812	0.1272026699	0.1273653787	0.1276010687	0.1280959900	0.1290259246	0.1303625235	0.1319172972	0.1335313654	0.1351439408	0.1367524509	0.1383673203	0.1399947078	0.1416359501	0.1432905055	0.1449576630	0.1466369430	0.1483280218	0.1500306095	0.1517443963	0.1534690459	0.1552042008	0.1569494876	0.1587045206	0.1604688960	0.1622421896	0.1640239534	0.1658137152	0.1676109843	0.1694152551	0.1712260098	0.1730427144	0.1748648175	0.1766917402	0.1785228775	0.1803576081	0.1821952899	0.1840352636	0.1858768547	0.1877193614	0.1895620627	0.1914042221	0.1932450811	0.1950838612	0.1969197701	0.1987519922	0.2005796849	0.2024019934	0.2042180460	0.2060269449	0.2078277762	0.2096196196	0.2114015342	0.2131725546	0.2149317057	0.2166780020	0.2184104335	0.2201279696	0.2218295800	0.2235142350	0.2251808876	0.2268284705	0.2284559083	0.2300621202	0.2316460123	0.2332064770	0.2347424050	0.2362526992	0.2377362716	0.2391920257	0.2406188515	0.2420156347	0.2433812681	0.2447146575	0.2460147192	0.2472803779	0.2485105720	0.2497042512	0.2508603824	0.2519779287	0.2530558465	0.2540931336	0.2550888174	0.2560419605	0.2569516618	0.2578170377	0.2586372058	0.2594112868	0.2601384360	0.2608178641	0.2614488379	0.2620306537	0.2625626451	0.2630441748	0.2634746060	0.2638533476	0.2641798789	0.2644537334	0.2646744972	0.2648417912	0.2649552620	0.2650145824	0.2650194853	0.2649697790	0.2648653180	0.2647060117	0.2644918081	0.2642226870	0.2638986815	0.2635198864	0.2630864533	0.2625985830	0.2620565168	0.2614605458	0.2608110235	0.2601083380	0.2593529323	0.2585453013	0.2576859656	0.2567755045	0.2558145600	0.2548038106	0.2537439780	0.2526358150	0.2514801086	0.2502776831	0.2490294055	0.2477362093	0.2463990642	0.2450189514	0.2435968792	0.2421338737	0.2406309918	0.2390893238	0.2375100025	0.2358941994	0.2342430989	0.2325578771	0.2308397231	0.2290898425	0.2273094484	0.2254997817	0.2236621128	0.2217977149	0.2199078650	0.2179938302	0.2160568810	0.2140982832	0.2121192990	0.2101211893	0.2081052197	0.2060726610	0.2040247758	0.2019628099	0.1998879929	0.1978015406	0.1957046518	0.1935985140	0.1914843057	0.1893631889	0.1872363018	0.1851047624	0.1829696725	0.1808321133	0.1786931461	0.1765538140	0.1744151351	0.1722780986	0.1701436678	0.1680127807	0.1658863512	0.1637652714	0.1616504088	0.1595426046	0.1574426747	0.1553514074	0.1532695652	0.1511978836	0.1491370724	0.1470878160	0.1450507723	0.1430265724	0.1410158222	0.1390191010	0.1370369621	0.1350699271	0.1331184957	0.1311831463	0.1292643377	0.1273625053	0.1254780549	0.1236113607	0.1217627714	0.1199326405	0.1181213779	0.1163294861	0.1145573530	0.1128044438	0.1110680056	0.1093436341	0.1076336811	0.1059675266	0.1044165318	0.1030590222	0.1018990782	0.1008568786	0.0998541586	0.0988591760	0.0978697565	0.0968904794	0.0959241383	0.0949713551	0.0940318639	0.0931052955	0.0921913810	0.0912899296	0.0904007738	0.0895237469	0.0886586769	0.0878053913	0.0869637187	0.0861334875	0.0853145283	0.0845066727	0.0837097515	0.0829235942	0.0821480333	0.0813829246	0.0806281825	0.0798837809	0.0791495674	0.0784246715	0.0777067046
0.1225045754	0.1225453831	0.1225894879	0.1226391115	0.1226949607	0.1227570427	0.1228252478	0.1228995235	0.1229798756	0.1230663318	0.1231589240	0.1232576822	0.1233626380	0.1234738245	0.1235912784	0.1237150370	0.1238451375	0.1239816091	0.1241244751	0.1242737889	0.1244297419	0.1245927778	0.1247633949	0.1249408735	0.1251204770	0.1252917613	0.1254490225	0.1256323004	0.1259852627	0.1267159568	0.1278935011	0.1293714286	0.1309608964	0.1325631212	0.1341591443	0.1357578025	0.1373674910	0.1389910879	0.1406285128	0.1422790436	0.1439421247	0.1456174014	0.1473045927	0.1490034116	0.1507135460	0.1524346584	0.1541663935	0.1559083834	0.1576602466	0.1594215813	0.1611919637	0.1629709473	0.1647580632	0.1665528261	0.1683547401	0.1701632930	0.1719779557	0.1737981749	0.1756233691	0.1774529374	0.1792862603	0.1811226986	0.1829615969	0.1848022752	0.1866440327	0.1884861565	0.1903279121	0.1921685424	0.1940072765	0.1958433196	0.1976758497	0.1995040294	0.2013270074	0.2031439027	0.2049538187	0.2067558513	0.2085490762	0.2103325423	0.2121052888	0.2138663438	0.2156147061	0.2173493549	0.2190692715	0.2207734370	0.2224608133	0.2241303442	0.2257809682	0.2274116097	0.2290211685	0.2306085252	0.2321725682	0.2337121997	0.2352263257	0.2367138456	0.2381736539	0.2396046468	0.2410057178	0.2423757491	0.2437136192	0.2450182188	0.2462884674	0.2475233074	0.2487216949	0.2498825918	0.2510049487	0.2520877189	0.2531298847	0.2541304681	0.2550885239	0.2560031336	0.2568734104	0.2576984665	0.2584774239	0.2592094237	0.2598936606	0.2605293880	0.2611159035	0.2616525437	0.2621386607	0.2625736192	0.2629568204	0.2632877235	0.2635658556	0.2637908003	0.2639621768	0.2640796275	0.2641428281	0.2641515052	0.2641054560	0.2640045363	0.2638486525	0.2636377471	0.2633717993	0.2630508428	0.2626749660	0.2622443199	0.2617591026	0.2612195597	0.2606259852	0.2599787211	0.2592781653	0.2585247617	0.2577189975	0.2568613999	0.2559525493	0.2549930902	0.2539837050	0.2529251205	0.2518180908	0.2506633991	0.2494618782	0.2482144096	0.2469219245	0.2455853907	0.2442057975	0.2427841520	0.2413214818	0.2398188582	0.2382773850	0.2366982029	0.2350824842	0.2334314092	0.2317461652	0.2300279484	0.2282779653	0.2264974465	0.2246876430	0.2228498277	0.2209852848	0.2190952974	0.2171811332	0.2152440580	0.2132853410	0.2113062589	0.2093080839	0.2072920904	0.2052595557	0.2032117507	0.2011499261	0.1990753106	0.1969891195	0.1948925568	0.1927868130	0.1906730651	0.1885524807	0.1864262142	0.1842953960	0.1821611313	0.1800245011	0.1778865614	0.1757483474	0.1736108795	0.1714751546	0.1693421398	0.1672127751	0.1650879753	0.1629686293	0.1608556065	0.1587497505	0.1566518776	0.1545627783	0.1524832129	0.1504139141	0.1483555884	0.1463089176	0.1442745593	0.1422531426	0.1402452721	0.1382515255	0.1362724552	0.1343085850	0.1323604102	0.1304284031	0.1285130172	0.1266146863	0.1247338176	0.1228707891	0.1210259453	0.1191996167	0.1173921531	0.1156039847	0.1138355967	0.1120871370	0.1103573501	0.1086425331	0.1069392558	0.1052575383	0.1036431967	0.1021786459	0.1009214341	0.0998336981	0.0988252233	0.0978372096	0.0968542032	0.0958788301	0.0949152068	0.0939650252	0.0930283738	0.0921048825	0.0911942143	0.0902961344	0.0894104594	0.0885370168	0.0876756320	0.0868261266	0.0859883224	0.0851620436	0.0843471141	0.0835433604	0.0827506083	0.0819686823	0.0811974110	0.0804366450	0.0796862956	0.0789463333	0.0782166024	0.0774962227	0.0767827842
0.1207605312	0.1208022634	0.1208472504	0.1208976933	0.1209542908	0.1210170520	0.1210858655	0.1211606828	0.1212415088	0.1213283707	0.1214213018	0.1215203309	0.1216254930	0.1217368196	0.1218543475	0.1219781136	0.1221081513	0.1222444825	0.1223871400	0.1225362346	0.1226920918	0.1228552474	0.1230257634	0.1232010741	0.1233731459	0.1235315481	0.1236889368	0.1239385658	0.1244776460	0.1254631556	0.1268279142	0.1283752655	0.1299638316	0.1315482921	0.1331312271	0.1347226693	0.1363275626	0.1379466807	0.1395794174	0.1412251395	0.1428834384	0.1445540294	0.1462366457	0.1479309986	0.1496367733	0.1513536356	0.1530812349	0.1548192088	0.1565671767	0.1583247372	0.1600914659	0.1618669189	0.1636506333	0.1654421337	0.1672409315	0.1690465202	0.1708583725	0.1726759301	0.1744986156	0.1763258320	0.1781569618	0.1799913715	0.1818284044	0.1836673784	0.1855075992	0.1873483546	0.1891889106	0.1910285201	0.1928664122	0.1947017869	0.1965338274	0.1983617011	0.2001845474	0.2020014869	0.2038116345	0.2056140823	0.2074078963	0.2091921321	0.2109658310	0.2127280047	0.2144776448	0.2162137448	0.2179352964	0.2196412705	0.2213306212	0.2230022982	0.2246552363	0.2262883399	0.2279004926	0.2294905819	0.2310575069	0.2326001645	0.2341174455	0.2356082416	0.2370714541	0.2385059809	0.2399107032	0.2412844864	0.2426261988	0.2439347319	0.2452089984	0.2464479335	0.2476504801	0.2488155850	0.2499422133	0.2510293313	0.2520759067	0.2530809376	0.2540434558	0.2549625344	0.2558372747	0.2566667961	0.2574502346	0.2581867227	0.2588754358	0.2595156079	0.2601065321	0.2606475401	0.2611379757	0.2615772127	0.2619646469	0.2622997267	0.2625819680	0.2628109484	0.2629862888	0.2631076285	0.2631746424	0.2631870526	0.2631446415	0.2630472659	0.2628948280	0.2626872662	0.2624245656	0.2621067537	0.2617339135	0.2613061963	0.2608238025	0.2602869753	0.2596960085	0.2590512425	0.2583530770	0.2576019568	0.2567983674	0.2559428402	0.2550359603	0.2540783708	0.2530707613	0.2520138535	0.2509083995	0.2497551897	0.2485550576	0.2473088971	0.2460176488	0.2446822775	0.2433037734	0.2418831461	0.2404214274	0.2389196852	0.2373790343	0.2358006404	0.2341856743	0.2325353164	0.2308507532	0.2291331801	0.2273838108	0.2256038931	0.2237946968	0.2219574968	0.2200935837	0.2182042329	0.2162907225	0.2143543210	0.2123962995	0.2104179377	0.2084205208	0.2064053398	0.2043736765	0.2023267984	0.2002659589	0.1981923945	0.1961073233	0.1940119499	0.1919074686	0.1897950600	0.1876758922	0.1855511245	0.1834219016	0.1812893367	0.1791545097	0.1770184755	0.1748822660	0.1727468943	0.1706133596	0.1684826360	0.1663556664	0.1642333670	0.1621166279	0.1600063155	0.1579032748	0.1558083232	0.1537222496	0.1516458135	0.1495797452	0.1475247494	0.1454815045	0.1434506651	0.1414328600	0.1394286915	0.1374387349	0.1354635409	0.1335036340	0.1315595083	0.1296316319	0.1277204525	0.1258263986	0.1239498764	0.1220912657	0.1202509133	0.1184291394	0.1166262597	0.1148426337	0.1130787095	0.1113348955	0.1096109213	0.1079045878	0.1062115687	0.1045315576	0.1028865640	0.1013404063	0.0999759665	0.0988136152	0.0977811425	0.0967958566	0.0958205441	0.0948507279	0.0938906935	0.0929434810	0.0920098935	0.0910897121	0.0901825507	0.0892881141	0.0884061900	0.0875365969	0.0866791559	0.0858336842	0.0849999984	0.0841779161	0.0833672567	0.0825678412	0.0817794901	0.0810020232	0.0802352638	0.0794790594	0.0787333169	0.0779980044	0.0772729616	0.0765573004	0.0758485900
0.1190079045	0.1190504741	0.1190962565	0.1191474304	0.1192046891	0.1192680407	0.1193373742	0.1194126416	0.1194938477	0.1195810211	0.1196741931	0.1197733944	0.1198786596	0.1199900212	0.1201075152	0.1202311772	0.1203610323	0.1204971021	0.1206394489	0.1207882834	0.1209440667	0.1211072319	0.1212767615	0.1214473540	0.1216084469	0.1217569854	0.1219417407	0.1223188022	0.1230933634	0.1243033030	0.1257814401	0.1273480883	0.1289210307	0.1304892233	0.1320623288	0.1336476464	0.1352473290	0.1368611201	0.1384883469	0.1401285266	0.1417813506	0.1434465649	0.1451239051	0.1468130810	0.1485137777	0.1502256661	0.1519484017	0.1536816266	0.1554249602	0.1571779989	0.1589403205	0.1607114833	0.1624910329	0.1642785039	0.1660734138	0.1678752610	0.1696835146	0.1714976186	0.1733170007	0.1751410664	0.1769692045	0.1788007822	0.1806351402	0.1824716043	0.1843094829	0.1861480615	0.1879866135	0.1898243936	0.1916606251	0.1934945152	0.1953252538	0.1971520007	0.1989738959	0.2007900731	0.2025996443	0.2044016932	0.2061952927	0.2079795003	0.2097533418	0.2115158221	0.2132659502	0.2150027296	0.2167251418	0.2184321525	0.2201227213	0.2217957899	0.2234502679	0.2250850509	0.2266990393	0.2282911356	0.2298602291	0.2314052005	0.2329249385	0.2344183396	0.2358842936	0.2373216775	0.2387293642	0.2401062285	0.2414511486	0.2427630104	0.2440407017	0.2452831383	0.2464892616	0.2476580237	0.2487883955	0.2498793416	0.2509298148	0.2519387901	0.2529052860	0.2538283682	0.2547071368	0.2555407174	0.2563282367	0.2570688308	0.2577616611	0.2584059391	0.2590009483	0.2595460175	0.2600404987	0.2604837701	0.2608752194	0.2612142812	0.2615004644	0.2617333374	0.2619125134	0.2620376387	0.2621083874	0.2621244690	0.2620856630	0.2619918244	0.2618428477	0.2616386757	0.2613792914	0.2610647159	0.2606950360	0.2602703972	0.2597909987	0.2592570835	0.2586689426	0.2580269203	0.2573314145	0.2565828699	0.2557817735	0.2549286574	0.2540241090	0.2530687732	0.2520633428	0.2510085367	0.2499051133	0.2487538670	0.2475556322	0.2463113054	0.2450218307	0.2436881810	0.2423113418	0.2408923253	0.2394321717	0.2379319555	0.2363927979	0.2348158669	0.2332023393	0.2315533956	0.2298702249	0.2281540258	0.2264060220	0.2246274664	0.2228196375	0.2209838306	0.2191213348	0.2172334249	0.2153213699	0.2133864515	0.2114299534	0.2094531560	0.2074573540	0.2054438432	0.2034139133	0.2013688327	0.1993098507	0.1972382067	0.1951551288	0.1930618274	0.1909594969	0.1888493226	0.1867324778	0.1846101208	0.1824833954	0.1803534234	0.1782212921	0.1760880566	0.1739547490	0.1718223791	0.1696919382	0.1675644016	0.1654407198	0.1633218109	0.1612085681	0.1591018570	0.1570025187	0.1549113694	0.1528291972	0.1507567593	0.1486947860	0.1466439797	0.1446050164	0.1425785465	0.1405651966	0.1385655673	0.1365802319	0.1346097382	0.1326546087	0.1307153387	0.1287923944	0.1268862177	0.1249972301	0.1231258345	0.1212724095	0.1194373051	0.1176208392	0.1158233110	0.1140450305	0.1122863767	0.1105477958	0.1088295075	0.1071305864	0.1054478029	0.1037772167	0.1021250342	0.1005296013	0.0990694459	0.0978108322	0.0967294281	0.0957363827	0.0947680059	0.0938054317	0.0928502425	0.0919065814	0.0909763375	0.0900596957	0.0891562932	0.0882657720	0.0873878755	0.0865224035	0.0856691713	0.0848279932	0.0839986804	0.0831810449	0.0823749015	0.0815800647	0.0807963503	0.0800235739	0.0792615537	0.0785101334	0.0777692158	0.0770387667	0.0763186215	0.0756078835	0.0749041029
0.1172468127	0.1172901328	0.1173366240	0.1173884403	0.1174462710	0.1175101220	0.1175798857	0.1176555126	0.1177370060	0.1178243964	0.1179177133	0.1180169893	0.1181222561	0.1182335491	0.1183509030	0.1184743466	0.1186039008	0.1187395982	0.1188815631	0.1190301349	0.1191858381	0.1193485965	0.1195154846	0.1196781136	0.1198268862	0.1199788742	0.1202365324	0.1208027034	0.1218185319	0.1231902442	0.1247192919	0.1262785547	0.1278331717	0.1293883918	0.1309535579	0.1325327663	0.1341264828	0.1357340996	0.1373550504	0.1389889800	0.1406356346	0.1422947704	0.1439661220	0.1456493975	0.1473442878	0.1490504683	0.1507676008	0.1524953297	0.1542332736	0.1559810306	0.1577381792	0.1595042830	0.1612788967	0.1630615616	0.1648518012	0.1666491129	0.1684529654	0.1702628117	0.1720780799	0.1738981829	0.1757225138	0.1775504361	0.1793812981	0.1812144306	0.1830491410	0.1848847222	0.1867204499	0.1885555694	0.1903893104	0.1922208875	0.1940494858	0.1958742666	0.1976943841	0.1995089713	0.2013171313	0.2031179557	0.2049105201	0.2066938659	0.2084670144	0.2102289894	0.2119788086	0.2137154668	0.2154379430	0.2171452088	0.2188362113	0.2205098662	0.2221650784	0.2238007630	0.2254158337	0.2270091854	0.2285796992	0.2301262596	0.2316477541	0.2331430586	0.2346110377	0.2360505658	0.2374605276	0.2388398110	0.2401872914	0.2415018326	0.2427823170	0.2440276551	0.2452367822	0.2464086452	0.2475422011	0.2486364064	0.2496902235	0.2507026230	0.2516726146	0.2525992450	0.2534815993	0.2543187969	0.2551099660	0.2558542526	0.2565508120	0.2571988449	0.2577976220	0.2583464603	0.2588447158	0.2592917642	0.2596869940	0.2600298271	0.2603197610	0.2605563586	0.2607392287	0.2608680199	0.2609424068	0.2609620950	0.2609268598	0.2608365447	0.2606910442	0.2604903057	0.2602343019	0.2599230572	0.2595566584	0.2591352447	0.2586590127	0.2581282059	0.2575431172	0.2569040901	0.2562115219	0.2554658564	0.2546675802	0.2538172286	0.2529153891	0.2519627062	0.2509598726	0.2499076119	0.2488066837	0.2476578805	0.2464620447	0.2452200845	0.2439329413	0.2426015890	0.2412270143	0.2398102240	0.2383522620	0.2368542167	0.2353172278	0.2337424560	0.2321310790	0.2304842698	0.2288032189	0.2270891395	0.2253432620	0.2235668522	0.2217611941	0.2199275828	0.2180673053	0.2161816441	0.2142718743	0.2123392805	0.2103851484	0.2084107765	0.2064174639	0.2044065098	0.2023791989	0.2003368006	0.1982805700	0.1962117451	0.1941315565	0.1920412249	0.1899419535	0.1878349294	0.1857213294	0.1836023136	0.1814790178	0.1793525595	0.1772240354	0.1750945102	0.1729650171	0.1708365655	0.1687101414	0.1665867123	0.1644672318	0.1623526251	0.1602437868	0.1581415836	0.1560468524	0.1539604041	0.1518830248	0.1498154716	0.1477584740	0.1457127331	0.1436789214	0.1416576867	0.1396496517	0.1376554138	0.1356755452	0.1337105905	0.1317610692	0.1298274763	0.1279102780	0.1260099118	0.1241267930	0.1222613170	0.1204138599	0.1185847733	0.1167743764	0.1149829614	0.1132108114	0.1114582437	0.1097256565	0.1080134418	0.1063214612	0.1046479021	0.1029887317	0.1013423473	0.0997258853	0.0981965433	0.0968377600	0.0956816069	0.0946627692	0.0936965186	0.0927421041	0.0917933223	0.0908541072	0.0899276116	0.0890147561	0.0881153579	0.0872290211	0.0863554310	0.0854943580	0.0846456070	0.0838089880	0.0829843083	0.0821713754	0.0813699972	0.0805799847	0.0798011478	0.0790332969	0.0782762470	0.0775298370	0.0767939664	0.0760685971	0.0753535621	0.0746479553	0.0739493104
0.1154773700	0.1155213590	0.1155684733	0.1156208462	0.1156791590	0.1157434197	0.1158135214	0.1158894139	0.1159711023	0.1160586149	0.1161519815	0.1162512344	0.1163564045	0.1164675277	0.1165846336	0.1167077454	0.1168368848	0.1169721173	0.1171136629	0.1172619872	0.1174174722	0.1175789158	0.1177407206	0.1178924144	0.1180327507	0.1182156130	0.1186037353	0.1193989638	0.1206186315	0.1220835468	0.1236223408	0.1251641110	0.1267025227	0.1282474147	0.1298052810	0.1313778338	0.1329647422	0.1345653827	0.1361793280	0.1378063062	0.1394460881	0.1410984328	0.1427630712	0.1444397147	0.1461280601	0.1478277888	0.1495385669	0.1512600389	0.1529918248	0.1547335259	0.1564847241	0.1582449912	0.1600138881	0.1617909614	0.1635757347	0.1653677028	0.1671663426	0.1689711116	0.1707814438	0.1725967588	0.1744164476	0.1762398788	0.1780664091	0.1798953696	0.1817260735	0.1835578204	0.1853898777	0.1872214926	0.1890519023	0.1908803163	0.1927059187	0.1945278881	0.1963453813	0.1981575236	0.1999634261	0.2017621846	0.2035528586	0.2053344854	0.2071061057	0.2088667543	0.2106154397	0.2123511563	0.2140728895	0.2157795958	0.2174701973	0.2191436095	0.2207987588	0.2224345673	0.2240499382	0.2256437667	0.2272149461	0.2287623585	0.2302848645	0.2317813172	0.2332505858	0.2346915528	0.2361031022	0.2374841130	0.2388334599	0.2401500153	0.2414326656	0.2426803006	0.2438918288	0.2450661856	0.2462023285	0.2472992204	0.2483558348	0.2493711380	0.2503441159	0.2512737967	0.2521592539	0.2529996026	0.2537939883	0.2545415589	0.2552414678	0.2558929067	0.2564951164	0.2570474049	0.2575491346	0.2579996796	0.2583984296	0.2587448080	0.2590382959	0.2592784449	0.2594648675	0.2595972099	0.2596751444	0.2596983768	0.2596666717	0.2595798643	0.2594378525	0.2592405822	0.2589880255	0.2586802042	0.2583172000	0.2578991509	0.2574262570	0.2568987605	0.2563169483	0.2556811678	0.2549918148	0.2542493300	0.2534542005	0.2526069643	0.2517082138	0.2507585914	0.2497587909	0.2487095390	0.2476115881	0.2464657333	0.2452728215	0.2440337668	0.2427495187	0.2414210452	0.2400493374	0.2386354019	0.2371802827	0.2356850781	0.2341509391	0.2325790294	0.2309705197	0.2293265873	0.2276484146	0.2259372231	0.2241942557	0.2224207863	0.2206181165	0.2187875298	0.2169303068	0.2150477299	0.2131410870	0.2112116740	0.2092607809	0.2072897128	0.2052997792	0.2032922832	0.2012685012	0.1992296936	0.1971771234	0.1951120358	0.1930356616	0.1909492234	0.1888539364	0.1867509983	0.1846415848	0.1825268522	0.1804079335	0.1782859381	0.1761619606	0.1740370767	0.1719123289	0.1697887262	0.1676672535	0.1655488738	0.1634345325	0.1613251597	0.1592216541	0.1571248806	0.1550356751	0.1529548433	0.1508831662	0.1488214014	0.1467702765	0.1447304912	0.1427027169	0.1406875973	0.1386857518	0.1366977732	0.1347242313	0.1327656685	0.1308226016	0.1288955224	0.1269848963	0.1250911597	0.1232147217	0.1213559711	0.1195152785	0.1176929933	0.1158894372	0.1141049012	0.1123396553	0.1105939748	0.1088681940	0.1071627170	0.1054777833	0.1038126662	0.1021645147	0.1005292970	0.0989109639	0.0973424809	0.0958983733	0.0946500488	0.0935821185	0.0926075004	0.0916601506	0.0907192758	0.0897857298	0.0888635860	0.0879548207	0.0870596722	0.0861777830	0.0853087790	0.0844523885	0.0836083968	0.0827766086	0.0819568277	0.0811488569	0.0803524991	0.0795675601	0.0787938454	0.0780311604	0.0772793155	0.0765381456	0.0758075466	0.0750874777	0.0743777682	0.0736775037	0.0729842024
0.1136996871	0.1137442664	0.1137919234	0.1138447698	0.1139034800	0.1139680618	0.1140384094	0.1141144743	0.1141962637	0.1142838031	0.1143771230	0.1144762558	0.1145812311	0.1146920820	0.1148088325	0.1149315028	0.1150601246	0.1151948256	0.1153359481	0.1154840050	0.1156388433	0.1157973772	0.1159511311	0.1160910835	0.1162364413	0.1164936455	0.1170675753	0.1180898636	0.1194518590	0.1209553598	0.1224829450	0.1240060260	0.1255311410	0.1270670946	0.1286174801	0.1301826051	0.1317618794	0.1333547884	0.1349610174	0.1365803402	0.1382125365	0.1398573646	0.1415145559	0.1431838273	0.1448648800	0.1465574029	0.1482610636	0.1499755063	0.1517003547	0.1534352125	0.1551796712	0.1569333121	0.1586956999	0.1604663826	0.1622448798	0.1640306893	0.1658232942	0.1676221556	0.1694267186	0.1712364031	0.1730506019	0.1748686960	0.1766900415	0.1785139752	0.1803398207	0.1821668715	0.1839943948	0.1858216494	0.1876478657	0.1894722485	0.1912939963	0.1931122937	0.1949262909	0.1967351223	0.1985379063	0.2003337231	0.2021216276	0.2039006782	0.2056699274	0.2074284008	0.2091751088	0.2109090526	0.2126292004	0.2143344843	0.2160238327	0.2176961828	0.2193504642	0.2209855870	0.2226004582	0.2241939854	0.2257650560	0.2273125298	0.2288352554	0.2303320933	0.2318019232	0.2332436117	0.2346560285	0.2360380506	0.2373885729	0.2387064770	0.2399906338	0.2412399074	0.2424531971	0.2436294323	0.2447675676	0.2458665713	0.2469254088	0.2479430500	0.2489184683	0.2498506792	0.2507387557	0.2515818089	0.2523789790	0.2531294122	0.2538322650	0.2544867183	0.2550919965	0.2556474029	0.2561522972	0.2566060560	0.2570080751	0.2573577716	0.2576546107	0.2578981355	0.2580879528	0.2582237130	0.2583050891	0.2583317868	0.2583035604	0.2582202391	0.2580817216	0.2578879484	0.2576388988	0.2573345913	0.2569751010	0.2565605640	0.2560911797	0.2555671939	0.2549888913	0.2543566123	0.2536707555	0.2529317640	0.2521401201	0.2512963647	0.2504010883	0.2494549390	0.2484586125	0.2474128265	0.2463183371	0.2451759427	0.2439864989	0.2427509159	0.2414701458	0.2401451537	0.2387769272	0.2373664767	0.2359148593	0.2344231859	0.2328926037	0.2313242760	0.2297193681	0.2280790550	0.2264045286	0.2246970145	0.2229577687	0.2211880680	0.2193892125	0.2175624881	0.2157091760	0.2138305557	0.2119279128	0.2100025515	0.2080557857	0.2060889275	0.2041032867	0.2021001580	0.2000808191	0.1980465379	0.1959985638	0.1939381478	0.1918665316	0.1897849401	0.1876945908	0.1855966910	0.1834924211	0.1813829305	0.1792693476	0.1771527810	0.1750343187	0.1729150342	0.1707959803	0.1686781747	0.1665626027	0.1644502267	0.1623419849	0.1602387997	0.1581415719	0.1560511676	0.1539684203	0.1518941346	0.1498290869	0.1477740301	0.1457296917	0.1436967684	0.1416759311	0.1396678212	0.1376730527	0.1356922152	0.1337258747	0.1317745713	0.1298388184	0.1279191040	0.1260158903	0.1241296132	0.1222606787	0.1204094698	0.1185763494	0.1167616626	0.1149657319	0.1131888492	0.1114312786	0.1096932722	0.1079751118	0.1062771519	0.1045997587	0.1029428543	0.1013048633	0.0996820063	0.0980720396	0.0964890763	0.0949856817	0.0936447910	0.0925048234	0.0915047792	0.0905596553	0.0896273928	0.0887009734	0.0877840633	0.0868798104	0.0859891760	0.0851119907	0.0842478508	0.0833964278	0.0825574797	0.0817308002	0.0809161890	0.0801134453	0.0793223680	0.0785427569	0.0777744129	0.0770171375	0.0762707361	0.0755350394	0.0748099404	0.0740953954	0.0733912292	0.0726965214	0.0720087744
0.1119138723	0.1119589648	0.1120070885	0.1120603298	0.1121193551	0.1121841725	0.1122546782	0.1123308265	0.1124126233	0.1125000946	0.1125932714	0.1126921864	0.1127968672	0.1129073428	0.1130236314	0.1131457530	0.1132737709	0.1134079048	0.1135486142	0.1136962581	0.1138495796	0.1140029402	0.1141460345	0.1142782633	0.1144546672	0.1148394206	0.1156327297	0.1168423097	0.1182836478	0.1197909285	0.1212998137	0.1228063635	0.1243203192	0.1258476981	0.1273899978	0.1289468673	0.1305177222	0.1321021753	0.1336999827	0.1353109398	0.1369348293	0.1385714067	0.1402204092	0.1418815592	0.1435545642	0.1452391160	0.1469348848	0.1486415150	0.1503586349	0.1520858541	0.1538227756	0.1555689870	0.1573240585	0.1590875344	0.1608589332	0.1626377598	0.1644234981	0.1662156163	0.1680135640	0.1698167617	0.1716246144	0.1734365086	0.1752518024	0.1770698446	0.1788899576	0.1807114322	0.1825335488	0.1843555641	0.1861767019	0.1879961793	0.1898132024	0.1916269450	0.1934365650	0.1952412081	0.1970399798	0.1988319548	0.2006162108	0.2023918199	0.2041578267	0.2059132592	0.2076571355	0.2093884388	0.2111061134	0.2128091007	0.2144963523	0.2161668067	0.2178193832	0.2194529985	0.2210665697	0.2226589906	0.2242291267	0.2257758371	0.2272979927	0.2287944580	0.2302640887	0.2317057387	0.2331182867	0.2345006168	0.2358516181	0.2371701649	0.2384551175	0.2397053514	0.2409197569	0.2420972510	0.2432367701	0.2443372681	0.2453977207	0.2464171107	0.2473944250	0.2483286652	0.2492188745	0.2500641546	0.2508636354	0.2516164741	0.2523218447	0.2529789157	0.2535869080	0.2541451066	0.2546528501	0.2551095254	0.2555145387	0.2558673011	0.2561672684	0.2564139723	0.2566070127	0.2567460458	0.2568307493	0.2568608239	0.2568360188	0.2567561567	0.2566211359	0.2564308952	0.2561854114	0.2558847041	0.2555288424	0.2551179652	0.2546522671	0.2541319882	0.2535574217	0.2529289071	0.2522468377	0.2515116552	0.2507238458	0.2498839464	0.2489925451	0.2480502974	0.2470578929	0.2460160491	0.2449255176	0.2437871021	0.2426016708	0.2413701302	0.2400934328	0.2387725448	0.2374084416	0.2360021356	0.2345546992	0.2330672495	0.2315409385	0.2299769270	0.2283763748	0.2267404522	0.2250703570	0.2233673197	0.2216326135	0.2198675272	0.2180733405	0.2162513391	0.2144028019	0.2125290131	0.2106312726	0.2087108763	0.2067691499	0.2048074222	0.2028270011	0.2008291720	0.1988152130	0.1967863989	0.1947439781	0.1926891965	0.1906233020	0.1885475296	0.1864631000	0.1843712152	0.1822730588	0.1801697835	0.1780625130	0.1759523533	0.1738403912	0.1717276920	0.1696153063	0.1675042647	0.1653955609	0.1632901561	0.1611889867	0.1590929629	0.1570029768	0.1549198971	0.1528445577	0.1507777622	0.1487202852	0.1466728725	0.1446362490	0.1426111103	0.1405981245	0.1385979317	0.1366111420	0.1346383416	0.1326800914	0.1307369279	0.1288093611	0.1268978747	0.1250029274	0.1231249522	0.1212643547	0.1194215126	0.1175967826	0.1157905034	0.1140029947	0.1122345491	0.1104854300	0.1087558779	0.1070461382	0.1053565077	0.1036873533	0.1020389059	0.1004105316	0.0987996029	0.0972021241	0.0956208796	0.0940856626	0.0926681014	0.0914415363	0.0903947480	0.0894419970	0.0885172065	0.0875992708	0.0866887547	0.0857896153	0.0849038133	0.0840315900	0.0831725857	0.0823264175	0.0814928016	0.0806715142	0.0798623497	0.0790651033	0.0782795702	0.0775055455	0.0767428256	0.0759912069	0.0752504906	0.0745205041	0.0738011366	0.0730923418	0.0723939402	0.0717050061	0.0710230271
0.1101200336	0.1101655657	0.1102140814	0.1102676414	0.1103269026	0.1103918742	0.1104624554	0.1105385999	0.1106203144	0.1107076249	0.1108005654	0.1108991638	0.1110034508	0.1111134473	0.1112291683	0.1113506418	0.1114779918	0.1116115527	0.1117518241	0.1118986500	0.1120489825	0.1121944794	0.1123262980	0.1124633351	0.1127108657	0.1132732511	0.1142803968	0.1156186977	0.1170909065	0.1185846616	0.1200743316	0.1215668655	0.1230707104	0.1245892206	0.1261226581	0.1276704599	0.1292321468	0.1308074316	0.1323961100	0.1339979855	0.1356128391	0.1372404271	0.1388804923	0.1405327642	0.1421969569	0.1438727636	0.1455598550	0.1472578806	0.1489664720	0.1506852508	0.1524138269	0.1541517945	0.1558987257	0.1576541624	0.1594176300	0.1611886352	0.1629666661	0.1647511958	0.1665416707	0.1683375201	0.1701381598	0.1719429762	0.1737513427	0.1755626108	0.1773760986	0.1791911089	0.1810069271	0.1828228005	0.1846379657	0.1864516512	0.1882630533	0.1900713470	0.1918757018	0.1936752510	0.1954690928	0.1972563274	0.1990360499	0.2008073255	0.2025692021	0.2043207169	0.2060608706	0.2077886216	0.2095029261	0.2112027507	0.2128870457	0.2145547411	0.2162047664	0.2178360482	0.2194474841	0.2210379438	0.2226063010	0.2241514365	0.2256722229	0.2271675146	0.2286361518	0.2300770011	0.2314889454	0.2328708546	0.2342215937	0.2355400465	0.2368250891	0.2380756004	0.2392904565	0.2404685476	0.2416087947	0.2427101607	0.2437716326	0.2447921969	0.2457708446	0.2467065672	0.2475983852	0.2484453827	0.2492466987	0.2500015001	0.2507089601	0.2513682506	0.2519785769	0.2525392027	0.2530494607	0.2535087386	0.2539164499	0.2542720150	0.2545748819	0.2548245645	0.2550206612	0.2551628240	0.2552507322	0.2552840882	0.2552626398	0.2551862051	0.2550546753	0.2548679886	0.2546261216	0.2543290943	0.2539769756	0.2535699037	0.2531080666	0.2525917013	0.2520211035	0.2513966157	0.2507186263	0.2499875749	0.2492039465	0.2483682761	0.2474811589	0.2465432437	0.2455552194	0.2445178073	0.2434317530	0.2422978630	0.2411170047	0.2398900947	0.2386180770	0.2373019116	0.2359425772	0.2345410944	0.2330985372	0.2316160323	0.2300947275	0.2285357784	0.2269403420	0.2253095927	0.2236447347	0.2219470036	0.2202176769	0.2184580495	0.2166693998	0.2148529990	0.2130101258	0.2111420688	0.2092501389	0.2073356422	0.2053999049	0.2034442491	0.2014699910	0.1994784172	0.1974708002	0.1954484061	0.1934125018	0.1913643390	0.1893051581	0.1872361982	0.1851586849	0.1830738157	0.1809827661	0.1788866929	0.1767867263	0.1746839681	0.1725795017	0.1704743901	0.1683696767	0.1662663919	0.1641655421	0.1620680935	0.1599749782	0.1578871006	0.1558053394	0.1537305575	0.1516635925	0.1496052468	0.1475562936	0.1455174763	0.1434895115	0.1414730944	0.1394688904	0.1374775358	0.1354996410	0.1335357866	0.1315865285	0.1296523978	0.1277339011	0.1258315174	0.1239457018	0.1220768836	0.1202254666	0.1183918270	0.1165763154	0.1147792630	0.1130009838	0.1112417702	0.1095018862	0.1077815682	0.1060810390	0.1044005486	0.1027404170	0.1011009781	0.0994821615	0.0978824976	0.0962983802	0.0947273651	0.0931821015	0.0917125204	0.0904005751	0.0892865312	0.0883106131	0.0873888495	0.0864800220	0.0855772501	0.0846840667	0.0838035216	0.0829365379	0.0820829365	0.0812423076	0.0804143155	0.0795987087	0.0787952727	0.0780037985	0.0772240782	0.0764559022	0.0756990631	0.0749533522	0.0742185669	0.0734945310	0.0727811300	0.0720783140	0.0713859021	0.0707029600	0.0700269650
0.1083182830	0.1083641827	0.1084130176	0.1084668208	0.1085262416	0.1085912891	0.1086618654	0.1087379220	0.1088194682	0.1089065308	0.1089991429	0.1090973316	0.1092011250	0.1093105381	0.1094255876	0.1095463297	0.1096729733	0.1098059646	0.1099456631	0.1100908832	0.1102361797	0.1103714465	0.1104955497	0.1106608173	0.1110279208	0.1117979499	0.1129799509	0.1143890523	0.1158616662	0.1173358518	0.1188083252	0.1202886243	0.1217825568	0.1232915659	0.1248153229	0.1263532777	0.1279050688	0.1294704743	0.1310493106	0.1326413810	0.1342464631	0.1358643181	0.1374946944	0.1391373264	0.1407919340	0.1424582120	0.1441358328	0.1458244518	0.1475237082	0.1492332355	0.1509526484	0.1526815463	0.1544194992	0.1561660541	0.1579207437	0.1596830761	0.1614525467	0.1632286266	0.1650107640	0.1667983987	0.1685909458	0.1703878021	0.1721883531	0.1739919459	0.1757979084	0.1776055529	0.1794141567	0.1812229763	0.1830312652	0.1848382454	0.1866431126	0.1884450548	0.1902432295	0.1920367557	0.1938247545	0.1956063474	0.1973806264	0.1991466604	0.2009035093	0.2026501940	0.2043856912	0.2061089718	0.2078190179	0.2095147945	0.2111952450	0.2128593123	0.2145059339	0.2161340148	0.2177424317	0.2193300673	0.2208958125	0.2224385469	0.2239571270	0.2254504135	0.2269172660	0.2283565509	0.2297671234	0.2311478378	0.2324975617	0.2338151876	0.2350996031	0.2363496704	0.2375642604	0.2387422610	0.2398825881	0.2409842066	0.2420460886	0.2430672236	0.2440466074	0.2449832344	0.2458761255	0.2467243499	0.2475270336	0.2482833342	0.2489924268	0.2496534985	0.2502657464	0.2508284215	0.2513408538	0.2518024217	0.2522125381	0.2525706358	0.2528761587	0.2531286060	0.2533275683	0.2534726975	0.2535636742	0.2536002060	0.2535820395	0.2535089868	0.2533809291	0.2531978078	0.2529596065	0.2526663399	0.2523180768	0.2519149496	0.2514571456	0.2509449074	0.2503785226	0.2497583277	0.2490847170	0.2483581271	0.2475790388	0.2467479883	0.2458655737	0.2449324374	0.2439492654	0.2429167758	0.2418357208	0.2407069064	0.2395311974	0.2383095219	0.2370428109	0.2357320133	0.2343781128	0.2329821387	0.2315451738	0.2300683489	0.2285528049	0.2269996854	0.2254101448	0.2237853612	0.2221265542	0.2204349729	0.2187118934	0.2169585944	0.2151763518	0.2133664412	0.2115301438	0.2096687471	0.2077835583	0.2058759052	0.2039471196	0.2019985145	0.2000313867	0.1980470300	0.1960467261	0.1940317406	0.1920033413	0.1899627905	0.1879113307	0.1858501999	0.1837806151	0.1817037747	0.1796208490	0.1775329891	0.1754413315	0.1733469841	0.1712510252	0.1691545155	0.1670584966	0.1649639900	0.1628720026	0.1607835106	0.1586994455	0.1566207064	0.1545481658	0.1524826740	0.1504250653	0.1483761451	0.1463366840	0.1443074246	0.1422890784	0.1402823343	0.1382878557	0.1363062766	0.1343382043	0.1323842168	0.1304448638	0.1285206708	0.1266121389	0.1247197443	0.1228439370	0.1209851423	0.1191437617	0.1173201694	0.1155147122	0.1137277146	0.1119594832	0.1102103070	0.1084804508	0.1067701499	0.1050796161	0.1034090665	0.1017587671	0.1001290511	0.0985201211	0.0969313589	0.0953602398	0.0938028761	0.0922617055	0.0907651926	0.0893834154	0.0881892584	0.0871710118	0.0862435285	0.0853428449	0.0844490721	0.0835629242	0.0826882143	0.0818267952	0.0809788664	0.0801440571	0.0793219808	0.0785123479	0.0777149271	0.0769295052	0.0761558703	0.0753938102	0.0746431123	0.0739035639	0.0731749591	0.0724571168	0.0717499197	0.0710533153	0.0703671193	0.0696903915	0.0690205992
0.1065087360	0.1065549316	0.1066040138	0.1066579871	0.1067174922	0.1067825401	0.1068530312	0.1069289205	0.1070102165	0.1070969469	0.1071891418	0.1072868298	0.1073900328	0.1074987627	0.1076130445	0.1077329903	0.1078589157	0.1079913116	0.1081300794	0.1082723858	0.1084102202	0.1085345712	0.1086618093	0.1088910624	0.1094235293	0.1103955285	0.1116977464	0.1131336809	0.1145915393	0.1160458463	0.1175033151	0.1189722200	0.1204558927	0.1219546298	0.1234679036	0.1249952626	0.1265364395	0.1280912515	0.1296595228	0.1312410540	0.1328356236	0.1344429973	0.1360629282	0.1376951553	0.1393393994	0.1409953576	0.1426627082	0.1443411122	0.1460302215	0.1477296764	0.1494390998	0.1511580888	0.1528862162	0.1546230379	0.1563680879	0.1581208845	0.1598809254	0.1616476795	0.1634206072	0.1651991476	0.1669827178	0.1687707282	0.1705625609	0.1723575694	0.1741550963	0.1759544512	0.1777549144	0.1795557628	0.1813562490	0.1831555918	0.1849530015	0.1867476628	0.1885387137	0.1903252891	0.1921065333	0.1938815628	0.1956494728	0.1974093494	0.1991602399	0.2009011412	0.2026310417	0.2043489411	0.2060538206	0.2077446380	0.2094203513	0.2110799119	0.2127222346	0.2143462053	0.2159507180	0.2175346719	0.2190969488	0.2206364171	0.2221519420	0.2236424034	0.2251066662	0.2265435736	0.2279519659	0.2293307052	0.2306786635	0.2319947170	0.2332777416	0.2345266106	0.2357402120	0.2369174411	0.2380571967	0.2391584183	0.2402200677	0.2412411466	0.2422206660	0.2431576318	0.2440510586	0.2448999949	0.2457035344	0.2464608333	0.2471710868	0.2478334949	0.2484472588	0.2490116104	0.2495258579	0.2499893791	0.2504015860	0.2507619194	0.2510698272	0.2513248044	0.2515264280	0.2516743484	0.2517682541	0.2518078513	0.2517928852	0.2517231606	0.2515985571	0.2514190211	0.2511845334	0.2508951035	0.2505508012	0.2501517584	0.2496981601	0.2491902501	0.2486283120	0.2480126810	0.2473437518	0.2466219580	0.2458477796	0.2450217478	0.2441444621	0.2432165650	0.2422387349	0.2412116861	0.2401361697	0.2390129904	0.2378430225	0.2366271877	0.2353664157	0.2340616508	0.2327138758	0.2313241220	0.2298934792	0.2284230763	0.2269140536	0.2253675452	0.2237847056	0.2221667139	0.2205147948	0.2188302110	0.2171142462	0.2153681661	0.2135932316	0.2117907212	0.2099619132	0.2081081101	0.2062306256	0.2043307917	0.2024099317	0.2004693535	0.1985103461	0.1965341982	0.1945421993	0.1925356246	0.1905157460	0.1884838212	0.1864411060	0.1843888325	0.1823282101	0.1802604256	0.1781866534	0.1761080421	0.1740257226	0.1719408087	0.1698543851	0.1677675083	0.1656812178	0.1635965298	0.1615144385	0.1594359198	0.1573619145	0.1552933197	0.1532310037	0.1511758088	0.1491285564	0.1470900516	0.1450610668	0.1430423407	0.1410345844	0.1390384792	0.1370546838	0.1350838308	0.1331265220	0.1311833328	0.1292548086	0.1273414683	0.1254438080	0.1235622986	0.1216973870	0.1198494935	0.1180190155	0.1162063247	0.1144117662	0.1126356591	0.1108783025	0.1091399796	0.1074209530	0.1057214584	0.1040417049	0.1023818882	0.1007422300	0.0991230205	0.0975245584	0.0959467440	0.0943881172	0.0928451697	0.0913155664	0.0898117546	0.0883829614	0.0871100507	0.0860310225	0.0850841711	0.0841878616	0.0833037212	0.0824258491	0.0815577591	0.0807023197	0.0798603492	0.0790316362	0.0782157665	0.0774124030	0.0766212896	0.0758422044	0.0750749325	0.0743192586	0.0735749664	0.0728418392	0.0721196666	0.0714082642	0.0707075116	0.0700173543	0.0693376027	0.0686673142	0.0680039452
0.1046915104	0.1047379314	0.1047871901	0.1048412625	0.1049007790	0.1049657516	0.1050360807	0.1051117245	0.1051926895	0.1052790048	0.1053706981	0.1054677964	0.1055703152	0.1056782675	0.1057917021	0.1059108096	0.1060360150	0.1061677015	0.1063048627	0.1064424577	0.1065706412	0.1066868117	0.1068372165	0.1071738622	0.1079004403	0.1090384807	0.1104073901	0.1118424000	0.1132800750	0.1147162824	0.1161602823	0.1176179067	0.1190906852	0.1205783443	0.1220803620	0.1235963955	0.1251262432	0.1266697410	0.1282267153	0.1297969646	0.1313802732	0.1329764101	0.1345851330	0.1362061835	0.1378392813	0.1394841268	0.1411404027	0.1428077812	0.1444859251	0.1461744804	0.1478730752	0.1495813068	0.1512987545	0.1530249790	0.1547595206	0.1565019060	0.1582516310	0.1600081752	0.1617710046	0.1635395565	0.1653132601	0.1670915255	0.1688737299	0.1706592431	0.1724474095	0.1742375379	0.1760289310	0.1778208732	0.1796126110	0.1814033776	0.1831923871	0.1849788060	0.1867617834	0.1885404807	0.1903140370	0.1920815670	0.1938421804	0.1955949567	0.1973389191	0.1990730766	0.2007964483	0.2025080363	0.2042068145	0.2058917571	0.2075618311	0.2092159637	0.2108530531	0.2124720053	0.2140717307	0.2156511162	0.2172090369	0.2187443710	0.2202560018	0.2217427992	0.2232036179	0.2246373052	0.2260427081	0.2274186844	0.2287640934	0.2300777844	0.2313586406	0.2326055700	0.2338174665	0.2349932116	0.2361316987	0.2372318478	0.2382926281	0.2393130384	0.2402920906	0.2412288009	0.2421221791	0.2429712601	0.2437751327	0.2445329480	0.2452438974	0.2459071902	0.2465220321	0.2470876473	0.2476033245	0.2480684359	0.2484824039	0.2488446712	0.2491546941	0.2494119672	0.2496160491	0.2497665795	0.2498632582	0.2499057992	0.2498939423	0.2498274908	0.2497063240	0.2495303779	0.2492996382	0.2490141213	0.2486738877	0.2482790687	0.2478298532	0.2473264762	0.2467692203	0.2461584283	0.2454944854	0.2447778224	0.2440089176	0.2431883036	0.2423165738	0.2413943746	0.2404223821	0.2394012981	0.2383318746	0.2372149154	0.2360513017	0.2348419426	0.2335877617	0.2322897011	0.2309487465	0.2295659337	0.2281423627	0.2266791538	0.2251774314	0.2236383319	0.2220630069	0.2204526451	0.2188084798	0.2171317765	0.2154238063	0.2136858352	0.2119191247	0.2101249400	0.2083045622	0.2064593064	0.2045905002	0.2026994701	0.2007875255	0.1988559633	0.1969060825	0.1949391662	0.1929564926	0.1909593484	0.1889490151	0.1869267571	0.1848938297	0.1828514527	0.1808008337	0.1787431532	0.1766795805	0.1746112659	0.1725393368	0.1704649025	0.1683890562	0.1663128599	0.1642373458	0.1621635244	0.1600923800	0.1580248749	0.1559619541	0.1539045234	0.1518534476	0.1498095639	0.1477736837	0.1457466010	0.1437290897	0.1417218882	0.1397257043	0.1377412165	0.1357690759	0.1338099102	0.1318643185	0.1299328702	0.1280161084	0.1261145462	0.1242286737	0.1223589567	0.1205058373	0.1186697320	0.1168510327	0.1150501080	0.1132673010	0.1115029271	0.1097572797	0.1080306339	0.1063232480	0.1046353582	0.1029671727	0.1013188762	0.0996906594	0.0980827616	0.0964954851	0.0949289908	0.0933826131	0.0918538292	0.0903389005	0.0888406076	0.0873877892	0.0860503284	0.0848984547	0.0839153504	0.0830160589	0.0821408853	0.0812724569	0.0804119689	0.0795630514	0.0787273646	0.0779050264	0.0770956515	0.0762988538	0.0755143434	0.0747418842	0.0739812569	0.0732322436	0.0724946244	0.0717681800	0.0710526949	0.0703479825	0.0696539181	0.0689704445	0.0682973692	0.0676337456	0.0669770229
0.1028667249	0.1029133044	0.1029626701	0.1030167704	0.1030762273	0.1031410503	0.1032111429	0.1032864643	0.1033670201	0.1034528385	0.1035439477	0.1036403694	0.1037421141	0.1038492016	0.1039617283	0.1040799825	0.1042044444	0.1043351244	0.1044695681	0.1046003276	0.1047180459	0.1048348301	0.1050391024	0.1055250452	0.1064426768	0.1076967659	0.1090915551	0.1105114739	0.1119285170	0.1133485359	0.1147797861	0.1162257702	0.1176868978	0.1191626873	0.1206527028	0.1221566920	0.1236744931	0.1252059500	0.1267508876	0.1283091071	0.1298803978	0.1314645337	0.1330612778	0.1346703716	0.1362915349	0.1379244705	0.1395688677	0.1412244084	0.1428907633	0.1445675864	0.1462545054	0.1479511241	0.1496570289	0.1513717843	0.1530949418	0.1548260274	0.1565645428	0.1583099809	0.1600618054	0.1618194652	0.1635823962	0.1653500007	0.1671216642	0.1688967628	0.1706746328	0.1724546008	0.1742359852	0.1760180668	0.1778001040	0.1795813416	0.1813609783	0.1831381835	0.1849121378	0.1866820061	0.1884469204	0.1902060099	0.1919583789	0.1937030778	0.1954391363	0.1971655986	0.1988814923	0.2005858122	0.2022775511	0.2039556941	0.2056191840	0.2072669325	0.2088978591	0.2105108877	0.2121049095	0.2136788132	0.2152314854	0.2167618197	0.2182686921	0.2197509497	0.2212074567	0.2226370807	0.2240386677	0.2254110515	0.2267530817	0.2280636189	0.2293415552	0.2305857960	0.2317952274	0.2329687428	0.2341052474	0.2352036581	0.2362629288	0.2372820320	0.2382599820	0.2391958063	0.2400885355	0.2409372051	0.2417408890	0.2424987156	0.2432098654	0.2438735580	0.2444890101	0.2450554573	0.2455721786	0.2460385243	0.2464539163	0.2468178073	0.2471296657	0.2473889771	0.2475952895	0.2477482389	0.2478475252	0.2478928762	0.2478840318	0.2478207905	0.2477030275	0.2475306747	0.2473037219	0.2470221893	0.2466861324	0.2462956783	0.2458510192	0.2453523851	0.2448000592	0.2441943823	0.2435357324	0.2428245404	0.2420612825	0.2412464920	0.2403807601	0.2394647286	0.2384990669	0.2374844705	0.2364216928	0.2353115471	0.2341549081	0.2329526746	0.2317057599	0.2304150991	0.2290816800	0.2277065493	0.2262908095	0.2248355770	0.2233419608	0.2218110879	0.2202441115	0.2186422305	0.2170066927	0.2153387655	0.2136396993	0.2119107494	0.2101531792	0.2083682585	0.2065572781	0.2047215534	0.2028624141	0.2009811781	0.1990791524	0.1971576244	0.1952178860	0.1932612224	0.1912889160	0.1893022555	0.1873025186	0.1852909839	0.1832688960	0.1812374708	0.1791979085	0.1771513942	0.1750990852	0.1730421294	0.1709816565	0.1689187730	0.1668545683	0.1647901121	0.1627264357	0.1606645390	0.1586053991	0.1565499674	0.1544991777	0.1524539442	0.1504151371	0.1483835889	0.1463601056	0.1443454679	0.1423404421	0.1403457696	0.1383621549	0.1363902734	0.1344307706	0.1324842653	0.1305513536	0.1286326003	0.1267285442	0.1248396950	0.1229665359	0.1211095275	0.1192691060	0.1174456842	0.1156396491	0.1138513641	0.1120811698	0.1103293794	0.1085962813	0.1068821435	0.1051872186	0.1035117401	0.1018559153	0.1002199260	0.0986039421	0.0970081610	0.0954328475	0.0938782624	0.0923442409	0.0908292488	0.0893298124	0.0878439982	0.0863852388	0.0850038806	0.0837795021	0.0827436037	0.0818298408	0.0809606737	0.0801023493	0.0792505771	0.0784088942	0.0775798907	0.0767642203	0.0759616246	0.0751716887	0.0743940791	0.0736285394	0.0728748422	0.0721327677	0.0714020935	0.0706825959	0.0699740571	0.0692762866	0.0685891561	0.0679126057	0.0672464409	0.0665897103	0.0659398581
0.1010345006	0.1010811722	0.1011305782	0.1011846382	0.1012439658	0.1013085676	0.1013783507	0.1014532744	0.1015333445	0.1016185882	0.1017090311	0.1018046899	0.1019055743	0.1020117217	0.1021232990	0.1022406955	0.1023643245	0.1024934440	0.1026236485	0.1027455982	0.1028547516	0.1029885020	0.1032845566	0.1039486098	0.1050261946	0.1063467047	0.1077410740	0.1091404716	0.1105383417	0.1119435351	0.1133621176	0.1147958417	0.1162445283	0.1177076815	0.1191849674	0.1206761983	0.1221812314	0.1236999148	0.1252320711	0.1267775076	0.1283360172	0.1299073822	0.1314913672	0.1330877143	0.1346961461	0.1363163688	0.1379480803	0.1395909689	0.1412447113	0.1429089644	0.1445833568	0.1462675021	0.1479609923	0.1496634023	0.1513742885	0.1530931769	0.1548195845	0.1565530060	0.1582929112	0.1600387637	0.1617899955	0.1635460117	0.1653062114	0.1670699590	0.1688365964	0.1706054698	0.1723758939	0.1741471559	0.1759185340	0.1776892642	0.1794585407	0.1812255644	0.1829895297	0.1847495934	0.1865049040	0.1882545916	0.1899977297	0.1917333633	0.1934605560	0.1951783628	0.1968858053	0.1985818985	0.2002656521	0.2019360295	0.2035919565	0.2052323697	0.2068562028	0.2084623661	0.2100497480	0.2116172565	0.2131637900	0.2146882273	0.2161894308	0.2176662652	0.2191176032	0.2205422994	0.2219391954	0.2233071301	0.2246449597	0.2259515587	0.2272257993	0.2284665647	0.2296727622	0.2308433104	0.2319771188	0.2330730951	0.2341301637	0.2351472931	0.2361235006	0.2370578208	0.2379493046	0.2387969858	0.2395999149	0.2403572078	0.2410680424	0.2417316430	0.2423472476	0.2429140973	0.2434314569	0.2438986603	0.2443151195	0.2446803019	0.2449936861	0.2452547573	0.2454630659	0.2456182380	0.2457199685	0.2457679942	0.2457620655	0.2457019702	0.2455875763	0.2454188255	0.2451956979	0.2449182163	0.2445864433	0.2442004966	0.2437605630	0.2432668784	0.2427197261	0.2421194342	0.2414663837	0.2407610076	0.2400037793	0.2391952256	0.2383359346	0.2374265464	0.2364677222	0.2354601558	0.2344045954	0.2333018589	0.2321528149	0.2309583550	0.2297193829	0.2284368349	0.2271116937	0.2257450138	0.2243378862	0.2228914188	0.2214067202	0.2198849069	0.2183271370	0.2167346199	0.2151086048	0.2134503520	0.2117611067	0.2100421137	0.2082946258	0.2065199251	0.2047193177	0.2028941221	0.2010456562	0.1991752262	0.1972841304	0.1953736622	0.1934450992	0.1914997295	0.1895388479	0.1875637404	0.1855756802	0.1835759396	0.1815657559	0.1795463508	0.1775189201	0.1754846425	0.1734446740	0.1714001603	0.1693522233	0.1673019763	0.1652505012	0.1631988616	0.1611480929	0.1590991902	0.1570531205	0.1550108300	0.1529732397	0.1509412562	0.1489157590	0.1468975830	0.1448875285	0.1428863691	0.1408948574	0.1389137305	0.1369436943	0.1349854184	0.1330395444	0.1311066838	0.1291874251	0.1272823306	0.1253919332	0.1235167404	0.1216572295	0.1198138541	0.1179870453	0.1161772100	0.1143847316	0.1126099684	0.1108532563	0.1091149066	0.1073952046	0.1056944121	0.1040127746	0.1023505204	0.1007078563	0.0990849630	0.0974819992	0.0958991322	0.0943365801	0.0927946150	0.0912733397	0.0897719822	0.0882879329	0.0868176729	0.0853650221	0.0839608509	0.0826760275	0.0815755276	0.0806328354	0.0797638288	0.0789152655	0.0780732861	0.0772397136	0.0764178954	0.0756092164	0.0748136861	0.0740309049	0.0732604956	0.0725021717	0.0717556951	0.0710208414	0.0702973869	0.0695851038	0.0688837721	0.0681931973	0.0675132491	0.0668438641	0.0661848458	0.0655352388	0.0648924832
0.0991949597	0.0992416588	0.0992910411	0.0993449954	0.0994041246	0.0994684363	0.0995378386	0.0996122913	0.0996918017	0.0997763940	0.0998660906	0.0999609028	0.1000608454	0.1001659942	0.1002766011	0.1003931199	0.1005156835	0.1006423388	0.1007664951	0.1008786935	0.1009859515	0.1011618642	0.1015873366	0.1024313206	0.1036243317	0.1049726006	0.1063524659	0.1077304698	0.1091108193	0.1105018476	0.1119074208	0.1133281513	0.1147636172	0.1162133923	0.1176772319	0.1191549894	0.1206465298	0.1221517015	0.1236703289	0.1252022242	0.1267471870	0.1283050048	0.1298754431	0.1314582461	0.1330531410	0.1346598409	0.1362780517	0.1379074681	0.1395477704	0.1411986119	0.1428596272	0.1445304365	0.1462106388	0.1478998204	0.1495975381	0.1513033296	0.1530167204	0.1547372064	0.1564642740	0.1581973886	0.1599359815	0.1616794743	0.1634272640	0.1651787112	0.1669331781	0.1686900098	0.1704485157	0.1722080018	0.1739677455	0.1757269735	0.1774849081	0.1792407750	0.1809937623	0.1827430403	0.1844877689	0.1862270523	0.1879599514	0.1896855419	0.1914029003	0.1931110704	0.1948090898	0.1964959955	0.1981707805	0.1998323922	0.2014797819	0.2031119051	0.2047276842	0.2063260174	0.2079058290	0.2094660239	0.2110054919	0.2125231003	0.2140177260	0.2154882515	0.2169335286	0.2183524007	0.2197437207	0.2211063548	0.2224391621	0.2237409952	0.2250107217	0.2262472329	0.2274494478	0.2286162822	0.2297466468	0.2308394455	0.2318936038	0.2329080946	0.2338819197	0.2348141109	0.2357037156	0.2365497825	0.2373513704	0.2381075871	0.2388175966	0.2394806143	0.2400958889	0.2406626736	0.2411802341	0.2416478919	0.2420650527	0.2424311885	0.2427457904	0.2430083556	0.2432184256	0.2433756165	0.2434796220	0.2435301815	0.2435270541	0.2434700309	0.2433589715	0.2431938152	0.2429745469	0.2427011868	0.2423737985	0.2419924992	0.2415574696	0.2410689463	0.2405272073	0.2399325815	0.2392854523	0.2385862399	0.2378354198	0.2370335167	0.2361811120	0.2352788439	0.2343273692	0.2333273764	0.2322796128	0.2311848944	0.2300440830	0.2288580579	0.2276277151	0.2263539903	0.2250378702	0.2236804150	0.2222827050	0.2208458236	0.2193708688	0.2178589639	0.2163112727	0.2147290203	0.2131134475	0.2114657923	0.2097872947	0.2080791990	0.2063427591	0.2045792634	0.2027900234	0.2009763570	0.1991395777	0.1972809798	0.1954018442	0.1935034668	0.1915871307	0.1896541237	0.1877057412	0.1857432669	0.1837679759	0.1817811178	0.1797839247	0.1777776242	0.1757634083	0.1737424523	0.1717159139	0.1696849383	0.1676506403	0.1656141273	0.1635764823	0.1615387552	0.1595019761	0.1574671453	0.1554352239	0.1534071494	0.1513838364	0.1493661764	0.1473550465	0.1453512911	0.1433557088	0.1413690680	0.1393921107	0.1374255601	0.1354701208	0.1335264604	0.1315952146	0.1296769913	0.1277723690	0.1258819060	0.1240061309	0.1221455456	0.1203006246	0.1184718144	0.1166595403	0.1148642025	0.1130861808	0.1113258282	0.1095834757	0.1078594315	0.1061539784	0.1044673733	0.1027998543	0.1011516442	0.0995229469	0.0979139423	0.0963247848	0.0947556212	0.0932066284	0.0916780497	0.0901701022	0.0886825181	0.0872136095	0.0857599048	0.0843202176	0.0829101964	0.0815830151	0.0804162246	0.0794300918	0.0785521269	0.0777112606	0.0768797941	0.0760553218	0.0752413224	0.0744400140	0.0736518459	0.0728765110	0.0721136013	0.0713627921	0.0706238290	0.0698964817	0.0691805239	0.0684757263	0.0677818653	0.0670987430	0.0664262276	0.0657642518	0.0651126171	0.0644703654	0.0638349354
0.0973482286	0.0973948921	0.0974441882	0.0974979715	0.0975568358	0.0976207900	0.0976897426	0.0977636544	0.0978425319	0.0979263972	0.0980152693	0.0981091547	0.0982080843	0.0983121904	0.0984218184	0.0985373993	0.0986584791	0.0987814301	0.0988977174	0.0990010270	0.0991187111	0.0993687872	0.0999531475	0.1009527762	0.1022155039	0.1035657535	0.1049251446	0.1062827927	0.1076468554	0.1090238131	0.1104157918	0.1118227600	0.1132442477	0.1146799222	0.1161296047	0.1175931704	0.1190704891	0.1205614075	0.1220657549	0.1235833490	0.1251139956	0.1266574846	0.1282135832	0.1297820399	0.1313625870	0.1329549469	0.1345588343	0.1361739491	0.1377999724	0.1394365565	0.1410833433	0.1427399536	0.1444059971	0.1460810634	0.1477647141	0.1494565040	0.1511559592	0.1528625879	0.1545758891	0.1562953226	0.1580203332	0.1597503524	0.1614847683	0.1632229600	0.1649643017	0.1667081266	0.1684537565	0.1702005022	0.1719476223	0.1736943610	0.1754399750	0.1771836909	0.1789247045	0.1806622074	0.1823953407	0.1841231903	0.1858448477	0.1875594100	0.1892659395	0.1909634881	0.1926511150	0.1943278427	0.1959926454	0.1976444975	0.1992823783	0.2009052281	0.2025119655	0.2041015144	0.2056728126	0.2072247443	0.2087561902	0.2102660445	0.2117531865	0.2132164774	0.2146547661	0.2160669108	0.2174517847	0.2188082562	0.2201351755	0.2214313969	0.2226958028	0.2239272866	0.2251247402	0.2262870751	0.2274132170	0.2285020966	0.2295526473	0.2305638172	0.2315345828	0.2324639739	0.2333510490	0.2341948846	0.2349945509	0.2357491337	0.2364577726	0.2371196809	0.2377341172	0.2383003568	0.2388176779	0.2392853912	0.2397028907	0.2400696399	0.2403851444	0.2406489185	0.2408604944	0.2410194841	0.2411255795	0.2411785227	0.2411780790	0.2411240448	0.2410162773	0.2408547070	0.2406393249	0.2403701518	0.2400472506	0.2396707360	0.2392407865	0.2387576371	0.2382215603	0.2376328889	0.2369920016	0.2362993118	0.2355552882	0.2347604569	0.2339154011	0.2330207460	0.2320771392	0.2310852656	0.2300458748	0.2289597872	0.2278278522	0.2266509344	0.2254299252	0.2241657509	0.2228594070	0.2215119522	0.2201244588	0.2186979951	0.2172336396	0.2157325161	0.2141958017	0.2126247220	0.2110205111	0.2093843951	0.2077175985	0.2060213604	0.2042969483	0.2025456562	0.2007687990	0.1989676831	0.1971436148	0.1952978776	0.1934317519	0.1915465189	0.1896434709	0.1877239074	0.1857891124	0.1838403677	0.1818789398	0.1799060670	0.1779229728	0.1759308747	0.1739309717	0.1719244392	0.1699124387	0.1678961078	0.1658765644	0.1638549009	0.1618321920	0.1598094851	0.1577877968	0.1557681269	0.1537514412	0.1517386684	0.1497307154	0.1477284645	0.1457327792	0.1437445061	0.1417644511	0.1397933776	0.1378320206	0.1358810888	0.1339412755	0.1320132496	0.1300976415	0.1281950542	0.1263060608	0.1244312106	0.1225710289	0.1207260112	0.1188966288	0.1170833231	0.1152865119	0.1135065900	0.1117439311	0.1099988845	0.1082717753	0.1065629077	0.1048725612	0.1032009904	0.1015484264	0.0999150851	0.0983011656	0.0967068475	0.0951322830	0.0935776068	0.0920429654	0.0905285607	0.0890346353	0.0875612121	0.0861073528	0.0846702906	0.0832468504	0.0818426727	0.0804922951	0.0792682903	0.0782269571	0.0773281007	0.0764907327	0.0756698613	0.0748555098	0.0740500979	0.0732566121	0.0724761222	0.0717085255	0.0709534123	0.0702104187	0.0694792654	0.0687597130	0.0680515320	0.0673544929	0.0666683685	0.0659929582	0.0653281274	0.0646738069	0.0640297947	0.0633951319	0.0627672570
0.0954944369	0.0955410024	0.0955901491	0.0956436985	0.0957022343	0.0957657649	0.0958342018	0.0959075044	0.0959856781	0.0960687439	0.0961567139	0.0962495985	0.0963474534	0.0964504872	0.0965591210	0.0966736130	0.0967925586	0.0969103563	0.0970175885	0.0971159712	0.0972624671	0.0976190996	0.0983718569	0.0994898321	0.1007852550	0.1021226707	0.1034599592	0.1047986147	0.1061470353	0.1075096309	0.1088873194	0.1102797631	0.1116865397	0.1131074039	0.1145422206	0.1159908760	0.1174532399	0.1189291622	0.1204184764	0.1219210071	0.1234365634	0.1249649384	0.1265059012	0.1280592054	0.1296245898	0.1312017887	0.1327905226	0.1343904979	0.1360013917	0.1376228655	0.1392545636	0.1408961106	0.1425471226	0.1442071865	0.1458758775	0.1475527570	0.1492373566	0.1509292037	0.1526277966	0.1543326018	0.1560430808	0.1577586589	0.1594787335	0.1612027060	0.1629299443	0.1646597877	0.1663915726	0.1681245904	0.1698580989	0.1715913742	0.1733236799	0.1750542433	0.1767822875	0.1785069993	0.1802274964	0.1819428888	0.1836522999	0.1853548193	0.1870495124	0.1887354549	0.1904116932	0.1920772228	0.1937310381	0.1953721441	0.1969995142	0.1986120858	0.2002087991	0.2017886026	0.2033504093	0.2048931032	0.2064155826	0.2079167476	0.2093954589	0.2108505633	0.2122809398	0.2136854636	0.2150630021	0.2164124165	0.2177325700	0.2190223453	0.2202806141	0.2215062462	0.2226981265	0.2238551750	0.2249763345	0.2260605495	0.2271067486	0.2281138700	0.2290808834	0.2300068114	0.2308907213	0.2317316970	0.2325288177	0.2332811658	0.2339878710	0.2346481400	0.2352612399	0.2358264632	0.2363430970	0.2368104487	0.2372278986	0.2375949052	0.2379109805	0.2381756601	0.2383884840	0.2385490483	0.2386570423	0.2387122155	0.2387143435	0.2386632215	0.2385586960	0.2384007010	0.2381892287	0.2379243026	0.2376059860	0.2372343893	0.2368096893	0.2363321197	0.2358019567	0.2352195232	0.2345851932	0.2338993841	0.2331625537	0.2323752237	0.2315379793	0.2306514351	0.2297162291	0.2287330430	0.2277026229	0.2266257840	0.2255033728	0.2243362391	0.2231252650	0.2218713819	0.2205755861	0.2192389263	0.2178624606	0.2164472393	0.2149943417	0.2135048916	0.2119800691	0.2104210928	0.2088291817	0.2072055517	0.2055514197	0.2038680255	0.2021566410	0.2004185684	0.1986551207	0.1968675955	0.1950572761	0.1932254388	0.1913733741	0.1895023594	0.1876136861	0.1857086542	0.1837885516	0.1818546448	0.1799081830	0.1779504034	0.1759825238	0.1740057455	0.1720212732	0.1700302867	0.1680339462	0.1660333812	0.1640297124	0.1620240224	0.1600173702	0.1580107973	0.1560053154	0.1540019128	0.1520015586	0.1500051826	0.1480136816	0.1460279310	0.1440487828	0.1420770712	0.1401136091	0.1381591614	0.1362144552	0.1342801905	0.1323570442	0.1304456794	0.1285467266	0.1266607825	0.1247884167	0.1229301690	0.1210865584	0.1192580766	0.1174451880	0.1156483316	0.1138679177	0.1121043361	0.1103579523	0.1086291122	0.1069181357	0.1052253211	0.1035509443	0.1018952583	0.1002584889	0.0986408447	0.0970425196	0.0954636898	0.0939045069	0.0923651008	0.0908455964	0.0893461548	0.0878670000	0.0864082960	0.0849696307	0.0835490909	0.0821432170	0.0807520127	0.0793946245	0.0781284347	0.0770271892	0.0760950591	0.0752547652	0.0744434949	0.0736400882	0.0728441202	0.0720589971	0.0712865367	0.0705269754	0.0697799557	0.0690450787	0.0683220333	0.0676105670	0.0669104466	0.0662214409	0.0655433208	0.0648758841	0.0642189921	0.0635725740	0.0629364254	0.0623095870	0.0616894975
0.0936337216	0.0936801269	0.0937290607	0.0937823136	0.0938404581	0.0939035015	0.0939713571	0.0940439839	0.0941213864	0.0942035813	0.0942905756	0.0943823901	0.0944791232	0.0945810706	0.0946886716	0.0948017789	0.0949176337	0.0950286889	0.0951269213	0.0952289463	0.0954297931	0.0959218367	0.0968275302	0.0980226799	0.0993248651	0.1006424158	0.1019580678	0.1032788439	0.1046117585	0.1059594575	0.1073221138	0.1086992886	0.1100906419	0.1114959960	0.1129152403	0.1143482663	0.1157949438	0.1172551255	0.1187286526	0.1202153548	0.1217150452	0.1232275175	0.1247525462	0.1262898883	0.1278392952	0.1294005081	0.1309732544	0.1325572426	0.1341521522	0.1357576532	0.1373733922	0.1389990038	0.1406341019	0.1422782769	0.1439311161	0.1455921772	0.1472610080	0.1489371453	0.1506200844	0.1523093143	0.1540042996	0.1557044629	0.1574092282	0.1591180017	0.1608301478	0.1625450274	0.1642619710	0.1659802565	0.1676991699	0.1694180008	0.1711360025	0.1728524212	0.1745664888	0.1762773678	0.1779841912	0.1796861096	0.1813822471	0.1830716923	0.1847535404	0.1864268649	0.1880906817	0.1897439960	0.1913858319	0.1930151869	0.1946310224	0.1962323124	0.1978180241	0.1993870881	0.2009384032	0.2024708848	0.2039834413	0.2054749384	0.2069442391	0.2083902241	0.2098117747	0.2112077630	0.2125770490	0.2139185115	0.2152310362	0.2165135012	0.2177647656	0.2189836962	0.2201691961	0.2213201842	0.2224355937	0.2235143616	0.2245554362	0.2255577724	0.2265203387	0.2274421390	0.2283222222	0.2291596743	0.2299535979	0.2307031018	0.2314073169	0.2320654237	0.2326766822	0.2332403937	0.2337558661	0.2342224173	0.2346394196	0.2350063239	0.2353226458	0.2355879361	0.2358017456	0.2359636603	0.2360733606	0.2361306028	0.2361351723	0.2360868672	0.2359855288	0.2358310896	0.2356235455	0.2353629227	0.2350492803	0.2346827329	0.2342634553	0.2337916734	0.2332676678	0.2326917564	0.2320643081	0.2313857357	0.2306564935	0.2298771006	0.2290481372	0.2281702051	0.2272439349	0.2262700076	0.2252491652	0.2241822131	0.2230699874	0.2219133280	0.2207131028	0.2194702491	0.2181857760	0.2168607144	0.2154961003	0.2140929669	0.2126523924	0.2111755101	0.2096635010	0.2081175736	0.2065389221	0.2049287406	0.2032882486	0.2016186974	0.1999213650	0.1981975481	0.1964485464	0.1946756521	0.1928801326	0.1910632622	0.1892263244	0.1873706090	0.1854974141	0.1836080225	0.1817037203	0.1797857618	0.1778553848	0.1759138148	0.1739622707	0.1720019524	0.1700340463	0.1680597388	0.1660801905	0.1640965299	0.1621098676	0.1601212783	0.1581318142	0.1561424981	0.1541543441	0.1521683313	0.1501854193	0.1482065428	0.1462325960	0.1442644440	0.1423029314	0.1403488772	0.1384030862	0.1364663302	0.1345393321	0.1326227852	0.1307173542	0.1288236875	0.1269424152	0.1250741299	0.1232193955	0.1213787463	0.1195526912	0.1177417188	0.1159462865	0.1141668295	0.1124037527	0.1106574396	0.1089282493	0.1072165206	0.1055225701	0.1038466898	0.1021891512	0.1005502037	0.0989300711	0.0973289559	0.0957470446	0.0941845090	0.0926415004	0.0911181456	0.0896145563	0.0881308620	0.0866672508	0.0852239336	0.0838008284	0.0823967713	0.0810088003	0.0796342937	0.0782815825	0.0769903193	0.0758345601	0.0748579655	0.0740054058	0.0732009346	0.0724088302	0.0716232302	0.0708471352	0.0700831156	0.0693319002	0.0685932690	0.0678668080	0.0671521694	0.0664490831	0.0657573097	0.0650766150	0.0644067696	0.0637475687	0.0630988719	0.0624606051	0.0618325621	0.0612137839	0.0606017123
0.0917662317	0.0918124123	0.0918610693	0.0919139617	0.0919716513	0.0920341439	0.0921013534	0.0921732396	0.0922498035	0.0923310567	0.0924170065	0.0925076907	0.0926032699	0.0927041183	0.0928105921	0.0929218458	0.0930334345	0.0931364363	0.0932277804	0.0933468538	0.0936305340	0.0942752461	0.0953028018	0.0965380096	0.0978303372	0.0991253695	0.1004205087	0.1017241080	0.1030413056	0.1043734503	0.1057203238	0.1070815030	0.1084567321	0.1098458792	0.1112488462	0.1126655243	0.1140957859	0.1155394860	0.1169964731	0.1184665815	0.1199496286	0.1214454089	0.1229537025	0.1244742745	0.1260068869	0.1275512859	0.1291072069	0.1306743556	0.1322524229	0.1338410816	0.1354399853	0.1370487775	0.1386670693	0.1402944647	0.1419305507	0.1435748884	0.1452270401	0.1468865362	0.1485528852	0.1502255904	0.1519041117	0.1535878915	0.1552763725	0.1569689539	0.1586650176	0.1603639348	0.1620650191	0.1637675663	0.1654708917	0.1671742757	0.1688769770	0.1705782572	0.1722773222	0.1739733298	0.1756654586	0.1773528728	0.1790346926	0.1807100357	0.1823780116	0.1840376663	0.1856880191	0.1873281078	0.1889569526	0.1905735278	0.1921768228	0.1937658390	0.1953395340	0.1968968349	0.1984366670	0.1999579553	0.2014595881	0.2029404236	0.2043993536	0.2058352769	0.2072470620	0.2086335734	0.2099936948	0.2113263214	0.2126303311	0.2139045849	0.2151479641	0.2163593593	0.2175376651	0.2186817831	0.2197906353	0.2208631718	0.2218983643	0.2228951772	0.2238525668	0.2247695256	0.2256450928	0.2264783615	0.2272684589	0.2280145150	0.2287156554	0.2293710468	0.2299799372	0.2305416313	0.2310554696	0.2315207909	0.2319369529	0.2323033914	0.2326196294	0.2328852227	0.2330997358	0.2332627608	0.2333739630	0.2334331006	0.2334399675	0.2333943691	0.2332961546	0.2331452477	0.2329416430	0.2326853717	0.2323764920	0.2320151189	0.2316014290	0.2311356460	0.2306180416	0.2300489373	0.2294286964	0.2287577217	0.2280364703	0.2272654586	0.2264452511	0.2255764405	0.2246596514	0.2236955587	0.2226849060	0.2216284891	0.2205271224	0.2193816396	0.2181928975	0.2169618376	0.2156894696	0.2143768061	0.2130248642	0.2116346727	0.2102073050	0.2087439001	0.2072456379	0.2057137005	0.2041492656	0.2025535163	0.2009276683	0.1992729769	0.1975907277	0.1958822137	0.1941487150	0.1923915003	0.1906118370	0.1888110080	0.1869902895	0.1851509770	0.1832943670	0.1814217405	0.1795343550	0.1776334603	0.1757202907	0.1737960649	0.1718619897	0.1699192701	0.1679690858	0.1660126079	0.1640510008	0.1620853917	0.1601168752	0.1581465212	0.1561753767	0.1542044551	0.1522347582	0.1502672650	0.1483029222	0.1463426593	0.1443873764	0.1424379310	0.1404951563	0.1385598615	0.1366328333	0.1347148426	0.1328066176	0.1309088437	0.1290221792	0.1271472572	0.1252846974	0.1234350928	0.1215989995	0.1197769485	0.1179694402	0.1161769552	0.1143999479	0.1126388455	0.1108940505	0.1091659380	0.1074548622	0.1057611545	0.1040851262	0.1024270645	0.1007872361	0.0991658855	0.0975632348	0.0959794819	0.0944148062	0.0928693741	0.0913433343	0.0898368123	0.0883499134	0.0868827444	0.0854354550	0.0840082512	0.0826012265	0.0812137733	0.0798436847	0.0784875947	0.0771473282	0.0758470216	0.0746492922	0.0736210047	0.0727452466	0.0719428419	0.0711616537	0.0703872801	0.0696209777	0.0688658802	0.0681233450	0.0673933992	0.0666756517	0.0659697204	0.0652753099	0.0645921710	0.0639200676	0.0632587687	0.0626080679	0.0619678233	0.0613379578	0.0607182643	0.0601077829	0.0595039624
0.0898921179	0.0899380109	0.0899863279	0.0900387969	0.0900959664	0.0901578436	0.0902243418	0.0902954218	0.0903710805	0.0904513240	0.0905361645	0.0906256711	0.0907200767	0.0908197988	0.0909249397	0.0910336188	0.0911396096	0.0912341497	0.0913243513	0.0914801091	0.0918734229	0.0926658988	0.0937787396	0.0950267223	0.0963003542	0.0975725798	0.0988482326	0.1001348852	0.1014359050	0.1027517818	0.1040821356	0.1054266101	0.1067850192	0.1081572607	0.1095432430	0.1109428559	0.1123559729	0.1137824544	0.1152221527	0.1166749057	0.1181405330	0.1196188339	0.1211095929	0.1226125874	0.1241275852	0.1256543420	0.1271925949	0.1287420527	0.1303024154	0.1318733584	0.1334545473	0.1350456267	0.1366462153	0.1382559285	0.1398743500	0.1415010560	0.1431356100	0.1447775379	0.1464263667	0.1480815964	0.1497426908	0.1514091224	0.1530803334	0.1547557295	0.1564347168	0.1581166544	0.1598008578	0.1614866614	0.1631733832	0.1648603025	0.1665467005	0.1682318225	0.1699148490	0.1715949686	0.1732713840	0.1749432524	0.1766097173	0.1782699263	0.1799229700	0.1815678901	0.1832037433	0.1848295727	0.1864443796	0.1880471549	0.1896369136	0.1912126404	0.1927732886	0.1943178138	0.1958451620	0.1973542421	0.1988439274	0.2003131188	0.2017607204	0.2031856107	0.2045866621	0.2059627671	0.2073128202	0.2086356964	0.2099302650	0.2111954134	0.2124300435	0.2136330497	0.2148033089	0.2159397212	0.2170412160	0.2181067479	0.2191352829	0.2201257888	0.2210772424	0.2219886386	0.2228590133	0.2236874509	0.2244730841	0.2252150550	0.2259125100	0.2265646212	0.2271706200	0.2277298124	0.2282415510	0.2287051958	0.2291201048	0.2294856992	0.2298014984	0.2300670697	0.2302819938	0.2304458699	0.2305583594	0.2306192092	0.2306282239	0.2305852210	0.2304900525	0.2303426424	0.2301429793	0.2298910991	0.2295870701	0.2292309998	0.2288230609	0.2283634826	0.2278525297	0.2272905189	0.2266778084	0.2260147991	0.2253019439	0.2245397502	0.2237287763	0.2228696068	0.2219628558	0.2210091927	0.2200093551	0.2189641280	0.2178743073	0.2167407078	0.2155641941	0.2143457092	0.2130862444	0.2117867956	0.2104483589	0.2090719649	0.2076586913	0.2062096812	0.2047261027	0.2032091063	0.2016598536	0.2000795254	0.1984693386	0.1968305452	0.1951644279	0.1934722696	0.1917553295	0.1900148624	0.1882521336	0.1864684303	0.1846650376	0.1828432476	0.1810043451	0.1791495996	0.1772802600	0.1753975594	0.1735027273	0.1715969835	0.1696815254	0.1677575541	0.1658262517	0.1638887773	0.1619462737	0.1599998637	0.1580506405	0.1560996655	0.1541479770	0.1521965947	0.1502464964	0.1482986579	0.1463540207	0.1444135021	0.1424780002	0.1405483748	0.1386254460	0.1367100128	0.1348028478	0.1329047080	0.1310163267	0.1291383886	0.1272715441	0.1254164164	0.1235736088	0.1217437107	0.1199272751	0.1181248262	0.1163368605	0.1145638467	0.1128062359	0.1110644484	0.1093388823	0.1076299067	0.1059378690	0.1042630942	0.1026058872	0.1009665313	0.0993452872	0.0977423951	0.0961580734	0.0945925173	0.0930459008	0.0915183827	0.0900101085	0.0885212028	0.0870517674	0.0856018936	0.0841716991	0.0827613614	0.0813710478	0.0800005231	0.0786483176	0.0773112943	0.0759878925	0.0746906009	0.0734658584	0.0723869564	0.0714778451	0.0706706542	0.0698987399	0.0691361349	0.0683804428	0.0676348374	0.0669013577	0.0661804039	0.0654716666	0.0647747420	0.0640893037	0.0634150893	0.0627518586	0.0620993793	0.0614574449	0.0608259109	0.0602046980	0.0595935978	0.0589916515	0.0583963159
0.0880115256	0.0880570724	0.0881049907	0.0881569740	0.0882135609	0.0882747591	0.0883404823	0.0884106896	0.0884853753	0.0885645427	0.0886482137	0.0887365044	0.0888297230	0.0889282672	0.0890317570	0.0891369412	0.0892360099	0.0893227999	0.0894210251	0.0896372776	0.0901617541	0.0910787051	0.0922411616	0.0934837490	0.0947348837	0.0959850813	0.0972419735	0.0985115508	0.0997957841	0.1010946614	0.1024077742	0.1037348464	0.1050757433	0.1064303801	0.1077986677	0.1091804963	0.1105757402	0.1119842656	0.1134059284	0.1148405679	0.1162880043	0.1177480419	0.1192204720	0.1207050827	0.1222016489	0.1237099348	0.1252296751	0.1267605903	0.1283023831	0.1298547378	0.1314173290	0.1329897992	0.1345717847	0.1361629020	0.1377627423	0.1393708967	0.1409869213	0.1426103539	0.1442407272	0.1458775314	0.1475202507	0.1491683696	0.1508213261	0.1524785516	0.1541394568	0.1558033900	0.1574697003	0.1591377444	0.1608068315	0.1624762647	0.1641453314	0.1658132457	0.1674792019	0.1691424218	0.1708020949	0.1724573843	0.1741074695	0.1757514917	0.1773885286	0.1790176609	0.1806379664	0.1822484737	0.1838481915	0.1854361493	0.1870113469	0.1885727501	0.1901193380	0.1916500806	0.1931639132	0.1946597434	0.1961364773	0.1975930391	0.1990283172	0.2004411941	0.2018305609	0.2031953253	0.2045343649	0.2058465499	0.2071307651	0.2083859240	0.2096109243	0.2108046485	0.2119659904	0.2130938689	0.2141872040	0.2152449264	0.2162659975	0.2172494068	0.2181941672	0.2190992840	0.2199637761	0.2207867109	0.2215672225	0.2223044726	0.2229976421	0.2236459097	0.2242484896	0.2248046812	0.2253138351	0.2257753311	0.2261885546	0.2265529158	0.2268679139	0.2271331275	0.2273481567	0.2275126096	0.2276261449	0.2276885057	0.2276995033	0.2276589714	0.2275667667	0.2274228076	0.2272270833	0.2269796384	0.2266805448	0.2263299077	0.2259278945	0.2254747277	0.2249706776	0.2244160556	0.2238112107	0.2231565406	0.2224524894	0.2216995593	0.2208983030	0.2200492964	0.2191531406	0.2182105023	0.2172221111	0.2161887370	0.2151111584	0.2139901699	0.2128266431	0.2116215175	0.2103757643	0.2090903586	0.2077662787	0.2064045560	0.2050062793	0.2035725870	0.2021046252	0.2006035262	0.1990704340	0.1975065232	0.1959130160	0.1942911698	0.1926422479	0.1909675019	0.1892681817	0.1875455431	0.1858008485	0.1840353792	0.1822504275	0.1804472852	0.1786272195	0.1767914819	0.1749413139	0.1730779485	0.1712026000	0.1693164823	0.1674208053	0.1655167507	0.1636054943	0.1616881899	0.1597659553	0.1578399057	0.1559111298	0.1539806894	0.1520496111	0.1501189087	0.1481895595	0.1462625201	0.1443387289	0.1424190956	0.1405045035	0.1385958144	0.1366938437	0.1347993769	0.1329131775	0.1310359847	0.1291685256	0.1273114909	0.1254655238	0.1236312406	0.1218092308	0.1200000705	0.1182043132	0.1164224756	0.1146550492	0.1129024951	0.1111652553	0.1094437465	0.1077383583	0.1060494579	0.1043773841	0.1027224563	0.1010849722	0.0994652110	0.0978634270	0.0962798561	0.0947147127	0.0931681890	0.0916404552	0.0901316625	0.0886419523	0.0871714466	0.0857202456	0.0842884321	0.0828760991	0.0814833893	0.0801104847	0.0787573731	0.0774231769	0.0761053679	0.0748009961	0.0735148672	0.0722779004	0.0711572772	0.0702066681	0.0693860846	0.0686204355	0.0678697094	0.0671254525	0.0663899929	0.0656659918	0.0649543489	0.0642549187	0.0635672983	0.0628911294	0.0622261307	0.0615720556	0.0609286712	0.0602957701	0.0596732059	0.0590608980	0.0584586357	0.0578654632	0.0572788469
0.0861245937	0.0861697392	0.0862172034	0.0862686440	0.0863245901	0.0863850488	0.0864499352	0.0865192062	0.0865928531	0.0866708777	0.0867533244	0.0868403662	0.0869323757	0.0870296331	0.0871310373	0.0872317653	0.0873231032	0.0874046621	0.0875228638	0.0878214885	0.0884844899	0.0894965571	0.0906808645	0.0919073690	0.0931348041	0.0943638350	0.0956022782	0.0968544041	0.0981211780	0.0994023335	0.1006975028	0.1020064845	0.1033291793	0.1046655115	0.1060153925	0.1073787142	0.1087553550	0.1101451860	0.1115480652	0.1129638332	0.1143923112	0.1158333065	0.1172866203	0.1187520470	0.1202293702	0.1217183564	0.1232187442	0.1247302649	0.1262526234	0.1277855179	0.1293286237	0.1308815912	0.1324440695	0.1340156741	0.1355960143	0.1371846849	0.1387812413	0.1403852408	0.1419962092	0.1436136389	0.1452370375	0.1468658791	0.1484996107	0.1501376846	0.1517794964	0.1534244123	0.1550718207	0.1567210746	0.1583714972	0.1600224146	0.1616730919	0.1633227407	0.1649705963	0.1666158819	0.1682577745	0.1698954668	0.1715281404	0.1731549117	0.1747748850	0.1763871806	0.1779908683	0.1795849824	0.1811685664	0.1827406591	0.1843002405	0.1858462914	0.1873778044	0.1888937338	0.1903930088	0.1918745644	0.1933373478	0.1947802671	0.1962022149	0.1976021014	0.1989788308	0.2003312872	0.2016583445	0.2029589029	0.2042318682	0.2054761351	0.2066905906	0.2078741416	0.2090257086	0.2101442013	0.2112285247	0.2122776055	0.2132904196	0.2142659728	0.2152032842	0.2161013687	0.2169592524	0.2177760039	0.2185507504	0.2192826649	0.2199709437	0.2206147838	0.2212133961	0.2217660600	0.2222721341	0.2227310107	0.2231420960	0.2235048052	0.2238186199	0.2240831193	0.2242979239	0.2244626607	0.2245769874	0.2246406468	0.2246534589	0.2246152718	0.2245259476	0.2243853978	0.2241936178	0.2239506566	0.2236565821	0.2233115027	0.2229155834	0.2224690426	0.2219721491	0.2214252114	0.2208285727	0.2201826188	0.2194877903	0.2187445852	0.2179535420	0.2171152237	0.2162302249	0.2152992033	0.2143228876	0.2133020323	0.2122373914	0.2111297555	0.2099799861	0.2087890169	0.2075577983	0.2062872758	0.2049784187	0.2036322597	0.2022498954	0.2008324530	0.1993810489	0.1978968019	0.1963808500	0.1948343646	0.1932585727	0.1916547234	0.1900240540	0.1883677890	0.1866871697	0.1849834474	0.1832578897	0.1815117787	0.1797464021	0.1779630367	0.1761629359	0.1743473463	0.1725174898	0.1706746001	0.1688198911	0.1669545666	0.1650798350	0.1631968692	0.1613068325	0.1594108597	0.1575100646	0.1556055460	0.1536983817	0.1517896358	0.1498803293	0.1479714611	0.1460640122	0.1441589251	0.1422571268	0.1403595209	0.1384669776	0.1365803471	0.1347004490	0.1328280576	0.1309639260	0.1291087810	0.1272633320	0.1254282715	0.1236042438	0.1217918566	0.1199916913	0.1182043065	0.1164302502	0.1146700366	0.1129241486	0.1111930439	0.1094771527	0.1077768871	0.1060926301	0.1044247435	0.1027735608	0.1011393949	0.0995225368	0.0979232591	0.0963418120	0.0947784259	0.0932333110	0.0917066559	0.0901986274	0.0887093720	0.0872390241	0.0857877024	0.0843555061	0.0829425139	0.0815488013	0.0801744777	0.0788197098	0.0774845992	0.0761686972	0.0748701667	0.0735858388	0.0723160084	0.0710789853	0.0699287738	0.0689334089	0.0680910830	0.0673275224	0.0665881273	0.0658559727	0.0651313458	0.0644172953	0.0637153039	0.0630254827	0.0623474633	0.0616808611	0.0610253700	0.0603807350	0.0597467217	0.0591231214	0.0585097872	0.0579066367	0.0573134584	0.0567292982	0.0561516353
0.0842314561	0.0842761491	0.0843231077	0.0843739527	0.0844292039	0.0844888660	0.0845528574	0.0846211313	0.0846936762	0.0847705000	0.0848516788	0.0849374489	0.0850282109	0.0851239676	0.0852226229	0.0853178042	0.0854014571	0.0854836369	0.0856393528	0.0860404226	0.0868295551	0.0879052511	0.0890920096	0.0902971625	0.0915011063	0.0927096514	0.0939296048	0.0951637372	0.0964123502	0.0976750769	0.0989516181	0.1002418287	0.1015456331	0.1028629616	0.1041937241	0.1055378162	0.1068951229	0.1082655189	0.1096488642	0.1110449992	0.1124537503	0.1138749279	0.1153083419	0.1167537911	0.1182110657	0.1196799293	0.1211601325	0.1226514096	0.1241534756	0.1256660378	0.1271887715	0.1287213448	0.1302634088	0.1318145869	0.1333745049	0.1349427528	0.1365189019	0.1381025182	0.1396931202	0.1412902238	0.1428933419	0.1445019391	0.1461154846	0.1477334233	0.1493551426	0.1509800479	0.1526075412	0.1542369762	0.1558677085	0.1574990613	0.1591302800	0.1607606139	0.1623893228	0.1640156141	0.1656386873	0.1672577534	0.1688719623	0.1704804319	0.1720823081	0.1736767072	0.1752626986	0.1768393590	0.1784057544	0.1799609078	0.1815038128	0.1830334759	0.1845488766	0.1860489476	0.1875326371	0.1889989163	0.1904467258	0.1918749770	0.1932825952	0.1946685099	0.1960316096	0.1973707717	0.1986849001	0.1999729057	0.2012336889	0.2024661309	0.2036691368	0.2048416364	0.2059825480	0.2070907668	0.2081652101	0.2092048304	0.2102086060	0.2111755285	0.2121046139	0.2129949052	0.2138454615	0.2146553561	0.2154236908	0.2161496338	0.2168323978	0.2174712042	0.2180652787	0.2186138849	0.2191163714	0.2195721376	0.2199806057	0.2203412151	0.2206534420	0.2209168582	0.2211311042	0.2212958339	0.2214107139	0.2214754766	0.2214899443	0.2214539805	0.2213674549	0.2212302802	0.2210424524	0.2208040175	0.2205150443	0.2201756447	0.2197859820	0.2193462750	0.2188567875	0.2183178207	0.2177297177	0.2170928563	0.2164076677	0.2156746444	0.2148943117	0.2140672152	0.2131939428	0.2122751451	0.2113115441	0.2103038709	0.2092528632	0.2081593109	0.2070240744	0.2058480676	0.2046322145	0.2033774320	0.2020846799	0.2007549945	0.1993894696	0.1979892106	0.1965553132	0.1950888819	0.1935910529	0.1920630136	0.1905059835	0.1889211797	0.1873098157	0.1856731046	0.1840122756	0.1823285722	0.1806232687	0.1788976502	0.1771529866	0.1753905315	0.1736115319	0.1718172257	0.1700088343	0.1681875744	0.1663546662	0.1645113105	0.1626586942	0.1607979925	0.1589303494	0.1570568805	0.1551786977	0.1532968848	0.1514125087	0.1495266186	0.1476402438	0.1457543773	0.1438699855	0.1419880085	0.1401093581	0.1382349225	0.1363655683	0.1345021283	0.1326454192	0.1307962155	0.1289552550	0.1271232568	0.1253009129	0.1234889037	0.1216878801	0.1198984437	0.1181211678	0.1163565988	0.1146052699	0.1128676939	0.1111443466	0.1094356803	0.1077421168	0.1060640596	0.1044018881	0.1027559547	0.1011265912	0.0995141018	0.0979187726	0.0963408676	0.0947806345	0.0932382964	0.0917140597	0.0902081092	0.0887206086	0.0872517006	0.0858015121	0.0843701584	0.0829577362	0.0815643227	0.0801899815	0.0788347957	0.0774989036	0.0761824522	0.0748852785	0.0736061636	0.0723422867	0.0710916038	0.0698632643	0.0686964589	0.0676605722	0.0667889952	0.0660214075	0.0652916141	0.0645719200	0.0638588557	0.0631553076	0.0624633478	0.0617834454	0.0611153231	0.0604585821	0.0598128907	0.0591779815	0.0585536159	0.0579395851	0.0573357415	0.0567420013	0.0561581519	0.0555832436	0.0550147683
0.0823322461	0.0823764383	0.0824228419	0.0824730418	0.0825275464	0.0825863599	0.0826494009	0.0827166207	0.0827880058	0.0828635772	0.0829434527	0.0830279360	0.0831173929	0.0832113530	0.0833064554	0.0833950229	0.0834718816	0.0835630155	0.0837766437	0.0842963943	0.0851872198	0.0862964242	0.0874719993	0.0886534083	0.0898346036	0.0910231331	0.0922243411	0.0934398565	0.0946696032	0.0959132097	0.0971704467	0.0984412108	0.0997254404	0.1010230675	0.1023340034	0.1036581469	0.1049953890	0.1063456083	0.1077086669	0.1090844069	0.1104726590	0.1118732416	0.1132859710	0.1147106509	0.1161470732	0.1175950013	0.1190541950	0.1205243895	0.1220053124	0.1234966744	0.1249981578	0.1265094460	0.1280301893	0.1295600313	0.1310986009	0.1326454898	0.1342002913	0.1357625652	0.1373318394	0.1389076561	0.1404895165	0.1420768993	0.1436692869	0.1452660999	0.1468667456	0.1484706570	0.1500772269	0.1516858316	0.1532958467	0.1549065732	0.1565172763	0.1581272486	0.1597357433	0.1613419765	0.1629451840	0.1645445604	0.1661392390	0.1677283719	0.1693111121	0.1708865531	0.1724537940	0.1740119483	0.1755600818	0.1770972156	0.1786223874	0.1801346029	0.1816328185	0.1831159851	0.1845830780	0.1860330602	0.1874648649	0.1888774395	0.1902697362	0.1916406674	0.1929891280	0.1943140233	0.1956142749	0.1968887761	0.1981364186	0.1993561105	0.2005467746	0.2017073224	0.2028366627	0.2039337195	0.2049974394	0.2060267794	0.2070206996	0.2079781925	0.2088982860	0.2097800498	0.2106225614	0.2114248945	0.2121861455	0.2129054726	0.2135820947	0.2142152554	0.2148042002	0.2153481918	0.2158465520	0.2162986885	0.2167040561	0.2170621175	0.2173723575	0.2176343422	0.2178477203	0.2180121704	0.2181273712	0.2181930488	0.2182090213	0.2181751617	0.2180913539	0.2179575137	0.2177736311	0.2175397539	0.2172559587	0.2169223571	0.2165391117	0.2161064399	0.2156246001	0.2150938872	0.2145146428	0.2138872415	0.2132121049	0.2124897125	0.2117205795	0.2109052381	0.2100442641	0.2091383067	0.2081880669	0.2071942488	0.2061575785	0.2050788408	0.2039589032	0.2027986569	0.2015989903	0.2003608050	0.1990850538	0.1977727702	0.1964250281	0.1950429010	0.1936274678	0.1921798284	0.1907011235	0.1891925527	0.1876553172	0.1860906055	0.1844996053	0.1828835214	0.1812435728	0.1795810085	0.1778970960	0.1761931027	0.1744702855	0.1727298844	0.1709731305	0.1692012516	0.1674154774	0.1656170172	0.1638070850	0.1619868725	0.1601575540	0.1583202888	0.1564762071	0.1546264215	0.1527720240	0.1509140932	0.1490536844	0.1471918274	0.1453295565	0.1434678578	0.1416076857	0.1397499741	0.1378956253	0.1360455085	0.1342004816	0.1323613691	0.1305289717	0.1287040670	0.1268873845	0.1250796301	0.1232814862	0.1214936131	0.1197166603	0.1179512315	0.1161978899	0.1144571754	0.1127296032	0.1110156788	0.1093158751	0.1076306361	0.1059603793	0.1043054961	0.1026663624	0.1010433232	0.0994367055	0.0978468073	0.0962739080	0.0947182653	0.0931801208	0.0916596937	0.0901571842	0.0886727729	0.0872066215	0.0857588683	0.0843296347	0.0829190308	0.0815271508	0.0801540700	0.0787998461	0.0774645428	0.0761482670	0.0748511706	0.0735732570	0.0723137874	0.0710705079	0.0698404864	0.0686269813	0.0674560622	0.0663891680	0.0654823052	0.0647033753	0.0639804803	0.0632732883	0.0625725158	0.0618800806	0.0611985663	0.0605289009	0.0598709714	0.0592243856	0.0585887856	0.0579638876	0.0573494471	0.0567452547	0.0561511622	0.0555670856	0.0549928102	0.0544273925	0.0538683398
0.0804270992	0.0804707441	0.0805165446	0.0805660524	0.0806197609	0.0806776769	0.0807397154	0.0808058275	0.0808760004	0.0809502734	0.0810288153	0.0811119869	0.0812000337	0.0812918227	0.0813826018	0.0814640335	0.0815364838	0.0816465669	0.0819349424	0.0825763556	0.0835431725	0.0846638784	0.0858202707	0.0869771161	0.0881361716	0.0893048009	0.0904868337	0.0916830782	0.0928932692	0.0941170815	0.0953543473	0.0966049945	0.0978689684	0.0991461990	0.1004366031	0.1017400824	0.1030565325	0.1043858362	0.1057278562	0.1070824404	0.1084494219	0.1098286309	0.1112198876	0.1126230033	0.1140377661	0.1154639484	0.1169013103	0.1183495927	0.1198085317	0.1212778345	0.1227572009	0.1242463187	0.1257448451	0.1272524437	0.1287687394	0.1302933396	0.1318258491	0.1333658214	0.1349128116	0.1364663685	0.1380259898	0.1395911817	0.1411614165	0.1427361101	0.1443147051	0.1458966335	0.1474812848	0.1490680627	0.1506563313	0.1522453835	0.1538345338	0.1554230895	0.1570102979	0.1585954163	0.1601776902	0.1617562888	0.1633303730	0.1648991219	0.1664616626	0.1680170965	0.1695645566	0.1711031539	0.1726319471	0.1741500013	0.1756563733	0.1771500519	0.1786300008	0.1800952212	0.1815446860	0.1829773335	0.1843921201	0.1857880211	0.1871639833	0.1885189085	0.1898517332	0.1911613912	0.1924467864	0.1937068080	0.1949403678	0.1961463933	0.1973237920	0.1984714620	0.1995883325	0.2006733608	0.2017255019	0.2027437074	0.2037269454	0.2046742210	0.2055845754	0.2064570744	0.2072907989	0.2080848453	0.2088383275	0.2095503907	0.2102202382	0.2108471253	0.2114303225	0.2119691058	0.2124627947	0.2129108044	0.2133126087	0.2136676966	0.2139755709	0.2142357909	0.2144480024	0.2146118980	0.2147271755	0.2147935658	0.2148108813	0.2147789977	0.2146978140	0.2145672514	0.2143872950	0.2141580006	0.2138794541	0.2135517623	0.2131750875	0.2127496487	0.2122756982	0.2117535275	0.2111834692	0.2105658918	0.2099012136	0.2091899042	0.2084324637	0.2076294098	0.2067813087	0.2058888014	0.2049525632	0.2039732786	0.2029516581	0.2018884849	0.2007846155	0.1996409166	0.1984582482	0.1972375081	0.1959796524	0.1946856987	0.1933566874	0.1919936562	0.1905976596	0.1891698037	0.1877112435	0.1862231660	0.1847067533	0.1831631730	0.1815936003	0.1799992231	0.1783812561	0.1767409524	0.1750795670	0.1733983367	0.1716985036	0.1699812965	0.1682479370	0.1664996441	0.1647376487	0.1629631634	0.1611773844	0.1593814925	0.1575766505	0.1557639954	0.1539446472	0.1521197204	0.1502902888	0.1484574150	0.1466221528	0.1447855226	0.1429485320	0.1411121681	0.1392773839	0.1374450961	0.1356161968	0.1337915489	0.1319719889	0.1301583386	0.1283513824	0.1265518894	0.1247605915	0.1229781795	0.1212053258	0.1194426765	0.1176908649	0.1159504997	0.1142221391	0.1125063139	0.1108035273	0.1091142686	0.1074390106	0.1057781878	0.1041322138	0.1025014711	0.1008863265	0.0992871216	0.0977041741	0.0961377802	0.0945882101	0.0930557172	0.0915405346	0.0900428787	0.0885629430	0.0871009041	0.0856569200	0.0842311264	0.0828236406	0.0814345657	0.0800639933	0.0787119973	0.0773786318	0.0760639464	0.0747680206	0.0734909889	0.0722329385	0.0709934793	0.0697709620	0.0685624154	0.0673676348	0.0662022155	0.0651148924	0.0641712821	0.0633747787	0.0626554604	0.0619603039	0.0612723798	0.0605916650	0.0599210390	0.0592619469	0.0586145107	0.0579783736	0.0573531568	0.0567385545	0.0561343163	0.0555402310	0.0549561513	0.0543819904	0.0538175349	0.0532618458	0.0527124501
0.0785161535	0.0785592051	0.0786043575	0.0786531259	0.0787059931	0.0787629622	0.0788239497	0.0788889031	0.0789578157	0.0790307553	0.0791079466	0.0791897696	0.0792762162	0.0793652714	0.0794508540	0.0795253475	0.0795985531	0.0797422286	0.0801205057	0.0808695270	0.0818859332	0.0830032778	0.0841367290	0.0852692298	0.0864065801	0.0875551418	0.0887174458	0.0898937480	0.0910837109	0.0922870698	0.0935037084	0.0947335727	0.0959766118	0.0972327570	0.0985019274	0.0997840311	0.1010789659	0.1023866189	0.1037068538	0.1050395230	0.1063844664	0.1077415240	0.1091105200	0.1104912720	0.1118835676	0.1132871888	0.1147018955	0.1161274373	0.1175635526	0.1190099497	0.1204663433	0.1219324169	0.1234078455	0.1248922988	0.1263854043	0.1278867927	0.1293960651	0.1309127855	0.1324365355	0.1339668553	0.1355032618	0.1370452756	0.1385923511	0.1401439323	0.1416994852	0.1432584277	0.1448201703	0.1463841232	0.1479496203	0.1495159805	0.1510825542	0.1526486379	0.1542135060	0.1557764527	0.1573367046	0.1588934400	0.1604458657	0.1619931529	0.1635344171	0.1650688018	0.1665954404	0.1681134222	0.1696218252	0.1711197493	0.1726062394	0.1740802917	0.1755409175	0.1769871382	0.1784179068	0.1798321846	0.1812289497	0.1826071642	0.1839657612	0.1853036823	0.1866198874	0.1879133103	0.1891828524	0.1904274322	0.1916459737	0.1928373845	0.1940005645	0.1951344406	0.1962379664	0.1973100945	0.1983497762	0.1993559908	0.2003277365	0.2012640142	0.2021638585	0.2030263314	0.2038505270	0.2046355686	0.2053805819	0.2060847036	0.2067471213	0.2073670949	0.2079439245	0.2084769206	0.2089654218	0.2094088324	0.2098066270	0.2101583278	0.2104634587	0.2107215692	0.2109322978	0.2110953512	0.2112104487	0.2112773261	0.2112957939	0.2112657358	0.2111870618	0.2110597051	0.2108836553	0.2106589673	0.2103857314	0.2100640584	0.2096941100	0.2092760987	0.2088102772	0.2082969390	0.2077364009	0.2071290219	0.2064752163	0.2057754458	0.2050301916	0.2042399587	0.2034053086	0.2025268628	0.2016052734	0.2006412046	0.1996353531	0.1985884981	0.1975014725	0.1963751145	0.1952102652	0.1940078184	0.1927687374	0.1914940237	0.1901846814	0.1888417095	0.1874661429	0.1860590840	0.1846216960	0.1831551449	0.1816605892	0.1801391800	0.1785920879	0.1770204985	0.1754256272	0.1738087083	0.1721709741	0.1705136440	0.1688379338	0.1671450598	0.1654362483	0.1637127122	0.1619756686	0.1602263334	0.1584658850	0.1566954901	0.1549162990	0.1531294320	0.1513360004	0.1495371031	0.1477338150	0.1459271845	0.1441182489	0.1423080272	0.1404974994	0.1386876438	0.1368794112	0.1350737076	0.1332714092	0.1314733749	0.1296804247	0.1278933697	0.1261129843	0.1243400206	0.1225752105	0.1208192394	0.1190727640	0.1173364221	0.1156108264	0.1138965811	0.1121942465	0.1105043426	0.1088273659	0.1071637885	0.1055140755	0.1038786578	0.1022579398	0.1006523014	0.0990620957	0.0974876618	0.0959293085	0.0943873280	0.0928619845	0.0913535249	0.0898621755	0.0883881472	0.0869316284	0.0854927923	0.0840717907	0.0826687586	0.0812838090	0.0799170393	0.0785685373	0.0772383746	0.0759266030	0.0746332634	0.0733584136	0.0721021612	0.0708646276	0.0696456596	0.0684441403	0.0672574464	0.0660835228	0.0649303054	0.0638333583	0.0628579756	0.0620384647	0.0613177891	0.0606332098	0.0599584269	0.0592900722	0.0586308441	0.0579826935	0.0573460562	0.0567206596	0.0561061140	0.0555020924	0.0549083336	0.0543246246	0.0537508176	0.0531868250	0.0526324341	0.0520867120	0.0515472063
0.0765995474	0.0766419619	0.0766864231	0.0767344082	0.0767863894	0.0768423651	0.0769022530	0.0769659999	0.0770336093	0.0771051864	0.0771810155	0.0772614435	0.0773460513	0.0774317215	0.0775112368	0.0775794898	0.0776601498	0.0778539986	0.0783351145	0.0791691764	0.0802098502	0.0813129764	0.0824217065	0.0835304614	0.0846464031	0.0857745863	0.0869165549	0.0880722452	0.0892413215	0.0904235811	0.0916189430	0.0928273642	0.0940487960	0.0952831728	0.0965304134	0.0977904350	0.0990631368	0.1003484076	0.1016461152	0.1029561162	0.1042782597	0.1056123901	0.1069583413	0.1083159305	0.1096849523	0.1110651942	0.1124564202	0.1138583898	0.1152708383	0.1166934868	0.1181260528	0.1195682199	0.1210196815	0.1224800992	0.1239491167	0.1254263782	0.1269114775	0.1284040082	0.1299035608	0.1314096742	0.1329218941	0.1344397340	0.1359626498	0.1374901250	0.1390216258	0.1405565733	0.1420944072	0.1436345159	0.1451762250	0.1467188946	0.1482618710	0.1498044482	0.1513459469	0.1528856605	0.1544228054	0.1559566096	0.1574862982	0.1590110283	0.1605299419	0.1620422185	0.1635469672	0.1650432746	0.1665302582	0.1680070018	0.1694725333	0.1709258953	0.1723661477	0.1737922890	0.1752032940	0.1765981671	0.1779758835	0.1793353788	0.1806756044	0.1819955362	0.1832941289	0.1845703092	0.1858230151	0.1870511908	0.1882537437	0.1894295708	0.1905776014	0.1916967852	0.1927860703	0.1938444040	0.1948707671	0.1958641617	0.1968235916	0.1977480645	0.1986366127	0.1994883014	0.2003022360	0.2010775416	0.2018133556	0.2025088316	0.2031631591	0.2037756000	0.2043454769	0.2048721381	0.2053549398	0.2057932751	0.2061866206	0.2065345101	0.2068364926	0.2070921247	0.2073010324	0.2074629321	0.2075775667	0.2076446863	0.2076640991	0.2076356968	0.2075594099	0.2074351842	0.2072630099	0.2070429410	0.2067750739	0.2064595295	0.2060964637	0.2056860834	0.2052286431	0.2047244254	0.2041737417	0.2035769479	0.2029344432	0.2022466736	0.2015141066	0.2007372331	0.1999166096	0.1990528429	0.1981465579	0.1971983926	0.1962090360	0.1951792557	0.1941098563	0.1930016459	0.1918554478	0.1906721527	0.1894527243	0.1881981445	0.1869093837	0.1855874191	0.1842332783	0.1828480499	0.1814328704	0.1799888812	0.1785172184	0.1770190262	0.1754954758	0.1739477603	0.1723770916	0.1707846769	0.1691717125	0.1675394050	0.1658889560	0.1642215702	0.1625384666	0.1608408600	0.1591299516	0.1574069403	0.1556729975	0.1539292751	0.1521769055	0.1504170012	0.1486506666	0.1468789808	0.1451030138	0.1433238124	0.1415423858	0.1397597470	0.1379768651	0.1361946941	0.1344141732	0.1326362065	0.1308616614	0.1290913851	0.1273261881	0.1255668602	0.1238141700	0.1220688554	0.1203316368	0.1186032014	0.1168841919	0.1151752346	0.1134769280	0.1117898595	0.1101145927	0.1084516416	0.1068014938	0.1051646104	0.1035414396	0.1019324126	0.1003379231	0.0987583470	0.0971940281	0.0956452976	0.0941124596	0.0925957984	0.0910955747	0.0896120273	0.0881453780	0.0866958293	0.0852635675	0.0838487594	0.0824515525	0.0810720800	0.0797104507	0.0783667585	0.0770410855	0.0757334998	0.0744440535	0.0731727819	0.0719197252	0.0706849651	0.0694686250	0.0682706918	0.0670904612	0.0659258078	0.0647739599	0.0636378858	0.0625418179	0.0615435284	0.0606963448	0.0599684071	0.0592922576	0.0586307011	0.0579753550	0.0573280780	0.0566912592	0.0560657311	0.0554513651	0.0548477770	0.0542546197	0.0536716173	0.0530985529	0.0525352782	0.0519817062	0.0514376237	0.0509021062	0.0503727234
0.0746774188	0.0747191559	0.0747628842	0.0748100449	0.0748610958	0.0749160353	0.0749747784	0.0750372745	0.0751035415	0.0751737290	0.0752481717	0.0753271253	0.0754096210	0.0754913422	0.0755643854	0.0756280622	0.0757233232	0.0759796829	0.0765660130	0.0774636565	0.0785105294	0.0795929116	0.0806761989	0.0817616249	0.0828561640	0.0839635290	0.0850845392	0.0862189678	0.0873665184	0.0885270437	0.0897004884	0.0908868146	0.0920859747	0.0932979049	0.0945225293	0.0957597673	0.0970095250	0.0982716880	0.0995461321	0.1008327177	0.1021313043	0.1034417395	0.1047638657	0.1060974987	0.1074424437	0.1087984899	0.1101654107	0.1115429726	0.1129309112	0.1143289634	0.1157368417	0.1171542437	0.1185808691	0.1200163739	0.1214604212	0.1229126507	0.1243726627	0.1258400800	0.1273144858	0.1287954378	0.1302825008	0.1317751731	0.1332729404	0.1347753123	0.1362817466	0.1377916926	0.1393045982	0.1408198264	0.1423367337	0.1438547038	0.1453730605	0.1468911227	0.1484082335	0.1499236600	0.1514366456	0.1529464636	0.1544523275	0.1559534079	0.1574489016	0.1589379831	0.1604197542	0.1618933355	0.1633578531	0.1648123539	0.1662558797	0.1676875204	0.1691063352	0.1705113219	0.1719015171	0.1732759374	0.1746335450	0.1759732896	0.1772941529	0.1785951000	0.1798750707	0.1811330228	0.1823679229	0.1835787041	0.1847642775	0.1859235725	0.1870555386	0.1881591172	0.1892332520	0.1902769163	0.1912891145	0.1922688486	0.1932151256	0.1941269757	0.1950034425	0.1958435907	0.1966465152	0.1974113389	0.1981372222	0.1988233574	0.1994689564	0.2000732717	0.2006356307	0.2011554087	0.2016319855	0.2020647593	0.2024531974	0.2027968324	0.2030952352	0.2033479862	0.2035547111	0.2037151224	0.2038289899	0.2038960923	0.2039162395	0.2038893267	0.2038153050	0.2036941313	0.2035257975	0.2033103617	0.2030479240	0.2027386124	0.2023825826	0.2019800382	0.2015312292	0.2010364287	0.2004959425	0.1999101184	0.1992793436	0.1986040466	0.1978846781	0.1971217151	0.1963156993	0.1954672285	0.1945768997	0.1936453261	0.1926731935	0.1916612546	0.1906102747	0.1895210243	0.1883943175	0.1872310441	0.1860321554	0.1847985968	0.1835313191	0.1822312966	0.1808995578	0.1795371793	0.1781452486	0.1767248639	0.1752771381	0.1738032198	0.1723042888	0.1707815377	0.1692361660	0.1676693570	0.1660822809	0.1644761191	0.1628520664	0.1612113238	0.1595550951	0.1578845874	0.1562009944	0.1545054825	0.1527992136	0.1510833324	0.1493589560	0.1476271888	0.1458891280	0.1441458399	0.1423983799	0.1406477809	0.1388950484	0.1371411676	0.1353871006	0.1336337865	0.1318821444	0.1301330706	0.1283874275	0.1266460490	0.1249097417	0.1231792712	0.1214553967	0.1197388478	0.1180303261	0.1163305166	0.1146400572	0.1129595568	0.1112896059	0.1096307713	0.1079836116	0.1063486414	0.1047263373	0.1031171540	0.1015215213	0.0999398644	0.0983725728	0.0968200126	0.0952825239	0.0937604249	0.0922540179	0.0907635774	0.0892893612	0.0878316008	0.0863905125	0.0849662917	0.0835591216	0.0821691618	0.0807965578	0.0794414377	0.0781039083	0.0767840605	0.0754819696	0.0741977013	0.0729313065	0.0716828173	0.0704522614	0.0692396975	0.0680452334	0.0668689280	0.0657103806	0.0645679942	0.0634389707	0.0623232917	0.0612361026	0.0602238629	0.0593478936	0.0586081259	0.0579380628	0.0572894810	0.0566476387	0.0560128407	0.0553877576	0.0547736620	0.0541706197	0.0535782761	0.0529962643	0.0524242936	0.0518621415	0.0513096585	0.0507667578	0.0502332271	0.0497081506	0.0491891223
0.0727499061	0.0727909272	0.0728338843	0.0728801812	0.0729302609	0.0729841222	0.0730416781	0.0731028834	0.0731677777	0.0732365581	0.0733095805	0.0733869087	0.0734668605	0.0735439814	0.0736107522	0.0736738532	0.0737947810	0.0741244829	0.0748038047	0.0757435062	0.0767846039	0.0778431776	0.0789011205	0.0799634764	0.0810363833	0.0821223888	0.0832218059	0.0843343370	0.0854597373	0.0865979045	0.0877487995	0.0889123878	0.0900886213	0.0912774375	0.0924787678	0.0936925313	0.0949186394	0.0961569795	0.0974074311	0.0986698625	0.0999441406	0.1012301199	0.1025276459	0.1038365365	0.1051566072	0.1064876478	0.1078294446	0.1091817645	0.1105443523	0.1119169565	0.1132992871	0.1146910618	0.1160919751	0.1175016925	0.1189198883	0.1203461901	0.1217802215	0.1232216136	0.1246699435	0.1261247981	0.1275857402	0.1290522687	0.1305239117	0.1320001823	0.1334805446	0.1349644820	0.1364514247	0.1379407385	0.1394318259	0.1409240632	0.1424167745	0.1439093164	0.1454010129	0.1468911204	0.1483789280	0.1498637113	0.1513446802	0.1528210468	0.1542920480	0.1557568339	0.1572145471	0.1586643380	0.1601053028	0.1615364882	0.1629569840	0.1643658753	0.1657621962	0.1671449970	0.1685133434	0.1698662427	0.1712026778	0.1725216453	0.1738221296	0.1751030742	0.1763634326	0.1776021908	0.1788183020	0.1800106945	0.1811783200	0.1823201442	0.1834351085	0.1845221546	0.1855802465	0.1866083844	0.1876055628	0.1885707835	0.1895030760	0.1904014927	0.1912650837	0.1920929095	0.1928840591	0.1936376685	0.1943529265	0.1950290556	0.1956652883	0.1962608824	0.1968151587	0.1973274979	0.1977973094	0.1982240078	0.1986070461	0.1989459574	0.1992403327	0.1994897826	0.1996939462	0.1998525387	0.1999653488	0.2000321800	0.2000528589	0.2000272826	0.1999554091	0.1998372101	0.1996726842	0.1994618975	0.1992049522	0.1989019744	0.1985531282	0.1981586132	0.1977186716	0.1972335760	0.1967036224	0.1961291435	0.1955105192	0.1948481644	0.1941425086	0.1933940156	0.1926032081	0.1917706578	0.1908969368	0.1899826450	0.1890284634	0.1880351201	0.1870033439	0.1859338731	0.1848275121	0.1836851419	0.1825076812	0.1812960450	0.1800511627	0.1787740165	0.1774656427	0.1761270999	0.1747594300	0.1733636869	0.1719409577	0.1704923875	0.1690191586	0.1675224631	0.1660034765	0.1644633627	0.1629032796	0.1613243883	0.1597278690	0.1581149213	0.1564867358	0.1548444984	0.1531893813	0.1515225385	0.1498451136	0.1481582374	0.1464630284	0.1447605779	0.1430519664	0.1413382554	0.1396204819	0.1378996606	0.1361767976	0.1344528460	0.1327287599	0.1310054695	0.1292838666	0.1275648403	0.1258492501	0.1241379071	0.1224316152	0.1207311282	0.1190371869	0.1173505126	0.1156717916	0.1140016955	0.1123408635	0.1106898892	0.1090493525	0.1074198052	0.1058017893	0.1041958223	0.1026023733	0.1010218883	0.0994547852	0.0979014736	0.0963623427	0.0948377472	0.0933280242	0.0918334809	0.0903544137	0.0888910903	0.0874437632	0.0860126593	0.0845979868	0.0831999370	0.0818186863	0.0804543907	0.0791071916	0.0777772113	0.0764645560	0.0751693123	0.0738915515	0.0726313357	0.0713887119	0.0701637120	0.0689563562	0.0677666824	0.0665947769	0.0654407316	0.0643043583	0.0631845333	0.0620787437	0.0609852651	0.0599123901	0.0588949455	0.0579944626	0.0572392357	0.0565717148	0.0559350502	0.0553069723	0.0546851948	0.0540723018	0.0534699870	0.0528785664	0.0522977512	0.0517271645	0.0511664991	0.0506155255	0.0500740923	0.0495421125	0.0490193753	0.0485049739	0.0479965304
0.0708171509	0.0708574188	0.0708995677	0.0709449622	0.0709940335	0.0710467762	0.0711031049	0.0711629819	0.0712264802	0.0712938434	0.0713654109	0.0714409242	0.0715178026	0.0715895878	0.0716505699	0.0717184333	0.0718786971	0.0722926576	0.0730449861	0.0740048597	0.0750308608	0.0760640630	0.0770971239	0.0781366056	0.0791875512	0.0802516144	0.0813288024	0.0824188083	0.0835214415	0.0846366332	0.0857643512	0.0869045651	0.0880572255	0.0892222713	0.0903996382	0.0915892493	0.0927910144	0.0940048268	0.0952305684	0.0964681179	0.0977173461	0.0989781160	0.1002502737	0.1015336444	0.1028280488	0.1041332827	0.1054491428	0.1067753937	0.1081117975	0.1094581030	0.1108140310	0.1121793122	0.1135536360	0.1149366878	0.1163281417	0.1177276248	0.1191347858	0.1205492454	0.1219705916	0.1233984294	0.1248323039	0.1262717403	0.1277162975	0.1291654796	0.1306187815	0.1320757015	0.1335356489	0.1349980278	0.1364622668	0.1379277269	0.1393937661	0.1408597594	0.1423250008	0.1437887730	0.1452503905	0.1467091034	0.1481641379	0.1496147608	0.1510601987	0.1524996074	0.1539321907	0.1553571014	0.1567734092	0.1581802176	0.1595766414	0.1609617289	0.1623345290	0.1636941349	0.1650395961	0.1663699216	0.1676841477	0.1689813042	0.1702603631	0.1715202838	0.1727600550	0.1739786383	0.1751749685	0.1763480085	0.1774967423	0.1786201402	0.1797171545	0.1807867529	0.1818279236	0.1828396601	0.1838209538	0.1847708234	0.1856883135	0.1865724816	0.1874223853	0.1882370961	0.1890157213	0.1897574126	0.1904613725	0.1911268375	0.1917530614	0.1923393212	0.1928849336	0.1933892722	0.1938517593	0.1942718358	0.1946489621	0.1949826717	0.1952725736	0.1955183149	0.1957195572	0.1958760181	0.1959874966	0.1960538225	0.1960748352	0.1960504351	0.1959805916	0.1958652907	0.1957045384	0.1954984050	0.1952470035	0.1949504610	0.1946089399	0.1942226425	0.1937918040	0.1933166911	0.1927975947	0.1922348336	0.1916287775	0.1909798258	0.1902883878	0.1895549086	0.1887799006	0.1879639000	0.1871074501	0.1862111407	0.1852756344	0.1843016306	0.1832898288	0.1822409526	0.1811557929	0.1800352107	0.1788800731	0.1776912676	0.1764697094	0.1752163856	0.1739323339	0.1726185858	0.1712761527	0.1699060654	0.1685093940	0.1670872601	0.1656408237	0.1641712676	0.1626797486	0.1611674128	0.1596354163	0.1580849154	0.1565170730	0.1549330727	0.1533340865	0.1517212768	0.1500957897	0.1484587752	0.1468113607	0.1451546626	0.1434897888	0.1418178303	0.1401398456	0.1384568845	0.1367699719	0.1350801039	0.1333882697	0.1316954162	0.1300024762	0.1283103618	0.1266199563	0.1249321280	0.1232477273	0.1215675582	0.1198924054	0.1182230206	0.1165601250	0.1149044280	0.1132566050	0.1116173079	0.1099871729	0.1083667885	0.1067567172	0.1051575020	0.1035696641	0.1019937169	0.1004301286	0.0988793329	0.0973417419	0.0958177463	0.0943077310	0.0928120435	0.0913310140	0.0898649441	0.0884141184	0.0869788024	0.0855592393	0.0841556535	0.0827682457	0.0813972030	0.0800426937	0.0787048714	0.0773838716	0.0760798126	0.0747927990	0.0735229130	0.0722702234	0.0710347868	0.0698166484	0.0686158385	0.0674323732	0.0662662748	0.0651176072	0.0639864694	0.0628728055	0.0617758629	0.0606935369	0.0596233381	0.0585689440	0.0575551685	0.0566379323	0.0558636889	0.0551940265	0.0545676066	0.0539534136	0.0533452315	0.0527450258	0.0521548568	0.0515753575	0.0510063509	0.0504474656	0.0498983777	0.0493588473	0.0488287206	0.0483079098	0.0477962060	0.0472927123	0.0467950823
0.0688792961	0.0689187756	0.0689600797	0.0690045358	0.0690525620	0.0691041491	0.0691592132	0.0692177296	0.0692798063	0.0693457334	0.0694157957	0.0694893138	0.0695627104	0.0696287576	0.0696848048	0.0697621006	0.0699712718	0.0704737720	0.0712809452	0.0722447375	0.0732494988	0.0742564987	0.0752649837	0.0762815702	0.0773101356	0.0783516655	0.0794060033	0.0804728717	0.0815521297	0.0826437306	0.0837476496	0.0848638557	0.0859923003	0.0871329262	0.0882856701	0.0894504587	0.0906272003	0.0918157919	0.0930161210	0.0942280736	0.0954515238	0.0966863429	0.0979323758	0.0991894600	0.1004574160	0.1017360521	0.1030251681	0.1043245340	0.1056339274	0.1069530925	0.1082817697	0.1096196931	0.1109665553	0.1123220627	0.1136858798	0.1150576530	0.1164370448	0.1178236649	0.1192171253	0.1206170287	0.1220229103	0.1234343329	0.1248508575	0.1262719909	0.1276972648	0.1291261645	0.1305581061	0.1319925428	0.1334288999	0.1348665464	0.1363048848	0.1377432781	0.1391810183	0.1406174331	0.1420518293	0.1434834429	0.1449115363	0.1463353954	0.1477542189	0.1491672131	0.1505736045	0.1519725334	0.1533631049	0.1547444715	0.1561157406	0.1574759608	0.1588242236	0.1601596161	0.1614811635	0.1627879058	0.1640789165	0.1653532214	0.1666098132	0.1678477022	0.1690658782	0.1702632790	0.1714388558	0.1725916035	0.1737205031	0.1748245256	0.1759026586	0.1769539058	0.1779772621	0.1789717091	0.1799362567	0.1808699459	0.1817718136	0.1826409134	0.1834763201	0.1842771416	0.1850425134	0.1857715941	0.1864635832	0.1871177244	0.1877332992	0.1883096049	0.1888459528	0.1893417075	0.1897962992	0.1902092020	0.1905799106	0.1909079601	0.1911929700	0.1914346205	0.1916325974	0.1917866181	0.1918964862	0.1919620604	0.1919831989	0.1919598044	0.1918918569	0.1917793609	0.1916223390	0.1914208607	0.1911750444	0.1908850290	0.1905509725	0.1901730759	0.1897515737	0.1892867270	0.1887788155	0.1882281490	0.1876350825	0.1869999930	0.1863232716	0.1856053479	0.1848467152	0.1840478807	0.1832093617	0.1823317327	0.1814156314	0.1804617195	0.1794706646	0.1784431832	0.1773800649	0.1762821352	0.1751502160	0.1739851522	0.1727878603	0.1715593212	0.1703005495	0.1690125451	0.1676963107	0.1663528732	0.1649832979	0.1635886775	0.1621701278	0.1607287894	0.1592658113	0.1577823380	0.1562795261	0.1547585287	0.1532205008	0.1516665861	0.1500979374	0.1485156982	0.1469209986	0.1453149642	0.1436987197	0.1420733679	0.1404399985	0.1387996972	0.1371535109	0.1355024694	0.1338475823	0.1321898349	0.1305301872	0.1288695871	0.1272089508	0.1255491614	0.1238911021	0.1222356159	0.1205835351	0.1189356678	0.1172927758	0.1156556044	0.1140248621	0.1124012372	0.1107853983	0.1091779812	0.1075796075	0.1059908675	0.1044123067	0.1028444580	0.1012878260	0.0997429095	0.0982101789	0.0966900574	0.0951829503	0.0936892341	0.0922092812	0.0907434373	0.0892920215	0.0878553329	0.0864336440	0.0850272170	0.0836362862	0.0822610729	0.0809017717	0.0795585640	0.0782316110	0.0769210629	0.0756270496	0.0743496867	0.0730890735	0.0718452918	0.0706184067	0.0694084691	0.0682155231	0.0670395969	0.0658807035	0.0647388552	0.0636140948	0.0625065110	0.0614161216	0.0603424503	0.0592838423	0.0582376795	0.0572047768	0.0562018080	0.0552754288	0.0544804697	0.0538051299	0.0531875098	0.0525872413	0.0519931423	0.0514060862	0.0508284232	0.0502611473	0.0497042309	0.0491573226	0.0486200820	0.0480922574	0.0475736917	0.0470642958	0.0465638635	0.0460715095	0.0455849192
0.0669364913	0.0669751467	0.0670155712	0.0670590543	0.0671059987	0.0671563953	0.0672101607	0.0672672893	0.0673279230	0.0673923837	0.0674608387	0.0675320954	0.0676016266	0.0676620860	0.0677156226	0.0678088396	0.0680731894	0.0686568971	0.0695026579	0.0704603164	0.0714408663	0.0724214863	0.0734055017	0.0743989456	0.0754046251	0.0764230276	0.0774539129	0.0784970471	0.0795523306	0.0806197328	0.0816992360	0.0827908057	0.0838943964	0.0850099563	0.0861374222	0.0872767231	0.0884277672	0.0895904566	0.0907646818	0.0919503348	0.0931472947	0.0943554358	0.0955746044	0.0968046489	0.0980453897	0.0992966495	0.1005582256	0.1018299033	0.1031114660	0.1044026609	0.1057032485	0.1070129575	0.1083314968	0.1096585823	0.1109938747	0.1123370479	0.1136877638	0.1150456373	0.1164103039	0.1177813485	0.1191583222	0.1205408165	0.1219283755	0.1233205295	0.1247168250	0.1261167256	0.1275196836	0.1289251834	0.1303326373	0.1317414539	0.1331510598	0.1345607986	0.1359699984	0.1373780169	0.1387841350	0.1401876179	0.1415877647	0.1429838296	0.1443750193	0.1457605926	0.1471397471	0.1485116289	0.1498754157	0.1512302718	0.1525752962	0.1539095921	0.1552322782	0.1565424083	0.1578390208	0.1591211966	0.1603879934	0.1616384294	0.1628715497	0.1640863954	0.1652819430	0.1664571536	0.1676110184	0.1687425262	0.1698506456	0.1709343702	0.1719927210	0.1730247130	0.1740293469	0.1750056271	0.1759525824	0.1768692503	0.1777546632	0.1786078859	0.1794280212	0.1802142087	0.1809655981	0.1816813630	0.1823607060	0.1830028717	0.1836071520	0.1841728631	0.1846993260	0.1851859079	0.1856320505	0.1860372590	0.1864010643	0.1867230155	0.1870027330	0.1872399077	0.1874342568	0.1875855176	0.1876934891	0.1877580499	0.1877790947	0.1877565327	0.1876903447	0.1875805591	0.1874272161	0.1872303885	0.1869901984	0.1867067944	0.1863803376	0.1860110250	0.1855990923	0.1851447902	0.1846483868	0.1841101829	0.1835305174	0.1829097489	0.1822482465	0.1815464273	0.1808047545	0.1800237040	0.1792037664	0.1783455009	0.1774495256	0.1765164549	0.1755469288	0.1745416499	0.1735013973	0.1724269580	0.1713191253	0.1701787181	0.1690066411	0.1678038520	0.1665713163	0.1653100089	0.1640209382	0.1627051376	0.1613636703	0.1599976040	0.1586080065	0.1571959663	0.1557626103	0.1543090882	0.1528365599	0.1513461720	0.1498390704	0.1483163668	0.1467791844	0.1452286481	0.1436658782	0.1420919743	0.1405080519	0.1389152041	0.1373145080	0.1357070252	0.1340937968	0.1324758336	0.1308541266	0.1292296538	0.1276033504	0.1259761477	0.1243489562	0.1227226396	0.1210980622	0.1194760549	0.1178574253	0.1162429775	0.1146334580	0.1130296019	0.1114321085	0.1098416441	0.1082588668	0.1066844011	0.1051188487	0.1035627972	0.1020167841	0.1004813253	0.0989569166	0.0974440351	0.0959431494	0.0944546790	0.0929790175	0.0915165335	0.0900675820	0.0886325072	0.0872116181	0.0858052089	0.0844135444	0.0830368788	0.0816754415	0.0803294465	0.0789990849	0.0776845305	0.0763859403	0.0751034586	0.0738372109	0.0725873095	0.0713538483	0.0701369090	0.0689365522	0.0677528262	0.0665857713	0.0654354131	0.0643017642	0.0631848292	0.0620846328	0.0610012461	0.0599347257	0.0588848035	0.0578502547	0.0568286389	0.0558189743	0.0548313990	0.0539023337	0.0530887607	0.0524059068	0.0517954987	0.0512088178	0.0506291032	0.0500556223	0.0494908373	0.0489360989	0.0483915581	0.0478569001	0.0473317739	0.0468159152	0.0463091623	0.0458114257	0.0453225009	0.0448415156	0.0443661889
0.0649888986	0.0650266919	0.0650662012	0.0651086744	0.0651545011	0.0652036710	0.0652561076	0.0653118252	0.0653710057	0.0654339678	0.0655006642	0.0655692533	0.0656343839	0.0656897094	0.0657449273	0.0658643427	0.0661913248	0.0668400747	0.0677066160	0.0686503086	0.0696051811	0.0705596914	0.0715193280	0.0724892971	0.0734715458	0.0744662261	0.0754730686	0.0764918830	0.0775226025	0.0785652085	0.0796196851	0.0806859979	0.0817641043	0.0828539561	0.0839554938	0.0850686453	0.0861933237	0.0873294323	0.0884768694	0.0896355282	0.0908052964	0.0919860444	0.0931776265	0.0943798934	0.0955926718	0.0968157922	0.0980490521	0.0992922534	0.1005451783	0.1018075892	0.1030792576	0.1043599082	0.1056492749	0.1069470676	0.1082529596	0.1095666480	0.1108877854	0.1122160094	0.1135509656	0.1148922260	0.1162393765	0.1175920164	0.1189496831	0.1203119376	0.1216783129	0.1230482670	0.1244212965	0.1257968830	0.1271744454	0.1285534398	0.1299332879	0.1313133369	0.1326929690	0.1340715406	0.1354483254	0.1368226443	0.1381938088	0.1395610393	0.1409235952	0.1422807328	0.1436316214	0.1449754465	0.1463114260	0.1476387136	0.1489564368	0.1502637618	0.1515598006	0.1528436042	0.1541142673	0.1553708724	0.1566124480	0.1578380395	0.1590467154	0.1602375076	0.1614094139	0.1625614474	0.1636926276	0.1648019281	0.1658883341	0.1669508637	0.1679885377	0.1690003721	0.1699853922	0.1709426401	0.1718711514	0.1727699478	0.1736380840	0.1744746497	0.1752787663	0.1760495808	0.1767862607	0.1774880013	0.1781540179	0.1787835538	0.1793758890	0.1799303559	0.1804463156	0.1809231581	0.1813603328	0.1817573545	0.1821137783	0.1824291875	0.1827031986	0.1829355029	0.1831258571	0.1832740259	0.1833798134	0.1834431053	0.1834638268	0.1834419097	0.1833773399	0.1832701660	0.1831204420	0.1829282496	0.1826937251	0.1824170170	0.1820982919	0.1817377515	0.1813356222	0.1808921434	0.1804075742	0.1798822024	0.1793163503	0.1787103565	0.1780645700	0.1773793913	0.1766552558	0.1758926043	0.1750919042	0.1742536945	0.1733785564	0.1724670662	0.1715198414	0.1705375751	0.1695210105	0.1684708934	0.1673879923	0.1662731337	0.1651272029	0.1639511092	0.1627457644	0.1615121221	0.1602511928	0.1589640164	0.1576516497	0.1563151417	0.1549555215	0.1535738419	0.1521711926	0.1507487183	0.1493075712	0.1478488939	0.1463738074	0.1448834185	0.1433788200	0.1418611088	0.1403313929	0.1387907643	0.1372403160	0.1356811253	0.1341142555	0.1325407465	0.1309616233	0.1293778843	0.1277905072	0.1262004489	0.1246086325	0.1230159689	0.1214233521	0.1198316420	0.1182416757	0.1166542705	0.1150702152	0.1134902925	0.1119152513	0.1103458026	0.1087826427	0.1072264195	0.1056777695	0.1041373139	0.1026056352	0.1010833071	0.0995708665	0.0980688119	0.0965776301	0.0950977795	0.0936297164	0.0921738620	0.0907305977	0.0893002867	0.0878832672	0.0864798766	0.0850904184	0.0837151776	0.0823544155	0.0810083742	0.0796772814	0.0783613407	0.0770607416	0.0757756498	0.0745062192	0.0732525859	0.0720148740	0.0707931891	0.0695876233	0.0683982548	0.0672251412	0.0660683298	0.0649278550	0.0638037410	0.0626959998	0.0616046307	0.0605296449	0.0594710934	0.0584290506	0.0574033949	0.0563932573	0.0553964952	0.0544110905	0.0534423530	0.0525175006	0.0516911662	0.0509987812	0.0503925411	0.0498183611	0.0492531749	0.0486937403	0.0481422591	0.0476003919	0.0470685119	0.0465463726	0.0460336230	0.0455299879	0.0450352976	0.0445494620	0.0440722783	0.0436028877	0.0431390469
0.0630366822	0.0630735770	0.0631121344	0.0631535614	0.0631982349	0.0632461413	0.0632972163	0.0633515005	0.0634092156	0.0634706500	0.0635354548	0.0636010149	0.0636612506	0.0637117852	0.0637723170	0.0639271398	0.0643232101	0.0650202897	0.0658915110	0.0668148576	0.0677430786	0.0686717698	0.0696070453	0.0705531677	0.0715114378	0.0724818138	0.0734640349	0.0744579558	0.0754635330	0.0764807540	0.0775096023	0.0785500474	0.0796020479	0.0806655591	0.0817405251	0.0828268728	0.0839245217	0.0850333761	0.0861533440	0.0872843201	0.0884261983	0.0895788461	0.0907421290	0.0919158934	0.0930999771	0.0942942115	0.0954983995	0.0967123554	0.0979358580	0.0991686906	0.1004106233	0.1016613917	0.1029207469	0.1041883910	0.1054640224	0.1067473477	0.1080380179	0.1093356985	0.1106400274	0.1119505865	0.1132669966	0.1145888470	0.1159156937	0.1172471187	0.1185826297	0.1199217080	0.1212638771	0.1226085978	0.1239553197	0.1253035246	0.1266526153	0.1280019761	0.1293510262	0.1306991058	0.1320455263	0.1333896487	0.1347307707	0.1360681314	0.1374010353	0.1387287001	0.1400503095	0.1413650908	0.1426722566	0.1439709519	0.1452603654	0.1465396846	0.1478080096	0.1490644481	0.1503081351	0.1515381320	0.1527534789	0.1539532569	0.1551365176	0.1563022741	0.1574495706	0.1585774652	0.1596849754	0.1607711014	0.1618348686	0.1628753011	0.1638914006	0.1648821964	0.1658467436	0.1667840968	0.1676932969	0.1685733876	0.1694234539	0.1702425973	0.1710299440	0.1717846489	0.1725059055	0.1731929210	0.1738449215	0.1744611548	0.1750409046	0.1755835156	0.1760883876	0.1765549435	0.1769826372	0.1773709801	0.1777195446	0.1780279500	0.1782958313	0.1785228859	0.1787088850	0.1788536208	0.1789569195	0.1790186764	0.1790388364	0.1790173619	0.1789542591	0.1788495870	0.1787034168	0.1785158459	0.1782870183	0.1780170904	0.1777062301	0.1773546402	0.1769625395	0.1765301607	0.1760577567	0.1755455996	0.1749939881	0.1744032323	0.1737736645	0.1731056635	0.1723996335	0.1716559809	0.1708751635	0.1700576976	0.1692041091	0.1683149368	0.1673907818	0.1664323226	0.1654402568	0.1644152893	0.1633581733	0.1622697381	0.1611508459	0.1600023583	0.1588251500	0.1576201477	0.1563883468	0.1551307841	0.1538485001	0.1525425237	0.1512138791	0.1498635932	0.1484927267	0.1471023916	0.1456937182	0.1442678349	0.1428258476	0.1413688565	0.1398979383	0.1384141667	0.1369186257	0.1354124060	0.1338965702	0.1323721763	0.1308402705	0.1293018767	0.1277579944	0.1262096167	0.1246577050	0.1231031899	0.1215469911	0.1199899993	0.1184330827	0.1168770972	0.1153228549	0.1137711581	0.1122227886	0.1106784939	0.1091390207	0.1076050642	0.1060773086	0.1045563909	0.1030429288	0.1015375272	0.1000407616	0.0985531824	0.0970753262	0.0956076791	0.0941507133	0.0927048760	0.0912706038	0.0898483185	0.0884383936	0.0870411841	0.0856570172	0.0842862152	0.0829290807	0.0815858871	0.0802568932	0.0789423294	0.0776424196	0.0763573596	0.0750873348	0.0738325051	0.0725930195	0.0713690073	0.0701605898	0.0689678673	0.0677909294	0.0666298493	0.0654846850	0.0643554801	0.0632422643	0.0621450613	0.0610638811	0.0599987207	0.0589495802	0.0579164939	0.0568995353	0.0558986694	0.0549132945	0.0539416224	0.0529812596	0.0520344177	0.0511208101	0.0502888424	0.0495846585	0.0489790184	0.0484160448	0.0478655064	0.0473206114	0.0467828745	0.0462542151	0.0457352776	0.0452259222	0.0447258089	0.0442346509	0.0437522706	0.0432785746	0.0428133626	0.0423557910	0.0419036551
0.0610799976	0.0611159622	0.0611535332	0.0611938807	0.0612373666	0.0612839762	0.0613336574	0.0613864812	0.0614427042	0.0615025690	0.0615653822	0.0616277265	0.0616829303	0.0617291646	0.0617971568	0.0619912809	0.0624565585	0.0631896032	0.0640553775	0.0649546271	0.0658556183	0.0667585351	0.0676692631	0.0685911017	0.0695248509	0.0704703619	0.0714274034	0.0723958695	0.0733757353	0.0743669923	0.0753696228	0.0763835988	0.0774088826	0.0784454310	0.0794931911	0.0805520915	0.0816220551	0.0827029924	0.0837948155	0.0848974256	0.0860107187	0.0871345650	0.0882688375	0.0894133816	0.0905680461	0.0917326586	0.0929070352	0.0940909920	0.0952843109	0.0964867908	0.0976981960	0.0989182815	0.1001468038	0.1013834663	0.1026279950	0.1038800924	0.1051394245	0.1064056779	0.1076784756	0.1089574300	0.1102421835	0.1115323157	0.1128274166	0.1141270691	0.1154307697	0.1167380414	0.1180484087	0.1193613243	0.1206762774	0.1219927426	0.1233101163	0.1246278309	0.1259453070	0.1272618844	0.1285769365	0.1298898311	0.1311998574	0.1325063245	0.1338085274	0.1351056744	0.1363969952	0.1376817343	0.1389590772	0.1402282039	0.1414883334	0.1427386328	0.1439782268	0.1452062920	0.1464219578	0.1476243013	0.1488124165	0.1499853897	0.1511422476	0.1522820203	0.1534037781	0.1545065847	0.1555894666	0.1566514791	0.1576916782	0.1587090842	0.1597027131	0.1606716141	0.1616148414	0.1625314453	0.1634204916	0.1642810686	0.1651122794	0.1659132319	0.1666830622	0.1674209389	0.1681260637	0.1687976565	0.1694349519	0.1700372171	0.1706037641	0.1711339436	0.1716271669	0.1720828883	0.1725005765	0.1728797463	0.1732199868	0.1735209379	0.1737822659	0.1740036764	0.1741849432	0.1743258991	0.1744263993	0.1744863496	0.1745057193	0.1744845025	0.1744227211	0.1743204451	0.1741777716	0.1739948079	0.1737717017	0.1735086269	0.1732057565	0.1728632853	0.1724814333	0.1720604283	0.1716005086	0.1711019314	0.1705649729	0.1699899208	0.1693770827	0.1687268075	0.1680394624	0.1673154215	0.1665551257	0.1657590614	0.1649277100	0.1640615865	0.1631612720	0.1622274049	0.1612606325	0.1602616349	0.1592311616	0.1581700214	0.1570790326	0.1559590295	0.1548108730	0.1536354691	0.1524337822	0.1512068192	0.1499555916	0.1486811133	0.1473844203	0.1460665379	0.1447285062	0.1433713830	0.1419962567	0.1406042353	0.1391964198	0.1377738994	0.1363377423	0.1348890123	0.1334287641	0.1319580675	0.1304779622	0.1289894868	0.1274936671	0.1259915110	0.1244839995	0.1229721040	0.1214567755	0.1199389264	0.1184194619	0.1168992588	0.1153791567	0.1138599979	0.1123425842	0.1108276975	0.1093161014	0.1078085279	0.1063056975	0.1048083073	0.1033170109	0.1018324503	0.1003552233	0.0988859091	0.0974250794	0.0959732644	0.0945309902	0.0930987392	0.0916769652	0.0902661088	0.0888665858	0.0874788115	0.0861031565	0.0847399644	0.0833895569	0.0820522376	0.0807283066	0.0794180280	0.0781216551	0.0768394109	0.0755715107	0.0743181462	0.0730794955	0.0718557156	0.0706469482	0.0694533190	0.0682749425	0.0671119169	0.0659643274	0.0648322434	0.0637157227	0.0626148047	0.0615295170	0.0604598809	0.0594059044	0.0583675836	0.0573449106	0.0563379060	0.0553466301	0.0543710941	0.0534108993	0.0524646301	0.0515299334	0.0506071056	0.0497097269	0.0488777965	0.0481614521	0.0475546682	0.0470022321	0.0464664760	0.0459365079	0.0454128908	0.0448977572	0.0443920432	0.0438957372	0.0434085184	0.0429300887	0.0424602621	0.0419989414	0.0415459289	0.0411003968	0.0406601821
0.0591189920	0.0591539974	0.0591905519	0.0592297892	0.0592720562	0.0593173406	0.0593656029	0.0594169427	0.0594716389	0.0595298448	0.0595904767	0.0596494048	0.0596998910	0.0597437764	0.0598234000	0.0600589341	0.0605848670	0.0613423711	0.0621965469	0.0630700383	0.0639436825	0.0648207576	0.0657066116	0.0666036792	0.0675123677	0.0684324686	0.0693637886	0.0703062524	0.0712598486	0.0722245735	0.0732004080	0.0741873252	0.0751852931	0.0761942685	0.0772142010	0.0782450225	0.0792866571	0.0803390242	0.0814020388	0.0824756082	0.0835596292	0.0846539796	0.0857585343	0.0868731451	0.0879976693	0.0891319307	0.0902757610	0.0914289723	0.0925913590	0.0937627262	0.0949428358	0.0961314609	0.0973283526	0.0985332288	0.0997458347	0.1009658646	0.1021930111	0.1034269669	0.1046673527	0.1059138179	0.1071660068	0.1084235086	0.1096859441	0.1109528814	0.1122238335	0.1134983606	0.1147759728	0.1160561440	0.1173383930	0.1186221705	0.1199068940	0.1211920284	0.1224769699	0.1237610859	0.1250437985	0.1263244566	0.1276023787	0.1288769303	0.1301473836	0.1314129753	0.1326729896	0.1339266624	0.1351731725	0.1364117575	0.1376416270	0.1388619226	0.1400718249	0.1412705316	0.1424571630	0.1436308450	0.1447907220	0.1459358716	0.1470653318	0.1481781755	0.1492734695	0.1503502567	0.1514076006	0.1524445933	0.1534602973	0.1544537547	0.1554240275	0.1563701715	0.1572912289	0.1581862552	0.1590543475	0.1598946212	0.1607061891	0.1614881824	0.1622397613	0.1629600995	0.1636483941	0.1643038756	0.1649258030	0.1655134689	0.1660662085	0.1665833865	0.1670644120	0.1675087508	0.1679159075	0.1682854206	0.1686168800	0.1689099323	0.1691642733	0.1693796313	0.1695557995	0.1696926439	0.1697900542	0.1698479484	0.1698663120	0.1698451720	0.1697845621	0.1696845685	0.1695453172	0.1693669335	0.1691495716	0.1688934135	0.1685986454	0.1682654629	0.1678940810	0.1674847191	0.1670375998	0.1665529613	0.1660310606	0.1654721646	0.1648765510	0.1642445360	0.1635764504	0.1628726417	0.1621335166	0.1613595110	0.1605510736	0.1597087103	0.1588329794	0.1579244713	0.1569837846	0.1560115777	0.1550085877	0.1539755880	0.1529133568	0.1518227023	0.1507044862	0.1495596118	0.1483890008	0.1471936016	0.1459743939	0.1447323898	0.1434686219	0.1421841328	0.1408799452	0.1395570713	0.1382165439	0.1368594426	0.1354868573	0.1340998723	0.1326995502	0.1312869432	0.1298630859	0.1284290051	0.1269857330	0.1255342840	0.1240756567	0.1226108446	0.1211408131	0.1196665094	0.1181888690	0.1167087932	0.1152271640	0.1137448442	0.1122626579	0.1107814216	0.1093019273	0.1078249358	0.1063511875	0.1048814052	0.1034162830	0.1019565144	0.1005027295	0.0990555583	0.0976155894	0.0961833858	0.0947594976	0.0933444468	0.0919387389	0.0905428574	0.0891572396	0.0877823163	0.0864184876	0.0850661534	0.0837256851	0.0823974144	0.0810816575	0.0797787031	0.0784888419	0.0772123334	0.0759494210	0.0747003249	0.0734652483	0.0722443811	0.0710378920	0.0698459362	0.0686686475	0.0675061495	0.0663585487	0.0652259417	0.0641084088	0.0630060170	0.0619188216	0.0608468595	0.0597901569	0.0587487321	0.0577225911	0.0567117285	0.0557161333	0.0547358118	0.0537708086	0.0528211616	0.0518866327	0.0509661543	0.0500575684	0.0491598736	0.0482815726	0.0474541308	0.0467283093	0.0461201907	0.0455776048	0.0450564730	0.0445416559	0.0440324943	0.0435312083	0.0430390072	0.0425560173	0.0420819481	0.0416164944	0.0411594610	0.0407107479	0.0402701596	0.0398368837	0.0394088034
0.0571538079	0.0571878259	0.0572233383	0.0572614375	0.0573024581	0.0573463922	0.0573932172	0.0574430617	0.0574961981	0.0575526088	0.0576107276	0.0576658658	0.0577121977	0.0577573996	0.0578567323	0.0581380795	0.0587099299	0.0594777318	0.0603145539	0.0611613340	0.0620078462	0.0628590770	0.0637197137	0.0645915083	0.0654746013	0.0663687597	0.0672738272	0.0681897553	0.0691165381	0.0700541739	0.0710026461	0.0719619287	0.0729319933	0.0739127990	0.0749042948	0.0759064180	0.0769190940	0.0779422506	0.0789758054	0.0800196725	0.0810737472	0.0821379179	0.0832120583	0.0842960314	0.0853896974	0.0864928852	0.0876054373	0.0887271626	0.0898578729	0.0909973716	0.0921454274	0.0933018276	0.0944663120	0.0956386221	0.0968185066	0.0980056613	0.0991998035	0.1004006170	0.1016077404	0.1028208533	0.1040395912	0.1052635723	0.1064924341	0.1077257292	0.1089630100	0.1102038540	0.1114477618	0.1126942495	0.1139428431	0.1151929804	0.1164441221	0.1176957365	0.1189472051	0.1201979346	0.1214473605	0.1226948227	0.1239396848	0.1251813209	0.1264190088	0.1276520377	0.1288797217	0.1301012871	0.1313159596	0.1325230050	0.1337216127	0.1349109406	0.1360902110	0.1372585982	0.1384152397	0.1395593105	0.1406899617	0.1418062770	0.1429073534	0.1439923015	0.1450601795	0.1461100344	0.1471409626	0.1481520509	0.1491423636	0.1501109892	0.1510570273	0.1519795399	0.1528775794	0.1537502293	0.1545965902	0.1554157828	0.1562069404	0.1569692275	0.1577018229	0.1584039100	0.1590746914	0.1597134021	0.1603193288	0.1608917897	0.1614301307	0.1619337301	0.1624020105	0.1628344457	0.1632305669	0.1635899351	0.1639121411	0.1641968451	0.1644437798	0.1646527139	0.1648234545	0.1649558797	0.1650499101	0.1651054878	0.1651226141	0.1651013453	0.1650417457	0.1649439202	0.1648080141	0.1646341783	0.1644225817	0.1641734091	0.1638868552	0.1635631229	0.1632024187	0.1628049541	0.1623709411	0.1619006004	0.1613941693	0.1608518795	0.1602739797	0.1596607532	0.1590124899	0.1583295109	0.1576121887	0.1568609083	0.1560760805	0.1552581851	0.1544077554	0.1535253386	0.1526115067	0.1516668995	0.1506922149	0.1496881758	0.1486555409	0.1475951006	0.1465077069	0.1453942532	0.1442556285	0.1430927289	0.1419064982	0.1406979410	0.1394680811	0.1382179572	0.1369485821	0.1356609473	0.1343560471	0.1330349093	0.1316986062	0.1303482110	0.1289847843	0.1276093613	0.1262229605	0.1248265768	0.1234212201	0.1220078821	0.1205875397	0.1191611603	0.1177296993	0.1162940823	0.1148552204	0.1134140077	0.1119713032	0.1105279458	0.1090847558	0.1076425200	0.1062020154	0.1047639827	0.1033291461	0.1018982097	0.1004718483	0.0990507342	0.0976354954	0.0962267335	0.0948250334	0.0934309393	0.0920449825	0.0906676774	0.0892995087	0.0879409546	0.0865924438	0.0852543895	0.0839271844	0.0826112065	0.0813068268	0.0800143681	0.0787341377	0.0774664150	0.0762114753	0.0749695769	0.0737409505	0.0725258153	0.0713243627	0.0701367796	0.0689632261	0.0678038546	0.0666587924	0.0655281592	0.0644120559	0.0633105760	0.0622237949	0.0611517780	0.0600945772	0.0590522278	0.0580247552	0.0570121731	0.0560144869	0.0550316910	0.0540637716	0.0531107221	0.0521725736	0.0512493774	0.0503410123	0.0494466958	0.0485645131	0.0476926522	0.0468357865	0.0460180125	0.0452880419	0.0446778480	0.0441430472	0.0436357233	0.0431361601	0.0426418389	0.0421547699	0.0416763855	0.0412069764	0.0407463054	0.0402940689	0.0398500646	0.0394141874	0.0389862439	0.0385654388	0.0381497015
0.0551845858	0.0552175907	0.0552520366	0.0552889724	0.0553287215	0.0553712813	0.0554166526	0.0554649925	0.0555165428	0.0555710443	0.0556263559	0.0556773367	0.0557199007	0.0557695175	0.0558958669	0.0562273057	0.0568307357	0.0575955843	0.0584098784	0.0592291591	0.0600487484	0.0608741048	0.0617091740	0.0625552008	0.0634121772	0.0642798779	0.0651581774	0.0660470478	0.0669464874	0.0678564926	0.0687770507	0.0697081369	0.0706497242	0.0716017765	0.0725642405	0.0735370593	0.0745201623	0.0755134823	0.0765169398	0.0775304562	0.0785539260	0.0795872469	0.0806302921	0.0816829363	0.0827450382	0.0838164402	0.0848969888	0.0859864963	0.0870847907	0.0881916689	0.0893069173	0.0904303272	0.0915616378	0.0927006126	0.0938469923	0.0950004876	0.0961608300	0.0973276885	0.0985007327	0.0996796565	0.1008640922	0.1020536921	0.1032480917	0.1044468472	0.1056495549	0.1068557890	0.1080650630	0.1092769351	0.1104909186	0.1117064680	0.1129230863	0.1141402248	0.1153572806	0.1165737025	0.1177889033	0.1190022412	0.1202131198	0.1214208920	0.1226248541	0.1238243551	0.1250187068	0.1262071548	0.1273889908	0.1285634806	0.1297298139	0.1308872052	0.1320348826	0.1331720025	0.1342977328	0.1354112668	0.1365117416	0.1375982736	0.1386700182	0.1397261028	0.1407656023	0.1417876091	0.1427912332	0.1437755369	0.1447396066	0.1456825617	0.1466035052	0.1475015233	0.1483757135	0.1492251864	0.1500490378	0.1508463897	0.1516164030	0.1523582640	0.1530711613	0.1537542955	0.1544068924	0.1550282019	0.1556175204	0.1561741805	0.1566975415	0.1571870002	0.1576420030	0.1580620322	0.1584466220	0.1587953528	0.1591078476	0.1593837950	0.1596229474	0.1598251000	0.1599900782	0.1601177670	0.1602081147	0.1602611063	0.1602767691	0.1602551816	0.1601964457	0.1601006857	0.1599680620	0.1597987483	0.1595929309	0.1593508092	0.1590725834	0.1587584524	0.1584086229	0.1580233022	0.1576026856	0.1571469816	0.1566564018	0.1561311443	0.1555714379	0.1549775252	0.1543496481	0.1536880935	0.1529931879	0.1522652755	0.1515047364	0.1507120171	0.1498876022	0.1490319936	0.1481457617	0.1472295292	0.1462839435	0.1453096776	0.1443074606	0.1432780854	0.1422223839	0.1411412112	0.1400354341	0.1389059358	0.1377536251	0.1365794749	0.1353844915	0.1341696874	0.1329360722	0.1316846346	0.1304163489	0.1291321993	0.1278332154	0.1265204499	0.1251949598	0.1238577650	0.1225098645	0.1211522364	0.1197858527	0.1184116866	0.1170306974	0.1156438245	0.1142520072	0.1128561525	0.1114571455	0.1100558663	0.1086531549	0.1072498289	0.1058466950	0.1044445158	0.1030440529	0.1016460309	0.1002511492	0.0988600947	0.0974735280	0.0960920868	0.0947164013	0.0933470535	0.0919846136	0.0906296097	0.0892825584	0.0879439637	0.0866142930	0.0852940083	0.0839835370	0.0826832729	0.0813936022	0.0801148831	0.0788474774	0.0775917053	0.0763478608	0.0751162191	0.0738970374	0.0726905720	0.0714970436	0.0703166657	0.0691496228	0.0679960945	0.0668562360	0.0657301933	0.0646180905	0.0635200412	0.0624361426	0.0613664835	0.0603111358	0.0592701626	0.0582436125	0.0572315201	0.0562339090	0.0552507888	0.0542821648	0.0533280316	0.0523883720	0.0514631715	0.0505524492	0.0496562565	0.0487745422	0.0479067344	0.0470511947	0.0462058029	0.0453727769	0.0445703248	0.0438422817	0.0432286386	0.0426989318	0.0422044024	0.0417201967	0.0412411335	0.0407686672	0.0403044035	0.0398488337	0.0394018037	0.0389630215	0.0385322778	0.0381094607	0.0376943786	0.0372862547	0.0368830659
0.0532114651	0.0532434351	0.0532767899	0.0533125393	0.0533509935	0.0533921562	0.0534360528	0.0534828699	0.0535328135	0.0535853663	0.0536377837	0.0536844761	0.0537232659	0.0537779122	0.0539331319	0.0543149407	0.0549406766	0.0556946671	0.0564833684	0.0572745863	0.0580672120	0.0588664887	0.0596755919	0.0604953690	0.0613257310	0.0621664762	0.0630175082	0.0638788123	0.0647503923	0.0656322423	0.0665243494	0.0674266936	0.0683392472	0.0692619768	0.0701948317	0.0711377570	0.0720906878	0.0730535601	0.0740263002	0.0750088319	0.0760010539	0.0770028691	0.0780141546	0.0790347941	0.0800646441	0.0811035628	0.0821513954	0.0832079662	0.0842731133	0.0853466310	0.0864283253	0.0875179836	0.0886153580	0.0897202283	0.0908323270	0.0919513864	0.0930771404	0.0942092543	0.0953474280	0.0964913529	0.0976406717	0.0987950625	0.0999541454	0.1011175039	0.1022847645	0.1034554909	0.1046292310	0.1058055691	0.1069840058	0.1081640361	0.1093451861	0.1105268926	0.1117085938	0.1128897685	0.1140698059	0.1152480994	0.1164240717	0.1175970577	0.1187663839	0.1199314314	0.1210915000	0.1222458807	0.1233939075	0.1245348403	0.1256679094	0.1267923856	0.1279074813	0.1290123739	0.1301062663	0.1311883400	0.1322577260	0.1333135865	0.1343550973	0.1353813846	0.1363915758	0.1373848190	0.1383602208	0.1393168596	0.1402538502	0.1411703113	0.1420653411	0.1429380527	0.1437875903	0.1446130786	0.1454136392	0.1461884120	0.1469365684	0.1476572997	0.1483498090	0.1490133233	0.1496470899	0.1502503820	0.1508224962	0.1513627714	0.1518705877	0.1523453708	0.1527865780	0.1531936968	0.1535662705	0.1539039113	0.1542062868	0.1544730999	0.1547040980	0.1548990957	0.1550579609	0.1551805997	0.1552669902	0.1553171569	0.1553311487	0.1553090677	0.1552510450	0.1551572295	0.1550278101	0.1548629863	0.1546629558	0.1544279391	0.1541581471	0.1538537753	0.1535150300	0.1531421074	0.1527351897	0.1522944612	0.1518201028	0.1513122913	0.1507712257	0.1501971116	0.1495901554	0.1489506040	0.1482787268	0.1475748160	0.1468392221	0.1460723551	0.1452746504	0.1444465748	0.1435886791	0.1427015566	0.1417858207	0.1408421143	0.1398711319	0.1388736479	0.1378504712	0.1368024173	0.1357303318	0.1346350995	0.1335176188	0.1323788129	0.1312196453	0.1300411004	0.1288441820	0.1276298783	0.1263991604	0.1251529876	0.1238923384	0.1226182291	0.1213316952	0.1200337485	0.1187253709	0.1174075248	0.1160811512	0.1147472019	0.1134066114	0.1120602998	0.1107091775	0.1093541356	0.1079960397	0.1066357407	0.1052740722	0.1039118274	0.1025497912	0.1011887141	0.0998293233	0.0984723397	0.0971184358	0.0957682755	0.0944225079	0.0930817454	0.0917466032	0.0904176516	0.0890954399	0.0877804961	0.0864733096	0.0851743721	0.0838841383	0.0826030494	0.0813315314	0.0800699631	0.0788187185	0.0775781422	0.0763485788	0.0751303489	0.0739237336	0.0727290034	0.0715464013	0.0703761746	0.0692185391	0.0680736985	0.0669418340	0.0658231148	0.0647176941	0.0636257089	0.0625472822	0.0614825202	0.0604315177	0.0593943581	0.0583711112	0.0573618367	0.0563665789	0.0553853744	0.0544182418	0.0534651901	0.0525262232	0.0516013341	0.0506905047	0.0497937161	0.0489109760	0.0480423266	0.0471877543	0.0463468459	0.0455182564	0.0446998984	0.0438924878	0.0431094254	0.0423878814	0.0417705478	0.0412448128	0.0407627813	0.0402941499	0.0398306928	0.0393731515	0.0389232876	0.0384818100	0.0380486620	0.0376235689	0.0372063128	0.0367967763	0.0363947681	0.0359995308	0.0356090925
0.0512345855	0.0512655000	0.0512977426	0.0513322846	0.0513694222	0.0514091674	0.0514515683	0.0514968348	0.0515451395	0.0515957214	0.0516452774	0.0516878334	0.0517230644	0.0517825042	0.0519646763	0.0523921906	0.0530342249	0.0537738135	0.0545357428	0.0552986107	0.0560640531	0.0568368999	0.0576195949	0.0584126493	0.0592159164	0.0600292230	0.0608525011	0.0616857449	0.0625289615	0.0633821445	0.0642452804	0.0651183528	0.0660013339	0.0668941914	0.0677968780	0.0687093394	0.0696315168	0.0705633496	0.0715047711	0.0724557021	0.0734160511	0.0743857221	0.0753646004	0.0763525751	0.0773495045	0.0783552591	0.0793696824	0.0803926151	0.0814238974	0.0824633311	0.0835107365	0.0845658951	0.0856285806	0.0866985808	0.0877756283	0.0888594779	0.0899498555	0.0910464423	0.0921489605	0.0932570910	0.0943705001	0.0954888764	0.0966118264	0.0977389693	0.0988699425	0.1000043066	0.1011416516	0.1022815660	0.1034235552	0.1045671620	0.1057119125	0.1068572531	0.1080026693	0.1091476463	0.1102915774	0.1114339015	0.1125740315	0.1137113040	0.1148450987	0.1159747887	0.1170996682	0.1182190829	0.1193323781	0.1204388111	0.1215376701	0.1226282606	0.1237097930	0.1247814931	0.1258426000	0.1268922754	0.1279296748	0.1289539930	0.1299643914	0.1309600070	0.1319400229	0.1329036070	0.1338498808	0.1347779815	0.1356870466	0.1365761836	0.1374445052	0.1382911474	0.1391152610	0.1399159911	0.1406924967	0.1414439547	0.1421695500	0.1428684709	0.1435399346	0.1441831935	0.1447975097	0.1453821749	0.1459364967	0.1464598286	0.1469515700	0.1474111568	0.1478380558	0.1482317818	0.1485919041	0.1489180531	0.1492099118	0.1494671900	0.1496896555	0.1498771535	0.1500295879	0.1501468960	0.1502290727	0.1502761696	0.1502882652	0.1502654910	0.1502080161	0.1501160229	0.1499897296	0.1498293594	0.1496351299	0.1494072737	0.1491460112	0.1488515516	0.1485240957	0.1481638229	0.1477709014	0.1473454930	0.1468877498	0.1463978153	0.1458758458	0.1453220065	0.1447364717	0.1441194524	0.1434711750	0.1427918843	0.1420818848	0.1413415274	0.1405712032	0.1397713643	0.1389425222	0.1380852250	0.1372000570	0.1362876522	0.1353486934	0.1343839044	0.1333940500	0.1323799255	0.1313423695	0.1302822504	0.1292004611	0.1280978883	0.1269754432	0.1258340787	0.1246747797	0.1234985322	0.1223063148	0.1210990693	0.1198777355	0.1186432797	0.1173966996	0.1161389969	0.1148711406	0.1135940803	0.1123087360	0.1110160239	0.1097168555	0.1084121313	0.1071027341	0.1057895333	0.1044733778	0.1031550942	0.1018354963	0.1005153608	0.0991954430	0.0978764833	0.0965591792	0.0952442309	0.0939323045	0.0926240316	0.0913200466	0.0900209447	0.0887273155	0.0874397259	0.0861587007	0.0848847615	0.0836183795	0.0823600258	0.0811101466	0.0798691633	0.0786374930	0.0774155064	0.0762035591	0.0750019885	0.0738111184	0.0726312671	0.0714627074	0.0703057005	0.0691604802	0.0680272793	0.0669063116	0.0657977704	0.0647018345	0.0636186615	0.0625484032	0.0614911882	0.0604471381	0.0594163516	0.0583989216	0.0573949251	0.0564044310	0.0554274942	0.0544641569	0.0535144551	0.0525784040	0.0516560129	0.0507472834	0.0498522063	0.0489707636	0.0481029346	0.0472487152	0.0464081367	0.0455812071	0.0447676473	0.0439663953	0.0431755194	0.0423946591	0.0416330553	0.0409209293	0.0403015841	0.0397805205	0.0393112889	0.0388584485	0.0384108340	0.0379684746	0.0375332691	0.0371061347	0.0366871093	0.0362759364	0.0358723911	0.0354763504	0.0350876242	0.0347054744	0.0343279831
0.0492540888	0.0492839277	0.0493150390	0.0493483539	0.0493841572	0.0494224706	0.0494633611	0.0495070495	0.0495536390	0.0496021014	0.0496486921	0.0496875368	0.0497210162	0.0497884143	0.0499974309	0.0504607919	0.0511108036	0.0518327543	0.0525673427	0.0533018670	0.0540399670	0.0547860222	0.0555418577	0.0563077184	0.0570834184	0.0578688151	0.0586638630	0.0594685635	0.0602829237	0.0611069390	0.0619405967	0.0627838804	0.0636367652	0.0644992173	0.0653711934	0.0662526396	0.0671435033	0.0680437261	0.0689532472	0.0698719850	0.0707998579	0.0717367684	0.0726826121	0.0736372812	0.0746006412	0.0755725702	0.0765529129	0.0775415254	0.0785382447	0.0795428891	0.0805552873	0.0815752181	0.0826024787	0.0836368556	0.0846780953	0.0857259683	0.0867801907	0.0878404718	0.0889065472	0.0899780929	0.0910548040	0.0921363656	0.0932223867	0.0943125186	0.0954063915	0.0965035805	0.0976037086	0.0987063522	0.0998110419	0.1009173581	0.1020248123	0.1031328873	0.1042411127	0.1053489559	0.1064558492	0.1075612730	0.1086646212	0.1097652556	0.1108626074	0.1119560245	0.1130448258	0.1141284025	0.1152060763	0.1162771249	0.1173408864	0.1183966652	0.1194437041	0.1204812804	0.1215086467	0.1225249785	0.1235294821	0.1245213638	0.1254997776	0.1264638886	0.1274129046	0.1283459824	0.1292622838	0.1301609969	0.1310412840	0.1319022687	0.1327430934	0.1335629106	0.1343608609	0.1351361015	0.1358878295	0.1366152577	0.1373175943	0.1379940446	0.1386438377	0.1392662288	0.1398604931	0.1404259377	0.1409619043	0.1414677646	0.1419429210	0.1423868101	0.1427989258	0.1431788192	0.1435260820	0.1438403417	0.1441212783	0.1443686403	0.1445822386	0.1447619323	0.1449076367	0.1450193227	0.1450970090	0.1451407803	0.1451507637	0.1451271185	0.1450700491	0.1449797747	0.1448565340	0.1447005782	0.1445121536	0.1442915071	0.1440388728	0.1437544680	0.1434384905	0.1430911073	0.1427124663	0.1423027113	0.1418619611	0.1413903215	0.1408879096	0.1403548396	0.1397912407	0.1391972762	0.1385731316	0.1379190250	0.1372352220	0.1365220090	0.1357797237	0.1350087922	0.1342096835	0.1333829066	0.1325290156	0.1316486323	0.1307424299	0.1298110924	0.1288553333	0.1278759318	0.1268737184	0.1258495376	0.1248042599	0.1237387561	0.1226539007	0.1215506084	0.1204298361	0.1192925604	0.1181397519	0.1169723521	0.1157912712	0.1145974277	0.1133917742	0.1121752904	0.1109489338	0.1097136381	0.1084703097	0.1072198286	0.1059630814	0.1047009491	0.1034342837	0.1021639345	0.1008907310	0.0996154735	0.0983389481	0.0970619218	0.0957851198	0.0945092627	0.0932350339	0.0919631017	0.0906941241	0.0894287126	0.0881674717	0.0869109899	0.0856598268	0.0844145407	0.0831756433	0.0819436285	0.0807189683	0.0795021043	0.0782934762	0.0770934877	0.0759025388	0.0747209965	0.0735491978	0.0723874736	0.0712361288	0.0700954728	0.0689657741	0.0678472810	0.0667402224	0.0656448150	0.0645612709	0.0634897727	0.0624304960	0.0613835897	0.0603492009	0.0593274526	0.0583184617	0.0573223229	0.0563391251	0.0553689398	0.0544118341	0.0534678580	0.0525370542	0.0516194536	0.0507150723	0.0498239187	0.0489459910	0.0480812792	0.0472297664	0.0463914293	0.0455662543	0.0447542614	0.0439554750	0.0431697256	0.0423961999	0.0416331395	0.0408793621	0.0401406274	0.0394409245	0.0388230443	0.0383074118	0.0378506199	0.0374134001	0.0369817642	0.0365548540	0.0361345860	0.0357220522	0.0353173870	0.0349203585	0.0345307413	0.0341484061	0.0337731647	0.0334042991	0.0330399471
0.0472701169	0.0472988602	0.0473288215	0.0473608915	0.0473953461	0.0474322189	0.0474715939	0.0475136809	0.0475584436	0.0476045163	0.0476478643	0.0476835603	0.0477184669	0.0478004538	0.0480393061	0.0485256015	0.0491720361	0.0498719134	0.0505785127	0.0512848785	0.0519955989	0.0527145446	0.0534430796	0.0541812812	0.0549289536	0.0556859794	0.0564523314	0.0572280161	0.0580130380	0.0588073964	0.0596110779	0.0604240667	0.0612463423	0.0620778681	0.0629186050	0.0637685005	0.0646275076	0.0654955682	0.0663726260	0.0672586006	0.0681534168	0.0690569759	0.0699691841	0.0708899313	0.0718190964	0.0727565613	0.0737021759	0.0746558082	0.0756172928	0.0765864651	0.0775631568	0.0785471552	0.0795382752	0.0805362972	0.0815409905	0.0825521340	0.0835694415	0.0845926511	0.0856215027	0.0866556818	0.0876949083	0.0887388554	0.0897871547	0.0908394820	0.0918954539	0.0929546747	0.0940167851	0.0950813476	0.0961479304	0.0972161284	0.0982854438	0.0993554076	0.1004255712	0.1014953877	0.1025643515	0.1036319540	0.1046975924	0.1057606800	0.1068206617	0.1078768821	0.1089287151	0.1099755626	0.1110167295	0.1120515391	0.1130793528	0.1140994578	0.1151111420	0.1161137130	0.1171064220	0.1180884997	0.1190591984	0.1200177347	0.1209632814	0.1218950513	0.1228122394	0.1237140102	0.1245995570	0.1254680868	0.1263187787	0.1271508066	0.1279633500	0.1287555730	0.1295266204	0.1302756723	0.1310019497	0.1317046788	0.1323830894	0.1330364235	0.1336639289	0.1342648582	0.1348384969	0.1353841689	0.1359012486	0.1363891216	0.1368471927	0.1372749224	0.1376718329	0.1380374865	0.1383714805	0.1386734508	0.1389431063	0.1391802286	0.1393846429	0.1395562167	0.1396948869	0.1398006664	0.1398736187	0.1399138572	0.1399215453	0.1398968708	0.1398400622	0.1397513823	0.1396311006	0.1394795040	0.1392968723	0.1390834738	0.1388395616	0.1385653524	0.1382610390	0.1379267856	0.1375627231	0.1371689573	0.1367455678	0.1362926270	0.1358102070	0.1352983748	0.1347572170	0.1341868399	0.1335873738	0.1329589959	0.1323019345	0.1316164420	0.1309028208	0.1301614374	0.1293927077	0.1285971096	0.1277751834	0.1269275239	0.1260547677	0.1251575841	0.1242366632	0.1232927557	0.1223266587	0.1213392018	0.1203312285	0.1193035926	0.1182571576	0.1171927982	0.1161114343	0.1150140231	0.1139015125	0.1127748435	0.1116349134	0.1104826048	0.1093188231	0.1081445074	0.1069606020	0.1057680261	0.1045676668	0.1033603863	0.1021470370	0.1009284722	0.0997055234	0.0984790127	0.0972497428	0.0960184903	0.0947860165	0.0935530681	0.0923203523	0.0910885616	0.0898583683	0.0886304132	0.0874053325	0.0861837267	0.0849661730	0.0837532478	0.0825454839	0.0813434213	0.0801475597	0.0789583756	0.0777763309	0.0766018422	0.0754353376	0.0742772078	0.0731278318	0.0719875732	0.0708567544	0.0697356940	0.0686246837	0.0675240175	0.0664339615	0.0653547520	0.0642866135	0.0632297490	0.0621843643	0.0611506351	0.0601287299	0.0591187926	0.0581209623	0.0571353588	0.0561620919	0.0552012547	0.0542529300	0.0533171863	0.0523940871	0.0514836791	0.0505860040	0.0497010878	0.0488289483	0.0479695926	0.0471230152	0.0462892076	0.0454681525	0.0446598247	0.0438642031	0.0430812991	0.0423111446	0.0415536467	0.0408081862	0.0400731903	0.0393469938	0.0386328497	0.0379496693	0.0373379834	0.0368274988	0.0363815218	0.0359592289	0.0355436404	0.0351325000	0.0347274873	0.0343298189	0.0339397452	0.0335570782	0.0331815989	0.0328131731	0.0324516143	0.0320962249	0.0317452000
0.0452828079	0.0453104395	0.0453392340	0.0453700428	0.0454031350	0.0454385569	0.0454764124	0.0455168773	0.0455597317	0.0456032210	0.0456431251	0.0456760590	0.0457146227	0.0458158845	0.0460863697	0.0465848110	0.0472180436	0.0478920880	0.0485700886	0.0492483884	0.0499316413	0.0506231546	0.0513239629	0.0520340592	0.0527532597	0.0534814686	0.0542186737	0.0549648820	0.0557200979	0.0564843217	0.0572575406	0.0580397415	0.0588309055	0.0596309958	0.0604399756	0.0612577960	0.0620844140	0.0629197740	0.0637638203	0.0646164776	0.0654776736	0.0663473122	0.0672253067	0.0681115437	0.0690059160	0.0699083039	0.0708185701	0.0717365887	0.0726621958	0.0735952416	0.0745355553	0.0754829416	0.0764372277	0.0773981916	0.0783656246	0.0793393070	0.0803189635	0.0813043567	0.0822952224	0.0832912690	0.0842922336	0.0852977785	0.0863075695	0.0873212958	0.0883385694	0.0893590308	0.0903823229	0.0914080103	0.0924356983	0.0934649752	0.0944953567	0.0955264095	0.0965576793	0.0975886442	0.0986188379	0.0996477430	0.1006747880	0.1016994434	0.1027211414	0.1037392586	0.1047532295	0.1057624367	0.1067662105	0.1077639221	0.1087549321	0.1097385231	0.1107140309	0.1116807624	0.1126379756	0.1135849523	0.1145209804	0.1154452867	0.1163570949	0.1172556664	0.1181401849	0.1190098493	0.1198638772	0.1207014703	0.1215218201	0.1223241409	0.1231076404	0.1238715035	0.1246149142	0.1253370931	0.1260372649	0.1267146626	0.1273685314	0.1279981356	0.1286027437	0.1291816278	0.1297340919	0.1302594821	0.1307571760	0.1312265662	0.1316670923	0.1320782473	0.1324595542	0.1328105720	0.1331309081	0.1334202382	0.1336782981	0.1339048656	0.1340997707	0.1342629211	0.1343943022	0.1344939550	0.1345619699	0.1345984791	0.1346036704	0.1345777789	0.1345210744	0.1344338660	0.1343164657	0.1341691916	0.1339923582	0.1337862535	0.1335511444	0.1332872588	0.1329947858	0.1326738840	0.1323246676	0.1319472072	0.1315415469	0.1311077128	0.1306457209	0.1301555848	0.1296373419	0.1290910491	0.1285167866	0.1279146826	0.1272849025	0.1266276692	0.1259432712	0.1252320257	0.1244942893	0.1237305015	0.1229411855	0.1221269060	0.1212882581	0.1204258974	0.1195405149	0.1186328285	0.1177035885	0.1167536027	0.1157836929	0.1147946964	0.1137874703	0.1127628698	0.1117217648	0.1106650733	0.1095937242	0.1085086474	0.1074107324	0.1063008425	0.1051798397	0.1040486130	0.1029080842	0.1017591577	0.1006027014	0.0994395607	0.0982705584	0.0970965104	0.0959182322	0.0947365124	0.0935521222	0.0923658266	0.0911783513	0.0899904238	0.0888027373	0.0876159549	0.0864307332	0.0852476905	0.0840674349	0.0828905550	0.0817176116	0.0805491521	0.0793856933	0.0782277507	0.0770758107	0.0759303381	0.0747917736	0.0736605234	0.0725369889	0.0714215558	0.0703145815	0.0692164224	0.0681273902	0.0670477864	0.0659778948	0.0649179899	0.0638683368	0.0628291614	0.0618006812	0.0607830886	0.0597765796	0.0587813248	0.0577974839	0.0568251977	0.0558645955	0.0549157948	0.0539788987	0.0530539976	0.0521411686	0.0512404783	0.0503519854	0.0494757349	0.0486117652	0.0477601002	0.0469207583	0.0460937432	0.0452790492	0.0444766686	0.0436865827	0.0429087653	0.0421431909	0.0413898637	0.0406488148	0.0399199936	0.0392029213	0.0384962312	0.0377981270	0.0371103339	0.0364477771	0.0358468641	0.0353410751	0.0349042454	0.0344961992	0.0340967376	0.0337016873	0.0333122417	0.0329296966	0.0325544384	0.0321863441	0.0318252069	0.0314708896	0.0311232058	0.0307814786	0.0304439632
0.0432923019	0.0433188085	0.0433464216	0.0433759542	0.0434076693	0.0434416273	0.0434779488	0.0435167770	0.0435577109	0.0435986115	0.0436350759	0.0436652464	0.0437073972	0.0438276850	0.0441281039	0.0446325453	0.0452478072	0.0458941795	0.0465431810	0.0471932868	0.0478488311	0.0485125528	0.0491852237	0.0498667928	0.0505570959	0.0512560604	0.0519636816	0.0526799683	0.0534049253	0.0541385512	0.0548808379	0.0556317723	0.0563913357	0.0571594946	0.0579362125	0.0587214461	0.0595151536	0.0603172851	0.0611277842	0.0619465813	0.0627736052	0.0636087671	0.0644519825	0.0653031415	0.0661621439	0.0670288677	0.0679031904	0.0687849882	0.0696741037	0.0705703983	0.0714736968	0.0723838233	0.0733006121	0.0742238467	0.0751533367	0.0760888570	0.0770301547	0.0779770114	0.0789291580	0.0798863312	0.0808482750	0.0818146548	0.0827851691	0.0837595078	0.0847372977	0.0857182112	0.0867018847	0.0876879052	0.0886759073	0.0896654645	0.0906561260	0.0916474817	0.0926390661	0.0936303983	0.0946210260	0.0956104257	0.0965980609	0.0975834423	0.0985659966	0.0995451523	0.1005203789	0.1014910545	0.1024565551	0.1034162950	0.1043696219	0.1053158534	0.1062543556	0.1071844322	0.1081053589	0.1090164504	0.1099170047	0.1108062634	0.1116835187	0.1125480492	0.1133990651	0.1142358137	0.1150575366	0.1158634402	0.1166527350	0.1174246490	0.1181783972	0.1189131880	0.1196282692	0.1203228935	0.1209963069	0.1216477576	0.1222764994	0.1228818016	0.1234629403	0.1240192234	0.1245499912	0.1250546083	0.1255324443	0.1259829092	0.1264054817	0.1267996660	0.1271649780	0.1275009893	0.1278073373	0.1280837195	0.1283298672	0.1285455684	0.1287306945	0.1288851990	0.1290090849	0.1291023985	0.1291652519	0.1291978156	0.1292003261	0.1291730676	0.1291163573	0.1290305425	0.1289159758	0.1287730068	0.1286019824	0.1284032183	0.1281769945	0.1279235547	0.1276430901	0.1273357425	0.1270016028	0.1266407206	0.1262531074	0.1258387425	0.1253975866	0.1249295952	0.1244347385	0.1239130063	0.1233644301	0.1227890982	0.1221871266	0.1215586887	0.1209040308	0.1202234441	0.1195172631	0.1187858852	0.1180297814	0.1172494864	0.1164455781	0.1156186872	0.1147694937	0.1138986986	0.1130070185	0.1120952133	0.1111640914	0.1102144813	0.1092472190	0.1082631525	0.1072631129	0.1062479632	0.1052186064	0.1041759549	0.1031208919	0.1020542662	0.1009769089	0.0998896643	0.0987934156	0.0976890409	0.0965773952	0.0954593030	0.0943355608	0.0932069525	0.0920742603	0.0909382470	0.0897996585	0.0886592347	0.0875176809	0.0863756926	0.0852339504	0.0840930939	0.0829537525	0.0818165306	0.0806820066	0.0795507539	0.0784233117	0.0773001985	0.0761819235	0.0750689706	0.0739618178	0.0728609044	0.0717666578	0.0706794760	0.0695997355	0.0685278101	0.0674640419	0.0664087720	0.0653623057	0.0643249278	0.0632969141	0.0622785216	0.0612700106	0.0602715985	0.0592834936	0.0583058798	0.0573389409	0.0563828440	0.0554377389	0.0545037641	0.0535810395	0.0526696798	0.0517697808	0.0508814311	0.0500047016	0.0491396579	0.0482863521	0.0474448291	0.0466151236	0.0457972583	0.0449912511	0.0441971031	0.0434148094	0.0426443612	0.0418857391	0.0411389160	0.0404038662	0.0396805859	0.0389691004	0.0382693802	0.0375810532	0.0369029669	0.0362334043	0.0355731701	0.0349339256	0.0343469921	0.0338464590	0.0334184904	0.0330246306	0.0326414678	0.0322627626	0.0318891387	0.0315219506	0.0311617255	0.0308084110	0.0304618156	0.0301218005	0.0297881782	0.0294602937	0.0291364640
0.0412987455	0.0413241127	0.0413505305	0.0413787743	0.0414090977	0.0414415737	0.0414763407	0.0415135231	0.0415525718	0.0415910040	0.0416241663	0.0416513024	0.0416954257	0.0418312266	0.0421576289	0.0426650269	0.0432608290	0.0438790129	0.0444987739	0.0451204167	0.0457479126	0.0463834629	0.0470276014	0.0476802416	0.0483412429	0.0490105513	0.0496881672	0.0503741040	0.0510683654	0.0517709484	0.0524818496	0.0532010549	0.0539285457	0.0546642938	0.0554082612	0.0561604119	0.0569207038	0.0576890929	0.0584655221	0.0592499293	0.0600422422	0.0608423809	0.0616502631	0.0624657848	0.0632888520	0.0641193425	0.0649571447	0.0658021341	0.0666541663	0.0675131089	0.0683787850	0.0692510370	0.0701296983	0.0710145666	0.0719054642	0.0728021597	0.0737044276	0.0746120596	0.0755247903	0.0764423829	0.0773645783	0.0782910611	0.0792215559	0.0801557471	0.0810932910	0.0820338833	0.0829771534	0.0839227238	0.0848702478	0.0858192926	0.0867694473	0.0877203186	0.0886714388	0.0896223618	0.0905726464	0.0915217676	0.0924692276	0.0934145520	0.0943571727	0.0952965709	0.0962322225	0.0971635268	0.0980899114	0.0990108194	0.0999255941	0.1008336178	0.1017342703	0.1026268625	0.1035107050	0.1043851408	0.1052494509	0.1061029161	0.1069448693	0.1077745798	0.1085913153	0.1093943662	0.1101830003	0.1109564535	0.1117139699	0.1124547857	0.1131781114	0.1138831875	0.1145693006	0.1152357283	0.1158817510	0.1165066444	0.1171096789	0.1176901243	0.1182472677	0.1187804472	0.1192890359	0.1197724046	0.1202299371	0.1206610836	0.1210653240	0.1214421543	0.1217911145	0.1221118048	0.1224038735	0.1226670091	0.1229009563	0.1231055494	0.1232807004	0.1234263660	0.1235425411	0.1236292984	0.1236867971	0.1237152626	0.1237149744	0.1236862489	0.1236294439	0.1235449461	0.1234331568	0.1232944696	0.1231292626	0.1229378852	0.1227206376	0.1224777690	0.1222094729	0.1219158791	0.1215970582	0.1212530279	0.1208837540	0.1204891723	0.1200691947	0.1196237262	0.1191526749	0.1186559592	0.1181335426	0.1175854468	0.1170117558	0.1164126070	0.1157881853	0.1151387460	0.1144646196	0.1137661811	0.1130438450	0.1122981027	0.1115295207	0.1107387106	0.1099263193	0.1090930334	0.1082395573	0.1073666084	0.1064749708	0.1055654587	0.1046388884	0.1036960844	0.1027378633	0.1017650392	0.1007784733	0.0997790510	0.0987676458	0.0977451000	0.0967122233	0.0956698178	0.0946187152	0.0935597681	0.0924938095	0.0914216414	0.0903440362	0.0892617486	0.0881755241	0.0870861044	0.0859942120	0.0849005496	0.0838058107	0.0827106557	0.0816157480	0.0805217050	0.0794291283	0.0783386043	0.0772506901	0.0761659350	0.0750848523	0.0740079424	0.0729356970	0.0718685757	0.0708070390	0.0697515100	0.0687023929	0.0676600784	0.0666249269	0.0655972937	0.0645775082	0.0635658919	0.0625627457	0.0615683399	0.0605829404	0.0596067898	0.0586401363	0.0576831930	0.0567361562	0.0557992044	0.0548725069	0.0539562287	0.0530505095	0.0521554847	0.0512712658	0.0503979635	0.0495356670	0.0486844632	0.0478444174	0.0470155925	0.0461980359	0.0453917915	0.0445968900	0.0438133540	0.0430411997	0.0422804276	0.0415310328	0.0407930047	0.0400663235	0.0393509627	0.0386468969	0.0379541151	0.0372726340	0.0366024390	0.0359432504	0.0352941209	0.0346534720	0.0340214145	0.0334067220	0.0328356094	0.0323418819	0.0319239086	0.0315448377	0.0311782544	0.0308160857	0.0304584781	0.0301068547	0.0297618720	0.0294235406	0.0290916824	0.0287661565	0.0284467763	0.0281329098	0.0278229361
0.0393022940	0.0393265053	0.0393517140	0.0393786549	0.0394075733	0.0394385508	0.0394717430	0.0395072593	0.0395444311	0.0395804939	0.0396105749	0.0396347826	0.0396799697	0.0398278884	0.0401747680	0.0406819527	0.0412573792	0.0418472266	0.0424376171	0.0430305330	0.0436296321	0.0442366353	0.0448518607	0.0454751873	0.0461064991	0.0467457560	0.0473929642	0.0480481391	0.0487112854	0.0493823985	0.0500614774	0.0507485097	0.0514434758	0.0521463505	0.0528570977	0.0535756864	0.0543020756	0.0550362267	0.0557780817	0.0565275858	0.0572846669	0.0580492524	0.0588212616	0.0596005989	0.0603871761	0.0611808746	0.0619815914	0.0627891996	0.0636035695	0.0644245726	0.0652520383	0.0660858217	0.0669257509	0.0677716437	0.0686233289	0.0694805749	0.0703431791	0.0712109366	0.0720835960	0.0729609395	0.0738427015	0.0747285937	0.0756183613	0.0765116850	0.0774082551	0.0783077810	0.0792098950	0.0801142573	0.0810205282	0.0819282881	0.0828371627	0.0837467602	0.0846566337	0.0855663718	0.0864755302	0.0873836054	0.0882901408	0.0891946497	0.0900965908	0.0909954790	0.0918907915	0.0927819564	0.0936684477	0.0945497117	0.0954251285	0.0962941246	0.0971560952	0.0980103737	0.0988563230	0.0996933022	0.1005205988	0.1013375436	0.1021434668	0.1029376457	0.1037193963	0.1044880348	0.1052428484	0.1059831206	0.1067081357	0.1074171436	0.1081093781	0.1087841215	0.1094406696	0.1100783209	0.1106963731	0.1112941304	0.1118708872	0.1124259288	0.1129585794	0.1134681982	0.1139541569	0.1144158377	0.1148526704	0.1152641298	0.1156496799	0.1160088208	0.1163411272	0.1166462128	0.1169237194	0.1171733479	0.1173948876	0.1175882039	0.1177531987	0.1178898168	0.1179980924	0.1180781525	0.1181301892	0.1181544535	0.1181512546	0.1181209565	0.1180639734	0.1179807420	0.1178717111	0.1177373184	0.1175779717	0.1173940454	0.1171858597	0.1169536764	0.1166976917	0.1164180267	0.1161147342	0.1157877977	0.1154371421	0.1150626511	0.1146641769	0.1142415636	0.1137946601	0.1133233359	0.1128274936	0.1123070783	0.1117621055	0.1111926727	0.1105989348	0.1099811130	0.1093395008	0.1086744573	0.1079863801	0.1072757175	0.1065430026	0.1057888255	0.1050138087	0.1042186107	0.1034039305	0.1025704750	0.1017189842	0.1008502430	0.0999650496	0.0990642007	0.0981485018	0.0972187410	0.0962757279	0.0953203092	0.0943533442	0.0933756672	0.0923880684	0.0913913146	0.0903861893	0.0893735064	0.0883540758	0.0873286699	0.0862980438	0.0852629218	0.0842240205	0.0831820537	0.0821377155	0.0810916808	0.0800446171	0.0789971651	0.0779499518	0.0769035792	0.0758586252	0.0748156482	0.0737751871	0.0727377604	0.0717038662	0.0706739856	0.0696485866	0.0686281041	0.0676129800	0.0666036264	0.0656004260	0.0646037551	0.0636139583	0.0626313745	0.0616563202	0.0606890982	0.0597300030	0.0587792916	0.0578372179	0.0569040123	0.0559799067	0.0550651119	0.0541598114	0.0532641797	0.0523783726	0.0515025502	0.0506368447	0.0497813854	0.0489362778	0.0481016266	0.0472775170	0.0464640312	0.0456612313	0.0448691763	0.0440879103	0.0433174753	0.0425578984	0.0418092028	0.0410714005	0.0403444936	0.0396284774	0.0389233389	0.0382290582	0.0375456112	0.0368729709	0.0362111204	0.0355600684	0.0349198142	0.0342901633	0.0336703561	0.0330589410	0.0324553992	0.0318658686	0.0313119007	0.0308270461	0.0304207006	0.0300571814	0.0297074526	0.0293619749	0.0290205534	0.0286846911	0.0283551536	0.0280320026	0.0277150716	0.0274042158	0.0270992520	0.0267995712	0.0265036189
0.0373031078	0.0373261466	0.0373501310	0.0373757555	0.0374032577	0.0374327290	0.0374643265	0.0374981238	0.0375333204	0.0375669579	0.0375942869	0.0376168441	0.0376651919	0.0378246741	0.0381842842	0.0386851981	0.0392380801	0.0397992715	0.0403603002	0.0409243428	0.0414947480	0.0420728454	0.0426587881	0.0432524320	0.0438536800	0.0444625074	0.0450789240	0.0457029430	0.0463345715	0.0469738058	0.0476206448	0.0482750783	0.0489370866	0.0496066455	0.0502837227	0.0509682910	0.0516603112	0.0523597475	0.0530665453	0.0537806533	0.0545020021	0.0552305250	0.0559661421	0.0567087680	0.0574583165	0.0582146784	0.0589777576	0.0597474268	0.0605235693	0.0613060576	0.0620947349	0.0628894651	0.0636900743	0.0644963985	0.0653082687	0.0661254640	0.0669477980	0.0677750633	0.0686070296	0.0694434916	0.0702841793	0.0711288324	0.0719772083	0.0728289924	0.0736839056	0.0745416623	0.0754019122	0.0762643474	0.0771286268	0.0779943594	0.0788611982	0.0797287588	0.0805966211	0.0814644044	0.0823316598	0.0831979254	0.0840627708	0.0849257012	0.0857862228	0.0866438680	0.0874981101	0.0883484157	0.0891942926	0.0900351736	0.0908704932	0.0916997098	0.0925222214	0.0933374047	0.0941446782	0.0949434021	0.0957329112	0.0965125807	0.0972817372	0.0980396893	0.0987857828	0.0995193478	0.1002396836	0.1009461144	0.1016379496	0.1023144633	0.1029749536	0.1036187376	0.1042451298	0.1048534465	0.1054429969	0.1060130932	0.1065630438	0.1070921765	0.1075998616	0.1080854745	0.1085483820	0.1089879957	0.1094037800	0.1097951968	0.1101617214	0.1105028901	0.1108182835	0.1111075034	0.1113702090	0.1116061486	0.1118151366	0.1119970169	0.1121516814	0.1122791114	0.1123793889	0.1124526663	0.1124991452	0.1125191055	0.1125129174	0.1124810086	0.1124238450	0.1123418996	0.1122356497	0.1121055717	0.1119521133	0.1117756849	0.1115766353	0.1113552475	0.1111117203	0.1108461583	0.1105585847	0.1102489488	0.1099171407	0.1095629930	0.1091863045	0.1087868552	0.1083644173	0.1079187998	0.1074498543	0.1069574748	0.1064416101	0.1059022890	0.1053396307	0.1047538319	0.1041451539	0.1035139214	0.1028605266	0.1021854074	0.1014890485	0.1007719994	0.1000348736	0.0992783083	0.0985029843	0.0977096056	0.0968988745	0.0960715329	0.0952283556	0.0943701211	0.0934976127	0.0926116063	0.0917128659	0.0908021928	0.0898804227	0.0889483714	0.0880068098	0.0870564802	0.0860981217	0.0851324985	0.0841603931	0.0831825598	0.0821997224	0.0812125816	0.0802218286	0.0792281430	0.0782321876	0.0772346148	0.0762360615	0.0752371425	0.0742384504	0.0732405734	0.0722440620	0.0712494494	0.0702572462	0.0692679494	0.0682820423	0.0672999787	0.0663222069	0.0653491403	0.0643812003	0.0634187800	0.0624622540	0.0615119744	0.0605682742	0.0596314688	0.0587018675	0.0577797552	0.0568654160	0.0559590949	0.0550610307	0.0541714445	0.0532905513	0.0524185583	0.0515556384	0.0507019598	0.0498576681	0.0490229145	0.0481978259	0.0473825235	0.0465771092	0.0457816798	0.0449963185	0.0442211001	0.0434560859	0.0427013300	0.0419568742	0.0412227581	0.0404990059	0.0397856403	0.0390826704	0.0383900988	0.0377079213	0.0370361229	0.0363746851	0.0357235851	0.0350827943	0.0344522903	0.0338320762	0.0332221635	0.0326224286	0.0320322726	0.0314503594	0.0308756540	0.0303120743	0.0297771609	0.0293038444	0.0289101370	0.0285622296	0.0282293451	0.0279006754	0.0275756359	0.0272557471	0.0269418577	0.0266340776	0.0263322543	0.0260362423	0.0257458623	0.0254605290	0.0251787566
0.0353013443	0.0353231976	0.0353459418	0.0353702376	0.0353963156	0.0354242747	0.0354542598	0.0354862656	0.0355193194	0.0355503724	0.0355753343	0.0355982534	0.0356538042	0.0358262804	0.0361897443	0.0366764479	0.0372036733	0.0377357060	0.0382674577	0.0388025658	0.0393440244	0.0398928771	0.0404491810	0.0410127879	0.0415836157	0.0421616534	0.0427469103	0.0433393992	0.0439391273	0.0445460936	0.0451602948	0.0457817234	0.0464103598	0.0470461822	0.0476891614	0.0483392715	0.0489964775	0.0496607452	0.0503320232	0.0510102640	0.0516954014	0.0523873747	0.0530861043	0.0537915147	0.0545035196	0.0552220212	0.0559469300	0.0566781222	0.0574154915	0.0581589087	0.0589082338	0.0596633387	0.0604240537	0.0611902288	0.0619616943	0.0627382477	0.0635197170	0.0643058901	0.0650965607	0.0658915308	0.0666905341	0.0674933350	0.0682996920	0.0691093083	0.0699219281	0.0707372631	0.0715549911	0.0723748280	0.0731964301	0.0740194389	0.0748435340	0.0756683356	0.0764934575	0.0773185435	0.0781431529	0.0789668591	0.0797892507	0.0806098509	0.0814282044	0.0822438651	0.0830563062	0.0838650405	0.0846695911	0.0854693971	0.0862639277	0.0870526653	0.0878350147	0.0886104034	0.0893782815	0.0901380168	0.0908890002	0.0916306435	0.0923622958	0.0930833094	0.0937930607	0.0944908888	0.0951761224	0.0958481036	0.0965061522	0.0971495699	0.0977777132	0.0983899367	0.0989855851	0.0995640034	0.1001245256	0.1006664625	0.1011891345	0.1016919156	0.1021741987	0.1026353768	0.1030748493	0.1034920594	0.1038864679	0.1042575254	0.1046047443	0.1049276927	0.1052259368	0.1054990821	0.1057468322	0.1059689610	0.1061652626	0.1063355646	0.1064797979	0.1065979879	0.1066902144	0.1067566306	0.1067974862	0.1068131323	0.1068039898	0.1067705135	0.1067131839	0.1066325025	0.1065289905	0.1064031788	0.1062555778	0.1060866513	0.1058967961	0.1056863168	0.1054554103	0.1052041662	0.1049325672	0.1046405055	0.1043278045	0.1039942392	0.1036395609	0.1032635037	0.1028657910	0.1024461602	0.1020043871	0.1015403126	0.1010538505	0.1005449745	0.1000137395	0.0994603055	0.0988849173	0.0982878734	0.0976695399	0.0970303529	0.0963707706	0.0956912994	0.0949925346	0.0942751045	0.0935396578	0.0927868842	0.0920174687	0.0912321064	0.0904315474	0.0896165502	0.0887878702	0.0879462667	0.0870924783	0.0862272567	0.0853513958	0.0844656869	0.0835708856	0.0826677103	0.0817568605	0.0808390586	0.0799150444	0.0789855590	0.0780512924	0.0771129225	0.0761711091	0.0752264970	0.0742797236	0.0733314131	0.0723821669	0.0714325728	0.0704831984	0.0695346050	0.0685873143	0.0676418397	0.0666986667	0.0657582711	0.0648211158	0.0638876259	0.0629582267	0.0620333233	0.0611133062	0.0601985573	0.0592894307	0.0583862607	0.0574893647	0.0565990417	0.0557155881	0.0548392729	0.0539703645	0.0531090997	0.0522557005	0.0514103797	0.0505733368	0.0497447727	0.0489248516	0.0481137335	0.0473115556	0.0465184580	0.0457345637	0.0449599847	0.0441948205	0.0434391600	0.0426930834	0.0419566592	0.0412299480	0.0405129981	0.0398058503	0.0391085403	0.0384210912	0.0377435237	0.0370758457	0.0364180600	0.0357701617	0.0351321349	0.0345039631	0.0338856246	0.0332770886	0.0326783297	0.0320893473	0.0315101588	0.0309406883	0.0303804615	0.0298282674	0.0292827861	0.0287463772	0.0282333423	0.0277748332	0.0273938109	0.0270606161	0.0267441976	0.0264324157	0.0261239955	0.0258203168	0.0255222802	0.0252300531	0.0249435080	0.0246625051	0.0243868689	0.0241160395	0.0238485986
0.0332971540	0.0333178081	0.0333393001	0.0333622551	0.0333869000	0.0334133384	0.0334416941	0.0334718546	0.0335026575	0.0335310469	0.0335539515	0.0335785771	0.0336437384	0.0338292906	0.0341894709	0.0346558230	0.0351549731	0.0356574166	0.0361599000	0.0366659664	0.0371782225	0.0376975088	0.0382238370	0.0387570719	0.0392971440	0.0398440483	0.0403977968	0.0409584006	0.0415258669	0.0421001955	0.0426813822	0.0432694217	0.0438642946	0.0444659816	0.0450744563	0.0456896936	0.0463116628	0.0469403306	0.0475756499	0.0482175750	0.0488660454	0.0495210052	0.0501823768	0.0508500920	0.0515240650	0.0522042093	0.0528904390	0.0535826399	0.0542807130	0.0549845279	0.0556939604	0.0564088895	0.0571291549	0.0578546185	0.0585851077	0.0593204417	0.0600604610	0.0608049560	0.0615537409	0.0623066205	0.0630633429	0.0638236929	0.0645874259	0.0653542699	0.0661239876	0.0668962876	0.0676708777	0.0684474893	0.0692257813	0.0700054271	0.0707861291	0.0715675057	0.0723492168	0.0731309142	0.0739121786	0.0746926186	0.0754718367	0.0762493823	0.0770248379	0.0777977740	0.0785676866	0.0793341314	0.0800966328	0.0808546612	0.0816077241	0.0823553043	0.0830968323	0.0838317814	0.0845596019	0.0852796920	0.0859914918	0.0866944311	0.0873878881	0.0880712762	0.0887440008	0.0894054205	0.0900549120	0.0906918321	0.0913155104	0.0919252878	0.0925205458	0.0931006718	0.0936650436	0.0942130339	0.0947440032	0.0952572849	0.0957522344	0.0962282538	0.0966847464	0.0971211152	0.0975368071	0.0979312888	0.0983040122	0.0986544496	0.0989821434	0.0992866532	0.0995675459	0.0998244779	0.1000571795	0.1002653961	0.1004489027	0.1006075666	0.1007413524	0.1008502739	0.1009344134	0.1009939734	0.1010292741	0.1010406992	0.1010286573	0.1009936016	0.1009360388	0.1008565287	0.1007556637	0.1006340468	0.1004922599	0.1003308270	0.1001502027	0.0999507249	0.0997325953	0.0994958856	0.0992405346	0.0989663643	0.0986731099	0.0983604560	0.0980280658	0.0976756171	0.0973028118	0.0969093570	0.0964949716	0.0960594268	0.0956025809	0.0951243778	0.0946248360	0.0941040564	0.0935622471	0.0929997012	0.0924167602	0.0918138338	0.0911913839	0.0905498961	0.0898899185	0.0892120676	0.0885169702	0.0878052833	0.0870776838	0.0863348401	0.0855774612	0.0848062832	0.0840220334	0.0832254467	0.0824172436	0.0815981301	0.0807688491	0.0799301581	0.0790827973	0.0782274690	0.0773648380	0.0764955813	0.0756203986	0.0747399974	0.0738550505	0.0729662070	0.0720740905	0.0711793118	0.0702824810	0.0693841885	0.0684850039	0.0675854901	0.0666861866	0.0657876245	0.0648903005	0.0639947018	0.0631013026	0.0622105442	0.0613228650	0.0604386757	0.0595583731	0.0586823492	0.0578109650	0.0569445919	0.0560835584	0.0552281846	0.0543787720	0.0535356048	0.0526989632	0.0518691004	0.0510462671	0.0502306934	0.0494225856	0.0486221479	0.0478295660	0.0470450304	0.0462686987	0.0455007205	0.0447412264	0.0439903446	0.0432481949	0.0425148802	0.0417904972	0.0410751272	0.0403688476	0.0396717211	0.0389838061	0.0383051464	0.0376357816	0.0369757424	0.0363250529	0.0356837307	0.0350517829	0.0344292131	0.0338160142	0.0332121711	0.0326176695	0.0320324865	0.0314565920	0.0308899593	0.0303325845	0.0297844845	0.0292456091	0.0287155734	0.0281933073	0.0276774433	0.0271694324	0.0266810407	0.0262404320	0.0258720575	0.0255526640	0.0252523351	0.0249575185	0.0246659476	0.0243787077	0.0240967198	0.0238202194	0.0235491158	0.0232832805	0.0230225412	0.0227663640	0.0225134000
0.0312906776	0.0313101199	0.0313303491	0.0313519534	0.0313751540	0.0314000603	0.0314267686	0.0314550638	0.0314836126	0.0315094056	0.0315304420	0.0315569592	0.0316312394	0.0318274015	0.0321798503	0.0326228318	0.0330928055	0.0335654130	0.0340385108	0.0345153327	0.0349981085	0.0354875198	0.0359835582	0.0364861054	0.0369951029	0.0375105495	0.0380324600	0.0385608425	0.0390957038	0.0396370455	0.0401848625	0.0407391505	0.0412998918	0.0418670675	0.0424406541	0.0430206287	0.0436069637	0.0441996248	0.0447985716	0.0454037594	0.0460151329	0.0466326406	0.0472562093	0.0478857757	0.0485212563	0.0491625738	0.0498096447	0.0504623662	0.0511206462	0.0517843561	0.0524533848	0.0531276158	0.0538069020	0.0544911150	0.0551800823	0.0558736443	0.0565716494	0.0572739007	0.0579802269	0.0586904329	0.0594042899	0.0601215988	0.0608421149	0.0615655932	0.0622918107	0.0630204799	0.0637513366	0.0644841209	0.0652185018	0.0659541871	0.0666908850	0.0674282335	0.0681659213	0.0689035990	0.0696408769	0.0703774026	0.0711127881	0.0718466099	0.0725784910	0.0733080019	0.0740346916	0.0747581447	0.0754778894	0.0761934388	0.0769043426	0.0776100874	0.0783101368	0.0790039998	0.0796911249	0.0803709544	0.0810429654	0.0817065934	0.0823612514	0.0830064008	0.0836414688	0.0842658554	0.0848789788	0.0854802190	0.0860689369	0.0866445217	0.0872063789	0.0877539179	0.0882865402	0.0888036338	0.0893045750	0.0897887407	0.0902555404	0.0907043987	0.0911347342	0.0915459725	0.0919375850	0.0923090443	0.0926598140	0.0929894095	0.0932973839	0.0935832739	0.0938466859	0.0940873242	0.0943049001	0.0944991300	0.0946698180	0.0948168667	0.0949402174	0.0950398791	0.0951159982	0.0951688410	0.0951987239	0.0952059875	0.0951910315	0.0951543410	0.0950964819	0.0950180820	0.0949198075	0.0948023411	0.0946663441	0.0945124184	0.0943410702	0.0941526726	0.0939474430	0.0937254323	0.0934865430	0.0932305320	0.0929570394	0.0926656401	0.0923558809	0.0920273396	0.0916796504	0.0913125022	0.0909256194	0.0905187448	0.0900916690	0.0896442900	0.0891766125	0.0886886968	0.0881806977	0.0876528890	0.0871056058	0.0865392262	0.0859542081	0.0853510387	0.0847302226	0.0840923392	0.0834380069	0.0827678473	0.0820825223	0.0813826901	0.0806690110	0.0799421926	0.0792029360	0.0784519416	0.0776899078	0.0769175062	0.0761354292	0.0753443996	0.0745451298	0.0737383064	0.0729245676	0.0721045445	0.0712788950	0.0704482881	0.0696133747	0.0687747695	0.0679330632	0.0670888369	0.0662426632	0.0653951017	0.0645466958	0.0636979776	0.0628494562	0.0620016336	0.0611549906	0.0603099826	0.0594670601	0.0586266420	0.0577891349	0.0569549382	0.0561244254	0.0552979648	0.0544758941	0.0536585628	0.0528462838	0.0520393613	0.0512380832	0.0504427116	0.0496535123	0.0488707239	0.0480945794	0.0473253010	0.0465630817	0.0458081153	0.0450605748	0.0443206375	0.0435884559	0.0428641674	0.0421478977	0.0414397642	0.0407398817	0.0400483460	0.0393652493	0.0386906660	0.0380246704	0.0373673203	0.0367186703	0.0360787612	0.0354476310	0.0348253055	0.0342118097	0.0336071581	0.0330113577	0.0324244122	0.0318463126	0.0312770459	0.0307165980	0.0301649456	0.0296220599	0.0290879147	0.0285625030	0.0280458378	0.0275378814	0.0270383154	0.0265462142	0.0260602968	0.0255815003	0.0251195451	0.0246990741	0.0243440593	0.0240384168	0.0237541402	0.0234763942	0.0232018507	0.0229312389	0.0226654778	0.0224048699	0.0221493659	0.0218988496	0.0216531535	0.0214117692	0.0211734209
0.0292820495	0.0293002711	0.0293192281	0.0293394725	0.0293612193	0.0293845779	0.0294096232	0.0294360545	0.0294624085	0.0294857511	0.0295050170	0.0295329052	0.0296141503	0.0298171193	0.0301590366	0.0305774859	0.0310179682	0.0314606073	0.0319041332	0.0323514571	0.0328044666	0.0332637086	0.0337291618	0.0342007214	0.0346783407	0.0351620221	0.0356517798	0.0361476226	0.0366495535	0.0371575772	0.0376716890	0.0381918834	0.0387181451	0.0392504555	0.0397887948	0.0403331401	0.0408834673	0.0414397427	0.0420019301	0.0425699865	0.0431438618	0.0437235067	0.0443088551	0.0448998476	0.0454964049	0.0460984565	0.0467059204	0.0473187052	0.0479367251	0.0485598579	0.0491880038	0.0498210459	0.0504588532	0.0511013063	0.0517482385	0.0523995068	0.0530549657	0.0537144335	0.0543777536	0.0550447303	0.0557151596	0.0563888572	0.0570655829	0.0577451179	0.0584272495	0.0591117045	0.0597982431	0.0604866091	0.0611764923	0.0618676354	0.0625597383	0.0632524734	0.0639455506	0.0646386256	0.0653313325	0.0660233501	0.0667143047	0.0674038021	0.0680914921	0.0687769527	0.0694597841	0.0701395957	0.0708159297	0.0714883439	0.0721564177	0.0728196530	0.0734775644	0.0741296862	0.0747754811	0.0754144371	0.0760460554	0.0766697864	0.0772850892	0.0778914479	0.0784883073	0.0790751100	0.0796513047	0.0802162990	0.0807694995	0.0813103461	0.0818382835	0.0823527446	0.0828531495	0.0833389091	0.0838094123	0.0842640701	0.0847023371	0.0851236657	0.0855274984	0.0859133039	0.0862805667	0.0866287541	0.0869573560	0.0872659252	0.0875540038	0.0878211469	0.0880670194	0.0882913168	0.0884937149	0.0886739526	0.0888318752	0.0889673587	0.0890803273	0.0891708582	0.0892391514	0.0892854472	0.0893099991	0.0893131307	0.0892952790	0.0892569723	0.0891988247	0.0891215357	0.0890258710	0.0889126127	0.0887825091	0.0886362207	0.0884742764	0.0882970599	0.0881047954	0.0878975338	0.0876751674	0.0874374236	0.0871838669	0.0869139572	0.0866271097	0.0863227663	0.0860004451	0.0856597702	0.0853004639	0.0849222985	0.0845250618	0.0841085984	0.0836728667	0.0832179267	0.0827438977	0.0822510041	0.0817395729	0.0812099754	0.0806626386	0.0800980508	0.0795167049	0.0789191291	0.0783059246	0.0776776937	0.0770350659	0.0763786886	0.0757091861	0.0750272191	0.0743334679	0.0736285967	0.0729132743	0.0721881491	0.0714538638	0.0707111043	0.0699605493	0.0692028549	0.0684386438	0.0676685056	0.0668930504	0.0661129079	0.0653286955	0.0645409945	0.0637503696	0.0629573661	0.0621625231	0.0613663689	0.0605694182	0.0597721757	0.0589751155	0.0581787105	0.0573834248	0.0565896852	0.0557979093	0.0550084973	0.0542218316	0.0534382881	0.0526582152	0.0518819641	0.0511098511	0.0503421935	0.0495792997	0.0488214514	0.0480689197	0.0473219516	0.0465807902	0.0458456650	0.0451167912	0.0443943811	0.0436786164	0.0429696779	0.0422677266	0.0415729261	0.0408854234	0.0402053456	0.0395328126	0.0388679316	0.0382108121	0.0375615426	0.0369202106	0.0362868846	0.0356616343	0.0350445131	0.0344355730	0.0338348509	0.0332423826	0.0326581915	0.0320823008	0.0315147228	0.0309554649	0.0304045302	0.0298619089	0.0293275904	0.0288015592	0.0282837925	0.0277742636	0.0272729474	0.0267798335	0.0262949307	0.0258182090	0.0253494054	0.0248877288	0.0244320199	0.0239828650	0.0235482463	0.0231493861	0.0228091237	0.0225179581	0.0222499994	0.0219894522	0.0217320668	0.0214782359	0.0212288621	0.0209843049	0.0207445519	0.0205094983	0.0202789843	0.0200525270	0.0198289252
0.0272714057	0.0272883997	0.0273060762	0.0273249522	0.0273452342	0.0273670307	0.0273904019	0.0274149840	0.0274392271	0.0274602713	0.0274777541	0.0275061235	0.0275916539	0.0277976219	0.0281269617	0.0285203426	0.0289312529	0.0293438196	0.0297575700	0.0301751367	0.0305981040	0.0310268994	0.0314614867	0.0319017754	0.0323477296	0.0327993518	0.0332566580	0.0337196558	0.0341883486	0.0346627398	0.0351428271	0.0356286032	0.0361200553	0.0366171654	0.0371199169	0.0376282872	0.0381422554	0.0386617886	0.0391868550	0.0397174110	0.0402534137	0.0407948139	0.0413415533	0.0418935770	0.0424508095	0.0430131877	0.0435806293	0.0441530546	0.0447303811	0.0453124986	0.0458993152	0.0464907129	0.0470865781	0.0476867987	0.0482912180	0.0488997063	0.0495121219	0.0501283012	0.0507481007	0.0513713279	0.0519978010	0.0526273485	0.0532597424	0.0538947849	0.0545322715	0.0551719508	0.0558136035	0.0564569778	0.0571017944	0.0577478171	0.0583947440	0.0590422861	0.0596901758	0.0603380770	0.0609856499	0.0616325974	0.0622785556	0.0629231708	0.0635661041	0.0642069593	0.0648453656	0.0654809529	0.0661132934	0.0667419843	0.0673666207	0.0679867332	0.0686018875	0.0692116370	0.0698154820	0.0704129554	0.0710035755	0.0715868233	0.0721622091	0.0727292332	0.0732873607	0.0738360731	0.0743748423	0.0749030994	0.0754202975	0.0759259211	0.0764194531	0.0769003571	0.0773680844	0.0778220739	0.0782617435	0.0786865393	0.0790959433	0.0794894279	0.0798664643	0.0802265610	0.0805692148	0.0808939064	0.0812001692	0.0814875632	0.0817556225	0.0820039558	0.0822322582	0.0824401903	0.0826274231	0.0827937415	0.0829389816	0.0830629889	0.0831657452	0.0832473850	0.0833080691	0.0833479541	0.0833672773	0.0833663971	0.0833457640	0.0833059395	0.0832476180	0.0831716234	0.0830788452	0.0829701457	0.0828463125	0.0827080063	0.0825557384	0.0823898626	0.0822105853	0.0820179691	0.0818119262	0.0815922210	0.0813584324	0.0811099639	0.0808461030	0.0805661138	0.0802693491	0.0799553159	0.0796236771	0.0792742196	0.0789067877	0.0785212379	0.0781174739	0.0776955344	0.0772555406	0.0767976720	0.0763222246	0.0758295742	0.0753201213	0.0747943322	0.0742527003	0.0736957230	0.0731239639	0.0725380146	0.0719384628	0.0713259378	0.0707010371	0.0700643688	0.0694165880	0.0687583292	0.0680902279	0.0674129070	0.0667269678	0.0660330458	0.0653317894	0.0646238180	0.0639097308	0.0631900804	0.0624654323	0.0617363695	0.0610034746	0.0602673040	0.0595283913	0.0587872435	0.0580443697	0.0573002636	0.0565554112	0.0558102830	0.0550653294	0.0543209913	0.0535777027	0.0528358681	0.0520958761	0.0513581013	0.0506229037	0.0498906372	0.0491616239	0.0484361903	0.0477146390	0.0469972550	0.0462843408	0.0455761508	0.0448729408	0.0441749444	0.0434823839	0.0427954764	0.0421144217	0.0414394203	0.0407706425	0.0401082546	0.0394524078	0.0388032517	0.0381609268	0.0375255514	0.0368972389	0.0362760869	0.0356621985	0.0350556557	0.0344565396	0.0338649147	0.0332808450	0.0327043802	0.0321355693	0.0315744459	0.0310210428	0.0304753822	0.0299374847	0.0294073606	0.0288850177	0.0283704581	0.0278636726	0.0273646518	0.0268733794	0.0263898329	0.0259139886	0.0254458226	0.0249853216	0.0245324899	0.0240873048	0.0236495523	0.0232185602	0.0227932836	0.0223740168	0.0219672235	0.0215910678	0.0212671762	0.0209915220	0.0207402759	0.0204970659	0.0202569455	0.0200200276	0.0197871895	0.0195588319	0.0193349727	0.0191155186	0.0189003175	0.0186889142	0.0184801815
0.0252588831	0.0252746418	0.0252910310	0.0253085301	0.0253273359	0.0253475593	0.0253692511	0.0253920149	0.0254142486	0.0254331171	0.0254486221	0.0254761905	0.0255631180	0.0257689510	0.0260842297	0.0264521978	0.0268334721	0.0272158468	0.0275996165	0.0279871791	0.0283798469	0.0287779358	0.0291813947	0.0295901466	0.0300041643	0.0304234516	0.0308480242	0.0312778893	0.0317130516	0.0321535134	0.0325992731	0.0330503228	0.0335066521	0.0339682437	0.0344350836	0.0349071510	0.0353844270	0.0358668799	0.0363544818	0.0368471907	0.0373449675	0.0378477656	0.0383555322	0.0388682172	0.0393857503	0.0399080752	0.0404351096	0.0409667843	0.0415030196	0.0420437168	0.0425887906	0.0431381273	0.0436916265	0.0442491808	0.0448106474	0.0453759086	0.0459448245	0.0465172512	0.0470930561	0.0476720550	0.0482540858	0.0488389856	0.0494265448	0.0500165848	0.0506089055	0.0512032814	0.0517995134	0.0523973548	0.0529965584	0.0535969028	0.0541981008	0.0547998969	0.0554020368	0.0560041965	0.0566060801	0.0572074017	0.0578078094	0.0584069938	0.0590046274	0.0596003423	0.0601937929	0.0607846249	0.0613724421	0.0619568819	0.0625375447	0.0631140036	0.0636858593	0.0642526810	0.0648140192	0.0653694419	0.0659184944	0.0664606961	0.0669956036	0.0675227420	0.0680416101	0.0685517293	0.0690525868	0.0695436476	0.0700244100	0.0704943900	0.0709530948	0.0714000254	0.0718346669	0.0722564793	0.0726649300	0.0730595131	0.0734397377	0.0738050933	0.0741550828	0.0744892393	0.0748070659	0.0751080809	0.0753918612	0.0756579551	0.0759059259	0.0761354372	0.0763461608	0.0765377367	0.0767098850	0.0768624042	0.0769950807	0.0771077983	0.0772006156	0.0772736248	0.0773268952	0.0773605597	0.0773748769	0.0773701978	0.0773469866	0.0773059110	0.0772478165	0.0771736505	0.0770843705	0.0769808631	0.0768638970	0.0767340910	0.0765919013	0.0764376140	0.0762713874	0.0760932749	0.0759032162	0.0757010379	0.0754864247	0.0752588647	0.0750176345	0.0747618543	0.0744906493	0.0742033214	0.0738994080	0.0735786541	0.0732409403	0.0728861944	0.0725143382	0.0721253585	0.0717193763	0.0712965658	0.0708571765	0.0704015709	0.0699301434	0.0694433245	0.0689416027	0.0684254640	0.0678954222	0.0673520521	0.0667959112	0.0662275854	0.0656476610	0.0650567046	0.0644553261	0.0638441345	0.0632237282	0.0625947012	0.0619576207	0.0613130632	0.0606616393	0.0600039390	0.0593405226	0.0586719152	0.0579986387	0.0573212313	0.0566402370	0.0559561855	0.0552695720	0.0545808787	0.0538905755	0.0531991241	0.0525069770	0.0518145671	0.0511223291	0.0504306665	0.0497399784	0.0490506471	0.0483630348	0.0476774912	0.0469943495	0.0463139405	0.0456365676	0.0449625215	0.0442920927	0.0436255488	0.0429631660	0.0423051829	0.0416518344	0.0410033407	0.0403599073	0.0397217377	0.0390890166	0.0384619303	0.0378406378	0.0372252906	0.0366160319	0.0360129971	0.0354163198	0.0348261094	0.0342424717	0.0336654969	0.0330952788	0.0325318951	0.0319754193	0.0314259121	0.0308834319	0.0303480253	0.0298197362	0.0292985975	0.0287846381	0.0282778786	0.0277783376	0.0272860242	0.0268009459	0.0263231029	0.0258524884	0.0253890926	0.0249328990	0.0244838872	0.0240420350	0.0236073194	0.0231797258	0.0227592548	0.0223458903	0.0219394614	0.0215394019	0.0211447662	0.0207555883	0.0203769946	0.0200244637	0.0197184609	0.0194593932	0.0192253077	0.0189995893	0.0187768342	0.0185569487	0.0183407831	0.0181287643	0.0179209335	0.0177172078	0.0175174421	0.0173212111	0.0171274637
0.0232446161	0.0232591331	0.0232742298	0.0232903446	0.0233076653	0.0233263044	0.0233463159	0.0233673006	0.0233876311	0.0234044219	0.0234176556	0.0234429782	0.0235284587	0.0237315906	0.0240316329	0.0243738820	0.0247254303	0.0250774822	0.0254310750	0.0257884052	0.0261505352	0.0265176765	0.0268897639	0.0272667309	0.0276485592	0.0280352549	0.0284268309	0.0288232964	0.0292246538	0.0296309077	0.0300420553	0.0304580901	0.0308790021	0.0313047756	0.0317354002	0.0321708543	0.0326111227	0.0330561756	0.0335059877	0.0339605200	0.0344197370	0.0348835940	0.0353520443	0.0358250412	0.0363025218	0.0367844335	0.0372706999	0.0377612577	0.0382560303	0.0387549298	0.0392578784	0.0397647697	0.0402755124	0.0407900024	0.0413081130	0.0418297374	0.0423547392	0.0428829920	0.0434143727	0.0439487096	0.0444858577	0.0450256592	0.0455679265	0.0461124982	0.0466591797	0.0472077716	0.0477580929	0.0483099054	0.0488629908	0.0494171446	0.0499721019	0.0505276332	0.0510834914	0.0516393768	0.0521950358	0.0527501876	0.0533045108	0.0538577258	0.0544095210	0.0549595593	0.0555075305	0.0560530911	0.0565958783	0.0571355605	0.0576717551	0.0582040686	0.0587321408	0.0592555567	0.0597739017	0.0602867820	0.0607937692	0.0612944292	0.0617883542	0.0622750984	0.0627542073	0.0632252368	0.0636876986	0.0641411043	0.0645849968	0.0650189240	0.0654424158	0.0658550069	0.0662562060	0.0666455027	0.0670224075	0.0673864638	0.0677372072	0.0680741585	0.0683968659	0.0687048742	0.0689977026	0.0692749122	0.0695360947	0.0697808023	0.0700086540	0.0702193465	0.0704125135	0.0705878095	0.0707450027	0.0708838622	0.0710041684	0.0711058836	0.0711890625	0.0712536954	0.0712998092	0.0713275597	0.0713371829	0.0713290202	0.0713036523	0.0712619104	0.0712047523	0.0711331748	0.0710481595	0.0709506051	0.0708412390	0.0707205807	0.0705889623	0.0704465668	0.0702934917	0.0701297733	0.0699553804	0.0697702033	0.0695740350	0.0693665176	0.0691470728	0.0689148601	0.0686688553	0.0684080765	0.0681318191	0.0678397093	0.0675316082	0.0672074983	0.0668673873	0.0665112601	0.0661392011	0.0657513992	0.0653480778	0.0649295564	0.0644962324	0.0640485075	0.0635868476	0.0631117336	0.0626236372	0.0621230968	0.0616106504	0.0610868365	0.0605522247	0.0600073526	0.0594527752	0.0588890687	0.0583167911	0.0577365062	0.0571487447	0.0565540330	0.0559529306	0.0553459962	0.0547337551	0.0541167063	0.0534953288	0.0528701143	0.0522415703	0.0516101880	0.0509764315	0.0503407538	0.0497035854	0.0490653544	0.0484264779	0.0477873589	0.0471484010	0.0465099752	0.0458724490	0.0452361780	0.0446014996	0.0439687385	0.0433382005	0.0427101894	0.0420849862	0.0414628595	0.0408440797	0.0402288983	0.0396175596	0.0390102927	0.0384073103	0.0378088179	0.0372150028	0.0366260572	0.0360421500	0.0354634508	0.0348901089	0.0343222618	0.0337600429	0.0332035757	0.0326529854	0.0321083724	0.0315698344	0.0310374545	0.0305113171	0.0299914951	0.0294780552	0.0289710544	0.0284705449	0.0279765705	0.0274891704	0.0270083757	0.0265342126	0.0260666995	0.0256058539	0.0251516832	0.0247041948	0.0242633869	0.0238292553	0.0234017893	0.0229809733	0.0225667888	0.0221592152	0.0217582302	0.0213638174	0.0209759758	0.0205946961	0.0202198452	0.0198509527	0.0194871597	0.0191282642	0.0187781960	0.0184500459	0.0181632102	0.0179218100	0.0177054129	0.0174973778	0.0172920879	0.0170893411	0.0168899714	0.0166944203	0.0165027440	0.0163148669	0.0161306513	0.0159497029	0.0157710494
0.0212287385	0.0212420104	0.0212558092	0.0212705360	0.0212863655	0.0213034109	0.0213217330	0.0213409433	0.0213594232	0.0213742590	0.0213853025	0.0214079495	0.0214902150	0.0216875941	0.0219703730	0.0222861778	0.0226078370	0.0229294808	0.0232527502	0.0235796499	0.0239110240	0.0242469942	0.0245874848	0.0249324387	0.0252818444	0.0256357102	0.0259940483	0.0263568664	0.0267241674	0.0270959552	0.0274722284	0.0278529809	0.0282382031	0.0286278818	0.0290220073	0.0294205603	0.0298235271	0.0302308812	0.0306425992	0.0310586455	0.0314789892	0.0319035868	0.0323323980	0.0327653775	0.0332024715	0.0336436310	0.0340887871	0.0345378816	0.0349908402	0.0354475864	0.0359080501	0.0363721333	0.0368397527	0.0373108076	0.0377851866	0.0382627938	0.0387435001	0.0392271938	0.0397137581	0.0402030380	0.0406949022	0.0411891995	0.0416857632	0.0421844475	0.0426850674	0.0431874469	0.0436914187	0.0441967633	0.0447032842	0.0452107879	0.0457190415	0.0462278309	0.0467369255	0.0472460572	0.0477549973	0.0482634791	0.0487712167	0.0492779562	0.0497834054	0.0502872568	0.0507892385	0.0512890211	0.0517862768	0.0522807029	0.0527719391	0.0532596296	0.0537434453	0.0542229943	0.0546978971	0.0551677944	0.0556322825	0.0560909724	0.0565434867	0.0569894052	0.0574283194	0.0578598205	0.0582834542	0.0586987783	0.0591053807	0.0595028449	0.0598907416	0.0602686315	0.0606360500	0.0609925244	0.0613376053	0.0616708725	0.0619918857	0.0623002040	0.0625954174	0.0628770869	0.0631447653	0.0633980571	0.0636365521	0.0638598357	0.0640675819	0.0642594755	0.0644351435	0.0645942918	0.0647366882	0.0648620684	0.0649702788	0.0650613239	0.0651351628	0.0651917213	0.0652310494	0.0652532796	0.0652586131	0.0652474970	0.0652206758	0.0651790584	0.0651236440	0.0650555005	0.0649756725	0.0648850305	0.0647841632	0.0646733880	0.0645528494	0.0644226121	0.0642827197	0.0641332181	0.0639741364	0.0638054551	0.0636270698	0.0634387471	0.0632400782	0.0630304054	0.0628087762	0.0625740335	0.0623251437	0.0620614861	0.0617828291	0.0614891605	0.0611805624	0.0608570955	0.0605188206	0.0601659122	0.0597985974	0.0594171511	0.0590219518	0.0586133934	0.0581919043	0.0577579514	0.0573119830	0.0568544849	0.0563859762	0.0559069591	0.0554179644	0.0549195054	0.0544120814	0.0538962324	0.0533724756	0.0528413321	0.0523032995	0.0517588652	0.0512085359	0.0506528265	0.0500922341	0.0495272262	0.0489582364	0.0483857148	0.0478101285	0.0472319306	0.0466515556	0.0460694110	0.0454858974	0.0449014087	0.0443163262	0.0437310222	0.0431458621	0.0425611874	0.0419773402	0.0413946459	0.0408134090	0.0402339361	0.0396565060	0.0390813897	0.0385088505	0.0379391375	0.0373724985	0.0368091583	0.0362493410	0.0356932606	0.0351411103	0.0345930834	0.0340493458	0.0335100760	0.0329754276	0.0324455538	0.0319205944	0.0314006737	0.0308859148	0.0303764298	0.0298723338	0.0293737188	0.0288806742	0.0283932753	0.0279115986	0.0274357112	0.0269656735	0.0265015384	0.0260433521	0.0255911561	0.0251449850	0.0247048674	0.0242708268	0.0238428801	0.0234210433	0.0230053224	0.0225957241	0.0221922464	0.0217948858	0.0214036321	0.0210184701	0.0206393833	0.0202663530	0.0198993574	0.0195383788	0.0191834153	0.0188344638	0.0184914270	0.0181539200	0.0178211625	0.0174927359	0.0171714852	0.0168683463	0.0166017553	0.0163790736	0.0161809304	0.0159907901	0.0158030635	0.0156175509	0.0154350887	0.0152561240	0.0150807185	0.0149088010	0.0147402424	0.0145746791	0.0144112194
0.0192113860	0.0192234079	0.0192359054	0.0192492432	0.0192635802	0.0192790257	0.0192956333	0.0193130172	0.0193296141	0.0193426711	0.0193522322	0.0193734106	0.0194523057	0.0196398185	0.0199018497	0.0201898382	0.0204813555	0.0207725824	0.0210654521	0.0213617605	0.0216621800	0.0219667721	0.0222754585	0.0225881903	0.0229049608	0.0232257800	0.0235506583	0.0238796030	0.0242126182	0.0245497049	0.0248908647	0.0252360892	0.0255853733	0.0259387032	0.0262960695	0.0266574580	0.0270228543	0.0273922354	0.0277655795	0.0281428555	0.0285240358	0.0289090801	0.0292979527	0.0296906101	0.0300870074	0.0304870997	0.0308908250	0.0312981314	0.0317089474	0.0321232071	0.0325408477	0.0329617799	0.0333859294	0.0338131998	0.0342434945	0.0346767265	0.0351127783	0.0355515506	0.0359929322	0.0364367860	0.0368829937	0.0373314123	0.0377818947	0.0382343105	0.0386884865	0.0391442669	0.0396014979	0.0400599803	0.0405195407	0.0409799926	0.0414411320	0.0419027619	0.0423646724	0.0428266264	0.0432884176	0.0437497912	0.0442104977	0.0446703109	0.0451289588	0.0455861644	0.0460416838	0.0464952171	0.0469464683	0.0473951645	0.0478409698	0.0482835753	0.0487226687	0.0491578942	0.0495889152	0.0500153978	0.0504369711	0.0508532831	0.0512639873	0.0516686965	0.0520670434	0.0524586450	0.0528430832	0.0532199689	0.0535889245	0.0539495700	0.0543015203	0.0546443646	0.0549776761	0.0553010243	0.0556140122	0.0559162442	0.0562073083	0.0564868084	0.0567543574	0.0570095368	0.0572519460	0.0574812252	0.0576969723	0.0578988266	0.0580864973	0.0582596426	0.0584179163	0.0585610720	0.0586888521	0.0588010017	0.0588974443	0.0589781454	0.0590429691	0.0590918526	0.0591248496	0.0591420325	0.0591436575	0.0591303321	0.0591028696	0.0590621938	0.0590094246	0.0589457793	0.0588722976	0.0587896501	0.0586981437	0.0585978533	0.0584887602	0.0583708431	0.0582441124	0.0581086319	0.0579644978	0.0578118008	0.0576505695	0.0574807035	0.0573019254	0.0571137428	0.0569153971	0.0567057952	0.0564836886	0.0562481087	0.0559986135	0.0557351366	0.0554577858	0.0551667169	0.0548620220	0.0545438404	0.0542124099	0.0538679798	0.0535108823	0.0531415130	0.0527602615	0.0523675689	0.0519638679	0.0515495931	0.0511252330	0.0506912558	0.0502481458	0.0497963824	0.0493364192	0.0488687520	0.0483938628	0.0479122225	0.0474242987	0.0469305363	0.0464313912	0.0459273366	0.0454188328	0.0449063072	0.0443901590	0.0438707930	0.0433486305	0.0428240878	0.0422975622	0.0417694266	0.0412400417	0.0407097699	0.0401789572	0.0396479417	0.0391170519	0.0385866027	0.0380569060	0.0375282576	0.0370009309	0.0364752089	0.0359513481	0.0354295856	0.0349101697	0.0343933237	0.0338792713	0.0333682184	0.0328603652	0.0323559075	0.0318550204	0.0313578836	0.0308646456	0.0303754667	0.0298904866	0.0294098421	0.0289336625	0.0284620603	0.0279951482	0.0275330261	0.0270757983	0.0266235492	0.0261763589	0.0257342958	0.0252974280	0.0248658175	0.0244395184	0.0240185789	0.0236030398	0.0231929400	0.0227883093	0.0223891747	0.0219955561	0.0216074700	0.0212249289	0.0208479400	0.0204765076	0.0201106308	0.0197503056	0.0193955232	0.0190462688	0.0187025279	0.0183642837	0.0180315147	0.0177042034	0.0173823468	0.0170659466	0.0167549375	0.0164490081	0.0161474545	0.0158496867	0.0155576255	0.0152802973	0.0150350987	0.0148318933	0.0146523097	0.0144801763	0.0143100959	0.0141419166	0.0139764717	0.0138142043	0.0136551761	0.0134993202	0.0133465162	0.0131964323	0.0130482577
0.0171926925	0.0172034614	0.0172146563	0.0172266037	0.0172394493	0.0172532894	0.0172681563	0.0172836542	0.0172983213	0.0173097749	0.0173186444	0.0173398205	0.0174155383	0.0175891384	0.0178268853	0.0180856544	0.0183467792	0.0186075984	0.0188700130	0.0191355891	0.0194048737	0.0196779001	0.0199545943	0.0202349149	0.0205188590	0.0208064361	0.0210976539	0.0213925220	0.0216910426	0.0219932170	0.0222990463	0.0226085230	0.0229216431	0.0232383946	0.0235587683	0.0238827534	0.0242103360	0.0245414959	0.0248762138	0.0252144619	0.0255562159	0.0259014391	0.0262501013	0.0266021609	0.0269575800	0.0273163173	0.0276783201	0.0280435405	0.0284119126	0.0287833802	0.0291578858	0.0295353512	0.0299157094	0.0302988710	0.0306847525	0.0310732764	0.0314643370	0.0318578464	0.0322537012	0.0326517817	0.0330519830	0.0334541707	0.0338582184	0.0342640085	0.0346713833	0.0350802059	0.0354903351	0.0359015898	0.0363138258	0.0367268639	0.0371405189	0.0375546263	0.0379689849	0.0383833867	0.0387976495	0.0392115344	0.0396248285	0.0400373284	0.0404487775	0.0408589435	0.0412675977	0.0416744695	0.0420793075	0.0424818546	0.0428818103	0.0432789077	0.0436728516	0.0440633301	0.0444500471	0.0448326966	0.0452109448	0.0455844806	0.0459529823	0.0463161075	0.0466735291	0.0470248819	0.0473697946	0.0477079247	0.0480389307	0.0483624656	0.0486781753	0.0489856883	0.0492846177	0.0495745794	0.0498552243	0.0501261889	0.0503870973	0.0506375991	0.0508773301	0.0511058997	0.0513229574	0.0515281613	0.0517211373	0.0519015788	0.0520692070	0.0522236796	0.0523646984	0.0524920351	0.0526054100	0.0527046266	0.0527896406	0.0528603323	0.0529165359	0.0529582221	0.0529853933	0.0529981134	0.0529967758	0.0529820515	0.0529547470	0.0529159273	0.0528669338	0.0528090113	0.0527429532	0.0526690852	0.0525874363	0.0524979197	0.0524004306	0.0522949047	0.0521813443	0.0520598146	0.0519304416	0.0517933930	0.0516488201	0.0514967862	0.0513371710	0.0511696195	0.0509935295	0.0508079969	0.0506118042	0.0504037088	0.0501829500	0.0499493223	0.0497029165	0.0494439415	0.0491725600	0.0488888978	0.0485931833	0.0482856564	0.0479666072	0.0476364127	0.0472954331	0.0469440687	0.0465827365	0.0462118308	0.0458317904	0.0454430507	0.0450460465	0.0446412207	0.0442289922	0.0438097984	0.0433840881	0.0429522848	0.0425148183	0.0420720887	0.0416245049	0.0411724967	0.0407164760	0.0402568306	0.0397939316	0.0393281335	0.0388598142	0.0383893477	0.0379170924	0.0374433910	0.0369685661	0.0364929380	0.0360168235	0.0355405241	0.0350643360	0.0345885462	0.0341134279	0.0336392505	0.0331662685	0.0326947232	0.0322248483	0.0317568627	0.0312909873	0.0308274223	0.0303663650	0.0299080057	0.0294525212	0.0290000842	0.0285508577	0.0281049969	0.0276626420	0.0272239313	0.0267889916	0.0263579442	0.0259309066	0.0255079804	0.0250892664	0.0246748528	0.0242648329	0.0238592836	0.0234582755	0.0230618709	0.0226701288	0.0222831065	0.0219008513	0.0215234075	0.0211508104	0.0207830955	0.0204202887	0.0200624147	0.0197094907	0.0193615317	0.0190185480	0.0186805470	0.0183475320	0.0180195015	0.0176964524	0.0173783764	0.0170652599	0.0167570909	0.0164538529	0.0161555266	0.0158620944	0.0155735531	0.0152899073	0.0150111136	0.0147369215	0.0144667054	0.0141997972	0.0139374555	0.0136871042	0.0134646934	0.0132812530	0.0131200750	0.0129658815	0.0128135066	0.0126627720	0.0125144595	0.0123689947	0.0122264415	0.0120867388	0.0119497773	0.0118152584	0.0116824529
0.0151727959	0.0151823108	0.0151922005	0.0152027560	0.0152141082	0.0152263388	0.0152394528	0.0152530467	0.0152657920	0.0152757625	0.0152842632	0.0153057745	0.0153775947	0.0155344593	0.0157457412	0.0159744611	0.0162050311	0.0164354090	0.0166672843	0.0169019901	0.0171399798	0.0173812744	0.0176258092	0.0178735512	0.0181244979	0.0183786578	0.0186360379	0.0188966475	0.0191604873	0.0194275598	0.0196978653	0.0199713985	0.0202481533	0.0205281219	0.0208112958	0.0210976647	0.0213872162	0.0216799338	0.0219758002	0.0222747907	0.0225768842	0.0228820484	0.0231902574	0.0235014729	0.0238156626	0.0241327889	0.0244528076	0.0247756759	0.0251013346	0.0254297364	0.0257608270	0.0260945409	0.0264308187	0.0267695784	0.0271107492	0.0274542626	0.0278000256	0.0281479605	0.0284979731	0.0288499606	0.0292038314	0.0295594633	0.0299167477	0.0302755791	0.0306358189	0.0309973479	0.0313600362	0.0317237271	0.0320882923	0.0324535735	0.0328194062	0.0331856493	0.0335521122	0.0339186200	0.0342850076	0.0346510667	0.0350166074	0.0353814487	0.0357453613	0.0361081463	0.0364695932	0.0368294625	0.0371875394	0.0375435868	0.0378973439	0.0382485724	0.0385970090	0.0389423818	0.0392844305	0.0396228775	0.0399574339	0.0402878297	0.0406137700	0.0409349552	0.0412510976	0.0415618676	0.0418669360	0.0421660006	0.0424587638	0.0427449105	0.0430241184	0.0432960555	0.0435603772	0.0438167464	0.0440648468	0.0443043548	0.0445349381	0.0447562837	0.0449680590	0.0451699139	0.0453615451	0.0455426306	0.0457128332	0.0458718913	0.0460195347	0.0461554374	0.0462793541	0.0463910549	0.0464902691	0.0465768695	0.0466507867	0.0467118339	0.0467598740	0.0467948754	0.0468167855	0.0468257413	0.0468222314	0.0468068958	0.0467806212	0.0467447424	0.0467006895	0.0466494437	0.0465914102	0.0465266237	0.0464549574	0.0463762564	0.0462903919	0.0461972890	0.0460969438	0.0459894146	0.0458748241	0.0457533587	0.0456252421	0.0454906663	0.0453496825	0.0452021080	0.0450474741	0.0448850448	0.0447137771	0.0445323746	0.0443397781	0.0441355553	0.0439197306	0.0436925161	0.0434541427	0.0432047617	0.0429445653	0.0426737972	0.0423927120	0.0421016458	0.0418009410	0.0414909452	0.0411720516	0.0408446202	0.0405090355	0.0401656957	0.0398149866	0.0394573125	0.0390930593	0.0387226052	0.0383463538	0.0379646854	0.0375779832	0.0371866068	0.0367909207	0.0363912975	0.0359881069	0.0355817007	0.0351724064	0.0347605407	0.0343464331	0.0339304187	0.0335128147	0.0330939241	0.0326740424	0.0322534441	0.0318324143	0.0314112199	0.0309901244	0.0305693808	0.0301492320	0.0297299139	0.0293116617	0.0288946797	0.0284791744	0.0280653466	0.0276533897	0.0272434790	0.0268357898	0.0264304870	0.0260277308	0.0256276733	0.0252304609	0.0248362287	0.0244451004	0.0240571961	0.0236726315	0.0232915118	0.0229139425	0.0225400126	0.0221698112	0.0218034167	0.0214409101	0.0210823604	0.0207278291	0.0203773724	0.0200310410	0.0196888867	0.0193509499	0.0190172713	0.0186878808	0.0183628101	0.0180420819	0.0177257182	0.0174137335	0.0171061409	0.0168029498	0.0165041663	0.0162097942	0.0159198308	0.0156342740	0.0153531158	0.0150763445	0.0148039492	0.0145359154	0.0142722256	0.0140128634	0.0137578248	0.0135071156	0.0132607045	0.0130183875	0.0127796228	0.0125437632	0.0123116794	0.0120894978	0.0118912474	0.0117276982	0.0115846435	0.0114482735	0.0113136518	0.0111804688	0.0110493982	0.0109208322	0.0107948415	0.0106713746	0.0105503351	0.0104314580	0.0103140973
0.0131518450	0.0131601016	0.0131686835	0.0131778444	0.0131876990	0.0131983161	0.0132096766	0.0132213858	0.0132322665	0.0132408210	0.0132488464	0.0132700011	0.0133363836	0.0134748362	0.0136587268	0.0138570952	0.0140570286	0.0142568926	0.0144581195	0.0146618221	0.0148683756	0.0150777944	0.0152900245	0.0155050401	0.0157228390	0.0159434277	0.0161668147	0.0163930055	0.0166220018	0.0168538060	0.0170884187	0.0173258350	0.0175660492	0.0178090553	0.0180548465	0.0183034131	0.0185547442	0.0188088258	0.0190656428	0.0193251747	0.0195874030	0.0198522998	0.0201198425	0.0203899979	0.0206627376	0.0209380300	0.0212158355	0.0214961193	0.0217788290	0.0220639237	0.0223513547	0.0226410674	0.0229330107	0.0232271114	0.0235233104	0.0238215467	0.0241217413	0.0244238270	0.0247277187	0.0250333300	0.0253405820	0.0256493672	0.0259595932	0.0262711677	0.0265839707	0.0268978996	0.0272128384	0.0275286564	0.0278452331	0.0281624409	0.0284801375	0.0287981918	0.0291164399	0.0294347344	0.0297529277	0.0300708465	0.0303883178	0.0307051822	0.0310212481	0.0313363378	0.0316502685	0.0319628340	0.0322738400	0.0325830817	0.0328903399	0.0331953970	0.0334980307	0.0337980030	0.0340950862	0.0343890353	0.0346796015	0.0349665518	0.0352496327	0.0355285803	0.0358031399	0.0360730351	0.0363379728	0.0365976908	0.0368519310	0.0371004207	0.0373428796	0.0375790108	0.0378085089	0.0380310899	0.0382464729	0.0384543705	0.0386544941	0.0388465618	0.0390302785	0.0392053443	0.0393714925	0.0395284309	0.0396758691	0.0398135824	0.0399413091	0.0400587608	0.0401657335	0.0402619918	0.0403473096	0.0404216035	0.0404847518	0.0405365521	0.0405769118	0.0406057581	0.0406230309	0.0406289670	0.0406240428	0.0406088915	0.0405846177	0.0405527211	0.0405144200	0.0404702822	0.0404204124	0.0403646917	0.0403029337	0.0402349725	0.0401606914	0.0400800285	0.0399929670	0.0398995456	0.0397998676	0.0396941072	0.0395825050	0.0394653146	0.0393427117	0.0392146896	0.0390809478	0.0389408894	0.0387936526	0.0386380743	0.0384729491	0.0382975991	0.0381119281	0.0379161173	0.0377104310	0.0374950626	0.0372701729	0.0370359994	0.0367927651	0.0365407564	0.0362802957	0.0360116864	0.0357352779	0.0354513982	0.0351603777	0.0348625771	0.0345583331	0.0342480019	0.0339319294	0.0336104422	0.0332838893	0.0329526092	0.0326169359	0.0322771912	0.0319336854	0.0315867415	0.0312366839	0.0308838277	0.0305284550	0.0301708427	0.0298112741	0.0294500445	0.0290874300	0.0287236934	0.0283590924	0.0279938694	0.0276282717	0.0272625313	0.0268968755	0.0265315240	0.0261666921	0.0258025856	0.0254394004	0.0250773246	0.0247165337	0.0243572007	0.0239994949	0.0236435676	0.0232895739	0.0229376526	0.0225879449	0.0222405850	0.0218956959	0.0215534011	0.0212138049	0.0208770079	0.0205431148	0.0202122156	0.0198844026	0.0195597525	0.0192383427	0.0189202418	0.0186055184	0.0182942339	0.0179864403	0.0176821874	0.0173815190	0.0170844799	0.0167911051	0.0165014297	0.0162154800	0.0159332835	0.0156548588	0.0153802262	0.0151093971	0.0148423837	0.0145791930	0.0143198311	0.0140643008	0.0138126002	0.0135647270	0.0133206737	0.0130804311	0.0128439887	0.0126113345	0.0123824526	0.0121573290	0.0119359591	0.0117183476	0.0115044705	0.0112941595	0.0110869580	0.0108822984	0.0106808383	0.0104876282	0.0103145484	0.0101712313	0.0100462980	0.0099277458	0.0098109295	0.0096953813	0.0095816403	0.0094700563	0.0093607049	0.0092535477	0.0091485014	0.0090453343	0.0089434850
0.0111299944	0.0111369888	0.0111442598	0.0111520218	0.0111603740	0.0111693708	0.0111789811	0.0111888370	0.0111979241	0.0112051024	0.0112123838	0.0112321375	0.0112913401	0.0114102903	0.0115664317	0.0117343779	0.0119036305	0.0120728977	0.0122433653	0.0124159437	0.0125909372	0.0127683563	0.0129481570	0.0131303175	0.0133148379	0.0135017236	0.0136909812	0.0138826150	0.0140766279	0.0142730210	0.0144717943	0.0146729445	0.0148764674	0.0150823564	0.0152906066	0.0155012105	0.0157141585	0.0159294378	0.0161470365	0.0163669372	0.0165891248	0.0168135750	0.0170402694	0.0172691798	0.0175002811	0.0177335476	0.0179689458	0.0182064459	0.0184460043	0.0186875856	0.0189311484	0.0191766472	0.0194240388	0.0196732610	0.0199242643	0.0201769959	0.0204313906	0.0206873916	0.0209449241	0.0212039173	0.0214643041	0.0217259929	0.0219889074	0.0222529672	0.0225180721	0.0227841355	0.0230510570	0.0233187277	0.0235870469	0.0238558996	0.0241251748	0.0243947572	0.0246645094	0.0249343035	0.0252040172	0.0254734999	0.0257426136	0.0260112141	0.0262791409	0.0265462455	0.0268123730	0.0270773444	0.0273409997	0.0276031571	0.0278636346	0.0281222540	0.0283788174	0.0286331213	0.0288849790	0.0291341788	0.0293805079	0.0296237681	0.0298637438	0.0301002177	0.0303329608	0.0305617422	0.0307863198	0.0310064655	0.0312219585	0.0314325717	0.0316380684	0.0318381921	0.0320326801	0.0322212902	0.0324037899	0.0325799316	0.0327494679	0.0329121523	0.0330677303	0.0332159529	0.0333565827	0.0334893629	0.0336140592	0.0337304739	0.0338383586	0.0339374831	0.0340276684	0.0341086870	0.0341803691	0.0342426436	0.0342953530	0.0343383222	0.0343714799	0.0343947102	0.0344079930	0.0344116158	0.0344059991	0.0343918540	0.0343704814	0.0343432796	0.0343110691	0.0342740853	0.0342322754	0.0341854611	0.0341334638	0.0340761592	0.0340134468	0.0339452456	0.0338715166	0.0337922889	0.0337076643	0.0336178017	0.0335229047	0.0334232310	0.0333190193	0.0332103831	0.0330971939	0.0329790078	0.0328551196	0.0327245663	0.0325861802	0.0324391113	0.0322831238	0.0321183423	0.0319450222	0.0317633849	0.0315735797	0.0313758185	0.0311703062	0.0309572771	0.0307370130	0.0305097860	0.0302758932	0.0300356250	0.0297892580	0.0295371094	0.0292794679	0.0290166378	0.0287489143	0.0284765766	0.0281999246	0.0279192475	0.0276348292	0.0273469495	0.0270558664	0.0267618604	0.0264652032	0.0261661652	0.0258649904	0.0255619134	0.0252571751	0.0249510207	0.0246436904	0.0243354099	0.0240263921	0.0237168481	0.0234069839	0.0230970004	0.0227870861	0.0224774317	0.0221682194	0.0218596267	0.0215518087	0.0212449336	0.0209391506	0.0206346047	0.0203314370	0.0200297823	0.0197297650	0.0194315080	0.0191351269	0.0188407394	0.0185484501	0.0182583560	0.0179705552	0.0176851292	0.0174021646	0.0171217396	0.0168439328	0.0165688090	0.0162964333	0.0160268637	0.0157601580	0.0154963689	0.0152355399	0.0149777138	0.0147229275	0.0144712186	0.0142226170	0.0139771522	0.0137348468	0.0134957236	0.0132597985	0.0130270884	0.0127976034	0.0125713537	0.0123483445	0.0121285816	0.0119120664	0.0116987984	0.0114887747	0.0112819896	0.0110784348	0.0108781017	0.0106809797	0.0104870549	0.0102963160	0.0101087582	0.0099243855	0.0097431776	0.0095649970	0.0093894693	0.0092161226	0.0090454748	0.0088816348	0.0087343625	0.0086118427	0.0085053207	0.0084046960	0.0083057419	0.0082078867	0.0081115411	0.0080170088	0.0079243644	0.0078335814	0.0077445898	0.0076571926	0.0075709131
0.0091073984	0.0091131277	0.0091190833	0.0091254416	0.0091322848	0.0091396548	0.0091475174	0.0091555482	0.0091629043	0.0091687357	0.0091750125	0.0091923988	0.0092428706	0.0093414578	0.0094696246	0.0096071214	0.0097456591	0.0098842542	0.0100238640	0.0101652127	0.0103085400	0.0104538531	0.0106011166	0.0107503127	0.0109014432	0.0110545129	0.0112095251	0.0113664841	0.0115253938	0.0116862534	0.0118490632	0.0120138212	0.0121805242	0.0123491661	0.0125197422	0.0126922473	0.0128666736	0.0130430109	0.0132212493	0.0134013742	0.0135833732	0.0137672273	0.0139529206	0.0141404304	0.0143297366	0.0145208164	0.0147136443	0.0149081948	0.0151044332	0.0153023303	0.0155018513	0.0157029594	0.0159056192	0.0161097808	0.0163154031	0.0165224420	0.0167308454	0.0169405666	0.0171515433	0.0173637182	0.0175770365	0.0177914237	0.0180068174	0.0182231497	0.0184403405	0.0186583198	0.0188770022	0.0190962989	0.0193161359	0.0195364035	0.0197570203	0.0199778963	0.0201989125	0.0204199679	0.0206409609	0.0208617591	0.0210822619	0.0213023487	0.0215218872	0.0217407529	0.0219588206	0.0221759426	0.0223919925	0.0226068180	0.0228202644	0.0230321954	0.0232424435	0.0234508371	0.0236572286	0.0238614444	0.0240633101	0.0242626621	0.0244593189	0.0246531063	0.0248438369	0.0250313080	0.0252153325	0.0253957257	0.0255723005	0.0257448720	0.0259132416	0.0260771969	0.0262365311	0.0263910374	0.0265405215	0.0266847855	0.0268236234	0.0269568360	0.0270842099	0.0272055361	0.0273206176	0.0274292398	0.0275312174	0.0276263793	0.0277145072	0.0277954252	0.0278689735	0.0279349500	0.0279932365	0.0280437598	0.0280863567	0.0281208940	0.0281472944	0.0281654353	0.0281753509	0.0281773052	0.0281716798	0.0281592974	0.0281414721	0.0281192824	0.0280931762	0.0280632133	0.0280292739	0.0279911883	0.0279488535	0.0279021923	0.0278510772	0.0277953632	0.0277349770	0.0276699662	0.0276004697	0.0275266531	0.0274486788	0.0273667446	0.0272810863	0.0271918748	0.0270991063	0.0270025017	0.0269015028	0.0267953383	0.0266830102	0.0265636244	0.0264368359	0.0263026969	0.0261614258	0.0260132483	0.0258583099	0.0256967863	0.0255288647	0.0253547274	0.0251746091	0.0249887467	0.0247973836	0.0246007653	0.0243991191	0.0241927072	0.0239817731	0.0237665634	0.0235473259	0.0233242912	0.0230977086	0.0228678175	0.0226348495	0.0223990327	0.0221605861	0.0219197344	0.0216767081	0.0214317233	0.0211849834	0.0209366855	0.0206870239	0.0204361956	0.0201843990	0.0199318264	0.0196786507	0.0194250423	0.0191711689	0.0189171983	0.0186632807	0.0184095806	0.0181562432	0.0179034113	0.0176512160	0.0173997918	0.0171492638	0.0168997520	0.0166513701	0.0164042291	0.0161584291	0.0159140727	0.0156712545	0.0154300708	0.0151906134	0.0149529497	0.0147171658	0.0144833305	0.0142515127	0.0140217767	0.0137941877	0.0135687989	0.0133456624	0.0131248260	0.0129063370	0.0126902386	0.0124765670	0.0122653570	0.0120566387	0.0118504427	0.0116467935	0.0114457154	0.0112472271	0.0110513463	0.0108580872	0.0106674628	0.0104794815	0.0102941519	0.0101114782	0.0099314643	0.0097541120	0.0095794209	0.0094073883	0.0092380097	0.0090712781	0.0089071869	0.0087457264	0.0085868857	0.0084306557	0.0082770319	0.0081260172	0.0079775949	0.0078316560	0.0076879025	0.0075459557	0.0074062173	0.0072719401	0.0071508977	0.0070497853	0.0069620626	0.0068795142	0.0067984760	0.0067183558	0.0066394576	0.0065620344	0.0064861543	0.0064118010	0.0063389169	0.0062673401	0.0061966800
0.0070842037	0.0070886640	0.0070932997	0.0070982500	0.0071035775	0.0071093162	0.0071154319	0.0071216586	0.0071273326	0.0071318412	0.0071369118	0.0071511703	0.0071916687	0.0072691588	0.0073691310	0.0074761397	0.0075839304	0.0076917914	0.0078004623	0.0079104936	0.0080220660	0.0081351837	0.0082498189	0.0083659601	0.0084836066	0.0086027643	0.0087234350	0.0088456209	0.0089693264	0.0090945505	0.0092212933	0.0093495541	0.0094793289	0.0096106149	0.0097434065	0.0098777005	0.0100134905	0.0101507695	0.0102895292	0.0104297586	0.0105714472	0.0107145811	0.0108591477	0.0110051288	0.0111525103	0.0113012723	0.0114513958	0.0116028617	0.0117556429	0.0119097166	0.0120650544	0.0122216283	0.0123794114	0.0125383646	0.0126984562	0.0128596513	0.0130219094	0.0131851946	0.0133494577	0.0135146547	0.0136807427	0.0138476641	0.0140153694	0.0141838064	0.0143529128	0.0145226350	0.0146929036	0.0148636513	0.0150348214	0.0152063282	0.0153781054	0.0155500857	0.0157221790	0.0158943054	0.0160663817	0.0162383092	0.0164100028	0.0165813765	0.0167523230	0.0169227499	0.0170925539	0.0172616254	0.0174298606	0.0175971452	0.0177633601	0.0179283920	0.0180921155	0.0182543989	0.0184151214	0.0185741479	0.0187313486	0.0188865954	0.0190397432	0.0191906534	0.0193391858	0.0194851768	0.0196284814	0.0197689621	0.0199064667	0.0200408509	0.0201719555	0.0202996164	0.0204236745	0.0205439696	0.0206603466	0.0207726463	0.0208807131	0.0209843930	0.0210835104	0.0211779058	0.0212674250	0.0213518941	0.0214311772	0.0215051310	0.0215735807	0.0216363969	0.0216934422	0.0217445534	0.0217896554	0.0218286720	0.0218614546	0.0218879124	0.0219079626	0.0219215005	0.0219285995	0.0219294646	0.0219244463	0.0219144010	0.0219004593	0.0218833248	0.0218632040	0.0218400845	0.0218138391	0.0217843695	0.0217516589	0.0217156254	0.0216760834	0.0216328473	0.0215858203	0.0215350594	0.0214807432	0.0214230699	0.0213621916	0.0212982220	0.0212313313	0.0211616933	0.0210893683	0.0210142159	0.0209358245	0.0208535988	0.0207667646	0.0206745179	0.0205764644	0.0204725926	0.0203630715	0.0202481085	0.0201278391	0.0200023996	0.0198719414	0.0197366032	0.0195965804	0.0194520595	0.0193032270	0.0191502791	0.0189934005	0.0188327896	0.0186686451	0.0185011568	0.0183305208	0.0181569190	0.0179805440	0.0178015868	0.0176202288	0.0174366446	0.0172510081	0.0170634948	0.0168742846	0.0166835459	0.0164914395	0.0162981159	0.0161037279	0.0159084301	0.0157123765	0.0155157171	0.0153185886	0.0151211218	0.0149234497	0.0147256963	0.0145279889	0.0143304508	0.0141331924	0.0139363246	0.0137399594	0.0135441909	0.0133491223	0.0131548454	0.0129614506	0.0127690177	0.0125776337	0.0123873732	0.0121983111	0.0120105240	0.0118240789	0.0116390345	0.0114554525	0.0112733881	0.0110928961	0.0109140263	0.0107368287	0.0105613454	0.0103876170	0.0102156800	0.0100455713	0.0098773249	0.0097109688	0.0095465303	0.0093840327	0.0092234997	0.0090649504	0.0089084038	0.0087538742	0.0086013755	0.0084509190	0.0083025145	0.0081561684	0.0080118878	0.0078696752	0.0077295343	0.0075914664	0.0074554707	0.0073215457	0.0071896872	0.0070598899	0.0069321491	0.0068064568	0.0066828048	0.0065611855	0.0064415954	0.0063240367	0.0062084959	0.0060948914	0.0059829959	0.0058725184	0.0057637554	0.0056591674	0.0055646753	0.0054854987	0.0054169242	0.0053525864	0.0052895092	0.0052271573	0.0051657478	0.0051054800	0.0050464121	0.0049885339	0.0049318006	0.0048760860	0.0048210850
0.0050605468	0.0050637345	0.0050670481	0.0050705864	0.0050743948	0.0050784972	0.0050828656	0.0050873033	0.0050913311	0.0050945369	0.0050982565	0.0051088274	0.0051384135	0.0051942062	0.0052657782	0.0053422533	0.0054192691	0.0054963479	0.0055740164	0.0056526613	0.0057324080	0.0058132590	0.0058951951	0.0059782075	0.0060622959	0.0061474645	0.0062337159	0.0063210511	0.0064094719	0.0064989784	0.0065895717	0.0066812501	0.0067740111	0.0068678524	0.0069627708	0.0070587638	0.0071558261	0.0072539535	0.0073531392	0.0074533761	0.0075546572	0.0076569710	0.0077603102	0.0078646606	0.0079700124	0.0080763517	0.0081836645	0.0082919381	0.0084011518	0.0085112905	0.0086223328	0.0087342591	0.0088470504	0.0089606787	0.0090751213	0.0091903528	0.0093063448	0.0094230714	0.0095404974	0.0096585916	0.0097773234	0.0098966511	0.0100165393	0.0101369512	0.0102578424	0.0103791739	0.0105008961	0.0106229613	0.0107453262	0.0108679379	0.0109907418	0.0111136872	0.0112367146	0.0113597667	0.0114827811	0.0116056933	0.0117284397	0.0118509526	0.0119731580	0.0120949985	0.0122163901	0.0123372598	0.0124575342	0.0125771254	0.0126959549	0.0128139388	0.0129309837	0.0130470028	0.0131619066	0.0132755945	0.0133879805	0.0134989690	0.0136084553	0.0137163448	0.0138225292	0.0139269020	0.0140293532	0.0141297850	0.0142280879	0.0143241567	0.0144178814	0.0145091431	0.0145978224	0.0146838104	0.0147669980	0.0148472646	0.0149245032	0.0149985990	0.0150694224	0.0151368664	0.0152008154	0.0152611442	0.0153177560	0.0153705464	0.0154193897	0.0154641925	0.0155048486	0.0155412438	0.0155733313	0.0156010432	0.0156242633	0.0156429347	0.0156569891	0.0156663446	0.0156710758	0.0156713321	0.0156674135	0.0156600660	0.0156501165	0.0156379647	0.0156236976	0.0156072758	0.0155886033	0.0155676704	0.0155444978	0.0155189711	0.0154908944	0.0154600926	0.0154264607	0.0153900456	0.0153510320	0.0153096306	0.0152659859	0.0152201582	0.0151722340	0.0151223436	0.0150705656	0.0150168426	0.0149609035	0.0149023262	0.0148405699	0.0147750143	0.0147052893	0.0146313564	0.0145533278	0.0144713719	0.0143856010	0.0142961070	0.0142030026	0.0141063899	0.0140064128	0.0139032067	0.0137969033	0.0136876430	0.0135755627	0.0134608044	0.0133435151	0.0132238285	0.0131018847	0.0129778142	0.0128517561	0.0127238471	0.0125942187	0.0124629987	0.0123303059	0.0121962697	0.0120610182	0.0119246729	0.0117873478	0.0116491497	0.0115101871	0.0113705768	0.0112304277	0.0110898409	0.0109489159	0.0108077498	0.0106664389	0.0105250663	0.0103837319	0.0102425142	0.0101014954	0.0099607562	0.0098203776	0.0096804232	0.0095409737	0.0094020887	0.0092638344	0.0091262691	0.0089894516	0.0088534416	0.0087182856	0.0085840435	0.0084507563	0.0083184743	0.0081872389	0.0080570890	0.0079280631	0.0078001979	0.0076735281	0.0075480841	0.0074238956	0.0073009883	0.0071793879	0.0070591195	0.0069402028	0.0068226575	0.0067065001	0.0065917475	0.0064784137	0.0063665118	0.0062560519	0.0061470449	0.0060394976	0.0059334178	0.0058288098	0.0057256785	0.0056240260	0.0055238549	0.0054251657	0.0053279580	0.0052322313	0.0051379815	0.0050452057	0.0049539000	0.0048640593	0.0047756771	0.0046887478	0.0046032693	0.0045192430	0.0044366594	0.0043554609	0.0042754883	0.0041965348	0.0041188019	0.0040440086	0.0039763219	0.0039194862	0.0038703246	0.0038242992	0.0037792185	0.0037346613	0.0036907726	0.0036476968	0.0036054784	0.0035641106	0.0035235616	0.0034837416	0.0034444315
0.0030365598	0.0030384730	0.0030404623	0.0030425863	0.0030448732	0.0030473356	0.0030499568	0.0030526153	0.0030550222	0.0030569397	0.0030592101	0.0030657059	0.0030837205	0.0031173751	0.0031603860	0.0032062889	0.0032525085	0.0032987709	0.0033453916	0.0033926003	0.0034404699	0.0034890028	0.0035381876	0.0035880177	0.0036384948	0.0036896190	0.0037413943	0.0037938211	0.0038468986	0.0039006286	0.0039550113	0.0040100448	0.0040657290	0.0041220616	0.0041790413	0.0042366662	0.0042949336	0.0043538400	0.0044133818	0.0044735552	0.0045343554	0.0045957765	0.0046578129	0.0047204565	0.0047837014	0.0048475398	0.0049119626	0.0049769625	0.0050425267	0.0051086466	0.0051753097	0.0052425035	0.0053102165	0.0053784328	0.0054471381	0.0055163163	0.0055859519	0.0056560288	0.0057265260	0.0057974239	0.0058687050	0.0059403443	0.0060123207	0.0060846111	0.0061571896	0.0062300322	0.0063031102	0.0063763946	0.0064498570	0.0065234722	0.0065971998	0.0066710138	0.0067448735	0.0068187498	0.0068926025	0.0069663926	0.0070400903	0.0071136397	0.0071870074	0.0072601566	0.0073330361	0.0074055996	0.0074778095	0.0075496095	0.0076209480	0.0076917812	0.0077620494	0.0078317020	0.0079006857	0.0079689420	0.0080364133	0.0081030451	0.0081687736	0.0082335430	0.0082972908	0.0083599504	0.0084214547	0.0084817456	0.0085407594	0.0085984297	0.0086546937	0.0087094792	0.0087627107	0.0088143288	0.0088642620	0.0089124416	0.0089588020	0.0090032716	0.0090457763	0.0090862492	0.0091246203	0.0091608157	0.0091947745	0.0092264360	0.0092557242	0.0092825786	0.0093069367	0.0093287301	0.0093479309	0.0093644942	0.0093783471	0.0093894564	0.0093977787	0.0094032656	0.0094059646	0.0094059694	0.0094034900	0.0093990305	0.0093930787	0.0093858236	0.0093773023	0.0093674831	0.0093563113	0.0093438170	0.0093300189	0.0093148115	0.0092980597	0.0092796333	0.0092594317	0.0092374905	0.0092139625	0.0091890100	0.0091627399	0.0091351851	0.0091063736	0.0090763753	0.0090452534	0.0090129931	0.0089794422	0.0089443475	0.0089073941	0.0088681970	0.0088264884	0.0087822353	0.0087355032	0.0086863951	0.0086349887	0.0085813338	0.0085255036	0.0084675591	0.0084075878	0.0083456738	0.0082818930	0.0082163339	0.0081490744	0.0080802048	0.0080098131	0.0079379795	0.0078647887	0.0077903180	0.0077146523	0.0076378726	0.0075600591	0.0074812905	0.0074016364	0.0073211717	0.0072399780	0.0071581283	0.0070756871	0.0069927215	0.0069092981	0.0068254861	0.0067413493	0.0066569488	0.0065723419	0.0064875941	0.0064027570	0.0063178861	0.0062330352	0.0061482524	0.0060635908	0.0059790996	0.0058948202	0.0058107992	0.0057270800	0.0056436995	0.0055606980	0.0054781124	0.0053959735	0.0053143209	0.0052331814	0.0051525885	0.0050725696	0.0049931561	0.0049143717	0.0048362369	0.0047587786	0.0046820168	0.0046059731	0.0045306654	0.0044561112	0.0043823269	0.0043093272	0.0042371272	0.0041657392	0.0040951747	0.0040254433	0.0039565557	0.0038885201	0.0038213442	0.0037550341	0.0036895965	0.0036250353	0.0035613554	0.0034985589	0.0034366491	0.0033756275	0.0033154953	0.0032562526	0.0031978993	0.0031404354	0.0030838581	0.0030281662	0.0029733566	0.0029194268	0.0028663724	0.0028141901	0.0027628792	0.0027124395	0.0026628667	0.0026141254	0.0025661218	0.0025187320	0.0024720722	0.0024271581	0.0023864664	0.0023522531	0.0023226849	0.0022950415	0.0022679819	0.0022412385	0.0022148946	0.0021890370	0.0021636945	0.0021388623	0.0021145221	0.0020906196	0.0020670232
0.0010123748	0.0010130131	0.0010136761	0.0010143843	0.0010151469	0.0010159683	0.0010168421	0.0010177276	0.0010185283	0.0010191665	0.0010199297	0.0010221208	0.0010281702	0.0010394199	0.0010537702	0.0010690764	0.0010844868	0.0010999124	0.0011154581	0.0011312004	0.0011471626	0.0011633463	0.0011797476	0.0011963639	0.0012131962	0.0012302442	0.0012475087	0.0012649914	0.0012826905	0.0013006078	0.0013187426	0.0013370943	0.0013556625	0.0013744476	0.0013934489	0.0014126647	0.0014320951	0.0014517385	0.0014715937	0.0014916599	0.0015119347	0.0015324173	0.0015531047	0.0015739944	0.0015950849	0.0016163737	0.0016378570	0.0016595325	0.0016813970	0.0017034461	0.0017256769	0.0017480847	0.0017706654	0.0017934142	0.0018163263	0.0018393960	0.0018626177	0.0018859875	0.0019094972	0.0019331403	0.0019569113	0.0019808018	0.0020048052	0.0020289130	0.0020531170	0.0020774089	0.0021017794	0.0021262210	0.0021507203	0.0021752703	0.0021998562	0.0022244729	0.0022491041	0.0022737408	0.0022983691	0.0023229787	0.0023475550	0.0023720829	0.0023965513	0.0024209450	0.0024452498	0.0024694473	0.0024935275	0.0025174725	0.0025412616	0.0025648850	0.0025883164	0.0026115452	0.0026345507	0.0026573143	0.0026798137	0.0027020341	0.0027239550	0.0027455510	0.0027668114	0.0027877050	0.0028082150	0.0028283206	0.0028479997	0.0028672305	0.0028859915	0.0029042604	0.0029220103	0.0029392235	0.0029558731	0.0029719378	0.0029873955	0.0030022223	0.0030163945	0.0030298881	0.0030426809	0.0030547451	0.0030660642	0.0030766180	0.0030863792	0.0030953258	0.0031034403	0.0031106983	0.0031170912	0.0031226046	0.0031272098	0.0031308977	0.0031336523	0.0031354586	0.0031363352	0.0031363117	0.0031354652	0.0031339729	0.0031319942	0.0031295815	0.0031267446	0.0031234757	0.0031197588	0.0031156079	0.0031110279	0.0031059785	0.0031004147	0.0030942858	0.0030875451	0.0030802085	0.0030723393	0.0030639982	0.0030552255	0.0030460310	0.0030364168	0.0030264034	0.0030160157	0.0030052574	0.0029940750	0.0029823815	0.0029700781	0.0029570342	0.0029431498	0.0029284129	0.0029128497	0.0028964891	0.0028793601	0.0028614813	0.0028428745	0.0028235599	0.0028035699	0.0027829307	0.0027616666	0.0027398100	0.0027173881	0.0026944251	0.0026709532	0.0026470011	0.0026225969	0.0025977667	0.0025725355	0.0025469325	0.0025209846	0.0024947178	0.0024681567	0.0024413260	0.0024142486	0.0023869531	0.0023594617	0.0023317927	0.0023039764	0.0022760264	0.0022479661	0.0022198207	0.0021916053	0.0021633450	0.0021350527	0.0021067503	0.0020784523	0.0020501802	0.0020219466	0.0019937703	0.0019656662	0.0019376483	0.0019097285	0.0018819205	0.0018542413	0.0018267005	0.0017993091	0.0017720775	0.0017450198	0.0017181434	0.0016914591	0.0016649776	0.0016387059	0.0016126491	0.0015868187	0.0015612204	0.0015358618	0.0015107487	0.0014858866	0.0014612817	0.0014369381	0.0014128613	0.0013890555	0.0013655243	0.0013422708	0.0013192992	0.0012966113	0.0012742101	0.0012520979	0.0012302765	0.0012087476	0.0011875124	0.0011665719	0.0011459270	0.0011255784	0.0011055262	0.0010857712	0.0010663124	0.0010471502	0.0010282840	0.0010097127	0.0009914359	0.0009734523	0.0009557605	0.0009383598	0.0009212497	0.0009044295	0.0008878989	0.0008716457	0.0008556386	0.0008398365	0.0008242771	0.0008092965	0.0007957166	0.0007842913	0.0007744213	0.0007652001	0.0007561764	0.0007472581	0.0007384733	0.0007298502	0.0007213990	0.0007131178	0.0007050009	0.0006970298	0.0006891608
-0.0010118755	-0.0010125133	-0.0010131763	-0.0010138849	-0.0010146469	-0.0010154677	-0.0010163413	-0.0010172267	-0.0010180273	-0.0010186654	-0.0010194285	-0.0010216187	-0.0010276654	-0.0010389098	-0.0010532534	-0.0010685522	-0.0010839553	-0.0010993734	-0.0011149116	-0.0011306459	-0.0011466014	-0.0011627768	-0.0011791694	-0.0011957780	-0.0012126017	-0.0012296412	-0.0012468980	-0.0012643717	-0.0012820624	-0.0012999707	-0.0013180961	-0.0013364388	-0.0013549985	-0.0013737744	-0.0013927659	-0.0014119722	-0.0014313931	-0.0014510264	-0.0014708723	-0.0014909286	-0.0015111935	-0.0015316655	-0.0015523426	-0.0015732222	-0.0015943027	-0.0016155805	-0.0016370534	-0.0016587187	-0.0016805718	-0.0017026103	-0.0017248298	-0.0017472264	-0.0017697961	-0.0017925337	-0.0018154344	-0.0018384923	-0.0018617034	-0.0018850612	-0.0019085595	-0.0019321911	-0.0019559504	-0.0019798289	-0.0020038205	-0.0020279167	-0.0020521081	-0.0020763885	-0.0021007472	-0.0021251741	-0.0021496610	-0.0021741973	-0.0021987713	-0.0022233772	-0.0022479975	-0.0022726235	-0.0022972412	-0.0023218350	-0.0023464013	-0.0023709148	-0.0023953707	-0.0024197517	-0.0024440452	-0.0024682327	-0.0024923029	-0.0025162356	-0.0025400137	-0.0025636225	-0.0025870466	-0.0026102612	-0.0026332536	-0.0026560055	-0.0026784965	-0.0027007065	-0.0027226125	-0.0027442012	-0.0027654485	-0.0027863336	-0.0028068328	-0.0028269269	-0.0028465972	-0.0028658191	-0.0028845714	-0.0029028316	-0.0029205729	-0.0029377755	-0.0029544172	-0.0029704748	-0.0029859241	-0.0030007443	-0.0030149096	-0.0030283949	-0.0030411795	-0.0030532411	-0.0030645562	-0.0030751037	-0.0030848584	-0.0030938022	-0.0031019131	-0.0031091684	-0.0031155577	-0.0031210649	-0.0031256689	-0.0031293550	-0.0031321083	-0.0031339161	-0.0031347927	-0.0031347678	-0.0031339197	-0.0031324275	-0.0031304488	-0.0031280361	-0.0031252024	-0.0031219366	-0.0031182197	-0.0031140703	-0.0031094934	-0.0031044470	-0.0030988876	-0.0030927618	-0.0030860240	-0.0030786932	-0.0030708300	-0.0030624920	-0.0030537193	-0.0030445259	-0.0030349160	-0.0030249107	-0.0030145322	-0.0030037757	-0.0029925966	-0.0029809119	-0.0029686131	-0.0029555728	-0.0029416977	-0.0029269699	-0.0029114120	-0.0028950593	-0.0028779388	-0.0028600667	-0.0028414688	-0.0028221644	-0.0028021821	-0.0027815523	-0.0027603006	-0.0027384555	-0.0027160395	-0.0026930901	-0.0026696311	-0.0026456936	-0.0026213010	-0.0025964789	-0.0025712602	-0.0025456714	-0.0025197378	-0.0024934842	-0.0024669344	-0.0024401158	-0.0024130540	-0.0023857743	-0.0023582947	-0.0023306414	-0.0023028341	-0.0022748975	-0.0022468544	-0.0022187232	-0.0021905230	-0.0021622759	-0.0021339968	-0.0021057089	-0.0020774264	-0.0020491641	-0.0020209460	-0.0019927838	-0.0019646905	-0.0019366859	-0.0019087820	-0.0018809911	-0.0018533257	-0.0018257954	-0.0017984181	-0.0017712047	-0.0017441593	-0.0017172956	-0.0016906254	-0.0016641559	-0.0016378963	-0.0016118520	-0.0015860343	-0.0015604488	-0.0015351028	-0.0015100018	-0.0014851522	-0.0014605592	-0.0014362279	-0.0014121634	-0.0013883692	-0.0013648496	-0.0013416079	-0.0013186471	-0.0012959705	-0.0012735805	-0.0012514792	-0.0012296685	-0.0012081501	-0.0011869254	-0.0011659953	-0.0011453610	-0.0011250222	-0.0011049803	-0.0010852348	-0.0010657857	-0.0010466331	-0.0010277758	-0.0010092138	-0.0009909459	-0.0009729715	-0.0009552889	-0.0009378969	-0.0009207953	-0.0009039841	-0.0008874620	-0.0008712173	-0.0008552188	-0.0008394253	-0.0008238749	-0.0008089033	-0.0007953321	-0.0007839148	-0.0007740521	-0.0007648378	-0.0007558208	-0.0007469097	-0.0007381310	-0.0007295142	-0.0007210691	-0.0007127940	-0.0007046832	-0.0006967181	-0.0006888550
-0.0030360595	-0.0030379732	-0.0030399620	-0.0030420860	-0.0030443718	-0.0030468347	-0.0030494558	-0.0030521141	-0.0030545207	-0.0030564383	-0.0030587085	-0.0030652035	-0.0030832154	-0.0031168648	-0.0031598689	-0.0032057644	-0.0032519766	-0.0032982316	-0.0033448448	-0.0033920458	-0.0034399079	-0.0034884328	-0.0035376090	-0.0035874313	-0.0036378999	-0.0036890168	-0.0037407829	-0.0037932009	-0.0038462697	-0.0038999910	-0.0039543647	-0.0040093896	-0.0040650643	-0.0041213876	-0.0041783582	-0.0042359733	-0.0042942309	-0.0043531274	-0.0044126596	-0.0044728234	-0.0045336137	-0.0045950246	-0.0046570505	-0.0047196839	-0.0047829188	-0.0048467469	-0.0049111588	-0.0049761477	-0.0050417016	-0.0051078102	-0.0051744618	-0.0052416445	-0.0053093465	-0.0053775512	-0.0054462456	-0.0055154125	-0.0055850364	-0.0056551022	-0.0057255876	-0.0057964739	-0.0058677433	-0.0059393705	-0.0060113352	-0.0060836138	-0.0061561801	-0.0062290109	-0.0063020766	-0.0063753501	-0.0064488016	-0.0065224002	-0.0065961149	-0.0066699180	-0.0067437669	-0.0068176325	-0.0068914746	-0.0069652542	-0.0070389337	-0.0071124720	-0.0071858305	-0.0072589645	-0.0073318340	-0.0074043861	-0.0074765826	-0.0075483690	-0.0076196941	-0.0076905188	-0.0077607762	-0.0078304157	-0.0078993886	-0.0079676331	-0.0080350938	-0.0081017140	-0.0081674320	-0.0082321902	-0.0082959275	-0.0083585737	-0.0084200687	-0.0084803519	-0.0085393568	-0.0085970183	-0.0086532736	-0.0087080504	-0.0087612732	-0.0088128807	-0.0088628061	-0.0089109805	-0.0089573319	-0.0090017937	-0.0090442933	-0.0090847593	-0.0091231241	-0.0091593127	-0.0091932652	-0.0092249236	-0.0092542066	-0.0092810547	-0.0093054097	-0.0093271998	-0.0093463959	-0.0093629545	-0.0093768061	-0.0093879153	-0.0093962344	-0.0094017183	-0.0094044175	-0.0094044207	-0.0094019414	-0.0093974850	-0.0093915379	-0.0093842844	-0.0093757616	-0.0093659439	-0.0093547751	-0.0093422840	-0.0093284875	-0.0093132815	-0.0092965326	-0.0092781092	-0.0092579105	-0.0092359752	-0.0092124519	-0.0091875008	-0.0091612347	-0.0091336858	-0.0091048786	-0.0090748846	-0.0090437671	-0.0090115135	-0.0089779701	-0.0089428808	-0.0089059320	-0.0088667397	-0.0088250397	-0.0087807935	-0.0087340694	-0.0086849675	-0.0086335667	-0.0085799232	-0.0085241024	-0.0084661674	-0.0084062045	-0.0083442981	-0.0082805267	-0.0082149779	-0.0081477313	-0.0080788745	-0.0080084928	-0.0079366711	-0.0078634919	-0.0077890329	-0.0077133788	-0.0076366115	-0.0075588114	-0.0074800542	-0.0074004140	-0.0073199670	-0.0072387864	-0.0071569486	-0.0070745204	-0.0069915682	-0.0069081612	-0.0068243594	-0.0067402323	-0.0066558468	-0.0065712569	-0.0064865231	-0.0064017011	-0.0063168426	-0.0062320035	-0.0061472363	-0.0060625888	-0.0059781099	-0.0058938478	-0.0058098420	-0.0057261368	-0.0056427683	-0.0055597825	-0.0054772079	-0.0053950827	-0.0053134417	-0.0052323177	-0.0051517362	-0.0050717334	-0.0049923325	-0.0049135621	-0.0048354397	-0.0047579942	-0.0046812449	-0.0046052140	-0.0045299189	-0.0044553771	-0.0043816051	-0.0043086175	-0.0042364297	-0.0041650534	-0.0040945006	-0.0040247808	-0.0039559048	-0.0038878803	-0.0038207153	-0.0037544168	-0.0036889898	-0.0036244395	-0.0035607699	-0.0034979840	-0.0034360846	-0.0033750730	-0.0033149506	-0.0032557181	-0.0031973747	-0.0031399202	-0.0030833525	-0.0030276698	-0.0029728694	-0.0029189484	-0.0028659029	-0.0028137296	-0.0027624276	-0.0027119962	-0.0026624318	-0.0026136995	-0.0025657044	-0.0025183233	-0.0024716724	-0.0024267673	-0.0023860844	-0.0023518790	-0.0023223181	-0.0022946816	-0.0022676287	-0.0022408919	-0.0022145546	-0.0021887035	-0.0021633671	-0.0021385411	-0.0021142070	-0.0020903103	-0.0020667198
-0.0050600460	-0.0050632332	-0.0050665473	-0.0050700846	-0.0050738938	-0.0050779959	-0.0050823642	-0.0050868015	-0.0050908291	-0.0050940349	-0.0050977543	-0.0051083244	-0.0051379080	-0.0051936955	-0.0052652607	-0.0053417285	-0.0054187368	-0.0054958082	-0.0055734691	-0.0056521063	-0.0057318447	-0.0058126882	-0.0058946168	-0.0059776207	-0.0060617013	-0.0061468615	-0.0062331041	-0.0063204304	-0.0064088425	-0.0064983400	-0.0065889250	-0.0066805942	-0.0067733459	-0.0068671776	-0.0069620864	-0.0070580699	-0.0071551229	-0.0072532405	-0.0073524165	-0.0074526435	-0.0075539143	-0.0076562183	-0.0077595469	-0.0078638872	-0.0079692287	-0.0080755576	-0.0081828598	-0.0082911225	-0.0084003253	-0.0085104528	-0.0086214843	-0.0087333996	-0.0088461800	-0.0089597971	-0.0090742282	-0.0091894482	-0.0093054285	-0.0094221437	-0.0095395582	-0.0096576405	-0.0097763605	-0.0098956765	-0.0100155534	-0.0101359529	-0.0102568326	-0.0103781514	-0.0104998616	-0.0106219139	-0.0107442697	-0.0108668686	-0.0109896605	-0.0111125951	-0.0112356090	-0.0113586468	-0.0114816496	-0.0116045512	-0.0117272820	-0.0118497848	-0.0119719810	-0.0120938087	-0.0122151893	-0.0123360464	-0.0124563047	-0.0125758838	-0.0126947011	-0.0128126763	-0.0129297081	-0.0130457152	-0.0131606095	-0.0132742902	-0.0133866634	-0.0134976401	-0.0136071150	-0.0137149918	-0.0138211681	-0.0139255287	-0.0140279705	-0.0141283946	-0.0142266866	-0.0143227454	-0.0144164613	-0.0145077163	-0.0145963882	-0.0146823676	-0.0147655448	-0.0148458055	-0.0149230364	-0.0149971205	-0.0150679380	-0.0151353764	-0.0151993210	-0.0152596426	-0.0153162466	-0.0153690339	-0.0154178738	-0.0154626700	-0.0155033234	-0.0155397167	-0.0155718011	-0.0155995081	-0.0156227255	-0.0156413969	-0.0156554496	-0.0156648035	-0.0156695316	-0.0156697865	-0.0156658695	-0.0156585268	-0.0156485820	-0.0156364287	-0.0156221600	-0.0156057412	-0.0155870732	-0.0155661405	-0.0155429678	-0.0155174441	-0.0154893703	-0.0154585729	-0.0154249455	-0.0153885321	-0.0153495184	-0.0153081210	-0.0152644837	-0.0152186620	-0.0151707420	-0.0151208546	-0.0150690791	-0.0150153629	-0.0149594326	-0.0149008600	-0.0148391097	-0.0147735631	-0.0147038435	-0.0146299175	-0.0145518970	-0.0144699483	-0.0143841847	-0.0142947009	-0.0142016054	-0.0141050039	-0.0140050362	-0.0139018373	-0.0137955407	-0.0136862924	-0.0135742242	-0.0134594778	-0.0133421993	-0.0132225218	-0.0131005879	-0.0129765309	-0.0128504871	-0.0127225878	-0.0125929701	-0.0124617614	-0.0123290845	-0.0121950614	-0.0120598220	-0.0119234896	-0.0117861756	-0.0116479910	-0.0115090466	-0.0113694501	-0.0112293107	-0.0110887380	-0.0109478283	-0.0108066762	-0.0106653811	-0.0105240227	-0.0103826995	-0.0102414949	-0.0101004903	-0.0099597678	-0.0098194033	-0.0096794649	-0.0095400261	-0.0094011535	-0.0092629131	-0.0091253646	-0.0089885604	-0.0088525598	-0.0087174195	-0.0085831881	-0.0084499151	-0.0083176463	-0.0081864269	-0.0080562893	-0.0079272766	-0.0077994239	-0.0076727671	-0.0075473360	-0.0074231596	-0.0073002648	-0.0071786767	-0.0070584200	-0.0069395152	-0.0068219817	-0.0067058359	-0.0065910952	-0.0064777729	-0.0063658821	-0.0062554335	-0.0061464375	-0.0060389010	-0.0059328318	-0.0058282342	-0.0057251133	-0.0056234711	-0.0055233100	-0.0054246308	-0.0053274329	-0.0052317157	-0.0051374757	-0.0050447095	-0.0049534131	-0.0048635811	-0.0047752079	-0.0046882875	-0.0046028181	-0.0045188003	-0.0044362253	-0.0043550357	-0.0042750716	-0.0041961268	-0.0041184029	-0.0040436186	-0.0039759406	-0.0039191127	-0.0038699583	-0.0038239398	-0.0037788658	-0.0037343150	-0.0036904331	-0.0036473636	-0.0036051515	-0.0035637899	-0.0035232470	-0.0034834325	-0.0034441284
-0.0070837029	-0.0070881622	-0.0070927988	-0.0070977482	-0.0071030766	-0.0071088146	-0.0071149299	-0.0071211563	-0.0071268301	-0.0071313386	-0.0071364089	-0.0071506669	-0.0071911628	-0.0072686478	-0.0073686132	-0.0074756145	-0.0075833977	-0.0076912512	-0.0077999145	-0.0079099381	-0.0080215026	-0.0081346124	-0.0082492407	-0.0083653733	-0.0084830120	-0.0086021601	-0.0087228226	-0.0088450002	-0.0089686966	-0.0090939116	-0.0092206462	-0.0093488974	-0.0094786628	-0.0096099392	-0.0097427213	-0.0098770062	-0.0100127872	-0.0101500565	-0.0102888062	-0.0104290256	-0.0105707039	-0.0107138272	-0.0108583839	-0.0110043549	-0.0111517254	-0.0113004769	-0.0114505902	-0.0116020460	-0.0117548157	-0.0119088787	-0.0120642059	-0.0122207688	-0.0123785410	-0.0125374833	-0.0126975632	-0.0128587470	-0.0130209935	-0.0131842670	-0.0133485185	-0.0135137039	-0.0136797802	-0.0138466895	-0.0140143835	-0.0141828084	-0.0143519034	-0.0145216132	-0.0146918698	-0.0148626039	-0.0150337623	-0.0152052634	-0.0153770316	-0.0155489983	-0.0157210771	-0.0158931864	-0.0160652474	-0.0162371659	-0.0164088502	-0.0165802134	-0.0167511472	-0.0169215651	-0.0170913527	-0.0172604108	-0.0174286335	-0.0175959047	-0.0177621110	-0.0179271320	-0.0180908399	-0.0182531136	-0.0184138277	-0.0185728448	-0.0187300338	-0.0188852701	-0.0190384085	-0.0191893073	-0.0193378272	-0.0194838120	-0.0196271080	-0.0197675765	-0.0199050708	-0.0200394441	-0.0201705387	-0.0202981929	-0.0204222418	-0.0205425270	-0.0206588953	-0.0207711866	-0.0208792488	-0.0209829210	-0.0210820287	-0.0211764196	-0.0212659351	-0.0213503975	-0.0214296742	-0.0215036231	-0.0215720698	-0.0216348808	-0.0216919199	-0.0217430264	-0.0217881270	-0.0218271434	-0.0218599211	-0.0218863744	-0.0219064264	-0.0219199643	-0.0219270602	-0.0219279269	-0.0219229100	-0.0219128665	-0.0218989232	-0.0218817857	-0.0218616694	-0.0218385530	-0.0218123106	-0.0217828427	-0.0217501318	-0.0217141028	-0.0216745639	-0.0216313294	-0.0215843065	-0.0215335475	-0.0214792321	-0.0214215649	-0.0213606923	-0.0212967286	-0.0212298421	-0.0211602085	-0.0210878877	-0.0210127395	-0.0209343535	-0.0208521325	-0.0207653067	-0.0206730703	-0.0205750198	-0.0204711554	-0.0203616406	-0.0202466883	-0.0201264302	-0.0200009991	-0.0198705476	-0.0197352184	-0.0195952066	-0.0194506960	-0.0193018745	-0.0191489369	-0.0189920682	-0.0188314658	-0.0186673331	-0.0184998565	-0.0183292321	-0.0181556429	-0.0179792813	-0.0178003338	-0.0176189845	-0.0174354144	-0.0172497911	-0.0170622882	-0.0168730891	-0.0166823660	-0.0164902725	-0.0162969600	-0.0161025846	-0.0159073031	-0.0157112647	-0.0155146187	-0.0153175036	-0.0151200493	-0.0149223893	-0.0147246516	-0.0145269584	-0.0143294313	-0.0141321873	-0.0139353356	-0.0137389818	-0.0135432280	-0.0133481726	-0.0131539096	-0.0129605266	-0.0127681101	-0.0125767391	-0.0123864923	-0.0121974416	-0.0120096700	-0.0118232351	-0.0116382033	-0.0114546359	-0.0112725855	-0.0110921065	-0.0109132498	-0.0107360648	-0.0105605938	-0.0103868779	-0.0102149536	-0.0100448570	-0.0098766224	-0.0097102783	-0.0095458515	-0.0093833656	-0.0092228443	-0.0090643067	-0.0089077715	-0.0087532526	-0.0086007652	-0.0084503195	-0.0083019257	-0.0081555904	-0.0080113199	-0.0078691175	-0.0077289868	-0.0075909289	-0.0074549427	-0.0073210275	-0.0071891786	-0.0070593908	-0.0069316592	-0.0068059762	-0.0066823331	-0.0065607227	-0.0064411413	-0.0063235914	-0.0062080597	-0.0060944637	-0.0059825768	-0.0058721081	-0.0057633540	-0.0056587749	-0.0055642913	-0.0054851223	-0.0054165548	-0.0053522237	-0.0052891532	-0.0052268078	-0.0051654048	-0.0051051429	-0.0050460816	-0.0049882093	-0.0049314818	-0.0048757730	-0.0048207778
-0.0091068976	-0.0091126269	-0.0091185824	-0.0091249403	-0.0091317825	-0.0091391529	-0.0091470152	-0.0091550457	-0.0091624015	-0.0091682325	-0.0091745093	-0.0091918950	-0.0092423646	-0.0093409468	-0.0094691068	-0.0096065962	-0.0097451263	-0.0098837139	-0.0100233162	-0.0101646573	-0.0103079766	-0.0104532819	-0.0106005371	-0.0107497254	-0.0109008478	-0.0110539082	-0.0112089123	-0.0113658633	-0.0115247636	-0.0116856145	-0.0118484157	-0.0120131645	-0.0121798574	-0.0123484903	-0.0125190574	-0.0126915534	-0.0128659700	-0.0130422979	-0.0132205259	-0.0134006415	-0.0135826300	-0.0137664740	-0.0139521576	-0.0141396571	-0.0143289524	-0.0145200218	-0.0147128389	-0.0149073790	-0.0151036070	-0.0153014933	-0.0155010036	-0.0157021004	-0.0159047492	-0.0161088999	-0.0163145111	-0.0165215392	-0.0167299307	-0.0169396408	-0.0171506057	-0.0173627689	-0.0175760755	-0.0177904510	-0.0180058327	-0.0182221536	-0.0184393328	-0.0186573004	-0.0188759708	-0.0190952550	-0.0193150749	-0.0195353378	-0.0197559467	-0.0199768090	-0.0201978108	-0.0204188542	-0.0206398338	-0.0208606205	-0.0210811130	-0.0213011893	-0.0215207124	-0.0217395683	-0.0219576219	-0.0221747291	-0.0223907702	-0.0226055844	-0.0228190223	-0.0230309399	-0.0232411735	-0.0234495587	-0.0236559397	-0.0238601424	-0.0240619953	-0.0242613367	-0.0244579888	-0.0246517649	-0.0248424838	-0.0250299502	-0.0252139639	-0.0253943434	-0.0255709121	-0.0257434733	-0.0259118315	-0.0260757761	-0.0262350963	-0.0263895952	-0.0265390754	-0.0266833283	-0.0268221610	-0.0269553711	-0.0270827342	-0.0272040551	-0.0273191325	-0.0274277482	-0.0275297209	-0.0276248762	-0.0277129995	-0.0277939123	-0.0278674544	-0.0279334243	-0.0279917097	-0.0280422361	-0.0280848295	-0.0281193621	-0.0281457596	-0.0281638975	-0.0281738146	-0.0281757721	-0.0281701467	-0.0281577613	-0.0281399344	-0.0281177476	-0.0280916461	-0.0280616833	-0.0280277439	-0.0279896628	-0.0279473324	-0.0279006744	-0.0278495593	-0.0277938451	-0.0277334619	-0.0276684569	-0.0275989662	-0.0275251527	-0.0274471824	-0.0273652542	-0.0272796003	-0.0271903930	-0.0270976286	-0.0270010295	-0.0269000352	-0.0267938756	-0.0266815561	-0.0265621762	-0.0264353929	-0.0263012619	-0.0261599993	-0.0260118309	-0.0258569039	-0.0256953910	-0.0255274761	-0.0253533435	-0.0251732390	-0.0249873899	-0.0247960386	-0.0245994297	-0.0243977952	-0.0241913906	-0.0239804665	-0.0237652696	-0.0235460465	-0.0233230243	-0.0230964523	-0.0228665736	-0.0226336169	-0.0223978151	-0.0221593789	-0.0219185376	-0.0216755242	-0.0214305522	-0.0211838272	-0.0209355393	-0.0206858876	-0.0204350745	-0.0201832942	-0.0199307333	-0.0196775709	-0.0194239749	-0.0191701128	-0.0189161560	-0.0186622541	-0.0184085688	-0.0181552430	-0.0179024209	-0.0176502403	-0.0173988301	-0.0171483179	-0.0168988174	-0.0166504494	-0.0164033195	-0.0161575344	-0.0159131923	-0.0156703874	-0.0154292189	-0.0151897701	-0.0149521204	-0.0147163488	-0.0144825270	-0.0142507224	-0.0140209995	-0.0137934225	-0.0135680457	-0.0133449217	-0.0131240980	-0.0129056211	-0.0126895347	-0.0124758750	-0.0122646768	-0.0120559698	-0.0118497853	-0.0116461476	-0.0114450810	-0.0112466032	-0.0110507336	-0.0108574853	-0.0106668716	-0.0104789011	-0.0102935815	-0.0101109180	-0.0099309142	-0.0097535719	-0.0095788903	-0.0094068677	-0.0092374987	-0.0090707761	-0.0089066941	-0.0087452431	-0.0085864114	-0.0084301901	-0.0082765749	-0.0081255688	-0.0079771554	-0.0078312249	-0.0076874802	-0.0075455420	-0.0074058123	-0.0072715439	-0.0071505097	-0.0070494046	-0.0069616887	-0.0068791467	-0.0067981148	-0.0067180010	-0.0066391091	-0.0065616916	-0.0064858181	-0.0064114706	-0.0063385921	-0.0062670212	-0.0061963663
-0.0111294937	-0.0111364884	-0.0111437590	-0.0111515209	-0.0111598725	-0.0111688688	-0.0111784790	-0.0111883345	-0.0111974212	-0.0112045992	-0.0112118806	-0.0112316338	-0.0112908345	-0.0114097798	-0.0115659143	-0.0117338532	-0.0119030983	-0.0120723579	-0.0122428179	-0.0124153883	-0.0125903738	-0.0127677854	-0.0129475775	-0.0131297301	-0.0133142420	-0.0135011196	-0.0136903688	-0.0138819943	-0.0140759985	-0.0142723829	-0.0144711472	-0.0146722881	-0.0148758018	-0.0150816819	-0.0152899230	-0.0155005175	-0.0157134549	-0.0159287255	-0.0161463143	-0.0163662053	-0.0165883827	-0.0168128238	-0.0170395081	-0.0172684078	-0.0174994992	-0.0177327548	-0.0179681425	-0.0182056318	-0.0184451800	-0.0186867506	-0.0189303026	-0.0191757904	-0.0194231708	-0.0196723820	-0.0199233742	-0.0201760950	-0.0204304781	-0.0206864681	-0.0209439891	-0.0212029704	-0.0214633457	-0.0217250234	-0.0219879262	-0.0222519743	-0.0225170674	-0.0227831193	-0.0230500289	-0.0233176872	-0.0235859948	-0.0238548340	-0.0241240947	-0.0243936679	-0.0246634074	-0.0249331925	-0.0252028991	-0.0254723646	-0.0257414671	-0.0260100558	-0.0262779685	-0.0265450617	-0.0268111767	-0.0270761345	-0.0273397834	-0.0276019331	-0.0278623985	-0.0281210067	-0.0283775580	-0.0286318489	-0.0288836935	-0.0291328825	-0.0293791999	-0.0296224494	-0.0298624160	-0.0300988785	-0.0303316155	-0.0305603861	-0.0307849520	-0.0310050887	-0.0312205729	-0.0314311772	-0.0316366629	-0.0318367746	-0.0320312543	-0.0322198592	-0.0324023517	-0.0325784811	-0.0327480082	-0.0329106913	-0.0330662630	-0.0332144759	-0.0333550976	-0.0334878733	-0.0336125642	-0.0337289708	-0.0338368510	-0.0339359720	-0.0340261525	-0.0341071679	-0.0341788484	-0.0342411214	-0.0342938292	-0.0343367985	-0.0343699494	-0.0343931771	-0.0344064645	-0.0344100842	-0.0344044645	-0.0343903177	-0.0343689468	-0.0343417512	-0.0343095422	-0.0342725583	-0.0342307484	-0.0341839385	-0.0341319460	-0.0340746414	-0.0340119317	-0.0339437334	-0.0338700046	-0.0337907808	-0.0337061627	-0.0336163039	-0.0335214116	-0.0334217406	-0.0333175332	-0.0332089024	-0.0330957191	-0.0329775385	-0.0328536537	-0.0327231061	-0.0325847285	-0.0324376638	-0.0322816853	-0.0321169125	-0.0319436032	-0.0317619721	-0.0315721754	-0.0313744232	-0.0311689210	-0.0309559005	-0.0307356486	-0.0305084318	-0.0302745476	-0.0300342923	-0.0297879389	-0.0295358011	-0.0292781696	-0.0290153512	-0.0287476394	-0.0284753133	-0.0281986737	-0.0279180118	-0.0276336084	-0.0273457411	-0.0270546693	-0.0267606733	-0.0264640319	-0.0261650040	-0.0258638429	-0.0255607787	-0.0252560512	-0.0249499094	-0.0246425937	-0.0243343246	-0.0240253200	-0.0237157900	-0.0234059400	-0.0230959678	-0.0227860673	-0.0224764285	-0.0221672288	-0.0218586444	-0.0215508424	-0.0212439782	-0.0209382079	-0.0206336751	-0.0203305213	-0.0200288777	-0.0197288747	-0.0194306307	-0.0191342638	-0.0188398884	-0.0185476117	-0.0182575318	-0.0179697429	-0.0176843289	-0.0174013768	-0.0171209641	-0.0168431693	-0.0165680579	-0.0162956944	-0.0160261367	-0.0157594429	-0.0154956654	-0.0152348484	-0.0149770340	-0.0147222590	-0.0144705613	-0.0142219707	-0.0139765173	-0.0137342227	-0.0134951101	-0.0132591958	-0.0130264964	-0.0127970218	-0.0125707820	-0.0123477835	-0.0121280302	-0.0119115250	-0.0116982668	-0.0114882527	-0.0112814769	-0.0110779314	-0.0108776077	-0.0106804946	-0.0104865789	-0.0102958485	-0.0101082997	-0.0099239353	-0.0097427358	-0.0095645636	-0.0093890445	-0.0092157064	-0.0090450671	-0.0088812357	-0.0087339713	-0.0086114583	-0.0085049426	-0.0084043240	-0.0083053759	-0.0082075267	-0.0081111872	-0.0080166609	-0.0079240221	-0.0078332450	-0.0077442589	-0.0076568672	-0.0075705928
-0.0131513452	-0.0131596013	-0.0131681826	-0.0131773440	-0.0131871991	-0.0131978148	-0.0132091750	-0.0132208837	-0.0132317641	-0.0132403183	-0.0132483436	-0.0132694981	-0.0133358790	-0.0134743269	-0.0136582106	-0.0138565716	-0.0140564974	-0.0142563538	-0.0144575732	-0.0146612680	-0.0148678140	-0.0150772249	-0.0152894472	-0.0155044542	-0.0157222440	-0.0159428254	-0.0161662037	-0.0163923857	-0.0166213740	-0.0168531697	-0.0170877730	-0.0173251803	-0.0175653860	-0.0178083829	-0.0180541650	-0.0183027218	-0.0185540430	-0.0188081156	-0.0190649230	-0.0193244446	-0.0195866636	-0.0198515507	-0.0201190832	-0.0203892282	-0.0206619578	-0.0209372399	-0.0212150358	-0.0214953089	-0.0217780080	-0.0220630920	-0.0223505122	-0.0226402145	-0.0229321463	-0.0232262360	-0.0235224239	-0.0238206490	-0.0241208326	-0.0244229070	-0.0247267875	-0.0250323873	-0.0253396281	-0.0256484020	-0.0259586164	-0.0262701790	-0.0265829704	-0.0268968879	-0.0272118148	-0.0275276227	-0.0278441916	-0.0281613836	-0.0284790617	-0.0287971033	-0.0291153433	-0.0294336280	-0.0297518134	-0.0300697172	-0.0303871785	-0.0307040285	-0.0310200818	-0.0313351613	-0.0316490792	-0.0319616333	-0.0322726296	-0.0325818615	-0.0328891049	-0.0331941524	-0.0334967773	-0.0337967351	-0.0340938064	-0.0343877460	-0.0346783027	-0.0349652436	-0.0352483108	-0.0355272467	-0.0358017993	-0.0360716801	-0.0363366072	-0.0365963175	-0.0368505445	-0.0370990270	-0.0373414775	-0.0375775985	-0.0378070941	-0.0380296665	-0.0382450401	-0.0384529283	-0.0386530403	-0.0388451041	-0.0390288166	-0.0392038720	-0.0393700123	-0.0395269439	-0.0396743758	-0.0398120841	-0.0399398059	-0.0400572545	-0.0401642237	-0.0402604807	-0.0403457934	-0.0404200830	-0.0404832295	-0.0405350286	-0.0405753863	-0.0406042327	-0.0406215071	-0.0406274383	-0.0406225110	-0.0406073613	-0.0405830890	-0.0405511956	-0.0405128946	-0.0404687568	-0.0404188886	-0.0403631722	-0.0403014174	-0.0402334559	-0.0401591807	-0.0400785224	-0.0399914636	-0.0398980437	-0.0397983671	-0.0396926124	-0.0395810149	-0.0394638270	-0.0393412284	-0.0392132119	-0.0390794773	-0.0389394234	-0.0387921902	-0.0386366189	-0.0384714985	-0.0382961555	-0.0381104953	-0.0379146920	-0.0377090149	-0.0374936538	-0.0372687731	-0.0370346057	-0.0367913830	-0.0365393861	-0.0362789342	-0.0360103347	-0.0357339348	-0.0354500672	-0.0351590587	-0.0348612700	-0.0345570396	-0.0342467226	-0.0339306600	-0.0336091843	-0.0332826430	-0.0329513773	-0.0326157207	-0.0322759873	-0.0319324937	-0.0315855644	-0.0312355208	-0.0308826754	-0.0305273174	-0.0301697177	-0.0298101635	-0.0294489439	-0.0290863408	-0.0287226204	-0.0283580309	-0.0279928218	-0.0276272385	-0.0272615091	-0.0268958663	-0.0265305278	-0.0261657102	-0.0258016200	-0.0254384464	-0.0250763787	-0.0247155996	-0.0243562825	-0.0239985879	-0.0236426744	-0.0232886911	-0.0229367821	-0.0225870871	-0.0222397419	-0.0218948670	-0.0215525838	-0.0212129983	-0.0208762141	-0.0205423323	-0.0202114451	-0.0198836441	-0.0195590063	-0.0192376085	-0.0189195188	-0.0186048071	-0.0182935339	-0.0179857518	-0.0176815105	-0.0173808533	-0.0170838252	-0.0167904613	-0.0165007967	-0.0162148578	-0.0159326716	-0.0156542577	-0.0153796355	-0.0151088166	-0.0148418133	-0.0145786329	-0.0143192807	-0.0140637603	-0.0138120691	-0.0135642052	-0.0133201611	-0.0130799278	-0.0128434949	-0.0126108495	-0.0123819762	-0.0121568610	-0.0119355000	-0.0117178973	-0.0115040282	-0.0112937253	-0.0110865321	-0.0108818809	-0.0106804291	-0.0104872272	-0.0103141548	-0.0101708440	-0.0100459165	-0.0099273700	-0.0098105595	-0.0096950170	-0.0095812813	-0.0094697034	-0.0093603569	-0.0092532051	-0.0091481642	-0.0090450024	-0.0089431583
-0.0151722976	-0.0151818114	-0.0151917006	-0.0152022561	-0.0152136082	-0.0152258387	-0.0152389522	-0.0152525456	-0.0152652905	-0.0152752606	-0.0152837611	-0.0153052724	-0.0153770915	-0.0155339516	-0.0157452269	-0.0159739392	-0.0162045016	-0.0164348720	-0.0166667398	-0.0169014383	-0.0171394204	-0.0173807067	-0.0176252340	-0.0178729675	-0.0181239056	-0.0183780574	-0.0186354294	-0.0188960303	-0.0191598618	-0.0194269252	-0.0196972217	-0.0199707463	-0.0202474927	-0.0205274522	-0.0208106172	-0.0210969767	-0.0213865192	-0.0216792268	-0.0219750834	-0.0222740639	-0.0225761482	-0.0228813026	-0.0231895014	-0.0235007068	-0.0238148861	-0.0241320031	-0.0244520113	-0.0247748693	-0.0251005176	-0.0254289086	-0.0257599887	-0.0260936921	-0.0264299586	-0.0267687073	-0.0271098673	-0.0274533693	-0.0277991218	-0.0281470456	-0.0284970469	-0.0288490232	-0.0292028827	-0.0295585034	-0.0299157760	-0.0302745959	-0.0306348244	-0.0309963419	-0.0313590182	-0.0317227004	-0.0320872528	-0.0324525220	-0.0328183434	-0.0331845700	-0.0335510228	-0.0339175210	-0.0342838954	-0.0346499453	-0.0350154741	-0.0353803012	-0.0357442023	-0.0361069746	-0.0364684126	-0.0368282728	-0.0371863347	-0.0375423698	-0.0378961145	-0.0382473297	-0.0385957602	-0.0389411232	-0.0392831587	-0.0396215930	-0.0399561409	-0.0402865263	-0.0406124538	-0.0409336284	-0.0412497595	-0.0415605189	-0.0418655761	-0.0421646325	-0.0424573837	-0.0427435191	-0.0430227204	-0.0432946499	-0.0435589650	-0.0438153249	-0.0440634173	-0.0443029200	-0.0445334941	-0.0447548318	-0.0449666001	-0.0451684484	-0.0453600746	-0.0455411531	-0.0457113475	-0.0458704013	-0.0460180410	-0.0461539389	-0.0462778526	-0.0463895501	-0.0464887576	-0.0465753550	-0.0466492705	-0.0467103129	-0.0467583534	-0.0467933546	-0.0468152633	-0.0468242204	-0.0468207089	-0.0468053734	-0.0467791003	-0.0467432230	-0.0466991686	-0.0466479211	-0.0465898892	-0.0465251056	-0.0464534440	-0.0463747445	-0.0462888829	-0.0461957858	-0.0460954466	-0.0459879204	-0.0458733310	-0.0457518684	-0.0456237561	-0.0454891845	-0.0453482062	-0.0452006363	-0.0450460076	-0.0448835845	-0.0447123229	-0.0445309273	-0.0443383337	-0.0441341207	-0.0439183035	-0.0436910942	-0.0434527288	-0.0432033573	-0.0429431695	-0.0426724101	-0.0423913371	-0.0421002811	-0.0417995849	-0.0414896022	-0.0411707202	-0.0408432962	-0.0405077206	-0.0401643919	-0.0398136975	-0.0394560361	-0.0390917946	-0.0387213537	-0.0383451103	-0.0379634552	-0.0375767690	-0.0371854057	-0.0367897325	-0.0363901243	-0.0359869457	-0.0355805539	-0.0351712751	-0.0347594236	-0.0343453314	-0.0339293289	-0.0335117366	-0.0330928628	-0.0326729896	-0.0322524055	-0.0318313878	-0.0314102082	-0.0309891256	-0.0305683936	-0.0301482572	-0.0297289602	-0.0293107162	-0.0288937454	-0.0284782552	-0.0280644412	-0.0276524954	-0.0272425985	-0.0268349195	-0.0264296291	-0.0260268856	-0.0256268418	-0.0252296401	-0.0248354211	-0.0244443024	-0.0240564105	-0.0236718573	-0.0232907495	-0.0229131919	-0.0225392736	-0.0221690837	-0.0218027005	-0.0214402054	-0.0210816671	-0.0207271467	-0.0203767010	-0.0200303807	-0.0196882371	-0.0193503113	-0.0190166428	-0.0186872630	-0.0183622027	-0.0180414848	-0.0177251312	-0.0174131563	-0.0171055740	-0.0168023925	-0.0165036189	-0.0162092563	-0.0159193021	-0.0156337547	-0.0153526054	-0.0150758433	-0.0148034571	-0.0145354321	-0.0142717505	-0.0140123967	-0.0137573668	-0.0135066660	-0.0132602631	-0.0130179539	-0.0127791972	-0.0125433457	-0.0123112699	-0.0120890960	-0.0118908524	-0.0117273090	-0.0115842595	-0.0114478948	-0.0113132784	-0.0111801006	-0.0110490352	-0.0109204747	-0.0107944882	-0.0106710266	-0.0105499928	-0.0104311204	-0.0103137649
-0.0171921952	-0.0172029645	-0.0172141588	-0.0172261056	-0.0172389508	-0.0172527906	-0.0172676571	-0.0172831544	-0.0172978210	-0.0173092742	-0.0173181434	-0.0173393194	-0.0174150363	-0.0175886326	-0.0178263732	-0.0180851349	-0.0183462522	-0.0186070639	-0.0188694709	-0.0191350395	-0.0194043162	-0.0196773346	-0.0199540210	-0.0202343338	-0.0205182701	-0.0208058384	-0.0210970485	-0.0213919079	-0.0216904197	-0.0219925854	-0.0222984057	-0.0226078741	-0.0229209855	-0.0232377278	-0.0235580931	-0.0238820692	-0.0242096428	-0.0245407923	-0.0248755011	-0.0252137396	-0.0255554837	-0.0259006974	-0.0262493495	-0.0266013993	-0.0269568083	-0.0273155358	-0.0276775279	-0.0280427380	-0.0284110996	-0.0287825571	-0.0291570521	-0.0295345067	-0.0299148543	-0.0302980050	-0.0306838754	-0.0310723881	-0.0314634382	-0.0318569366	-0.0322527804	-0.0326508497	-0.0330510396	-0.0334532162	-0.0338572524	-0.0342630311	-0.0346703944	-0.0350792056	-0.0354893233	-0.0359005678	-0.0363127900	-0.0367258158	-0.0371394627	-0.0375535599	-0.0379679075	-0.0383822960	-0.0387965418	-0.0392104167	-0.0396236987	-0.0400361869	-0.0404476257	-0.0408577787	-0.0412664241	-0.0416732847	-0.0420781089	-0.0424806448	-0.0428805905	-0.0432776734	-0.0436716076	-0.0440620777	-0.0444487826	-0.0448314166	-0.0452096553	-0.0455831806	-0.0459516717	-0.0463147895	-0.0466721967	-0.0470235390	-0.0473684437	-0.0477065648	-0.0480375598	-0.0483610822	-0.0486767838	-0.0489842894	-0.0492832101	-0.0495731649	-0.0498538006	-0.0501247593	-0.0503856619	-0.0506361552	-0.0508758778	-0.0511044428	-0.0513214949	-0.0515266925	-0.0517196632	-0.0519000978	-0.0520677199	-0.0522221893	-0.0523632045	-0.0524905363	-0.0526039081	-0.0527031215	-0.0527881325	-0.0528588207	-0.0529150244	-0.0529567087	-0.0529838770	-0.0529966003	-0.0529952625	-0.0529805366	-0.0529532308	-0.0529144097	-0.0528654161	-0.0528074949	-0.0527414396	-0.0526675732	-0.0525859259	-0.0524964108	-0.0523989244	-0.0522934044	-0.0521798473	-0.0520583215	-0.0519289547	-0.0517919086	-0.0516473400	-0.0514953104	-0.0513357020	-0.0511681566	-0.0509920692	-0.0508065422	-0.0506103564	-0.0504022667	-0.0501815155	-0.0499478970	-0.0497014963	-0.0494425268	-0.0491711528	-0.0488874997	-0.0485917913	-0.0482842761	-0.0479652398	-0.0476350547	-0.0472940844	-0.0469427316	-0.0465814122	-0.0462105153	-0.0458304850	-0.0454417571	-0.0450447629	-0.0446399452	-0.0442277302	-0.0438085497	-0.0433828490	-0.0429510607	-0.0425136057	-0.0420708884	-0.0416233194	-0.0411713250	-0.0407153155	-0.0402556858	-0.0397928021	-0.0393270212	-0.0388587155	-0.0383882630	-0.0379160230	-0.0374423342	-0.0369675211	-0.0364919073	-0.0360158047	-0.0355395203	-0.0350633458	-0.0345875700	-0.0341124632	-0.0336383008	-0.0331653319	-0.0326938010	-0.0322239390	-0.0317559664	-0.0312901047	-0.0308265507	-0.0303655070	-0.0299071581	-0.0294516858	-0.0289992608	-0.0285500462	-0.0281041977	-0.0276618547	-0.0272231553	-0.0267882273	-0.0263571911	-0.0259301656	-0.0255072506	-0.0250885474	-0.0246741451	-0.0242641364	-0.0238585981	-0.0234576008	-0.0230612069	-0.0226694757	-0.0222824640	-0.0219002193	-0.0215227857	-0.0211501992	-0.0207824942	-0.0204196974	-0.0200618334	-0.0197089189	-0.0193609697	-0.0190179954	-0.0186800040	-0.0183469984	-0.0180189772	-0.0176959372	-0.0173778700	-0.0170647625	-0.0167566019	-0.0164533726	-0.0161550546	-0.0158616309	-0.0155730976	-0.0152894597	-0.0150106740	-0.0147364899	-0.0144662814	-0.0141993809	-0.0139370468	-0.0136867025	-0.0134642979	-0.0132808627	-0.0131196896	-0.0129655009	-0.0128131308	-0.0126624009	-0.0125140935	-0.0123686330	-0.0122260846	-0.0120863868	-0.0119494301	-0.0118149157	-0.0116821152
-0.0192108907	-0.0192229131	-0.0192354100	-0.0192487472	-0.0192630837	-0.0192785286	-0.0192951356	-0.0193125190	-0.0193291154	-0.0193421718	-0.0193517324	-0.0193729104	-0.0194518045	-0.0196393145	-0.0199013400	-0.0201893215	-0.0204808312	-0.0207720507	-0.0210649128	-0.0213612140	-0.0216616252	-0.0219662097	-0.0222748879	-0.0225876122	-0.0229043754	-0.0232251862	-0.0235500553	-0.0238789918	-0.0242119987	-0.0245490775	-0.0248902284	-0.0252354444	-0.0255847196	-0.0259380403	-0.0262953978	-0.0266567772	-0.0270221645	-0.0273915358	-0.0277648709	-0.0281421378	-0.0285233082	-0.0289083426	-0.0292972053	-0.0296898534	-0.0300862403	-0.0304863223	-0.0308900372	-0.0312973331	-0.0317081388	-0.0321223884	-0.0325400186	-0.0329609402	-0.0333850791	-0.0338123387	-0.0342426227	-0.0346758437	-0.0351118847	-0.0355506455	-0.0359920163	-0.0364358591	-0.0368820559	-0.0373304627	-0.0377809338	-0.0382333384	-0.0386875026	-0.0391432718	-0.0396004920	-0.0400589598	-0.0405185078	-0.0409789511	-0.0414400778	-0.0419017012	-0.0423636004	-0.0428255397	-0.0432873187	-0.0437486791	-0.0442093740	-0.0446691767	-0.0451278143	-0.0455850094	-0.0460405163	-0.0464940357	-0.0469452756	-0.0473939596	-0.0478397538	-0.0482823469	-0.0487214292	-0.0491566429	-0.0495876552	-0.0500141268	-0.0504356873	-0.0508519887	-0.0512626814	-0.0516673846	-0.0520657201	-0.0524573078	-0.0528417379	-0.0532186137	-0.0535875608	-0.0539481986	-0.0543001401	-0.0546429754	-0.0549762763	-0.0552996186	-0.0556125984	-0.0559148224	-0.0562058795	-0.0564853710	-0.0567529133	-0.0570080859	-0.0572504887	-0.0574797609	-0.0576955070	-0.0578973567	-0.0580850177	-0.0582581603	-0.0584164320	-0.0585595829	-0.0586873599	-0.0587995060	-0.0588959437	-0.0589766418	-0.0590414657	-0.0590903475	-0.0591233412	-0.0591405242	-0.0591421506	-0.0591288236	-0.0591013565	-0.0590606789	-0.0590079125	-0.0589442704	-0.0588707917	-0.0587881457	-0.0586966391	-0.0585963515	-0.0584872615	-0.0583693473	-0.0582426194	-0.0581071418	-0.0579630136	-0.0578103210	-0.0576490938	-0.0574792335	-0.0573004611	-0.0571122843	-0.0569139415	-0.0567043444	-0.0564822452	-0.0562466731	-0.0559971870	-0.0557337155	-0.0554563736	-0.0551653137	-0.0548606238	-0.0545424490	-0.0542110262	-0.0538666057	-0.0535095189	-0.0531401606	-0.0527589184	-0.0523662351	-0.0519625443	-0.0515482815	-0.0511239332	-0.0506899679	-0.0502468675	-0.0497951139	-0.0493351650	-0.0488675086	-0.0483926334	-0.0479110066	-0.0474230931	-0.0469293403	-0.0464302084	-0.0459261695	-0.0454176784	-0.0449051640	-0.0443890295	-0.0438696806	-0.0433475324	-0.0428230057	-0.0422964939	-0.0417683701	-0.0412390039	-0.0407087452	-0.0401779456	-0.0396469432	-0.0391160677	-0.0385856351	-0.0380559498	-0.0375273117	-0.0370000028	-0.0364742966	-0.0359504462	-0.0354286968	-0.0349092948	-0.0343924597	-0.0338784211	-0.0333673783	-0.0328595377	-0.0323550945	-0.0318542210	-0.0313570941	-0.0308638680	-0.0303747004	-0.0298897321	-0.0294090990	-0.0289329309	-0.0284613400	-0.0279944390	-0.0275323279	-0.0270751108	-0.0266228724	-0.0261756928	-0.0257336406	-0.0252967832	-0.0248651833	-0.0244388941	-0.0240179651	-0.0236024361	-0.0231923463	-0.0227877252	-0.0223886004	-0.0219949910	-0.0216069143	-0.0212243826	-0.0208474030	-0.0204759801	-0.0201101123	-0.0197497956	-0.0193950221	-0.0190457762	-0.0187020435	-0.0183638076	-0.0180310471	-0.0177037442	-0.0173818952	-0.0170655028	-0.0167545010	-0.0164485797	-0.0161470333	-0.0158492729	-0.0155572189	-0.0152798970	-0.0150347038	-0.0148315032	-0.0146519241	-0.0144797950	-0.0143097190	-0.0141415441	-0.0139761034	-0.0138138401	-0.0136548168	-0.0134989648	-0.0133461649	-0.0131960855	-0.0130479152
-0.0212282453	-0.0212415170	-0.0212553147	-0.0212700414	-0.0212858704	-0.0213029156	-0.0213212371	-0.0213404468	-0.0213589261	-0.0213737613	-0.0213848041	-0.0214074503	-0.0214897148	-0.0216870920	-0.0219698662	-0.0222856641	-0.0226073159	-0.0229289521	-0.0232522140	-0.0235791065	-0.0239104728	-0.0242464355	-0.0245869178	-0.0249318643	-0.0252812622	-0.0256351200	-0.0259934484	-0.0263562587	-0.0267235523	-0.0270953315	-0.0274715965	-0.0278523397	-0.0282375532	-0.0286272231	-0.0290213391	-0.0294198832	-0.0298228411	-0.0302301862	-0.0306418946	-0.0310579315	-0.0314782661	-0.0319028535	-0.0323316555	-0.0327646250	-0.0332017089	-0.0336428587	-0.0340880042	-0.0345370880	-0.0349900364	-0.0354467725	-0.0359072262	-0.0363712985	-0.0368389068	-0.0373099510	-0.0377843199	-0.0382619161	-0.0387426117	-0.0392262940	-0.0397128473	-0.0402021161	-0.0406939692	-0.0411882553	-0.0416848074	-0.0421834807	-0.0426840889	-0.0431864570	-0.0436904176	-0.0441957497	-0.0447022583	-0.0452097512	-0.0457179934	-0.0462267696	-0.0467358497	-0.0472449718	-0.0477539050	-0.0482623745	-0.0487700980	-0.0492768283	-0.0497822657	-0.0502861057	-0.0507880745	-0.0512878457	-0.0517850913	-0.0522795047	-0.0527707274	-0.0532584092	-0.0537422139	-0.0542217496	-0.0546966418	-0.0551665297	-0.0556310058	-0.0560896849	-0.0565421874	-0.0569880956	-0.0574270027	-0.0578584934	-0.0582821166	-0.0586974316	-0.0591040292	-0.0595014851	-0.0598893716	-0.0602672545	-0.0606346614	-0.0609911265	-0.0613362020	-0.0616694600	-0.0619904652	-0.0622987762	-0.0625939850	-0.0628756466	-0.0631433155	-0.0633966009	-0.0636350928	-0.0638583729	-0.0640661155	-0.0642580038	-0.0644336658	-0.0645928092	-0.0647352023	-0.0648605808	-0.0649687877	-0.0650598295	-0.0651336652	-0.0651902206	-0.0652295471	-0.0652517757	-0.0652571093	-0.0652459915	-0.0652191685	-0.0651775540	-0.0651221428	-0.0650540007	-0.0649741741	-0.0648835322	-0.0647826676	-0.0646718969	-0.0645513596	-0.0644211237	-0.0642812354	-0.0641317369	-0.0639726577	-0.0638039811	-0.0636255997	-0.0634372830	-0.0632386183	-0.0630289497	-0.0628073269	-0.0625725927	-0.0623237088	-0.0620600579	-0.0617814084	-0.0614877459	-0.0611791577	-0.0608556995	-0.0605174321	-0.0601645329	-0.0597972276	-0.0594157875	-0.0590205937	-0.0586120466	-0.0581905678	-0.0577566267	-0.0573106691	-0.0568531812	-0.0563846844	-0.0559056790	-0.0554166961	-0.0549182497	-0.0544108374	-0.0538949998	-0.0533712598	-0.0528401243	-0.0523021031	-0.0517576799	-0.0512073617	-0.0506516653	-0.0500910878	-0.0495260899	-0.0489571110	-0.0483846042	-0.0478090313	-0.0472308513	-0.0466504905	-0.0460683581	-0.0454848600	-0.0449003852	-0.0443153175	-0.0437300271	-0.0431448824	-0.0425602226	-0.0419763881	-0.0413937069	-0.0408124855	-0.0402330279	-0.0396556115	-0.0390805058	-0.0385079796	-0.0379382812	-0.0373716563	-0.0368083282	-0.0362485237	-0.0356924575	-0.0351403192	-0.0345923039	-0.0340485767	-0.0335093186	-0.0329746822	-0.0324448204	-0.0319198719	-0.0313999624	-0.0308852149	-0.0303757409	-0.0298716557	-0.0293730515	-0.0288800176	-0.0283926293	-0.0279109625	-0.0274350857	-0.0269650580	-0.0265009330	-0.0260427564	-0.0255905705	-0.0251444087	-0.0247043007	-0.0242702694	-0.0238423320	-0.0234205043	-0.0230047926	-0.0225952032	-0.0221917344	-0.0217943819	-0.0214031372	-0.0210179834	-0.0206389046	-0.0202658824	-0.0198988949	-0.0195379245	-0.0191829687	-0.0188340247	-0.0184909953	-0.0181534955	-0.0178207453	-0.0174923258	-0.0171710818	-0.0168679488	-0.0166013625	-0.0163786849	-0.0161805457	-0.0159904094	-0.0158026867	-0.0156171783	-0.0154347196	-0.0152557591	-0.0150803575	-0.0149084435	-0.0147398892	-0.0145743299	-0.0144108738
-0.0232441243	-0.0232586412	-0.0232737373	-0.0232898525	-0.0233071726	-0.0233258108	-0.0233458217	-0.0233668058	-0.0233871357	-0.0234039258	-0.0234171588	-0.0234424807	-0.0235279604	-0.0237310911	-0.0240311291	-0.0243733717	-0.0247249126	-0.0250769569	-0.0254305423	-0.0257878647	-0.0261499876	-0.0265171210	-0.0268892000	-0.0272661596	-0.0276479798	-0.0280346673	-0.0284262356	-0.0288226928	-0.0292240422	-0.0296302871	-0.0300414264	-0.0304574526	-0.0308783557	-0.0313041208	-0.0317347358	-0.0321701814	-0.0326104406	-0.0330554844	-0.0335052875	-0.0339598099	-0.0344190179	-0.0348828648	-0.0353513060	-0.0358242928	-0.0363017640	-0.0367836658	-0.0372699222	-0.0377604694	-0.0382552314	-0.0387541208	-0.0392570590	-0.0397639396	-0.0402746719	-0.0407891514	-0.0413072512	-0.0418288647	-0.0423538555	-0.0428820979	-0.0434134675	-0.0439477934	-0.0444849301	-0.0450247210	-0.0455669768	-0.0461115369	-0.0466582070	-0.0472067876	-0.0477570968	-0.0483089006	-0.0488619762	-0.0494161160	-0.0499710641	-0.0505265771	-0.0510824212	-0.0516382986	-0.0521939455	-0.0527490857	-0.0533033978	-0.0538566049	-0.0544083857	-0.0549584093	-0.0555063715	-0.0560519205	-0.0565946988	-0.0571343720	-0.0576705540	-0.0582028567	-0.0587309167	-0.0592543236	-0.0597726533	-0.0602855225	-0.0607924992	-0.0612931486	-0.0617870662	-0.0622737977	-0.0627528972	-0.0632239189	-0.0636863734	-0.0641397692	-0.0645836538	-0.0650175730	-0.0654410555	-0.0658536400	-0.0662548295	-0.0666441160	-0.0670210142	-0.0673850630	-0.0677357996	-0.0680727421	-0.0683954435	-0.0687034478	-0.0689962670	-0.0692734704	-0.0695346456	-0.0697793489	-0.0700071989	-0.0702178846	-0.0704110432	-0.0705863361	-0.0707435274	-0.0708823822	-0.0710026868	-0.0711044002	-0.0711875758	-0.0712522068	-0.0712983174	-0.0713260663	-0.0713356878	-0.0713275235	-0.0713021585	-0.0712604182	-0.0712032587	-0.0711316827	-0.0710466689	-0.0709491128	-0.0708397509	-0.0707190986	-0.0705874815	-0.0704450874	-0.0702920164	-0.0701283025	-0.0699539110	-0.0697687378	-0.0695725753	-0.0693650621	-0.0691456214	-0.0689134129	-0.0686674161	-0.0684066465	-0.0681303954	-0.0678382916	-0.0675301964	-0.0672060956	-0.0668659899	-0.0665098705	-0.0661378224	-0.0657500328	-0.0653467214	-0.0649282055	-0.0644948861	-0.0640471689	-0.0635855194	-0.0631104186	-0.0626223358	-0.0621218052	-0.0616093683	-0.0610855678	-0.0605509676	-0.0600061063	-0.0594515386	-0.0588878464	-0.0583155849	-0.0577353075	-0.0571475554	-0.0565528602	-0.0559517717	-0.0553448466	-0.0547326168	-0.0541155798	-0.0534942141	-0.0528690096	-0.0522404788	-0.0516091112	-0.0509753708	-0.0503397065	-0.0497025476	-0.0490643305	-0.0484254698	-0.0477863663	-0.0471474234	-0.0465090110	-0.0458715001	-0.0452352439	-0.0446005788	-0.0439678321	-0.0433373068	-0.0427093072	-0.0420841159	-0.0414620067	-0.0408432430	-0.0402280737	-0.0396167472	-0.0390094923	-0.0384065219	-0.0378080418	-0.0372142403	-0.0366253071	-0.0360414121	-0.0354627247	-0.0348893942	-0.0343215586	-0.0337593512	-0.0332028951	-0.0326523157	-0.0321077138	-0.0315691864	-0.0310368167	-0.0305106897	-0.0299908780	-0.0294774482	-0.0289704572	-0.0284699572	-0.0279759924	-0.0274886021	-0.0270078168	-0.0265336633	-0.0260661594	-0.0256053227	-0.0251511610	-0.0247036809	-0.0242628819	-0.0238287583	-0.0234013010	-0.0229804935	-0.0225663169	-0.0221587513	-0.0217577740	-0.0213633688	-0.0209755349	-0.0205942621	-0.0202194189	-0.0198505330	-0.0194867474	-0.0191278587	-0.0187777969	-0.0184496521	-0.0181628204	-0.0179214239	-0.0177050302	-0.0174969986	-0.0172917124	-0.0170889692	-0.0168896029	-0.0166940554	-0.0165023828	-0.0163145091	-0.0161302973	-0.0159493521	-0.0157707020
-0.0252583937	-0.0252741514	-0.0252905410	-0.0253080401	-0.0253268448	-0.0253470676	-0.0253687586	-0.0253915217	-0.0254137547	-0.0254326226	-0.0254481269	-0.0254756948	-0.0255626222	-0.0257684545	-0.0260837292	-0.0264516909	-0.0268329578	-0.0272153250	-0.0275990872	-0.0279866421	-0.0283793028	-0.0287773834	-0.0291808347	-0.0295895789	-0.0300035880	-0.0304228675	-0.0308474332	-0.0312772900	-0.0317124432	-0.0321528965	-0.0325986477	-0.0330496891	-0.0335060099	-0.0339675927	-0.0344344235	-0.0349064820	-0.0353837486	-0.0358661928	-0.0363537855	-0.0368464848	-0.0373442523	-0.0378470408	-0.0383547977	-0.0388674732	-0.0393849970	-0.0399073113	-0.0404343360	-0.0409660005	-0.0415022258	-0.0420429126	-0.0425879757	-0.0431373022	-0.0436907918	-0.0442483351	-0.0448097910	-0.0453750418	-0.0459439463	-0.0465163626	-0.0470921563	-0.0476711442	-0.0482531645	-0.0488380528	-0.0494256008	-0.0500156292	-0.0506079388	-0.0512023031	-0.0517985235	-0.0523963541	-0.0529955477	-0.0535958812	-0.0541970680	-0.0547988526	-0.0554009814	-0.0560031253	-0.0566049934	-0.0572063032	-0.0578067053	-0.0584058791	-0.0590034984	-0.0595991967	-0.0601926397	-0.0607834610	-0.0613712674	-0.0619556972	-0.0625363500	-0.0631127963	-0.0636846409	-0.0642514574	-0.0648127832	-0.0653681941	-0.0659172347	-0.0664594256	-0.0669943259	-0.0675214539	-0.0680403113	-0.0685504213	-0.0690512718	-0.0695423226	-0.0700230745	-0.0704930496	-0.0709517461	-0.0713986666	-0.0718333011	-0.0722551058	-0.0726635460	-0.0730581231	-0.0734383435	-0.0738036879	-0.0741536681	-0.0744878215	-0.0748056440	-0.0751066556	-0.0753904283	-0.0756565163	-0.0759044799	-0.0761339849	-0.0763447064	-0.0765362789	-0.0767084225	-0.0768609365	-0.0769936115	-0.0771063256	-0.0771991400	-0.0772721506	-0.0773254174	-0.0773590805	-0.0773733972	-0.0773687165	-0.0773455070	-0.0773044283	-0.0772463318	-0.0771721673	-0.0770828872	-0.0769793809	-0.0768624178	-0.0767326177	-0.0765904310	-0.0764361448	-0.0762699213	-0.0760918116	-0.0759017556	-0.0756995812	-0.0754849741	-0.0752574194	-0.0750161949	-0.0747604187	-0.0744892192	-0.0742018983	-0.0738979943	-0.0735772494	-0.0732395418	-0.0728848012	-0.0725129488	-0.0721239803	-0.0717180066	-0.0712952053	-0.0708558261	-0.0704002290	-0.0699288111	-0.0694420006	-0.0689402887	-0.0684241587	-0.0678941281	-0.0673507673	-0.0667946362	-0.0662263224	-0.0656464106	-0.0650554662	-0.0644540984	-0.0638429202	-0.0632225264	-0.0625935115	-0.0619564420	-0.0613119006	-0.0606604899	-0.0600027996	-0.0593393932	-0.0586707992	-0.0579975349	-0.0573201385	-0.0566391598	-0.0559551165	-0.0552685145	-0.0545798367	-0.0538895436	-0.0531981071	-0.0525059738	-0.0518135789	-0.0511213532	-0.0504297032	-0.0497390316	-0.0490497130	-0.0483621141	-0.0476765850	-0.0469934562	-0.0463130616	-0.0456357013	-0.0449616698	-0.0442912542	-0.0436247248	-0.0429623558	-0.0423043848	-0.0416510484	-0.0410025681	-0.0403591493	-0.0397209922	-0.0390882838	-0.0384612094	-0.0378399289	-0.0372245936	-0.0366153463	-0.0360123227	-0.0354156566	-0.0348254575	-0.0342418308	-0.0336648663	-0.0330946588	-0.0325312851	-0.0319748196	-0.0314253226	-0.0308828520	-0.0303474549	-0.0298191757	-0.0292980462	-0.0287840964	-0.0282773461	-0.0277778140	-0.0272855092	-0.0268004395	-0.0263226051	-0.0258519991	-0.0253886112	-0.0249324262	-0.0244834223	-0.0240415779	-0.0236068702	-0.0231792837	-0.0227588201	-0.0223454625	-0.0219390409	-0.0215389880	-0.0211443593	-0.0207551880	-0.0203766004	-0.0200240744	-0.0197180750	-0.0194590102	-0.0192249278	-0.0189992126	-0.0187764607	-0.0185565783	-0.0183404160	-0.0181284002	-0.0179205731	-0.0177168507	-0.0175170878	-0.0173208595	-0.0171271155
-0.0272709184	-0.0272879117	-0.0273055877	-0.0273244631	-0.0273447436	-0.0273665405	-0.0273899109	-0.0274144923	-0.0274387347	-0.0274597781	-0.0274772602	-0.0275056294	-0.0275911602	-0.0277971282	-0.0281264645	-0.0285198390	-0.0289307418	-0.0293433010	-0.0297570440	-0.0301746031	-0.0305975632	-0.0310263506	-0.0314609309	-0.0319012118	-0.0323471573	-0.0327987721	-0.0332560704	-0.0337190601	-0.0341877441	-0.0346621269	-0.0351422060	-0.0356279735	-0.0361194178	-0.0366165188	-0.0371192610	-0.0376276221	-0.0381415815	-0.0386611062	-0.0391861625	-0.0397167095	-0.0402527027	-0.0407940940	-0.0413408233	-0.0418928375	-0.0424500604	-0.0430124286	-0.0435798598	-0.0441522754	-0.0447295925	-0.0453117000	-0.0458985058	-0.0464898930	-0.0470857484	-0.0476859584	-0.0482903668	-0.0488988449	-0.0495112493	-0.0501274180	-0.0507472064	-0.0513704223	-0.0519968848	-0.0526264207	-0.0532588036	-0.0538938352	-0.0545313107	-0.0551709782	-0.0558126196	-0.0564559823	-0.0571007874	-0.0577467964	-0.0583937137	-0.0590412462	-0.0596891275	-0.0603370105	-0.0609845694	-0.0616315108	-0.0622774585	-0.0629220595	-0.0635649812	-0.0642058254	-0.0648442216	-0.0654797989	-0.0661121243	-0.0667408050	-0.0673654323	-0.0679855349	-0.0686006772	-0.0692104183	-0.0698142549	-0.0704117161	-0.0710023272	-0.0715855665	-0.0721609409	-0.0727279563	-0.0732860755	-0.0738347787	-0.0743735386	-0.0749017865	-0.0754189754	-0.0759245904	-0.0764181114	-0.0768990050	-0.0773667275	-0.0778207125	-0.0782603723	-0.0786851600	-0.0790945590	-0.0794880361	-0.0798650636	-0.0802251537	-0.0805678044	-0.0808924906	-0.0811987470	-0.0814861339	-0.0817541881	-0.0820025176	-0.0822308188	-0.0824387468	-0.0826259714	-0.0827922870	-0.0829375250	-0.0830615289	-0.0831642816	-0.0832459202	-0.0833066038	-0.0833464871	-0.0833658104	-0.0833649284	-0.0833442936	-0.0833044670	-0.0832461469	-0.0831701537	-0.0830773737	-0.0829686785	-0.0828448469	-0.0827065420	-0.0825542786	-0.0823884041	-0.0822091281	-0.0820165143	-0.0818104756	-0.0815907747	-0.0813569903	-0.0811085285	-0.0808446739	-0.0805646896	-0.0802679319	-0.0799539042	-0.0796222725	-0.0792728244	-0.0789054001	-0.0785198535	-0.0781160972	-0.0776941676	-0.0772541821	-0.0767963200	-0.0763208814	-0.0758282432	-0.0753188025	-0.0747930253	-0.0742514034	-0.0736944324	-0.0731226796	-0.0725367394	-0.0719372002	-0.0713246832	-0.0706997938	-0.0700631414	-0.0694153713	-0.0687571248	-0.0680890332	-0.0674117255	-0.0667258012	-0.0660318896	-0.0653306441	-0.0646226872	-0.0639086134	-0.0631889786	-0.0624643404	-0.0617352905	-0.0610024076	-0.0602662475	-0.0595273432	-0.0587862098	-0.0580433478	-0.0572992570	-0.0565544170	-0.0558093001	-0.0550643585	-0.0543200319	-0.0535767582	-0.0528349364	-0.0520949570	-0.0513571955	-0.0506220125	-0.0498897602	-0.0491607649	-0.0484353424	-0.0477138006	-0.0469964338	-0.0462835352	-0.0455753560	-0.0448721598	-0.0441741761	-0.0434816285	-0.0427947339	-0.0421136917	-0.0414387028	-0.0407699375	-0.0401075612	-0.0394517263	-0.0388025817	-0.0381602683	-0.0375249041	-0.0368966031	-0.0362754621	-0.0356615840	-0.0350550517	-0.0344559462	-0.0338643314	-0.0332802717	-0.0327038170	-0.0321350153	-0.0315739016	-0.0310205080	-0.0304748565	-0.0299369677	-0.0294068522	-0.0288845182	-0.0283699671	-0.0278631906	-0.0273641776	-0.0268729130	-0.0263893747	-0.0259135379	-0.0254453795	-0.0249848860	-0.0245320615	-0.0240868839	-0.0236491379	-0.0232181525	-0.0227928825	-0.0223736220	-0.0219668346	-0.0215906833	-0.0212667946	-0.0209911428	-0.0207398993	-0.0204966922	-0.0202565747	-0.0200196596	-0.0197868246	-0.0195584700	-0.0193346137	-0.0191151626	-0.0188999638	-0.0186885634	-0.0184798337
-0.0292815632	-0.0292997848	-0.0293187406	-0.0293389844	-0.0293607305	-0.0293840885	-0.0294091334	-0.0294355640	-0.0294619172	-0.0294852588	-0.0295045241	-0.0295324122	-0.0296136585	-0.0298166283	-0.0301585425	-0.0305769855	-0.0310174604	-0.0314600919	-0.0319036104	-0.0323509267	-0.0328039286	-0.0332631634	-0.0337286091	-0.0342001605	-0.0346777723	-0.0351614464	-0.0356511953	-0.0361470299	-0.0366489529	-0.0371569682	-0.0376710718	-0.0381912579	-0.0387175113	-0.0392498127	-0.0397881435	-0.0403324793	-0.0408827977	-0.0414390645	-0.0420012426	-0.0425692897	-0.0431431558	-0.0437227915	-0.0443081298	-0.0448991130	-0.0454956603	-0.0460977025	-0.0467051565	-0.0473179317	-0.0479359415	-0.0485590642	-0.0491872003	-0.0498202314	-0.0504580282	-0.0511004714	-0.0517473928	-0.0523986503	-0.0530540983	-0.0537135554	-0.0543768646	-0.0550438303	-0.0557142482	-0.0563879351	-0.0570646499	-0.0577441739	-0.0584262941	-0.0591107378	-0.0597972651	-0.0604856198	-0.0611754925	-0.0618666215	-0.0625587152	-0.0632514349	-0.0639445021	-0.0646375667	-0.0653302626	-0.0660222752	-0.0667132135	-0.0674026969	-0.0680903786	-0.0687758347	-0.0694586508	-0.0701384488	-0.0708147721	-0.0714871785	-0.0721552435	-0.0728184667	-0.0734763645	-0.0741284730	-0.0747742612	-0.0754132096	-0.0760448207	-0.0766685414	-0.0772838311	-0.0778901834	-0.0784870339	-0.0790738261	-0.0796500115	-0.0802149985	-0.0807681910	-0.0813090243	-0.0818369536	-0.0823514063	-0.0828518033	-0.0833375577	-0.0838080553	-0.0842627056	-0.0847009621	-0.0851222863	-0.0855261144	-0.0859119112	-0.0862791693	-0.0866273488	-0.0869559428	-0.0872645051	-0.0875525810	-0.0878197218	-0.0880655891	-0.0882898849	-0.0884922772	-0.0886725088	-0.0888304296	-0.0889659128	-0.0890788793	-0.0891694039	-0.0892376959	-0.0892839912	-0.0893085414	-0.0893116712	-0.0892938191	-0.0892555151	-0.0891973689	-0.0891200799	-0.0890244134	-0.0889111566	-0.0887810557	-0.0886347670	-0.0884728254	-0.0882956130	-0.0881033497	-0.0878960922	-0.0876737301	-0.0874359891	-0.0871824378	-0.0869125351	-0.0866256920	-0.0863213548	-0.0859990428	-0.0856583718	-0.0852990695	-0.0849209119	-0.0845236840	-0.0841072278	-0.0836715062	-0.0832165728	-0.0827425529	-0.0822496689	-0.0817382464	-0.0812086601	-0.0806613329	-0.0800967546	-0.0795154179	-0.0789178500	-0.0783046535	-0.0776764352	-0.0770338191	-0.0763774489	-0.0757079561	-0.0750260002	-0.0743322598	-0.0736274008	-0.0729120879	-0.0721869757	-0.0714527053	-0.0707099567	-0.0699594145	-0.0692017358	-0.0684375386	-0.0676674142	-0.0668919721	-0.0661118412	-0.0653276382	-0.0645399508	-0.0637493381	-0.0629563461	-0.0621615163	-0.0613653745	-0.0605684343	-0.0597712019	-0.0589741536	-0.0581777630	-0.0573824895	-0.0565887608	-0.0557969970	-0.0550075959	-0.0542209437	-0.0534374170	-0.0526573584	-0.0518811178	-0.0511090172	-0.0503413747	-0.0495784950	-0.0488206584	-0.0480681396	-0.0473211851	-0.0465800364	-0.0458449244	-0.0451160631	-0.0443936657	-0.0436779135	-0.0429689870	-0.0422670479	-0.0415722592	-0.0408847680	-0.0402047017	-0.0395321803	-0.0388673107	-0.0382102020	-0.0375609434	-0.0369196219	-0.0362863060	-0.0356610661	-0.0350439549	-0.0344350244	-0.0338343121	-0.0332418534	-0.0326576713	-0.0320817896	-0.0315142207	-0.0309549714	-0.0304040454	-0.0298614329	-0.0293271226	-0.0288010989	-0.0282833404	-0.0277738192	-0.0272725103	-0.0267794041	-0.0262945083	-0.0258177939	-0.0253489971	-0.0248873271	-0.0244316245	-0.0239824759	-0.0235478628	-0.0231490066	-0.0228087465	-0.0225175829	-0.0222496266	-0.0219890820	-0.0217316992	-0.0214778708	-0.0212284998	-0.0209839457	-0.0207441948	-0.0205091440	-0.0202786323	-0.0200521782	-0.0198285787
-0.0312901927	-0.0313096340	-0.0313298626	-0.0313514662	-0.0313746673	-0.0313995720	-0.0314262797	-0.0314545742	-0.0314831222	-0.0315089143	-0.0315299499	-0.0315564672	-0.0316307491	-0.0318269130	-0.0321793594	-0.0326223346	-0.0330923010	-0.0335649008	-0.0340379912	-0.0345148058	-0.0349975736	-0.0354869778	-0.0359830091	-0.0364855476	-0.0369945376	-0.0375099770	-0.0380318793	-0.0385602538	-0.0390951067	-0.0396364408	-0.0401842492	-0.0407385290	-0.0412992613	-0.0418664288	-0.0424400071	-0.0430199726	-0.0436062987	-0.0441989509	-0.0447978887	-0.0454030672	-0.0460144314	-0.0466319299	-0.0472554888	-0.0478850460	-0.0485205166	-0.0491618247	-0.0498088864	-0.0504615980	-0.0511198675	-0.0517835669	-0.0524525861	-0.0531268068	-0.0538060828	-0.0544902851	-0.0551792420	-0.0558727932	-0.0565707881	-0.0572730282	-0.0579793436	-0.0586895390	-0.0594033846	-0.0601206829	-0.0608411875	-0.0615646549	-0.0622908611	-0.0630195194	-0.0637503654	-0.0644831384	-0.0652175088	-0.0659531836	-0.0666898681	-0.0674272063	-0.0681648814	-0.0689025525	-0.0696398194	-0.0703763310	-0.0711117041	-0.0718455151	-0.0725773907	-0.0733068939	-0.0740335679	-0.0747570103	-0.0754767485	-0.0761922868	-0.0769031794	-0.0776089115	-0.0783089516	-0.0790028031	-0.0796899223	-0.0803697446	-0.0810417440	-0.0817053586	-0.0823600077	-0.0830051510	-0.0836402086	-0.0842645843	-0.0848776965	-0.0854789306	-0.0860676400	-0.0866432140	-0.0872050682	-0.0877526000	-0.0882852118	-0.0888022946	-0.0893032280	-0.0897873881	-0.0902541780	-0.0907030321	-0.0911333615	-0.0915445916	-0.0919361988	-0.0923076529	-0.0926584168	-0.0929880052	-0.0932959731	-0.0935818615	-0.0938452693	-0.0940859032	-0.0943034771	-0.0944977014	-0.0946683864	-0.0948154350	-0.0949387838	-0.0950384400	-0.0951145543	-0.0951673971	-0.0951972795	-0.0952045427	-0.0951895866	-0.0951528964	-0.0950950386	-0.0950166383	-0.0949183632	-0.0948008952	-0.0946648996	-0.0945109767	-0.0943396308	-0.0941512393	-0.0939460111	-0.0937240040	-0.0934851206	-0.0932291118	-0.0929556248	-0.0926642303	-0.0923544760	-0.0920259431	-0.0916782608	-0.0913111180	-0.0909242402	-0.0905173713	-0.0900903022	-0.0896429338	-0.0891752663	-0.0886873572	-0.0881793669	-0.0876515696	-0.0871042947	-0.0865379229	-0.0859529127	-0.0853497505	-0.0847289446	-0.0840910718	-0.0834367506	-0.0827666045	-0.0820812894	-0.0813814651	-0.0806677949	-0.0799409825	-0.0792017373	-0.0784507543	-0.0776887326	-0.0769163442	-0.0761342795	-0.0753432638	-0.0745440070	-0.0737371957	-0.0729234688	-0.0721034566	-0.0712778234	-0.0704472323	-0.0696123323	-0.0687737375	-0.0679320457	-0.0670878304	-0.0662416698	-0.0653941205	-0.0645457254	-0.0636970187	-0.0628485065	-0.0620006971	-0.0611540667	-0.0603090702	-0.0594661574	-0.0586257485	-0.0577882565	-0.0569540741	-0.0561235708	-0.0552971214	-0.0544750664	-0.0536577455	-0.0528454793	-0.0520385708	-0.0512373049	-0.0504419473	-0.0496527603	-0.0488699848	-0.0480938530	-0.0473245870	-0.0465623802	-0.0458074263	-0.0450598978	-0.0443199727	-0.0435878026	-0.0428635260	-0.0421472676	-0.0414391454	-0.0407392742	-0.0400477494	-0.0393646637	-0.0386900911	-0.0380241059	-0.0373667655	-0.0367181259	-0.0360782266	-0.0354471057	-0.0348247897	-0.0342113032	-0.0336066609	-0.0330108693	-0.0324239326	-0.0318458414	-0.0312765833	-0.0307161433	-0.0301644992	-0.0296216212	-0.0290874837	-0.0285620794	-0.0280454211	-0.0275374713	-0.0270379124	-0.0265458181	-0.0260599070	-0.0255811167	-0.0251191669	-0.0246986995	-0.0243436865	-0.0240380456	-0.0237537712	-0.0234760276	-0.0232014867	-0.0229308773	-0.0226651186	-0.0224045136	-0.0221490119	-0.0218984979	-0.0216528044	-0.0214114226	-0.0211730766
-0.0332966703	-0.0333173232	-0.0333388145	-0.0333617685	-0.0333864134	-0.0334128506	-0.0334412058	-0.0334713656	-0.0335021676	-0.0335305562	-0.0335534599	-0.0335780857	-0.0336432491	-0.0338288041	-0.0341889827	-0.0346553289	-0.0351544718	-0.0356569077	-0.0361593837	-0.0366654429	-0.0371776912	-0.0376969699	-0.0382232911	-0.0387565184	-0.0392965827	-0.0398434789	-0.0403972201	-0.0409578159	-0.0415252741	-0.0420995948	-0.0426807732	-0.0432688041	-0.0438636684	-0.0444653476	-0.0450738132	-0.0456890423	-0.0463110030	-0.0469396611	-0.0475749715	-0.0482168878	-0.0488653489	-0.0495202995	-0.0501816619	-0.0508493675	-0.0515233303	-0.0522034654	-0.0528896854	-0.0535818766	-0.0542799394	-0.0549837438	-0.0556931664	-0.0564080859	-0.0571283414	-0.0578537941	-0.0585842729	-0.0593195965	-0.0600596053	-0.0608040896	-0.0615528638	-0.0623057328	-0.0630624444	-0.0638227829	-0.0645865049	-0.0653533381	-0.0661230453	-0.0668953346	-0.0676699136	-0.0684465143	-0.0692247945	-0.0700044305	-0.0707851189	-0.0715664894	-0.0723481910	-0.0731298802	-0.0739111296	-0.0746915559	-0.0754707682	-0.0762483030	-0.0770237499	-0.0777966738	-0.0785665746	-0.0793330140	-0.0800955052	-0.0808535176	-0.0816065722	-0.0823541443	-0.0830956649	-0.0838306053	-0.0845584119	-0.0852784920	-0.0859902806	-0.0866932107	-0.0873866597	-0.0880700386	-0.0887427556	-0.0894041669	-0.0900536447	-0.0906905572	-0.0913142228	-0.0919239932	-0.0925192464	-0.0930993654	-0.0936637293	-0.0942117101	-0.0947426701	-0.0952559452	-0.0957508891	-0.0962268997	-0.0966833839	-0.0971197470	-0.0975354318	-0.0979299086	-0.0983026300	-0.0986530633	-0.0989807499	-0.0992852567	-0.0995661456	-0.0998230692	-0.1000557695	-0.1002639866	-0.1004474880	-0.1006061474	-0.1007399313	-0.1008488523	-0.1009329881	-0.1009925450	-0.1010278469	-0.1010392732	-0.1010272295	-0.1009921702	-0.1009346073	-0.1008550985	-0.1007542359	-0.1006326187	-0.1004908299	-0.1003294010	-0.1001487798	-0.0999493035	-0.0997311764	-0.0994944706	-0.0992391267	-0.0989649608	-0.0986717090	-0.0983590576	-0.0980266736	-0.0976742341	-0.0973014353	-0.0969079877	-0.0964936087	-0.0960580697	-0.0956012281	-0.0951230359	-0.0946235031	-0.0941027306	-0.0935609311	-0.0929983921	-0.0924154576	-0.0918125385	-0.0911900988	-0.0905486217	-0.0898886543	-0.0892108154	-0.0885157297	-0.0878040537	-0.0870764639	-0.0863336305	-0.0855762593	-0.0848050899	-0.0840208524	-0.0832242754	-0.0824160840	-0.0815969818	-0.0807677118	-0.0799290331	-0.0790816836	-0.0782263644	-0.0773637477	-0.0764945024	-0.0756193335	-0.0747389463	-0.0738540131	-0.0729651824	-0.0720730790	-0.0711783148	-0.0702814997	-0.0693832180	-0.0684840446	-0.0675845429	-0.0666852492	-0.0657866977	-0.0648893866	-0.0639938003	-0.0631004113	-0.0622096645	-0.0613219958	-0.0604378168	-0.0595575270	-0.0586815178	-0.0578101473	-0.0569437836	-0.0560827600	-0.0552273976	-0.0543780007	-0.0535348447	-0.0526982150	-0.0518683641	-0.0510455432	-0.0502299814	-0.0494218857	-0.0486214604	-0.0478288904	-0.0470443669	-0.0462680472	-0.0455000804	-0.0447405978	-0.0439897272	-0.0432475887	-0.0425142853	-0.0417899136	-0.0410745543	-0.0403682854	-0.0396711693	-0.0389832644	-0.0383046145	-0.0376352593	-0.0369752298	-0.0363245498	-0.0356832368	-0.0350512981	-0.0344287373	-0.0338155468	-0.0332117125	-0.0326172193	-0.0320320446	-0.0314561576	-0.0308895330	-0.0303321656	-0.0297840728	-0.0292452042	-0.0287151754	-0.0281929160	-0.0276770585	-0.0271690536	-0.0266806670	-0.0262400615	-0.0258716885	-0.0255522965	-0.0252519698	-0.0249571557	-0.0246655872	-0.0243783499	-0.0240963643	-0.0238198661	-0.0235487651	-0.0232829321	-0.0230221951	-0.0227660199	-0.0225130583
-0.0353008601	-0.0353227136	-0.0353454569	-0.0353697515	-0.0353958288	-0.0354237873	-0.0354537720	-0.0354857771	-0.0355188300	-0.0355498820	-0.0355748431	-0.0355977623	-0.0356533152	-0.0358257946	-0.0361892581	-0.0366759569	-0.0372031752	-0.0377352005	-0.0382669449	-0.0388020459	-0.0393434971	-0.0398923422	-0.0404486386	-0.0410122385	-0.0415830590	-0.0421610880	-0.0427463372	-0.0433388180	-0.0439385389	-0.0445454968	-0.0451596902	-0.0457811105	-0.0464097379	-0.0470455522	-0.0476885229	-0.0483386246	-0.0489958216	-0.0496600804	-0.0503313495	-0.0510095817	-0.0516947100	-0.0523866740	-0.0530853945	-0.0537907947	-0.0545027900	-0.0552212824	-0.0559461812	-0.0566773637	-0.0574147235	-0.0581581305	-0.0589074455	-0.0596625406	-0.0604232451	-0.0611894101	-0.0619608657	-0.0627374081	-0.0635188668	-0.0643050297	-0.0650956901	-0.0658906496	-0.0666896421	-0.0674924324	-0.0682987790	-0.0691083844	-0.0699209940	-0.0707363186	-0.0715540358	-0.0723738622	-0.0731954520	-0.0740184501	-0.0748425367	-0.0756673256	-0.0764924409	-0.0773175179	-0.0781421157	-0.0789658115	-0.0797881955	-0.0806087854	-0.0814271257	-0.0822427771	-0.0830552108	-0.0838639363	-0.0846684740	-0.0854682678	-0.0862627912	-0.0870515203	-0.0878338576	-0.0886092372	-0.0893771012	-0.0901368265	-0.0908878034	-0.0916294386	-0.0923610790	-0.0930820797	-0.0937918248	-0.0944896458	-0.0951748676	-0.0958468404	-0.0965048782	-0.0971482896	-0.0977764225	-0.0983886383	-0.0989842803	-0.0995626935	-0.1001232095	-0.1006651374	-0.1011878028	-0.1016905722	-0.1021728495	-0.1026340231	-0.1030734902	-0.1034906978	-0.1038851010	-0.1042561539	-0.1046033687	-0.1049263119	-0.1052245507	-0.1054976904	-0.1057454373	-0.1059675679	-0.1061638652	-0.1063341606	-0.1064783919	-0.1065965819	-0.1066888063	-0.1067552189	-0.1067960744	-0.1068117203	-0.1068025773	-0.1067691017	-0.1067117690	-0.1066310861	-0.1065275796	-0.1064017705	-0.1062541676	-0.1060852426	-0.1058953887	-0.1056849099	-0.1054540075	-0.1052027663	-0.1049311727	-0.1046391167	-0.1043264168	-0.1039928552	-0.1036381849	-0.1032621348	-0.1028644275	-0.1024448035	-0.1020030371	-0.1015389694	-0.1010525149	-0.1005436464	-0.1000124176	-0.0994589948	-0.0988836171	-0.0982865768	-0.0976682501	-0.0970290729	-0.0963694996	-0.0956900394	-0.0949912836	-0.0942738646	-0.0935384294	-0.0927856641	-0.0920162602	-0.0912309103	-0.0904303631	-0.0896153766	-0.0887867087	-0.0879451130	-0.0870913323	-0.0862261227	-0.0853502730	-0.0844645727	-0.0835697832	-0.0826666175	-0.0817557819	-0.0808379935	-0.0799139911	-0.0789845137	-0.0780502590	-0.0771119077	-0.0761701068	-0.0752255086	-0.0742787527	-0.0733304505	-0.0723812151	-0.0714316344	-0.0704822751	-0.0695336955	-0.0685864138	-0.0676409469	-0.0666977889	-0.0657574064	-0.0648202591	-0.0638867811	-0.0629573931	-0.0620325031	-0.0611124959	-0.0601977613	-0.0592886422	-0.0583854820	-0.0574885981	-0.0565982874	-0.0557148457	-0.0548385417	-0.0539696448	-0.0531083915	-0.0522550039	-0.0514096950	-0.0505726639	-0.0497441113	-0.0489242021	-0.0481130952	-0.0473109289	-0.0465178425	-0.0457339593	-0.0449593914	-0.0441942381	-0.0434385884	-0.0426925224	-0.0419561089	-0.0412294079	-0.0405124680	-0.0398053302	-0.0391080297	-0.0384205905	-0.0377430324	-0.0370753633	-0.0364175867	-0.0357696974	-0.0351316792	-0.0345035161	-0.0338851855	-0.0332766574	-0.0326779068	-0.0320889318	-0.0315097509	-0.0309402878	-0.0303800678	-0.0298278804	-0.0292824055	-0.0287460025	-0.0282329722	-0.0277744658	-0.0273934449	-0.0270602520	-0.0267438357	-0.0264320563	-0.0261236388	-0.0258199625	-0.0255219284	-0.0252297032	-0.0249431603	-0.0246621599	-0.0243865258	-0.0241156984	-0.0238482596
-0.0373026235	-0.0373256629	-0.0373496460	-0.0373752703	-0.0374027715	-0.0374322426	-0.0374638391	-0.0374976357	-0.0375328315	-0.0375664680	-0.0375937961	-0.0376163530	-0.0376647020	-0.0378241872	-0.0381837989	-0.0386847098	-0.0392375856	-0.0397987697	-0.0403597911	-0.0409238263	-0.0414942249	-0.0420723147	-0.0426582498	-0.0432518866	-0.0438531264	-0.0444619464	-0.0450783552	-0.0457023661	-0.0463339867	-0.0469732134	-0.0476200445	-0.0482744698	-0.0489364691	-0.0496060194	-0.0502830885	-0.0509676480	-0.0516596597	-0.0523590878	-0.0530658766	-0.0537799760	-0.0545013150	-0.0552298289	-0.0559654367	-0.0567080532	-0.0574575926	-0.0582139442	-0.0589770142	-0.0597466736	-0.0605228066	-0.0613052854	-0.0620939523	-0.0628886726	-0.0636892712	-0.0644955856	-0.0653074461	-0.0661246308	-0.0669469546	-0.0677742096	-0.0686061662	-0.0694426177	-0.0702832948	-0.0711279385	-0.0719763040	-0.0728280777	-0.0736829804	-0.0745407270	-0.0754009672	-0.0762633919	-0.0771276607	-0.0779933818	-0.0788602099	-0.0797277611	-0.0805956137	-0.0814633884	-0.0823306390	-0.0831968905	-0.0840617207	-0.0849246446	-0.0857851548	-0.0866427910	-0.0874970287	-0.0883473233	-0.0891931885	-0.0900340619	-0.0908693678	-0.0916985739	-0.0925210716	-0.0933362452	-0.0941435141	-0.0949422281	-0.0957317289	-0.0965113873	-0.0972805347	-0.0980384757	-0.0987845588	-0.0995181165	-0.1002384439	-0.1009448635	-0.1016366924	-0.1023131976	-0.1029736770	-0.1036174538	-0.1042438418	-0.1048521505	-0.1054416928	-0.1060117830	-0.1065617258	-0.1070908530	-0.1075985337	-0.1080841395	-0.1085470425	-0.1089866544	-0.1094024323	-0.1097938422	-0.1101603619	-0.1105015237	-0.1108169136	-0.1111061327	-0.1113688328	-0.1116047680	-0.1118137538	-0.1119956317	-0.1121502942	-0.1122777222	-0.1123779991	-0.1124512745	-0.1124977488	-0.1125177072	-0.1125115216	-0.1124796156	-0.1124224484	-0.1123405006	-0.1122342552	-0.1121041802	-0.1119507212	-0.1117742896	-0.1115752408	-0.1113538585	-0.1111103366	-0.1108447772	-0.1105572059	-0.1102475771	-0.1099157716	-0.1095616272	-0.1091849463	-0.1087855025	-0.1083630698	-0.1079174597	-0.1074485218	-0.1069561470	-0.1064402918	-0.1059009775	-0.1053383260	-0.1047525389	-0.1041438694	-0.1035126429	-0.1028592566	-0.1021841462	-0.1014877930	-0.1007707529	-0.1000336362	-0.0992770811	-0.0985017677	-0.0977083976	-0.0968976776	-0.0960703500	-0.0952271863	-0.0943689631	-0.0934964654	-0.0926104664	-0.0917117343	-0.0908010743	-0.0898793136	-0.0889472695	-0.0880057209	-0.0870554047	-0.0860970554	-0.0851314433	-0.0841593496	-0.0831815282	-0.0821987038	-0.0812115797	-0.0802208374	-0.0792271630	-0.0782312203	-0.0772336595	-0.0762351218	-0.0752362148	-0.0742375384	-0.0732396749	-0.0722431714	-0.0712485699	-0.0702563824	-0.0692670970	-0.0682812034	-0.0672991492	-0.0663213863	-0.0653483311	-0.0643803969	-0.0634179925	-0.0624614758	-0.0615112059	-0.0605675158	-0.0596307225	-0.0587011327	-0.0577790314	-0.0568647030	-0.0559583931	-0.0550603401	-0.0541707650	-0.0532898830	-0.0524179008	-0.0515549921	-0.0507013248	-0.0498570442	-0.0490223017	-0.0481972238	-0.0473819321	-0.0465765283	-0.0457811097	-0.0449957586	-0.0442205507	-0.0434555469	-0.0427008012	-0.0419563556	-0.0412222492	-0.0404985069	-0.0397851507	-0.0390821899	-0.0383896275	-0.0377074592	-0.0370356695	-0.0363742402	-0.0357231484	-0.0350823659	-0.0344518699	-0.0338316635	-0.0332217584	-0.0326220309	-0.0320318820	-0.0314499757	-0.0308752769	-0.0303117030	-0.0297767935	-0.0293034791	-0.0289097733	-0.0285618682	-0.0282289862	-0.0279003191	-0.0275752824	-0.0272553957	-0.0269415087	-0.0266337308	-0.0263319094	-0.0260358998	-0.0257455218	-0.0254601912	-0.0251784205
-0.0393018107	-0.0393260209	-0.0393512294	-0.0393781703	-0.0394070872	-0.0394380646	-0.0394712560	-0.0395067715	-0.0395439427	-0.0395800045	-0.0396100846	-0.0396342914	-0.0396794787	-0.0398273998	-0.0401742834	-0.0406814673	-0.0412568885	-0.0418467286	-0.0424371118	-0.0430300203	-0.0436291123	-0.0442361082	-0.0448513260	-0.0454746456	-0.0461059494	-0.0467451993	-0.0473924003	-0.0480475671	-0.0487107053	-0.0493818104	-0.0500608811	-0.0507479050	-0.0514428629	-0.0521457291	-0.0528564677	-0.0535750480	-0.0543014289	-0.0550355714	-0.0557774180	-0.0565269130	-0.0572839845	-0.0580485608	-0.0588205612	-0.0595998898	-0.0603864576	-0.0611801460	-0.0619808537	-0.0627884524	-0.0636028124	-0.0644238060	-0.0652512618	-0.0660850355	-0.0669249547	-0.0677708379	-0.0686225129	-0.0694797495	-0.0703423439	-0.0712100907	-0.0720827405	-0.0729600740	-0.0738418265	-0.0747277090	-0.0756174668	-0.0765107804	-0.0774073403	-0.0783068562	-0.0792089605	-0.0801133130	-0.0810195745	-0.0819273255	-0.0828361857	-0.0837457789	-0.0846556392	-0.0855653693	-0.0864745218	-0.0873825842	-0.0882891068	-0.0891936052	-0.0900955359	-0.0909944135	-0.0918897182	-0.0927808761	-0.0936673558	-0.0945486064	-0.0954240131	-0.0962930004	-0.0971549625	-0.0980092256	-0.0988551711	-0.0996921405	-0.1005194267	-0.1013363646	-0.1021422798	-0.1029364512	-0.1037181888	-0.1044868195	-0.1052416261	-0.1059818865	-0.1067068930	-0.1074158906	-0.1081081185	-0.1087828553	-0.1094393989	-0.1100770412	-0.1106950847	-0.1112928385	-0.1118695906	-0.1124246288	-0.1129572737	-0.1134668853	-0.1139528348	-0.1144145077	-0.1148513386	-0.1152627948	-0.1156483391	-0.1160074726	-0.1163397746	-0.1166448585	-0.1169223609	-0.1171719822	-0.1173935203	-0.1175868375	-0.1177518302	-0.1178884450	-0.1179967204	-0.1180767784	-0.1181288095	-0.1181530732	-0.1181498759	-0.1181195775	-0.1180625937	-0.1179793647	-0.1178703337	-0.1177359406	-0.1175765976	-0.1173926704	-0.1171844853	-0.1169523078	-0.1166963287	-0.1164166680	-0.1161133764	-0.1157864440	-0.1154357938	-0.1150613077	-0.1146628366	-0.1142402265	-0.1137933300	-0.1133220136	-0.1128261798	-0.1123057702	-0.1117608059	-0.1111913811	-0.1105976516	-0.1099798352	-0.1093382289	-0.1086731955	-0.1079851290	-0.1072744742	-0.1065417654	-0.1057875968	-0.1050125905	-0.1042173996	-0.1034027274	-0.1025692831	-0.1017178030	-0.1008490776	-0.0999638948	-0.0990630572	-0.0981473662	-0.0972176161	-0.0962746133	-0.0953192043	-0.0943522500	-0.0933745828	-0.0923869943	-0.0913902529	-0.0903851365	-0.0893724639	-0.0883530449	-0.0873276529	-0.0862970393	-0.0852619280	-0.0842230378	-0.0831810818	-0.0821367519	-0.0810907334	-0.0800436867	-0.0789962463	-0.0779490442	-0.0769026840	-0.0758577434	-0.0748147836	-0.0737743359	-0.0727369179	-0.0717030365	-0.0706731663	-0.0696477763	-0.0686273069	-0.0676121900	-0.0666028467	-0.0655996577	-0.0646029969	-0.0636132129	-0.0626306388	-0.0616555950	-0.0606883837	-0.0597292992	-0.0587785983	-0.0578365351	-0.0569033397	-0.0559792448	-0.0550644605	-0.0541591705	-0.0532635492	-0.0523777528	-0.0515019410	-0.0506362459	-0.0497807969	-0.0489356995	-0.0481010587	-0.0472769597	-0.0464634839	-0.0456606941	-0.0448686490	-0.0440873929	-0.0433169680	-0.0425574008	-0.0418087146	-0.0410709219	-0.0403440239	-0.0396280165	-0.0389228870	-0.0382286151	-0.0375451767	-0.0368725450	-0.0362107020	-0.0355596580	-0.0349194115	-0.0342897679	-0.0336699682	-0.0330585601	-0.0324550250	-0.0318655002	-0.0313115359	-0.0308266827	-0.0304203389	-0.0300568222	-0.0297070962	-0.0293616213	-0.0290202021	-0.0286843424	-0.0283548070	-0.0280316584	-0.0277147298	-0.0274038761	-0.0270989146	-0.0267992360	-0.0265032858
-0.0412982628	-0.0413236288	-0.0413500466	-0.0413782897	-0.0414086119	-0.0414410869	-0.0414758536	-0.0415130358	-0.0415520837	-0.0415905152	-0.0416236765	-0.0416508114	-0.0416949345	-0.0418307383	-0.0421571463	-0.0426645447	-0.0432603420	-0.0438785187	-0.0444982723	-0.0451199078	-0.0457473962	-0.0463829397	-0.0470270711	-0.0476797031	-0.0483406980	-0.0490099988	-0.0496876070	-0.0503735360	-0.0510677901	-0.0517703648	-0.0524812575	-0.0532004545	-0.0539279375	-0.0546636771	-0.0554076363	-0.0561597786	-0.0569200613	-0.0576884421	-0.0584648626	-0.0592492605	-0.0600415654	-0.0608416947	-0.0616495680	-0.0624650804	-0.0632881387	-0.0641186202	-0.0649564128	-0.0658013929	-0.0666534159	-0.0675123489	-0.0683780157	-0.0692502583	-0.0701289099	-0.0710137689	-0.0719046567	-0.0728013430	-0.0737036012	-0.0746112231	-0.0755239441	-0.0764415274	-0.0773637137	-0.0782901863	-0.0792206715	-0.0801548534	-0.0810923880	-0.0820329705	-0.0829762305	-0.0839217916	-0.0848693063	-0.0858183433	-0.0867684880	-0.0877193511	-0.0886704604	-0.0896213728	-0.0905716466	-0.0915207567	-0.0924682109	-0.0934135237	-0.0943561324	-0.0952955198	-0.0962311608	-0.0971624573	-0.0980888300	-0.0990097234	-0.0999244920	-0.1008325053	-0.1017331536	-0.1026257313	-0.1035095631	-0.1043839899	-0.1052482923	-0.1061017534	-0.1069436949	-0.1077733956	-0.1085901223	-0.1093931656	-0.1101817934	-0.1109552381	-0.1117127451	-0.1124535532	-0.1131768730	-0.1138819414	-0.1145680435	-0.1152344666	-0.1158804839	-0.1165053705	-0.1171084015	-0.1176888390	-0.1182459739	-0.1187791493	-0.1192877314	-0.1197710909	-0.1202286188	-0.1206597635	-0.1210640018	-0.1214408277	-0.1217897806	-0.1221104658	-0.1224025338	-0.1226656650	-0.1228996091	-0.1231042018	-0.1232793506	-0.1234250109	-0.1235411841	-0.1236279406	-0.1236854386	-0.1237139051	-0.1237136135	-0.1236848860	-0.1236280820	-0.1235435857	-0.1234317946	-0.1232931065	-0.1231279039	-0.1229365306	-0.1227192865	-0.1224764207	-0.1222081260	-0.1219145359	-0.1215957187	-0.1212516904	-0.1208824230	-0.1204878484	-0.1200678731	-0.1196224091	-0.1191513637	-0.1186546529	-0.1181322468	-0.1175841609	-0.1170104754	-0.1164113315	-0.1157869153	-0.1151374806	-0.1144633615	-0.1137649344	-0.1130426108	-0.1122968776	-0.1115283033	-0.1107375005	-0.1099251196	-0.1090918408	-0.1082383682	-0.1073654304	-0.1064738060	-0.1055643068	-0.1046377484	-0.1036949533	-0.1027367420	-0.1017639318	-0.1007773769	-0.0997779619	-0.0987665681	-0.0977440335	-0.0967111665	-0.0956687692	-0.0946176764	-0.0935587427	-0.0924927958	-0.0914206372	-0.0903430430	-0.0892607633	-0.0881745518	-0.0870851435	-0.0859932605	-0.0848996126	-0.0838048864	-0.0827097472	-0.0816148500	-0.0805208204	-0.0794282593	-0.0783377494	-0.0772498459	-0.0761651012	-0.0750840283	-0.0740071338	-0.0729348979	-0.0718677871	-0.0708062617	-0.0697507426	-0.0687016375	-0.0676593346	-0.0666241936	-0.0655965702	-0.0645767942	-0.0635651884	-0.0625620523	-0.0615676561	-0.0605822667	-0.0596061259	-0.0586394825	-0.0576825493	-0.0567355224	-0.0557985804	-0.0548718927	-0.0539556245	-0.0530499158	-0.0521549007	-0.0512706918	-0.0503973991	-0.0495351130	-0.0486839191	-0.0478438830	-0.0470150679	-0.0461975206	-0.0453912860	-0.0445963940	-0.0438128677	-0.0430407225	-0.0422799592	-0.0415305733	-0.0407925542	-0.0400658817	-0.0393505296	-0.0386464721	-0.0379536981	-0.0372722254	-0.0366020381	-0.0359428571	-0.0352937352	-0.0346530932	-0.0340210427	-0.0334063560	-0.0328352468	-0.0323415204	-0.0319235487	-0.0315444804	-0.0311779000	-0.0308157342	-0.0304581289	-0.0301065085	-0.0297615281	-0.0294231989	-0.0290913433	-0.0287658195	-0.0284464418	-0.0281325771	-0.0278226058
-0.0432918192	-0.0433183251	-0.0433459380	-0.0433754696	-0.0434071845	-0.0434411413	-0.0434774619	-0.0435162900	-0.0435572232	-0.0435981230	-0.0436345864	-0.0436647558	-0.0437069069	-0.0438271985	-0.0441276242	-0.0446320666	-0.0452473237	-0.0458936890	-0.0465426831	-0.0471927817	-0.0478483189	-0.0485120341	-0.0491846980	-0.0498662586	-0.0505565548	-0.0512555114	-0.0519631245	-0.0526794041	-0.0534043536	-0.0541379716	-0.0548802506	-0.0556311766	-0.0563907318	-0.0571588826	-0.0579355923	-0.0587208178	-0.0595145166	-0.0603166390	-0.0611271296	-0.0619459178	-0.0627729339	-0.0636080866	-0.0644512935	-0.0653024430	-0.0661614369	-0.0670281522	-0.0679024653	-0.0687842537	-0.0696733604	-0.0705696463	-0.0714729351	-0.0723830527	-0.0732998320	-0.0742230576	-0.0751525384	-0.0760880496	-0.0770293380	-0.0779761856	-0.0789283223	-0.0798854868	-0.0808474210	-0.0818137917	-0.0827842965	-0.0837586258	-0.0847364065	-0.0857173108	-0.0867009745	-0.0876869855	-0.0886749778	-0.0896645258	-0.0906551779	-0.0916465227	-0.0926380990	-0.0936294181	-0.0946200334	-0.0956094265	-0.0965970533	-0.0975824242	-0.0985649698	-0.0995441155	-0.1005193295	-0.1014899955	-0.1024554866	-0.1034152160	-0.1043685305	-0.1053147546	-0.1062532474	-0.1071833190	-0.1081042320	-0.1090153165	-0.1099158624	-0.1108051128	-0.1116823606	-0.1125468783	-0.1133978886	-0.1142346292	-0.1150563458	-0.1158622424	-0.1166515293	-0.1174234374	-0.1181771777	-0.1189119591	-0.1196270303	-0.1203216479	-0.1209950574	-0.1216465013	-0.1222752362	-0.1228805287	-0.1234616622	-0.1240179425	-0.1245487067	-0.1250533178	-0.1255311465	-0.1259816074	-0.1264041760	-0.1267983568	-0.1271636646	-0.1274996705	-0.1278060186	-0.1280823980	-0.1283285405	-0.1285442382	-0.1287293623	-0.1288838653	-0.1290077491	-0.1291010624	-0.1291639155	-0.1291964789	-0.1291989854	-0.1291717248	-0.1291150168	-0.1290291999	-0.1289146311	-0.1287716643	-0.1286006410	-0.1284018793	-0.1281756601	-0.1279222213	-0.1276417583	-0.1273344144	-0.1270002803	-0.1266394033	-0.1262517954	-0.1258374373	-0.1253962865	-0.1249283003	-0.1244334477	-0.1239117188	-0.1233631521	-0.1227878301	-0.1221858644	-0.1215574305	-0.1209027757	-0.1202221962	-0.1195160244	-0.1187846570	-0.1180285642	-0.1172482792	-0.1164443813	-0.1156174971	-0.1147683093	-0.1138975241	-0.1130058525	-0.1120940555	-0.1111629438	-0.1102133417	-0.1092460904	-0.1082620337	-0.1072620080	-0.1062468714	-0.1052175259	-0.1041748834	-0.1031198286	-0.1020532145	-0.1009758667	-0.0998886325	-0.0987923943	-0.0976880308	-0.0965763959	-0.0954583142	-0.0943345817	-0.0932059821	-0.0920733018	-0.0909372990	-0.0897987244	-0.0886583110	-0.0875167680	-0.0863747937	-0.0852330652	-0.0840922198	-0.0829528909	-0.0818156801	-0.0806811665	-0.0795499309	-0.0784224990	-0.0772993993	-0.0761811368	-0.0750681926	-0.0739610531	-0.0728601500	-0.0717659152	-0.0706787446	-0.0695990140	-0.0685270986	-0.0674633401	-0.0664080801	-0.0653616233	-0.0643242548	-0.0632962505	-0.0622778679	-0.0612693665	-0.0602709636	-0.0592828682	-0.0583052643	-0.0573383343	-0.0563822470	-0.0554371516	-0.0545031862	-0.0535804711	-0.0526691207	-0.0517692312	-0.0508808911	-0.0500041711	-0.0491391369	-0.0482858402	-0.0474443264	-0.0466146299	-0.0457967738	-0.0449907755	-0.0441966368	-0.0434143519	-0.0426439123	-0.0418852989	-0.0411384841	-0.0404034425	-0.0396801705	-0.0389686931	-0.0382689808	-0.0375806616	-0.0369025826	-0.0362330275	-0.0355728002	-0.0349335615	-0.0343466313	-0.0338460990	-0.0334181319	-0.0330242748	-0.0326411151	-0.0322624129	-0.0318887918	-0.0315216065	-0.0311613841	-0.0308080721	-0.0304614790	-0.0301214661	-0.0297878462	-0.0294599642	-0.0291361360
-0.0452823252	-0.0453099565	-0.0453387510	-0.0453695586	-0.0454026507	-0.0454380716	-0.0454759269	-0.0455163906	-0.0455592443	-0.0456027327	-0.0456426358	-0.0456755687	-0.0457141330	-0.0458153991	-0.0460858916	-0.0465843349	-0.0472175634	-0.0478916011	-0.0485695943	-0.0492478869	-0.0499311328	-0.0506226394	-0.0513234401	-0.0520335295	-0.0527527217	-0.0534809235	-0.0542181208	-0.0549643219	-0.0557195301	-0.0564837459	-0.0572569573	-0.0580391509	-0.0588303064	-0.0596303888	-0.0604393602	-0.0612571728	-0.0620837825	-0.0629191332	-0.0637631716	-0.0646158203	-0.0654770077	-0.0663466381	-0.0672246242	-0.0681108532	-0.0690052166	-0.0699075957	-0.0708178530	-0.0717358629	-0.0726614606	-0.0735944979	-0.0745348025	-0.0754821801	-0.0764364570	-0.0773974119	-0.0783648360	-0.0793385097	-0.0803181571	-0.0813035417	-0.0822943978	-0.0832904355	-0.0842913909	-0.0852969273	-0.0863067091	-0.0873204258	-0.0883376900	-0.0893581421	-0.0903814248	-0.0914071030	-0.0924347814	-0.0934640483	-0.0944944194	-0.0955254610	-0.0965567173	-0.0975876745	-0.0986178587	-0.0996467588	-0.1006737924	-0.1016984355	-0.1027201256	-0.1037382333	-0.1047521905	-0.1057613887	-0.1067651552	-0.1077628593	-0.1087538569	-0.1097374418	-0.1107129345	-0.1116796622	-0.1126368668	-0.1135838351	-0.1145198542	-0.1154441482	-0.1163559544	-0.1172545140	-0.1181390256	-0.1190086817	-0.1198627010	-0.1207002876	-0.1215206331	-0.1223229470	-0.1231064370	-0.1238702907	-0.1246136944	-0.1253358649	-0.1260360316	-0.1267134249	-0.1273672857	-0.1279968824	-0.1286014870	-0.1291803669	-0.1297328254	-0.1302582098	-0.1307558996	-0.1312252875	-0.1316658091	-0.1320769586	-0.1324582620	-0.1328092754	-0.1331296080	-0.1334189358	-0.1336769916	-0.1339035536	-0.1340984553	-0.1342616073	-0.1343929874	-0.1344926380	-0.1345606506	-0.1345971590	-0.1346023481	-0.1345764545	-0.1345197539	-0.1344325447	-0.1343151435	-0.1341678732	-0.1339910421	-0.1337849382	-0.1335498288	-0.1332859439	-0.1329934776	-0.1326725800	-0.1323233658	-0.1319459122	-0.1315402558	-0.1311064256	-0.1306444415	-0.1301543107	-0.1296360711	-0.1290897833	-0.1285155259	-0.1279134298	-0.1272836590	-0.1266264322	-0.1259420384	-0.1252308006	-0.1244930725	-0.1237292923	-0.1229399852	-0.1221257169	-0.1212870805	-0.1204247268	-0.1195393504	-0.1186316717	-0.1177024455	-0.1167524678	-0.1157825630	-0.1147935731	-0.1137863540	-0.1127617682	-0.1117206771	-0.1106639953	-0.1095926579	-0.1085075919	-0.1074096866	-0.1062998104	-0.1051788138	-0.1040475998	-0.1029070812	-0.1017581633	-0.1006017168	-0.0994385852	-0.0982695939	-0.0970955591	-0.0959172914	-0.0947355789	-0.0935512013	-0.0923649157	-0.0911774503	-0.0899895331	-0.0888018617	-0.0876150880	-0.0864298789	-0.0852468478	-0.0840666039	-0.0828897409	-0.0817168091	-0.0805483602	-0.0793849147	-0.0782269815	-0.0770750567	-0.0759295934	-0.0747910395	-0.0736598020	-0.0725362780	-0.0714208552	-0.0703138909	-0.0692157417	-0.0681267187	-0.0670471249	-0.0659772427	-0.0649173471	-0.0638677032	-0.0628285369	-0.0618000661	-0.0607824826	-0.0597759825	-0.0587807365	-0.0577969044	-0.0568246275	-0.0558640340	-0.0549152426	-0.0539783553	-0.0530534630	-0.0521406433	-0.0512399620	-0.0503514777	-0.0494752360	-0.0486112749	-0.0477596186	-0.0469202858	-0.0460932797	-0.0452785942	-0.0444762216	-0.0436861445	-0.0429083352	-0.0421427692	-0.0413894502	-0.0406484092	-0.0399195958	-0.0392025312	-0.0384958486	-0.0377977518	-0.0371099655	-0.0364474142	-0.0358465042	-0.0353407160	-0.0349038879	-0.0344958446	-0.0340963863	-0.0337013391	-0.0333118968	-0.0329293545	-0.0325540991	-0.0321860075	-0.0318248730	-0.0314705581	-0.0311228764	-0.0307811515	-0.0304436380
-0.0472696346	-0.0472983778	-0.0473283381	-0.0473604074	-0.0473948615	-0.0474317335	-0.0474711087	-0.0475131943	-0.0475579564	-0.0476040281	-0.0476473751	-0.0476830701	-0.0477179770	-0.0477999675	-0.0480388269	-0.0485251266	-0.0491715589	-0.0498714300	-0.0505780220	-0.0512843807	-0.0519950940	-0.0527140322	-0.0534425600	-0.0541807551	-0.0549284199	-0.0556854387	-0.0564517833	-0.0572274599	-0.0580124745	-0.0588068252	-0.0596104988	-0.0604234805	-0.0612457483	-0.0620772663	-0.0629179953	-0.0637678825	-0.0646268818	-0.0654949344	-0.0663719836	-0.0672579504	-0.0681527579	-0.0690563092	-0.0699685090	-0.0708892482	-0.0718184044	-0.0727558608	-0.0737014672	-0.0746550914	-0.0756165670	-0.0765857306	-0.0775624138	-0.0785464037	-0.0795375150	-0.0805355281	-0.0815402125	-0.0825513472	-0.0835686460	-0.0845918473	-0.0856206899	-0.0866548598	-0.0876940774	-0.0887380152	-0.0897863057	-0.0908386237	-0.0918945864	-0.0929537978	-0.0940158989	-0.0950804521	-0.0961470256	-0.0972152136	-0.0982845199	-0.0993544737	-0.1004246252	-0.1014944342	-0.1025633904	-0.1036309805	-0.1046966069	-0.1057596857	-0.1068196553	-0.1078758639	-0.1089276903	-0.1099745269	-0.1110156852	-0.1120504923	-0.1130782988	-0.1140983953	-0.1151100672	-0.1161126293	-0.1171053322	-0.1180873984	-0.1190580882	-0.1200166151	-0.1209621548	-0.1218939177	-0.1228110973	-0.1237128605	-0.1245983986	-0.1254669230	-0.1263176086	-0.1271496307	-0.1279621667	-0.1287543802	-0.1295254182	-0.1302744648	-0.1310007355	-0.1317034593	-0.1323818634	-0.1330351921	-0.1336626912	-0.1342636167	-0.1348372502	-0.1353829170	-0.1358999927	-0.1363878606	-0.1368459281	-0.1372736533	-0.1376705597	-0.1380362110	-0.1383702005	-0.1386721674	-0.1389418205	-0.1391789400	-0.1393833487	-0.1395549192	-0.1396935901	-0.1397993674	-0.1398723188	-0.1399125581	-0.1399202439	-0.1398955697	-0.1398387637	-0.1397500848	-0.1396298026	-0.1394782086	-0.1392955796	-0.1390821818	-0.1388382712	-0.1385640627	-0.1382597523	-0.1379255027	-0.1375614434	-0.1371676828	-0.1367442974	-0.1362913583	-0.1358089450	-0.1352971199	-0.1347559675	-0.1341855973	-0.1335861338	-0.1329577604	-0.1323007083	-0.1316152269	-0.1309016134	-0.1301602329	-0.1293915099	-0.1285959174	-0.1277740001	-0.1269263518	-0.1260536066	-0.1251564310	-0.1242355206	-0.1232916194	-0.1223255294	-0.1213380829	-0.1203301167	-0.1193024875	-0.1182560615	-0.1171917149	-0.1161103617	-0.1150129579	-0.1139004618	-0.1127738046	-0.1116338878	-0.1104815913	-0.1093178180	-0.1081435125	-0.1069596158	-0.1057670496	-0.1045666985	-0.1033594268	-0.1021460887	-0.1009275330	-0.0997045978	-0.0984780970	-0.0972488364	-0.0960175934	-0.0947851302	-0.0935521909	-0.0923194882	-0.0910877083	-0.0898575243	-0.0886295822	-0.0874045144	-0.0861829183	-0.0849653779	-0.0837524633	-0.0825447113	-0.0813426603	-0.0801468120	-0.0789576403	-0.0777756044	-0.0766011299	-0.0754346357	-0.0742765169	-0.0731271510	-0.0719869028	-0.0708560939	-0.0697350433	-0.0686240429	-0.0675233857	-0.0664333386	-0.0653541386	-0.0642860090	-0.0632291532	-0.0621837772	-0.0611500564	-0.0601281599	-0.0591182315	-0.0581204098	-0.0571348146	-0.0561615564	-0.0552007271	-0.0542524112	-0.0533166757	-0.0523935850	-0.0514831856	-0.0505855186	-0.0497006109	-0.0488284802	-0.0479691325	-0.0471225635	-0.0462887638	-0.0454677172	-0.0446593974	-0.0438637838	-0.0430808877	-0.0423107409	-0.0415532507	-0.0408077982	-0.0400728096	-0.0393466204	-0.0386324828	-0.0379493072	-0.0373376234	-0.0368271398	-0.0363811650	-0.0359588754	-0.0355432903	-0.0351321532	-0.0347271441	-0.0343294786	-0.0339394076	-0.0335567438	-0.0331812672	-0.0328128438	-0.0324512874	-0.0320959004	-0.0317448780
-0.0492536071	-0.0492834449	-0.0493145554	-0.0493478693	-0.0493836724	-0.0494219858	-0.0494628744	-0.0495065629	-0.0495531518	-0.0496016133	-0.0496482031	-0.0496870466	-0.0497205256	-0.0497879261	-0.0499969491	-0.0504603171	-0.0511103291	-0.0518322747	-0.0525668560	-0.0533013731	-0.0540394660	-0.0547855142	-0.0555413431	-0.0563071967	-0.0570828896	-0.0578682792	-0.0586633198	-0.0594680127	-0.0602823653	-0.0611063734	-0.0619400235	-0.0627832990	-0.0636361769	-0.0644986214	-0.0653705904	-0.0662520275	-0.0671428841	-0.0680430997	-0.0689526120	-0.0698713427	-0.0707992072	-0.0717361096	-0.0726819452	-0.0736366059	-0.0745999574	-0.0755718785	-0.0765522133	-0.0775408171	-0.0785375286	-0.0795421643	-0.0805545543	-0.0815744768	-0.0826017292	-0.0836360975	-0.0846773284	-0.0857251928	-0.0867794065	-0.0878396792	-0.0889057461	-0.0899772827	-0.0910539848	-0.0921355368	-0.0932215494	-0.0943116725	-0.0954055361	-0.0965027157	-0.0976028348	-0.0987054687	-0.0998101492	-0.1009164557	-0.1020239005	-0.1031319653	-0.1042401848	-0.1053480134	-0.1064548986	-0.1075603102	-0.1086636481	-0.1097642754	-0.1108616145	-0.1119550214	-0.1130438188	-0.1141273845	-0.1152050462	-0.1162760899	-0.1173398455	-0.1183956176	-0.1194426493	-0.1204802182	-0.1215075731	-0.1225238957	-0.1235283882	-0.1245202633	-0.1254986669	-0.1264627735	-0.1274117809	-0.1283448499	-0.1292611447	-0.1301598499	-0.1310401270	-0.1319011082	-0.1327419275	-0.1335617368	-0.1343596803	-0.1351349149	-0.1358866352	-0.1366140579	-0.1373163896	-0.1379928356	-0.1386426221	-0.1392650086	-0.1398592701	-0.1404247087	-0.1409606682	-0.1414665222	-0.1419416744	-0.1423855610	-0.1427976743	-0.1431775638	-0.1435248231	-0.1438390783	-0.1441200127	-0.1443673741	-0.1445809695	-0.1447606603	-0.1449063643	-0.1450180478	-0.1450957338	-0.1451395045	-0.1451494869	-0.1451258443	-0.1450687757	-0.1449785033	-0.1448552604	-0.1446993027	-0.1445108790	-0.1442902354	-0.1440376079	-0.1437532041	-0.1434372243	-0.1430898432	-0.1427112089	-0.1423014589	-0.1418607123	-0.1413890763	-0.1408866680	-0.1403536031	-0.1397900121	-0.1391960545	-0.1385719129	-0.1379178105	-0.1372340144	-0.1365208130	-0.1357785379	-0.1350076084	-0.1342085060	-0.1333817351	-0.1325278516	-0.1316474785	-0.1307412879	-0.1298099596	-0.1288542100	-0.1278748181	-0.1268726091	-0.1258484373	-0.1248031676	-0.1237376722	-0.1226528287	-0.1215495433	-0.1204287760	-0.1192915101	-0.1181387149	-0.1169713277	-0.1157902607	-0.1145964271	-0.1133907852	-0.1121743108	-0.1109479661	-0.1097126795	-0.1084693584	-0.1072188891	-0.1059621485	-0.1047000219	-0.1034333711	-0.1021630339	-0.1008898423	-0.0996145924	-0.0983380806	-0.0970610617	-0.0957842692	-0.0945084254	-0.0932342039	-0.0919622829	-0.0906933167	-0.0894279137	-0.0881666861	-0.0869102126	-0.0856590629	-0.0844137920	-0.0831749045	-0.0819429019	-0.0807182522	-0.0795013995	-0.0782927827	-0.0770928053	-0.0759018673	-0.0747203353	-0.0735485474	-0.0723868331	-0.0712354980	-0.0700948513	-0.0689651616	-0.0678466779	-0.0667396277	-0.0656442295	-0.0645606939	-0.0634892044	-0.0624299360	-0.0613830381	-0.0603486578	-0.0593269177	-0.0583179347	-0.0573218038	-0.0563386141	-0.0553684367	-0.0544113393	-0.0534673712	-0.0525365755	-0.0516189827	-0.0507146092	-0.0498234635	-0.0489455441	-0.0480808402	-0.0472293352	-0.0463910058	-0.0455658384	-0.0447538532	-0.0439550742	-0.0431693323	-0.0423958143	-0.0416327612	-0.0408789909	-0.0401402623	-0.0394405632	-0.0388226839	-0.0383070528	-0.0378502637	-0.0374130475	-0.0369814153	-0.0365545087	-0.0361342439	-0.0357217132	-0.0353170514	-0.0349200260	-0.0345304115	-0.0341480787	-0.0337728400	-0.0334039771	-0.0330396278
-0.0512341033	-0.0512650166	-0.0512972596	-0.0513318005	-0.0513689380	-0.0514086822	-0.0514510821	-0.0514963483	-0.0515446522	-0.0515952334	-0.0516447884	-0.0516873431	-0.0517225732	-0.0517820145	-0.0519641930	-0.0523917169	-0.0530337536	-0.0537733379	-0.0545352602	-0.0552981209	-0.0560635562	-0.0568363964	-0.0576190845	-0.0584121322	-0.0592153921	-0.0600286920	-0.0608519632	-0.0616852004	-0.0625284093	-0.0633815850	-0.0642447137	-0.0651177778	-0.0660007524	-0.0668936026	-0.0677962816	-0.0687087347	-0.0696309048	-0.0705627305	-0.0715041439	-0.0724550676	-0.0734154087	-0.0743850719	-0.0753639421	-0.0763519087	-0.0773488304	-0.0783545769	-0.0793689923	-0.0803919163	-0.0814231908	-0.0824626164	-0.0835100142	-0.0845651643	-0.0856278417	-0.0866978337	-0.0877748724	-0.0888587138	-0.0899490827	-0.0910456608	-0.0921481703	-0.0932562919	-0.0943696923	-0.0954880595	-0.0966110010	-0.0977381353	-0.0988690988	-0.1000034535	-0.1011407895	-0.1022806946	-0.1034226740	-0.1045662715	-0.1057110126	-0.1068563413	-0.1080017494	-0.1091467154	-0.1102906379	-0.1114329541	-0.1125730790	-0.1137103405	-0.1148441253	-0.1159738102	-0.1170986791	-0.1182180820	-0.1193313685	-0.1204377916	-0.1215366449	-0.1226272252	-0.1237087509	-0.1247804457	-0.1258415428	-0.1268912101	-0.1279285999	-0.1289529101	-0.1299632999	-0.1309589080	-0.1319389172	-0.1329024924	-0.1338487606	-0.1347768514	-0.1356859094	-0.1365750402	-0.1374433543	-0.1382899937	-0.1391141022	-0.1399148266	-0.1406913249	-0.1414427758	-0.1421683672	-0.1428672854	-0.1435387426	-0.1441819907	-0.1447963042	-0.1453809651	-0.1459352809	-0.1464586088	-0.1469503479	-0.1474099318	-0.1478368272	-0.1482305486	-0.1485906667	-0.1489168145	-0.1492086706	-0.1494659452	-0.1496884102	-0.1498759076	-0.1500283383	-0.1501456454	-0.1502278208	-0.1502749153	-0.1502870117	-0.1502642370	-0.1502067627	-0.1501147733	-0.1499884789	-0.1498281046	-0.1496338780	-0.1494060274	-0.1491447679	-0.1488503103	-0.1485228545	-0.1481625834	-0.1477696659	-0.1473442629	-0.1468865245	-0.1463965936	-0.1458746286	-0.1453207931	-0.1447352619	-0.1441182490	-0.1434699789	-0.1427906949	-0.1420806996	-0.1413403508	-0.1405700385	-0.1397702067	-0.1389413689	-0.1380840783	-0.1371989148	-0.1362865165	-0.1353475672	-0.1343827892	-0.1333929426	-0.1323788297	-0.1313412836	-0.1302811718	-0.1291993888	-0.1280968257	-0.1269743910	-0.1258330325	-0.1246737387	-0.1234975016	-0.1223052935	-0.1210980601	-0.1198767380	-0.1186422920	-0.1173957236	-0.1161380322	-0.1148701912	-0.1135931400	-0.1123078068	-0.1110151022	-0.1097159400	-0.1084112252	-0.1071018370	-0.1057886465	-0.1044725028	-0.1031542305	-0.1018346428	-0.1005145168	-0.0991946082	-0.0978756585	-0.0965583664	-0.0952434238	-0.0939315060	-0.0926232453	-0.0913192717	-0.0900201792	-0.0887265612	-0.0874389865	-0.0861579737	-0.0848840431	-0.0836176739	-0.0823593288	-0.0811094606	-0.0798684887	-0.0786368298	-0.0774148537	-0.0762029170	-0.0750013569	-0.0738104964	-0.0726306548	-0.0714621047	-0.0703051070	-0.0691598955	-0.0680267036	-0.0669057448	-0.0657972122	-0.0647012843	-0.0636181195	-0.0625478694	-0.0614906624	-0.0604466198	-0.0594158415	-0.0583984194	-0.0573944306	-0.0564039444	-0.0554270147	-0.0544636859	-0.0535139911	-0.0525779474	-0.0516555640	-0.0507468424	-0.0498517728	-0.0489703375	-0.0481025158	-0.0472483039	-0.0464077327	-0.0455808104	-0.0447672577	-0.0439660129	-0.0431751443	-0.0423942910	-0.0416326929	-0.0409205697	-0.0403012245	-0.0397801622	-0.0393109336	-0.0388580971	-0.0384104864	-0.0379681308	-0.0375329282	-0.0371057973	-0.0366867756	-0.0362756054	-0.0358720631	-0.0354760254	-0.0350873018	-0.0347051544	-0.0343276659
-0.0532109824	-0.0532429521	-0.0532763066	-0.0533120553	-0.0533505089	-0.0533916708	-0.0534355679	-0.0534823837	-0.0535323262	-0.0535848784	-0.0536372948	-0.0536839858	-0.0537227746	-0.0537774222	-0.0539326488	-0.0543144691	-0.0549402089	-0.0556941958	-0.0564828903	-0.0572741009	-0.0580667197	-0.0588659897	-0.0596750858	-0.0604948562	-0.0613252122	-0.0621659501	-0.0630169755	-0.0638782728	-0.0647498458	-0.0656316889	-0.0665237885	-0.0674261257	-0.0683386727	-0.0692613953	-0.0701942420	-0.0711371605	-0.0720900835	-0.0730529482	-0.0740256817	-0.0750082054	-0.0760004201	-0.0770022276	-0.0780135053	-0.0790341371	-0.0800639798	-0.0811028900	-0.0821507146	-0.0832072777	-0.0842724172	-0.0853459272	-0.0864276135	-0.0875172634	-0.0886146299	-0.0897194918	-0.0908315820	-0.0919506331	-0.0930763785	-0.0942084837	-0.0953466489	-0.0964905652	-0.0976398752	-0.0987942571	-0.0999533312	-0.1011166806	-0.1022839325	-0.1034546492	-0.1046283802	-0.1058047089	-0.1069831357	-0.1081631569	-0.1093442985	-0.1105259953	-0.1117076856	-0.1128888541	-0.1140688823	-0.1152471697	-0.1164231360	-0.1175961111	-0.1187654289	-0.1199304696	-0.1210905276	-0.1222448989	-0.1233929167	-0.1245338412	-0.1256669034	-0.1267913676	-0.1279064560	-0.1290113386	-0.1301052243	-0.1311872901	-0.1322566704	-0.1333125231	-0.1343540254	-0.1353803036	-0.1363904891	-0.1373837265	-0.1383591219	-0.1393157541	-0.1402527367	-0.1411691878	-0.1420642114	-0.1429369209	-0.1437864512	-0.1446119342	-0.1454124901	-0.1461872560	-0.1469354064	-0.1476561323	-0.1483486369	-0.1490121419	-0.1496459022	-0.1502491936	-0.1508213062	-0.1513615751	-0.1518693867	-0.1523441670	-0.1527853710	-0.1531924858	-0.1535650559	-0.1539026975	-0.1542050714	-0.1544718802	-0.1547028757	-0.1548978709	-0.1550567305	-0.1551793689	-0.1552657611	-0.1553159266	-0.1553299178	-0.1553078357	-0.1552498124	-0.1551559982	-0.1550265817	-0.1548617592	-0.1546617328	-0.1544267177	-0.1541569230	-0.1538525547	-0.1535138142	-0.1531408952	-0.1527339794	-0.1522932530	-0.1518188997	-0.1513110941	-0.1507700347	-0.1501959245	-0.1495889697	-0.1489494232	-0.1482775538	-0.1475736497	-0.1468380615	-0.1460712025	-0.1452735068	-0.1444454394	-0.1435875476	-0.1427004311	-0.1417846997	-0.1408409964	-0.1398700206	-0.1388725482	-0.1378493815	-0.1368013382	-0.1357292639	-0.1346340395	-0.1335165687	-0.1323777704	-0.1312186096	-0.1300400738	-0.1288431650	-0.1276288695	-0.1263981590	-0.1251519940	-0.1238913565	-0.1226172598	-0.1213307375	-0.1200328007	-0.1187244362	-0.1174066012	-0.1160802395	-0.1147462972	-0.1134057165	-0.1120594162	-0.1107082987	-0.1093532657	-0.1079951767	-0.1066348903	-0.1052732322	-0.1039109988	-0.1025489704	-0.1011879015	-0.0998285222	-0.0984715456	-0.0971176511	-0.0957675015	-0.0944217456	-0.0930809929	-0.0917458599	-0.0904169190	-0.0890947197	-0.0877797864	-0.0864726113	-0.0851736829	-0.0838834598	-0.0826023821	-0.0813308750	-0.0800693176	-0.0788180834	-0.0775775179	-0.0763479646	-0.0751297447	-0.0739231397	-0.0727284188	-0.0715458263	-0.0703756082	-0.0692179814	-0.0680731496	-0.0669412938	-0.0658225826	-0.0647171699	-0.0636251924	-0.0625467736	-0.0614820194	-0.0604310243	-0.0593938723	-0.0583706330	-0.0573613659	-0.0563661157	-0.0553849182	-0.0544177927	-0.0534647482	-0.0525257886	-0.0516009070	-0.0506900845	-0.0497933029	-0.0489105700	-0.0480419279	-0.0471873623	-0.0463464609	-0.0455178781	-0.0446995273	-0.0438921235	-0.0431090665	-0.0423875246	-0.0417701903	-0.0412444563	-0.0407624278	-0.0402938002	-0.0398303470	-0.0393728095	-0.0389229488	-0.0384814744	-0.0380483296	-0.0376232397	-0.0372059865	-0.0367964532	-0.0363944479	-0.0359992130	-0.0356087774
-0.0551841030	-0.0552171083	-0.0552515526	-0.0552884882	-0.0553282367	-0.0553707964	-0.0554161671	-0.0554645065	-0.0555160559	-0.0555705566	-0.0556258673	-0.0556768468	-0.0557194097	-0.0557690276	-0.0558953841	-0.0562268350	-0.0568302711	-0.0575951172	-0.0584094050	-0.0592286786	-0.0600482611	-0.0608736110	-0.0617086737	-0.0625546937	-0.0634116647	-0.0642793579	-0.0651576507	-0.0660465141	-0.0669459469	-0.0678559455	-0.0687764963	-0.0697075767	-0.0706491567	-0.0716012019	-0.0725636587	-0.0735364710	-0.0745195663	-0.0755128789	-0.0765163297	-0.0775298383	-0.0785533013	-0.0795866141	-0.0806296521	-0.0816822891	-0.0827443837	-0.0838157774	-0.0848963183	-0.0859858184	-0.0870841050	-0.0881909755	-0.0893062158	-0.0904296178	-0.0915609201	-0.0926998862	-0.0938462582	-0.0949997451	-0.0961600793	-0.0973269292	-0.0984999650	-0.0996788802	-0.1008633069	-0.1020528982	-0.1032472886	-0.1044460349	-0.1056487336	-0.1068549586	-0.1080642235	-0.1092760864	-0.1104900608	-0.1117056014	-0.1129222114	-0.1141393421	-0.1153563872	-0.1165728029	-0.1177879943	-0.1190013240	-0.1202121927	-0.1214199608	-0.1226239168	-0.1238234056	-0.1250177504	-0.1262061947	-0.1273880190	-0.1285624995	-0.1297288235	-0.1308862060	-0.1320338765	-0.1331709864	-0.1342967085	-0.1354102335	-0.1365107007	-0.1375972256	-0.1386689654	-0.1397250440	-0.1407645354	-0.1417865387	-0.1427901563	-0.1437744526	-0.1447385130	-0.1456814619	-0.1466024007	-0.1475004090	-0.1483745942	-0.1492240611	-0.1500479069	-0.1508452543	-0.1516152613	-0.1523571155	-0.1530700120	-0.1537531424	-0.1544057300	-0.1550270362	-0.1556163536	-0.1561730087	-0.1566963617	-0.1571858185	-0.1576408201	-0.1580608447	-0.1584454299	-0.1587941590	-0.1591066530	-0.1593825991	-0.1596217501	-0.1598239002	-0.1599888752	-0.1601165614	-0.1602069104	-0.1602599026	-0.1602755640	-0.1602539759	-0.1601952375	-0.1600994762	-0.1599668589	-0.1597975509	-0.1595917317	-0.1593496097	-0.1590713840	-0.1587572550	-0.1584074309	-0.1580221137	-0.1576015016	-0.1571457997	-0.1566552216	-0.1561299711	-0.1555702700	-0.1549763617	-0.1543484902	-0.1536869392	-0.1529920381	-0.1522641322	-0.1515035988	-0.1507108860	-0.1498864766	-0.1490308769	-0.1481446524	-0.1472284257	-0.1462828461	-0.1453085846	-0.1443063719	-0.1432770060	-0.1422213166	-0.1411401545	-0.1400343881	-0.1389048973	-0.1377525971	-0.1365784532	-0.1353834745	-0.1341686790	-0.1329350743	-0.1316836469	-0.1304153675	-0.1291312237	-0.1278322479	-0.1265194972	-0.1251940186	-0.1238568339	-0.1225089421	-0.1211513269	-0.1197849525	-0.1184107978	-0.1170298188	-0.1156429591	-0.1142511485	-0.1128553013	-0.1114563024	-0.1100550324	-0.1086523305	-0.1072490142	-0.1058458846	-0.1044437155	-0.1030432627	-0.1016452530	-0.1002503827	-0.0988593377	-0.0974727802	-0.0960913473	-0.0947156726	-0.0933463317	-0.0919839000	-0.0906289085	-0.0892818676	-0.0879432833	-0.0866136229	-0.0852933485	-0.0839828876	-0.0826826344	-0.0813929742	-0.0801142658	-0.0788468705	-0.0775911085	-0.0763472744	-0.0751156422	-0.0738964704	-0.0726900140	-0.0714964947	-0.0703161257	-0.0691490917	-0.0679955715	-0.0668557210	-0.0657296864	-0.0646175915	-0.0635195499	-0.0624356581	-0.0613660069	-0.0603106664	-0.0592697010	-0.0582431572	-0.0572310721	-0.0562334682	-0.0552503551	-0.0542817376	-0.0533276116	-0.0523879585	-0.0514627650	-0.0505520497	-0.0496558637	-0.0487741559	-0.0479063550	-0.0470508218	-0.0462054368	-0.0453724171	-0.0445699697	-0.0438419279	-0.0432282838	-0.0426985779	-0.0422040515	-0.0417198495	-0.0412407900	-0.0407683273	-0.0403040672	-0.0398485005	-0.0394014732	-0.0389626944	-0.0385319536	-0.0381091395	-0.0376940606	-0.0372859391	-0.0368827534
-0.0571533256	-0.0571873431	-0.0572228551	-0.0572609543	-0.0573019743	-0.0573459078	-0.0573927322	-0.0574425757	-0.0574957116	-0.0575521216	-0.0576102394	-0.0576653765	-0.0577117072	-0.0577569098	-0.0578562481	-0.0581376068	-0.0587094664	-0.0594772687	-0.0603140858	-0.0611608590	-0.0620073644	-0.0628585888	-0.0637192194	-0.0645910075	-0.0654740942	-0.0663682463	-0.0672733072	-0.0681892290	-0.0691160050	-0.0700536339	-0.0710021000	-0.0719613760	-0.0729314330	-0.0739122319	-0.0749037214	-0.0759058377	-0.0769185072	-0.0779416569	-0.0789752042	-0.0800190640	-0.0810731317	-0.0821372946	-0.0832114282	-0.0842953941	-0.0853890525	-0.0864922329	-0.0876047778	-0.0887264953	-0.0898571978	-0.0909966887	-0.0921447365	-0.0933011286	-0.0944656049	-0.0956379069	-0.0968177836	-0.0980049302	-0.0991990643	-0.1003998693	-0.1016069837	-0.1028200880	-0.1040388173	-0.1052627896	-0.1064916425	-0.1077249283	-0.1089621997	-0.1102030353	-0.1114469340	-0.1126934131	-0.1139419985	-0.1151921274	-0.1164432609	-0.1176948673	-0.1189463280	-0.1201970504	-0.1214464661	-0.1226939190	-0.1239387706	-0.1251804018	-0.1264180881	-0.1276511040	-0.1288787776	-0.1301003365	-0.1313150050	-0.1325220404	-0.1337206365	-0.1349099584	-0.1360892205	-0.1372576017	-0.1384142350	-0.1395582990	-0.1406889433	-0.1418052520	-0.1429063222	-0.1439912643	-0.1450591310	-0.1461089812	-0.1471399033	-0.1481509833	-0.1491412913	-0.1501099120	-0.1510559419	-0.1519784453	-0.1528764805	-0.1537491255	-0.1545954817	-0.1554146673	-0.1562058193	-0.1569681034	-0.1577006968	-0.1584027793	-0.1590735553	-0.1597122611	-0.1603181824	-0.1608906409	-0.1614289780	-0.1619325750	-0.1624008509	-0.1628332839	-0.1632294033	-0.1635887656	-0.1639109678	-0.1641956712	-0.1644426051	-0.1646515391	-0.1648222814	-0.1649547037	-0.1650487304	-0.1651043074	-0.1651214355	-0.1651001640	-0.1650405630	-0.1649427392	-0.1648068361	-0.1646330016	-0.1644214027	-0.1641722347	-0.1638856845	-0.1635619536	-0.1632012519	-0.1628037894	-0.1623697815	-0.1618994454	-0.1613930170	-0.1608507294	-0.1602728317	-0.1596596110	-0.1590113568	-0.1583283828	-0.1576110623	-0.1568597878	-0.1560749672	-0.1552570780	-0.1544066550	-0.1535242469	-0.1526104229	-0.1516658208	-0.1506911406	-0.1496871074	-0.1486544768	-0.1475940429	-0.1465066598	-0.1453932166	-0.1442546038	-0.1430917134	-0.1419054915	-0.1406969400	-0.1394670862	-0.1382169693	-0.1369476016	-0.1356599775	-0.1343550857	-0.1330339558	-0.1316976567	-0.1303472701	-0.1289838549	-0.1276084452	-0.1262220513	-0.1248256819	-0.1234203353	-0.1220070084	-0.1205866774	-0.1191603094	-0.1177288597	-0.1162932501	-0.1148543971	-0.1134131946	-0.1119704960	-0.1105271479	-0.1090839637	-0.1076417349	-0.1062012421	-0.1047632198	-0.1033283939	-0.1018974689	-0.1004711155	-0.0990500084	-0.0976347820	-0.0962260274	-0.0948243358	-0.0934302496	-0.0920443025	-0.0906670073	-0.0892988482	-0.0879403036	-0.0865918029	-0.0852537589	-0.0839265641	-0.0826105963	-0.0813062269	-0.0800137786	-0.0787335581	-0.0774658451	-0.0762109150	-0.0749690261	-0.0737404094	-0.0725252831	-0.0713238393	-0.0701362645	-0.0689627191	-0.0678033560	-0.0666583019	-0.0655276767	-0.0644115804	-0.0633101084	-0.0622233343	-0.0611513246	-0.0600941305	-0.0590517883	-0.0580243228	-0.0570117476	-0.0560140677	-0.0550312786	-0.0540633656	-0.0531103229	-0.0521721810	-0.0512489913	-0.0503406327	-0.0494463226	-0.0485641464	-0.0476922919	-0.0468354319	-0.0460176612	-0.0452876905	-0.0446774958	-0.0441426965	-0.0436353756	-0.0431358161	-0.0426414983	-0.0421544331	-0.0416760524	-0.0412066464	-0.0407459781	-0.0402937446	-0.0398497433	-0.0394138690	-0.0389859283	-0.0385651260	-0.0381493915
-0.0591185106	-0.0591535144	-0.0591900699	-0.0592293066	-0.0592715730	-0.0593168568	-0.0593651184	-0.0594164571	-0.0594711531	-0.0595293583	-0.0595899894	-0.0596489165	-0.0596994015	-0.0597432864	-0.0598229134	-0.0600584578	-0.0605844038	-0.0613419123	-0.0621960843	-0.0630695692	-0.0639432067	-0.0648202754	-0.0657061232	-0.0666031849	-0.0675118668	-0.0684319614	-0.0693632754	-0.0703057332	-0.0712593229	-0.0722240409	-0.0731998693	-0.0741867797	-0.0751847408	-0.0761937099	-0.0772136362	-0.0782444508	-0.0792860789	-0.0803384392	-0.0814014465	-0.0824750091	-0.0835590226	-0.0846533660	-0.0857579138	-0.0868725174	-0.0879970341	-0.0891312886	-0.0902751116	-0.0914283152	-0.0925906941	-0.0937620537	-0.0949421549	-0.0961307722	-0.0973276564	-0.0985325249	-0.0997451225	-0.1009651440	-0.1021922824	-0.1034262300	-0.1046666069	-0.1059130639	-0.1071652440	-0.1084227369	-0.1096851638	-0.1109520922	-0.1122230357	-0.1134975547	-0.1147751580	-0.1160553214	-0.1173375627	-0.1186213321	-0.1199060476	-0.1211911747	-0.1224761107	-0.1237602176	-0.1250429208	-0.1263235716	-0.1276014856	-0.1288760246	-0.1301464740	-0.1314120569	-0.1326720597	-0.1339257233	-0.1351722342	-0.1364108103	-0.1376406676	-0.1388609572	-0.1400708529	-0.1412695491	-0.1424561749	-0.1436298547	-0.1447897287	-0.1459348703	-0.1470643202	-0.1481771535	-0.1492724406	-0.1503492206	-0.1514065565	-0.1524435444	-0.1534592435	-0.1544526941	-0.1554229596	-0.1563691014	-0.1572901548	-0.1581851747	-0.1590532629	-0.1598935296	-0.1607050933	-0.1614870831	-0.1622386541	-0.1629589881	-0.1636472831	-0.1643027597	-0.1649246791	-0.1655123426	-0.1660650810	-0.1665822562	-0.1670632781	-0.1675076129	-0.1679147677	-0.1682842770	-0.1686157318	-0.1689087827	-0.1691631221	-0.1693784814	-0.1695546506	-0.1696914923	-0.1697888980	-0.1698467908	-0.1698651579	-0.1698440175	-0.1697834081	-0.1696834168	-0.1695441629	-0.1693657776	-0.1691484191	-0.1688922640	-0.1685974980	-0.1682643189	-0.1678929386	-0.1674835781	-0.1670364621	-0.1665518296	-0.1660299354	-0.1654710410	-0.1648754287	-0.1642434184	-0.1635753396	-0.1628715380	-0.1621324161	-0.1613584133	-0.1605499832	-0.1597076252	-0.1588319031	-0.1579234038	-0.1569827243	-0.1560105225	-0.1550075368	-0.1539745413	-0.1529123160	-0.1518216670	-0.1507034580	-0.1495585933	-0.1483879936	-0.1471926045	-0.1459734054	-0.1447314087	-0.1434676489	-0.1421831679	-0.1408789865	-0.1395561189	-0.1382156031	-0.1368585097	-0.1354859306	-0.1340989504	-0.1326986390	-0.1312860432	-0.1298621939	-0.1284281225	-0.1269848637	-0.1255334265	-0.1240748133	-0.1226100105	-0.1211399879	-0.1196656935	-0.1181880629	-0.1167079967	-0.1152263742	-0.1137440616	-0.1122618859	-0.1107806568	-0.1093011725	-0.1078241894	-0.1063504485	-0.1048806754	-0.1034155632	-0.1019558011	-0.1005020298	-0.0990548674	-0.0976149067	-0.0961827100	-0.0947588305	-0.0933437886	-0.0919380893	-0.0905422168	-0.0891566086	-0.0877816947	-0.0864178758	-0.0850655509	-0.0837250926	-0.0823968319	-0.0810810842	-0.0797781396	-0.0784882882	-0.0772117893	-0.0759488862	-0.0746997992	-0.0734647318	-0.0722438735	-0.0710373928	-0.0698454453	-0.0686681649	-0.0675056746	-0.0663580819	-0.0652254820	-0.0641079565	-0.0630055718	-0.0619183837	-0.0608464285	-0.0597897326	-0.0587483145	-0.0577221799	-0.0567113236	-0.0557157355	-0.0547354203	-0.0537704232	-0.0528207824	-0.0518862601	-0.0509657876	-0.0500572084	-0.0491595199	-0.0482812237	-0.0474537835	-0.0467279603	-0.0461198413	-0.0455772577	-0.0450561293	-0.0445413159	-0.0440321576	-0.0435308751	-0.0430386774	-0.0425556908	-0.0420816245	-0.0416161735	-0.0411591430	-0.0407104326	-0.0402698469	-0.0398365743	-0.0394084959
-0.0610795169	-0.0611154806	-0.0611530512	-0.0611933985	-0.0612368837	-0.0612834927	-0.0613331733	-0.0613859968	-0.0614422192	-0.0615020835	-0.0615648962	-0.0616272394	-0.0616824418	-0.0617286750	-0.0617966693	-0.0619908032	-0.0624560969	-0.0631891490	-0.0640549209	-0.0649541641	-0.0658551487	-0.0667580592	-0.0676687811	-0.0685906142	-0.0695243567	-0.0704698613	-0.0714268977	-0.0723953574	-0.0733752170	-0.0743664677	-0.0753690918	-0.0763830614	-0.0774083389	-0.0784448810	-0.0794926346	-0.0805515283	-0.0816214850	-0.0827024155	-0.0837942318	-0.0848968351	-0.0860101210	-0.0871339613	-0.0882682266	-0.0894127632	-0.0905674208	-0.0917320261	-0.0929063953	-0.0940903448	-0.0952836562	-0.0964861285	-0.0976975257	-0.0989176035	-0.1001461184	-0.1013827728	-0.1026272931	-0.1038793819	-0.1051387060	-0.1064049509	-0.1076777404	-0.1089566865	-0.1102414312	-0.1115315553	-0.1128266483	-0.1141262925	-0.1154299853	-0.1167372490	-0.1180476084	-0.1193605167	-0.1206754624	-0.1219919200	-0.1233092857	-0.1246269934	-0.1259444630	-0.1272610308	-0.1285760767	-0.1298889619	-0.1311989800	-0.1325054358	-0.1338076301	-0.1351047740	-0.1363960867	-0.1376808197	-0.1389581549	-0.1402272749	-0.1414873970	-0.1427376894	-0.1439772788	-0.1452053298	-0.1464209906	-0.1476233297	-0.1488114379	-0.1499844039	-0.1511412523	-0.1522810163	-0.1534027718	-0.1545055696	-0.1555884440	-0.1566504514	-0.1576906453	-0.1587080458	-0.1597016705	-0.1606705666	-0.1616137896	-0.1625303879	-0.1634194279	-0.1642799982	-0.1651112051	-0.1659121544	-0.1666819771	-0.1674198518	-0.1681249734	-0.1687965603	-0.1694338520	-0.1700361143	-0.1706026584	-0.1711328336	-0.1716260551	-0.1720817724	-0.1724994573	-0.1728786261	-0.1732188650	-0.1735198178	-0.1737811459	-0.1740025511	-0.1741838129	-0.1743247672	-0.1744252671	-0.1744852178	-0.1745045896	-0.1744833763	-0.1744215952	-0.1743193195	-0.1741766456	-0.1739936833	-0.1737705784	-0.1735074996	-0.1732046305	-0.1728621627	-0.1724803138	-0.1720593134	-0.1715993969	-0.1711008236	-0.1705638700	-0.1699888223	-0.1693759874	-0.1687257153	-0.1680383733	-0.1673143405	-0.1665540529	-0.1657579895	-0.1649266412	-0.1640605222	-0.1631602151	-0.1622263566	-0.1612595929	-0.1602606038	-0.1592301377	-0.1581690017	-0.1570780178	-0.1559580209	-0.1548098686	-0.1536344708	-0.1524327938	-0.1512058418	-0.1499546217	-0.1486801556	-0.1473834693	-0.1460655950	-0.1447275701	-0.1433704531	-0.1419953356	-0.1406033228	-0.1391955154	-0.1377730016	-0.1363368522	-0.1348881289	-0.1334278944	-0.1319572016	-0.1304771100	-0.1289886469	-0.1274928380	-0.1259906912	-0.1244831877	-0.1229713044	-0.1214559860	-0.1199381456	-0.1184186874	-0.1168984900	-0.1153783989	-0.1138592510	-0.1123418457	-0.1108269698	-0.1093153799	-0.1078078113	-0.1063049897	-0.1048076096	-0.1033163222	-0.1018317718	-0.1003545509	-0.0988852470	-0.0974244256	-0.0959726191	-0.0945303530	-0.0930981107	-0.0916763453	-0.0902654978	-0.0888659832	-0.0874782178	-0.0861025722	-0.0847393892	-0.0833889906	-0.0820516810	-0.0807277598	-0.0794174907	-0.0781211269	-0.0768388916	-0.0755710006	-0.0743176452	-0.0730790034	-0.0718552317	-0.0706464727	-0.0694528514	-0.0682744833	-0.0671114647	-0.0659638829	-0.0648318062	-0.0637152926	-0.0626143816	-0.0615291005	-0.0604594708	-0.0594055013	-0.0583671865	-0.0573445204	-0.0563375220	-0.0553462522	-0.0543707221	-0.0534105339	-0.0524642708	-0.0515295804	-0.0506067586	-0.0497093843	-0.0488774543	-0.0481611069	-0.0475543228	-0.0470018894	-0.0464661370	-0.0459361726	-0.0454125589	-0.0448974281	-0.0443917173	-0.0438954141	-0.0434081982	-0.0429297715	-0.0424599478	-0.0419986296	-0.0415456200	-0.0411000904	-0.0406598781
-0.0630362019	-0.0630730970	-0.0631116531	-0.0631530801	-0.0631977534	-0.0632456592	-0.0632967332	-0.0633510178	-0.0634087319	-0.0634701659	-0.0635349700	-0.0636005293	-0.0636607636	-0.0637112969	-0.0637718303	-0.0639266626	-0.0643227502	-0.0650198397	-0.0658910604	-0.0668144013	-0.0677426157	-0.0686713006	-0.0696065702	-0.0705526868	-0.0715109506	-0.0724813212	-0.0734635364	-0.0744574511	-0.0754630228	-0.0764802378	-0.0775090797	-0.0785495186	-0.0796015128	-0.0806650176	-0.0817399769	-0.0828263183	-0.0839239606	-0.0850328086	-0.0861527699	-0.0872837394	-0.0884256106	-0.0895782521	-0.0907415279	-0.0919152849	-0.0930993612	-0.0942935885	-0.0954977697	-0.0967117185	-0.0979352140	-0.0991680383	-0.1004099635	-0.1016607245	-0.1029200715	-0.1041877077	-0.1054633308	-0.1067466479	-0.1080373099	-0.1093349826	-0.1106393034	-0.1119498540	-0.1132662565	-0.1145880990	-0.1159149384	-0.1172463559	-0.1185818594	-0.1199209303	-0.1212630924	-0.1226078056	-0.1239545200	-0.1253027179	-0.1266518010	-0.1280011546	-0.1293501971	-0.1306982674	-0.1320446814	-0.1333887961	-0.1347299074	-0.1360672618	-0.1374001564	-0.1387278181	-0.1400494217	-0.1413641957	-0.1426713506	-0.1439700403	-0.1452594505	-0.1465387611	-0.1478070782	-0.1490635126	-0.1503071897	-0.1515371796	-0.1527525184	-0.1539522886	-0.1551355437	-0.1563012943	-0.1574485847	-0.1585764738	-0.1596839783	-0.1607700973	-0.1618338605	-0.1628742892	-0.1638903831	-0.1648811721	-0.1658457144	-0.1667830642	-0.1676922557	-0.1685723424	-0.1694224022	-0.1702415411	-0.1710288839	-0.1717835864	-0.1725048370	-0.1731918482	-0.1738438474	-0.1744600776	-0.1750398245	-0.1755824303	-0.1760872975	-0.1765538539	-0.1769815463	-0.1773698864	-0.1777184525	-0.1780268574	-0.1782947367	-0.1785217868	-0.1787077804	-0.1788525165	-0.1789558174	-0.1790175733	-0.1790377325	-0.1790162601	-0.1789531587	-0.1788484858	-0.1787023176	-0.1785147500	-0.1782859209	-0.1780159905	-0.1777051333	-0.1773535468	-0.1769614479	-0.1765290732	-0.1760566723	-0.1755445166	-0.1749929079	-0.1744021582	-0.1737725938	-0.1731045956	-0.1723985699	-0.1716549243	-0.1708741154	-0.1700566533	-0.1692030691	-0.1683138997	-0.1673897491	-0.1664312980	-0.1654392412	-0.1644142818	-0.1633571746	-0.1622687452	-0.1611498585	-0.1600013757	-0.1588241709	-0.1576191726	-0.1563873782	-0.1551298270	-0.1538475541	-0.1525415897	-0.1512129514	-0.1498626730	-0.1484918150	-0.1471014846	-0.1456928148	-0.1442669405	-0.1428249659	-0.1413679819	-0.1398970685	-0.1384133040	-0.1369177757	-0.1354115620	-0.1338957334	-0.1323713499	-0.1308394530	-0.1293010682	-0.1277571985	-0.1262088324	-0.1246569297	-0.1231024239	-0.1215462351	-0.1199892510	-0.1184323439	-0.1168763677	-0.1153221328	-0.1137704440	-0.1122220819	-0.1106777948	-0.1091383281	-0.1076043835	-0.1060766315	-0.1045557234	-0.1030422702	-0.1015368783	-0.1000401209	-0.0985525502	-0.0970747023	-0.0956070633	-0.0941501054	-0.0927042763	-0.0912700120	-0.0898477350	-0.0884378184	-0.0870406175	-0.0856564594	-0.0842856665	-0.0829285410	-0.0815853566	-0.0802563715	-0.0789418165	-0.0776419154	-0.0763568643	-0.0750868486	-0.0738320272	-0.0725925503	-0.0713685463	-0.0701601368	-0.0689674221	-0.0677904918	-0.0666294190	-0.0654842619	-0.0643550640	-0.0632418554	-0.0621446587	-0.0610634852	-0.0599983316	-0.0589491971	-0.0579161172	-0.0568991650	-0.0558983048	-0.0549129361	-0.0539412706	-0.0529809139	-0.0520340778	-0.0511204738	-0.0502885056	-0.0495843183	-0.0489786781	-0.0484157073	-0.0478651725	-0.0473202810	-0.0467825478	-0.0462538911	-0.0457349564	-0.0452256037	-0.0447254934	-0.0442343380	-0.0437519607	-0.0432782671	-0.0428130578	-0.0423554884	-0.0419033552
-0.0649884196	-0.0650262133	-0.0650657215	-0.0651081941	-0.0651540212	-0.0652031905	-0.0652556262	-0.0653113434	-0.0653705236	-0.0654334853	-0.0655001810	-0.0655687693	-0.0656338987	-0.0656892229	-0.0657444417	-0.0658638649	-0.0661908632	-0.0668396268	-0.0677061709	-0.0686498591	-0.0696047252	-0.0705592293	-0.0715188599	-0.0724888234	-0.0734710665	-0.0744657422	-0.0754725779	-0.0764913865	-0.0775221004	-0.0785647002	-0.0796191703	-0.0806854774	-0.0817635778	-0.0828534232	-0.0839549546	-0.0850680999	-0.0861927723	-0.0873288738	-0.0884763046	-0.0896349574	-0.0908047185	-0.0919854593	-0.0931770349	-0.0943792948	-0.0955920660	-0.0968151795	-0.0980484321	-0.0992916260	-0.1005445437	-0.1018069470	-0.1030786078	-0.1043592508	-0.1056486089	-0.1069463943	-0.1082522785	-0.1095659592	-0.1108870884	-0.1122153050	-0.1135502537	-0.1148915063	-0.1162386500	-0.1175912825	-0.1189489418	-0.1203111892	-0.1216775576	-0.1230475047	-0.1244205274	-0.1257961064	-0.1271736613	-0.1285526483	-0.1299324893	-0.1313125307	-0.1326921546	-0.1340707184	-0.1354474962	-0.1368218096	-0.1381929665	-0.1395601895	-0.1409227372	-0.1422798674	-0.1436307511	-0.1449745690	-0.1463105412	-0.1476378209	-0.1489555369	-0.1502628541	-0.1515588829	-0.1528426861	-0.1541133427	-0.1553699376	-0.1566115047	-0.1578370882	-0.1590457617	-0.1602365490	-0.1614084458	-0.1625604760	-0.1636916515	-0.1648009468	-0.1658873452	-0.1669498713	-0.1679875410	-0.1689993703	-0.1699843870	-0.1709416301	-0.1718701335	-0.1727689277	-0.1736370582	-0.1744736172	-0.1752777321	-0.1760485430	-0.1767852201	-0.1774869571	-0.1781529696	-0.1787825023	-0.1793748344	-0.1799292983	-0.1804452550	-0.1809220979	-0.1813592703	-0.1817562892	-0.1821127140	-0.1824281178	-0.1827021243	-0.1829344296	-0.1831247840	-0.1832729530	-0.1833787417	-0.1834420318	-0.1834627493	-0.1834408325	-0.1833762647	-0.1832690891	-0.1831193662	-0.1829271761	-0.1826926527	-0.1824159490	-0.1820972259	-0.1817366885	-0.1813345607	-0.1808910818	-0.1804065147	-0.1798811457	-0.1793152979	-0.1787093097	-0.1780635279	-0.1773783507	-0.1766542200	-0.1758915733	-0.1750908788	-0.1742526751	-0.1733775426	-0.1724660568	-0.1715188345	-0.1705365751	-0.1695200193	-0.1684699105	-0.1673870172	-0.1662721648	-0.1651262401	-0.1639501490	-0.1627448089	-0.1615111728	-0.1602502461	-0.1589630776	-0.1576507247	-0.1563142267	-0.1549546168	-0.1535729434	-0.1521703024	-0.1507478338	-0.1493066912	-0.1478480209	-0.1463729454	-0.1448825631	-0.1433779717	-0.1418602694	-0.1403305577	-0.1387899393	-0.1372394961	-0.1356803145	-0.1341134558	-0.1325399553	-0.1309608432	-0.1293771168	-0.1277897492	-0.1261996967	-0.1246078941	-0.1230152405	-0.1214226345	-0.1198309314	-0.1182409712	-0.1166535705	-0.1150695225	-0.1134896086	-0.1119145778	-0.1103451372	-0.1087819804	-0.1072257655	-0.1056771258	-0.1041366784	-0.1026050077	-0.1010826878	-0.0995702557	-0.0980682088	-0.0965770349	-0.0950971918	-0.0936291369	-0.0921732903	-0.0907300334	-0.0892997304	-0.0878827192	-0.0864793367	-0.0850898868	-0.0837146545	-0.0823539008	-0.0810078682	-0.0796767835	-0.0783608514	-0.0770602610	-0.0757751779	-0.0745057554	-0.0732521304	-0.0720144266	-0.0707927500	-0.0695871918	-0.0683978305	-0.0672247247	-0.0660679203	-0.0649274527	-0.0638033458	-0.0626956107	-0.0616042486	-0.0605292687	-0.0594707237	-0.0584286873	-0.0574030378	-0.0563929062	-0.0553961506	-0.0544107521	-0.0534420198	-0.0525171697	-0.0516908333	-0.0509984457	-0.0503922061	-0.0498180291	-0.0492528465	-0.0486934151	-0.0481419374	-0.0476000733	-0.0470681960	-0.0465460595	-0.0460333131	-0.0455296803	-0.0450349928	-0.0445491596	-0.0440719783	-0.0436025902	-0.0431387517
-0.0669360140	-0.0669746693	-0.0670150929	-0.0670585757	-0.0671055198	-0.0671559161	-0.0672096815	-0.0672668089	-0.0673274429	-0.0673919030	-0.0674603574	-0.0675316133	-0.0676011436	-0.0676616015	-0.0677151380	-0.0678083597	-0.0680727236	-0.0686564494	-0.0695022177	-0.0704598740	-0.0714404178	-0.0724210315	-0.0734050409	-0.0743984792	-0.0754041537	-0.0764225506	-0.0774534300	-0.0784965587	-0.0795518357	-0.0806192323	-0.0816987296	-0.0827902931	-0.0838938784	-0.0850094321	-0.0861368916	-0.0872761864	-0.0884272246	-0.0895899071	-0.0907641259	-0.0919497725	-0.0931467258	-0.0943548596	-0.0955740218	-0.0968040600	-0.0980447939	-0.0992960464	-0.1005576152	-0.1018292851	-0.1031108402	-0.1044020276	-0.1057026084	-0.1070123095	-0.1083308414	-0.1096579197	-0.1109932047	-0.1123363704	-0.1136870785	-0.1150449451	-0.1164096052	-0.1177806426	-0.1191576096	-0.1205400970	-0.1219276488	-0.1233197958	-0.1247160847	-0.1261159785	-0.1275189293	-0.1289244216	-0.1303318685	-0.1317406773	-0.1331502764	-0.1345600072	-0.1359691993	-0.1373772106	-0.1387833209	-0.1401867960	-0.1415869393	-0.1429829956	-0.1443741771	-0.1457597422	-0.1471388910	-0.1485107670	-0.1498745457	-0.1512293981	-0.1525744145	-0.1539087024	-0.1552313824	-0.1565415063	-0.1578381123	-0.1591202776	-0.1603870675	-0.1616374998	-0.1628706164	-0.1640854583	-0.1652809979	-0.1664562024	-0.1676100636	-0.1687415662	-0.1698496800	-0.1709333973	-0.1719917443	-0.1730237337	-0.1740283627	-0.1750046360	-0.1759515901	-0.1768682520	-0.1777536592	-0.1786068797	-0.1794270141	-0.1802131977	-0.1809645844	-0.1816803455	-0.1823596835	-0.1830018460	-0.1836061231	-0.1841718310	-0.1846982907	-0.1851848730	-0.1856310167	-0.1860362219	-0.1864000230	-0.1867219724	-0.1870016879	-0.1872388584	-0.1874332065	-0.1875844685	-0.1876924422	-0.1877570030	-0.1877780440	-0.1877554810	-0.1876892931	-0.1875795097	-0.1874261689	-0.1872293413	-0.1869891543	-0.1867057542	-0.1863792986	-0.1860099878	-0.1855980582	-0.1851437583	-0.1846473552	-0.1841091528	-0.1835294923	-0.1829087284	-0.1822472319	-0.1815454152	-0.1808037448	-0.1800226976	-0.1792027649	-0.1783445062	-0.1774485355	-0.1765154706	-0.1755459471	-0.1745406748	-0.1735004282	-0.1724259976	-0.1713181693	-0.1701777717	-0.1690057015	-0.1678029163	-0.1665703845	-0.1653090826	-0.1640200165	-0.1627042223	-0.1613627632	-0.1599967049	-0.1586071182	-0.1571950867	-0.1557617388	-0.1543082268	-0.1528357069	-0.1513453256	-0.1498382266	-0.1483155307	-0.1467783570	-0.1452278283	-0.1436650625	-0.1420911684	-0.1405072533	-0.1389144140	-0.1373137276	-0.1357062527	-0.1340930340	-0.1324750813	-0.1308533834	-0.1292289177	-0.1276026252	-0.1259754338	-0.1243482513	-0.1227219445	-0.1210973740	-0.1194753742	-0.1178567515	-0.1162423083	-0.1146328004	-0.1130289507	-0.1114314630	-0.1098410063	-0.1082582371	-0.1066837796	-0.1051182350	-0.1035621913	-0.1020161859	-0.1004807351	-0.0989563342	-0.0974434600	-0.0959425821	-0.0944541194	-0.0929784653	-0.0915159884	-0.0900670446	-0.0886319773	-0.0872110956	-0.0858046943	-0.0844130376	-0.0830363802	-0.0816749509	-0.0803289639	-0.0789986105	-0.0776840643	-0.0763854821	-0.0751030088	-0.0738367691	-0.0725868755	-0.0713534222	-0.0701364906	-0.0689361413	-0.0677524229	-0.0665853747	-0.0654350243	-0.0643013819	-0.0631844532	-0.0620842635	-0.0610008832	-0.0599343693	-0.0588844537	-0.0578499110	-0.0568283014	-0.0558186430	-0.0548310722	-0.0539020074	-0.0530884307	-0.0524055753	-0.0517951689	-0.0512084914	-0.0506287805	-0.0500553031	-0.0494905210	-0.0489357859	-0.0483912480	-0.0478565925	-0.0473314692	-0.0468156133	-0.0463088628	-0.0458111288	-0.0453222063	-0.0448412233	-0.0443658991
-0.0688788201	-0.0689182990	-0.0689596033	-0.0690040594	-0.0690520844	-0.0691036714	-0.0691587353	-0.0692172514	-0.0692793278	-0.0693452547	-0.0694153162	-0.0694888338	-0.0695622294	-0.0696282752	-0.0696843213	-0.0697616196	-0.0699708031	-0.0704733244	-0.0712805095	-0.0722443018	-0.0732490575	-0.0742560512	-0.0752645302	-0.0762811112	-0.0773096719	-0.0783511952	-0.0794055270	-0.0804723903	-0.0815516426	-0.0826432379	-0.0837471520	-0.0848633513	-0.0859917906	-0.0871324103	-0.0882851483	-0.0894499308	-0.0906266657	-0.0918152517	-0.0930155744	-0.0942275200	-0.0954509640	-0.0966857766	-0.0979318023	-0.0991888800	-0.1004568292	-0.1017354581	-0.1030245666	-0.1043239254	-0.1056333112	-0.1069524688	-0.1082811392	-0.1096190558	-0.1109659114	-0.1123214115	-0.1136852216	-0.1150569877	-0.1164363728	-0.1178229862	-0.1192164402	-0.1206163369	-0.1220222116	-0.1234336278	-0.1248501453	-0.1262712720	-0.1276965394	-0.1291254323	-0.1305573666	-0.1319917963	-0.1334281464	-0.1348657856	-0.1363041168	-0.1377425023	-0.1391802354	-0.1406166424	-0.1420510304	-0.1434826343	-0.1449107249	-0.1463345778	-0.1477533906	-0.1491663801	-0.1505727663	-0.1519716852	-0.1533622521	-0.1547436167	-0.1561148776	-0.1574750884	-0.1588233504	-0.1601587366	-0.1614802748	-0.1627870116	-0.1640780184	-0.1653523194	-0.1666089074	-0.1678467910	-0.1690649596	-0.1702623550	-0.1714379281	-0.1725906679	-0.1737195655	-0.1748235802	-0.1759017080	-0.1769529518	-0.1779762995	-0.1789707419	-0.1799352880	-0.1808689695	-0.1817708342	-0.1826399319	-0.1834753343	-0.1842761524	-0.1850415209	-0.1857705996	-0.1864625851	-0.1871167219	-0.1877322949	-0.1883085984	-0.1888449443	-0.1893406990	-0.1897952916	-0.1902081909	-0.1905788956	-0.1909069453	-0.1911919538	-0.1914336004	-0.1916315766	-0.1917855992	-0.1918954661	-0.1919610392	-0.1919821789	-0.1919587825	-0.1918908338	-0.1917783417	-0.1916213210	-0.1914198437	-0.1911740293	-0.1908840139	-0.1905499603	-0.1901720640	-0.1897505642	-0.1892857237	-0.1887778132	-0.1882271488	-0.1876340852	-0.1869989976	-0.1863222805	-0.1856043629	-0.1848457330	-0.1840469022	-0.1832083879	-0.1823307635	-0.1814146676	-0.1804607599	-0.1794697089	-0.1784422326	-0.1773791189	-0.1762811973	-0.1751492851	-0.1739842296	-0.1727869454	-0.1715584136	-0.1702996444	-0.1690116445	-0.1676954174	-0.1663519846	-0.1649824117	-0.1635877964	-0.1621692571	-0.1607279307	-0.1592649641	-0.1577814984	-0.1562786954	-0.1547577056	-0.1532196800	-0.1516657716	-0.1500971298	-0.1485148974	-0.1469202060	-0.1453141783	-0.1436979420	-0.1420725961	-0.1404392340	-0.1387989410	-0.1371527648	-0.1355017319	-0.1338468535	-0.1321891170	-0.1305294778	-0.1288688875	-0.1272082576	-0.1255484804	-0.1238904294	-0.1222349509	-0.1205828791	-0.1189350170	-0.1172921304	-0.1156549667	-0.1140242342	-0.1124006149	-0.1107847832	-0.1091773735	-0.1075790076	-0.1059902748	-0.1044117212	-0.1028438804	-0.1012872561	-0.0997423470	-0.0982096237	-0.0966895095	-0.0951824099	-0.0936887006	-0.0922087551	-0.0907429183	-0.0892915093	-0.0878548278	-0.0864331459	-0.0850267267	-0.0836358036	-0.0822605982	-0.0809013045	-0.0795581042	-0.0782311590	-0.0769206192	-0.0756266133	-0.0743492581	-0.0730886528	-0.0718448788	-0.0706180010	-0.0694080712	-0.0682151320	-0.0670392131	-0.0658803271	-0.0647384852	-0.0636137316	-0.0625061543	-0.0614157715	-0.0603421064	-0.0592835051	-0.0582373487	-0.0572044521	-0.0562014871	-0.0552751068	-0.0544801432	-0.0538048026	-0.0531871852	-0.0525869207	-0.0519928255	-0.0514057730	-0.0508281131	-0.0502608401	-0.0497039265	-0.0491570209	-0.0486197831	-0.0480919610	-0.0475733977	-0.0470640045	-0.0465635744	-0.0460712227	-0.0455846348
-0.0708166769	-0.0708569445	-0.0708990934	-0.0709444868	-0.0709935578	-0.0710462999	-0.0711026290	-0.0711625059	-0.0712260030	-0.0712933661	-0.0713649333	-0.0714404461	-0.0715173236	-0.0715891074	-0.0716500881	-0.0717179531	-0.0718782273	-0.0722922090	-0.0730445533	-0.0740044301	-0.0750304269	-0.0760636228	-0.0770966778	-0.0781361539	-0.0791870944	-0.0802511515	-0.0813283340	-0.0824183343	-0.0835209630	-0.0846361488	-0.0857638615	-0.0869040693	-0.0880567239	-0.0892217636	-0.0903991251	-0.0915887298	-0.0927904886	-0.0940042951	-0.0952300306	-0.0964675735	-0.0977167954	-0.0989775590	-0.1002497088	-0.1015330725	-0.1028274707	-0.1041326976	-0.1054485508	-0.1067747948	-0.1081111919	-0.1094574909	-0.1108134120	-0.1121786866	-0.1135530036	-0.1149360484	-0.1163274958	-0.1177269726	-0.1191341275	-0.1205485805	-0.1219699199	-0.1233977518	-0.1248316194	-0.1262710495	-0.1277156001	-0.1291647755	-0.1306180713	-0.1320749840	-0.1335349246	-0.1349972965	-0.1364615285	-0.1379269817	-0.1393930136	-0.1408589996	-0.1423242341	-0.1437879990	-0.1452496099	-0.1467083169	-0.1481633436	-0.1496139628	-0.1510593939	-0.1524988000	-0.1539313754	-0.1553562764	-0.1567725799	-0.1581793817	-0.1595757968	-0.1609608770	-0.1623336752	-0.1636932738	-0.1650387302	-0.1663690527	-0.1676832731	-0.1689804249	-0.1702594799	-0.1715193922	-0.1727591587	-0.1739777376	-0.1751740631	-0.1763470982	-0.1774958287	-0.1786192209	-0.1797162299	-0.1807858206	-0.1818269839	-0.1828387172	-0.1838200055	-0.1847698713	-0.1856873614	-0.1865715239	-0.1874214228	-0.1882361311	-0.1890147529	-0.1897564432	-0.1904603991	-0.1911258589	-0.1917520819	-0.1923383401	-0.1928839528	-0.1933882909	-0.1938507748	-0.1942708480	-0.1946479744	-0.1949816826	-0.1952715813	-0.1955173238	-0.1957185680	-0.1958750276	-0.1959865041	-0.1960528290	-0.1960738447	-0.1960494445	-0.1959795979	-0.1958642969	-0.1957035475	-0.1954974161	-0.1952460154	-0.1949494751	-0.1946079558	-0.1942216585	-0.1937908223	-0.1933157137	-0.1927966196	-0.1922338645	-0.1916278123	-0.1909788628	-0.1902874271	-0.1895539518	-0.1887789472	-0.1879629524	-0.1871065046	-0.1862101982	-0.1852746978	-0.1843006991	-0.1832889009	-0.1822400262	-0.1811548725	-0.1800342988	-0.1788791736	-0.1776903718	-0.1764688196	-0.1752155048	-0.1739314567	-0.1726177123	-0.1712752831	-0.1699051976	-0.1685085299	-0.1670864023	-0.1656399773	-0.1641704302	-0.1626789218	-0.1611665950	-0.1596346055	-0.1580841109	-0.1565162749	-0.1549322804	-0.1533333013	-0.1517204959	-0.1500950161	-0.1484580077	-0.1468106019	-0.1451539086	-0.1434890422	-0.1418170903	-0.1401391124	-0.1384561614	-0.1367692588	-0.1350794011	-0.1333875745	-0.1316947337	-0.1300018015	-0.1283096935	-0.1266192982	-0.1249314791	-0.1232470850	-0.1215669253	-0.1198917758	-0.1182224001	-0.1165595129	-0.1149038217	-0.1132560054	-0.1116167147	-0.1099865867	-0.1083662093	-0.1067561451	-0.1051569374	-0.1035691065	-0.1019931668	-0.1004295857	-0.0988787973	-0.0973412134	-0.0958172249	-0.0943072164	-0.0928115358	-0.0913305128	-0.0898644495	-0.0884136304	-0.0869783216	-0.0855587655	-0.0841551868	-0.0827677862	-0.0813967507	-0.0800422488	-0.0787044338	-0.0773834412	-0.0760793899	-0.0747923837	-0.0735225049	-0.0722698229	-0.0710343935	-0.0698162624	-0.0686154595	-0.0674320014	-0.0662659101	-0.0651172495	-0.0639861181	-0.0628724610	-0.0617755247	-0.0606932055	-0.0596230134	-0.0585686251	-0.0575548523	-0.0566376137	-0.0558633662	-0.0551937039	-0.0545672872	-0.0539530984	-0.0533449202	-0.0527447180	-0.0521545523	-0.0515750560	-0.0510060519	-0.0504471699	-0.0498980846	-0.0493585568	-0.0488284326	-0.0483076241	-0.0477959226	-0.0472924313	-0.0467948036
-0.0727494337	-0.0727904552	-0.0728334120	-0.0728797075	-0.0729297872	-0.0729836482	-0.0730412041	-0.0731024083	-0.0731673027	-0.0732360822	-0.0733091046	-0.0733864323	-0.0734663834	-0.0735435030	-0.0736102723	-0.0736733738	-0.0737943094	-0.0741240306	-0.0748033729	-0.0757430820	-0.0767841771	-0.0778427448	-0.0789006817	-0.0799630320	-0.0810359333	-0.0821219337	-0.0832213465	-0.0843338714	-0.0854592662	-0.0865974284	-0.0877483177	-0.0889119006	-0.0900881284	-0.0912769390	-0.0924782628	-0.0936920210	-0.0949181226	-0.0961564564	-0.0974069017	-0.0986693269	-0.0999435986	-0.1012295713	-0.1025270903	-0.1038359740	-0.1051560379	-0.1064870721	-0.1078288627	-0.1091811759	-0.1105437576	-0.1119163553	-0.1132986797	-0.1146904477	-0.1160913548	-0.1175010655	-0.1189192556	-0.1203455513	-0.1217795767	-0.1232209622	-0.1246692855	-0.1261241344	-0.1275850702	-0.1290515921	-0.1305232288	-0.1319994933	-0.1334798488	-0.1349637792	-0.1364507148	-0.1379400217	-0.1394311022	-0.1409233329	-0.1424160370	-0.1439085728	-0.1454002627	-0.1468903641	-0.1483781653	-0.1498629453	-0.1513439052	-0.1528202676	-0.1542912654	-0.1557560469	-0.1572137525	-0.1586635376	-0.1601044932	-0.1615356704	-0.1629561629	-0.1643650477	-0.1657613595	-0.1671441532	-0.1685124979	-0.1698653962	-0.1712018220	-0.1725207822	-0.1738212610	-0.1751021994	-0.1763625561	-0.1776013077	-0.1788174125	-0.1800098054	-0.1811774255	-0.1823192433	-0.1834342040	-0.1845212437	-0.1855793343	-0.1866074672	-0.1876046393	-0.1885698603	-0.1895021519	-0.1904005625	-0.1912641507	-0.1920919748	-0.1928831209	-0.1936367267	-0.1943519826	-0.1950281092	-0.1956643373	-0.1962599282	-0.1968142043	-0.1973265421	-0.1977963514	-0.1982230475	-0.1986060834	-0.1989449901	-0.1992393635	-0.1994888164	-0.1996929797	-0.1998515712	-0.1999643823	-0.2000312153	-0.2000518961	-0.2000263206	-0.1999544451	-0.1998362448	-0.1996717196	-0.1994609327	-0.1992039912	-0.1989010183	-0.1985521721	-0.1981576577	-0.1977177190	-0.1972326242	-0.1967026733	-0.1961281981	-0.1955095782	-0.1948472282	-0.1941415751	-0.1933930850	-0.1926022835	-0.1917697377	-0.1908960168	-0.1899817313	-0.1890275556	-0.1880342164	-0.1870024434	-0.1859329744	-0.1848266190	-0.1836842545	-0.1825068025	-0.1812951749	-0.1800502982	-0.1787731583	-0.1774647915	-0.1761262510	-0.1747585829	-0.1733628424	-0.1719401177	-0.1704915523	-0.1690183330	-0.1675216464	-0.1660026694	-0.1644625668	-0.1629024901	-0.1613236040	-0.1597270922	-0.1581141525	-0.1564859749	-0.1548437415	-0.1531886268	-0.1515217914	-0.1498443737	-0.1481575048	-0.1464623030	-0.1447598586	-0.1430512518	-0.1413375484	-0.1396197840	-0.1378989717	-0.1361761165	-0.1344521781	-0.1327281024	-0.1310048173	-0.1292832220	-0.1275642084	-0.1258486247	-0.1241372895	-0.1224310019	-0.1207305254	-0.1190365900	-0.1173499221	-0.1156712077	-0.1140011178	-0.1123402919	-0.1106893243	-0.1090487946	-0.1074192539	-0.1058012444	-0.1041952847	-0.1026018426	-0.1010213647	-0.0994542686	-0.0979009643	-0.0963618396	-0.0948372507	-0.0933275343	-0.0918329976	-0.0903539368	-0.0888906199	-0.0874432995	-0.0860122016	-0.0845975362	-0.0831994931	-0.0818182489	-0.0804539601	-0.0791067680	-0.0777767946	-0.0764641465	-0.0751689098	-0.0738911561	-0.0726309471	-0.0713883310	-0.0701633379	-0.0689559889	-0.0677663223	-0.0665944238	-0.0654403853	-0.0643040187	-0.0631842005	-0.0620784177	-0.0609849460	-0.0599120762	-0.0588946325	-0.0579941458	-0.0572389160	-0.0565713965	-0.0559347357	-0.0553066620	-0.0546848884	-0.0540719993	-0.0534696875	-0.0528782702	-0.0522974579	-0.0517268744	-0.0511662121	-0.0506152412	-0.0500738103	-0.0495418331	-0.0490190978	-0.0485046986	-0.0479962573
-0.0746769478	-0.0747186852	-0.0747624134	-0.0748095739	-0.0748606237	-0.0749155639	-0.0749743063	-0.0750368012	-0.0751030686	-0.0751732550	-0.0752476971	-0.0753266506	-0.0754091455	-0.0754908656	-0.0755639073	-0.0756275835	-0.0757228498	-0.0759792268	-0.0765655817	-0.0774632375	-0.0785101098	-0.0795924863	-0.0806757674	-0.0817611878	-0.0828557217	-0.0839630816	-0.0850840872	-0.0862185105	-0.0873660555	-0.0885265755	-0.0897000144	-0.0908863357	-0.0920854898	-0.0932974140	-0.0945220328	-0.0957592652	-0.0970090163	-0.0982711730	-0.0995456110	-0.1008321903	-0.1021307701	-0.1034411993	-0.1047633195	-0.1060969463	-0.1074418846	-0.1087979249	-0.1101648390	-0.1115423954	-0.1129303276	-0.1143283735	-0.1157362460	-0.1171536419	-0.1185802614	-0.1200157606	-0.1214598022	-0.1229120258	-0.1243720318	-0.1258394428	-0.1273138427	-0.1287947884	-0.1302818452	-0.1317745110	-0.1332722715	-0.1347746374	-0.1362810647	-0.1377910040	-0.1393039030	-0.1408191245	-0.1423360253	-0.1438539887	-0.1453723390	-0.1468903959	-0.1484075004	-0.1499229213	-0.1514359012	-0.1529457136	-0.1544515726	-0.1559526455	-0.1574481335	-0.1589372105	-0.1604189754	-0.1618925532	-0.1633570641	-0.1648115542	-0.1662550765	-0.1676867161	-0.1691055198	-0.1705105014	-0.1719006940	-0.1732751131	-0.1746327123	-0.1759724496	-0.1772933044	-0.1785942496	-0.1798742172	-0.1811321617	-0.1823670562	-0.1835778363	-0.1847634047	-0.1859226942	-0.1870546565	-0.1881582314	-0.1892323650	-0.1902760261	-0.1912882183	-0.1922679504	-0.1932142267	-0.1941260742	-0.1950025374	-0.1958426820	-0.1966456015	-0.1974104233	-0.1981363074	-0.1988224396	-0.1994680330	-0.2000723463	-0.2006347036	-0.2011544782	-0.2016310538	-0.2020638284	-0.2024522618	-0.2027958929	-0.2030942954	-0.2033470472	-0.2035537728	-0.2037141860	-0.2038280552	-0.2038951573	-0.2039153031	-0.2038883931	-0.2038143723	-0.2036931953	-0.2035248594	-0.2033094241	-0.2030469912	-0.2027376804	-0.2023816503	-0.2019791104	-0.2015303046	-0.2010355064	-0.2004950243	-0.1999091998	-0.1992784265	-0.1986031313	-0.1978837660	-0.1971208113	-0.1963148014	-0.1954663313	-0.1945760057	-0.1936444384	-0.1926723104	-0.1916603756	-0.1906094014	-0.1895201539	-0.1883934497	-0.1872301795	-0.1860312947	-0.1847977477	-0.1835304774	-0.1822304590	-0.1808987270	-0.1795363515	-0.1781444263	-0.1767240475	-0.1752763245	-0.1738024097	-0.1723034841	-0.1707807430	-0.1692353801	-0.1676685817	-0.1660815143	-0.1644753607	-0.1628513161	-0.1612105778	-0.1595543533	-0.1578838524	-0.1562002633	-0.1545047579	-0.1527984950	-0.1510826204	-0.1493582499	-0.1476264898	-0.1458884361	-0.1441451541	-0.1423976981	-0.1406471063	-0.1388943845	-0.1371405115	-0.1353864547	-0.1336331496	-0.1318815139	-0.1301324507	-0.1283868186	-0.1266454474	-0.1249091450	-0.1231786828	-0.1214548153	-0.1197382733	-0.1180297577	-0.1163299546	-0.1146395011	-0.1129590068	-0.1112890624	-0.1096302334	-0.1079830804	-0.1063481168	-0.1047258193	-0.1031166422	-0.1015210165	-0.0999393663	-0.0983720812	-0.0968195276	-0.0952820454	-0.0937599529	-0.0922535522	-0.0907631177	-0.0892889078	-0.0878311533	-0.0863900714	-0.0849658569	-0.0835586928	-0.0821687393	-0.0807961420	-0.0794410280	-0.0781035054	-0.0767836642	-0.0754815798	-0.0741973185	-0.0729309304	-0.0716824477	-0.0704518991	-0.0692393419	-0.0680448844	-0.0668685861	-0.0657100452	-0.0645676660	-0.0634386496	-0.0623229773	-0.0612357927	-0.0602235522	-0.0593475780	-0.0586078086	-0.0579377481	-0.0572891707	-0.0566473329	-0.0560125387	-0.0553874597	-0.0547733676	-0.0541703284	-0.0535779886	-0.0529959797	-0.0524240121	-0.0518618627	-0.0513093822	-0.0507664841	-0.0502329557	-0.0497078812	-0.0491888550
-0.0765990783	-0.0766414929	-0.0766859534	-0.0767339390	-0.0767859190	-0.0768418952	-0.0769017821	-0.0769655290	-0.0770331375	-0.0771047139	-0.0771805423	-0.0772609702	-0.0773455774	-0.0774312466	-0.0775107602	-0.0775790122	-0.0776596755	-0.0778535396	-0.0783346821	-0.0791687610	-0.0802094371	-0.0813125585	-0.0824212824	-0.0835300316	-0.0846459682	-0.0857741464	-0.0869161097	-0.0880717955	-0.0892408665	-0.0904231208	-0.0916184769	-0.0928268928	-0.0940483183	-0.0952826891	-0.0965299248	-0.0977899399	-0.0990626359	-0.1003479008	-0.1016456025	-0.1029555969	-0.1042777346	-0.1056118592	-0.1069578045	-0.1083153883	-0.1096844038	-0.1110646403	-0.1124558596	-0.1138578243	-0.1152702668	-0.1166929098	-0.1181254700	-0.1195676313	-0.1210190868	-0.1224794999	-0.1239485117	-0.1254257675	-0.1269108601	-0.1284033850	-0.1299029323	-0.1314090393	-0.1329212525	-0.1344390861	-0.1359619952	-0.1374894634	-0.1390209577	-0.1405558993	-0.1420937273	-0.1436338296	-0.1451755322	-0.1467181957	-0.1482611668	-0.1498037386	-0.1513452317	-0.1528849401	-0.1544220797	-0.1559558782	-0.1574855614	-0.1590102839	-0.1605291910	-0.1620414610	-0.1635462030	-0.1650425067	-0.1665294882	-0.1680062251	-0.1694717491	-0.1709251073	-0.1723653564	-0.1737914919	-0.1752024918	-0.1765973591	-0.1779750720	-0.1793345640	-0.1806747827	-0.1819947116	-0.1832932990	-0.1845694736	-0.1858221755	-0.1870503473	-0.1882528963	-0.1894287194	-0.1905767461	-0.1916959260	-0.1927852073	-0.1938435398	-0.1948698996	-0.1958632882	-0.1968227160	-0.1977471883	-0.1986357337	-0.1994874186	-0.2003013472	-0.2010766521	-0.2018124661	-0.2025079361	-0.2031622618	-0.2037747019	-0.2043445766	-0.2048712352	-0.2053540334	-0.2057923708	-0.2061857166	-0.2065336060	-0.2068355868	-0.2070912168	-0.2073001262	-0.2074620243	-0.2075766586	-0.2076437789	-0.2076631894	-0.2076347877	-0.2075585046	-0.2074342788	-0.2072621030	-0.2070420357	-0.2067741703	-0.2064586247	-0.2060955595	-0.2056851855	-0.2052277483	-0.2047235308	-0.2041728516	-0.2035760598	-0.2029335556	-0.2022457868	-0.2015132245	-0.2007363580	-0.1999157343	-0.1990519704	-0.1981456911	-0.1971975283	-0.1962081741	-0.1951784002	-0.1941090111	-0.1930008050	-0.1918546071	-0.1906713142	-0.1894518904	-0.1881973185	-0.1869085657	-0.1855866068	-0.1842324697	-0.1828472473	-0.1814320736	-0.1799880888	-0.1785164302	-0.1770182437	-0.1754946967	-0.1739469875	-0.1723763264	-0.1707839204	-0.1691709658	-0.1675386669	-0.1658882264	-0.1642208451	-0.1625377454	-0.1608401428	-0.1591292453	-0.1574062396	-0.1556723003	-0.1539285834	-0.1521762172	-0.1504163200	-0.1486499924	-0.1468783135	-0.1451023526	-0.1433231566	-0.1415417388	-0.1397591056	-0.1379762306	-0.1361940677	-0.1344135569	-0.1326355969	-0.1308610634	-0.1290907978	-0.1273256091	-0.1255662861	-0.1238136036	-0.1220682960	-0.1203310840	-0.1186026549	-0.1168836513	-0.1151746998	-0.1134763988	-0.1117893359	-0.1101140752	-0.1084511301	-0.1068009885	-0.1051641111	-0.1035409466	-0.1019319260	-0.1003374433	-0.0987578736	-0.0971935612	-0.0956448369	-0.0941120050	-0.0925953496	-0.0910951315	-0.0896115903	-0.0881449464	-0.0866954036	-0.0852631480	-0.0838483453	-0.0824511448	-0.0810716780	-0.0797100548	-0.0783663690	-0.0770407021	-0.0757331229	-0.0744436829	-0.0731724178	-0.0719193677	-0.0706846139	-0.0694682805	-0.0682703540	-0.0670901300	-0.0659254839	-0.0647736432	-0.0636375755	-0.0625415107	-0.0615432187	-0.0606960301	-0.0599680920	-0.0592919460	-0.0586303943	-0.0579750528	-0.0573277802	-0.0566909653	-0.0560654413	-0.0554510787	-0.0548474941	-0.0542543398	-0.0536713403	-0.0530982790	-0.0525350071	-0.0519814376	-0.0514373578	-0.0509018429	-0.0503724625
-0.0785156865	-0.0785587366	-0.0786038891	-0.0786526577	-0.0787055249	-0.0787624930	-0.0788234795	-0.0788884339	-0.0789573449	-0.0790302838	-0.0791074753	-0.0791892974	-0.0792757435	-0.0793647978	-0.0794503790	-0.0795248710	-0.0795980782	-0.0797417653	-0.0801200668	-0.0808691109	-0.0818855251	-0.0830028671	-0.0841363124	-0.0852688074	-0.0864061525	-0.0875547096	-0.0887170086	-0.0898933054	-0.0910832626	-0.0922866167	-0.0935032497	-0.0947331085	-0.0959761418	-0.0972322824	-0.0985014461	-0.0997835443	-0.1010784735	-0.1023861210	-0.1037063498	-0.1050390131	-0.1063839517	-0.1077410028	-0.1091099933	-0.1104907398	-0.1118830301	-0.1132866457	-0.1147013471	-0.1161268834	-0.1175629933	-0.1190093857	-0.1204657733	-0.1219318411	-0.1234072644	-0.1248917124	-0.1263848121	-0.1278861949	-0.1293954611	-0.1309121757	-0.1324359200	-0.1339662337	-0.1355026341	-0.1370446416	-0.1385917110	-0.1401432855	-0.1416988324	-0.1432577688	-0.1448195055	-0.1463834532	-0.1479489441	-0.1495152991	-0.1510818675	-0.1526479457	-0.1542128092	-0.1557757504	-0.1573359971	-0.1588927271	-0.1604451471	-0.1619924295	-0.1635336882	-0.1650680627	-0.1665946995	-0.1681126740	-0.1696210734	-0.1711189946	-0.1726054770	-0.1740795204	-0.1755401480	-0.1769863652	-0.1784171263	-0.1798313961	-0.1812281583	-0.1826063702	-0.1839649630	-0.1853028814	-0.1866190833	-0.1879125020	-0.1891820385	-0.1904266134	-0.1916451524	-0.1928365600	-0.1939997345	-0.1951336072	-0.1962371299	-0.1973092541	-0.1983489346	-0.1993551445	-0.2003268846	-0.2012631624	-0.2021630043	-0.2030254737	-0.2038496665	-0.2046347044	-0.2053797140	-0.2060838332	-0.2067462518	-0.2073662246	-0.2079430529	-0.2084760472	-0.2089645472	-0.2094079573	-0.2098057514	-0.2101574517	-0.2104625812	-0.2107206912	-0.2109314194	-0.2110944714	-0.2112095696	-0.2112764475	-0.2112949139	-0.2112648533	-0.2111861828	-0.2110588308	-0.2108827796	-0.2106580912	-0.2103848549	-0.2100631853	-0.2096932398	-0.2092752288	-0.2088094099	-0.2082960715	-0.2077355355	-0.2071281621	-0.2064743592	-0.2057745909	-0.2050293411	-0.2042391108	-0.2034044613	-0.2025260184	-0.2016044345	-0.2006403700	-0.1996345220	-0.1985876709	-0.1975006505	-0.1963742967	-0.1952094517	-0.1940070083	-0.1927679310	-0.1914932248	-0.1901838908	-0.1888409240	-0.1874653651	-0.1860583146	-0.1846209281	-0.1831543803	-0.1816598287	-0.1801384251	-0.1785913343	-0.1770197477	-0.1754248839	-0.1738079718	-0.1721702443	-0.1705129229	-0.1688372200	-0.1671443545	-0.1654355503	-0.1637120172	-0.1619749819	-0.1602256522	-0.1584652072	-0.1566948184	-0.1549156319	-0.1531287725	-0.1513353485	-0.1495364564	-0.1477331739	-0.1459265504	-0.1441176201	-0.1423074014	-0.1404968809	-0.1386870343	-0.1368788095	-0.1350731101	-0.1332708227	-0.1314727978	-0.1296798585	-0.1278928097	-0.1261124321	-0.1243394753	-0.1225746725	-0.1208187075	-0.1190722384	-0.1173359025	-0.1156103120	-0.1138960725	-0.1121937432	-0.1105038447	-0.1088268736	-0.1071633021	-0.1055135948	-0.1038781833	-0.1022574715	-0.1006518392	-0.0990616398	-0.0974872116	-0.0959288644	-0.0943868897	-0.0928615519	-0.0913530983	-0.0898617540	-0.0883877311	-0.0869312182	-0.0854923875	-0.0840713914	-0.0826683650	-0.0812834210	-0.0799166571	-0.0785681610	-0.0772380039	-0.0759262385	-0.0746329053	-0.0733580613	-0.0721018150	-0.0708642880	-0.0696453259	-0.0684438135	-0.0672571268	-0.0660832102	-0.0649299983	-0.0638330523	-0.0628576651	-0.0620381502	-0.0613174757	-0.0606329007	-0.0599581229	-0.0592897727	-0.0586305495	-0.0579824029	-0.0573457695	-0.0567203772	-0.0561058346	-0.0555018169	-0.0549080612	-0.0543243554	-0.0537505512	-0.0531865615	-0.0526321735	-0.0520864541	-0.0515469511
-0.0804266335	-0.0804702764	-0.0805160775	-0.0805655839	-0.0806192934	-0.0806772084	-0.0807392468	-0.0808053589	-0.0808755305	-0.0809498028	-0.0810283447	-0.0811115156	-0.0811995622	-0.0812913505	-0.0813821284	-0.0814635585	-0.0815360084	-0.0816460976	-0.0819344928	-0.0825759346	-0.0835427674	-0.0846634746	-0.0858198617	-0.0869767010	-0.0881357511	-0.0893043755	-0.0904864036	-0.0916826429	-0.0928928285	-0.0941166351	-0.0953538958	-0.0966045380	-0.0978685064	-0.0991457323	-0.1004361301	-0.1017396041	-0.1030560489	-0.1043853467	-0.1057273614	-0.1070819404	-0.1084489169	-0.1098281207	-0.1112193720	-0.1126224818	-0.1140372404	-0.1154634168	-0.1169007744	-0.1183490508	-0.1198079851	-0.1212772827	-0.1227566436	-0.1242457562	-0.1257442777	-0.1272518702	-0.1287681598	-0.1302927544	-0.1318252587	-0.1333652249	-0.1349122091	-0.1364657596	-0.1380253758	-0.1395905618	-0.1411607904	-0.1427354782	-0.1443140677	-0.1458959902	-0.1474806358	-0.1490674090	-0.1506556724	-0.1522447197	-0.1538338650	-0.1554224156	-0.1570096188	-0.1585947314	-0.1601770005	-0.1617555939	-0.1633296728	-0.1648984168	-0.1664609532	-0.1680163785	-0.1695638337	-0.1711024256	-0.1726312134	-0.1741492631	-0.1756556323	-0.1771493073	-0.1786292532	-0.1800944698	-0.1815439272	-0.1829765688	-0.1843913510	-0.1857872478	-0.1871632057	-0.1885181310	-0.1898509525	-0.1911606069	-0.1924459946	-0.1937060095	-0.1949395679	-0.1961455925	-0.1973229852	-0.1984706536	-0.1995875214	-0.2006725462	-0.2017246842	-0.2027428857	-0.2037261211	-0.2046733950	-0.2055837451	-0.2064562418	-0.2072899644	-0.2080840069	-0.2088374879	-0.2095495516	-0.2102193996	-0.2108462860	-0.2114294803	-0.2119682588	-0.2124619487	-0.2129099573	-0.2133117571	-0.2136668445	-0.2139747205	-0.2142349409	-0.2144471531	-0.2146110502	-0.2147263281	-0.2147927148	-0.2148100289	-0.2147781468	-0.2146969626	-0.2145664005	-0.2143864465	-0.2141571528	-0.2138786066	-0.2135509194	-0.2131742461	-0.2127488059	-0.2122748576	-0.2117526923	-0.2111826367	-0.2105650624	-0.2099003870	-0.2091890795	-0.2084316418	-0.2076285906	-0.2067804935	-0.2058879855	-0.2049517510	-0.2039724735	-0.2029508584	-0.2018876886	-0.2007838191	-0.1996401213	-0.1984574601	-0.1972367252	-0.1959788728	-0.1946849242	-0.1933559203	-0.1919928953	-0.1905969075	-0.1891690571	-0.1877105004	-0.1862224272	-0.1847060178	-0.1831624425	-0.1815928717	-0.1799984954	-0.1783805347	-0.1767402365	-0.1750788566	-0.1733976373	-0.1716978122	-0.1699806123	-0.1682472587	-0.1664989737	-0.1647369812	-0.1629625007	-0.1611767262	-0.1593808408	-0.1575760046	-0.1557633570	-0.1539440153	-0.1521190911	-0.1502896647	-0.1484567960	-0.1466215388	-0.1447849137	-0.1429479299	-0.1411115766	-0.1392767982	-0.1374445153	-0.1356156248	-0.1337909843	-0.1319714342	-0.1301577921	-0.1283508436	-0.1265513579	-0.1247600673	-0.1229776616	-0.1212048147	-0.1194421714	-0.1176903654	-0.1159500062	-0.1142216508	-0.1125058305	-0.1108030489	-0.1091137957	-0.1074385431	-0.1057777255	-0.1041317569	-0.1025010202	-0.1008858813	-0.0992866818	-0.0977037404	-0.0961373522	-0.0945877880	-0.0930553007	-0.0915401236	-0.0900424732	-0.0885625426	-0.0871005092	-0.0856565301	-0.0842307417	-0.0828232611	-0.0814341916	-0.0800636243	-0.0787116338	-0.0773782737	-0.0760635940	-0.0747676742	-0.0734906485	-0.0722326041	-0.0709931507	-0.0697706401	-0.0685621002	-0.0673673262	-0.0662019112	-0.0651145867	-0.0641709702	-0.0633744641	-0.0626551482	-0.0619599965	-0.0612720778	-0.0605913680	-0.0599207466	-0.0592616587	-0.0586142266	-0.0579780939	-0.0573528808	-0.0567382825	-0.0561340477	-0.0555399659	-0.0549558892	-0.0543817314	-0.0538172789	-0.0532615925	-0.0527121992
-0.0823317804	-0.0823759726	-0.0824223748	-0.0824725747	-0.0825270792	-0.0825858930	-0.0826489329	-0.0827161521	-0.0827875365	-0.0828631079	-0.0829429825	-0.0830274653	-0.0831169222	-0.0832108819	-0.0833059832	-0.0833945491	-0.0834714060	-0.0835625422	-0.0837761855	-0.0842959666	-0.0851868155	-0.0862960261	-0.0874715975	-0.0886530004	-0.0898341900	-0.0910227144	-0.0922239169	-0.0934394284	-0.0946691696	-0.0959127714	-0.0971700031	-0.0984407621	-0.0997249867	-0.1010226081	-0.1023335393	-0.1036576774	-0.1049949149	-0.1063451282	-0.1077081815	-0.1090839171	-0.1104721639	-0.1118727421	-0.1132854668	-0.1147101417	-0.1161465589	-0.1175944824	-0.1190536712	-0.1205238606	-0.1220047786	-0.1234961350	-0.1249976135	-0.1265088971	-0.1280296347	-0.1295594704	-0.1310980350	-0.1326449185	-0.1341997141	-0.1357619822	-0.1373312505	-0.1389070611	-0.1404889161	-0.1420762937	-0.1436686758	-0.1452654834	-0.1468661234	-0.1484700300	-0.1500765953	-0.1516851943	-0.1532952052	-0.1549059268	-0.1565166253	-0.1581265928	-0.1597350817	-0.1613413097	-0.1629445121	-0.1645438832	-0.1661385568	-0.1677276851	-0.1693104200	-0.1708858554	-0.1724530879	-0.1740112393	-0.1755593713	-0.1770964996	-0.1786216691	-0.1801338832	-0.1816320904	-0.1831152501	-0.1845823401	-0.1860323171	-0.1874641182	-0.1888766892	-0.1902689800	-0.1916399105	-0.1929883664	-0.1943132586	-0.1956135063	-0.1968880024	-0.1981356393	-0.1993553290	-0.2005459920	-0.2017065393	-0.2028358746	-0.2039329281	-0.2049966485	-0.2060259863	-0.2070199038	-0.2079773910	-0.2088974825	-0.2097792452	-0.2106217540	-0.2114240829	-0.2121853351	-0.2129046655	-0.2135812845	-0.2142144439	-0.2148033878	-0.2153473744	-0.2158457310	-0.2162978657	-0.2167032340	-0.2170612935	-0.2173715331	-0.2176335203	-0.2178468999	-0.2180113492	-0.2181265464	-0.2181922225	-0.2182081974	-0.2181743414	-0.2180905340	-0.2179566922	-0.2177728109	-0.2175389353	-0.2172551424	-0.2169215433	-0.2165382992	-0.2161056299	-0.2156237914	-0.2150930827	-0.2145138399	-0.2138864378	-0.2132113044	-0.2124889145	-0.2117197836	-0.2109044464	-0.2100434774	-0.2091375228	-0.2081872848	-0.2071934702	-0.2061568034	-0.2050780704	-0.2039581338	-0.2027978921	-0.2015982302	-0.2003600474	-0.1990843006	-0.1977720191	-0.1964242820	-0.1950421651	-0.1936267383	-0.1921791028	-0.1907004069	-0.1891918374	-0.1876546032	-0.1860898953	-0.1844988989	-0.1828828180	-0.1812428732	-0.1795803151	-0.1778964087	-0.1761924244	-0.1744696150	-0.1727292224	-0.1709724737	-0.1692006063	-0.1674148337	-0.1656163774	-0.1638064530	-0.1619862451	-0.1601569305	-0.1583196688	-0.1564755886	-0.1546258091	-0.1527714192	-0.1509134924	-0.1490530871	-0.1471912377	-0.1453289726	-0.1434672814	-0.1416071153	-0.1397494113	-0.1378950676	-0.1360449586	-0.1341999400	-0.1323608354	-0.1305284457	-0.1287035482	-0.1268868734	-0.1250791261	-0.1232809888	-0.1214931219	-0.1197161751	-0.1179507518	-0.1161974158	-0.1144567066	-0.1127291390	-0.1110152196	-0.1093154208	-0.1076301865	-0.1059599351	-0.1043050568	-0.1026659284	-0.1010428948	-0.0994362825	-0.0978463897	-0.0962734960	-0.0947178587	-0.0931797198	-0.0916592983	-0.0901567936	-0.0886723875	-0.0872062413	-0.0857584928	-0.0843292640	-0.0829186650	-0.0815267902	-0.0801537141	-0.0787994953	-0.0774641970	-0.0761479268	-0.0748508361	-0.0735729279	-0.0723134647	-0.0710701910	-0.0698401759	-0.0686266767	-0.0674557598	-0.0663888615	-0.0654819921	-0.0647030607	-0.0639801692	-0.0632729823	-0.0625722150	-0.0618797853	-0.0611982753	-0.0605286143	-0.0598706894	-0.0592241077	-0.0585885124	-0.0579636178	-0.0573491810	-0.0567449925	-0.0561509038	-0.0555668300	-0.0549925583	-0.0544271430	-0.0538680934
-0.0842309911	-0.0842756846	-0.0843226412	-0.0843734872	-0.0844287373	-0.0844883994	-0.0845523895	-0.0846206627	-0.0846932069	-0.0847700319	-0.0848512095	-0.0849369797	-0.0850277409	-0.0851234972	-0.0852221518	-0.0853173315	-0.0854009823	-0.0854831625	-0.0856388895	-0.0860399873	-0.0868291489	-0.0879048571	-0.0890916145	-0.0902967618	-0.0915006997	-0.0927092396	-0.0939291879	-0.0951633156	-0.0964119240	-0.0976746464	-0.0989511826	-0.1002413882	-0.1015451874	-0.1028625108	-0.1041932688	-0.1055373560	-0.1068946585	-0.1082650496	-0.1096483899	-0.1110445206	-0.1124532663	-0.1138744393	-0.1153078492	-0.1167532939	-0.1182105627	-0.1196794228	-0.1211596205	-0.1226508934	-0.1241529542	-0.1256655112	-0.1271882402	-0.1287208083	-0.1302628665	-0.1318140388	-0.1333739521	-0.1349421946	-0.1365183377	-0.1381019488	-0.1396925449	-0.1412896436	-0.1428927561	-0.1445013480	-0.1461148890	-0.1477328227	-0.1493545371	-0.1509794377	-0.1526069266	-0.1542363568	-0.1558670844	-0.1574984322	-0.1591296462	-0.1607599751	-0.1623886791	-0.1640149652	-0.1656380332	-0.1672570945	-0.1688712985	-0.1704797636	-0.1720816353	-0.1736760299	-0.1752620174	-0.1768386714	-0.1784050644	-0.1799602130	-0.1815031125	-0.1830327742	-0.1845481703	-0.1860482375	-0.1875319248	-0.1889981988	-0.1904460060	-0.1918742528	-0.1932818629	-0.1946677744	-0.1960308728	-0.1973700314	-0.1986841597	-0.1999721636	-0.2012329397	-0.2024653758	-0.2036683802	-0.2048408774	-0.2059817861	-0.2070900016	-0.2081644460	-0.2092040671	-0.2102078357	-0.2111747514	-0.2121038365	-0.2129941265	-0.2138446826	-0.2146545748	-0.2154229057	-0.2161488517	-0.2168316153	-0.2174704180	-0.2180644907	-0.2186130974	-0.2191155796	-0.2195713436	-0.2199798128	-0.2203404193	-0.2206526480	-0.2209160653	-0.2211303096	-0.2212950376	-0.2214099148	-0.2214746811	-0.2214891511	-0.2214531856	-0.2213666604	-0.2212294890	-0.2210416627	-0.2208032270	-0.2205142561	-0.2201748579	-0.2197851993	-0.2193454959	-0.2188560085	-0.2183170431	-0.2177289395	-0.2170920782	-0.2164068936	-0.2156738738	-0.2148935431	-0.2140664482	-0.2131931792	-0.2122743897	-0.2113107922	-0.2103031184	-0.2092521122	-0.2081585635	-0.2070233327	-0.2058473355	-0.2046314840	-0.2033767013	-0.2020839512	-0.2007542678	-0.1993887486	-0.1979884987	-0.1965546071	-0.1950881828	-0.1935903604	-0.1920623223	-0.1905052942	-0.1889204933	-0.1873091307	-0.1856724256	-0.1840116003	-0.1823279018	-0.1806226050	-0.1788969912	-0.1771523329	-0.1753898874	-0.1736108979	-0.1718165988	-0.1700082114	-0.1681869572	-0.1663540554	-0.1645107049	-0.1626580926	-0.1607973920	-0.1589297518	-0.1570562907	-0.1551781123	-0.1532963085	-0.1514119339	-0.1495260476	-0.1476396806	-0.1457538160	-0.1438694295	-0.1419874615	-0.1401088151	-0.1382343869	-0.1363650397	-0.1345016071	-0.1326449056	-0.1307957095	-0.1289547565	-0.1271227655	-0.1253004284	-0.1234884255	-0.1216874084	-0.1198979775	-0.1181207074	-0.1163561440	-0.1146048196	-0.1128672485	-0.1111439058	-0.1094352441	-0.1077416856	-0.1060636330	-0.1044014660	-0.1027555376	-0.1011261793	-0.0995136949	-0.0979183708	-0.0963404711	-0.0947802432	-0.0932379105	-0.0917136785	-0.0902077329	-0.0887202377	-0.0872513345	-0.0858011506	-0.0843698014	-0.0829573844	-0.0815639751	-0.0801896386	-0.0788344575	-0.0774985701	-0.0761821240	-0.0748849553	-0.0736058463	-0.0723419751	-0.0710912984	-0.0698629634	-0.0686961575	-0.0676602638	-0.0667886809	-0.0660210933	-0.0652913040	-0.0645716150	-0.0638585558	-0.0631550126	-0.0624630574	-0.0617831595	-0.0611150421	-0.0604583056	-0.0598126188	-0.0591777136	-0.0585533519	-0.0579393253	-0.0573354858	-0.0567417487	-0.0561579026	-0.0555829976	-0.0550145257
-0.0861241300	-0.0861692748	-0.0862167386	-0.0862681788	-0.0863241239	-0.0863845815	-0.0864494675	-0.0865187379	-0.0865923844	-0.0866704093	-0.0867528557	-0.0868398975	-0.0869319061	-0.0870291630	-0.0871305668	-0.0872312935	-0.0873226295	-0.0874041877	-0.0875223965	-0.0878210446	-0.0884840791	-0.0894961655	-0.0906804756	-0.0919069754	-0.0931344045	-0.0943634302	-0.0956018689	-0.0968539900	-0.0981207599	-0.0994019102	-0.1006970755	-0.1020060525	-0.1033287425	-0.1046650706	-0.1060149469	-0.1073782637	-0.1087549003	-0.1101447274	-0.1115476028	-0.1129633660	-0.1143918388	-0.1158328300	-0.1172861393	-0.1187515613	-0.1202288797	-0.1217178615	-0.1232182444	-0.1247297602	-0.1262521143	-0.1277850039	-0.1293281043	-0.1308810664	-0.1324435400	-0.1340151391	-0.1355954742	-0.1371841395	-0.1387806907	-0.1403846848	-0.1419956479	-0.1436130729	-0.1452364666	-0.1468653031	-0.1484990304	-0.1501370999	-0.1517789076	-0.1534238188	-0.1550712224	-0.1567204722	-0.1583708898	-0.1600218029	-0.1616724753	-0.1633221187	-0.1649699699	-0.1666152505	-0.1682571383	-0.1698948264	-0.1715274955	-0.1731542620	-0.1747742318	-0.1763865225	-0.1779902076	-0.1795843144	-0.1811678920	-0.1827399832	-0.1842995615	-0.1858456076	-0.1873771192	-0.1888930501	-0.1903923198	-0.1918738723	-0.1933366527	-0.1947795644	-0.1962015090	-0.1976013898	-0.1989781175	-0.2003305719	-0.2016576277	-0.2029581834	-0.2042311457	-0.2054754105	-0.2066898625	-0.2078734106	-0.2090249756	-0.2101434649	-0.2112277840	-0.2122768646	-0.2132896746	-0.2142652231	-0.2152025339	-0.2161006161	-0.2169584981	-0.2177752511	-0.2185499939	-0.2192819061	-0.2199701861	-0.2206140229	-0.2212126338	-0.2217652977	-0.2222713677	-0.2227302450	-0.2231413291	-0.2235040379	-0.2238178570	-0.2240823565	-0.2242971582	-0.2244618921	-0.2245762181	-0.2246398799	-0.2246526943	-0.2246145055	-0.2245251785	-0.2243846329	-0.2241928584	-0.2239498983	-0.2236558251	-0.2233107440	-0.2229148256	-0.2224682901	-0.2219713990	-0.2214244606	-0.2208278219	-0.2201818702	-0.2194870438	-0.2187438444	-0.2179528050	-0.2171144856	-0.2162294880	-0.2152984709	-0.2143221608	-0.2133013064	-0.2122366675	-0.2111290369	-0.2099792764	-0.2087883110	-0.2075570920	-0.2062865723	-0.2049777176	-0.2036315601	-0.2022491996	-0.2008317616	-0.1993803653	-0.1978961260	-0.1963801766	-0.1948336963	-0.1932579098	-0.1916540628	-0.1900233978	-0.1883671382	-0.1866865211	-0.1849827982	-0.1832572446	-0.1815111373	-0.1797457666	-0.1779624087	-0.1761623194	-0.1743467336	-0.1725168870	-0.1706740046	-0.1688192967	-0.1669539812	-0.1650792511	-0.1631962889	-0.1613062592	-0.1594102902	-0.1575095006	-0.1556049877	-0.1536978265	-0.1517890842	-0.1498797821	-0.1479709180	-0.1460634755	-0.1441583938	-0.1422566002	-0.1403590002	-0.1384664630	-0.1365798392	-0.1346999483	-0.1328275644	-0.1309634399	-0.1291083021	-0.1272628600	-0.1254278059	-0.1236037847	-0.1217914036	-0.1199912439	-0.1182038646	-0.1164298136	-0.1146696045	-0.1129237213	-0.1111926210	-0.1094767340	-0.1077764731	-0.1060922204	-0.1044243380	-0.1027731599	-0.1011389991	-0.0995221454	-0.0979228727	-0.0963414307	-0.0947780491	-0.0932329390	-0.0917062888	-0.0901982650	-0.0887090148	-0.0872386716	-0.0857873545	-0.0843551626	-0.0829421750	-0.0815484664	-0.0801741474	-0.0788193836	-0.0774842776	-0.0761683807	-0.0748698552	-0.0735855332	-0.0723157082	-0.0710786878	-0.0699284724	-0.0689330984	-0.0680907679	-0.0673272088	-0.0665878181	-0.0658556686	-0.0651310467	-0.0644170006	-0.0637150138	-0.0630251974	-0.0623471828	-0.0616805849	-0.0610250985	-0.0603804683	-0.0597464592	-0.0591228629	-0.0585095329	-0.0579063863	-0.0573132110	-0.0567290553	-0.0561513951
-0.0880110616	-0.0880566077	-0.0881045265	-0.0881565082	-0.0882130953	-0.0882742922	-0.0883400156	-0.0884102219	-0.0884849079	-0.0885640740	-0.0886477449	-0.0887360350	-0.0888292534	-0.0889277973	-0.0890312867	-0.0891364700	-0.0892355370	-0.0893223255	-0.0894205546	-0.0896368252	-0.0901613352	-0.0910783130	-0.0922407780	-0.0934833626	-0.0947344915	-0.0959846839	-0.0972415715	-0.0985111447	-0.0997953734	-0.1010942469	-0.1024073551	-0.1037344230	-0.1050753159	-0.1064299485	-0.1077982319	-0.1091800561	-0.1105752959	-0.1119838178	-0.1134054764	-0.1148401116	-0.1162875435	-0.1177475766	-0.1192200025	-0.1207046086	-0.1222011708	-0.1237094515	-0.1252291871	-0.1267600973	-0.1283018855	-0.1298542355	-0.1314168214	-0.1329892867	-0.1345712672	-0.1361623795	-0.1377622148	-0.1393703642	-0.1409863838	-0.1426098114	-0.1442401802	-0.1458769795	-0.1475196946	-0.1491678093	-0.1508207614	-0.1524779827	-0.1541388840	-0.1558028129	-0.1574691186	-0.1591371582	-0.1608062414	-0.1624756700	-0.1641447320	-0.1658126409	-0.1674785926	-0.1691418084	-0.1708014768	-0.1724567620	-0.1741068433	-0.1757508614	-0.1773878945	-0.1790170227	-0.1806373248	-0.1822478304	-0.1838475438	-0.1854354963	-0.1870106891	-0.1885720891	-0.1901186714	-0.1916494132	-0.1931632450	-0.1946590698	-0.1961357982	-0.1975923569	-0.1990276373	-0.2004405070	-0.2018298703	-0.2031946313	-0.2045336655	-0.2058458475	-0.2071300633	-0.2083852231	-0.2096102222	-0.2108039456	-0.2119652822	-0.2130931546	-0.2141864866	-0.2152442083	-0.2162652769	-0.2172486859	-0.2181934436	-0.2190985565	-0.2199630465	-0.2207859805	-0.2215664911	-0.2223037416	-0.2229969098	-0.2236451769	-0.2242477579	-0.2248039451	-0.2253130976	-0.2257745945	-0.2261878162	-0.2265521776	-0.2268671769	-0.2271323918	-0.2273474211	-0.2275118742	-0.2276254086	-0.2276877664	-0.2276987653	-0.2276582356	-0.2275660320	-0.2274220732	-0.2272263520	-0.2269789124	-0.2266798171	-0.2263291779	-0.2259271658	-0.2254740011	-0.2249699524	-0.2244153303	-0.2238104893	-0.2231558226	-0.2224517724	-0.2216988479	-0.2208975971	-0.2200485914	-0.2191524358	-0.2182097974	-0.2172214098	-0.2161880400	-0.2151104633	-0.2139894800	-0.2128259581	-0.2116208329	-0.2103750828	-0.2090896804	-0.2077656032	-0.2064038815	-0.2050056083	-0.2035719195	-0.2021039663	-0.2006028733	-0.1990697862	-0.1975058820	-0.1959123795	-0.1942905375	-0.1926416191	-0.1909668736	-0.1892675538	-0.1875449152	-0.1858002234	-0.1840347575	-0.1822498129	-0.1804466783	-0.1786266197	-0.1767908882	-0.1749407321	-0.1730773737	-0.1712020271	-0.1693159158	-0.1674202437	-0.1655161951	-0.1636049436	-0.1616876394	-0.1597654110	-0.1578393610	-0.1559105925	-0.1539801569	-0.1520490833	-0.1501183857	-0.1481890417	-0.1462620059	-0.1443382190	-0.1424185902	-0.1405040038	-0.1385953206	-0.1366933566	-0.1347988963	-0.1329127039	-0.1310355180	-0.1291680656	-0.1273110376	-0.1254650768	-0.1236307998	-0.1218087959	-0.1199996411	-0.1182038895	-0.1164220567	-0.1146546346	-0.1129020851	-0.1111648495	-0.1094433450	-0.1077379609	-0.1060490649	-0.1043769950	-0.1027220717	-0.1010845918	-0.0994648350	-0.0978630553	-0.0962794888	-0.0947143502	-0.0931678312	-0.0916401014	-0.0901313139	-0.0886416083	-0.0871711070	-0.0857199102	-0.0842881012	-0.0828757725	-0.0814830669	-0.0801101664	-0.0787570587	-0.0774228673	-0.0761050630	-0.0748006965	-0.0735145720	-0.0722776050	-0.0711569744	-0.0702063561	-0.0693857694	-0.0686201228	-0.0678694013	-0.0671251492	-0.0663896940	-0.0656656976	-0.0649540590	-0.0642546339	-0.0635670177	-0.0628908532	-0.0622258591	-0.0615717888	-0.0609284092	-0.0602955121	-0.0596729519	-0.0590606486	-0.0584583902	-0.0578652216	-0.0572786084
-0.0898916531	-0.0899375455	-0.0899858634	-0.0900383313	-0.0900955005	-0.0901573771	-0.0902238752	-0.0902949542	-0.0903706128	-0.0904508557	-0.0905356958	-0.0906252018	-0.0907196067	-0.0908193290	-0.0909244695	-0.0910331481	-0.0911391374	-0.0912336759	-0.0913238786	-0.0914796487	-0.0918729924	-0.0926655028	-0.0937783601	-0.0950263433	-0.0962999700	-0.0975721902	-0.0988478385	-0.1001344869	-0.1014355027	-0.1027513762	-0.1040817258	-0.1054261959	-0.1067846015	-0.1081568389	-0.1095428170	-0.1109424264	-0.1123555392	-0.1137820168	-0.1152217105	-0.1166744601	-0.1181400835	-0.1196183793	-0.1211091345	-0.1226121248	-0.1241271181	-0.1256538701	-0.1271921183	-0.1287415717	-0.1303019297	-0.1318728677	-0.1334540520	-0.1350451263	-0.1366457100	-0.1382554187	-0.1398738354	-0.1415005365	-0.1431350858	-0.1447770099	-0.1464258343	-0.1480810599	-0.1497421506	-0.1514085778	-0.1530797848	-0.1547551769	-0.1564341600	-0.1581160937	-0.1598002925	-0.1614860921	-0.1631728099	-0.1648597243	-0.1665461182	-0.1682312358	-0.1699142578	-0.1715943734	-0.1732707846	-0.1749426487	-0.1766091098	-0.1782693154	-0.1799223552	-0.1815672721	-0.1832031220	-0.1848289505	-0.1864437516	-0.1880465225	-0.1896362786	-0.1912120044	-0.1927726462	-0.1943171667	-0.1958445156	-0.1973535917	-0.1988432714	-0.2003124612	-0.2017600598	-0.2031849454	-0.2045859952	-0.2059620958	-0.2073121448	-0.2086350201	-0.2099295888	-0.2111947358	-0.2124293650	-0.2136323686	-0.2148026247	-0.2159390347	-0.2170405286	-0.2181060568	-0.2191345877	-0.2201250940	-0.2210765447	-0.2219879370	-0.2228583121	-0.2236867495	-0.2244723830	-0.2252143538	-0.2259118079	-0.2265639192	-0.2271699157	-0.2277291062	-0.2282408472	-0.2287044895	-0.2291193957	-0.2294849935	-0.2298007904	-0.2300663599	-0.2302812861	-0.2304451634	-0.2305576530	-0.2306185029	-0.2306275165	-0.2305845158	-0.2304893515	-0.2303419385	-0.2301422743	-0.2298903963	-0.2295863653	-0.2292302987	-0.2288223634	-0.2283627820	-0.2278518300	-0.2272898203	-0.2266771154	-0.2260141117	-0.2253012563	-0.2245390637	-0.2237280925	-0.2228689289	-0.2219621819	-0.2210085207	-0.2200086843	-0.2189634595	-0.2178736421	-0.2167400426	-0.2155635305	-0.2143450501	-0.2130855901	-0.2117861443	-0.2104477101	-0.2090713176	-0.2076580464	-0.2062090420	-0.2047254662	-0.2032084772	-0.2016592317	-0.2000789094	-0.1984687267	-0.1968299374	-0.1951638204	-0.1934716614	-0.1917547229	-0.1900142593	-0.1882515357	-0.1864678358	-0.1846644496	-0.1828426636	-0.1810037643	-0.1791490275	-0.1772796978	-0.1753970035	-0.1735021766	-0.1715964344	-0.1696809866	-0.1677570224	-0.1658257202	-0.1638882476	-0.1619457461	-0.1599993386	-0.1580501231	-0.1560991516	-0.1541474702	-0.1521960900	-0.1502459957	-0.1482981609	-0.1463535279	-0.1444130135	-0.1424775164	-0.1405478957	-0.1386249724	-0.1367095453	-0.1348023866	-0.1329042531	-0.1310158785	-0.1291379472	-0.1272711090	-0.1254159875	-0.1235731860	-0.1217432932	-0.1199268634	-0.1181244198	-0.1163364585	-0.1145634496	-0.1128058431	-0.1110640598	-0.1093384975	-0.1076295259	-0.1059374921	-0.1042627210	-0.1026055181	-0.1009661662	-0.0993449259	-0.0977420380	-0.0961577207	-0.0945921688	-0.0930455565	-0.0915180427	-0.0900097729	-0.0885208713	-0.0870514400	-0.0856015706	-0.0841713804	-0.0827610468	-0.0813707372	-0.0800002162	-0.0786480148	-0.0773109963	-0.0759875992	-0.0746903098	-0.0734655632	-0.0723866507	-0.0714775314	-0.0706703394	-0.0698984284	-0.0691358278	-0.0683801403	-0.0676345386	-0.0669010635	-0.0661801140	-0.0654713813	-0.0647744610	-0.0640890274	-0.0634148174	-0.0627515911	-0.0620991166	-0.0614571869	-0.0608256569	-0.0602044486	-0.0595933527	-0.0589914102	-0.0583960787
-0.0917657669	-0.0918119469	-0.0918606039	-0.0919134962	-0.0919711844	-0.0920336767	-0.0921008854	-0.0921727719	-0.0922493352	-0.0923305878	-0.0924165377	-0.0925072213	-0.0926028005	-0.0927036487	-0.0928101223	-0.0929213755	-0.0930329633	-0.0931359633	-0.0932273067	-0.0933463873	-0.0936300924	-0.0942748434	-0.0953024243	-0.0965376376	-0.0978299614	-0.0991249883	-0.1004201230	-0.1017237183	-0.1030409127	-0.1043730533	-0.1057199237	-0.1070810989	-0.1084563245	-0.1098454674	-0.1112484306	-0.1126651051	-0.1140953621	-0.1155390587	-0.1169960420	-0.1184661466	-0.1199491897	-0.1214449657	-0.1229532550	-0.1244738230	-0.1260064305	-0.1275508252	-0.1291067419	-0.1306738863	-0.1322519486	-0.1338406028	-0.1354395020	-0.1370482892	-0.1386665767	-0.1402939680	-0.1419300494	-0.1435743831	-0.1452265308	-0.1468860231	-0.1485523683	-0.1502250699	-0.1519035870	-0.1535873631	-0.1552758404	-0.1569684178	-0.1586644771	-0.1603633903	-0.1620644699	-0.1637670132	-0.1654703344	-0.1671737140	-0.1688764112	-0.1705776881	-0.1722767491	-0.1739727530	-0.1756648776	-0.1773522880	-0.1790341042	-0.1807094442	-0.1823774166	-0.1840370682	-0.1856874182	-0.1873275034	-0.1889563428	-0.1905729162	-0.1921762123	-0.1937652258	-0.1953389158	-0.1968962072	-0.1984360368	-0.1999573257	-0.2014589568	-0.2029397897	-0.2043987158	-0.2058346330	-0.2072464140	-0.2086329258	-0.2099930481	-0.2113256718	-0.2126296782	-0.2139039311	-0.2151473075	-0.2163586995	-0.2175370044	-0.2186811237	-0.2197899741	-0.2208625034	-0.2218976935	-0.2228945086	-0.2238519004	-0.2247688562	-0.2256444194	-0.2264776884	-0.2272677868	-0.2280138392	-0.2287149792	-0.2293703714	-0.2299792583	-0.2305409552	-0.2310547940	-0.2315201123	-0.2319362754	-0.2323027171	-0.2326189515	-0.2328845420	-0.2330990560	-0.2332620811	-0.2333732853	-0.2334324240	-0.2334392888	-0.2333936915	-0.2332954791	-0.2331445730	-0.2329409684	-0.2326846940	-0.2323758170	-0.2320144492	-0.2316007585	-0.2311349760	-0.2306173757	-0.2300482716	-0.2294280313	-0.2287570606	-0.2280358121	-0.2272648005	-0.2264445919	-0.2255757864	-0.2246590047	-0.2236949130	-0.2226842603	-0.2216278480	-0.2205264864	-0.2193810004	-0.2181922601	-0.2169612054	-0.2156888414	-0.2143761832	-0.2130242445	-0.2116340540	-0.2102066856	-0.2087432853	-0.2072450256	-0.2057130948	-0.2041486660	-0.2025529245	-0.2009270828	-0.1992723936	-0.1975901465	-0.1958816329	-0.1941481358	-0.1923909239	-0.1906112646	-0.1888104383	-0.1869897244	-0.1851504145	-0.1832938084	-0.1814211905	-0.1795338114	-0.1776329215	-0.1757197617	-0.1737955408	-0.1718614700	-0.1699187530	-0.1679685720	-0.1660120996	-0.1640504931	-0.1620848908	-0.1601163774	-0.1581460262	-0.1561748846	-0.1542039683	-0.1522342754	-0.1502667860	-0.1483024470	-0.1463421880	-0.1443869090	-0.1424374676	-0.1404946973	-0.1385594076	-0.1366323847	-0.1347144000	-0.1328061813	-0.1309084136	-0.1290217559	-0.1271468400	-0.1252842861	-0.1234346872	-0.1215985993	-0.1197765536	-0.1179690506	-0.1161765705	-0.1143995675	-0.1126384692	-0.1108936785	-0.1091655698	-0.1074544977	-0.1057607934	-0.1040847685	-0.1024267101	-0.1007868854	-0.0991655389	-0.0975628919	-0.0959791429	-0.0944144710	-0.0928690426	-0.0913430068	-0.0898364887	-0.0883495939	-0.0868824289	-0.0854351434	-0.0840079434	-0.0826009228	-0.0812134735	-0.0798433888	-0.0784873035	-0.0771470408	-0.0758467337	-0.0746489959	-0.0736206962	-0.0727449321	-0.0719425281	-0.0711613434	-0.0703869740	-0.0696206755	-0.0688655818	-0.0681230508	-0.0673931092	-0.0666753658	-0.0659694389	-0.0652750329	-0.0645918983	-0.0639197995	-0.0632585047	-0.0626078089	-0.0619675688	-0.0613377075	-0.0607180186	-0.0601075413	-0.0595037248
-0.0936332563	-0.0936796612	-0.0937285943	-0.0937818464	-0.0938399906	-0.0939030343	-0.0939708892	-0.0940435159	-0.0941209184	-0.0942031126	-0.0942901069	-0.0943819208	-0.0944786547	-0.0945806012	-0.0946882021	-0.0948013092	-0.0949171636	-0.0950282172	-0.0951264482	-0.0952284766	-0.0954293419	-0.0959214228	-0.0968271500	-0.0980223134	-0.0993244980	-0.1006420437	-0.1019576909	-0.1032784632	-0.1046113745	-0.1059590697	-0.1073217224	-0.1086988940	-0.1100902438	-0.1114955942	-0.1129148352	-0.1143478574	-0.1157945311	-0.1172547092	-0.1187282327	-0.1202149301	-0.1217146166	-0.1232270855	-0.1247521095	-0.1262894475	-0.1278388504	-0.1294000588	-0.1309728010	-0.1325567840	-0.1341516894	-0.1357571864	-0.1373729209	-0.1389985282	-0.1406336227	-0.1422777941	-0.1439306288	-0.1455916864	-0.1472605140	-0.1489366473	-0.1506195832	-0.1523088092	-0.1540037906	-0.1557039504	-0.1574087118	-0.1591174816	-0.1608296236	-0.1625444987	-0.1642614383	-0.1659797196	-0.1676986289	-0.1694174562	-0.1711354543	-0.1728518694	-0.1745659335	-0.1762768090	-0.1779836290	-0.1796855439	-0.1813816782	-0.1830711203	-0.1847529651	-0.1864262867	-0.1880901009	-0.1897434124	-0.1913852465	-0.1930145989	-0.1946304324	-0.1962317182	-0.1978174262	-0.1993864843	-0.2009377968	-0.2024702737	-0.2039828291	-0.2054743283	-0.2069436253	-0.2083896044	-0.2098111532	-0.2112071427	-0.2125764265	-0.2139178843	-0.2152304086	-0.2165128701	-0.2177641304	-0.2189830600	-0.2201685584	-0.2213195455	-0.2224349535	-0.2235137190	-0.2245547938	-0.2255571297	-0.2265196951	-0.2274414989	-0.2283215797	-0.2291590291	-0.2299529500	-0.2307024523	-0.2314066658	-0.2320647718	-0.2326760299	-0.2332397428	-0.2337552135	-0.2342217651	-0.2346387703	-0.2350056724	-0.2353219944	-0.2355872844	-0.2358010928	-0.2359630096	-0.2360727128	-0.2361299548	-0.2361345202	-0.2360862139	-0.2359848774	-0.2358304413	-0.2356228991	-0.2353622772	-0.2350486387	-0.2346820905	-0.2342628122	-0.2337910355	-0.2332670308	-0.2326911211	-0.2320636739	-0.2313851021	-0.2306558628	-0.2298764726	-0.2290475103	-0.2281695787	-0.2272433123	-0.2262693861	-0.2252485457	-0.2241815995	-0.2230693751	-0.2219127151	-0.2207124933	-0.2194696437	-0.2181851745	-0.2168601187	-0.2154955073	-0.2140923755	-0.2126518005	-0.2111749185	-0.2096629160	-0.2081169932	-0.2065383465	-0.2049281735	-0.2032876890	-0.2016181407	-0.1999208115	-0.1981969941	-0.1964479929	-0.1946751000	-0.1928795825	-0.1910627142	-0.1892257785	-0.1873700682	-0.1854968776	-0.1836074936	-0.1817031933	-0.1797852401	-0.1778548735	-0.1759133111	-0.1739617682	-0.1720014536	-0.1700335547	-0.1680592477	-0.1660797039	-0.1640960488	-0.1621093867	-0.1601208024	-0.1581313392	-0.1561420282	-0.1541538782	-0.1521678699	-0.1501849615	-0.1482060885	-0.1462321451	-0.1442639968	-0.1423024879	-0.1403484378	-0.1384026514	-0.1364659007	-0.1345389080	-0.1326223668	-0.1307169421	-0.1288232815	-0.1269420151	-0.1250737359	-0.1232190068	-0.1213783628	-0.1195523130	-0.1177413455	-0.1159459177	-0.1141664647	-0.1124033925	-0.1106570831	-0.1089278964	-0.1072161713	-0.1055222237	-0.1038463468	-0.1021888117	-0.1005498676	-0.0989297383	-0.0973286265	-0.0957467185	-0.0941841862	-0.0926411813	-0.0911178300	-0.0896142444	-0.0881305541	-0.0866669465	-0.0852236327	-0.0838005314	-0.0823964782	-0.0810085113	-0.0796340090	-0.0782813000	-0.0769900329	-0.0758342616	-0.0748576551	-0.0740050914	-0.0732006220	-0.0724085211	-0.0716229250	-0.0708468331	-0.0700828172	-0.0693316059	-0.0685929785	-0.0678665213	-0.0671518873	-0.0664488050	-0.0657570360	-0.0650763459	-0.0644065048	-0.0637473085	-0.0630986161	-0.0624603535	-0.0618323154	-0.0612135413	-0.0606014740
-0.0954939702	-0.0955405360	-0.0955896817	-0.0956432307	-0.0957017668	-0.0957652970	-0.0958337335	-0.0959070358	-0.0959852104	-0.0960682759	-0.0961562450	-0.0962491295	-0.0963469843	-0.0964500177	-0.0965586522	-0.0966731445	-0.0967920899	-0.0969098866	-0.0970171172	-0.0971155002	-0.0972620067	-0.0976186697	-0.0983714682	-0.0994894682	-0.1007848963	-0.1021223081	-0.1034595916	-0.1047982432	-0.1061466602	-0.1075092521	-0.1088869373	-0.1102793781	-0.1116861514	-0.1131070125	-0.1145418253	-0.1159904772	-0.1174528381	-0.1189287566	-0.1204180667	-0.1219205929	-0.1234361455	-0.1249645170	-0.1265054753	-0.1280587753	-0.1296241555	-0.1312013502	-0.1327900801	-0.1343900508	-0.1360009412	-0.1376224108	-0.1392541047	-0.1408956481	-0.1425466569	-0.1442067173	-0.1458754049	-0.1475522807	-0.1492368773	-0.1509287212	-0.1526273103	-0.1543321119	-0.1560425873	-0.1577581613	-0.1594782318	-0.1612022013	-0.1629294358	-0.1646592752	-0.1663910568	-0.1681240704	-0.1698575748	-0.1715908470	-0.1733231496	-0.1750537094	-0.1767817504	-0.1785064587	-0.1802269530	-0.1819423426	-0.1836517508	-0.1853542672	-0.1870489573	-0.1887348976	-0.1904111329	-0.1920766595	-0.1937304720	-0.1953715764	-0.1969989416	-0.1986115091	-0.2002082215	-0.2017880262	-0.2033498289	-0.2048925153	-0.2064149934	-0.2079161575	-0.2093948646	-0.2108499715	-0.2122803459	-0.2136848671	-0.2150624052	-0.2164118163	-0.2177319680	-0.2190217387	-0.2202800047	-0.2215056339	-0.2226975136	-0.2238545601	-0.2249757189	-0.2260599360	-0.2271061359	-0.2281132530	-0.2290802608	-0.2300061921	-0.2308901055	-0.2317310810	-0.2325281978	-0.2332805427	-0.2339872477	-0.2346475165	-0.2352606174	-0.2358258381	-0.2363424712	-0.2368098246	-0.2372272721	-0.2375942765	-0.2379103548	-0.2381750351	-0.2383878590	-0.2385484252	-0.2386564213	-0.2387115954	-0.2387137220	-0.2386625997	-0.2385580761	-0.2384000809	-0.2381886094	-0.2379236872	-0.2376053716	-0.2372337746	-0.2368090763	-0.2363315098	-0.2358013475	-0.2352189155	-0.2345845886	-0.2338987794	-0.2331619485	-0.2323746220	-0.2315373816	-0.2306508374	-0.2297156325	-0.2287324511	-0.2277020354	-0.2266251982	-0.2255027859	-0.2243356549	-0.2231246825	-0.2218708017	-0.2205750102	-0.2192383559	-0.2178618942	-0.2164466744	-0.2149937776	-0.2135043292	-0.2119795099	-0.2104205356	-0.2088286311	-0.2072050086	-0.2055508811	-0.2038674894	-0.2021561084	-0.2004180394	-0.1986545907	-0.1968670669	-0.1950567508	-0.1932249161	-0.1913728493	-0.1895018390	-0.1876131689	-0.1857081403	-0.1837880424	-0.1818541429	-0.1799076866	-0.1779499125	-0.1759820380	-0.1740052684	-0.1720207998	-0.1700298148	-0.1680334774	-0.1660329148	-0.1640292491	-0.1620235646	-0.1600169147	-0.1580103448	-0.1560048667	-0.1540014680	-0.1520011175	-0.1500047453	-0.1480132473	-0.1460275002	-0.1440483551	-0.1420766470	-0.1401131890	-0.1381587456	-0.1362140439	-0.1342797845	-0.1323566437	-0.1304452844	-0.1285463377	-0.1266603993	-0.1247880389	-0.1229297966	-0.1210861914	-0.1192577145	-0.1174448305	-0.1156479781	-0.1138675685	-0.1121039908	-0.1103576110	-0.1086287741	-0.1069178011	-0.1052249900	-0.1035506164	-0.1018949328	-0.1002581666	-0.0986405254	-0.0970422035	-0.0954633764	-0.0939041972	-0.0923647942	-0.0908452928	-0.0893458546	-0.0878667034	-0.0864080027	-0.0849693405	-0.0835488044	-0.0821429347	-0.0807517340	-0.0793943457	-0.0781281477	-0.0770268876	-0.0760947475	-0.0752544515	-0.0744431835	-0.0736397800	-0.0728438151	-0.0720586956	-0.0712862386	-0.0705266805	-0.0697796647	-0.0690447916	-0.0683217501	-0.0676102878	-0.0669101719	-0.0662211704	-0.0655430548	-0.0648756226	-0.0642187350	-0.0635723213	-0.0629361773	-0.0623093431	-0.0616892584
-0.0973477619	-0.0973944254	-0.0974437201	-0.0974975037	-0.0975563680	-0.0976203211	-0.0976892740	-0.0977631861	-0.0978420635	-0.0979259292	-0.0980148003	-0.0981086865	-0.0982076161	-0.0983117225	-0.0984213510	-0.0985369322	-0.0986580122	-0.0987809628	-0.0988972487	-0.0990005567	-0.0991182452	-0.0993683435	-0.0999527463	-0.1009524108	-0.1022151519	-0.1035654007	-0.1049247870	-0.1062824307	-0.1076464898	-0.1090234442	-0.1104154200	-0.1118223854	-0.1132438697	-0.1146795404	-0.1161292198	-0.1175927818	-0.1190700970	-0.1205610116	-0.1220653552	-0.1235829458	-0.1251135886	-0.1266570735	-0.1282131682	-0.1297816208	-0.1313621636	-0.1329545196	-0.1345584036	-0.1361735150	-0.1377995339	-0.1394361140	-0.1410828978	-0.1427395053	-0.1444055452	-0.1460806085	-0.1477642562	-0.1494560424	-0.1511554945	-0.1528621203	-0.1545754176	-0.1562948476	-0.1580198547	-0.1597498698	-0.1614842821	-0.1632224706	-0.1649638086	-0.1667076299	-0.1684532569	-0.1701999991	-0.1719471160	-0.1736938512	-0.1754394618	-0.1771831748	-0.1789241857	-0.1806616856	-0.1823948165	-0.1841226633	-0.1858443183	-0.1875588779	-0.1892654049	-0.1909629509	-0.1926505750	-0.1943272993	-0.1959920991	-0.1976439485	-0.1992818244	-0.2009046746	-0.2025114103	-0.2041009590	-0.2056722499	-0.2072241801	-0.2087556273	-0.2102654751	-0.2117526194	-0.2132159119	-0.2146541951	-0.2160663338	-0.2174512087	-0.2188076802	-0.2201345968	-0.2214308183	-0.2226952220	-0.2239267023	-0.2251241547	-0.2262864879	-0.2274126275	-0.2285015085	-0.2295520581	-0.2305632272	-0.2315339921	-0.2324633782	-0.2333504553	-0.2341942919	-0.2349939584	-0.2357485403	-0.2364571797	-0.2371190884	-0.2377335236	-0.2382997593	-0.2388170806	-0.2392847954	-0.2397022924	-0.2400690438	-0.2403845522	-0.2406483248	-0.2408599018	-0.2410188922	-0.2411249831	-0.2411779260	-0.2411774882	-0.2411234558	-0.2410156891	-0.2408541206	-0.2406387380	-0.2403695667	-0.2400466635	-0.2396701493	-0.2392402027	-0.2387570519	-0.2382209796	-0.2376323112	-0.2369914224	-0.2362987351	-0.2355547134	-0.2347598820	-0.2339148275	-0.2330201759	-0.2320765710	-0.2310846996	-0.2300453129	-0.2289592251	-0.2278272910	-0.2266503779	-0.2254293713	-0.2241652001	-0.2228588602	-0.2215114068	-0.2201239143	-0.2186974524	-0.2172331014	-0.2157319813	-0.2141952680	-0.2126241874	-0.2110199807	-0.2093838717	-0.2077170796	-0.2060208471	-0.2042964388	-0.2025451511	-0.2007682964	-0.1989671819	-0.1971431156	-0.1952973791	-0.1934312503	-0.1915460187	-0.1896429734	-0.1877234098	-0.1857886216	-0.1838398849	-0.1818784605	-0.1799055937	-0.1779225067	-0.1759304128	-0.1739305148	-0.1719239887	-0.1699119883	-0.1678956626	-0.1658761214	-0.1638544607	-0.1618317545	-0.1598090505	-0.1577873658	-0.1557676990	-0.1537510167	-0.1517382476	-0.1497302980	-0.1477280504	-0.1457323681	-0.1437440979	-0.1417640464	-0.1397929761	-0.1378316231	-0.1358806956	-0.1339408873	-0.1320128663	-0.1300972634	-0.1281946814	-0.1263056934	-0.1244308486	-0.1225706723	-0.1207256596	-0.1188962820	-0.1170829807	-0.1152861738	-0.1135062561	-0.1117436011	-0.1099985577	-0.1082714523	-0.1065625874	-0.1048722439	-0.1032006757	-0.1015481147	-0.0999147762	-0.0983008597	-0.0967065440	-0.0951319823	-0.0935773091	-0.0920426707	-0.0905282686	-0.0890343460	-0.0875609262	-0.0861070694	-0.0846700109	-0.0832465744	-0.0818423988	-0.0804920174	-0.0792680002	-0.0782266522	-0.0773277884	-0.0764904200	-0.0756695510	-0.0748552025	-0.0740497931	-0.0732563103	-0.0724758238	-0.0717082298	-0.0709531205	-0.0702101309	-0.0694789810	-0.0687594327	-0.0680512559	-0.0673542209	-0.0666681007	-0.0659926949	-0.0653278685	-0.0646735524	-0.0640295446	-0.0633948864	-0.0627670158
-0.0991944927	-0.0992411908	-0.0992905730	-0.0993445278	-0.0994036561	-0.0994679684	-0.0995373710	-0.0996118239	-0.0996913340	-0.0997759265	-0.0998656237	-0.0999604359	-0.1000603794	-0.1001655287	-0.1002761357	-0.1003926548	-0.1005152188	-0.1006418741	-0.1007660296	-0.1008782261	-0.1009854850	-0.1011614117	-0.1015869209	-0.1024309484	-0.1036239836	-0.1049722569	-0.1063521183	-0.1077301175	-0.1091104633	-0.1105014888	-0.1119070590	-0.1133277866	-0.1147632490	-0.1162130202	-0.1176768572	-0.1191546108	-0.1206461479	-0.1221513147	-0.1236699391	-0.1252018309	-0.1267467905	-0.1283046044	-0.1298750391	-0.1314578382	-0.1330527298	-0.1346594255	-0.1362776332	-0.1379070461	-0.1395473449	-0.1411981827	-0.1428591951	-0.1445300020	-0.1462102009	-0.1478993796	-0.1495970941	-0.1513028821	-0.1530162698	-0.1547367527	-0.1564638171	-0.1581969287	-0.1599355181	-0.1616790074	-0.1634267938	-0.1651782374	-0.1669327009	-0.1686895294	-0.1704480323	-0.1722075156	-0.1739672566	-0.1757264811	-0.1774844124	-0.1792402769	-0.1809932617	-0.1827425374	-0.1844872638	-0.1862265441	-0.1879594408	-0.1896850294	-0.1914023855	-0.1931105528	-0.1948085695	-0.1964954726	-0.1981702547	-0.1998318638	-0.2014792511	-0.2031113709	-0.2047271481	-0.2063254813	-0.2079052879	-0.2094654845	-0.2110049514	-0.2125225562	-0.2140171838	-0.2154877045	-0.2169329792	-0.2183518502	-0.2197431660	-0.2211057981	-0.2224386065	-0.2237404402	-0.2250101649	-0.2262466760	-0.2274488900	-0.2286157232	-0.2297460833	-0.2308388816	-0.2318930401	-0.2329075297	-0.2338813557	-0.2348135446	-0.2357031495	-0.2365492167	-0.2373508071	-0.2381070239	-0.2388170287	-0.2394800454	-0.2400953183	-0.2406621029	-0.2411796650	-0.2416473237	-0.2420644873	-0.2424306237	-0.2427452255	-0.2430077911	-0.2432178598	-0.2433750492	-0.2434790540	-0.2435296154	-0.2435264921	-0.2434694706	-0.2433584106	-0.2431932551	-0.2429739894	-0.2427006310	-0.2423732394	-0.2419919394	-0.2415569135	-0.2410683900	-0.2405266534	-0.2399320324	-0.2392849037	-0.2385856938	-0.2378348749	-0.2370329690	-0.2361805665	-0.2352783040	-0.2343268314	-0.2333268378	-0.2322790749	-0.2311843579	-0.2300435490	-0.2288575277	-0.2276271891	-0.2263534646	-0.2250373461	-0.2236798924	-0.2222821829	-0.2208453047	-0.2193703539	-0.2178584485	-0.2163107618	-0.2147285125	-0.2131129421	-0.2114652897	-0.2097867980	-0.2080787085	-0.2063422736	-0.2045787827	-0.2027895465	-0.2009758808	-0.1991390999	-0.1972805020	-0.1954013706	-0.1935029908	-0.1915866565	-0.1896536519	-0.1877052717	-0.1857428029	-0.1837675164	-0.1817806615	-0.1797834775	-0.1777771804	-0.1757629698	-0.1737420194	-0.1717154846	-0.1696845122	-0.1676502170	-0.1656137062	-0.1635760633	-0.1615383385	-0.1595015622	-0.1574667345	-0.1554348164	-0.1534067451	-0.1513834354	-0.1493657785	-0.1473546517	-0.1453508992	-0.1433553193	-0.1413686816	-0.1393917277	-0.1374251804	-0.1354697450	-0.1335260888	-0.1315948476	-0.1296766291	-0.1277720122	-0.1258815545	-0.1240057843	-0.1221452041	-0.1203002880	-0.1184714825	-0.1166592126	-0.1148638790	-0.1130858610	-0.1113255122	-0.1095831633	-0.1078591218	-0.1061536717	-0.1044670696	-0.1027995535	-0.1011513459	-0.0995226509	-0.0979136487	-0.0963244936	-0.0947553325	-0.0932063422	-0.0916777659	-0.0901698204	-0.0886822388	-0.0872133335	-0.0857596319	-0.0843199476	-0.0829099258	-0.0815827358	-0.0804159292	-0.0794297836	-0.0785518144	-0.0777109491	-0.0768794849	-0.0760550151	-0.0752410179	-0.0744397116	-0.0736515467	-0.0728762148	-0.0721133081	-0.0713625029	-0.0706235436	-0.0698962001	-0.0691802462	-0.0684754526	-0.0677815957	-0.0670984776	-0.0664259663	-0.0657639954	-0.0651123647	-0.0644701175	-0.0638346918
-0.1010340329	-0.1010807031	-0.1011301104	-0.1011841714	-0.1012434979	-0.1013081006	-0.1013778840	-0.1014528077	-0.1015328783	-0.1016181226	-0.1017085664	-0.1018042252	-0.1019051096	-0.1020112581	-0.1021228358	-0.1022402328	-0.1023638624	-0.1024929824	-0.1026231865	-0.1027451347	-0.1028542873	-0.1029880449	-0.1032841272	-0.1039482260	-0.1050258461	-0.1063463686	-0.1077407365	-0.1091401293	-0.1105379952	-0.1119431854	-0.1133617648	-0.1147954857	-0.1162441689	-0.1177073193	-0.1191846014	-0.1206758293	-0.1221808591	-0.1236995382	-0.1252316914	-0.1267771242	-0.1283356307	-0.1299069923	-0.1314909734	-0.1330873171	-0.1346957456	-0.1363159654	-0.1379476730	-0.1395905591	-0.1412442989	-0.1429085493	-0.1445829382	-0.1462670807	-0.1479605679	-0.1496629743	-0.1513738577	-0.1530927434	-0.1548191482	-0.1565525662	-0.1582924686	-0.1600383183	-0.1617895467	-0.1635455599	-0.1653057569	-0.1670695010	-0.1688361350	-0.1706050058	-0.1723754271	-0.1741466862	-0.1759180615	-0.1776887893	-0.1794580632	-0.1812250844	-0.1829890470	-0.1847491090	-0.1865044170	-0.1882541026	-0.1899972383	-0.1917328696	-0.1934600599	-0.1951778643	-0.1968853044	-0.1985813956	-0.2002651469	-0.2019355221	-0.2035914468	-0.2052318547	-0.2068556860	-0.2084618474	-0.2100492293	-0.2116167382	-0.2131632696	-0.2146877070	-0.2161889064	-0.2176657377	-0.2191170751	-0.2205417723	-0.2219386671	-0.2233065988	-0.2246444259	-0.2259510222	-0.2272252627	-0.2284660287	-0.2296722272	-0.2308427742	-0.2319765826	-0.2330725567	-0.2341296243	-0.2351467527	-0.2361229590	-0.2370572839	-0.2379487673	-0.2387964477	-0.2395993782	-0.2403566695	-0.2410675012	-0.2417310994	-0.2423467036	-0.2429135562	-0.2434309162	-0.2438981181	-0.2443145815	-0.2446797629	-0.2449931427	-0.2452542179	-0.2454625257	-0.2456176975	-0.2457194349	-0.2457674612	-0.2457615288	-0.2457014342	-0.2455870421	-0.2454182916	-0.2451951677	-0.2449176869	-0.2445859132	-0.2441999690	-0.2437600360	-0.2432663529	-0.2427191995	-0.2421189096	-0.2414658634	-0.2407604864	-0.2400032587	-0.2391947069	-0.2383354198	-0.2374260313	-0.2364672084	-0.2354596452	-0.2344040855	-0.2333013491	-0.2321523086	-0.2309578528	-0.2297188829	-0.2284363346	-0.2271111951	-0.2257445155	-0.2243373916	-0.2228909290	-0.2214062302	-0.2198844151	-0.2183266471	-0.2167341352	-0.2151081239	-0.2134498731	-0.2117606321	-0.2100416444	-0.2082941616	-0.2065194672	-0.2047188616	-0.2028936664	-0.2010451974	-0.1991747691	-0.1972836773	-0.1953732077	-0.1934446472	-0.1914992818	-0.1895384020	-0.1875632962	-0.1855752397	-0.1835755004	-0.1815653253	-0.1795459248	-0.1775184987	-0.1754842277	-0.1734442650	-0.1713997514	-0.1693518188	-0.1673015738	-0.1652501010	-0.1631984632	-0.1611476965	-0.1590987963	-0.1570527295	-0.1550104419	-0.1529728547	-0.1509408742	-0.1489153803	-0.1468972070	-0.1448871545	-0.1428859982	-0.1408944893	-0.1389133653	-0.1369433320	-0.1349850594	-0.1330391893	-0.1311063330	-0.1291870793	-0.1272819896	-0.1253915971	-0.1235164092	-0.1216569028	-0.1198135322	-0.1179867274	-0.1161768964	-0.1143844216	-0.1126096624	-0.1108529540	-0.1091146076	-0.1073949089	-0.1056941191	-0.1040124842	-0.1023502320	-0.1007075706	-0.0990846794	-0.0974817180	-0.0958988526	-0.0943363025	-0.0927943394	-0.0912730661	-0.0897717107	-0.0882876643	-0.0868174071	-0.0853647575	-0.0839605818	-0.0826757444	-0.0815752269	-0.0806325251	-0.0797635169	-0.0789149553	-0.0780729779	-0.0772394071	-0.0764175911	-0.0756089141	-0.0748133862	-0.0740306080	-0.0732602017	-0.0725018809	-0.0717554081	-0.0710205581	-0.0702971071	-0.0695848280	-0.0688835005	-0.0681929298	-0.0675129857	-0.0668436051	-0.0661845908	-0.0655349884	-0.0648922376
-0.1028662572	-0.1029128365	-0.1029622032	-0.1030163036	-0.1030757610	-0.1031405843	-0.1032106775	-0.1032859982	-0.1033665552	-0.1034523745	-0.1035434843	-0.1036399071	-0.1037416518	-0.1038487402	-0.1039612674	-0.1040795227	-0.1042039855	-0.1043346662	-0.1044691100	-0.1045998685	-0.1047175852	-0.1048343720	-0.1050386624	-0.1055246461	-0.1064423220	-0.1076964343	-0.1090912271	-0.1105111419	-0.1119281801	-0.1133481955	-0.1147794423	-0.1162254233	-0.1176865481	-0.1191623346	-0.1206523460	-0.1221563328	-0.1236741297	-0.1252055839	-0.1267505181	-0.1283087351	-0.1298800217	-0.1314641541	-0.1330608949	-0.1346699855	-0.1362911457	-0.1379240791	-0.1395684732	-0.1412240115	-0.1428903634	-0.1445671846	-0.1462541008	-0.1479507163	-0.1496566181	-0.1513713707	-0.1530945251	-0.1548256081	-0.1565641211	-0.1583095560	-0.1600613772	-0.1618190339	-0.1635819621	-0.1653495637	-0.1671212246	-0.1688963200	-0.1706741874	-0.1724541525	-0.1742355347	-0.1760176138	-0.1777996484	-0.1795808840	-0.1813605185	-0.1831377216	-0.1849116737	-0.1866815397	-0.1884464521	-0.1902055401	-0.1919579069	-0.1937026030	-0.1954386592	-0.1971651195	-0.1988810109	-0.2005853288	-0.2022770653	-0.2039552067	-0.2056186951	-0.2072664415	-0.2088973664	-0.2105103916	-0.2121044129	-0.2136783143	-0.2152309847	-0.2167613187	-0.2182681871	-0.2197504468	-0.2212069529	-0.2226365749	-0.2240381628	-0.2254105495	-0.2267525737	-0.2280631086	-0.2293410474	-0.2305852846	-0.2317947142	-0.2329682313	-0.2341047352	-0.2352031445	-0.2362624157	-0.2372815206	-0.2382594695	-0.2391952950	-0.2400880206	-0.2409366898	-0.2417403747	-0.2424981999	-0.2432093515	-0.2438730405	-0.2444884943	-0.2450549447	-0.2455716666	-0.2460380113	-0.2464534034	-0.2468172958	-0.2471291522	-0.2473884634	-0.2475947764	-0.2477477284	-0.2478470175	-0.2478923678	-0.2478835238	-0.2478202809	-0.2477025184	-0.2475301694	-0.2473032181	-0.2470216849	-0.2466856293	-0.2462951789	-0.2458505184	-0.2453518855	-0.2447995603	-0.2441938815	-0.2435352332	-0.2428240432	-0.2420607890	-0.2412460011	-0.2403802716	-0.2394642378	-0.2384985758	-0.2374839851	-0.2364212116	-0.2353110668	-0.2341544275	-0.2329521977	-0.2317052844	-0.2304146265	-0.2290812096	-0.2277060790	-0.2262903435	-0.2248351143	-0.2233414998	-0.2218106256	-0.2202436474	-0.2186417673	-0.2170062311	-0.2153383062	-0.2136392468	-0.2119103036	-0.2101527377	-0.2083678176	-0.2065568413	-0.2047211206	-0.2028619824	-0.2009807477	-0.1990787190	-0.1971571932	-0.1952174554	-0.1932607930	-0.1912884892	-0.1893018284	-0.1873020962	-0.1852905654	-0.1832684806	-0.1812370603	-0.1791975064	-0.1771509967	-0.1750986935	-0.1730417404	-0.1709812703	-0.1689183888	-0.1668541862	-0.1647897317	-0.1627260570	-0.1606641620	-0.1586050245	-0.1565495955	-0.1544988088	-0.1524535778	-0.1504147735	-0.1483832281	-0.1463597473	-0.1443451120	-0.1423400886	-0.1403454187	-0.1383618064	-0.1363899278	-0.1344304283	-0.1324839267	-0.1305510189	-0.1286322695	-0.1267282180	-0.1248393734	-0.1229662191	-0.1211092154	-0.1192687980	-0.1174453805	-0.1156393491	-0.1138510680	-0.1120808772	-0.1103290903	-0.1085959953	-0.1068818604	-0.1051869382	-0.1035114617	-0.1018556395	-0.1002196524	-0.0986036703	-0.0970078910	-0.0954325790	-0.0938779958	-0.0923439758	-0.0908289856	-0.0893295514	-0.0878437393	-0.0863849786	-0.0850036105	-0.0837792139	-0.0827432995	-0.0818295303	-0.0809603632	-0.0801020405	-0.0792502697	-0.0784085879	-0.0775795868	-0.0767639183	-0.0759613245	-0.0751713907	-0.0743937840	-0.0736282467	-0.0728745531	-0.0721324821	-0.0714018118	-0.0706823178	-0.0699737832	-0.0692760163	-0.0685888899	-0.0679123437	-0.0672461835	-0.0665894574	-0.0659396096
-0.1046910429	-0.1047374653	-0.1047867240	-0.1048407962	-0.1049003140	-0.1049652869	-0.1050356172	-0.1051112608	-0.1051922271	-0.1052785424	-0.1053702371	-0.1054673364	-0.1055698563	-0.1056778092	-0.1057912451	-0.1059103531	-0.1060355597	-0.1061672469	-0.1063044086	-0.1064420030	-0.1065701848	-0.1066863549	-0.1068367695	-0.1071734470	-0.1079000731	-0.1090381489	-0.1104070700	-0.1118420780	-0.1132797481	-0.1147159512	-0.1161599479	-0.1176175695	-0.1190903454	-0.1205780011	-0.1220800153	-0.1235960455	-0.1251258896	-0.1266693850	-0.1282263559	-0.1297966029	-0.1313799080	-0.1329760415	-0.1345847615	-0.1362058097	-0.1378389049	-0.1394837480	-0.1411400219	-0.1428073975	-0.1444855385	-0.1461740917	-0.1478726839	-0.1495809126	-0.1512983578	-0.1530245796	-0.1547591184	-0.1565015012	-0.1582512233	-0.1600077651	-0.1617705912	-0.1635391399	-0.1653128413	-0.1670911041	-0.1688733054	-0.1706588157	-0.1724469802	-0.1742371062	-0.1760284971	-0.1778204371	-0.1796121729	-0.1814029371	-0.1831919450	-0.1849783619	-0.1867613378	-0.1885400331	-0.1903135875	-0.1920811155	-0.1938417271	-0.1955945014	-0.1973384618	-0.1990726170	-0.2007959867	-0.2025075728	-0.2042063490	-0.2058912899	-0.2075613625	-0.2092154937	-0.2108525820	-0.2124715326	-0.2140712576	-0.2156506428	-0.2172085604	-0.2187438896	-0.2202555227	-0.2217423236	-0.2232031407	-0.2246368222	-0.2260422248	-0.2274182052	-0.2287636109	-0.2300773027	-0.2313581624	-0.2326050864	-0.2338169800	-0.2349927255	-0.2361312078	-0.2372313574	-0.2382921413	-0.2393125520	-0.2402916061	-0.2412283149	-0.2421216904	-0.2429707696	-0.2437746432	-0.2445324573	-0.2452434079	-0.2459067018	-0.2465215412	-0.2470871572	-0.2476028392	-0.2480679517	-0.2484819168	-0.2488441858	-0.2491542134	-0.2494114831	-0.2496155637	-0.2497660968	-0.2498627729	-0.2499053155	-0.2498934630	-0.2498270108	-0.2497058433	-0.2495298986	-0.2492991586	-0.2490136431	-0.2486734127	-0.2482785951	-0.2478293790	-0.2473260023	-0.2467687500	-0.2461579575	-0.2454940154	-0.2447773563	-0.2440084526	-0.2431878383	-0.2423161103	-0.2413939141	-0.2404219210	-0.2394008382	-0.2383314161	-0.2372144620	-0.2360508482	-0.2348414896	-0.2335873097	-0.2322892513	-0.2309482980	-0.2295654890	-0.2281419222	-0.2266787146	-0.2251769943	-0.2236378936	-0.2220625682	-0.2204522067	-0.2188080442	-0.2171313415	-0.2154233754	-0.2136854100	-0.2119187033	-0.2101245196	-0.2083041468	-0.2064588971	-0.2045900961	-0.2026990635	-0.2007871160	-0.1988555575	-0.1969056765	-0.1949387582	-0.1929560846	-0.1909589410	-0.1889486110	-0.1869263603	-0.1848934329	-0.1828510619	-0.1808004475	-0.1787427718	-0.1766792043	-0.1746108937	-0.1725389679	-0.1704645361	-0.1683886920	-0.1663124974	-0.1642369847	-0.1621631650	-0.1600920224	-0.1580245196	-0.1559616008	-0.1539041723	-0.1518530990	-0.1498092180	-0.1477733405	-0.1457462600	-0.1437287507	-0.1417215515	-0.1397253696	-0.1377408844	-0.1357687464	-0.1338095837	-0.1318639950	-0.1299325505	-0.1280157927	-0.1261142347	-0.1242283665	-0.1223586538	-0.1205055389	-0.1186694378	-0.1168507428	-0.1150498217	-0.1132670180	-0.1115026477	-0.1097570032	-0.1080303602	-0.1063229773	-0.1046350904	-0.1029669067	-0.1013186124	-0.0996903969	-0.0980825012	-0.0964952261	-0.0949287330	-0.0933823569	-0.0918535743	-0.0903386478	-0.0888403553	-0.0873875314	-0.0860500551	-0.0848981615	-0.0839150447	-0.0830157497	-0.0821405767	-0.0812721497	-0.0804116626	-0.0795627463	-0.0787270611	-0.0779047244	-0.0770953510	-0.0762985554	-0.0755140469	-0.0747415905	-0.0739809661	-0.0732319557	-0.0724943401	-0.0717678991	-0.0710524181	-0.0703477092	-0.0696536491	-0.0689701794	-0.0682971090	-0.0676334893	-0.0669767708
-0.1065082696	-0.1065544665	-0.1066035483	-0.1066575228	-0.1067170292	-0.1067820779	-0.1068525697	-0.1069284605	-0.1070097576	-0.1070964880	-0.1071886843	-0.1072863732	-0.1073895771	-0.1074983083	-0.1076125917	-0.1077325374	-0.1078584642	-0.1079908609	-0.1081296292	-0.1082719354	-0.1084097685	-0.1085341176	-0.1086613593	-0.1088906336	-0.1094231448	-0.1103951897	-0.1116974307	-0.1131333684	-0.1145912224	-0.1160455245	-0.1175029897	-0.1189718915	-0.1204555613	-0.1219542957	-0.1234675669	-0.1249949217	-0.1265360961	-0.1280909057	-0.1296591737	-0.1312407018	-0.1328352696	-0.1344426402	-0.1360625686	-0.1376947937	-0.1393390353	-0.1409949914	-0.1426623396	-0.1443407411	-0.1460298486	-0.1477293009	-0.1494387213	-0.1511577078	-0.1528858327	-0.1546226517	-0.1563676989	-0.1581204929	-0.1598805311	-0.1616472831	-0.1634202081	-0.1651987458	-0.1669823139	-0.1687703224	-0.1705621523	-0.1723571581	-0.1741546831	-0.1759540360	-0.1777544970	-0.1795553434	-0.1813558278	-0.1831551690	-0.1849525776	-0.1867472369	-0.1885382863	-0.1903248605	-0.1921061023	-0.1938811296	-0.1956490379	-0.1974089126	-0.1991598013	-0.2009007010	-0.2026305999	-0.2043484976	-0.2060533760	-0.2077441917	-0.2094199035	-0.2110794631	-0.2127217845	-0.2143457540	-0.2159502663	-0.2175342199	-0.2190964964	-0.2206359626	-0.2221514847	-0.2236419463	-0.2251062118	-0.2265431154	-0.2279515074	-0.2293302451	-0.2306782023	-0.2319942573	-0.2332772823	-0.2345261503	-0.2357397509	-0.2369169779	-0.2380567343	-0.2391579570	-0.2402196072	-0.2412406837	-0.2422202046	-0.2431571711	-0.2440506012	-0.2448995364	-0.2457030738	-0.2464603720	-0.2471706249	-0.2478330335	-0.2484467951	-0.2490111471	-0.2495253963	-0.2499889181	-0.2504011264	-0.2507614602	-0.2510693710	-0.2513243503	-0.2515259740	-0.2516738926	-0.2517677953	-0.2518073939	-0.2517924314	-0.2517227081	-0.2515981051	-0.2514185714	-0.2511840808	-0.2508946510	-0.2505503546	-0.2501513131	-0.2496977169	-0.2491898055	-0.2486278673	-0.2480122389	-0.2473433106	-0.2466215177	-0.2458473408	-0.2450213119	-0.2441440234	-0.2432161291	-0.2422383036	-0.2412112557	-0.2401357379	-0.2390125601	-0.2378425977	-0.2366267610	-0.2353659883	-0.2340612280	-0.2327134548	-0.2313237009	-0.2298930574	-0.2284226581	-0.2269136372	-0.2253671309	-0.2237842925	-0.2221663013	-0.2205143838	-0.2188298022	-0.2171138354	-0.2153677574	-0.2135928306	-0.2117903268	-0.2099615193	-0.2081077190	-0.2062302399	-0.2043304060	-0.2024095475	-0.2004689693	-0.1985099624	-0.1965338133	-0.1945418128	-0.1925352383	-0.1905153606	-0.1884834406	-0.1864407293	-0.1843884597	-0.1823278392	-0.1802600605	-0.1781862929	-0.1761076863	-0.1740253704	-0.1719404595	-0.1698540384	-0.1677671637	-0.1656808748	-0.1635961881	-0.1615140978	-0.1594355805	-0.1573615766	-0.1552929844	-0.1532306707	-0.1511754781	-0.1491282278	-0.1470897253	-0.1450607426	-0.1430420185	-0.1410342642	-0.1390381610	-0.1370543674	-0.1350835166	-0.1331262106	-0.1311830247	-0.1292545037	-0.1273411672	-0.1254435104	-0.1235620051	-0.1216970978	-0.1198492083	-0.1180187343	-0.1162060474	-0.1144114923	-0.1126353891	-0.1108780353	-0.1091397157	-0.1074206916	-0.1057211998	-0.1040414485	-0.1023816337	-0.1007419773	-0.0991227692	-0.0975243088	-0.0959464950	-0.0943878697	-0.0928449238	-0.0913153218	-0.0898115077	-0.0883827035	-0.0871097728	-0.0860307259	-0.0850838659	-0.0841875549	-0.0833034152	-0.0824255439	-0.0815574547	-0.0807020162	-0.0798600461	-0.0790313341	-0.0782154659	-0.0774121044	-0.0766209926	-0.0758419097	-0.0750746401	-0.0743189690	-0.0735746792	-0.0728415555	-0.0721193863	-0.0714079879	-0.0707072398	-0.0700170861	-0.0693373388	-0.0686670542	-0.0680036896
-0.1083178179	-0.1083637188	-0.1084125546	-0.1084663587	-0.1085257808	-0.1085908305	-0.1086614066	-0.1087374650	-0.1088190122	-0.1089060766	-0.1089986889	-0.1090968796	-0.1092006735	-0.1093100884	-0.1094251379	-0.1095458816	-0.1096725256	-0.1098055180	-0.1099452169	-0.1100904372	-0.1102357326	-0.1103709972	-0.1104951001	-0.1106603790	-0.1110275174	-0.1117975969	-0.1129796342	-0.1143887474	-0.1158613593	-0.1173355396	-0.1188080088	-0.1202883046	-0.1217822339	-0.1232912403	-0.1248149952	-0.1263529469	-0.1279047351	-0.1294701383	-0.1310489722	-0.1326410394	-0.1342461197	-0.1358639727	-0.1374943468	-0.1391369770	-0.1407915822	-0.1424578576	-0.1441354764	-0.1458240931	-0.1475233474	-0.1492328717	-0.1509522825	-0.1526811781	-0.1544191284	-0.1561656815	-0.1579203684	-0.1596826979	-0.1614521663	-0.1632282438	-0.1650103790	-0.1667980119	-0.1685905563	-0.1703874110	-0.1721879597	-0.1739915508	-0.1757975114	-0.1776051543	-0.1794137559	-0.1812225741	-0.1830308610	-0.1848378403	-0.1866427060	-0.1884446470	-0.1902428199	-0.1920363443	-0.1938243414	-0.1956059324	-0.1973802094	-0.1991462415	-0.2009030893	-0.2026497732	-0.2043852689	-0.2061085481	-0.2078185929	-0.2095143686	-0.2111948181	-0.2128588841	-0.2145055050	-0.2161335853	-0.2177420016	-0.2193296354	-0.2208953797	-0.2224381155	-0.2239566914	-0.2254499735	-0.2269168303	-0.2283561205	-0.2297666896	-0.2311473992	-0.2324971238	-0.2338147496	-0.2350991622	-0.2363492319	-0.2375638223	-0.2387418213	-0.2398821530	-0.2409837718	-0.2420456525	-0.2430667871	-0.2440461701	-0.2449827977	-0.2458756919	-0.2467239199	-0.2475265995	-0.2482828966	-0.2489919905	-0.2496530611	-0.2502653133	-0.2508279915	-0.2513404205	-0.2518019867	-0.2522121036	-0.2525702003	-0.2528757214	-0.2531281725	-0.2533271391	-0.2534722674	-0.2535632454	-0.2535997785	-0.2535816133	-0.2535085628	-0.2533805033	-0.2531973837	-0.2529591846	-0.2526659179	-0.2523176552	-0.2519145275	-0.2514567267	-0.2509444897	-0.2503781043	-0.2497579122	-0.2490843019	-0.2483577112	-0.2475786248	-0.2467475781	-0.2458651615	-0.2449320266	-0.2439488589	-0.2429163741	-0.2418353198	-0.2407065027	-0.2395307991	-0.2383091203	-0.2370424066	-0.2357316123	-0.2343777155	-0.2329817447	-0.2315447797	-0.2300679549	-0.2285524136	-0.2269992976	-0.2254097581	-0.2237849734	-0.2221261634	-0.2204345828	-0.2187115038	-0.2169582054	-0.2151759716	-0.2133660707	-0.2115297756	-0.2096683772	-0.2077831892	-0.2058755420	-0.2039467587	-0.2019981519	-0.2000310238	-0.1980466645	-0.1960463604	-0.1940313792	-0.1920029806	-0.1899624258	-0.1879109710	-0.1858498431	-0.1837802621	-0.1817034258	-0.1796205041	-0.1775326486	-0.1754409954	-0.1733466514	-0.1712506953	-0.1691541878	-0.1670581709	-0.1649636656	-0.1628716789	-0.1607831875	-0.1586991239	-0.1566203868	-0.1545478480	-0.1524823581	-0.1504247514	-0.1483758331	-0.1463363745	-0.1443071169	-0.1422887728	-0.1402820302	-0.1382875532	-0.1363059759	-0.1343379057	-0.1323839204	-0.1304445700	-0.1285203800	-0.1266118515	-0.1247194604	-0.1228436566	-0.1209848659	-0.1191434890	-0.1173199006	-0.1155144471	-0.1137274532	-0.1119592250	-0.1102100520	-0.1084801981	-0.1067698996	-0.1050793684	-0.1034088209	-0.1017585237	-0.1001288088	-0.0985198802	-0.0969311193	-0.0953600014	-0.0938026393	-0.0922614685	-0.0907649490	-0.0893831549	-0.0881889757	-0.0871707141	-0.0862432257	-0.0853425415	-0.0844487691	-0.0835626211	-0.0826879116	-0.0818264930	-0.0809785641	-0.0801437553	-0.0793216800	-0.0785120486	-0.0777146296	-0.0769292092	-0.0761555763	-0.0753935186	-0.0746428231	-0.0739032782	-0.0731746759	-0.0724568371	-0.0717496439	-0.0710530437	-0.0703668514	-0.0696901282	-0.0690203400
-0.1101195710	-0.1101651043	-0.1102136223	-0.1102671826	-0.1103264452	-0.1103914185	-0.1104620012	-0.1105381468	-0.1106198618	-0.1107071751	-0.1108001164	-0.1108987163	-0.1110030047	-0.1111130021	-0.1112287229	-0.1113501987	-0.1114775484	-0.1116111101	-0.1117513819	-0.1118982078	-0.1120485396	-0.1121940344	-0.1123258507	-0.1124628919	-0.1127104457	-0.1132728782	-0.1142800715	-0.1156183966	-0.1170906088	-0.1185843593	-0.1200740244	-0.1215665547	-0.1230703968	-0.1245889041	-0.1261223394	-0.1276701390	-0.1292318237	-0.1308071054	-0.1323957822	-0.1339976555	-0.1356125064	-0.1372400936	-0.1388801564	-0.1405324263	-0.1421966171	-0.1438724216	-0.1455595107	-0.1472575345	-0.1489661234	-0.1506848999	-0.1524134739	-0.1541514393	-0.1558983678	-0.1576538025	-0.1594172684	-0.1611882715	-0.1629662999	-0.1647508273	-0.1665413003	-0.1683371479	-0.1701377852	-0.1719425995	-0.1737509645	-0.1755622314	-0.1773757179	-0.1791907267	-0.1810065430	-0.1828224157	-0.1846375794	-0.1864512632	-0.1882626638	-0.1900709564	-0.1918753094	-0.1936748565	-0.1954686972	-0.1972559305	-0.1990356516	-0.2008069259	-0.2025688013	-0.2043203150	-0.2060604673	-0.2077882175	-0.2095025210	-0.2112023447	-0.2128866389	-0.2145543335	-0.2162043583	-0.2178356397	-0.2194470750	-0.2210375344	-0.2226058896	-0.2241510250	-0.2256718146	-0.2271671014	-0.2286357379	-0.2300765930	-0.2314885343	-0.2328704400	-0.2342211839	-0.2355396335	-0.2368246731	-0.2380751846	-0.2392900424	-0.2404681316	-0.2416083802	-0.2427097478	-0.2437712198	-0.2447917882	-0.2457704354	-0.2467061565	-0.2475979732	-0.2484449706	-0.2492462867	-0.2500010882	-0.2507085485	-0.2513678415	-0.2519781686	-0.2525387941	-0.2530490544	-0.2535083319	-0.2539160424	-0.2542716087	-0.2545744735	-0.2548241577	-0.2550202577	-0.2551624209	-0.2552503303	-0.2552836875	-0.2552622404	-0.2551858091	-0.2550542783	-0.2548675874	-0.2546257229	-0.2543286991	-0.2539765803	-0.2535695053	-0.2531076682	-0.2525913092	-0.2520207150	-0.2513962261	-0.2507182357	-0.2499871853	-0.2492035555	-0.2483678854	-0.2474807735	-0.2465428613	-0.2455548405	-0.2445174280	-0.2434313750	-0.2422974882	-0.2411166277	-0.2398897160	-0.2386176986	-0.2373015328	-0.2359422011	-0.2345407225	-0.2330981703	-0.2316156649	-0.2300943617	-0.2285354140	-0.2269399776	-0.2253092272	-0.2236443653	-0.2219466346	-0.2202173125	-0.2184576881	-0.2166690424	-0.2148526443	-0.2130097796	-0.2111417255	-0.2092497920	-0.2073352984	-0.2053995625	-0.2034439066	-0.2014696495	-0.1994780745	-0.1974704560	-0.1954480664	-0.1934121614	-0.1913639971	-0.1893048163	-0.1872358588	-0.1851583485	-0.1830734829	-0.1809824368	-0.1788863677	-0.1767864055	-0.1746836511	-0.1725791880	-0.1704740790	-0.1683693675	-0.1662660839	-0.1641652351	-0.1620677873	-0.1599746732	-0.1578867968	-0.1558050370	-0.1537302561	-0.1516632932	-0.1496049494	-0.1475559980	-0.1455171823	-0.1434892199	-0.1414728045	-0.1394686018	-0.1374772489	-0.1354993557	-0.1335355031	-0.1315862469	-0.1296521183	-0.1277336241	-0.1258312434	-0.1239454309	-0.1220766163	-0.1202252030	-0.1183915670	-0.1165760592	-0.1147790100	-0.1130007344	-0.1112415235	-0.1095016425	-0.1077813268	-0.1060808002	-0.1044003121	-0.1027401821	-0.1011007448	-0.0994819294	-0.0978822672	-0.0962981512	-0.0947271371	-0.0931818706	-0.0917122772	-0.0904003100	-0.0892862454	-0.0883103167	-0.0873885505	-0.0864797228	-0.0855769509	-0.0846837667	-0.0838032212	-0.0829362375	-0.0820826357	-0.0812420072	-0.0804140157	-0.0795984097	-0.0787949746	-0.0780035018	-0.0772237831	-0.0764556094	-0.0756987723	-0.0749530642	-0.0742182816	-0.0734942484	-0.0727808507	-0.0720780385	-0.0713856303	-0.0707026924	-0.0700267015
-0.1119134140	-0.1119585074	-0.1120066334	-0.1120598752	-0.1121189023	-0.1121837202	-0.1122542278	-0.1123303778	-0.1124121755	-0.1124996489	-0.1125928278	-0.1126917432	-0.1127964255	-0.1129069014	-0.1130231913	-0.1131453137	-0.1132733320	-0.1134074659	-0.1135481757	-0.1136958196	-0.1138491406	-0.1140024995	-0.1141455909	-0.1142778191	-0.1144542353	-0.1148390257	-0.1156323878	-0.1168420064	-0.1182833574	-0.1197906362	-0.1212995164	-0.1228060621	-0.1243200150	-0.1258473917	-0.1273896892	-0.1289465563	-0.1305174100	-0.1321018604	-0.1336996656	-0.1353106211	-0.1369345084	-0.1385710845	-0.1402200851	-0.1418812329	-0.1435542360	-0.1452387864	-0.1469345524	-0.1486411810	-0.1503582984	-0.1520855161	-0.1538224355	-0.1555686450	-0.1573237141	-0.1590871877	-0.1608585848	-0.1626374098	-0.1644231460	-0.1662152622	-0.1680132084	-0.1698164038	-0.1716242551	-0.1734361476	-0.1752514402	-0.1770694808	-0.1788895927	-0.1807110660	-0.1825331817	-0.1843551960	-0.1861763331	-0.1879958090	-0.1898128306	-0.1916265715	-0.1934361901	-0.1952408318	-0.1970396023	-0.1988315762	-0.2006158310	-0.2023914393	-0.2041574445	-0.2059128757	-0.2076567514	-0.2093880541	-0.2111057280	-0.2128087146	-0.2144959655	-0.2161664201	-0.2178189960	-0.2194526108	-0.2210661819	-0.2226586024	-0.2242287384	-0.2257754487	-0.2272976059	-0.2287940725	-0.2302637000	-0.2317053482	-0.2331178983	-0.2345002262	-0.2358512293	-0.2371697763	-0.2384547271	-0.2397049597	-0.2409193672	-0.2420968608	-0.2432363792	-0.2443368814	-0.2453973372	-0.2464167273	-0.2473940404	-0.2483282806	-0.2492184911	-0.2500637661	-0.2508632459	-0.2516160889	-0.2523214579	-0.2529785324	-0.2535865260	-0.2541447214	-0.2546524668	-0.2551091456	-0.2555141609	-0.2558669244	-0.2561668905	-0.2564135948	-0.2566066363	-0.2567456683	-0.2568303729	-0.2568604487	-0.2568356439	-0.2567557820	-0.2566207624	-0.2564305214	-0.2561850365	-0.2558843303	-0.2555284718	-0.2551175967	-0.2546518983	-0.2541316209	-0.2535570540	-0.2529285417	-0.2522464748	-0.2515112920	-0.2507234829	-0.2498835838	-0.2489921882	-0.2480499410	-0.2470575356	-0.2460156892	-0.2449251600	-0.2437867513	-0.2426013165	-0.2413697771	-0.2400930832	-0.2387721938	-0.2374080888	-0.2360017847	-0.2345543509	-0.2330669053	-0.2315405978	-0.2299765876	-0.2283760328	-0.2267401096	-0.2250700134	-0.2233669789	-0.2216322752	-0.2198671912	-0.2180730072	-0.2162510046	-0.2144024700	-0.2125286878	-0.2106309478	-0.2087105511	-0.2067688274	-0.2048070984	-0.2028266767	-0.2008288495	-0.1988148932	-0.1967860740	-0.1947436535	-0.1926888745	-0.1906229790	-0.1885472083	-0.1864627807	-0.1843708985	-0.1822727451	-0.1801694735	-0.1780622074	-0.1759520518	-0.1738400930	-0.1717273965	-0.1696150131	-0.1675039733	-0.1653952706	-0.1632898665	-0.1611886978	-0.1590926747	-0.1570026894	-0.1549196106	-0.1528442730	-0.1507774791	-0.1487200034	-0.1466725924	-0.1446359706	-0.1426108338	-0.1405978494	-0.1385976580	-0.1366108699	-0.1346380710	-0.1326798220	-0.1307366601	-0.1288090951	-0.1268976110	-0.1250026664	-0.1231246943	-0.1212640999	-0.1194212614	-0.1175965349	-0.1157902589	-0.1140027530	-0.1122343105	-0.1104851948	-0.1087556457	-0.1070459080	-0.1053562801	-0.1036871271	-0.1020386815	-0.1004103087	-0.0987993815	-0.0972019045	-0.0956206596	-0.0940854353	-0.0926678556	-0.0914412665	-0.0903944616	-0.0894417042	-0.0885169126	-0.0875989765	-0.0866884600	-0.0857893196	-0.0849035167	-0.0840312924	-0.0831722875	-0.0823261196	-0.0814925039	-0.0806712165	-0.0798620523	-0.0790648069	-0.0782792751	-0.0775052518	-0.0767425339	-0.0759909167	-0.0752502035	-0.0745202193	-0.0738008550	-0.0730920628	-0.0723936649	-0.0717047340	-0.0710227590
-0.1136992332	-0.1137438133	-0.1137914722	-0.1138443200	-0.1139030314	-0.1139676147	-0.1140379638	-0.1141140311	-0.1141958213	-0.1142833622	-0.1143766839	-0.1144758178	-0.1145807936	-0.1146916446	-0.1148083968	-0.1149310673	-0.1150596901	-0.1151943904	-0.1153355132	-0.1154835698	-0.1156384076	-0.1157969403	-0.1159506915	-0.1160906411	-0.1162360028	-0.1164932314	-0.1170672105	-0.1180895497	-0.1194515718	-0.1209550770	-0.1224826580	-0.1240057345	-0.1255308462	-0.1270667980	-0.1286171811	-0.1301823049	-0.1317615771	-0.1333544847	-0.1349607118	-0.1365800325	-0.1382122275	-0.1398570531	-0.1415142437	-0.1431835128	-0.1448645639	-0.1465570849	-0.1482607436	-0.1499751845	-0.1517000307	-0.1534348863	-0.1551793435	-0.1569329828	-0.1586953689	-0.1604660497	-0.1622445445	-0.1640303526	-0.1658229558	-0.1676218154	-0.1694263772	-0.1712360599	-0.1730502575	-0.1748683506	-0.1766896951	-0.1785136274	-0.1803394718	-0.1821665216	-0.1839940445	-0.1858212979	-0.1876475136	-0.1894718950	-0.1912936414	-0.1931119373	-0.1949259333	-0.1967347638	-0.1985375465	-0.2003333627	-0.2021212658	-0.2039003156	-0.2056695638	-0.2074280363	-0.2091747439	-0.2109086875	-0.2126288349	-0.2143341185	-0.2160234663	-0.2176958165	-0.2193500977	-0.2209852201	-0.2226000911	-0.2241936181	-0.2257646891	-0.2273121631	-0.2288348888	-0.2303317296	-0.2318015577	-0.2332432438	-0.2346556642	-0.2360376864	-0.2373882069	-0.2387061115	-0.2399902654	-0.2412395417	-0.2424528323	-0.2436290678	-0.2447672039	-0.2458662070	-0.2469250439	-0.2479426848	-0.2489181055	-0.2498503189	-0.2507383965	-0.2515814491	-0.2523786181	-0.2531290553	-0.2538319095	-0.2544863608	-0.2550916419	-0.2556470499	-0.2561519396	-0.2566056992	-0.2570077223	-0.2573574200	-0.2576542602	-0.2578977836	-0.2580876022	-0.2582233633	-0.2583047396	-0.2583314376	-0.2583032100	-0.2582198884	-0.2580813718	-0.2578876019	-0.2576385542	-0.2573342477	-0.2569747577	-0.2565602237	-0.2560908436	-0.2555668547	-0.2549885484	-0.2543562736	-0.2536704196	-0.2529314268	-0.2521397865	-0.2512960328	-0.2504007552	-0.2494546060	-0.2484582767	-0.2474124915	-0.2463180051	-0.2451756107	-0.2439861675	-0.2427505891	-0.2414698189	-0.2401448261	-0.2387765997	-0.2373661527	-0.2359145361	-0.2344228658	-0.2328922868	-0.2313239571	-0.2297190485	-0.2280787363	-0.2264042128	-0.2246967005	-0.2229574516	-0.2211877522	-0.2193888985	-0.2175621771	-0.2157088638	-0.2138302467	-0.2119276077	-0.2100022477	-0.2080554835	-0.2060886280	-0.2041029835	-0.2020998551	-0.2000805176	-0.1980462328	-0.1959982594	-0.1939378436	-0.1918662276	-0.1897846366	-0.1876942884	-0.1855963903	-0.1834921233	-0.1813826360	-0.1792690569	-0.1771524944	-0.1750340354	-0.1729147541	-0.1707957025	-0.1686778991	-0.1665623285	-0.1644499529	-0.1623417118	-0.1602385270	-0.1581412995	-0.1560508964	-0.1539681499	-0.1518938655	-0.1498288191	-0.1477737639	-0.1457294267	-0.1436965051	-0.1416756695	-0.1396675605	-0.1376727931	-0.1356919569	-0.1337256173	-0.1317743153	-0.1298385641	-0.1279188514	-0.1260156399	-0.1241293648	-0.1222604332	-0.1204092271	-0.1185761097	-0.1167614262	-0.1149654983	-0.1131886187	-0.1114310513	-0.1096930483	-0.1079748898	-0.1062769321	-0.1045995409	-0.1029426384	-0.1013046492	-0.0996817941	-0.0980718289	-0.0964888624	-0.0949854545	-0.0936445403	-0.0925045505	-0.0915044950	-0.0905593679	-0.0896271046	-0.0887006845	-0.0877837732	-0.0868795192	-0.0859888835	-0.0851116964	-0.0842475560	-0.0833961323	-0.0825571839	-0.0817305041	-0.0809158931	-0.0801131498	-0.0793220732	-0.0785424632	-0.0777741208	-0.0770168465	-0.0762704473	-0.0755347525	-0.0748096560	-0.0740951135	-0.0733909504	-0.0726962459	-0.0720085025
-0.1154769194	-0.1155209109	-0.1155680263	-0.1156204014	-0.1156787156	-0.1157429782	-0.1158130820	-0.1158889753	-0.1159706660	-0.1160581789	-0.1161515464	-0.1162508002	-0.1163559716	-0.1164670952	-0.1165842016	-0.1167073135	-0.1168364535	-0.1169716855	-0.1171132307	-0.1172615549	-0.1174170396	-0.1175784822	-0.1177402848	-0.1178919754	-0.1180323105	-0.1182151852	-0.1186033460	-0.1193986306	-0.1206183407	-0.1220832714	-0.1236220646	-0.1251638300	-0.1267022379	-0.1282471276	-0.1298049920	-0.1313775441	-0.1329644502	-0.1345650898	-0.1361790331	-0.1378060094	-0.1394457899	-0.1410981328	-0.1427627703	-0.1444394122	-0.1461277554	-0.1478274822	-0.1495382584	-0.1512597290	-0.1529915138	-0.1547332126	-0.1564844087	-0.1582446745	-0.1600135703	-0.1617906420	-0.1635754131	-0.1653673795	-0.1671660179	-0.1689707851	-0.1707811162	-0.1725964306	-0.1744161184	-0.1762395486	-0.1780660778	-0.1798950375	-0.1817257405	-0.1835574866	-0.1853895433	-0.1872211574	-0.1890515660	-0.1908799788	-0.1927055804	-0.1945275486	-0.1963450406	-0.1981571822	-0.1999630837	-0.2017618416	-0.2035525151	-0.2053341412	-0.2071057612	-0.2088664090	-0.2106150941	-0.2123508104	-0.2140725435	-0.2157792498	-0.2174698511	-0.2191432631	-0.2207984127	-0.2224342209	-0.2240495916	-0.2256434198	-0.2272145994	-0.2287620123	-0.2302845190	-0.2317809721	-0.2332502406	-0.2346912082	-0.2361027584	-0.2374837710	-0.2388331157	-0.2401496699	-0.2414323184	-0.2426799556	-0.2438914868	-0.2450658477	-0.2462019907	-0.2472988789	-0.2483554896	-0.2493707985	-0.2503437785	-0.2512734575	-0.2521589158	-0.2529992683	-0.2537936545	-0.2545412258	-0.2552411380	-0.2558925751	-0.2564947830	-0.2570470760	-0.2575488046	-0.2579993488	-0.2583981011	-0.2587444806	-0.2590379694	-0.2592781195	-0.2594645430	-0.2595968865	-0.2596748196	-0.2596980508	-0.2596663467	-0.2595795424	-0.2594375324	-0.2592402631	-0.2589877096	-0.2586798884	-0.2583168822	-0.2578988338	-0.2574259431	-0.2568984483	-0.2563166379	-0.2556808556	-0.2549915003	-0.2542490164	-0.2534538904	-0.2526066558	-0.2517079010	-0.2507582808	-0.2497584842	-0.2487092333	-0.2476112841	-0.2464654256	-0.2452725161	-0.2440334645	-0.2427492154	-0.2414207436	-0.2400490361	-0.2386350999	-0.2371799818	-0.2356847803	-0.2341506402	-0.2325787288	-0.2309702224	-0.2293262914	-0.2276481208	-0.2259369279	-0.2241939576	-0.2224204901	-0.2206178200	-0.2187872372	-0.2169300174	-0.2150474444	-0.2131408045	-0.2112113936	-0.2092604996	-0.2072894333	-0.2052994996	-0.2032920043	-0.2012682177	-0.1992294108	-0.1971768395	-0.1951117514	-0.1930353768	-0.1909489382	-0.1888536512	-0.1867507145	-0.1846413032	-0.1825265732	-0.1804076574	-0.1782856655	-0.1761616913	-0.1740368109	-0.1719120660	-0.1697884655	-0.1676669947	-0.1655486158	-0.1634342751	-0.1613249024	-0.1592213972	-0.1571246245	-0.1550354193	-0.1529545880	-0.1508829121	-0.1488211487	-0.1467700248	-0.1447302407	-0.1427024678	-0.1406873497	-0.1386855049	-0.1366975273	-0.1347239865	-0.1327654245	-0.1308223590	-0.1288952812	-0.1269846566	-0.1250909216	-0.1232144855	-0.1213557373	-0.1195150472	-0.1176927649	-0.1158892121	-0.1141046794	-0.1123394360	-0.1105937583	-0.1088679802	-0.1071625053	-0.1054775736	-0.1038124585	-0.1021643093	-0.1005290940	-0.0989107609	-0.0973422701	-0.0958981426	-0.0946497928	-0.0935818454	-0.0926072207	-0.0916598696	-0.0907189941	-0.0897854469	-0.0888633010	-0.0879545342	-0.0870593841	-0.0861774930	-0.0853084882	-0.0844520958	-0.0836081036	-0.0827763146	-0.0819565338	-0.0811485627	-0.0803522054	-0.0795672672	-0.0787935530	-0.0780308691	-0.0772790256	-0.0765378573	-0.0758072600	-0.0750871935	-0.0743774865	-0.0736772253	-0.0729839269
-0.1172463666	-0.1172896896	-0.1173361822	-0.1173880004	-0.1174458332	-0.1175096853	-0.1175794511	-0.1176550786	-0.1177365743	-0.1178239651	-0.1179172831	-0.1180165594	-0.1181218276	-0.1182331215	-0.1183504748	-0.1184739182	-0.1186034717	-0.1187391691	-0.1188811344	-0.1190297051	-0.1191854081	-0.1193481658	-0.1195150523	-0.1196776785	-0.1198264478	-0.1199784393	-0.1202361221	-0.1208023445	-0.1218182284	-0.1231899716	-0.1247190257	-0.1262782849	-0.1278328975	-0.1293881149	-0.1309532795	-0.1325324863	-0.1341262015	-0.1357338167	-0.1373547658	-0.1389886940	-0.1406353474	-0.1422944818	-0.1439658320	-0.1456491060	-0.1473439940	-0.1490501730	-0.1507673044	-0.1524950314	-0.1542329743	-0.1559807298	-0.1577378767	-0.1595039789	-0.1612785914	-0.1630612551	-0.1648514937	-0.1666488033	-0.1684526549	-0.1702624998	-0.1720777674	-0.1738978695	-0.1757221993	-0.1775501207	-0.1793809819	-0.1812141143	-0.1830488240	-0.1848844047	-0.1867201314	-0.1885552499	-0.1903889900	-0.1922205664	-0.1940491638	-0.1958739437	-0.1976940606	-0.1995086471	-0.2013168065	-0.2031176300	-0.2049101943	-0.2066935401	-0.2084666884	-0.2102286629	-0.2119784820	-0.2137151399	-0.2154376162	-0.2171448823	-0.2188358849	-0.2205095396	-0.2221647519	-0.2238004369	-0.2254155077	-0.2270088594	-0.2285793735	-0.2301259343	-0.2316474296	-0.2331427343	-0.2346107140	-0.2360502412	-0.2374602001	-0.2388394859	-0.2401869674	-0.2415015078	-0.2427819940	-0.2440273338	-0.2452364609	-0.2464083242	-0.2475418811	-0.2486360875	-0.2496899067	-0.2507023097	-0.2516723018	-0.2525989309	-0.2534812855	-0.2543184841	-0.2551096552	-0.2558539399	-0.2565505000	-0.2571985334	-0.2577973093	-0.2583461503	-0.2588444100	-0.2592914599	-0.2596866883	-0.2600295234	-0.2603194580	-0.2605560558	-0.2607389267	-0.2608677190	-0.2609421058	-0.2609617959	-0.2609265624	-0.2608362473	-0.2606907508	-0.2604900132	-0.2602340094	-0.2599227642	-0.2595563640	-0.2591349511	-0.2586587193	-0.2581279145	-0.2575428297	-0.2569038016	-0.2562112318	-0.2554655680	-0.2546672946	-0.2538169442	-0.2529151031	-0.2519624197	-0.2509595858	-0.2499073294	-0.2488064028	-0.2476575995	-0.2464617655	-0.2452198032	-0.2439326629	-0.2426013130	-0.2412267373	-0.2398099437	-0.2383519832	-0.2368539405	-0.2353169494	-0.2337421819	-0.2321308051	-0.2304839972	-0.2288029461	-0.2270888619	-0.2253429850	-0.2235665746	-0.2217609176	-0.2199273080	-0.2180670344	-0.2161813754	-0.2142716108	-0.2123390181	-0.2103848865	-0.2084105147	-0.2064172048	-0.2044062504	-0.2023789376	-0.2003365380	-0.1982803060	-0.1962114801	-0.1941312907	-0.1920409586	-0.1899416867	-0.1878346631	-0.1857210644	-0.1836020503	-0.1814787567	-0.1793523011	-0.1772237803	-0.1750942584	-0.1729647685	-0.1708363192	-0.1687098970	-0.1665864694	-0.1644669896	-0.1623523833	-0.1602435453	-0.1581413423	-0.1560466113	-0.1539601632	-0.1518827845	-0.1498152322	-0.1477582354	-0.1457124954	-0.1436786846	-0.1416574514	-0.1396494173	-0.1376551808	-0.1356753127	-0.1337103587	-0.1317608384	-0.1298272465	-0.1279100493	-0.1260096844	-0.1241265670	-0.1222610926	-0.1204136379	-0.1185845537	-0.1167741595	-0.1149827474	-0.1132105997	-0.1114580348	-0.1097254501	-0.1080132380	-0.1063212596	-0.1046477029	-0.1029885352	-0.1013421528	-0.0997256877	-0.0981963313	-0.0968375231	-0.0956813475	-0.0946624988	-0.0936962454	-0.0927418303	-0.0917930474	-0.0908538307	-0.0899273327	-0.0890144752	-0.0881150751	-0.0872287370	-0.0863551446	-0.0854940701	-0.0846453177	-0.0838086976	-0.0829840172	-0.0821710837	-0.0813697053	-0.0805796925	-0.0798008558	-0.0790330058	-0.0782759568	-0.0775295481	-0.0767936786	-0.0760683117	-0.0753532784	-0.0746476743	-0.0739490316
-0.1190074644	-0.1190500362	-0.1190958206	-0.1191469957	-0.1192042562	-0.1192676092	-0.1193369447	-0.1194122137	-0.1194934202	-0.1195805945	-0.1196737671	-0.1197729697	-0.1198782348	-0.1199895965	-0.1201070905	-0.1202307519	-0.1203606062	-0.1204966760	-0.1206390231	-0.1207878561	-0.1209436390	-0.1211068037	-0.1212763323	-0.1214469227	-0.1216080119	-0.1217565491	-0.1219413160	-0.1223184165	-0.1230930375	-0.1243030250	-0.1257811812	-0.1273478298	-0.1289207677	-0.1304889568	-0.1320620603	-0.1336473765	-0.1352470579	-0.1368608472	-0.1384880731	-0.1401282515	-0.1417810746	-0.1434462871	-0.1451236257	-0.1468127997	-0.1485134952	-0.1502253822	-0.1519481171	-0.1536813402	-0.1554246720	-0.1571777098	-0.1589400304	-0.1607111915	-0.1624907399	-0.1642782097	-0.1660731188	-0.1678749653	-0.1696832176	-0.1714973211	-0.1733167027	-0.1751407677	-0.1769689048	-0.1788004821	-0.1806348402	-0.1824713039	-0.1843091816	-0.1861477597	-0.1879863107	-0.1898240898	-0.1916603208	-0.1934942100	-0.1953249477	-0.1971516941	-0.1989735894	-0.2007897659	-0.2025993368	-0.2044013855	-0.2061949847	-0.2079791923	-0.2097530338	-0.2115155144	-0.2132656425	-0.2150024221	-0.2167248347	-0.2184318453	-0.2201224147	-0.2217954831	-0.2234499612	-0.2250847446	-0.2266987334	-0.2282908304	-0.2298599246	-0.2314048965	-0.2329246349	-0.2344180364	-0.2358839906	-0.2373213742	-0.2387290585	-0.2401059243	-0.2414508462	-0.2427627075	-0.2440404021	-0.2452828419	-0.2464889622	-0.2476577248	-0.2487880989	-0.2498790449	-0.2509295213	-0.2519384966	-0.2529049942	-0.2538280757	-0.2547068433	-0.2555404257	-0.2563279477	-0.2570685423	-0.2577613721	-0.2584056520	-0.2590006618	-0.2595457286	-0.2600402136	-0.2604834886	-0.2608749398	-0.2612140038	-0.2615001880	-0.2617330593	-0.2619122356	-0.2620373624	-0.2621081105	-0.2621241945	-0.2620853923	-0.2619915523	-0.2618425778	-0.2616384076	-0.2613790217	-0.2610644493	-0.2606947709	-0.2602701329	-0.2597907323	-0.2592568155	-0.2586686775	-0.2580266563	-0.2573311509	-0.2565826094	-0.2557815131	-0.2549283976	-0.2540238508	-0.2530685119	-0.2520630786	-0.2510082767	-0.2499048547	-0.2487536090	-0.2475553772	-0.2463110506	-0.2450215759	-0.2436879235	-0.2423110851	-0.2408920693	-0.2394319158	-0.2379317006	-0.2363925466	-0.2348156179	-0.2332020894	-0.2315531438	-0.2298699722	-0.2281537723	-0.2264057683	-0.2246272095	-0.2228193812	-0.2209835742	-0.2191210799	-0.2172331719	-0.2153211234	-0.2133862074	-0.2114297125	-0.2094529160	-0.2074571150	-0.2054436023	-0.2034136715	-0.2013685898	-0.1993096062	-0.1972379608	-0.1951548819	-0.1930615795	-0.1909592484	-0.1888490736	-0.1867322294	-0.1846098735	-0.1824831496	-0.1803531797	-0.1782210513	-0.1760878189	-0.1739545142	-0.1718221468	-0.1696917079	-0.1675641731	-0.1654404925	-0.1633215843	-0.1612083415	-0.1591016306	-0.1570022920	-0.1549111430	-0.1528289705	-0.1507565328	-0.1486945605	-0.1466437549	-0.1446047923	-0.1425783234	-0.1405649746	-0.1385653463	-0.1365800114	-0.1346095185	-0.1326543897	-0.1307151205	-0.1287921772	-0.1268860011	-0.1249970148	-0.1231256204	-0.1212721971	-0.1194370945	-0.1176206306	-0.1158231043	-0.1140448266	-0.1122861754	-0.1105475971	-0.1088293112	-0.1071303928	-0.1054476121	-0.1037770290	-0.1021248468	-0.1005294054	-0.0990692286	-0.0978105889	-0.0967291683	-0.0957361174	-0.0947677399	-0.0938051654	-0.0928499747	-0.0919063118	-0.0909760657	-0.0900594217	-0.0891560166	-0.0882654937	-0.0873875945	-0.0865221210	-0.0856688868	-0.0848277072	-0.0839983929	-0.0831807568	-0.0823746119	-0.0815797747	-0.0807960602	-0.0800232839	-0.0792612638	-0.0785098445	-0.0777689279	-0.0770384803	-0.0763183367	-0.0756076003	-0.0749038216
-0.1207600971	-0.1208018311	-0.1208468202	-0.1208972645	-0.1209538630	-0.1210166263	-0.1210854413	-0.1211602590	-0.1212410860	-0.1213279487	-0.1214208792	-0.1215199097	-0.1216250712	-0.1217363979	-0.1218539256	-0.1219776920	-0.1221077289	-0.1222440599	-0.1223867157	-0.1225358103	-0.1226916662	-0.1228548216	-0.1230253369	-0.1232006461	-0.1233727151	-0.1235311138	-0.1236885053	-0.1239381580	-0.1244772910	-0.1254628613	-0.1268276562	-0.1283750169	-0.1299635801	-0.1315480365	-0.1331309690	-0.1347224098	-0.1363273019	-0.1379464193	-0.1395791546	-0.1412248752	-0.1428831725	-0.1445537621	-0.1462363765	-0.1479307283	-0.1496365022	-0.1513533632	-0.1530809611	-0.1548189339	-0.1565669007	-0.1583244599	-0.1600911879	-0.1618666398	-0.1636503535	-0.1654418529	-0.1672406495	-0.1690462382	-0.1708580893	-0.1726756466	-0.1744983313	-0.1763255477	-0.1781566773	-0.1799910871	-0.1818281195	-0.1836670926	-0.1855073129	-0.1873480679	-0.1891886230	-0.1910282318	-0.1928661234	-0.1947014974	-0.1965335378	-0.1983614115	-0.2001842574	-0.2020011967	-0.2038113443	-0.2056137920	-0.2074076061	-0.2091918419	-0.2109655410	-0.2127277153	-0.2144773556	-0.2162134562	-0.2179350083	-0.2196409824	-0.2213303336	-0.2230020110	-0.2246549496	-0.2262880538	-0.2279002069	-0.2294902969	-0.2310572224	-0.2325998812	-0.2341171627	-0.2356079593	-0.2370711719	-0.2385056988	-0.2399104210	-0.2412842045	-0.2426259163	-0.2439344518	-0.2452087206	-0.2464476571	-0.2476502023	-0.2488153119	-0.2499419456	-0.2510290623	-0.2520756365	-0.2530806683	-0.2540431864	-0.2549622633	-0.2558370050	-0.2566665286	-0.2574499652	-0.2581864556	-0.2588751715	-0.2595153472	-0.2601062734	-0.2606472808	-0.2611377163	-0.2615769559	-0.2619643931	-0.2622994712	-0.2625817135	-0.2628106945	-0.2629860334	-0.2631073771	-0.2631743948	-0.2631868034	-0.2631443953	-0.2630470205	-0.2628945802	-0.2626870215	-0.2624243216	-0.2621065097	-0.2617336731	-0.2613059576	-0.2608235621	-0.2602867357	-0.2596957689	-0.2590510034	-0.2583528394	-0.2576017199	-0.2567981285	-0.2559426007	-0.2550357239	-0.2540781358	-0.2530705259	-0.2520136157	-0.2509081622	-0.2497549557	-0.2485548285	-0.2473086688	-0.2460174167	-0.2446820444	-0.2433035403	-0.2418829127	-0.2404211931	-0.2389194522	-0.2373788055	-0.2358004096	-0.2341854442	-0.2325350875	-0.2308505252	-0.2291329498	-0.2273835797	-0.2256036622	-0.2237944608	-0.2219572632	-0.2200933503	-0.2182040030	-0.2162904943	-0.2143540966	-0.2123960778	-0.2104177157	-0.2084202993	-0.2064051182	-0.2043734540	-0.2023265749	-0.2002657336	-0.1981921677	-0.1961070950	-0.1940117199	-0.1919072377	-0.1897948286	-0.1876756604	-0.1855508931	-0.1834216710	-0.1812891077	-0.1791542828	-0.1770182511	-0.1748820441	-0.1727466751	-0.1706131429	-0.1684824213	-0.1663554530	-0.1642331544	-0.1621164157	-0.1600061031	-0.1579030622	-0.1558081106	-0.1537220368	-0.1516456006	-0.1495795327	-0.1475245370	-0.1454812931	-0.1434504539	-0.1414326499	-0.1394284818	-0.1374385265	-0.1354633331	-0.1335034266	-0.1315593014	-0.1296314258	-0.1277202470	-0.1258261936	-0.1239496728	-0.1220910630	-0.1202507120	-0.1184289398	-0.1166260618	-0.1148424380	-0.1130785157	-0.1113347048	-0.1096107329	-0.1079044022	-0.1062113865	-0.1045313777	-0.1028863805	-0.1013402071	-0.0999757410	-0.0988133675	-0.0977808853	-0.0967955979	-0.0958202857	-0.0948504689	-0.0938904333	-0.0929432188	-0.0920096292	-0.0910894454	-0.0901822811	-0.0892878418	-0.0884059156	-0.0875363202	-0.0866788770	-0.0858334030	-0.0849997155	-0.0841776319	-0.0833669712	-0.0825675544	-0.0817792025	-0.0810017353	-0.0802349755	-0.0794787716	-0.0787330294	-0.0779977175	-0.0772726760	-0.0765570158	-0.0758483069
-0.1225041472	-0.1225449560	-0.1225890627	-0.1226386883	-0.1226945386	-0.1227566226	-0.1228248275	-0.1228991045	-0.1229794574	-0.1230659136	-0.1231585059	-0.1232572639	-0.1233622197	-0.1234734060	-0.1235908596	-0.1237146184	-0.1238447183	-0.1239811890	-0.1241240538	-0.1242733674	-0.1244293192	-0.1245923544	-0.1247629709	-0.1249404486	-0.1251200502	-0.1252913311	-0.1254485903	-0.1256318784	-0.1259848784	-0.1267156348	-0.1278932327	-0.1293711849	-0.1309606560	-0.1325628771	-0.1341588966	-0.1357575529	-0.1373672404	-0.1389908367	-0.1406282607	-0.1422787900	-0.1439418691	-0.1456171445	-0.1473043343	-0.1490031530	-0.1507132864	-0.1524343974	-0.1541661313	-0.1559081206	-0.1576599830	-0.1594213168	-0.1611916985	-0.1629706809	-0.1647577959	-0.1665525584	-0.1683544716	-0.1701630244	-0.1719776868	-0.1737979055	-0.1756230993	-0.1774526677	-0.1792859907	-0.1811224287	-0.1829613261	-0.1848020039	-0.1866437615	-0.1884858848	-0.1903276400	-0.1921682694	-0.1940070029	-0.1958430461	-0.1976755761	-0.1995037563	-0.2013267343	-0.2031436298	-0.2049535457	-0.2067555785	-0.2085488035	-0.2103322698	-0.2121050170	-0.2138660723	-0.2156144352	-0.2173490844	-0.2190690016	-0.2207731676	-0.2224605444	-0.2241300764	-0.2257807011	-0.2274113433	-0.2290209029	-0.2306082603	-0.2321723039	-0.2337119364	-0.2352260635	-0.2367135839	-0.2381733923	-0.2396043855	-0.2410054570	-0.2423754891	-0.2437133603	-0.2450179618	-0.2462882124	-0.2475230527	-0.2487214436	-0.2498823407	-0.2510046985	-0.2520874729	-0.2531296399	-0.2541302233	-0.2550882771	-0.2560028883	-0.2568731642	-0.2576982184	-0.2584771775	-0.2592091824	-0.2598934201	-0.2605291479	-0.2611156691	-0.2616523129	-0.2621384280	-0.2625733851	-0.2629565870	-0.2632874908	-0.2635656236	-0.2637905699	-0.2639619478	-0.2640794008	-0.2641426036	-0.2641512814	-0.2641052321	-0.2640043138	-0.2638484292	-0.2636375236	-0.2633715766	-0.2630506184	-0.2626747445	-0.2622441021	-0.2617588855	-0.2612193425	-0.2606257672	-0.2599785035	-0.2592779507	-0.2585245485	-0.2577187822	-0.2568611826	-0.2559523328	-0.2549928755	-0.2539834939	-0.2529249090	-0.2518178793	-0.2506631900	-0.2494616689	-0.2482141997	-0.2469217147	-0.2455851832	-0.2442055889	-0.2427839413	-0.2413212717	-0.2398186482	-0.2382771752	-0.2366979946	-0.2350822759	-0.2334312016	-0.2317459589	-0.2300277394	-0.2282777552	-0.2264972358	-0.2246874271	-0.2228496134	-0.2209850744	-0.2190950864	-0.2171809221	-0.2152438502	-0.2132851353	-0.2113060550	-0.2093078809	-0.2072918875	-0.2052593520	-0.2032115457	-0.2011497198	-0.1990751026	-0.1969889093	-0.1948923449	-0.1927865999	-0.1906728508	-0.1885522654	-0.1864259986	-0.1842951809	-0.1821609171	-0.1800242881	-0.1778863500	-0.1757481385	-0.1736106731	-0.1714749508	-0.1693419383	-0.1672125752	-0.1650877765	-0.1629684311	-0.1608554081	-0.1587495520	-0.1566516790	-0.1545625792	-0.1524830136	-0.1504137143	-0.1483553889	-0.1463087186	-0.1442743600	-0.1422529441	-0.1402450741	-0.1382513285	-0.1362722590	-0.1343083893	-0.1323602147	-0.1304282078	-0.1285128227	-0.1266144921	-0.1247336244	-0.1228705961	-0.1210257533	-0.1191994259	-0.1173919641	-0.1156037975	-0.1138354112	-0.1120869538	-0.1103571693	-0.1086423558	-0.1069390817	-0.1052573639	-0.1036430119	-0.1021784382	-0.1009212003	-0.0998334493	-0.0988249709	-0.0978369579	-0.0968539522	-0.0958785784	-0.0949149541	-0.0939647705	-0.0930281171	-0.0921046229	-0.0911939525	-0.0902958697	-0.0894101924	-0.0885367470	-0.0876753594	-0.0868258513	-0.0859880451	-0.0851617641	-0.0843468329	-0.0835430775	-0.0827503242	-0.0819683975	-0.0811971251	-0.0804363590	-0.0796860093	-0.0789460472	-0.0782163167	-0.0774959379	-0.0767825008
-0.1242395002	-0.1242792993	-0.1243224385	-0.1243711597	-0.1244261749	-0.1244874924	-0.1245549983	-0.1246286415	-0.1247084260	-0.1247943804	-0.1248865344	-0.1249849194	-0.1250895656	-0.1252005057	-0.1253177758	-0.1254414128	-0.1255714573	-0.1257079438	-0.1258508978	-0.1260003489	-0.1261563935	-0.1263193246	-0.1264896819	-0.1266676995	-0.1268513415	-0.1270332555	-0.1272022408	-0.1273649507	-0.1276006609	-0.1280956327	-0.1290256317	-0.1303622758	-0.1319170655	-0.1335311331	-0.1351437042	-0.1367522114	-0.1383670792	-0.1399944656	-0.1416357076	-0.1432902620	-0.1449574179	-0.1466366974	-0.1483277749	-0.1500303616	-0.1517441479	-0.1534687962	-0.1552039505	-0.1569492366	-0.1587042685	-0.1604686437	-0.1622419369	-0.1640236997	-0.1658134603	-0.1676107294	-0.1694150004	-0.1712257547	-0.1730424594	-0.1748645622	-0.1766914843	-0.1785226221	-0.1803573525	-0.1821950340	-0.1840350077	-0.1858765986	-0.1877191051	-0.1895618056	-0.1914039648	-0.1932448237	-0.1950836035	-0.1969195129	-0.1987517350	-0.2005794280	-0.2024017368	-0.2042177898	-0.2060266890	-0.2078275209	-0.2096193644	-0.2114012792	-0.2131723002	-0.2149314522	-0.2166777494	-0.2184101810	-0.2201277178	-0.2218293291	-0.2235139849	-0.2251806383	-0.2268282222	-0.2284556608	-0.2300618742	-0.2316457674	-0.2332062330	-0.2347421619	-0.2362524568	-0.2377360297	-0.2391917841	-0.2406186106	-0.2420153948	-0.2433810297	-0.2447144209	-0.2460144841	-0.2472801448	-0.2485103394	-0.2497040238	-0.2508601571	-0.2519776996	-0.2530556219	-0.2540929103	-0.2550885923	-0.2560417371	-0.2569514388	-0.2578168128	-0.2586369802	-0.2594110647	-0.2601382194	-0.2608176513	-0.2614486237	-0.2620304398	-0.2625624342	-0.2630439653	-0.2634743971	-0.2638531394	-0.2641796705	-0.2644535257	-0.2646742933	-0.2648415902	-0.2649550592	-0.2650143787	-0.2650192815	-0.2649695719	-0.2648651146	-0.2647058120	-0.2644916067	-0.2642224869	-0.2638984820	-0.2635196875	-0.2630862572	-0.2625983877	-0.2620563204	-0.2614603514	-0.2608108292	-0.2601081439	-0.2593527405	-0.2585451079	-0.2576857731	-0.2567753137	-0.2558143681	-0.2548036212	-0.2537437910	-0.2526356277	-0.2514799194	-0.2502774917	-0.2490292173	-0.2477360223	-0.2463988752	-0.2450187629	-0.2435966913	-0.2421336857	-0.2406308013	-0.2390891326	-0.2375098152	-0.2358940110	-0.2342429068	-0.2325576840	-0.2308395328	-0.2290896515	-0.2273092544	-0.2254995870	-0.2236619163	-0.2217975198	-0.2199076703	-0.2179936372	-0.2160566902	-0.2140980949	-0.2121191131	-0.2101210044	-0.2081050349	-0.2060724757	-0.2040245895	-0.2019626221	-0.1998878032	-0.1978013486	-0.1957044581	-0.1935983186	-0.1914841087	-0.1893629904	-0.1872361025	-0.1851045627	-0.1829694730	-0.1808319147	-0.1786929486	-0.1765536180	-0.1744149414	-0.1722779072	-0.1701434788	-0.1680125938	-0.1658861657	-0.1637650866	-0.1616502244	-0.1595424202	-0.1574424899	-0.1553512219	-0.1532693791	-0.1511976970	-0.1491368855	-0.1470876290	-0.1450505853	-0.1430263854	-0.1410156357	-0.1390189153	-0.1370367767	-0.1350697425	-0.1331183115	-0.1311829619	-0.1292641538	-0.1273623217	-0.1254778719	-0.1236111781	-0.1217625896	-0.1199324592	-0.1181211978	-0.1163293078	-0.1145571762	-0.1128042684	-0.1110678331	-0.1093434653	-0.1076335141	-0.1059673535	-0.1044163394	-0.1030588027	-0.1018988387	-0.1008566319	-0.0998539123	-0.0988589313	-0.0978695123	-0.0968902350	-0.0959238926	-0.0949711081	-0.0940316148	-0.0931050439	-0.0921911271	-0.0912896730	-0.0904005145	-0.0895234842	-0.0886584111	-0.0878051232	-0.0869634476	-0.0861332138	-0.0853142525	-0.0845063950	-0.0837094719	-0.0829233129	-0.0821477509	-0.0813826409	-0.0806278983	-0.0798834967	-0.0791492827	-0.0784243873	-0.0777064213
-0.1259660512	-0.1260047571	-0.1260468461	-0.1260945782	-0.1261486718	-0.1262091332	-0.1262758491	-0.1263487658	-0.1264278874	-0.1265132412	-0.1266048576	-0.1267027665	-0.1268069984	-0.1269175849	-0.1270345607	-0.1271579636	-0.1272878344	-0.1274242106	-0.1275671250	-0.1277166025	-0.1278726883	-0.1280355442	-0.1282055783	-0.1283833428	-0.1285684788	-0.1287570659	-0.1289392035	-0.1291064468	-0.1292876326	-0.1296078106	-0.1302731566	-0.1313918771	-0.1328500334	-0.1344535490	-0.1360824739	-0.1377047871	-0.1393266434	-0.1409576646	-0.1426018903	-0.1442596193	-0.1459301071	-0.1476127056	-0.1493069969	-0.1510126683	-0.1527294137	-0.1544569001	-0.1561947702	-0.1579426452	-0.1597001341	-0.1614668285	-0.1632423023	-0.1650261072	-0.1668177704	-0.1686167991	-0.1704226806	-0.1722348886	-0.1740528845	-0.1758761124	-0.1777039968	-0.1795359364	-0.1813713058	-0.1832094618	-0.1850497439	-0.1868914729	-0.1887339504	-0.1905764537	-0.1924182380	-0.1942585459	-0.1960965980	-0.1979315950	-0.1997627253	-0.2015891537	-0.2034100197	-0.2052244502	-0.2070315560	-0.2088304230	-0.2106201218	-0.2123997160	-0.2141682513	-0.2159247502	-0.2176682244	-0.2193976772	-0.2211120908	-0.2228104271	-0.2244916429	-0.2261546952	-0.2277985274	-0.2294220655	-0.2310242307	-0.2326039463	-0.2341601296	-0.2356916825	-0.2371975001	-0.2386764832	-0.2401275382	-0.2415495647	-0.2429414541	-0.2443021018	-0.2456304235	-0.2469253551	-0.2481858438	-0.2494108391	-0.2505992906	-0.2517501502	-0.2528623730	-0.2539349414	-0.2549668681	-0.2559572004	-0.2569050151	-0.2578094090	-0.2586694906	-0.2594843789	-0.2602532073	-0.2609751495	-0.2616494353	-0.2622753395	-0.2628521688	-0.2633792585	-0.2638559594	-0.2642816409	-0.2646557245	-0.2649777015	-0.2652471214	-0.2654635708	-0.2656266660	-0.2657360571	-0.2657914243	-0.2657925070	-0.2657391173	-0.2656311218	-0.2654684261	-0.2652509744	-0.2649787559	-0.2646518010	-0.2642702087	-0.2638341342	-0.2633437768	-0.2627993807	-0.2622012345	-0.2615496907	-0.2608451386	-0.2600880189	-0.2592788260	-0.2584180838	-0.2575063688	-0.2565443103	-0.2555325859	-0.2544719174	-0.2533630534	-0.2522067804	-0.2510039208	-0.2497553409	-0.2484619601	-0.2471247410	-0.2457446667	-0.2443227382	-0.2428599777	-0.2413574302	-0.2398161853	-0.2382373710	-0.2366221444	-0.2349716769	-0.2332871440	-0.2315697351	-0.2298206473	-0.2280410888	-0.2262322939	-0.2243955048	-0.2225319950	-0.2206430433	-0.2187299178	-0.2167938815	-0.2148361889	-0.2128580943	-0.2108608548	-0.2088457261	-0.2068139624	-0.2047668160	-0.2027055345	-0.2006313495	-0.1985454714	-0.1964490987	-0.1943434195	-0.1922296049	-0.1901088029	-0.1879821412	-0.1858507322	-0.1837156723	-0.1815780450	-0.1794389186	-0.1772993349	-0.1751603063	-0.1730228167	-0.1708878269	-0.1687562726	-0.1666290698	-0.1645071107	-0.1623912589	-0.1602823544	-0.1581812107	-0.1560886154	-0.1540053321	-0.1519320996	-0.1498696305	-0.1478186109	-0.1457796992	-0.1437535278	-0.1417407044	-0.1397418082	-0.1377573902	-0.1357879756	-0.1338340679	-0.1318961521	-0.1299746900	-0.1280701165	-0.1261828322	-0.1243132121	-0.1224616177	-0.1206284481	-0.1188141958	-0.1170193712	-0.1152439475	-0.1134861229	-0.1117416678	-0.1100085698	-0.1083031610	-0.1066810975	-0.1052266710	-0.1039819785	-0.1028928979	-0.1018706322	-0.1008640122	-0.0998619115	-0.0988679453	-0.0978860013	-0.0969174723	-0.0959623335	-0.0950202147	-0.0940908106	-0.0931739122	-0.0922693539	-0.0913769777	-0.0904966199	-0.0896281143	-0.0887712944	-0.0879259935	-0.0870920468	-0.0862692910	-0.0854575621	-0.0846566967	-0.0838665287	-0.0830868959	-0.0823176574	-0.0815587322	-0.0808100971	-0.0800716026	-0.0793423896	-0.0786200908
-0.1276837050	-0.1277212341	-0.1277621895	-0.1278088468	-0.1278619301	-0.1279214462	-0.1279872804	-0.1280593771	-0.1281377389	-0.1282223935	-0.1283133717	-0.1284107003	-0.1285144111	-0.1286245355	-0.1287411063	-0.1288641612	-0.1289937395	-0.1291298811	-0.1292726253	-0.1294220006	-0.1295780332	-0.1297407994	-0.1299105499	-0.1300878005	-0.1302729527	-0.1304646131	-0.1306564911	-0.1308371558	-0.1310068317	-0.1312269695	-0.1316654695	-0.1325146072	-0.1337945543	-0.1353395525	-0.1369733332	-0.1386124961	-0.1402449276	-0.1418805792	-0.1435272574	-0.1451872697	-0.1468602760	-0.1485454842	-0.1502423215	-0.1519504107	-0.1536694370	-0.1553990751	-0.1571389675	-0.1588887343	-0.1606479771	-0.1624162818	-0.1641932194	-0.1659783422	-0.1677711779	-0.1695712315	-0.1713779883	-0.1731909152	-0.1750094653	-0.1768330787	-0.1786611793	-0.1804931690	-0.1823284254	-0.1841663032	-0.1860061399	-0.1878472520	-0.1896889398	-0.1915304817	-0.1933711324	-0.1952101275	-0.1970466893	-0.1988800182	-0.2007092978	-0.2025336978	-0.2043523647	-0.2061644203	-0.2079689739	-0.2097651213	-0.2115519345	-0.2133284690	-0.2150937740	-0.2168468842	-0.2185868118	-0.2203125571	-0.2220231121	-0.2237174526	-0.2253945310	-0.2270532908	-0.2286926766	-0.2303116299	-0.2319090832	-0.2334839612	-0.2350351891	-0.2365616908	-0.2380623788	-0.2395361490	-0.2409818927	-0.2423985064	-0.2437848971	-0.2451399808	-0.2464626837	-0.2477519442	-0.2490067153	-0.2502259609	-0.2514086426	-0.2525537151	-0.2536601377	-0.2547268958	-0.2557530175	-0.2567375618	-0.2576796197	-0.2585783010	-0.2594327066	-0.2602419561	-0.2610051914	-0.2617216015	-0.2623904307	-0.2630109644	-0.2635825240	-0.2641044403	-0.2645760615	-0.2649967745	-0.2653660148	-0.2656832801	-0.2659481233	-0.2661601319	-0.2663189231	-0.2664241492	-0.2664755006	-0.2664727289	-0.2664156455	-0.2663041170	-0.2661380559	-0.2659174088	-0.2656421633	-0.2653123569	-0.2649280907	-0.2644895185	-0.2639968393	-0.2634502993	-0.2628501904	-0.2621968584	-0.2614906976	-0.2607321449	-0.2599216882	-0.2590598536	-0.2581472145	-0.2571843978	-0.2561720820	-0.2551109858	-0.2540018545	-0.2528454708	-0.2516426528	-0.2503942572	-0.2491011934	-0.2477644169	-0.2463849099	-0.2449636725	-0.2435017226	-0.2420001053	-0.2404598976	-0.2388822044	-0.2372681750	-0.2356189754	-0.2339357861	-0.2322197881	-0.2304721741	-0.2286941458	-0.2268869210	-0.2250517355	-0.2231898546	-0.2213025479	-0.2193910797	-0.2174567052	-0.2155006757	-0.2135242428	-0.2115286532	-0.2095151494	-0.2074849738	-0.2054393731	-0.2033795900	-0.2013068516	-0.1992223704	-0.1971273456	-0.1950229559	-0.1929103591	-0.1907906939	-0.1886650838	-0.1865346364	-0.1844004467	-0.1822635996	-0.1801251603	-0.1779861643	-0.1758476206	-0.1737105111	-0.1715757943	-0.1694444077	-0.1673172661	-0.1651952581	-0.1630792467	-0.1609700691	-0.1588685362	-0.1567754365	-0.1546915333	-0.1526175667	-0.1505542519	-0.1485022748	-0.1464622957	-0.1444349483	-0.1424208402	-0.1404205493	-0.1384346270	-0.1364636022	-0.1345079853	-0.1325682652	-0.1306449025	-0.1287383290	-0.1268489430	-0.1249771244	-0.1231232679	-0.1212878481	-0.1194714222	-0.1176742925	-0.1158954712	-0.1141314623	-0.1123782106	-0.1106426990	-0.1089646734	-0.1074230443	-0.1060859706	-0.1049363248	-0.1038871281	-0.1028679640	-0.1018544367	-0.1008469216	-0.0998500636	-0.0988662390	-0.0978958361	-0.0969385445	-0.0959940236	-0.0950620386	-0.0941424217	-0.0932350207	-0.0923396825	-0.0914562475	-0.0905845556	-0.0897244458	-0.0888757582	-0.0880383335	-0.0872120134	-0.0863966398	-0.0855920546	-0.0847980961	-0.0840146069	-0.0832414512	-0.0824785501	-0.0817258844	-0.0809833092	-0.0802499742	-0.0795235356
-0.1293923706	-0.1294286394	-0.1294683761	-0.1295138713	-0.1295658570	-0.1296243375	-0.1296891969	-0.1297603767	-0.1298378822	-0.1299217389	-0.1300119746	-0.1301086191	-0.1302117019	-0.1303212540	-0.1304373080	-0.1305598991	-0.1306890670	-0.1308248517	-0.1309672939	-0.1311164296	-0.1312722832	-0.1314348924	-0.1316043845	-0.1317811132	-0.1319656499	-0.1321580005	-0.1323552619	-0.1325486723	-0.1327277464	-0.1329090919	-0.1331932529	-0.1337751754	-0.1348029932	-0.1362152142	-0.1378203607	-0.1394723296	-0.1411196189	-0.1427627041	-0.1444121631	-0.1460737043	-0.1477483413	-0.1494353915	-0.1511340946	-0.1528439464	-0.1545645939	-0.1562957095	-0.1580369428	-0.1597879130	-0.1615482168	-0.1633174360	-0.1650951369	-0.1668808688	-0.1686741619	-0.1704745211	-0.1722814306	-0.1740943531	-0.1759127355	-0.1777360117	-0.1795636024	-0.1813949097	-0.1832293166	-0.1850661796	-0.1869048315	-0.1887445880	-0.1905847443	-0.1924245781	-0.1942633484	-0.1961002890	-0.1979346174	-0.1997655371	-0.2015922311	-0.2034138641	-0.2052295882	-0.2070385329	-0.2088398044	-0.2106324973	-0.2124156925	-0.2141884494	-0.2159498107	-0.2176988137	-0.2194344829	-0.2211558227	-0.2228618198	-0.2245514558	-0.2262236971	-0.2278774890	-0.2295117683	-0.2311254784	-0.2327175667	-0.2342869717	-0.2358326204	-0.2373534391	-0.2388483528	-0.2403162749	-0.2417561017	-0.2431667245	-0.2445470494	-0.2458960064	-0.2472125414	-0.2484956062	-0.2497441561	-0.2509571518	-0.2521335557	-0.2532723337	-0.2543724661	-0.2554329606	-0.2564528561	-0.2574312135	-0.2583671250	-0.2592597001	-0.2601080508	-0.2609113006	-0.2616686092	-0.2623791829	-0.2630422748	-0.2636571779	-0.2642232131	-0.2647397134	-0.2652060339	-0.2656215725	-0.2659857791	-0.2662981631	-0.2665582776	-0.2667657172	-0.2669201065	-0.2670210928	-0.2670683739	-0.2670617152	-0.2670009306	-0.2668858859	-0.2667164949	-0.2664927077	-0.2662145127	-0.2658819535	-0.2654951324	-0.2650542030	-0.2645593674	-0.2640108705	-0.2634090065	-0.2627541143	-0.2620465913	-0.2612868788	-0.2604754562	-0.2596128519	-0.2586996327	-0.2577364196	-0.2567238937	-0.2556627676	-0.2545537869	-0.2533977244	-0.2521953923	-0.2509476454	-0.2496553845	-0.2483195560	-0.2469411411	-0.2455211354	-0.2440605527	-0.2425604307	-0.2410218300	-0.2394458462	-0.2378336186	-0.2361863138	-0.2345051053	-0.2327911684	-0.2310456859	-0.2292698572	-0.2274648920	-0.2256320191	-0.2237724827	-0.2218875405	-0.2199784526	-0.2180464741	-0.2160928528	-0.2141188294	-0.2121256402	-0.2101145227	-0.2080867130	-0.2060434445	-0.2039859494	-0.2019154551	-0.1998331759	-0.1977403009	-0.1956379961	-0.1935274123	-0.1914096841	-0.1892859309	-0.1871572593	-0.1850247656	-0.1828895262	-0.1807525952	-0.1786150049	-0.1764777621	-0.1743418482	-0.1722082223	-0.1700778213	-0.1679515553	-0.1658303108	-0.1637149491	-0.1616063046	-0.1595051883	-0.1574123887	-0.1553286683	-0.1532547673	-0.1511914002	-0.1491392544	-0.1470989917	-0.1450712469	-0.1430566244	-0.1410557031	-0.1390690367	-0.1370971598	-0.1351405874	-0.1331998079	-0.1312752806	-0.1293674317	-0.1274766623	-0.1256033711	-0.1237480175	-0.1219111640	-0.1200933033	-0.1182940722	-0.1165108977	-0.1147392037	-0.1129798884	-0.1112585236	-0.1096422508	-0.1082131333	-0.1069905333	-0.1059042967	-0.1048697786	-0.1038456796	-0.1028259169	-0.1018150035	-0.1008164147	-0.0998311627	-0.0988590947	-0.0978998499	-0.0969531625	-0.0960188526	-0.0950967748	-0.0941867851	-0.0932887325	-0.0924024644	-0.0915278264	-0.0906646632	-0.0898128215	-0.0889721479	-0.0881424892	-0.0873236931	-0.0865156059	-0.0857180709	-0.0849309359	-0.0841540698	-0.0833873962	-0.0826308995	-0.0818844391	-0.0811471744	-0.0804167861
-0.1310919601	-0.1311268842	-0.1311653156	-0.1312095624	-0.1312603608	-0.1313177143	-0.1313815037	-0.1314516720	-0.1315282221	-0.1316111788	-0.1317005701	-0.1317964256	-0.1318987726	-0.1320076416	-0.1321230647	-0.1322450766	-0.1323737138	-0.1325090174	-0.1326510271	-0.1327997828	-0.1329553170	-0.1331176573	-0.1332868597	-0.1334631218	-0.1336469088	-0.1338387574	-0.1340379721	-0.1342396730	-0.1344329512	-0.1346119645	-0.1348175922	-0.1351911497	-0.1359354514	-0.1371288321	-0.1386411496	-0.1402841922	-0.1419471767	-0.1436022813	-0.1452565274	-0.1469194307	-0.1485948227	-0.1502828535	-0.1519826962	-0.1536936541	-0.1554152765	-0.1571472126	-0.1588891165	-0.1606406126	-0.1624012977	-0.1641707481	-0.1659485256	-0.1677341754	-0.1695272276	-0.1713271884	-0.1731335419	-0.1749457500	-0.1767632562	-0.1785854881	-0.1804118606	-0.1822417753	-0.1840746151	-0.1859097403	-0.1877464840	-0.1895841591	-0.1914220595	-0.1932594608	-0.1950956209	-0.1969297797	-0.1987611527	-0.2005889403	-0.2024123275	-0.2042304794	-0.2060425435	-0.2078476560	-0.2096449320	-0.2114334637	-0.2132123304	-0.2149806017	-0.2167373258	-0.2184815345	-0.2202122533	-0.2219284985	-0.2236292633	-0.2253135239	-0.2269802484	-0.2286283986	-0.2302569241	-0.2318647656	-0.2334508659	-0.2350141736	-0.2365536322	-0.2380681732	-0.2395567182	-0.2410181843	-0.2424514859	-0.2438555348	-0.2452292475	-0.2465715539	-0.2478814011	-0.2491577514	-0.2503995746	-0.2516058358	-0.2527754958	-0.2539075227	-0.2550009123	-0.2560546960	-0.2570679313	-0.2580396964	-0.2589690843	-0.2598551966	-0.2606971476	-0.2614940664	-0.2622451303	-0.2629495648	-0.2636066355	-0.2642156468	-0.2647759163	-0.2652867813	-0.2657476056	-0.2661577885	-0.2665167954	-0.2668241481	-0.2670794062	-0.2672821655	-0.2674320571	-0.2675287331	-0.2675718968	-0.2675613175	-0.2674968177	-0.2673782708	-0.2672055864	-0.2669787144	-0.2666976493	-0.2663624406	-0.2659731884	-0.2655300444	-0.2650332161	-0.2644829499	-0.2638795360	-0.2632233162	-0.2625146838	-0.2617540784	-0.2609419797	-0.2600789125	-0.2591654437	-0.2582021876	-0.2571898141	-0.2561290365	-0.2550206005	-0.2538652727	-0.2526638637	-0.2514172236	-0.2501262414	-0.2487918554	-0.2474150381	-0.2459967779	-0.2445380854	-0.2430399967	-0.2415035610	-0.2399298708	-0.2383200471	-0.2366752437	-0.2349966284	-0.2332853778	-0.2315426719	-0.2297697032	-0.2279676713	-0.2261377873	-0.2242812799	-0.2223993984	-0.2204933997	-0.2185645323	-0.2166140355	-0.2146431434	-0.2126530901	-0.2106451055	-0.2086204145	-0.2065802399	-0.2045258072	-0.2024583379	-0.2003790350	-0.1982890781	-0.1961896296	-0.1940818344	-0.1919668239	-0.1898457173	-0.1877196218	-0.1855896248	-0.1834567913	-0.1813221674	-0.1791867801	-0.1770516348	-0.1749177148	-0.1727859784	-0.1706573583	-0.1685327625	-0.1664130737	-0.1642991501	-0.1621918265	-0.1600919142	-0.1580001998	-0.1559174460	-0.1538443913	-0.1517817488	-0.1497302065	-0.1476904271	-0.1456630437	-0.1436486600	-0.1416478565	-0.1396611926	-0.1376892076	-0.1357324166	-0.1337913062	-0.1318663314	-0.1299579156	-0.1280664727	-0.1261924506	-0.1243364013	-0.1224989120	-0.1206800554	-0.1188781230	-0.1170888772	-0.1153098431	-0.1135556085	-0.1118785892	-0.1103623901	-0.1090580655	-0.1079236126	-0.1068688865	-0.1058343069	-0.1048036378	-0.1037796992	-0.1027669792	-0.1017673361	-0.1007809099	-0.0998073574	-0.0988463740	-0.0978977641	-0.0969613829	-0.0960370956	-0.0951247620	-0.0942242368	-0.0933353731	-0.0924580225	-0.0915920366	-0.0907372682	-0.0898935692	-0.0890607921	-0.0882387905	-0.0874274143	-0.0866265131	-0.0858359389	-0.0850555647	-0.0842853183	-0.0835251868	-0.0827750328	-0.0820340271	-0.0812998768
-0.1327823873	-0.1328158810	-0.1328529214	-0.1328958325	-0.1329453524	-0.1330014867	-0.1330641115	-0.1331331719	-0.1332086673	-0.1332906222	-0.1333790665	-0.1334740264	-0.1335755288	-0.1336836031	-0.1337982808	-0.1339195944	-0.1340475791	-0.1341822742	-0.1343237200	-0.1344719587	-0.1346270302	-0.1347889640	-0.1349577912	-0.1351336055	-0.1353166947	-0.1355076183	-0.1357067099	-0.1359121359	-0.1361166308	-0.1363084390	-0.1364922821	-0.1367417534	-0.1372328397	-0.1381432801	-0.1394740418	-0.1410578735	-0.1427251228	-0.1443960590	-0.1460592423	-0.1477246947	-0.1494003057	-0.1510883947	-0.1527885613	-0.1544999371	-0.1562218932	-0.1579540101	-0.1596959321	-0.1614472916	-0.1632076902	-0.1649767014	-0.1667538822	-0.1685387746	-0.1703309039	-0.1721297789	-0.1739348842	-0.1757456826	-0.1775616169	-0.1793821107	-0.1812065738	-0.1830344028	-0.1848649782	-0.1866976605	-0.1885317876	-0.1903666733	-0.1922016097	-0.1940358713	-0.1958687156	-0.1976993826	-0.1995270935	-0.2013510464	-0.2031704237	-0.2049843938	-0.2067921055	-0.2085926922	-0.2103852745	-0.2121689539	-0.2139428106	-0.2157059120	-0.2174573156	-0.2191960600	-0.2209211679	-0.2226316532	-0.2243265197	-0.2260047523	-0.2276653186	-0.2293071849	-0.2309293151	-0.2325306658	-0.2341101810	-0.2356668029	-0.2371994789	-0.2387071538	-0.2401887575	-0.2416432070	-0.2430694208	-0.2444663301	-0.2458328775	-0.2471680088	-0.2484706731	-0.2497398285	-0.2509744432	-0.2521734891	-0.2533359387	-0.2544607759	-0.2555470111	-0.2565936856	-0.2575998666	-0.2585646433	-0.2594871196	-0.2603664044	-0.2612016134	-0.2619918895	-0.2627364218	-0.2634344487	-0.2640852437	-0.2646881104	-0.2652423754	-0.2657473855	-0.2662025094	-0.2666071605	-0.2669608174	-0.2672630112	-0.2675133042	-0.2677112943	-0.2678566133	-0.2679489209	-0.2679879281	-0.2679734102	-0.2679051973	-0.2677831640	-0.2676072262	-0.2673773309	-0.2670934755	-0.2667557169	-0.2663641557	-0.2659189432	-0.2654202857	-0.2648684312	-0.2642636687	-0.2636063400	-0.2628968368	-0.2621355986	-0.2613231005	-0.2604598620	-0.2595464512	-0.2585834854	-0.2575716246	-0.2565115753	-0.2554040738	-0.2542498929	-0.2530498357	-0.2518047406	-0.2505154878	-0.2491830058	-0.2478082652	-0.2463922512	-0.2449359687	-0.2434404441	-0.2419067248	-0.2403358864	-0.2387290363	-0.2370873209	-0.2354119056	-0.2337039622	-0.2319646636	-0.2301951887	-0.2283967273	-0.2265704829	-0.2247176736	-0.2228395335	-0.2209373069	-0.2190122370	-0.2170655613	-0.2150985108	-0.2131123104	-0.2111081805	-0.2090873391	-0.2070510035	-0.2050003851	-0.2029366880	-0.2008611048	-0.1987748130	-0.1966789718	-0.1945747224	-0.1924631964	-0.1903455118	-0.1882227671	-0.1860960384	-0.1839663842	-0.1818348432	-0.1797024364	-0.1775701684	-0.1754390215	-0.1733099511	-0.1711838874	-0.1690617346	-0.1669443724	-0.1648326576	-0.1627274249	-0.1606294842	-0.1585396213	-0.1564585982	-0.1543871510	-0.1523259920	-0.1502758084	-0.1482372601	-0.1462109783	-0.1441975700	-0.1421976190	-0.1402116898	-0.1382403240	-0.1362840341	-0.1343433019	-0.1324185783	-0.1305102926	-0.1286188936	-0.1267449174	-0.1248889936	-0.1230514833	-0.1212313986	-0.1194251727	-0.1176286824	-0.1158487255	-0.1141239917	-0.1125317972	-0.1111426440	-0.1099480488	-0.1088654899	-0.1078190649	-0.1067786678	-0.1057429416	-0.1047168768	-0.1037033672	-0.1027030268	-0.1017155991	-0.1007407499	-0.0997782562	-0.0988279697	-0.0978897645	-0.0969635104	-0.0960490714	-0.0951463082	-0.0942550796	-0.0933752442	-0.0925066608	-0.0916491871	-0.0908026808	-0.0899670008	-0.0891420048	-0.0883275485	-0.0875234869	-0.0867296754	-0.0859459915	-0.0851723680	-0.0844087933	-0.0836551344	-0.0829105740	-0.0821728443
-0.1344635702	-0.1344955467	-0.1345311098	-0.1345725960	-0.1346207475	-0.1346755683	-0.1347369344	-0.1348047887	-0.1348791306	-0.1349599831	-0.1350473748	-0.1351413307	-0.1352418788	-0.1353490446	-0.1354628592	-0.1355833539	-0.1357105623	-0.1358445218	-0.1359852737	-0.1361328606	-0.1362873277	-0.1364487099	-0.1366170368	-0.1367923508	-0.1369747969	-0.1371647635	-0.1373628423	-0.1375689208	-0.1377796086	-0.1379853651	-0.1381763593	-0.1383746619	-0.1386888514	-0.1393118240	-0.1403786279	-0.1418230224	-0.1434581941	-0.1451405221	-0.1468175372	-0.1484888833	-0.1501652409	-0.1518526407	-0.1535522167	-0.1552632425	-0.1569848734	-0.1587165431	-0.1604578512	-0.1622084296	-0.1639678872	-0.1657358021	-0.1675117275	-0.1692952002	-0.1710857426	-0.1728828614	-0.1746860432	-0.1764947530	-0.1783084346	-0.1801265106	-0.1819483866	-0.1837734523	-0.1856010829	-0.1874306384	-0.1892614597	-0.1910928647	-0.1929241465	-0.1947545792	-0.1965834209	-0.1984099095	-0.2002332681	-0.2020526992	-0.2038673852	-0.2056764921	-0.2074791735	-0.2092745641	-0.2110617825	-0.2128399359	-0.2146081154	-0.2163653896	-0.2181108147	-0.2198434369	-0.2215622879	-0.2232663778	-0.2249547075	-0.2266262719	-0.2282800550	-0.2299150287	-0.2315301576	-0.2331244080	-0.2346967401	-0.2362461035	-0.2377714393	-0.2392716876	-0.2407457867	-0.2421926700	-0.2436112699	-0.2450005268	-0.2463593923	-0.2476868291	-0.2489818052	-0.2502432876	-0.2514702400	-0.2526616274	-0.2538164276	-0.2549336454	-0.2560123142	-0.2570514912	-0.2580502523	-0.2590076890	-0.2599229057	-0.2607950157	-0.2616231475	-0.2624064644	-0.2631441738	-0.2638355239	-0.2644797966	-0.2650762979	-0.2656243545	-0.2661233146	-0.2665725574	-0.2669715169	-0.2673196815	-0.2676165850	-0.2678618008	-0.2680549292	-0.2681956009	-0.2682834844	-0.2683183013	-0.2682998352	-0.2682279183	-0.2681024265	-0.2679232781	-0.2676904252	-0.2674038667	-0.2670636566	-0.2666699028	-0.2662227626	-0.2657224374	-0.2651691738	-0.2645632595	-0.2639050378	-0.2631949020	-0.2624332849	-0.2616206623	-0.2607575515	-0.2598445146	-0.2588821633	-0.2578711571	-0.2568121937	-0.2557060043	-0.2545533612	-0.2533550562	-0.2521119233	-0.2508248416	-0.2494947262	-0.2481225368	-0.2467092583	-0.2452558882	-0.2437634399	-0.2422329597	-0.2406655139	-0.2390622025	-0.2374241567	-0.2357525317	-0.2340484891	-0.2323131939	-0.2305478195	-0.2287535508	-0.2269315816	-0.2250831148	-0.2232093675	-0.2213115742	-0.2193909759	-0.2174488051	-0.2154862840	-0.2135046291	-0.2115050570	-0.2094887796	-0.2074569996	-0.2054109109	-0.2033517042	-0.2012805646	-0.1991986658	-0.1971071647	-0.1950072051	-0.1928999148	-0.1907864016	-0.1886677539	-0.1865450419	-0.1844193169	-0.1822916118	-0.1801629445	-0.1780343143	-0.1759066985	-0.1737810502	-0.1716582966	-0.1695393384	-0.1674250550	-0.1653163015	-0.1632139100	-0.1611186905	-0.1590314266	-0.1569528782	-0.1548837810	-0.1528248447	-0.1507767538	-0.1487401651	-0.1467157097	-0.1447039985	-0.1427056207	-0.1407211430	-0.1387511051	-0.1367960160	-0.1348563517	-0.1329325635	-0.1310251050	-0.1291344985	-0.1272613835	-0.1254063045	-0.1235688535	-0.1217462799	-0.1199339257	-0.1181331640	-0.1163704853	-0.1147129841	-0.1132420770	-0.1119799827	-0.1108609420	-0.1097994273	-0.1087497523	-0.1077034723	-0.1066649925	-0.1056382315	-0.1046244637	-0.1036236190	-0.1026353540	-0.1016594157	-0.1006956469	-0.0997439264	-0.0988041357	-0.0978761489	-0.0969598355	-0.0960550619	-0.0951616937	-0.0942795960	-0.0934086338	-0.0925486704	-0.0916995705	-0.0908611974	-0.0900334135	-0.0892160814	-0.0884090594	-0.0876122083	-0.0868254099	-0.0860486002	-0.0852817704	-0.0845247920	-0.0837768590	-0.0830357297
-0.1361354304	-0.1361658037	-0.1361997997	-0.1362397718	-0.1362864632	-0.1363398768	-0.1363998899	-0.1364664399	-0.1365395275	-0.1366191752	-0.1367054080	-0.1367982521	-0.1368977320	-0.1370038738	-0.1371167050	-0.1372362575	-0.1373625655	-0.1374956641	-0.1376355943	-0.1377823979	-0.1379361210	-0.1380968060	-0.1382644873	-0.1384391917	-0.1386209828	-0.1388100713	-0.1390069466	-0.1392121504	-0.1394248643	-0.1396397937	-0.1398456273	-0.1400377373	-0.1402607459	-0.1406574469	-0.1414243607	-0.1426358137	-0.1441677809	-0.1458360463	-0.1475271787	-0.1492097295	-0.1508894579	-0.1525762124	-0.1542743215	-0.1559841044	-0.1577046835	-0.1594352720	-0.1611753502	-0.1629245226	-0.1646824035	-0.1664485783	-0.1682226024	-0.1700040092	-0.1717923161	-0.1735870267	-0.1753876281	-0.1771935885	-0.1790043528	-0.1808193452	-0.1826379680	-0.1844596058	-0.1862836288	-0.1881093937	-0.1899362420	-0.1917634936	-0.1935904484	-0.1954163817	-0.1972405496	-0.1990621925	-0.2008805310	-0.2026947709	-0.2045041002	-0.2063076853	-0.2081046779	-0.2098942168	-0.2116754244	-0.2134474072	-0.2152092604	-0.2169600640	-0.2186988781	-0.2204247482	-0.2221367077	-0.2238337770	-0.2255149604	-0.2271792513	-0.2288256443	-0.2304531270	-0.2320606747	-0.2336472529	-0.2352118268	-0.2367533590	-0.2382708008	-0.2397630894	-0.2412291582	-0.2426679498	-0.2440784193	-0.2454595265	-0.2468102323	-0.2481295033	-0.2494163142	-0.2506696447	-0.2518884700	-0.2530717615	-0.2542185047	-0.2553277140	-0.2563984339	-0.2574297351	-0.2584207078	-0.2593704540	-0.2602780823	-0.2611427075	-0.2619634669	-0.2627395396	-0.2634701495	-0.2641545592	-0.2647920594	-0.2653819637	-0.2659236035	-0.2664163286	-0.2668595304	-0.2672526563	-0.2675952019	-0.2678867048	-0.2681267473	-0.2683149353	-0.2684508982	-0.2685343145	-0.2685649170	-0.2685424930	-0.2684668812	-0.2683379597	-0.2681556464	-0.2679199008	-0.2676307251	-0.2672881703	-0.2668923449	-0.2664434155	-0.2659415805	-0.2653870812	-0.2647802136	-0.2641213174	-0.2634107776	-0.2626490284	-0.2618365454	-0.2609738415	-0.2600614790	-0.2591000570	-0.2580902278	-0.2570326900	-0.2559281771	-0.2547774494	-0.2535812977	-0.2523405476	-0.2510560673	-0.2497287643	-0.2483595858	-0.2469495100	-0.2454995317	-0.2440106643	-0.2424839432	-0.2409204271	-0.2393212001	-0.2376873757	-0.2360200969	-0.2343205212	-0.2325898110	-0.2308291326	-0.2290396590	-0.2272225721	-0.2253790654	-0.2235103468	-0.2216176377	-0.2197021667	-0.2177651589	-0.2158078330	-0.2138314019	-0.2118370716	-0.2098260400	-0.2077994965	-0.2057586261	-0.2037046074	-0.2016386157	-0.1995618213	-0.1974753823	-0.1953804383	-0.1932781071	-0.1911694872	-0.1890556603	-0.1869376903	-0.1848166225	-0.1826934877	-0.1805692974	-0.1784450425	-0.1763216945	-0.1742002030	-0.1720814922	-0.1699664625	-0.1678559908	-0.1657509309	-0.1636521129	-0.1615603443	-0.1594764066	-0.1574010587	-0.1553350335	-0.1532790384	-0.1512337535	-0.1491998344	-0.1471779148	-0.1451686090	-0.1431725092	-0.1411901817	-0.1392221618	-0.1372689527	-0.1353310288	-0.1334088550	-0.1315029460	-0.1296139318	-0.1277424580	-0.1258885347	-0.1240502051	-0.1222230376	-0.1204051825	-0.1186132473	-0.1169017429	-0.1153537542	-0.1140184764	-0.1128552445	-0.1117748248	-0.1107158121	-0.1096601304	-0.1086102287	-0.1075708941	-0.1065442239	-0.1055304434	-0.1045292363	-0.1035403165	-0.1025635109	-0.1015987028	-0.1006457830	-0.0997046376	-0.0987751448	-0.0978571802	-0.0969506173	-0.0960553285	-0.0951711849	-0.0942980571	-0.0934358152	-0.0925843288	-0.0917434668	-0.0909130976	-0.0900930884	-0.0892833019	-0.0884836045	-0.0876938820	-0.0869140733	-0.0861441732	-0.0853840567	-0.0846329296	-0.0838885779
-0.1377978901	-0.1378265725	-0.1378589151	-0.1378972826	-0.1379424221	-0.1379943356	-0.1380528970	-0.1381180453	-0.1381897771	-0.1382681148	-0.1383530820	-0.1384447028	-0.1385429996	-0.1386479988	-0.1387597274	-0.1388782162	-0.1390034994	-0.1391356114	-0.1392745927	-0.1394204834	-0.1395733278	-0.1397331717	-0.1399000546	-0.1400740086	-0.1402550641	-0.1404433154	-0.1406390586	-0.1408428702	-0.1410551022	-0.1412738591	-0.1414916304	-0.1416965131	-0.1418938087	-0.1421570805	-0.1426576736	-0.1435690550	-0.1449005159	-0.1464958735	-0.1481857230	-0.1498831288	-0.1515713631	-0.1532593178	-0.1549556012	-0.1566631898	-0.1583818642	-0.1601106859	-0.1618489234	-0.1635960858	-0.1653517740	-0.1671155815	-0.1688870714	-0.1706657788	-0.1724512164	-0.1742428845	-0.1760402683	-0.1778428366	-0.1796500368	-0.1814612933	-0.1832760099	-0.1850935686	-0.1869133370	-0.1887346664	-0.1905568949	-0.1923793441	-0.1942013179	-0.1960220976	-0.1978409402	-0.1996570863	-0.2014697578	-0.2032781608	-0.2050814855	-0.2068789048	-0.2086695716	-0.2104526247	-0.2122271905	-0.2139923796	-0.2157472871	-0.2174909975	-0.2192225813	-0.2209410893	-0.2226455524	-0.2243349947	-0.2260084327	-0.2276648689	-0.2293032997	-0.2309227180	-0.2325221131	-0.2341004641	-0.2356567386	-0.2371898981	-0.2386989006	-0.2401826950	-0.2416402253	-0.2430704395	-0.2444722978	-0.2458447728	-0.2471868457	-0.2484974963	-0.2497757036	-0.2510204467	-0.2522307048	-0.2534054664	-0.2545437393	-0.2556445555	-0.2567069693	-0.2577300539	-0.2587129025	-0.2596546244	-0.2605543363	-0.2614111644	-0.2622242632	-0.2629928287	-0.2637160969	-0.2643933360	-0.2650238432	-0.2656069375	-0.2661419561	-0.2666282606	-0.2670652552	-0.2674523980	-0.2677891957	-0.2680751940	-0.2683099747	-0.2684931514	-0.2686243594	-0.2687032801	-0.2687296538	-0.2687032739	-0.2686239833	-0.2684916652	-0.2683062413	-0.2680676721	-0.2677759609	-0.2674311644	-0.2670333940	-0.2665828130	-0.2660796216	-0.2655240627	-0.2649164308	-0.2642570612	-0.2635463383	-0.2627846952	-0.2619726061	-0.2611105835	-0.2601991804	-0.2592389959	-0.2582306747	-0.2571749094	-0.2560724300	-0.2549239896	-0.2537303762	-0.2524924078	-0.2512109399	-0.2498868736	-0.2485211513	-0.2471147440	-0.2456686396	-0.2441838441	-0.2426613820	-0.2411022992	-0.2395076682	-0.2378785919	-0.2362162029	-0.2345216505	-0.2327960891	-0.2310406749	-0.2292565733	-0.2274449607	-0.2256070222	-0.2237439511	-0.2218569508	-0.2199472382	-0.2180160347	-0.2160645546	-0.2140939994	-0.2121055609	-0.2101004270	-0.2080797803	-0.2060447952	-0.2039966409	-0.2019364859	-0.1998654947	-0.1977848192	-0.1956955887	-0.1935989135	-0.1914958868	-0.1893875819	-0.1872750576	-0.1851593577	-0.1830415057	-0.1809225049	-0.1788033398	-0.1766849749	-0.1745683543	-0.1724544004	-0.1703440135	-0.1682380673	-0.1661374143	-0.1640428819	-0.1619552741	-0.1598753712	-0.1578039293	-0.1557416780	-0.1536893211	-0.1516475368	-0.1496169808	-0.1475982907	-0.1455920829	-0.1435989484	-0.1416194501	-0.1396541172	-0.1377034483	-0.1357679258	-0.1338480633	-0.1319444814	-0.1300578753	-0.1281885426	-0.1263351792	-0.1244938594	-0.1226610166	-0.1208461342	-0.1190918727	-0.1174765265	-0.1160666489	-0.1148500590	-0.1137448027	-0.1126755170	-0.1116115684	-0.1105514302	-0.1095003162	-0.1084613112	-0.1074350975	-0.1064214390	-0.1054200214	-0.1044306487	-0.1034532025	-0.1024875843	-0.1015336910	-0.1005914128	-0.0996606336	-0.0987412352	-0.0978330978	-0.0969361007	-0.0960501210	-0.0951750355	-0.0943107203	-0.0934570497	-0.0926138988	-0.0917811416	-0.0909586487	-0.0901462898	-0.0893439345	-0.0885514737	-0.0877688499	-0.0869960599	-0.0862329831	-0.0854788367	-0.0847314359
-0.1394508763	-0.1394777795	-0.1395083815	-0.1395450538	-0.1395885490	-0.1396388674	-0.1396958810	-0.1397595268	-0.1398297996	-0.1399067202	-0.1399903116	-0.1400805950	-0.1401775938	-0.1402813328	-0.1403918404	-0.1405091457	-0.1406332816	-0.1407642828	-0.1409021873	-0.1410470349	-0.1411988667	-0.1413577281	-0.1415236644	-0.1416967133	-0.1418769028	-0.1420642731	-0.1422589641	-0.1424613643	-0.1426720880	-0.1428910918	-0.1431150544	-0.1433343947	-0.1435390185	-0.1437495026	-0.1440686041	-0.1446810473	-0.1457262843	-0.1471577630	-0.1488008915	-0.1505053393	-0.1522073159	-0.1539009233	-0.1555965115	-0.1573012775	-0.1590170842	-0.1607433372	-0.1624790852	-0.1642236454	-0.1659765475	-0.1677373822	-0.1695057221	-0.1712811092	-0.1730630582	-0.1748510649	-0.1766446108	-0.1784431625	-0.1802461688	-0.1820530557	-0.1838632291	-0.1856760733	-0.1874909526	-0.1893072163	-0.1911241974	-0.1929412170	-0.1947575790	-0.1965725704	-0.1983854544	-0.2001954718	-0.2020018466	-0.2038037869	-0.2056004824	-0.2073911105	-0.2091748306	-0.2109507851	-0.2127180988	-0.2144758870	-0.2162232501	-0.2179592739	-0.2196830303	-0.2213935781	-0.2230899593	-0.2247711985	-0.2264363162	-0.2280843288	-0.2297142436	-0.2313250559	-0.2329157572	-0.2344853376	-0.2360327788	-0.2375570488	-0.2390571019	-0.2405318923	-0.2419803816	-0.2434015368	-0.2447943278	-0.2461577294	-0.2474907262	-0.2487923116	-0.2500614795	-0.2512972163	-0.2524985064	-0.2536643480	-0.2547937654	-0.2558858093	-0.2569395510	-0.2579540758	-0.2589284820	-0.2598618786	-0.2607533824	-0.2616021293	-0.2624072935	-0.2631680907	-0.2638837707	-0.2645536121	-0.2651769189	-0.2657530142	-0.2662812385	-0.2667609619	-0.2671916025	-0.2675726308	-0.2679035630	-0.2681839531	-0.2684133877	-0.2685914809	-0.2687178771	-0.2687922659	-0.2688143946	-0.2687840616	-0.2687011124	-0.2685654362	-0.2683769544	-0.2681356300	-0.2678414706	-0.2674945363	-0.2670949437	-0.2666428494	-0.2661384563	-0.2655820106	-0.2649738003	-0.2643141620	-0.2636034806	-0.2628421830	-0.2620307429	-0.2611696723	-0.2602595150	-0.2593008667	-0.2582943697	-0.2572407081	-0.2561406033	-0.2549948073	-0.2538041023	-0.2525693023	-0.2512912566	-0.2499708547	-0.2486090275	-0.2472067360	-0.2457649591	-0.2442846942	-0.2427669593	-0.2412127942	-0.2396232613	-0.2379994488	-0.2363424744	-0.2346534762	-0.2329336026	-0.2311840068	-0.2294058472	-0.2276002884	-0.2257685021	-0.2239116683	-0.2220309799	-0.2201276422	-0.2182028653	-0.2162578505	-0.2142937899	-0.2123118688	-0.2103132664	-0.2082991557	-0.2062707036	-0.2042290756	-0.2021754308	-0.2001109181	-0.1980366778	-0.1959538336	-0.1938634901	-0.1917667330	-0.1896646318	-0.1875582407	-0.1854485965	-0.1833367154	-0.1812235941	-0.1791102103	-0.1769975215	-0.1748864668	-0.1727779654	-0.1706729152	-0.1685721893	-0.1664766364	-0.1643870818	-0.1623043259	-0.1602291462	-0.1581622952	-0.1561044990	-0.1540564578	-0.1520188504	-0.1499923360	-0.1479775536	-0.1459751176	-0.1439856159	-0.1420096040	-0.1400476057	-0.1381001226	-0.1361676739	-0.1342508710	-0.1323504374	-0.1304668757	-0.1285994232	-0.1267447598	-0.1248984308	-0.1230646364	-0.1212756433	-0.1196024319	-0.1181216865	-0.1168471379	-0.1157104459	-0.1146282525	-0.1135565300	-0.1124873544	-0.1114253953	-0.1103747086	-0.1093365986	-0.1083109991	-0.1072975864	-0.1062961371	-0.1053065257	-0.1043286616	-0.1033624543	-0.1024078051	-0.1014646079	-0.1005327541	-0.0996121324	-0.0987026291	-0.0978041300	-0.0969165186	-0.0960396776	-0.0951734880	-0.0943178309	-0.0934725860	-0.0926376321	-0.0918128453	-0.0909981006	-0.0901932724	-0.0893982553	-0.0886129951	-0.0878374915	-0.0870716286	-0.0863146348	-0.0855643543
-0.1410943183	-0.1411193556	-0.1411481261	-0.1411830137	-0.1412247713	-0.1412733993	-0.1413287668	-0.1413908061	-0.1414595149	-0.1415349093	-0.1416170121	-0.1417058461	-0.1418014324	-0.1419037963	-0.1420129649	-0.1421289672	-0.1422518350	-0.1423816009	-0.1425183015	-0.1426619749	-0.1428126606	-0.1429704022	-0.1431352468	-0.1433072357	-0.1434864043	-0.1436727797	-0.1438664168	-0.1440675128	-0.1442765495	-0.1444941191	-0.1447195862	-0.1449479565	-0.1451680406	-0.1453739116	-0.1456042117	-0.1459895418	-0.1467203533	-0.1478898912	-0.1494029244	-0.1510796057	-0.1527926135	-0.1544978011	-0.1561964688	-0.1578990172	-0.1596111658	-0.1613339025	-0.1630664035	-0.1648077432	-0.1665572828	-0.1683145630	-0.1700791588	-0.1718506232	-0.1736284780	-0.1754122177	-0.1772013201	-0.1789952482	-0.1807934489	-0.1825953519	-0.1844003646	-0.1862078742	-0.1880172456	-0.1898278271	-0.1916389497	-0.1934499303	-0.1952600731	-0.1970686649	-0.1988749749	-0.2006782504	-0.2024777178	-0.2042725861	-0.2060620491	-0.2078452856	-0.2096214580	-0.2113897149	-0.2131491868	-0.2148989888	-0.2166382251	-0.2183659861	-0.2200813454	-0.2217833630	-0.2234710909	-0.2251435677	-0.2267998201	-0.2284388677	-0.2300597255	-0.2316614019	-0.2332428955	-0.2348031962	-0.2363412909	-0.2378561589	-0.2393467666	-0.2408120772	-0.2422510586	-0.2436626899	-0.2450459580	-0.2463998513	-0.2477233589	-0.2490154745	-0.2502751945	-0.2515015157	-0.2526934406	-0.2538499884	-0.2549701988	-0.2560531315	-0.2570978648	-0.2581034960	-0.2590691355	-0.2599938989	-0.2608769103	-0.2617173179	-0.2625143083	-0.2632671083	-0.2639749785	-0.2646372084	-0.2652531106	-0.2658220156	-0.2663432706	-0.2668162573	-0.2672404093	-0.2676152085	-0.2679401771	-0.2682148744	-0.2684388911	-0.2686118449	-0.2687333865	-0.2688032154	-0.2688210864	-0.2687868052	-0.2687002219	-0.2685612247	-0.2683697398	-0.2681257326	-0.2678292139	-0.2674802481	-0.2670789503	-0.2666254798	-0.2661200386	-0.2655628716	-0.2649542676	-0.2642945616	-0.2635841355	-0.2628234158	-0.2620128705	-0.2611530058	-0.2602443679	-0.2592875461	-0.2582831768	-0.2572319401	-0.2561345510	-0.2549917552	-0.2538043290	-0.2525730807	-0.2512988497	-0.2499825129	-0.2486249886	-0.2472272305	-0.2457902125	-0.2443149258	-0.2428023802	-0.2412536052	-0.2396696514	-0.2380515934	-0.2364005363	-0.2347176112	-0.2330039595	-0.2312607251	-0.2294890543	-0.2276901001	-0.2258650262	-0.2240150044	-0.2221412137	-0.2202448399	-0.2183270772	-0.2163891201	-0.2144321550	-0.2124573587	-0.2104659009	-0.2084589486	-0.2064376656	-0.2044032066	-0.2023567156	-0.2002993278	-0.1982321720	-0.1961563654	-0.1940730064	-0.1919831771	-0.1898879430	-0.1877883502	-0.1856854263	-0.1835801821	-0.1814736078	-0.1793666737	-0.1772603329	-0.1751555187	-0.1730531459	-0.1709541081	-0.1688592768	-0.1667694976	-0.1646855928	-0.1626083592	-0.1605385706	-0.1584769742	-0.1564242933	-0.1543812281	-0.1523484595	-0.1503266491	-0.1483164338	-0.1463184233	-0.1443331992	-0.1423613088	-0.1404032759	-0.1384596290	-0.1365309733	-0.1346180407	-0.1327214721	-0.1308409523	-0.1289738278	-0.1271154280	-0.1252662349	-0.1234493372	-0.1217264335	-0.1201791779	-0.1188439063	-0.1176711606	-0.1165735625	-0.1154940896	-0.1144169002	-0.1133450458	-0.1122833798	-0.1112339491	-0.1101969450	-0.1091720615	-0.1081590464	-0.1071577635	-0.1061681279	-0.1051900613	-0.1042234769	-0.1032682805	-0.1023243717	-0.1013916486	-0.1004700069	-0.0995593399	-0.0986595388	-0.0977704942	-0.0968920935	-0.0960242240	-0.0951667719	-0.0943196226	-0.0934826593	-0.0926557646	-0.0918388164	-0.0910316947	-0.0902342985	-0.0894465771	-0.0886685328	-0.0879000538	-0.0871403806	-0.0863873866
-0.1427281482	-0.1427512317	-0.1427780822	-0.1428110927	-0.1428510193	-0.1428978586	-0.1429514764	-0.1430118059	-0.1430788425	-0.1431526019	-0.1432331070	-0.1433203794	-0.1434144417	-0.1435153167	-0.1436230304	-0.1437376104	-0.1438590874	-0.1439874932	-0.1441228626	-0.1442652312	-0.1444146379	-0.1445711241	-0.1447347332	-0.1449055120	-0.1450835004	-0.1452687295	-0.1454612277	-0.1456610738	-0.1458685353	-0.1460841859	-0.1463085045	-0.1465399881	-0.1467717066	-0.1469915480	-0.1472007269	-0.1474605568	-0.1479267164	-0.1487769195	-0.1500542616	-0.1516285024	-0.1533268866	-0.1550447745	-0.1567527366	-0.1584562192	-0.1601649078	-0.1618832317	-0.1636115638	-0.1653489674	-0.1670945528	-0.1688477167	-0.1706079993	-0.1723749594	-0.1741481300	-0.1759270108	-0.1777110787	-0.1794997919	-0.1812925948	-0.1830889177	-0.1848881712	-0.1866897445	-0.1884930062	-0.1902973048	-0.1921019718	-0.1939063217	-0.1957096554	-0.1975112588	-0.1993104033	-0.2011063427	-0.2028983101	-0.2046855185	-0.2064671640	-0.2082424272	-0.2100104745	-0.2117704567	-0.2135215123	-0.2152627620	-0.2169933107	-0.2187122494	-0.2204186581	-0.2221116018	-0.2237901361	-0.2254533104	-0.2271001653	-0.2287297291	-0.2303410189	-0.2319330494	-0.2335048304	-0.2350553609	-0.2365836287	-0.2380886131	-0.2395692942	-0.2410246563	-0.2424536828	-0.2438553602	-0.2452286792	-0.2465726388	-0.2478862430	-0.2491684934	-0.2504183876	-0.2516349247	-0.2528171196	-0.2539640135	-0.2550746667	-0.2561481553	-0.2571835685	-0.2581800082	-0.2591365877	-0.2600524285	-0.2609266677	-0.2617584723	-0.2625470466	-0.2632916298	-0.2639914913	-0.2646459256	-0.2652542493	-0.2658157969	-0.2663299256	-0.2667960332	-0.2672135683	-0.2675820235	-0.2679009282	-0.2681698472	-0.2683883758	-0.2685561369	-0.2686727892	-0.2687380406	-0.2687516535	-0.2687134384	-0.2686232480	-0.2684809738	-0.2682865447	-0.2680399288	-0.2677411399	-0.2673902452	-0.2669873611	-0.2665326477	-0.2660263070	-0.2654685831	-0.2648597639	-0.2642001839	-0.2634902236	-0.2627303072	-0.2619208991	-0.2610625016	-0.2601556567	-0.2592009492	-0.2581990099	-0.2571505128	-0.2560561664	-0.2549167087	-0.2537329078	-0.2525055652	-0.2512355139	-0.2499236220	-0.2485707975	-0.2471779842	-0.2457461489	-0.2442762734	-0.2427693574	-0.2412264220	-0.2396485105	-0.2380366890	-0.2363920478	-0.2347157030	-0.2330087843	-0.2312724254	-0.2295077658	-0.2277159523	-0.2258981368	-0.2240554771	-0.2221891356	-0.2203002839	-0.2183901037	-0.2164597801	-0.2145104912	-0.2125434073	-0.2105596938	-0.2085605110	-0.2065470105	-0.2045203330	-0.2024816116	-0.2004319708	-0.1983725269	-0.1963043879	-0.1942286488	-0.1921463872	-0.1900586603	-0.1879665062	-0.1858709462	-0.1837729828	-0.1816736004	-0.1795737645	-0.1774744231	-0.1753765036	-0.1732809151	-0.1711885460	-0.1691002638	-0.1670169116	-0.1649393077	-0.1628682458	-0.1608044942	-0.1587487963	-0.1567018740	-0.1546644299	-0.1526371464	-0.1506206829	-0.1486156725	-0.1466227186	-0.1446423932	-0.1426752409	-0.1407218035	-0.1387826854	-0.1368586161	-0.1349503197	-0.1330578091	-0.1311790549	-0.1293096165	-0.1274477317	-0.1256093286	-0.1238460574	-0.1222384643	-0.1208412982	-0.1196267820	-0.1185104149	-0.1174230308	-0.1163388969	-0.1152581943	-0.1141863102	-0.1131261578	-0.1120783024	-0.1110424902	-0.1100184409	-0.1090060012	-0.1080050894	-0.1070156387	-0.1060375763	-0.1050708178	-0.1041152744	-0.1031708541	-0.1022374607	-0.1013149965	-0.1004033613	-0.0995024528	-0.0986121668	-0.0977323969	-0.0968630362	-0.0960039757	-0.0951551061	-0.0943163164	-0.0934874936	-0.0926685202	-0.0918592809	-0.0910596789	-0.0902696676	-0.0894892516	-0.0887183224	-0.0879561339	-0.0872005888
-0.1443523034	-0.1443733424	-0.1443981828	-0.1444292229	-0.1444672205	-0.1445121688	-0.1445639350	-0.1446224502	-0.1446877071	-0.1447597250	-0.1448385251	-0.1449241277	-0.1450165536	-0.1451158259	-0.1452219682	-0.1453350080	-0.1454549719	-0.1455818939	-0.1457158032	-0.1458567369	-0.1460047309	-0.1461598257	-0.1463220604	-0.1464914822	-0.1466681341	-0.1468520558	-0.1470432735	-0.1472418204	-0.1474478086	-0.1476615892	-0.1478837978	-0.1481146400	-0.1483514429	-0.1485853473	-0.1488050252	-0.1490230022	-0.1493240856	-0.1498781375	-0.1508400244	-0.1522060858	-0.1538259061	-0.1555390225	-0.1572601543	-0.1589706859	-0.1606784491	-0.1623922287	-0.1641154334	-0.1658480112	-0.1675889663	-0.1693374472	-0.1710928703	-0.1728547693	-0.1746226861	-0.1763961315	-0.1781745865	-0.1799575087	-0.1817443394	-0.1835345061	-0.1853274206	-0.1871224755	-0.1889190437	-0.1907164763	-0.1925141055	-0.1943112465	-0.1961071973	-0.1979012428	-0.1996926538	-0.2014806876	-0.2032645836	-0.2050435621	-0.2068168238	-0.2085835510	-0.2103429150	-0.2120940699	-0.2138361567	-0.2155683030	-0.2172896197	-0.2189991989	-0.2206961229	-0.2223794652	-0.2240482909	-0.2257016543	-0.2273386022	-0.2289581756	-0.2305594041	-0.2321413065	-0.2337028945	-0.2352431750	-0.2367611455	-0.2382557927	-0.2397261045	-0.2411710759	-0.2425897091	-0.2439810076	-0.2453439725	-0.2466776067	-0.2479809176	-0.2492529146	-0.2504926053	-0.2516990028	-0.2528711364	-0.2540080569	-0.2551088356	-0.2561725629	-0.2571983442	-0.2581852947	-0.2591325344	-0.2600391910	-0.2609044110	-0.2617273759	-0.2625073068	-0.2632434567	-0.2639351052	-0.2645815551	-0.2651821298	-0.2657361689	-0.2662430392	-0.2667021520	-0.2671129657	-0.2674749818	-0.2677877381	-0.2680508063	-0.2682637871	-0.2684263100	-0.2685380423	-0.2685987009	-0.2686080550	-0.2685659196	-0.2684721509	-0.2683266437	-0.2681293292	-0.2678801786	-0.2675792095	-0.2672264910	-0.2668221406	-0.2663663193	-0.2658592290	-0.2653011131	-0.2646922587	-0.2640329989	-0.2633237125	-0.2625648212	-0.2617567855	-0.2609001042	-0.2599953143	-0.2590429941	-0.2580437674	-0.2569983018	-0.2559073006	-0.2547714974	-0.2535916547	-0.2523685652	-0.2511030539	-0.2497959801	-0.2484482402	-0.2470607656	-0.2456345150	-0.2441704645	-0.2426696083	-0.2411329593	-0.2395615498	-0.2379564317	-0.2363186792	-0.2346493927	-0.2329496935	-0.2312207096	-0.2294635711	-0.2276794118	-0.2258693701	-0.2240345916	-0.2221762287	-0.2202954407	-0.2183933931	-0.2164712584	-0.2145302104	-0.2125714155	-0.2105960299	-0.2086052003	-0.2066000661	-0.2045817592	-0.2025514013	-0.2005101061	-0.1984589798	-0.1963991213	-0.1943316181	-0.1922575400	-0.1901779372	-0.1880938415	-0.1860062657	-0.1839162058	-0.1818246411	-0.1797325322	-0.1776408208	-0.1755504291	-0.1734622591	-0.1713771940	-0.1692960956	-0.1672198031	-0.1651491310	-0.1630848686	-0.1610277792	-0.1589786051	-0.1569380699	-0.1549068762	-0.1528857050	-0.1508752112	-0.1488760212	-0.1468887299	-0.1449139033	-0.1429520995	-0.1410039247	-0.1390701073	-0.1371514202	-0.1352481099	-0.1333586552	-0.1314789894	-0.1296060367	-0.1277504483	-0.1259550937	-0.1242961115	-0.1228394458	-0.1215790431	-0.1204391602	-0.1193423733	-0.1182520611	-0.1171636683	-0.1160824525	-0.1150122376	-0.1139541044	-0.1129079192	-0.1118733834	-0.1108503205	-0.1098386476	-0.1088383086	-0.1078492432	-0.1068713808	-0.1059046430	-0.1049489474	-0.1040042081	-0.1030703364	-0.1021472408	-0.1012348268	-0.1003329991	-0.0994416579	-0.0985607040	-0.0976900348	-0.0968295477	-0.0959791376	-0.0951386988	-0.0943081227	-0.0934872980	-0.0926761133	-0.0918744750	-0.0910823406	-0.0902997179	-0.0895265011	-0.0887619576	-0.0880040206
-0.1459667206	-0.1459856236	-0.1460083593	-0.1460373333	-0.1460733006	-0.1461162577	-0.1461660695	-0.1462226674	-0.1462860430	-0.1463562147	-0.1464332023	-0.1465170260	-0.1466077045	-0.1467052602	-0.1468097156	-0.1469210954	-0.1470394258	-0.1471647381	-0.1472970616	-0.1474364303	-0.1475828789	-0.1477364450	-0.1478971680	-0.1480650895	-0.1482402551	-0.1484227071	-0.1486124817	-0.1488096011	-0.1490141078	-0.1492261569	-0.1494461819	-0.1496748330	-0.1499118924	-0.1501533558	-0.1503888942	-0.1506097871	-0.1508415013	-0.1511900328	-0.1518326735	-0.1528958266	-0.1543359355	-0.1559909682	-0.1577143389	-0.1594375057	-0.1611500866	-0.1628612931	-0.1645789896	-0.1663057555	-0.1680412302	-0.1697843869	-0.1715344048	-0.1732907110	-0.1750528294	-0.1768202823	-0.1785925622	-0.1803691316	-0.1821494308	-0.1839328832	-0.1857188993	-0.1875068742	-0.1892961844	-0.1910861857	-0.1928762123	-0.1946655815	-0.1964535910	-0.1982395252	-0.2000226547	-0.2018022365	-0.2035775141	-0.2053477131	-0.2071120428	-0.2088696913	-0.2106198323	-0.2123616250	-0.2140942135	-0.2158167280	-0.2175282836	-0.2192279824	-0.2209149111	-0.2225881482	-0.2242467664	-0.2258898295	-0.2275163901	-0.2291254947	-0.2307161827	-0.2322874858	-0.2338384234	-0.2353680027	-0.2368752248	-0.2383590925	-0.2398186101	-0.2412527824	-0.2426606190	-0.2440411328	-0.2453933420	-0.2467162640	-0.2480089128	-0.2492702988	-0.2504994340	-0.2516953475	-0.2528570894	-0.2539837263	-0.2550743408	-0.2561280293	-0.2571439037	-0.2581210883	-0.2590587148	-0.2599559241	-0.2608118808	-0.2616257846	-0.2623968690	-0.2631243945	-0.2638076478	-0.2644459396	-0.2650386008	-0.2655849806	-0.2660844579	-0.2665364563	-0.2669404457	-0.2672959372	-0.2676024759	-0.2678596389	-0.2680670319	-0.2682242894	-0.2683310861	-0.2683871485	-0.2683922525	-0.2683462185	-0.2682489064	-0.2681002143	-0.2679000769	-0.2676484683	-0.2673454097	-0.2669909722	-0.2665852744	-0.2661284779	-0.2656207842	-0.2650624361	-0.2644537195	-0.2637949651	-0.2630865491	-0.2623288900	-0.2615224454	-0.2606677110	-0.2597652210	-0.2588155482	-0.2578193088	-0.2567771630	-0.2556898077	-0.2545579713	-0.2533824104	-0.2521639090	-0.2509032829	-0.2496013823	-0.2482590941	-0.2468773417	-0.2454570754	-0.2439992633	-0.2425048892	-0.2409749545	-0.2394104785	-0.2378125019	-0.2361820885	-0.2345203250	-0.2328283195	-0.2311071891	-0.2293580520	-0.2275820314	-0.2257802568	-0.2239538641	-0.2221039928	-0.2202317878	-0.2183384026	-0.2164250008	-0.2144927469	-0.2125427960	-0.2105762929	-0.2085943739	-0.2065981688	-0.2045887986	-0.2025673755	-0.2005350048	-0.1984927827	-0.1964417960	-0.1943831208	-0.1923178199	-0.1902469371	-0.1881714966	-0.1860925052	-0.1840109525	-0.1819278117	-0.1798440377	-0.1777605662	-0.1756783132	-0.1735981750	-0.1715210279	-0.1694477273	-0.1673791070	-0.1653159761	-0.1632591196	-0.1612093002	-0.1591672601	-0.1571337233	-0.1551093910	-0.1530949389	-0.1510910149	-0.1490982365	-0.1471171916	-0.1451484551	-0.1431926403	-0.1412504755	-0.1393227663	-0.1374099326	-0.1355108657	-0.1336219005	-0.1317391572	-0.1298692278	-0.1280473357	-0.1263442156	-0.1248329391	-0.1235263528	-0.1223599662	-0.1212519104	-0.1201554979	-0.1190603556	-0.1179707293	-0.1168911745	-0.1158233778	-0.1147673979	-0.1137229394	-0.1126898033	-0.1116679022	-0.1106571887	-0.1096576155	-0.1086691253	-0.1076916511	-0.1067251212	-0.1057694604	-0.1048245884	-0.1038904236	-0.1029668808	-0.1020538723	-0.1011513068	-0.1002590917	-0.0993771326	-0.0985053330	-0.0976435950	-0.0967918192	-0.0959499043	-0.0951177463	-0.0942952390	-0.0934822753	-0.0926787667	-0.0918846726	-0.0911000038	-0.0903246589	-0.0895579172	-0.0887977441
-0.1475713355	-0.1475880072	-0.1476085429	-0.1476353516	-0.1476691918	-0.1477100587	-0.1477578167	-0.1478123957	-0.1478737878	-0.1479420093	-0.1480170786	-0.1480990148	-0.1481878361	-0.1482835615	-0.1483862135	-0.1484958145	-0.1486123911	-0.1487359694	-0.1488665800	-0.1490042538	-0.1491490246	-0.1493009272	-0.1494599995	-0.1496262803	-0.1497998130	-0.1499806404	-0.1501688040	-0.1503643340	-0.1505672528	-0.1507776133	-0.1509956232	-0.1512218017	-0.1514567739	-0.1516997703	-0.1519453514	-0.1521820166	-0.1524047748	-0.1526536241	-0.1530544364	-0.1537853071	-0.1549394419	-0.1564403922	-0.1581215739	-0.1598512555	-0.1615752044	-0.1632891323	-0.1650028345	-0.1667232365	-0.1684522390	-0.1701892581	-0.1719332587	-0.1736834448	-0.1754392470	-0.1772001780	-0.1789657421	-0.1807354127	-0.1825086342	-0.1842848300	-0.1860634072	-0.1878437611	-0.1896252698	-0.1914072935	-0.1931891706	-0.1949702219	-0.1967497475	-0.1985270328	-0.2003013489	-0.2020719511	-0.2038380854	-0.2055989810	-0.2073538524	-0.2091018977	-0.2108422957	-0.2125742093	-0.2142967870	-0.2160091625	-0.2177104539	-0.2193997697	-0.2210762083	-0.2227388575	-0.2243867921	-0.2260190824	-0.2276347918	-0.2292329736	-0.2308126720	-0.2323729258	-0.2339127651	-0.2354312066	-0.2369272589	-0.2383999332	-0.2398482473	-0.2412712221	-0.2426678783	-0.2440372367	-0.2453783213	-0.2466901601	-0.2479717796	-0.2492222016	-0.2504404507	-0.2516255676	-0.2527766129	-0.2538926674	-0.2549728282	-0.2560162043	-0.2570219165	-0.2579890937	-0.2589168712	-0.2598044019	-0.2606508703	-0.2614554962	-0.2622175274	-0.2629362367	-0.2636109207	-0.2642408974	-0.2648255023	-0.2653640912	-0.2658560552	-0.2663008314	-0.2666979017	-0.2670467865	-0.2673470388	-0.2675982408	-0.2678000032	-0.2679519672	-0.2680538147	-0.2681052809	-0.2681061488	-0.2680562435	-0.2679554287	-0.2678036055	-0.2676007119	-0.2673467246	-0.2670416680	-0.2666856158	-0.2662786875	-0.2658210449	-0.2653128903	-0.2647544652	-0.2641460539	-0.2634879857	-0.2627806339	-0.2620244133	-0.2612197784	-0.2603672219	-0.2594672739	-0.2585205023	-0.2575275168	-0.2564889693	-0.2554055496	-0.2542779787	-0.2531070082	-0.2518934173	-0.2506380149	-0.2493416419	-0.2480051732	-0.2466295208	-0.2452156244	-0.2437644398	-0.2422769412	-0.2407541218	-0.2391969928	-0.2376065847	-0.2359839465	-0.2343301484	-0.2326462827	-0.2309334565	-0.2291927816	-0.2274253714	-0.2256323433	-0.2238148207	-0.2219739328	-0.2201108161	-0.2182266124	-0.2163224692	-0.2143995350	-0.2124589554	-0.2105018666	-0.2085293952	-0.2065426597	-0.2045427716	-0.2025308367	-0.2005079501	-0.1984751950	-0.1964336466	-0.1943843705	-0.1923284192	-0.1902668299	-0.1882006216	-0.1861307949	-0.1840583332	-0.1819842029	-0.1799093521	-0.1778347095	-0.1757611855	-0.1736896704	-0.1716210335	-0.1695561227	-0.1674957647	-0.1654407634	-0.1633919021	-0.1613499443	-0.1593156330	-0.1572896884	-0.1552728070	-0.1532656576	-0.1512688784	-0.1492830791	-0.1473088535	-0.1453468241	-0.1433977208	-0.1414623718	-0.1395413280	-0.1376338210	-0.1357365968	-0.1338453464	-0.1319635695	-0.1301198684	-0.1283789492	-0.1268175487	-0.1254648916	-0.1242707110	-0.1231506079	-0.1220483970	-0.1209473365	-0.1198501482	-0.1187619722	-0.1176851443	-0.1166199696	-0.1155661735	-0.1145235334	-0.1134919538	-0.1124713967	-0.1114618277	-0.1104632034	-0.1094754695	-0.1084985642	-0.1075324228	-0.1065769758	-0.1056321514	-0.1046978729	-0.1037740612	-0.1028606345	-0.1019575077	-0.1010645937	-0.1001818037	-0.0993090461	-0.0984462279	-0.0975932554	-0.0967500322	-0.0959164596	-0.0950924341	-0.0942778546	-0.0934726366	-0.0926767420	-0.0918901843	-0.0911128665	-0.0903440804	-0.0895818229
-0.1491660802	-0.1491804255	-0.1491986657	-0.1492232140	-0.1492548320	-0.1492935116	-0.1493391183	-0.1493915790	-0.1494508855	-0.1495170525	-0.1495900980	-0.1496700396	-0.1497568929	-0.1498506754	-0.1499514075	-0.1500591123	-0.1501738131	-0.1502955354	-0.1504243060	-0.1505601560	-0.1507031173	-0.1508532217	-0.1510105051	-0.1511750050	-0.1513467602	-0.1515258120	-0.1517122032	-0.1519059722	-0.1521071453	-0.1523157452	-0.1525318439	-0.1527557124	-0.1529879558	-0.1532291031	-0.1534776364	-0.1537264973	-0.1539635897	-0.1541897794	-0.1544611590	-0.1549196935	-0.1557348596	-0.1569674975	-0.1585161434	-0.1602151263	-0.1619477344	-0.1636714270	-0.1653860057	-0.1671012109	-0.1688230745	-0.1705529708	-0.1722901733	-0.1740336527	-0.1757826303	-0.1775365375	-0.1792948707	-0.1810571170	-0.1828227313	-0.1845911422	-0.1863617568	-0.1881339674	-0.1899071515	-0.1916806714	-0.1934538720	-0.1952260770	-0.1969965935	-0.1987647086	-0.2005296941	-0.2022908069	-0.2040472920	-0.2057983817	-0.2075432940	-0.2092812337	-0.2110113875	-0.2127329244	-0.2144449973	-0.2161467435	-0.2178372879	-0.2195157454	-0.2211812217	-0.2228328136	-0.2244696068	-0.2260906762	-0.2276950893	-0.2292819082	-0.2308501876	-0.2323989699	-0.2339272886	-0.2354341715	-0.2369186444	-0.2383797334	-0.2398164642	-0.2412278654	-0.2426129694	-0.2439708109	-0.2453004245	-0.2466008435	-0.2478710971	-0.2491102190	-0.2503172544	-0.2514912649	-0.2526313259	-0.2537365262	-0.2548059694	-0.2558387742	-0.2568340716	-0.2577909997	-0.2587087045	-0.2595863526	-0.2604231436	-0.2612183094	-0.2619711088	-0.2626808275	-0.2633467743	-0.2639682773	-0.2645446791	-0.2650753460	-0.2655596836	-0.2659971430	-0.2663872151	-0.2667294254	-0.2670233331	-0.2672685269	-0.2674646230	-0.2676112694	-0.2677081583	-0.2677550323	-0.2677516810	-0.2676979339	-0.2675936583	-0.2674387583	-0.2672331750	-0.2669768887	-0.2666699261	-0.2663123634	-0.2659043211	-0.2654459614	-0.2649374861	-0.2643791364	-0.2637711953	-0.2631139898	-0.2624078906	-0.2616533097	-0.2608506979	-0.2600005432	-0.2591033706	-0.2581597434	-0.2571702661	-0.2561355858	-0.2550563860	-0.2539333801	-0.2527673115	-0.2515589531	-0.2503091059	-0.2490185991	-0.2476882954	-0.2463190937	-0.2449119241	-0.2434677359	-0.2419874947	-0.2404721821	-0.2389227991	-0.2373403625	-0.2357259075	-0.2340804919	-0.2324051954	-0.2307011138	-0.2289693477	-0.2272109993	-0.2254271765	-0.2236189939	-0.2217875719	-0.2199340338	-0.2180595051	-0.2161651164	-0.2142520037	-0.2123213025	-0.2103741392	-0.2084116306	-0.2064348867	-0.2044450105	-0.2024430967	-0.2004302287	-0.1984074805	-0.1963759152	-0.1943365861	-0.1922905359	-0.1902387947	-0.1881823767	-0.1861222757	-0.1840594685	-0.1819949144	-0.1799295537	-0.1778643089	-0.1758000834	-0.1737377613	-0.1716782040	-0.1696222521	-0.1675707250	-0.1655244240	-0.1634841321	-0.1614506122	-0.1594246049	-0.1574068252	-0.1553979611	-0.1533986729	-0.1514095901	-0.1494313247	-0.1474645132	-0.1455098889	-0.1435682950	-0.1416403746	-0.1397256356	-0.1378212293	-0.1359227270	-0.1340314124	-0.1321703083	-0.1303979118	-0.1287921856	-0.1273950131	-0.1261707419	-0.1250371735	-0.1239294422	-0.1228234853	-0.1217197081	-0.1206236687	-0.1195384513	-0.1184646890	-0.1174021533	-0.1163505948	-0.1153099054	-0.1142800528	-0.1132610173	-0.1122527686	-0.1112552664	-0.1102684609	-0.1092922975	-0.1083267181	-0.1073716589	-0.1064270547	-0.1054928350	-0.1045689266	-0.1036552525	-0.1027517349	-0.1018582916	-0.1009748386	-0.1001012901	-0.0992375584	-0.0983835540	-0.0975391857	-0.0967043593	-0.0958789763	-0.0950629399	-0.0942561688	-0.0934586292	-0.0926703364	-0.0918911975	-0.0911205170	-0.0903563233
-0.1507508900	-0.1507628166	-0.1507786685	-0.1508008646	-0.1508301653	-0.1508665629	-0.1509099202	-0.1509601645	-0.1510172856	-0.1510812949	-0.1511522107	-0.1512300483	-0.1513148226	-0.1514065498	-0.1515052484	-0.1516109387	-0.1517236429	-0.1518433856	-0.1519701923	-0.1521040906	-0.1522451103	-0.1523932822	-0.1525486402	-0.1527112173	-0.1528810511	-0.1530581791	-0.1532426434	-0.1534344849	-0.1536337410	-0.1538404344	-0.1540545891	-0.1542763038	-0.1545059198	-0.1547441016	-0.1549911627	-0.1552446413	-0.1554960313	-0.1557338866	-0.1559667440	-0.1562662002	-0.1567839857	-0.1576764366	-0.1589744555	-0.1605584072	-0.1622684339	-0.1640017151	-0.1657244723	-0.1674389855	-0.1691546167	-0.1708766485	-0.1726060794	-0.1743420987	-0.1760836881	-0.1778300793	-0.1795806958	-0.1813350192	-0.1830925188	-0.1848526328	-0.1866147742	-0.1883783341	-0.1901426892	-0.1919072013	-0.1936712191	-0.1954340722	-0.1971950725	-0.1989535118	-0.2007086660	-0.2024597946	-0.2042061416	-0.2059469418	-0.2076814156	-0.2094087711	-0.2111282018	-0.2128388834	-0.2145399761	-0.2162306233	-0.2179099568	-0.2195770995	-0.2212311648	-0.2228712550	-0.2244964645	-0.2261058783	-0.2276985712	-0.2292736102	-0.2308300563	-0.2323669592	-0.2338833598	-0.2353782952	-0.2368508033	-0.2382999262	-0.2397247052	-0.2411241791	-0.2424973869	-0.2438433707	-0.2451611764	-0.2464498471	-0.2477084217	-0.2489359434	-0.2501314713	-0.2512940834	-0.2524228737	-0.2535169471	-0.2545754180	-0.2555974135	-0.2565820684	-0.2575285262	-0.2584359451	-0.2593035101	-0.2601304377	-0.2609159728	-0.2616593861	-0.2623599719	-0.2630170462	-0.2636299439	-0.2641980165	-0.2647206441	-0.2651972487	-0.2656272955	-0.2660102851	-0.2663457496	-0.2666332543	-0.2668723953	-0.2670627945	-0.2672041077	-0.2672960365	-0.2673383299	-0.2673307823	-0.2672732279	-0.2671655371	-0.2670076174	-0.2667994130	-0.2665409078	-0.2662321310	-0.2658731611	-0.2654641201	-0.2650051696	-0.2644965106	-0.2639383844	-0.2633310727	-0.2626749003	-0.2619702360	-0.2612174894	-0.2604171087	-0.2595695775	-0.2586754150	-0.2577351793	-0.2567494687	-0.2557189237	-0.2546442214	-0.2535260677	-0.2523651957	-0.2511623695	-0.2499183828	-0.2486340566	-0.2473102435	-0.2459478308	-0.2445477370	-0.2431109024	-0.2416382809	-0.2401308434	-0.2385895801	-0.2370154980	-0.2354096222	-0.2337729964	-0.2321066844	-0.2304117674	-0.2286893366	-0.2269404875	-0.2251663190	-0.2233679338	-0.2215464376	-0.2197029397	-0.2178385533	-0.2159543950	-0.2140515864	-0.2121312492	-0.2101945022	-0.2082424549	-0.2062762071	-0.2042968503	-0.2023054672	-0.2003031315	-0.1982909074	-0.1962698465	-0.1942409913	-0.1922053748	-0.1901640184	-0.1881179287	-0.1860680946	-0.1840154850	-0.1819610512	-0.1799057269	-0.1778504276	-0.1757960493	-0.1737434678	-0.1716935368	-0.1696470910	-0.1676049459	-0.1655679006	-0.1635367360	-0.1615122118	-0.1594950628	-0.1574859964	-0.1554856917	-0.1534947985	-0.1515139490	-0.1495437936	-0.1475850728	-0.1456386401	-0.1437052008	-0.1417844691	-0.1398739578	-0.1379693309	-0.1360704514	-0.1341959626	-0.1323982644	-0.1307542544	-0.1293157894	-0.1280607887	-0.1269116801	-0.1257978034	-0.1246876398	-0.1235782968	-0.1224752608	-0.1213823484	-0.1203006248	-0.1192299572	-0.1181700782	-0.1171208624	-0.1160822794	-0.1150543224	-0.1140369763	-0.1130302142	-0.1120339986	-0.1110482866	-0.1100730310	-0.1091081793	-0.1081536750	-0.1072094570	-0.1062754620	-0.1053516227	-0.1044378677	-0.1035341235	-0.1026403149	-0.1017563617	-0.1008821844	-0.1000176997	-0.0991628234	-0.0983174683	-0.0974815452	-0.0966549607	-0.0958376211	-0.0950294497	-0.0942304171	-0.0934405389	-0.0926597264	-0.0918872981	-0.0911213143
-0.1523257085	-0.1523351255	-0.1523484990	-0.1523682516	-0.1523951420	-0.1524291637	-0.1524701746	-0.1525181035	-0.1525729376	-0.1526346869	-0.1527033680	-0.1527789941	-0.1528615787	-0.1529511383	-0.1530476885	-0.1531512471	-0.1532618361	-0.1533794764	-0.1535041945	-0.1536360131	-0.1537749615	-0.1539210674	-0.1540743619	-0.1542348763	-0.1544026441	-0.1545777027	-0.1547600903	-0.1549498482	-0.1551470183	-0.1553516329	-0.1555637109	-0.1557832812	-0.1560104731	-0.1562456949	-0.1564896313	-0.1567422850	-0.1570002356	-0.1572539124	-0.1574934917	-0.1577358671	-0.1580660841	-0.1586412412	-0.1596020042	-0.1609523740	-0.1625620410	-0.1642788887	-0.1660115875	-0.1677328072	-0.1694463885	-0.1711612647	-0.1728821353	-0.1746097369	-0.1763432088	-0.1780815399	-0.1798239655	-0.1815698966	-0.1833187997	-0.1850701265	-0.1868233002	-0.1885777172	-0.1903327546	-0.1920877748	-0.1938421254	-0.1955951411	-0.1973461380	-0.1990944158	-0.2008392549	-0.2025799190	-0.2043156549	-0.2060456986	-0.2077692727	-0.2094855868	-0.2111938382	-0.2128932093	-0.2145828671	-0.2162619653	-0.2179296451	-0.2195850359	-0.2212272584	-0.2228554231	-0.2244686305	-0.2260659726	-0.2276465358	-0.2292093954	-0.2307536151	-0.2322782499	-0.2337823511	-0.2352649689	-0.2367251550	-0.2381619601	-0.2395744365	-0.2409616381	-0.2423226170	-0.2436564251	-0.2449621123	-0.2462387263	-0.2474853185	-0.2487009511	-0.2498847004	-0.2510356563	-0.2521529220	-0.2532356142	-0.2542828629	-0.2552938080	-0.2562675946	-0.2572033746	-0.2581003170	-0.2589576207	-0.2597745154	-0.2605502592	-0.2612841351	-0.2619754473	-0.2626235209	-0.2632276980	-0.2637873404	-0.2643018408	-0.2647706347	-0.2651931966	-0.2655690363	-0.2658976962	-0.2661787496	-0.2664117991	-0.2665964741	-0.2667324395	-0.2668194048	-0.2668571261	-0.2668454029	-0.2667840732	-0.2666730111	-0.2665121280	-0.2663013709	-0.2660407267	-0.2657302285	-0.2653699556	-0.2649600310	-0.2645006167	-0.2639919134	-0.2634341611	-0.2628276402	-0.2621726741	-0.2614696292	-0.2607189119	-0.2599209672	-0.2590762745	-0.2581853481	-0.2572487392	-0.2562670383	-0.2552408779	-0.2541709284	-0.2530578896	-0.2519024889	-0.2507054813	-0.2494676513	-0.2481898118	-0.2468728046	-0.2455175033	-0.2441248138	-0.2426956663	-0.2412310075	-0.2397317996	-0.2381990211	-0.2366336682	-0.2350367527	-0.2334093033	-0.2317523705	-0.2300670244	-0.2283543472	-0.2266154232	-0.2248513375	-0.2230631793	-0.2212520434	-0.2194190276	-0.2175652322	-0.2156917587	-0.2137997146	-0.2118902104	-0.2099643550	-0.2080232477	-0.2060679773	-0.2040996243	-0.2021192609	-0.2001279505	-0.1981267457	-0.1961166903	-0.1940988166	-0.1920741463	-0.1900436912	-0.1880084493	-0.1859694024	-0.1839275127	-0.1818837237	-0.1798389619	-0.1777941340	-0.1757501287	-0.1737078129	-0.1716680346	-0.1696316246	-0.1675993962	-0.1655721453	-0.1635506473	-0.1615356549	-0.1595278951	-0.1575280654	-0.1555368363	-0.1535548579	-0.1515827987	-0.1496214102	-0.1476715541	-0.1457339772	-0.1438085399	-0.1418930442	-0.1399833178	-0.1380783461	-0.1361935491	-0.1343760689	-0.1327002470	-0.1312245507	-0.1299395610	-0.1287738802	-0.1276531155	-0.1265390079	-0.1254249123	-0.1243157366	-0.1232158718	-0.1221268452	-0.1210486710	-0.1199810826	-0.1189239359	-0.1178772013	-0.1168408837	-0.1158149824	-0.1147994839	-0.1137943648	-0.1127995933	-0.1118151335	-0.1108409446	-0.1098769799	-0.1089231897	-0.1079795188	-0.1070459088	-0.1061222978	-0.1052086214	-0.1043048099	-0.1034107936	-0.1025264987	-0.1016518492	-0.1007867675	-0.0999311736	-0.0990849858	-0.0982481187	-0.0974204838	-0.0966019913	-0.0957925690	-0.0949921900	-0.0942008723	-0.0934185312	-0.0926444976	-0.0918768654
-0.1538904843	-0.1538973032	-0.1539081101	-0.1539253275	-0.1539497168	-0.1539812669	-0.1540198368	-0.1540653519	-0.1541177968	-0.1541771831	-0.1542435247	-0.1543168326	-0.1543971194	-0.1544843992	-0.1545786860	-0.1546799972	-0.1547883516	-0.1549037695	-0.1550262737	-0.1551558859	-0.1552926323	-0.1554365383	-0.1555876321	-0.1557459440	-0.1559115047	-0.1560843496	-0.1562645149	-0.1564520394	-0.1566469630	-0.1568493254	-0.1570591547	-0.1572764676	-0.1575012955	-0.1577338038	-0.1579744655	-0.1582239648	-0.1584819536	-0.1587440515	-0.1589998745	-0.1592417522	-0.1594948404	-0.1598555614	-0.1604835510	-0.1615028705	-0.1628952861	-0.1645240305	-0.1662448296	-0.1679759047	-0.1696948419	-0.1714064978	-0.1731193876	-0.1748377613	-0.1765621733	-0.1782917356	-0.1800254423	-0.1817625239	-0.1835023781	-0.1852444537	-0.1869881871	-0.1887329856	-0.1904782326	-0.1922232914	-0.1939675097	-0.1957102235	-0.1974507528	-0.1991884037	-0.2009224629	-0.2026521993	-0.2043768664	-0.2060957016	-0.2078079298	-0.2095127634	-0.2112093998	-0.2128970278	-0.2145748212	-0.2162419424	-0.2178975447	-0.2195407669	-0.2211707353	-0.2227865671	-0.2243873722	-0.2259722513	-0.2275402960	-0.2290905894	-0.2306222037	-0.2321342023	-0.2336256456	-0.2350955954	-0.2365431163	-0.2379672720	-0.2393671240	-0.2407417344	-0.2420901675	-0.2434114881	-0.2447047562	-0.2459690274	-0.2472033630	-0.2484068387	-0.2495785481	-0.2507175971	-0.2518231017	-0.2528941890	-0.2539299981	-0.2549296765	-0.2558923799	-0.2568172746	-0.2577035476	-0.2585504145	-0.2593571186	-0.2601229282	-0.2608471337	-0.2615290476	-0.2621680031	-0.2627633516	-0.2633144669	-0.2638207558	-0.2642816657	-0.2646966817	-0.2650653228	-0.2653871407	-0.2656617161	-0.2658886563	-0.2660675977	-0.2661982138	-0.2662802225	-0.2663133884	-0.2662975164	-0.2662324484	-0.2661180633	-0.2659542758	-0.2657410361	-0.2654783344	-0.2651662068	-0.2648047340	-0.2643940397	-0.2639342865	-0.2634256744	-0.2628684420	-0.2622628681	-0.2616092739	-0.2609080228	-0.2601595179	-0.2593641993	-0.2585225427	-0.2576350587	-0.2567022935	-0.2557248307	-0.2547032946	-0.2536383469	-0.2525306809	-0.2513810174	-0.2501901033	-0.2489587120	-0.2476876465	-0.2463777396	-0.2450298546	-0.2436448861	-0.2422237538	-0.2407673944	-0.2392767590	-0.2377528142	-0.2361965443	-0.2346089513	-0.2329910534	-0.2313438865	-0.2296685061	-0.2279659796	-0.2262373792	-0.2244837802	-0.2227062606	-0.2209059027	-0.2190837913	-0.2172410134	-0.2153786603	-0.2134978256	-0.2115996057	-0.2096850954	-0.2077553841	-0.2058115516	-0.2038546671	-0.2018857911	-0.1999059776	-0.1979162703	-0.1959177028	-0.1939112976	-0.1918980656	-0.1898790080	-0.1878551128	-0.1858273533	-0.1837966853	-0.1817640450	-0.1797303497	-0.1776964978	-0.1756633693	-0.1736318243	-0.1716027083	-0.1695768487	-0.1675550550	-0.1655381173	-0.1635268028	-0.1615218545	-0.1595239886	-0.1575338943	-0.1555522421	-0.1535797191	-0.1516170904	-0.1496652279	-0.1477249058	-0.1457960874	-0.1438767959	-0.1419630292	-0.1400532020	-0.1381603188	-0.1363271848	-0.1346252428	-0.1331172297	-0.1318045525	-0.1306224785	-0.1294945976	-0.1283768590	-0.1272587048	-0.1261441681	-0.1250380789	-0.1239424240	-0.1228573876	-0.1217827147	-0.1207182464	-0.1196639520	-0.1186198472	-0.1175859466	-0.1165622507	-0.1155487484	-0.1145454213	-0.1135522443	-0.1125691885	-0.1115962179	-0.1106332936	-0.1096803706	-0.1087374002	-0.1078043294	-0.1068811010	-0.1059676561	-0.1050639311	-0.1041698604	-0.1032853757	-0.1024104060	-0.1015448782	-0.1006887171	-0.0998418458	-0.0990041829	-0.0981756443	-0.0973561451	-0.0965456168	-0.0957440344	-0.0949514193	-0.0941676902	-0.0933921913	-0.0926230481
-0.1554451727	-0.1554493068	-0.1554574583	-0.1554720513	-0.1554938465	-0.1555228311	-0.1555588637	-0.1556018657	-0.1556518223	-0.1557087433	-0.1557726401	-0.1558435235	-0.1559214046	-0.1560062929	-0.1560982042	-0.1561971522	-0.1563031542	-0.1564162291	-0.1565363954	-0.1566636745	-0.1567980880	-0.1569396610	-0.1570884183	-0.1572443891	-0.1574076034	-0.1575780930	-0.1577558916	-0.1579410352	-0.1581335602	-0.1583335078	-0.1585409122	-0.1587557986	-0.1589781777	-0.1592080907	-0.1594457411	-0.1596916737	-0.1599465528	-0.1602096051	-0.1604754516	-0.1607330720	-0.1609772695	-0.1612410531	-0.1616309294	-0.1623068581	-0.1633753970	-0.1648004516	-0.1664423899	-0.1681646039	-0.1698930570	-0.1716089204	-0.1733176191	-0.1750272771	-0.1767418158	-0.1784616802	-0.1801859723	-0.1819136910	-0.1836440550	-0.1853764455	-0.1871102935	-0.1888450196	-0.1905800194	-0.1923146628	-0.1940482999	-0.1957802665	-0.1975098857	-0.1992364657	-0.2009593004	-0.2026776661	-0.2043908230	-0.2060980133	-0.2077984651	-0.2094913926	-0.2111759968	-0.2128514691	-0.2145169910	-0.2161717336	-0.2178148572	-0.2194455109	-0.2210628317	-0.2226659447	-0.2242539661	-0.2258260064	-0.2273811638	-0.2289185267	-0.2304371747	-0.2319361839	-0.2334146284	-0.2348715816	-0.2363061161	-0.2377173056	-0.2391042244	-0.2404659458	-0.2418015438	-0.2431100892	-0.2443906514	-0.2456423010	-0.2468641172	-0.2480551902	-0.2492146245	-0.2503415365	-0.2514350547	-0.2524943202	-0.2535184835	-0.2545067013	-0.2554581378	-0.2563719698	-0.2572474009	-0.2580836647	-0.2588800207	-0.2596357484	-0.2603501490	-0.2610225458	-0.2616522794	-0.2622387079	-0.2627812142	-0.2632792183	-0.2637321800	-0.2641395962	-0.2645009958	-0.2648159380	-0.2650840107	-0.2653048275	-0.2654780310	-0.2656033029	-0.2656803714	-0.2657090085	-0.2656890237	-0.2656202634	-0.2655026112	-0.2653359848	-0.2651203369	-0.2648556608	-0.2645419957	-0.2641794248	-0.2637680717	-0.2633080994	-0.2627997076	-0.2622431337	-0.2616386553	-0.2609865911	-0.2602873014	-0.2595411855	-0.2587486787	-0.2579102527	-0.2570264141	-0.2560977042	-0.2551247002	-0.2541080178	-0.2530483094	-0.2519462604	-0.2508025843	-0.2496180213	-0.2483933378	-0.2471293270	-0.2458268109	-0.2444866419	-0.2431097021	-0.2416968983	-0.2402491565	-0.2387674178	-0.2372526407	-0.2357057992	-0.2341278829	-0.2325198968	-0.2308828613	-0.2292178153	-0.2275258137	-0.2258079187	-0.2240651944	-0.2222987060	-0.2205095228	-0.2186987191	-0.2168673716	-0.2150165581	-0.2131473565	-0.2112608482	-0.2093581156	-0.2074402375	-0.2055082828	-0.2035633106	-0.2016063720	-0.1996385103	-0.1976607590	-0.1956741423	-0.1936796725	-0.1916783503	-0.1896711654	-0.1876590948	-0.1856431032	-0.1836241385	-0.1816031284	-0.1795809815	-0.1775585883	-0.1755368211	-0.1735165371	-0.1714985776	-0.1694837656	-0.1674729052	-0.1654667764	-0.1634661367	-0.1614717179	-0.1594842264	-0.1575043526	-0.1555328033	-0.1535703607	-0.1516179080	-0.1496762361	-0.1477453737	-0.1458235067	-0.1439067968	-0.1419933155	-0.1400942857	-0.1382489751	-0.1365258878	-0.1349903127	-0.1336526947	-0.1324555388	-0.1313210843	-0.1302002461	-0.1290787888	-0.1279596693	-0.1268480734	-0.1257464599	-0.1246552113	-0.1235740918	-0.1225029242	-0.1214416739	-0.1203903680	-0.1193490361	-0.1183176934	-0.1172963427	-0.1162849768	-0.1152835840	-0.1142921458	-0.1133106389	-0.1123390329	-0.1113772950	-0.1104253866	-0.1094832634	-0.1085508788	-0.1076281815	-0.1067151161	-0.1058116255	-0.1049176484	-0.1040331213	-0.1031579775	-0.1022921498	-0.1014355674	-0.1005881567	-0.0997498421	-0.0989205424	-0.0981001786	-0.0972886846	-0.0964860384	-0.0956922645	-0.0949072841	-0.0941304555	-0.0933599364
-0.1569897328	-0.1569910959	-0.1569965035	-0.1570083824	-0.1570274904	-0.1570538163	-0.1570872145	-0.1571276072	-0.1571749761	-0.1572293300	-0.1572906787	-0.1573590315	-0.1574343976	-0.1575167861	-0.1576062088	-0.1577026793	-0.1578062118	-0.1579168225	-0.1580345266	-0.1581593449	-0.1582912972	-0.1584304050	-0.1585766928	-0.1587301881	-0.1588909176	-0.1590589112	-0.1592342003	-0.1594168170	-0.1596067961	-0.1598041741	-0.1600089877	-0.1602212691	-0.1604410390	-0.1606683038	-0.1609031149	-0.1611457253	-0.1613967436	-0.1616567609	-0.1619245000	-0.1621936021	-0.1624527141	-0.1626994671	-0.1629745953	-0.1633925980	-0.1641096953	-0.1652168059	-0.1666652358	-0.1683150725	-0.1700365230	-0.1717614476	-0.1734734285	-0.1751781126	-0.1768832837	-0.1785926491	-0.1803066092	-0.1820242753	-0.1837446462	-0.1854669252	-0.1871904719	-0.1889147017	-0.1906390214	-0.1923628127	-0.1940854344	-0.1958062244	-0.1975245078	-0.1992395949	-0.2009507828	-0.2026573554	-0.2043585802	-0.2060537059	-0.2077419661	-0.2094225782	-0.2110947484	-0.2127576716	-0.2144105347	-0.2160525164	-0.2176827833	-0.2193004928	-0.2209047921	-0.2224948170	-0.2240696934	-0.2256285371	-0.2271704539	-0.2286945401	-0.2301998844	-0.2316855740	-0.2331506955	-0.2345943361	-0.2360155797	-0.2374135076	-0.2387872035	-0.2401357521	-0.2414582377	-0.2427537405	-0.2440213385	-0.2452601140	-0.2464691624	-0.2476475928	-0.2487945251	-0.2499090870	-0.2509904170	-0.2520376653	-0.2530499911	-0.2540265625	-0.2549665555	-0.2558691628	-0.2567336046	-0.2575591279	-0.2583450028	-0.2590905196	-0.2597949918	-0.2604577540	-0.2610781574	-0.2616555690	-0.2621893836	-0.2626790349	-0.2631239953	-0.2635237704	-0.2638778966	-0.2641859388	-0.2644474911	-0.2646621753	-0.2648296420	-0.2649495819	-0.2650217320	-0.2650458703	-0.2650218122	-0.2649494090	-0.2648285470	-0.2646591476	-0.2644411666	-0.2641746007	-0.2638594915	-0.2634959241	-0.2630840230	-0.2626239508	-0.2621159067	-0.2615601276	-0.2609568897	-0.2603065094	-0.2596093434	-0.2588657871	-0.2580762720	-0.2572412644	-0.2563612662	-0.2554368124	-0.2544684747	-0.2534568626	-0.2524026215	-0.2513064284	-0.2501689880	-0.2489910325	-0.2477733207	-0.2465166361	-0.2452217880	-0.2438896170	-0.2425209939	-0.2411168165	-0.2396780007	-0.2382054769	-0.2367001920	-0.2351631078	-0.2335952005	-0.2319974628	-0.2303709022	-0.2287165434	-0.2270354263	-0.2253286009	-0.2235971190	-0.2218420363	-0.2200644106	-0.2182653039	-0.2164457796	-0.2146069017	-0.2127497352	-0.2108753470	-0.2089848058	-0.2070791775	-0.2051595215	-0.2032268882	-0.2012823189	-0.1993268447	-0.1973614895	-0.1953872673	-0.1934051795	-0.1914162174	-0.1894213593	-0.1874215712	-0.1854178071	-0.1834110055	-0.1814020853	-0.1793919479	-0.1773814771	-0.1753715406	-0.1733629924	-0.1713566670	-0.1693533807	-0.1673539276	-0.1653590783	-0.1633695785	-0.1613861503	-0.1594095020	-0.1574403603	-0.1554795276	-0.1535278994	-0.1515862735	-0.1496547089	-0.1477314977	-0.1458129481	-0.1438969765	-0.1419936006	-0.1401393756	-0.1384000903	-0.1368421866	-0.1354829305	-0.1342718268	-0.1331314259	-0.1320081566	-0.1308841875	-0.1297613114	-0.1286449616	-0.1275380766	-0.1264412716	-0.1253543476	-0.1242771113	-0.1232095203	-0.1221516109	-0.1211034272	-0.1200650001	-0.1190363461	-0.1180174716	-0.1170083763	-0.1160090534	-0.1150194908	-0.1140396706	-0.1130695693	-0.1121091585	-0.1111584048	-0.1102172709	-0.1092857141	-0.1083636894	-0.1074511466	-0.1065480325	-0.1056542913	-0.1047698637	-0.1038946886	-0.1030287020	-0.1021718384	-0.1013240290	-0.1004852015	-0.0996552801	-0.0988341888	-0.0980218659	-0.0972182917	-0.0964234933	-0.0956373958	-0.0948593694	-0.0940876067
-0.1585241272	-0.1585226304	-0.1585252071	-0.1585342825	-0.1585506135	-0.1585741865	-0.1586048557	-0.1586425415	-0.1586872240	-0.1587389098	-0.1587976073	-0.1588633246	-0.1589360689	-0.1590158485	-0.1591026707	-0.1591965492	-0.1592974939	-0.1594055186	-0.1595206379	-0.1596428697	-0.1597722321	-0.1599087458	-0.1600524338	-0.1602033194	-0.1603614288	-0.1605267891	-0.1606994270	-0.1608793744	-0.1610666614	-0.1612613200	-0.1614633866	-0.1616728947	-0.1618898746	-0.1621143386	-0.1623462930	-0.1625858046	-0.1628331704	-0.1630890418	-0.1633538909	-0.1636259161	-0.1638979442	-0.1641587038	-0.1644089610	-0.1646960844	-0.1651389815	-0.1658887435	-0.1670237899	-0.1684871561	-0.1701402509	-0.1718590138	-0.1735795286	-0.1752867903	-0.1769863862	-0.1786858136	-0.1803886723	-0.1820953774	-0.1838050687	-0.1855167390	-0.1872295725	-0.1889429084	-0.1906561434	-0.1923686706	-0.1940798600	-0.1957890601	-0.1974955984	-0.1991987875	-0.2008979279	-0.2025923072	-0.2042811987	-0.2059638592	-0.2076395291	-0.2093074325	-0.2109667822	-0.2126167789	-0.2142566139	-0.2158854708	-0.2175025229	-0.2191069352	-0.2206978627	-0.2222744514	-0.2238358375	-0.2253811452	-0.2269094873	-0.2284199677	-0.2299116883	-0.2313837481	-0.2328352451	-0.2342652761	-0.2356729365	-0.2370573206	-0.2384175223	-0.2397526350	-0.2410617491	-0.2423439546	-0.2435983428	-0.2448240121	-0.2460200721	-0.2471856450	-0.2483198628	-0.2494218681	-0.2504908135	-0.2515258603	-0.2525261773	-0.2534909390	-0.2544193314	-0.2553105646	-0.2561638766	-0.2569785282	-0.2577538009	-0.2584889981	-0.2591834429	-0.2598364779	-0.2604474623	-0.2610157734	-0.2615408210	-0.2620220544	-0.2624589578	-0.2628510456	-0.2631978612	-0.2634989770	-0.2637539944	-0.2639625419	-0.2641242793	-0.2642389061	-0.2643061657	-0.2643258418	-0.2642977550	-0.2642217608	-0.2640977490	-0.2639256444	-0.2637054069	-0.2634370362	-0.2631205764	-0.2627561140	-0.2623437743	-0.2618837193	-0.2613761477	-0.2608212963	-0.2602194384	-0.2595708886	-0.2588760015	-0.2581351688	-0.2573488186	-0.2565174129	-0.2556414466	-0.2547214493	-0.2537579866	-0.2527516609	-0.2517031111	-0.2506130049	-0.2494820378	-0.2483109326	-0.2471004394	-0.2458513343	-0.2445644179	-0.2432405185	-0.2418804950	-0.2404852337	-0.2390556381	-0.2375926278	-0.2360971375	-0.2345701186	-0.2330125360	-0.2314253701	-0.2298096141	-0.2281662766	-0.2264963842	-0.2248009746	-0.2230810898	-0.2213377737	-0.2195720706	-0.2177850289	-0.2159776992	-0.2141511341	-0.2123063857	-0.2104445062	-0.2085665498	-0.2066735707	-0.2047666182	-0.2028467327	-0.2009149445	-0.1989722750	-0.1970197369	-0.1950583329	-0.1930890546	-0.1911128825	-0.1891307842	-0.1871437152	-0.1851526163	-0.1831584162	-0.1811620260	-0.1791643417	-0.1771662422	-0.1751685914	-0.1731722354	-0.1711780012	-0.1691866945	-0.1671990983	-0.1652159732	-0.1632380551	-0.1612660696	-0.1593007640	-0.1573429603	-0.1553935667	-0.1534533794	-0.1515224548	-0.1495991351	-0.1476798546	-0.1457625305	-0.1438564883	-0.1419963736	-0.1402456807	-0.1386710502	-0.1372944217	-0.1360711192	-0.1349251249	-0.1337998060	-0.1326739992	-0.1315481665	-0.1304278417	-0.1293164002	-0.1282147110	-0.1271226348	-0.1260399668	-0.1249666581	-0.1239027509	-0.1228483057	-0.1218033678	-0.1207679672	-0.1197421240	-0.1187258506	-0.1177191525	-0.1167220284	-0.1157344721	-0.1147564707	-0.1137880070	-0.1128290576	-0.1118795942	-0.1109395848	-0.1100089925	-0.1090877765	-0.1081758926	-0.1072732920	-0.1063799238	-0.1054957331	-0.1046206635	-0.1037546549	-0.1028976463	-0.1020495739	-0.1012103686	-0.1003799600	-0.0995582744	-0.0987452551	-0.0979408858	-0.0971451935	-0.0963581084	-0.0955790133	-0.0948061347
-0.1600483200	-0.1600438769	-0.1600435341	-0.1600497174	-0.1600631813	-0.1600839092	-0.1601117555	-0.1601466368	-0.1601885345	-0.1602374521	-0.1602933971	-0.1603563750	-0.1604263914	-0.1605034520	-0.1605875636	-0.1606787332	-0.1607769726	-0.1608822917	-0.1609947047	-0.1611142269	-0.1612408741	-0.1613746672	-0.1615156254	-0.1616637696	-0.1618191251	-0.1619817144	-0.1621515634	-0.1623286999	-0.1625131502	-0.1627049446	-0.1629041136	-0.1631106912	-0.1633247088	-0.1635461915	-0.1637751481	-0.1640115814	-0.1642555728	-0.1645074612	-0.1647679245	-0.1650372967	-0.1653133007	-0.1655881733	-0.1658510194	-0.1661055119	-0.1664038878	-0.1668670410	-0.1676406063	-0.1687935234	-0.1702641290	-0.1719162748	-0.1736305527	-0.1753457751	-0.1770474663	-0.1787409016	-0.1804333379	-0.1821283665	-0.1838264767	-0.1855268479	-0.1872284730	-0.1889305132	-0.1906322839	-0.1923331634	-0.1940325301	-0.1957297447	-0.1974241442	-0.1991150467	-0.2008017557	-0.2024835611	-0.2041597401	-0.2058295564	-0.2074922573	-0.2091470770	-0.2107932360	-0.2124299429	-0.2140563951	-0.2156717803	-0.2172752780	-0.2188660585	-0.2204432847	-0.2220061117	-0.2235536839	-0.2250851336	-0.2265995844	-0.2280961512	-0.2295739475	-0.2310320840	-0.2324696704	-0.2338858146	-0.2352796216	-0.2366501966	-0.2379966440	-0.2393180681	-0.2406135691	-0.2418822454	-0.2431231982	-0.2443355424	-0.2455184050	-0.2466709220	-0.2477922369	-0.2488815034	-0.2499378851	-0.2509605553	-0.2519486941	-0.2529014883	-0.2538181379	-0.2546978681	-0.2555399301	-0.2563435958	-0.2571081585	-0.2578329337	-0.2585172572	-0.2591604801	-0.2597619692	-0.2603211154	-0.2608373430	-0.2613101133	-0.2617389198	-0.2621232848	-0.2624627607	-0.2627569292	-0.2630053999	-0.2632078082	-0.2633638228	-0.2634731518	-0.2635355455	-0.2635507933	-0.2635187197	-0.2634391848	-0.2633120827	-0.2631373408	-0.2629149229	-0.2626448323	-0.2623271149	-0.2619618587	-0.2615491894	-0.2610892687	-0.2605822956	-0.2600285044	-0.2594281673	-0.2587815963	-0.2580891436	-0.2573511981	-0.2565681837	-0.2557405578	-0.2548688098	-0.2539534623	-0.2529950735	-0.2519942386	-0.2509515883	-0.2498677842	-0.2487435140	-0.2475794921	-0.2463764592	-0.2451351820	-0.2438564524	-0.2425410858	-0.2411899275	-0.2398038510	-0.2383837509	-0.2369305366	-0.2354451311	-0.2339284735	-0.2323815167	-0.2308052272	-0.2292005867	-0.2275685903	-0.2259102498	-0.2242265898	-0.2225186395	-0.2207874294	-0.2190339929	-0.2172593658	-0.2154645860	-0.2136506928	-0.2118187256	-0.2099697247	-0.2081047302	-0.2062247826	-0.2043309203	-0.2024241727	-0.2005055602	-0.1985760932	-0.1966367734	-0.1946885918	-0.1927325303	-0.1907695582	-0.1888006322	-0.1868266956	-0.1848486784	-0.1828674989	-0.1808840629	-0.1788992609	-0.1769139673	-0.1749290383	-0.1729453099	-0.1709635989	-0.1689847001	-0.1670093856	-0.1650384069	-0.1630725077	-0.1611124555	-0.1591590933	-0.1572133394	-0.1552759762	-0.1533470262	-0.1514248301	-0.1495059286	-0.1475883832	-0.1456812905	-0.1438181269	-0.1420605569	-0.1404747471	-0.1390854983	-0.1378525762	-0.1367017621	-0.1355746668	-0.1344474922	-0.1333193952	-0.1321958485	-0.1310805739	-0.1299746870	-0.1288781199	-0.1277906661	-0.1267122696	-0.1256429801	-0.1245828711	-0.1235320040	-0.1224904235	-0.1214581627	-0.1204352457	-0.1194216914	-0.1184175103	-0.1174227075	-0.1164372817	-0.1154612253	-0.1144945266	-0.1135371667	-0.1125891227	-0.1116503679	-0.1107208706	-0.1098005946	-0.1088895004	-0.1079875455	-0.1070946818	-0.1062108602	-0.1053360279	-0.1044701299	-0.1036131081	-0.1027649034	-0.1019254518	-0.1010946855	-0.1002725358	-0.0994589492	-0.0986539123	-0.0978574535	-0.0970695068	-0.0962894683	-0.0955155981
-0.1615622798	-0.1615548035	-0.1615514558	-0.1615546578	-0.1615651623	-0.1615829541	-0.1616078828	-0.1616398656	-0.1616788808	-0.1617249316	-0.1617780223	-0.1618381576	-0.1619053395	-0.1619795718	-0.1620608597	-0.1621492075	-0.1622446245	-0.1623471202	-0.1624567073	-0.1625733982	-0.1626972082	-0.1628281555	-0.1629662564	-0.1631115312	-0.1632639993	-0.1634236835	-0.1635906062	-0.1637647907	-0.1639462624	-0.1641350480	-0.1643311750	-0.1645346709	-0.1647455675	-0.1649638941	-0.1651896712	-0.1654229003	-0.1656635843	-0.1659118191	-0.1661679823	-0.1664327690	-0.1667063726	-0.1669861088	-0.1672637837	-0.1675290087	-0.1677879356	-0.1680959839	-0.1685740888	-0.1693625612	-0.1705237545	-0.1719943865	-0.1736416095	-0.1753496487	-0.1770586876	-0.1787539608	-0.1804401804	-0.1821243976	-0.1838102860	-0.1854984656	-0.1871881804	-0.1888784262	-0.1905683405	-0.1922572099	-0.1939443920	-0.1956292515	-0.1973111385	-0.1989893820	-0.2006632906	-0.2023321584	-0.2039952654	-0.2056518794	-0.2073012551	-0.2089426370	-0.2105752545	-0.2121983252	-0.2138110538	-0.2154126345	-0.2170022518	-0.2185790830	-0.2201422972	-0.2216910560	-0.2232245107	-0.2247418031	-0.2262420669	-0.2277244307	-0.2291880207	-0.2306319597	-0.2320553680	-0.2334573629	-0.2348370619	-0.2361935804	-0.2375260333	-0.2388335334	-0.2401151906	-0.2413701159	-0.2425974255	-0.2437962485	-0.2449657237	-0.2461049995	-0.2472132331	-0.2482895913	-0.2493332497	-0.2503433910	-0.2513192040	-0.2522598865	-0.2531646570	-0.2540327587	-0.2548634557	-0.2556560325	-0.2564097936	-0.2571240640	-0.2577981877	-0.2584315246	-0.2590234527	-0.2595733772	-0.2600807369	-0.2605450037	-0.2609656803	-0.2613422990	-0.2616744214	-0.2619616379	-0.2622035642	-0.2623998429	-0.2625501504	-0.2626542036	-0.2627117606	-0.2627226163	-0.2626866002	-0.2626035769	-0.2624734445	-0.2622961341	-0.2620716124	-0.2617998857	-0.2614810028	-0.2611150523	-0.2607021607	-0.2602424896	-0.2597362367	-0.2591836351	-0.2585849555	-0.2579405074	-0.2572506386	-0.2565157352	-0.2557362170	-0.2549125368	-0.2540451802	-0.2531346642	-0.2521815392	-0.2511863920	-0.2501498454	-0.2490725546	-0.2479551991	-0.2467984838	-0.2456031397	-0.2443699232	-0.2430996167	-0.2417930263	-0.2404509846	-0.2390743522	-0.2376640130	-0.2362208647	-0.2347458181	-0.2332398000	-0.2317037530	-0.2301386323	-0.2285454067	-0.2269250574	-0.2252785790	-0.2236069817	-0.2219112826	-0.2201925016	-0.2184516596	-0.2166897789	-0.2149078853	-0.2131070058	-0.2112881680	-0.2094523993	-0.2076007255	-0.2057341743	-0.2038537707	-0.2019605331	-0.2000554719	-0.1981395862	-0.1962138664	-0.1942792923	-0.1923368349	-0.1903874514	-0.1884320877	-0.1864716759	-0.1845071380	-0.1825393833	-0.1805693114	-0.1785978063	-0.1766257337	-0.1746539398	-0.1726832503	-0.1707144696	-0.1687483823	-0.1667857539	-0.1648273460	-0.1628739502	-0.1609264300	-0.1589857103	-0.1570525468	-0.1551268950	-0.1532070420	-0.1512896208	-0.1493729838	-0.1474664398	-0.1456029829	-0.1438428978	-0.1422513360	-0.1408543728	-0.1396148676	-0.1384604759	-0.1373320616	-0.1362039778	-0.1350742329	-0.1339481722	-0.1328297786	-0.1317203816	-0.1306199913	-0.1295284023	-0.1284455546	-0.1273715038	-0.1263063369	-0.1252501313	-0.1242029448	-0.1231648249	-0.1221358089	-0.1211159277	-0.1201052035	-0.1191036540	-0.1181112884	-0.1171281112	-0.1161541196	-0.1151893066	-0.1142336586	-0.1132871579	-0.1123497825	-0.1114215055	-0.1105022956	-0.1095921178	-0.1086909346	-0.1077987022	-0.1069153763	-0.1060409089	-0.1051752483	-0.1043183412	-0.1034701313	-0.1026305598	-0.1017995618	-0.1009770736	-0.1001630448	-0.0993574644	-0.0985603629	-0.0977716778	-0.0969908184	-0.0962160776
-0.1630659772	-0.1630553821	-0.1630489422	-0.1630490750	-0.1630565326	-0.1630712957	-0.1630932144	-0.1631222030	-0.1631582400	-0.1632013242	-0.1632514603	-0.1633086492	-0.1633728901	-0.1634441856	-0.1635225367	-0.1636079499	-0.1637004297	-0.1637999868	-0.1639066304	-0.1640203715	-0.1641412241	-0.1642692017	-0.1644043202	-0.1645465974	-0.1646960484	-0.1648526955	-0.1650165559	-0.1651876513	-0.1653660053	-0.1655516401	-0.1657445799	-0.1659448489	-0.1661524742	-0.1663674844	-0.1665899042	-0.1668197502	-0.1670570174	-0.1673017082	-0.1675539363	-0.1678141135	-0.1680829388	-0.1683604633	-0.1686436513	-0.1689240416	-0.1691918722	-0.1694551108	-0.1697706955	-0.1702580375	-0.1710525602	-0.1722127582	-0.1736764493	-0.1753148308	-0.1770148474	-0.1787167976	-0.1804048244	-0.1820828000	-0.1837575890	-0.1854330443	-0.1871099744	-0.1887877113	-0.1904652601	-0.1921417311	-0.1938163818	-0.1954885458	-0.1971575735	-0.1988228055	-0.2004835620	-0.2021391443	-0.2037888360	-0.2054319096	-0.2070676267	-0.2086952379	-0.2103139835	-0.2119230898	-0.2135217702	-0.2151092279	-0.2166846544	-0.2182472330	-0.2197961394	-0.2213305402	-0.2228495933	-0.2243524490	-0.2258382523	-0.2273061450	-0.2287552655	-0.2301847496	-0.2315937290	-0.2329813311	-0.2343466835	-0.2356889135	-0.2370071467	-0.2383005046	-0.2395681070	-0.2408090765	-0.2420225469	-0.2432076626	-0.2443635750	-0.2454894436	-0.2465844364	-0.2476477316	-0.2486785164	-0.2496759858	-0.2506393394	-0.2515677883	-0.2524605665	-0.2533169315	-0.2541361601	-0.2549175502	-0.2556604195	-0.2563641041	-0.2570279566	-0.2576513467	-0.2582336642	-0.2587743256	-0.2592727812	-0.2597285142	-0.2601410376	-0.2605098940	-0.2608346543	-0.2611149165	-0.2613503039	-0.2615404657	-0.2616850865	-0.2617838920	-0.2618366472	-0.2618431528	-0.2618032445	-0.2617167901	-0.2615836915	-0.2614038837	-0.2611773361	-0.2609040582	-0.2605841009	-0.2602175539	-0.2598045438	-0.2593452331	-0.2588398178	-0.2582885302	-0.2576916396	-0.2570494524	-0.2563623133	-0.2556306033	-0.2548547387	-0.2540351681	-0.2531723725	-0.2522668638	-0.2513191852	-0.2503299150	-0.2492996667	-0.2482290868	-0.2471188483	-0.2459696479	-0.2447822074	-0.2435572738	-0.2422956193	-0.2409980395	-0.2396653547	-0.2382984119	-0.2368980823	-0.2354652535	-0.2340008264	-0.2325057165	-0.2309808534	-0.2294271797	-0.2278456499	-0.2262372321	-0.2246029074	-0.2229436699	-0.2212605246	-0.2195544788	-0.2178265413	-0.2160777228	-0.2143090366	-0.2125214975	-0.2107161203	-0.2088939193	-0.2070559081	-0.2052030994	-0.2033365045	-0.2014571311	-0.1995659776	-0.1976640330	-0.1957522755	-0.1938316740	-0.1919031865	-0.1899677595	-0.1880263285	-0.1860798182	-0.1841291425	-0.1821752029	-0.1802188888	-0.1782610743	-0.1763026149	-0.1743443455	-0.1723870802	-0.1704316139	-0.1684787258	-0.1665291970	-0.1645838424	-0.1626435475	-0.1607092388	-0.1587816292	-0.1568605781	-0.1549442725	-0.1530294208	-0.1511148254	-0.1492104507	-0.1473494618	-0.1455911727	-0.1439992271	-0.1425995319	-0.1413567409	-0.1402003034	-0.1390711837	-0.1379426772	-0.1368119082	-0.1356840315	-0.1345632259	-0.1334510086	-0.1323474634	-0.1312523930	-0.1301657332	-0.1290875465	-0.1280179331	-0.1269569845	-0.1259047743	-0.1248613624	-0.1238267993	-0.1228011279	-0.1217843843	-0.1207765962	-0.1197777858	-0.1187879679	-0.1178071507	-0.1168353380	-0.1158725258	-0.1149187063	-0.1139738676	-0.1130379907	-0.1121110541	-0.1111930310	-0.1102838912	-0.1093836009	-0.1084921221	-0.1076094149	-0.1067354338	-0.1058701332	-0.1050134632	-0.1041653714	-0.1033258019	-0.1024946949	-0.1016719902	-0.1008576401	-0.1000516371	-0.0992540131	-0.0984647087	-0.0976831467	-0.0969076537
-0.1645593842	-0.1645455862	-0.1645359679	-0.1645329445	-0.1645372659	-0.1645489111	-0.1645677274	-0.1645936287	-0.1646265906	-0.1646666103	-0.1647136898	-0.1647678276	-0.1648290221	-0.1648972717	-0.1649725774	-0.1650549446	-0.1651443759	-0.1652408809	-0.1653444649	-0.1654551394	-0.1655729153	-0.1656978025	-0.1658298154	-0.1659689679	-0.1661152749	-0.1662687524	-0.1664294193	-0.1665972915	-0.1667723905	-0.1669547342	-0.1671443444	-0.1673412431	-0.1675454523	-0.1677569953	-0.1679758971	-0.1682021804	-0.1684358536	-0.1686769105	-0.1689253521	-0.1691813076	-0.1694452158	-0.1697177617	-0.1699988607	-0.1702852159	-0.1705682931	-0.1708389062	-0.1711060679	-0.1714266917	-0.1719173773	-0.1727092106	-0.1738593248	-0.1753091247	-0.1769346292	-0.1786247353	-0.1803186601	-0.1819986182	-0.1836673389	-0.1853315434	-0.1869953232	-0.1886597153	-0.1903241709	-0.1919877203	-0.1936494498	-0.1953085833	-0.1969644299	-0.1986163260	-0.2002636007	-0.2019055663	-0.2035415156	-0.2051707286	-0.2067924718	-0.2084060024	-0.2100105667	-0.2116054000	-0.2131897267	-0.2147627589	-0.2163236980	-0.2178717350	-0.2194060511	-0.2209258190	-0.2224302034	-0.2239183622	-0.2253894513	-0.2268426255	-0.2282770348	-0.2296918255	-0.2310861413	-0.2324591223	-0.2338099081	-0.2351376356	-0.2364414390	-0.2377204497	-0.2389738002	-0.2402006284	-0.2414000833	-0.2425713206	-0.2437135047	-0.2448258085	-0.2459074129	-0.2469575067	-0.2479752876	-0.2489599591	-0.2499107312	-0.2508268333	-0.2517075161	-0.2525520497	-0.2533597243	-0.2541298499	-0.2548617541	-0.2555547825	-0.2562082993	-0.2568216856	-0.2573943431	-0.2579257014	-0.2584152226	-0.2588624005	-0.2592667593	-0.2596278496	-0.2599452504	-0.2602185660	-0.2604474266	-0.2606314899	-0.2607704496	-0.2608640403	-0.2609120332	-0.2609142356	-0.2608704874	-0.2607806613	-0.2606446628	-0.2604624294	-0.2602339344	-0.2599591900	-0.2596382490	-0.2592712028	-0.2588581783	-0.2583993370	-0.2578948748	-0.2573450233	-0.2567500495	-0.2561102569	-0.2554259871	-0.2546976170	-0.2539255577	-0.2531102532	-0.2522521792	-0.2513518422	-0.2504097803	-0.2494265641	-0.2484027985	-0.2473391204	-0.2462361950	-0.2450947116	-0.2439153824	-0.2426989437	-0.2414461568	-0.2401578069	-0.2388347037	-0.2374776824	-0.2360876015	-0.2346653376	-0.2332117799	-0.2317278307	-0.2302144072	-0.2286724399	-0.2271028711	-0.2255066556	-0.2238847600	-0.2222381636	-0.2205678576	-0.2188748374	-0.2171601006	-0.2154246458	-0.2136694729	-0.2118955838	-0.2101039812	-0.2082956670	-0.2064716416	-0.2046329031	-0.2027804493	-0.2009152753	-0.1990383677	-0.1971507044	-0.1952532513	-0.1933469662	-0.1914327946	-0.1895116746	-0.1875845330	-0.1856522875	-0.1837158423	-0.1817760893	-0.1798339055	-0.1778901519	-0.1759456730	-0.1740012925	-0.1720578158	-0.1701160369	-0.1681767550	-0.1662408095	-0.1643091062	-0.1623825624	-0.1604618256	-0.1585466296	-0.1566350376	-0.1547238393	-0.1528124407	-0.1509119224	-0.1490562593	-0.1473041415	-0.1457171881	-0.1443197808	-0.1430771470	-0.1419203815	-0.1407912757	-0.1396628358	-0.1385316420	-0.1374026502	-0.1362801475	-0.1351658039	-0.1340597759	-0.1329618803	-0.1318720508	-0.1307903560	-0.1297169097	-0.1286518187	-0.1275951712	-0.1265470397	-0.1255074887	-0.1244765721	-0.1234543391	-0.1224408295	-0.1214360770	-0.1204401073	-0.1194529406	-0.1184745898	-0.1175050635	-0.1165443619	-0.1155924832	-0.1146494184	-0.1137151541	-0.1127896725	-0.1118729521	-0.1109649667	-0.1100656868	-0.1091750794	-0.1082931076	-0.1074197315	-0.1065549090	-0.1056985938	-0.1048507377	-0.1040112891	-0.1031801917	-0.1023573883	-0.1015428347	-0.1007365255	-0.0999384958	-0.0991486880	-0.0983665385	-0.0975904083
-0.1660424773	-0.1660253910	-0.1660125112	-0.1660062457	-0.1660073424	-0.1660157795	-0.1660314011	-0.1660541221	-0.1660839130	-0.1661207706	-0.1661646915	-0.1662156748	-0.1662737173	-0.1663388138	-0.1664109683	-0.1664901811	-0.1665764556	-0.1666697952	-0.1667702078	-0.1668777003	-0.1669922802	-0.1671139576	-0.1672427433	-0.1673786474	-0.1675216836	-0.1676718648	-0.1678292066	-0.1679937232	-0.1681654317	-0.1683443481	-0.1685304903	-0.1687238771	-0.1689245264	-0.1691324574	-0.1693476915	-0.1695702500	-0.1698001512	-0.1700374003	-0.1702819838	-0.1705339045	-0.1707933029	-0.1710606327	-0.1713365575	-0.1716208820	-0.1719101587	-0.1721959151	-0.1724694163	-0.1727399438	-0.1730629724	-0.1735511674	-0.1743317651	-0.1754627547	-0.1768915079	-0.1784998095	-0.1801779130	-0.1818627747	-0.1835338247	-0.1851923985	-0.1868449824	-0.1884959051	-0.1901464948	-0.1917963818	-0.1934446426	-0.1950903454	-0.1967326837	-0.1983709396	-0.2000044296	-0.2016324718	-0.2032543717	-0.2048694186	-0.2064768890	-0.2080760457	-0.2096661399	-0.2112464148	-0.2128161035	-0.2143744274	-0.2159205988	-0.2174538184	-0.2189732751	-0.2204781487	-0.2219676103	-0.2234408284	-0.2248969686	-0.2263351957	-0.2277546697	-0.2291545480	-0.2305339861	-0.2318921365	-0.2332281502	-0.2345411747	-0.2358303545	-0.2370948316	-0.2383337511	-0.2395462664	-0.2407315410	-0.2418887444	-0.2430170528	-0.2441156503	-0.2451837294	-0.2462204919	-0.2472251465	-0.2481969062	-0.2491349947	-0.2500386552	-0.2509071528	-0.2517397710	-0.2525358139	-0.2532946036	-0.2540154789	-0.2546977963	-0.2553409303	-0.2559442719	-0.2565072336	-0.2570292578	-0.2575098198	-0.2579484256	-0.2583446090	-0.2586979296	-0.2590079738	-0.2592743530	-0.2594967038	-0.2596746931	-0.2598080242	-0.2598964393	-0.2599397168	-0.2599376685	-0.2598901382	-0.2597970032	-0.2596581728	-0.2594735879	-0.2592432250	-0.2589670994	-0.2586452656	-0.2582778162	-0.2578648787	-0.2574066137	-0.2569032167	-0.2563549179	-0.2557619824	-0.2551247116	-0.2544434440	-0.2537185530	-0.2529504448	-0.2521395579	-0.2512863619	-0.2503913585	-0.2494550795	-0.2484780884	-0.2474609827	-0.2464043889	-0.2453089626	-0.2441753847	-0.2430043600	-0.2417966156	-0.2405529022	-0.2392739939	-0.2379606894	-0.2366138112	-0.2352342043	-0.2338227333	-0.2323802767	-0.2309077247	-0.2294059828	-0.2278759688	-0.2263186123	-0.2247348548	-0.2231256487	-0.2214919599	-0.2198347653	-0.2181550478	-0.2164537928	-0.2147319864	-0.2129906160	-0.2112306710	-0.2094531409	-0.2076590145	-0.2058492796	-0.2040249210	-0.2021869220	-0.2003362633	-0.1984739206	-0.1966008585	-0.1947180325	-0.1928263885	-0.1909268646	-0.1890203891	-0.1871078805	-0.1851902468	-0.1832683815	-0.1813431636	-0.1794154577	-0.1774861111	-0.1755559565	-0.1736258109	-0.1716964845	-0.1697687971	-0.1678436117	-0.1659218495	-0.1640044044	-0.1620918262	-0.1601836791	-0.1582778900	-0.1563713904	-0.1544643844	-0.1525695339	-0.1507222498	-0.1489808624	-0.1474043533	-0.1460142487	-0.1447752422	-0.1436199481	-0.1424916423	-0.1413637644	-0.1402327132	-0.1391032839	-0.1379797967	-0.1368640261	-0.1357561917	-0.1346561285	-0.1335637733	-0.1324792017	-0.1314025397	-0.1303339093	-0.1292734135	-0.1282211391	-0.1271771628	-0.1261415520	-0.1251143665	-0.1240956590	-0.1230854745	-0.1220838503	-0.1210908176	-0.1201064000	-0.1191306169	-0.1181634787	-0.1172049927	-0.1162551605	-0.1153139767	-0.1143814335	-0.1134575171	-0.1125422102	-0.1116354913	-0.1107373338	-0.1098477103	-0.1089665873	-0.1080939297	-0.1072296988	-0.1063738525	-0.1055263469	-0.1046871334	-0.1038561592	-0.1030333706	-0.1022187278	-0.1014122263	-0.1006139037	-0.0998237052	-0.0990410806	-0.0982644243
-0.1675152353	-0.1674947774	-0.1674785520	-0.1674689590	-0.1674667447	-0.1674718841	-0.1674842221	-0.1675036668	-0.1675301903	-0.1675637855	-0.1676044492	-0.1676521759	-0.1677069619	-0.1677688036	-0.1678377013	-0.1679136534	-0.1679966624	-0.1680867280	-0.1681838579	-0.1682880544	-0.1683993235	-0.1685176726	-0.1686431101	-0.1687756444	-0.1689152861	-0.1690620450	-0.1692159330	-0.1693769644	-0.1695451497	-0.1697205053	-0.1699030435	-0.1700927795	-0.1702897279	-0.1704939053	-0.1707053274	-0.1709240125	-0.1711499791	-0.1713832405	-0.1716237979	-0.1718716315	-0.1721267438	-0.1723892831	-0.1726597097	-0.1729386624	-0.1732258661	-0.1735178291	-0.1738062480	-0.1740826905	-0.1743559769	-0.1746788662	-0.1751590285	-0.1759201117	-0.1770228502	-0.1784229702	-0.1800092606	-0.1816729478	-0.1833476066	-0.1850090554	-0.1866567443	-0.1882967473	-0.1899336627	-0.1915692065	-0.1932032469	-0.1948349415	-0.1964633549	-0.1980876441	-0.1997070597	-0.2013208977	-0.2029284658	-0.2045290635	-0.2061219785	-0.2077064824	-0.2092818347	-0.2108472846	-0.2124020714	-0.2139454263	-0.2154765703	-0.2169947141	-0.2184990569	-0.2199887873	-0.2214630869	-0.2229211344	-0.2243621050	-0.2257851712	-0.2271895032	-0.2285742689	-0.2299386333	-0.2312817618	-0.2326028160	-0.2339009542	-0.2351753319	-0.2364251035	-0.2376494294	-0.2388474781	-0.2400184244	-0.2411614505	-0.2422757465	-0.2433605090	-0.2444149421	-0.2454382586	-0.2464296764	-0.2473884201	-0.2483137295	-0.2492048627	-0.2500610981	-0.2508817332	-0.2516660828	-0.2524134790	-0.2531232719	-0.2537948308	-0.2544275406	-0.2550208028	-0.2555740418	-0.2560867131	-0.2565583053	-0.2569883347	-0.2573763434	-0.2577218988	-0.2580245950	-0.2582840519	-0.2584999138	-0.2586718572	-0.2587995941	-0.2588828741	-0.2589214821	-0.2589152347	-0.2588639803	-0.2587675996	-0.2586260054	-0.2584391432	-0.2582069924	-0.2579295708	-0.2576069351	-0.2572391783	-0.2568264279	-0.2563688450	-0.2558666245	-0.2553199945	-0.2547292178	-0.2540945948	-0.2534164604	-0.2526951837	-0.2519311671	-0.2511248431	-0.2502766755	-0.2493871598	-0.2484568211	-0.2474862164	-0.2464759356	-0.2454265972	-0.2443388470	-0.2432133573	-0.2420508239	-0.2408519650	-0.2396175201	-0.2383482523	-0.2370449487	-0.2357084192	-0.2343394967	-0.2329390342	-0.2315078986	-0.2300469684	-0.2285571363	-0.2270393074	-0.2254944001	-0.2239233426	-0.2223270746	-0.2207065464	-0.2190627204	-0.2173965671	-0.2157090593	-0.2140011710	-0.2122738768	-0.2105281529	-0.2087649758	-0.2069853216	-0.2051901647	-0.2033804765	-0.2015572260	-0.1997213800	-0.1978739005	-0.1960157417	-0.1941478490	-0.1922711588	-0.1903866010	-0.1884950939	-0.1865975453	-0.1846948502	-0.1827878907	-0.1808775322	-0.1789646268	-0.1770500108	-0.1751345112	-0.1732189540	-0.1713041841	-0.1693910890	-0.1674805975	-0.1655735621	-0.1636703981	-0.1617704520	-0.1598715021	-0.1579707118	-0.1560693330	-0.1541820884	-0.1523464976	-0.1506206948	-0.1490602288	-0.1476823966	-0.1464503923	-0.1452983356	-0.1441716263	-0.1430448090	-0.1419144500	-0.1407852389	-0.1396614683	-0.1385449648	-0.1374359997	-0.1363344269	-0.1352401909	-0.1341533743	-0.1330741158	-0.1320025522	-0.1309388010	-0.1298829628	-0.1288351273	-0.1277953759	-0.1267637794	-0.1257404032	-0.1247253030	-0.1237185277	-0.1227201194	-0.1217301136	-0.1207485390	-0.1197754175	-0.1188107653	-0.1178545940	-0.1169069081	-0.1159677082	-0.1150369897	-0.1141147436	-0.1132009562	-0.1122956105	-0.1113986842	-0.1105101529	-0.1096299878	-0.1087581575	-0.1078946275	-0.1070393603	-0.1061923148	-0.1053534462	-0.1045227050	-0.1037000422	-0.1028854197	-0.1020788364	-0.1012803298	-0.1004898498	-0.0997068587	-0.0989297848
-0.1689776407	-0.1689537296	-0.1689340736	-0.1689210698	-0.1689154570	-0.1689172110	-0.1689261726	-0.1689422486	-0.1689654074	-0.1689956426	-0.1690329483	-0.1690773190	-0.1691287497	-0.1691872359	-0.1692527736	-0.1693253601	-0.1694049963	-0.1694916814	-0.1695854167	-0.1696862045	-0.1697940497	-0.1699089551	-0.1700309266	-0.1701599716	-0.1702960969	-0.1704393101	-0.1705896199	-0.1707470374	-0.1709115717	-0.1710832328	-0.1712620330	-0.1714479820	-0.1716410926	-0.1718413767	-0.1720488472	-0.1722635167	-0.1724854013	-0.1727145145	-0.1729508659	-0.1731944494	-0.1734452421	-0.1737032445	-0.1739686087	-0.1742417942	-0.1745234097	-0.1748131392	-0.1751075471	-0.1753985905	-0.1756780024	-0.1759535100	-0.1762740235	-0.1767411211	-0.1774747387	-0.1785398881	-0.1799032149	-0.1814622268	-0.1831089153	-0.1847721264	-0.1864231809	-0.1880592195	-0.1896857088	-0.1913075079	-0.1929267962	-0.1945437448	-0.1961576259	-0.1977675086	-0.1993725183	-0.2009718728	-0.2025648473	-0.2041507380	-0.2057288370	-0.2072984280	-0.2088587817	-0.2104091543	-0.2119487936	-0.2134769376	-0.2149928153	-0.2164956458	-0.2179846388	-0.2194589938	-0.2209179069	-0.2223605664	-0.2237861579	-0.2251938631	-0.2265828608	-0.2279523285	-0.2293014411	-0.2306293733	-0.2319352982	-0.2332183850	-0.2344777999	-0.2357127119	-0.2369222966	-0.2381057371	-0.2392622217	-0.2403909447	-0.2414911072	-0.2425619182	-0.2436025945	-0.2446123606	-0.2455904445	-0.2465360840	-0.2474485326	-0.2483270633	-0.2491709680	-0.2499795571	-0.2507521583	-0.2514881139	-0.2521867858	-0.2528475532	-0.2534698101	-0.2540529685	-0.2545964662	-0.2550997736	-0.2555623906	-0.2559838433	-0.2563636822	-0.2567014831	-0.2569968484	-0.2572494059	-0.2574588093	-0.2576247424	-0.2577469261	-0.2578251170	-0.2578591053	-0.2578487130	-0.2577937934	-0.2576942315	-0.2575499439	-0.2573608791	-0.2571270198	-0.2568483868	-0.2565250385	-0.2561570688	-0.2557446052	-0.2552878084	-0.2547868721	-0.2542420235	-0.2536535235	-0.2530216684	-0.2523467911	-0.2516292572	-0.2508694641	-0.2500678402	-0.2492248437	-0.2483409624	-0.2474167161	-0.2464526544	-0.2454493584	-0.2444074394	-0.2433275342	-0.2422103048	-0.2410564374	-0.2398666406	-0.2386416453	-0.2373822041	-0.2360890918	-0.2347631061	-0.2334050682	-0.2320158178	-0.2305962100	-0.2291471126	-0.2276694061	-0.2261639838	-0.2246317510	-0.2230736229	-0.2214905258	-0.2198833962	-0.2182531818	-0.2166008392	-0.2149273289	-0.2132336124	-0.2115206517	-0.2097894093	-0.2080408493	-0.2062759339	-0.2044956240	-0.2027008781	-0.2008926511	-0.1990718963	-0.1972395623	-0.1953965945	-0.1935439292	-0.1916824934	-0.1898132051	-0.1879369717	-0.1860546878	-0.1841672359	-0.1822754836	-0.1803802859	-0.1784824852	-0.1765829172	-0.1746824223	-0.1727818679	-0.1708821647	-0.1689842417	-0.1670888873	-0.1651963469	-0.1633057111	-0.1614146253	-0.1595206515	-0.1576263721	-0.1557489330	-0.1539285007	-0.1522233645	-0.1506846894	-0.1493240075	-0.1481021708	-0.1469549725	-0.1458306063	-0.1447053373	-0.1435762096	-0.1424478582	-0.1413244941	-0.1402079474	-0.1390985223	-0.1379960947	-0.1369006195	-0.1358121889	-0.1347309540	-0.1336570647	-0.1325906530	-0.1315318331	-0.1304807080	-0.1294373716	-0.1284019090	-0.1273743959	-0.1263549006	-0.1253434830	-0.1243401966	-0.1233450868	-0.1223581926	-0.1213795479	-0.1204091775	-0.1194471036	-0.1184933402	-0.1175478964	-0.1166107780	-0.1156819831	-0.1147615071	-0.1138493406	-0.1129454701	-0.1120498784	-0.1111625436	-0.1102834412	-0.1094125441	-0.1085498207	-0.1076952376	-0.1068487576	-0.1060103398	-0.1051799389	-0.1043575079	-0.1035430121	-0.1027364534	-0.1019378692	-0.1011472134	-0.1003639618	-0.0995865751
-0.1704296782	-0.1704022321	-0.1703790640	-0.1703625646	-0.1703534671	-0.1703517444	-0.1703572368	-0.1703698502	-0.1703895507	-0.1704163302	-0.1704501824	-0.1704911003	-0.1705390781	-0.1705941084	-0.1706561847	-0.1707253034	-0.1708014624	-0.1708846594	-0.1709748911	-0.1710721607	-0.1711764685	-0.1712878166	-0.1714062075	-0.1715316455	-0.1716641345	-0.1718036814	-0.1719502905	-0.1721039694	-0.1722647247	-0.1724325632	-0.1726074931	-0.1727895235	-0.1729786614	-0.1731749165	-0.1733782980	-0.1735888149	-0.1738064777	-0.1740312962	-0.1742632810	-0.1745024373	-0.1747487526	-0.1750021994	-0.1752627766	-0.1755306364	-0.1758062257	-0.1760901249	-0.1763820155	-0.1766786084	-0.1769722064	-0.1772546166	-0.1775319806	-0.1778483725	-0.1782980643	-0.1789967127	-0.1800149583	-0.1813333798	-0.1828598923	-0.1844860043	-0.1861354895	-0.1877749442	-0.1893985420	-0.1910106662	-0.1926163637	-0.1942182916	-0.1958169610	-0.1974118081	-0.1990019385	-0.2005864609	-0.2021645651	-0.2037355012	-0.2052985476	-0.2068529893	-0.2083981061	-0.2099331668	-0.2114574281	-0.2129701354	-0.2144705262	-0.2159578265	-0.2174312547	-0.2188900237	-0.2203333418	-0.2217604100	-0.2231704262	-0.2245625816	-0.2259360643	-0.2272900604	-0.2286237557	-0.2299363343	-0.2312269769	-0.2324948630	-0.2337391719	-0.2349590878	-0.2361538014	-0.2373225085	-0.2384644108	-0.2395787159	-0.2406646373	-0.2417213960	-0.2427482204	-0.2437443448	-0.2447090087	-0.2456414645	-0.2465409811	-0.2474068464	-0.2482383647	-0.2490348583	-0.2497956655	-0.2505201409	-0.2512076574	-0.2518576047	-0.2524693872	-0.2530424277	-0.2535761783	-0.2540701221	-0.2545237691	-0.2549366537	-0.2553083351	-0.2556383990	-0.2559264558	-0.2561721415	-0.2563751189	-0.2565350803	-0.2566517536	-0.2567249033	-0.2567543250	-0.2567398451	-0.2566813219	-0.2565786453	-0.2564317356	-0.2562405440	-0.2560050566	-0.2557252968	-0.2554013247	-0.2550332349	-0.2546211550	-0.2541652460	-0.2536656998	-0.2531227417	-0.2525366315	-0.2519076625	-0.2512361638	-0.2505224977	-0.2497670574	-0.2489702667	-0.2481325778	-0.2472544720	-0.2463364619	-0.2453790897	-0.2443829283	-0.2433485815	-0.2422766776	-0.2411678687	-0.2400228317	-0.2388422666	-0.2376268938	-0.2363774548	-0.2350947133	-0.2337794548	-0.2324324886	-0.2310546423	-0.2296467595	-0.2282096962	-0.2267443197	-0.2252515117	-0.2237321649	-0.2221871817	-0.2206174751	-0.2190239680	-0.2174075930	-0.2157692931	-0.2141100156	-0.2124307087	-0.2107323219	-0.2090158053	-0.2072821084	-0.2055321801	-0.2037669682	-0.2019874183	-0.2001944730	-0.1983890729	-0.1965721553	-0.1947446547	-0.1929074976	-0.1910615997	-0.1892078653	-0.1873471883	-0.1854804507	-0.1836085214	-0.1817322580	-0.1798525097	-0.1779701229	-0.1760859556	-0.1742008935	-0.1723158594	-0.1704317608	-0.1685492895	-0.1666684905	-0.1647881892	-0.1629059557	-0.1610200307	-0.1591348295	-0.1572702356	-0.1554689865	-0.1537895023	-0.1522781404	-0.1509391826	-0.1497303299	-0.1485893691	-0.1474679950	-0.1463447405	-0.1452173773	-0.1440905181	-0.1429682413	-0.1418523327	-0.1407431128	-0.1396404808	-0.1385444048	-0.1374549880	-0.1363723938	-0.1352967856	-0.1342283090	-0.1331670915	-0.1321132488	-0.1310668873	-0.1300281043	-0.1289969888	-0.1279736219	-0.1269580739	-0.1259504095	-0.1249506853	-0.1239589504	-0.1229752483	-0.1219996148	-0.1210320813	-0.1200726719	-0.1191214053	-0.1181782948	-0.1172433497	-0.1163165723	-0.1153979621	-0.1144875134	-0.1135852163	-0.1126910572	-0.1118050185	-0.1109270801	-0.1100572171	-0.1091954022	-0.1083416053	-0.1074957931	-0.1066579285	-0.1058279698	-0.1050058731	-0.1041916070	-0.1033851749	-0.1025866172	-0.1017958882	-0.1010124778	-0.1002348803
-0.1718713360	-0.1718402720	-0.1718135105	-0.1717934299	-0.1717807600	-0.1717754716	-0.1717774043	-0.1717864621	-0.1718026122	-0.1718258418	-0.1718561473	-0.1718935186	-0.1719379467	-0.1719894225	-0.1720479387	-0.1721134880	-0.1721860659	-0.1722656690	-0.1723522927	-0.1724459358	-0.1725465962	-0.1726542750	-0.1727689718	-0.1728906869	-0.1730194241	-0.1731551845	-0.1732979725	-0.1734477909	-0.1736046421	-0.1737685322	-0.1739394643	-0.1741174454	-0.1743024796	-0.1744945736	-0.1746937318	-0.1748999616	-0.1751132665	-0.1753336529	-0.1755611280	-0.1757956979	-0.1760373608	-0.1762860992	-0.1765418826	-0.1768047059	-0.1770747156	-0.1773523403	-0.1776381327	-0.1779318049	-0.1782302923	-0.1785263284	-0.1788117684	-0.1790908468	-0.1794020034	-0.1798309851	-0.1804884444	-0.1814520041	-0.1827181665	-0.1842044717	-0.1858038531	-0.1874362858	-0.1890627816	-0.1906732594	-0.1922704382	-0.1938592754	-0.1954428420	-0.1970220841	-0.1985966946	-0.2001658731	-0.2017287317	-0.2032844281	-0.2048321831	-0.2063712561	-0.2079009226	-0.2094204572	-0.2109291270	-0.2124261882	-0.2139108863	-0.2153824562	-0.2168401255	-0.2182831190	-0.2197106547	-0.2211219476	-0.2225162068	-0.2238926353	-0.2252504324	-0.2265887953	-0.2279069193	-0.2292039969	-0.2304792178	-0.2317317708	-0.2329608482	-0.2341656486	-0.2353453763	-0.2364992409	-0.2376264568	-0.2387262444	-0.2397978296	-0.2408404459	-0.2418533338	-0.2428357382	-0.2437869116	-0.2447061191	-0.2455926447	-0.2464457905	-0.2472648745	-0.2480492309	-0.2487982087	-0.2495111745	-0.2501875121	-0.2508266207	-0.2514279143	-0.2519908295	-0.2525148318	-0.2529994161	-0.2534441025	-0.2538484338	-0.2542119782	-0.2545343305	-0.2548151100	-0.2550539601	-0.2552505509	-0.2554045842	-0.2555157959	-0.2555839559	-0.2556088662	-0.2555903588	-0.2555282968	-0.2554225738	-0.2552731135	-0.2550798713	-0.2548428365	-0.2545620342	-0.2542375264	-0.2538694085	-0.2534578079	-0.2530028852	-0.2525048320	-0.2519638712	-0.2513802603	-0.2507542907	-0.2500862872	-0.2493766083	-0.2486256430	-0.2478338095	-0.2470015557	-0.2461293576	-0.2452177191	-0.2442671752	-0.2432782917	-0.2422516631	-0.2411879093	-0.2400876736	-0.2389516235	-0.2377804486	-0.2365748597	-0.2353355889	-0.2340633884	-0.2327590321	-0.2314233155	-0.2300570550	-0.2286610821	-0.2272362408	-0.2257833863	-0.2243033878	-0.2227971253	-0.2212654891	-0.2197093788	-0.2181297034	-0.2165273812	-0.2149033403	-0.2132585146	-0.2115938394	-0.2099102512	-0.2082086861	-0.2064900804	-0.2047553710	-0.2030054926	-0.2012413787	-0.1994639608	-0.1976741675	-0.1958729249	-0.1940611535	-0.1922397672	-0.1904096686	-0.1885717488	-0.1867268881	-0.1848759564	-0.1830198138	-0.1811593170	-0.1792953252	-0.1774287142	-0.1755603903	-0.1736912776	-0.1718222283	-0.1699537794	-0.1680857134	-0.1662166135	-0.1643441296	-0.1624675254	-0.1605937579	-0.1587460688	-0.1569694097	-0.1553211105	-0.1538420248	-0.1525285440	-0.1513348231	-0.1502010953	-0.1490832235	-0.1479624296	-0.1468373682	-0.1457126304	-0.1445921119	-0.1434775149	-0.1423691593	-0.1412669662	-0.1401709219	-0.1390811421	-0.1379978023	-0.1369210793	-0.1358511317	-0.1347880998	-0.1337321120	-0.1326832870	-0.1316417339	-0.1306075543	-0.1295808403	-0.1285616757	-0.1275501367	-0.1265462903	-0.1255501961	-0.1245619080	-0.1235814716	-0.1226089275	-0.1216443097	-0.1206876467	-0.1197389611	-0.1187982703	-0.1178655857	-0.1169409158	-0.1160242622	-0.1151156234	-0.1142149934	-0.1133223619	-0.1124377153	-0.1115610364	-0.1106923050	-0.1098314960	-0.1089785840	-0.1081335384	-0.1072963255	-0.1064669073	-0.1056452439	-0.1048313069	-0.1040251007	-0.1032266679	-0.1024359659	-0.1016524954	-0.1008747865
-0.1733026036	-0.1732678409	-0.1732374007	-0.1732136532	-0.1731973244	-0.1731883819	-0.1731866654	-0.1731920794	-0.1732045879	-0.1732241793	-0.1732508456	-0.1732845768	-0.1733253595	-0.1733731841	-0.1734280414	-0.1734899218	-0.1735588173	-0.1736347227	-0.1737176339	-0.1738075439	-0.1739044500	-0.1740083496	-0.1741192404	-0.1742371208	-0.1743619911	-0.1744938497	-0.1746326976	-0.1747785343	-0.1749313609	-0.1750911789	-0.1752579894	-0.1754317949	-0.1756125978	-0.1758004011	-0.1759952063	-0.1761970159	-0.1764058308	-0.1766216533	-0.1768444846	-0.1770743264	-0.1773111798	-0.1775550376	-0.1778058796	-0.1780636681	-0.1783283956	-0.1786001973	-0.1788794780	-0.1791667619	-0.1794618161	-0.1797618577	-0.1800601339	-0.1803486143	-0.1806295714	-0.1809353996	-0.1813423181	-0.1819548687	-0.1828570333	-0.1840604394	-0.1854959002	-0.1870612377	-0.1886730145	-0.1902852084	-0.1918821677	-0.1934640634	-0.1950353791	-0.1965996391	-0.1981583599	-0.1997115843	-0.2012586535	-0.2027986988	-0.2043308577	-0.2058543224	-0.2073683308	-0.2088721441	-0.2103650309	-0.2118462555	-0.2133150721	-0.2147707270	-0.2162124604	-0.2176395061	-0.2190510924	-0.2204464455	-0.2218247846	-0.2231853266	-0.2245272828	-0.2258498620	-0.2271522699	-0.2284337088	-0.2296933784	-0.2309304787	-0.2321442133	-0.2333337943	-0.2344984376	-0.2356373658	-0.2367498058	-0.2378349904	-0.2388921588	-0.2399205571	-0.2409194370	-0.2418880551	-0.2428256768	-0.2437315822	-0.2446050708	-0.2454454573	-0.2462520712	-0.2470242582	-0.2477613796	-0.2484628134	-0.2491279549	-0.2497562133	-0.2503470132	-0.2508998044	-0.2514140657	-0.2518893020	-0.2523250426	-0.2527208402	-0.2530762726	-0.2533909428	-0.2536644785	-0.2538965316	-0.2540867797	-0.2542349320	-0.2543407328	-0.2544039590	-0.2544244175	-0.2544019459	-0.2543364120	-0.2542277130	-0.2540757767	-0.2538805616	-0.2536420596	-0.2533602989	-0.2530353421	-0.2526672860	-0.2522562587	-0.2518024186	-0.2513059568	-0.2507670961	-0.2501860907	-0.2495632286	-0.2488988321	-0.2481932553	-0.2474468823	-0.2466601269	-0.2458334319	-0.2449672672	-0.2440621296	-0.2431185468	-0.2421370760	-0.2411183026	-0.2400628395	-0.2389713216	-0.2378444058	-0.2366827717	-0.2354871213	-0.2342581761	-0.2329966770	-0.2317033863	-0.2303790866	-0.2290245818	-0.2276406916	-0.2262282483	-0.2247880961	-0.2233210901	-0.2218280979	-0.2203099975	-0.2187676750	-0.2172020262	-0.2156139549	-0.2140043732	-0.2123742019	-0.2107243635	-0.2090557812	-0.2073693781	-0.2056660777	-0.2039468050	-0.2022124833	-0.2004640348	-0.1987023788	-0.1969284314	-0.1951431042	-0.1933473035	-0.1915419283	-0.1897278677	-0.1879060011	-0.1860771983	-0.1842423232	-0.1824022405	-0.1805578236	-0.1787099660	-0.1768595861	-0.1750075945	-0.1731547613	-0.1713014196	-0.1694470193	-0.1675898762	-0.1657279368	-0.1638619699	-0.1620022007	-0.1601760160	-0.1584303288	-0.1568197114	-0.1553778155	-0.1540929855	-0.1529158496	-0.1517898498	-0.1506757729	-0.1495578416	-0.1484356265	-0.1473136423	-0.1461955466	-0.1450829237	-0.1439760811	-0.1428749632	-0.1417795770	-0.1406900518	-0.1396065756	-0.1385293378	-0.1374585092	-0.1363942437	-0.1353366817	-0.1342859539	-0.1332421815	-0.1322054780	-0.1311759468	-0.1301536833	-0.1291387745	-0.1281313001	-0.1271313307	-0.1261389300	-0.1251541545	-0.1241770532	-0.1232076705	-0.1222460435	-0.1212922043	-0.1203461789	-0.1194079888	-0.1184776489	-0.1175551711	-0.1166405604	-0.1157338193	-0.1148349453	-0.1139439320	-0.1130607693	-0.1121854423	-0.1113179351	-0.1104582265	-0.1096062935	-0.1087621098	-0.1079256440	-0.1070968623	-0.1062757273	-0.1054622147	-0.1046563308	-0.1038581177	-0.1030675388	-0.1022841055	-0.1015063807
-0.1747234716	-0.1746849268	-0.1746507247	-0.1746232251	-0.1746031519	-0.1745904691	-0.1745850184	-0.1745867004	-0.1745954809	-0.1746113448	-0.1746342824	-0.1746642793	-0.1747013234	-0.1747454018	-0.1747965027	-0.1748546154	-0.1749197296	-0.1749918375	-0.1750709317	-0.1751570050	-0.1752500504	-0.1753500638	-0.1754570396	-0.1755709750	-0.1756918660	-0.1758197091	-0.1759545005	-0.1760962384	-0.1762449209	-0.1764005465	-0.1765631146	-0.1767326224	-0.1769090707	-0.1770924576	-0.1772827832	-0.1774800450	-0.1776842406	-0.1778953686	-0.1781134254	-0.1783384080	-0.1785703134	-0.1788091379	-0.1790548698	-0.1793074810	-0.1795669322	-0.1798332091	-0.1801064350	-0.1803869803	-0.1806753394	-0.1809713436	-0.1812725402	-0.1815728110	-0.1818644560	-0.1821479592	-0.1824492585	-0.1828334189	-0.1833969772	-0.1842302084	-0.1853604240	-0.1867344249	-0.1882581366	-0.1898453863	-0.1914416316	-0.1930243826	-0.1945905015	-0.1961436857	-0.1976878646	-0.1992251187	-0.2007558907	-0.2022797283	-0.2037958376	-0.2053033571	-0.2068014541	-0.2082893425	-0.2097662660	-0.2112314811	-0.2126842476	-0.2141238231	-0.2155494589	-0.2169603997	-0.2183558860	-0.2197351530	-0.2210974300	-0.2224419448	-0.2237679219	-0.2250745821	-0.2263611424	-0.2276268166	-0.2288708154	-0.2300923511	-0.2312906415	-0.2324649093	-0.2336143826	-0.2347382944	-0.2358358838	-0.2369063954	-0.2379490810	-0.2389631992	-0.2399480133	-0.2409027911	-0.2418268129	-0.2427193752	-0.2435797904	-0.2444073858	-0.2452015031	-0.2459615001	-0.2466867493	-0.2473766405	-0.2480305788	-0.2486479831	-0.2492282912	-0.2497709657	-0.2502754977	-0.2507414023	-0.2511682186	-0.2515555091	-0.2519028605	-0.2522098840	-0.2524762154	-0.2527015139	-0.2528854651	-0.2530277866	-0.2531282307	-0.2531865806	-0.2532026486	-0.2531762777	-0.2531073397	-0.2529957361	-0.2528413984	-0.2526442878	-0.2524043993	-0.2521217633	-0.2517964443	-0.2514285391	-0.2510181761	-0.2505655134	-0.2500707407	-0.2495340794	-0.2489557815	-0.2483361327	-0.2476754510	-0.2469740861	-0.2462324184	-0.2454508567	-0.2446298376	-0.2437698254	-0.2428713113	-0.2419348152	-0.2409608854	-0.2399500997	-0.2389030619	-0.2378203982	-0.2367027560	-0.2355508056	-0.2343652385	-0.2331467657	-0.2318961173	-0.2306140446	-0.2293013182	-0.2279587284	-0.2265870833	-0.2251872029	-0.2237599195	-0.2223060764	-0.2208265275	-0.2193221375	-0.2177937802	-0.2162423372	-0.2146686981	-0.2130737610	-0.2114584318	-0.2098236201	-0.2081702368	-0.2064991932	-0.2048114014	-0.2031077731	-0.2013892205	-0.1996566537	-0.1979109786	-0.1961530966	-0.1943839042	-0.1926042923	-0.1908151460	-0.1890173442	-0.1872117579	-0.1853992567	-0.1835807143	-0.1817570183	-0.1799290781	-0.1780978112	-0.1762640804	-0.1744285244	-0.1725912337	-0.1707513450	-0.1689069784	-0.1670565874	-0.1652029209	-0.1633600919	-0.1615603308	-0.1598523236	-0.1582859241	-0.1568858058	-0.1556322862	-0.1544731294	-0.1533553064	-0.1522452184	-0.1511304918	-0.1500116471	-0.1488930413	-0.1477780231	-0.1466680252	-0.1455633345	-0.1444639182	-0.1433698074	-0.1422811472	-0.1411981380	-0.1401209803	-0.1390498580	-0.1379849361	-0.1369263674	-0.1358742957	-0.1348288533	-0.1337901652	-0.1327583465	-0.1317335037	-0.1307157344	-0.1297051297	-0.1287017712	-0.1277057338	-0.1267170844	-0.1257358822	-0.1247621815	-0.1237960271	-0.1228374617	-0.1218865186	-0.1209432284	-0.1200076159	-0.1190796995	-0.1181594936	-0.1172470085	-0.1163422493	-0.1154452164	-0.1145559072	-0.1136743152	-0.1128004293	-0.1119342353	-0.1110757171	-0.1102248546	-0.1093816233	-0.1085459974	-0.1077179438	-0.1068974300	-0.1060844335	-0.1052789639	-0.1044810644	-0.1036907003	-0.1029073969	-0.1021297492
-0.1761339283	-0.1760915179	-0.1760534726	-0.1760221387	-0.1759982375	-0.1759817334	-0.1759724631	-0.1759703304	-0.1759752959	-0.1759873436	-0.1760064623	-0.1760326356	-0.1760658490	-0.1761060873	-0.1761533374	-0.1762075857	-0.1762688208	-0.1763370315	-0.1764122081	-0.1764943415	-0.1765834234	-0.1766794450	-0.1767823998	-0.1768922811	-0.1770090824	-0.1771327975	-0.1772634197	-0.1774009442	-0.1775453675	-0.1776966841	-0.1778548909	-0.1780199823	-0.1781919556	-0.1783708052	-0.1785565275	-0.1787491171	-0.1789485687	-0.1791548755	-0.1793680311	-0.1795880278	-0.1798148575	-0.1800485136	-0.1802889848	-0.1805362551	-0.1807902921	-0.1810510518	-0.1813185129	-0.1815927810	-0.1818741861	-0.1821631884	-0.1824597008	-0.1827616658	-0.1830637309	-0.1833586559	-0.1836449638	-0.1839413000	-0.1843011962	-0.1848144962	-0.1855742233	-0.1866217108	-0.1879236907	-0.1893979553	-0.1909549369	-0.1925316490	-0.1940985974	-0.1956483870	-0.1971831640	-0.1987067779	-0.2002217745	-0.2017291067	-0.2032286446	-0.2047197322	-0.2062015384	-0.2076732215	-0.2091339682	-0.2105830001	-0.2120195628	-0.2134429122	-0.2148523070	-0.2162470044	-0.2176262550	-0.2189893039	-0.2203353928	-0.2216637590	-0.2229736378	-0.2242642617	-0.2255348603	-0.2267846580	-0.2280128786	-0.2292187495	-0.2304015023	-0.2315603714	-0.2326945971	-0.2338034226	-0.2348860981	-0.2359418798	-0.2369700309	-0.2379698209	-0.2389405240	-0.2398814217	-0.2407918097	-0.2416709989	-0.2425183153	-0.2433330982	-0.2441147026	-0.2448624976	-0.2455758672	-0.2462542125	-0.2468969490	-0.2475035058	-0.2480733330	-0.2486059073	-0.2491007299	-0.2495573267	-0.2499752465	-0.2503540608	-0.2506933654	-0.2509927807	-0.2512519498	-0.2514705392	-0.2516482428	-0.2517847875	-0.2518799324	-0.2519334662	-0.2519452076	-0.2519150038	-0.2518427314	-0.2517282959	-0.2515716311	-0.2513727025	-0.2511315080	-0.2508480796	-0.2505224837	-0.2501548171	-0.2497452081	-0.2492938151	-0.2488008264	-0.2482664608	-0.2476909691	-0.2470746345	-0.2464177710	-0.2457207243	-0.2449838707	-0.2442076133	-0.2433923829	-0.2425386385	-0.2416468652	-0.2407175748	-0.2397513083	-0.2387486347	-0.2377101482	-0.2366364665	-0.2355282285	-0.2343860946	-0.2332107457	-0.2320028829	-0.2307632263	-0.2294925144	-0.2281915062	-0.2268609796	-0.2255017298	-0.2241145652	-0.2227003057	-0.2212597819	-0.2197938349	-0.2183033159	-0.2167890863	-0.2152520136	-0.2136929742	-0.2121128524	-0.2105125396	-0.2088929331	-0.2072549321	-0.2055994357	-0.2039273439	-0.2022395567	-0.2005369722	-0.1988204856	-0.1970909890	-0.1953493692	-0.1935965087	-0.1918332847	-0.1900605731	-0.1882792486	-0.1864901871	-0.1846942749	-0.1828924127	-0.1810855149	-0.1792744778	-0.1774600788	-0.1756427593	-0.1738222932	-0.1719975316	-0.1701666969	-0.1683292819	-0.1664906770	-0.1646691168	-0.1629013678	-0.1612377474	-0.1597218190	-0.1583670598	-0.1571461024	-0.1560056929	-0.1548966932	-0.1537910327	-0.1526799391	-0.1515649914	-0.1504503683	-0.1493390631	-0.1482323257	-0.1471304117	-0.1460333121	-0.1449410848	-0.1438538920	-0.1427719444	-0.1416954550	-0.1406246190	-0.1395596134	-0.1385006037	-0.1374477435	-0.1364011780	-0.1353610431	-0.1343274654	-0.1333005620	-0.1322804426	-0.1312672077	-0.1302609499	-0.1292617546	-0.1282696997	-0.1272848546	-0.1263072833	-0.1253370417	-0.1243741793	-0.1234187402	-0.1224707617	-0.1215302773	-0.1205973146	-0.1196718962	-0.1187540394	-0.1178437577	-0.1169410595	-0.1160459489	-0.1151584264	-0.1142784885	-0.1134061281	-0.1125413334	-0.1116840920	-0.1108343867	-0.1099921964	-0.1091574976	-0.1083302615	-0.1075104585	-0.1066980674	-0.1058931015	-0.1050956053	-0.1043055452	-0.1035224608	-0.1027449792
-0.1775339647	-0.1774876104	-0.1774456409	-0.1774103941	-0.1773825838	-0.1773621762	-0.1773490053	-0.1773429729	-0.1773440383	-0.1773521842	-0.1773673953	-0.1773896569	-0.1774189487	-0.1774552561	-0.1774985609	-0.1775488511	-0.1776061109	-0.1776703267	-0.1777414875	-0.1778195806	-0.1779045966	-0.1779965239	-0.1780953533	-0.1782010744	-0.1783136777	-0.1784331549	-0.1785594982	-0.1786926985	-0.1788327502	-0.1789796444	-0.1791333741	-0.1792939343	-0.1794613144	-0.1796355092	-0.1798165089	-0.1800043051	-0.1801988904	-0.1804002543	-0.1806083857	-0.1808232731	-0.1810449042	-0.1812732675	-0.1815083483	-0.1817501320	-0.1819985962	-0.1822537048	-0.1825154069	-0.1827836753	-0.1830585908	-0.1833404433	-0.1836296620	-0.1839262564	-0.1842285844	-0.1845320549	-0.1848298031	-0.1851182813	-0.1854095442	-0.1857473520	-0.1862121115	-0.1868954965	-0.1878526871	-0.1890730680	-0.1904859793	-0.1920025180	-0.1935541878	-0.1951033865	-0.1966365512	-0.1981528884	-0.1996556145	-0.2011477366	-0.2026307862	-0.2041050432	-0.2055700719	-0.2070251290	-0.2084693782	-0.2099019920	-0.2113221726	-0.2127291506	-0.2141221764	-0.2155005074	-0.2168634029	-0.2182101184	-0.2195399070	-0.2208520179	-0.2221456968	-0.2234201859	-0.2246747255	-0.2259085526	-0.2271209059	-0.2283110273	-0.2294781610	-0.2306215555	-0.2317404629	-0.2328341388	-0.2339018441	-0.2349428466	-0.2359564208	-0.2369418456	-0.2378984062	-0.2388253986	-0.2397221320	-0.2405879308	-0.2414221346	-0.2422240958	-0.2429931811	-0.2437287712	-0.2444302629	-0.2450970678	-0.2457286113	-0.2463243340	-0.2468836994	-0.2474061958	-0.2478913363	-0.2483386563	-0.2487477137	-0.2491180896	-0.2494493887	-0.2497412397	-0.2499932931	-0.2502052232	-0.2503767332	-0.2505075579	-0.2505974627	-0.2506462430	-0.2506537228	-0.2506197541	-0.2505442172	-0.2504270215	-0.2502681056	-0.2500674370	-0.2498250160	-0.2495408774	-0.2492150884	-0.2488477471	-0.2484389809	-0.2479889475	-0.2474978347	-0.2469658597	-0.2463932711	-0.2457803484	-0.2451274030	-0.2444347767	-0.2437028403	-0.2429319924	-0.2421226581	-0.2412752906	-0.2403903684	-0.2394683961	-0.2385099069	-0.2375154607	-0.2364856438	-0.2354210648	-0.2343223535	-0.2331901601	-0.2320251560	-0.2308280319	-0.2295994970	-0.2283402784	-0.2270511229	-0.2257327962	-0.2243860806	-0.2230117718	-0.2216106776	-0.2201836158	-0.2187314154	-0.2172549151	-0.2157549621	-0.2142324118	-0.2126881277	-0.2111229807	-0.2095378488	-0.2079336166	-0.2063111706	-0.2046713981	-0.2030151854	-0.2013434181	-0.1996569797	-0.1979567506	-0.1962436091	-0.1945184295	-0.1927820838	-0.1910354438	-0.1892793853	-0.1875147922	-0.1857425630	-0.1839636060	-0.1821788288	-0.1803890706	-0.1785949660	-0.1767967022	-0.1749937176	-0.1731846021	-0.1713679614	-0.1695450954	-0.1677251939	-0.1659314681	-0.1642038027	-0.1625915581	-0.1611312880	-0.1598242414	-0.1586356807	-0.1575133091	-0.1564132166	-0.1553125235	-0.1542056753	-0.1530952366	-0.1519852104	-0.1508782350	-0.1497753740	-0.1486768458	-0.1475826649	-0.1464929163	-0.1454077807	-0.1443274813	-0.1432522409	-0.1421822645	-0.1411177420	-0.1400588490	-0.1390057519	-0.1379586068	-0.1369175603	-0.1358827500	-0.1348543045	-0.1338323436	-0.1328169785	-0.1318083130	-0.1308064415	-0.1298114522	-0.1288234257	-0.1278424344	-0.1268685459	-0.1259018186	-0.1249423058	-0.1239900535	-0.1230451037	-0.1221074914	-0.1211772470	-0.1202543969	-0.1193389616	-0.1184309577	-0.1175303960	-0.1166372849	-0.1157516277	-0.1148734235	-0.1140026691	-0.1131393562	-0.1122834744	-0.1114350092	-0.1105939449	-0.1097602586	-0.1089339253	-0.1081149186	-0.1073032199	-0.1064988443	-0.1057018369	-0.1049121683	-0.1041293895	-0.1033521602
-0.1789235768	-0.1788732008	-0.1788272309	-0.1787879928	-0.1787561963	-0.1787318039	-0.1787146526	-0.1787046378	-0.1787017188	-0.1787058776	-0.1787170962	-0.1787353557	-0.1787606385	-0.1787929240	-0.1788321942	-0.1788784315	-0.1789316217	-0.1789917486	-0.1790587966	-0.1791327521	-0.1792136025	-0.1793013344	-0.1793959350	-0.1794973917	-0.1796056919	-0.1797208258	-0.1798427816	-0.1799715502	-0.1801071205	-0.1802494816	-0.1803986245	-0.1805545386	-0.1807172132	-0.1808866367	-0.1810627987	-0.1812456860	-0.1814352876	-0.1816315896	-0.1818345771	-0.1820442354	-0.1822605490	-0.1824835006	-0.1827130716	-0.1829492432	-0.1831919959	-0.1834413001	-0.1836971135	-0.1839593813	-0.1842280669	-0.1845032292	-0.1847851169	-0.1850741267	-0.1853703480	-0.1856725051	-0.1859767053	-0.1862765279	-0.1865670155	-0.1868550949	-0.1871749221	-0.1875954767	-0.1882034302	-0.1890647964	-0.1901894559	-0.1915246733	-0.1929892121	-0.1945096833	-0.1960384151	-0.1975540448	-0.1990517240	-0.2005334735	-0.2020023816	-0.2034605072	-0.2049086380	-0.2063466549	-0.2077739671	-0.2091897980	-0.2105933231	-0.2119837315	-0.2133602385	-0.2147220824	-0.2160685163	-0.2173987995	-0.2187121928	-0.2200079557	-0.2212853458	-0.2225436167	-0.2237820184	-0.2249998005	-0.2261962151	-0.2273705179	-0.2285219673	-0.2296498248	-0.2307533545	-0.2318318258	-0.2328845123	-0.2339106930	-0.2349096534	-0.2358806830	-0.2368230783	-0.2377361487	-0.2386192170	-0.2394716213	-0.2402927116	-0.2410818531	-0.2418384243	-0.2425618181	-0.2432514431	-0.2439067215	-0.2445270895	-0.2451120004	-0.2456609303	-0.2461733786	-0.2466488697	-0.2470869489	-0.2474871833	-0.2478491635	-0.2481725032	-0.2484568385	-0.2487018277	-0.2489071538	-0.2490725279	-0.2491976924	-0.2492824201	-0.2493265125	-0.2493297986	-0.2492921342	-0.2492134044	-0.2490935230	-0.2489324315	-0.2487301001	-0.2484865326	-0.2482017654	-0.2478758667	-0.2475089352	-0.2471010977	-0.2466525120	-0.2461633648	-0.2456338716	-0.2450642782	-0.2444548615	-0.2438059297	-0.2431178208	-0.2423908999	-0.2416255611	-0.2408222246	-0.2399813366	-0.2391033697	-0.2381888219	-0.2372382179	-0.2362521089	-0.2352310727	-0.2341757091	-0.2330866382	-0.2319645010	-0.2308099590	-0.2296236920	-0.2284063983	-0.2271587946	-0.2258816146	-0.2245756114	-0.2232415553	-0.2218802296	-0.2204924297	-0.2190789614	-0.2176406408	-0.2161782941	-0.2146927567	-0.2131848719	-0.2116554900	-0.2101054684	-0.2085356723	-0.2069469725	-0.2053402412	-0.2037163523	-0.2020761778	-0.2004205878	-0.1987504526	-0.1970666402	-0.1953700180	-0.1936614534	-0.1919418176	-0.1902119886	-0.1884728564	-0.1867253246	-0.1849703003	-0.1832086492	-0.1814411128	-0.1796681246	-0.1778895529	-0.1761045142	-0.1743116125	-0.1725102751	-0.1707042705	-0.1689073402	-0.1671485832	-0.1654709324	-0.1639190317	-0.1625189159	-0.1612603265	-0.1601025839	-0.1589965154	-0.1579046425	-0.1568091943	-0.1557072214	-0.1546019643	-0.1534971769	-0.1523951447	-0.1512967581	-0.1502022080	-0.1491115334	-0.1480248463	-0.1469423465	-0.1458642687	-0.1447908461	-0.1437222952	-0.1426588147	-0.1416005923	-0.1405478037	-0.1395006169	-0.1384591898	-0.1374236704	-0.1363941976	-0.1353709024	-0.1343539064	-0.1333433230	-0.1323392571	-0.1313418065	-0.1303510618	-0.1293671052	-0.1283900138	-0.1274198556	-0.1264566938	-0.1255005839	-0.1245515761	-0.1236097136	-0.1226750355	-0.1217475741	-0.1208273582	-0.1199144128	-0.1190087564	-0.1181104038	-0.1172193656	-0.1163356478	-0.1154592539	-0.1145901826	-0.1137284300	-0.1128739868	-0.1120268428	-0.1111869841	-0.1103543924	-0.1095290442	-0.1087109159	-0.1078999937	-0.1070962916	-0.1062998572	-0.1055106637	-0.1047282736	-0.1039513816
-0.1803027639	-0.1802482919	-0.1801982469	-0.1801549410	-0.1801190813	-0.1800906269	-0.1800694127	-0.1800553356	-0.1800483509	-0.1800484383	-0.1800555796	-0.1800697530	-0.1800909377	-0.1801191132	-0.1801542581	-0.1801963529	-0.1802453815	-0.1803013243	-0.1803641649	-0.1804338871	-0.1805104750	-0.1805939119	-0.1806841829	-0.1807812733	-0.1808851686	-0.1809958557	-0.1811133209	-0.1812375516	-0.1813685341	-0.1815062559	-0.1816507034	-0.1818018624	-0.1819597201	-0.1821242620	-0.1822954734	-0.1824733394	-0.1826578441	-0.1828489698	-0.1830466989	-0.1832510136	-0.1834618941	-0.1836793177	-0.1839032645	-0.1841337104	-0.1843706300	-0.1846139958	-0.1848637738	-0.1851199154	-0.1853823623	-0.1856510681	-0.1859260702	-0.1862075738	-0.1864959295	-0.1867912736	-0.1870926549	-0.1873969037	-0.1876983021	-0.1879912164	-0.1882786937	-0.1885856941	-0.1889671757	-0.1895003622	-0.1902600878	-0.1912768931	-0.1925206788	-0.1939211356	-0.1954009614	-0.1969037152	-0.1983996863	-0.1998784304	-0.2013393420	-0.2027849934	-0.2042178401	-0.2056391901	-0.2070493544	-0.2084480036	-0.2098344795	-0.2112079990	-0.2125677508	-0.2139129379	-0.2152427846	-0.2165565361	-0.2178534495	-0.2191327877	-0.2203938163	-0.2216357992	-0.2228579979	-0.2240596751	-0.2252400960	-0.2263985290	-0.2275342461	-0.2286465202	-0.2297346292	-0.2307978549	-0.2318354841	-0.2328468086	-0.2338311250	-0.2347877355	-0.2357159490	-0.2366150868	-0.2374844859	-0.2383234967	-0.2391314810	-0.2399078146	-0.2406518880	-0.2413631051	-0.2420408850	-0.2426846619	-0.2432938826	-0.2438680122	-0.2444065397	-0.2449089776	-0.2453748588	-0.2458037393	-0.2461951964	-0.2465488290	-0.2468642595	-0.2471411319	-0.2473791127	-0.2475778925	-0.2477371914	-0.2478567593	-0.2479363754	-0.2479758471	-0.2479750081	-0.2479337192	-0.2478518700	-0.2477293772	-0.2475661855	-0.2473622693	-0.2471176346	-0.2468323196	-0.2465063933	-0.2461399544	-0.2457331310	-0.2452860793	-0.2447989843	-0.2442720610	-0.2437055523	-0.2430997323	-0.2424549060	-0.2417714069	-0.2410495962	-0.2402898620	-0.2394926194	-0.2386583086	-0.2377873957	-0.2368803718	-0.2359377535	-0.2349600838	-0.2339479313	-0.2329018870	-0.2318225618	-0.2307105872	-0.2295666141	-0.2283913119	-0.2271853686	-0.2259494890	-0.2246843954	-0.2233908289	-0.2220695469	-0.2207213209	-0.2193469341	-0.2179471801	-0.2165228637	-0.2150747989	-0.2136038082	-0.2121107229	-0.2105963802	-0.2090616245	-0.2075073058	-0.2059342789	-0.2043434031	-0.2027355371	-0.2011115393	-0.1994722679	-0.1978185821	-0.1961513428	-0.1944714148	-0.1927796696	-0.1910769899	-0.1893642701	-0.1876424079	-0.1859122775	-0.1841746672	-0.1824301506	-0.1806788921	-0.1789204429	-0.1771536953	-0.1753775927	-0.1735932679	-0.1718080565	-0.1700407812	-0.1683252810	-0.1667062658	-0.1652222419	-0.1638860667	-0.1626761333	-0.1615473968	-0.1604555879	-0.1593709572	-0.1582808211	-0.1571842683	-0.1560848345	-0.1549859154	-0.1538894287	-0.1527961012	-0.1517061056	-0.1506195096	-0.1495364545	-0.1484571565	-0.1473818627	-0.1463108162	-0.1452442434	-0.1441823543	-0.1431253466	-0.1420734063	-0.1410267112	-0.1399854294	-0.1389497196	-0.1379197312	-0.1368956060	-0.1358774752	-0.1348654622	-0.1338596826	-0.1328602431	-0.1318672443	-0.1308807787	-0.1299009304	-0.1289277793	-0.1279613963	-0.1270018466	-0.1260491901	-0.1251034789	-0.1241647591	-0.1232330719	-0.1223084542	-0.1213909360	-0.1204805448	-0.1195773017	-0.1186812258	-0.1177923299	-0.1169106237	-0.1160361128	-0.1151687983	-0.1143086794	-0.1134557514	-0.1126100054	-0.1117714302	-0.1109400105	-0.1101157272	-0.1092985576	-0.1084884908	-0.1076855432	-0.1068897629	-0.1061011254	-0.1053192061	-0.1045427314
-0.1816715326	-0.1816128903	-0.1815586951	-0.1815112484	-0.1814712479	-0.1814386543	-0.1814132998	-0.1813950794	-0.1813839489	-0.1813798841	-0.1813828630	-0.1813928668	-0.1814098686	-0.1814338463	-0.1814647775	-0.1815026426	-0.1815474182	-0.1815990860	-0.1816576260	-0.1817230210	-0.1817952493	-0.1818742949	-0.1819601388	-0.1820527645	-0.1821521554	-0.1822582950	-0.1823711690	-0.1824907598	-0.1826170510	-0.1827500289	-0.1828896746	-0.1830359733	-0.1831889075	-0.1833484607	-0.1835146133	-0.1836873486	-0.1838666459	-0.1840524858	-0.1842448466	-0.1844437065	-0.1846490424	-0.1848608289	-0.1850790406	-0.1853036498	-0.1855346254	-0.1857719378	-0.1860155527	-0.1862654287	-0.1865215147	-0.1867837453	-0.1870520657	-0.1873264906	-0.1876071765	-0.1878944200	-0.1881883933	-0.1884884729	-0.1887922270	-0.1890947507	-0.1893903751	-0.1896789199	-0.1899757728	-0.1903216199	-0.1907859103	-0.1914459810	-0.1923485238	-0.1934873491	-0.1948062247	-0.1962312452	-0.1977000684	-0.1991730045	-0.2006319000	-0.2020720850	-0.2034947381	-0.2049022431	-0.2062964223	-0.2076780900	-0.2090472773	-0.2104035381	-0.2117461820	-0.2130744291	-0.2143874811	-0.2156845539	-0.2169648820	-0.2182277163	-0.2194723193	-0.2206979577	-0.2219039026	-0.2230894290	-0.2242538154	-0.2253963426	-0.2265162937	-0.2276129549	-0.2286856158	-0.2297335707	-0.2307561193	-0.2317525670	-0.2327222214	-0.2336643971	-0.2345784181	-0.2354636191	-0.2363193508	-0.2371449748	-0.2379398645	-0.2387034072	-0.2394350039	-0.2401340698	-0.2408000353	-0.2414323444	-0.2420304548	-0.2425938438	-0.2431220124	-0.2436144845	-0.2440708041	-0.2444905357	-0.2448732662	-0.2452186046	-0.2455261814	-0.2457956488	-0.2460266810	-0.2462189770	-0.2463722647	-0.2464863019	-0.2465608745	-0.2465957947	-0.2465909009	-0.2465460599	-0.2464611647	-0.2463361354	-0.2461709205	-0.2459654975	-0.2457198742	-0.2454340910	-0.2451082183	-0.2447423547	-0.2443366281	-0.2438911940	-0.2434062365	-0.2428819687	-0.2423186315	-0.2417164960	-0.2410758627	-0.2403970616	-0.2396804500	-0.2389264101	-0.2381353517	-0.2373077097	-0.2364439434	-0.2355445361	-0.2346099963	-0.2336408596	-0.2326376855	-0.2316010554	-0.2305315717	-0.2294298553	-0.2282965475	-0.2271323081	-0.2259378142	-0.2247137591	-0.2234608544	-0.2221798287	-0.2208714268	-0.2195364087	-0.2181755468	-0.2167896221	-0.2153794268	-0.2139457629	-0.2124894405	-0.2110112770	-0.2095120968	-0.2079927297	-0.2064540101	-0.2048967785	-0.2033218799	-0.2017301610	-0.2001224695	-0.1984996567	-0.1968625786	-0.1952120983	-0.1935490896	-0.1918744371	-0.1901890291	-0.1884937388	-0.1867893741	-0.1850765793	-0.1833556913	-0.1816265624	-0.1798884397	-0.1781403033	-0.1763820527	-0.1746173713	-0.1728582772	-0.1711296723	-0.1694690292	-0.1679182737	-0.1665068852	-0.1652342596	-0.1640700024	-0.1629683299	-0.1618897020	-0.1608118641	-0.1597272249	-0.1586366244	-0.1575436105	-0.1564511408	-0.1553607694	-0.1542730645	-0.1531881823	-0.1521062226	-0.1510273545	-0.1499518122	-0.1488798533	-0.1478117292	-0.1467476772	-0.1456879178	-0.1446326582	-0.1435820962	-0.1425364173	-0.1414958009	-0.1404604141	-0.1394304177	-0.1384059622	-0.1373871898	-0.1363742332	-0.1353672178	-0.1343662607	-0.1333714713	-0.1323829514	-0.1314007949	-0.1304250896	-0.1294559160	-0.1284933488	-0.1275374552	-0.1265882975	-0.1256459307	-0.1247104050	-0.1237817632	-0.1228600449	-0.1219452829	-0.1210375065	-0.1201367401	-0.1192430056	-0.1183563180	-0.1174766904	-0.1166041307	-0.1157386438	-0.1148802306	-0.1140288893	-0.1131846146	-0.1123473979	-0.1115172264	-0.1106940832	-0.1098779494	-0.1090688152	-0.1082666997	-0.1074716511	-0.1066836480	-0.1059022783	-0.1051262988
-0.1830298902	-0.1829670038	-0.1829085866	-0.1828569243	-0.1828127090	-0.1827759001	-0.1827463286	-0.1827238872	-0.1827085297	-0.1827002318	-0.1826989697	-0.1827047185	-0.1827174546	-0.1827371497	-0.1827637830	-0.1827973290	-0.1828377641	-0.1828850680	-0.1829392166	-0.1830001910	-0.1830679667	-0.1831425260	-0.1832238476	-0.1833119126	-0.1834067030	-0.1835081986	-0.1836163809	-0.1837312325	-0.1838527330	-0.1839808650	-0.1841156081	-0.1842569438	-0.1844048519	-0.1845593113	-0.1847203011	-0.1848878004	-0.1850617848	-0.1852422322	-0.1854291178	-0.1856224167	-0.1858221014	-0.1860281444	-0.1862405145	-0.1864591809	-0.1866841086	-0.1869152623	-0.1871526038	-0.1873960942	-0.1876456863	-0.1879013226	-0.1881629330	-0.1884304534	-0.1887038747	-0.1889833073	-0.1892689984	-0.1895611613	-0.1898594552	-0.1901620710	-0.1904649513	-0.1907625890	-0.1910520874	-0.1913413053	-0.1916604287	-0.1920672592	-0.1926335271	-0.1934174571	-0.1944352922	-0.1956532208	-0.1970075626	-0.1984310684	-0.1998746792	-0.2013113735	-0.2027305408	-0.2041304958	-0.2055129586	-0.2068799319	-0.2082327405	-0.2095718697	-0.2108971778	-0.2122081507	-0.2135040908	-0.2147842301	-0.2160477858	-0.2172939869	-0.2185220754	-0.2197313080	-0.2209209548	-0.2220902960	-0.2232386191	-0.2243652162	-0.2254693809	-0.2265504121	-0.2276076114	-0.2286402862	-0.2296477479	-0.2306293126	-0.2315843015	-0.2325120417	-0.2334118718	-0.2342831420	-0.2351252146	-0.2359374635	-0.2367192746	-0.2374700470	-0.2381891924	-0.2388761374	-0.2395303223	-0.2401512004	-0.2407382421	-0.2412909371	-0.2418087973	-0.2422913565	-0.2427381691	-0.2431488093	-0.2435228725	-0.2438599765	-0.2441597611	-0.2444218865	-0.2446460351	-0.2448319142	-0.2449792593	-0.2450878351	-0.2451574343	-0.2451878745	-0.2451789991	-0.2451306795	-0.2450428130	-0.2449153239	-0.2447481629	-0.2445413101	-0.2442947770	-0.2440086051	-0.2436828655	-0.2433176576	-0.2429131085	-0.2424693738	-0.2419866363	-0.2414651059	-0.2409050225	-0.2403066541	-0.2396702976	-0.2389962787	-0.2382849496	-0.2375366889	-0.2367518999	-0.2359310112	-0.2350744759	-0.2341827699	-0.2332563940	-0.2322958757	-0.2313017657	-0.2302746365	-0.2292150813	-0.2281237122	-0.2270011595	-0.2258480728	-0.2246651191	-0.2234529819	-0.2222123615	-0.2209439736	-0.2196485517	-0.2183268439	-0.2169796100	-0.2156076199	-0.2142116527	-0.2127924969	-0.2113509493	-0.2098878139	-0.2084039015	-0.2069000270	-0.2053770121	-0.2038356848	-0.2022768784	-0.2007014326	-0.1991101924	-0.1975040101	-0.1958837488	-0.1942502806	-0.1926044834	-0.1909472202	-0.1892793037	-0.1876014203	-0.1859140119	-0.1842171236	-0.1825102838	-0.1807926540	-0.1790636883	-0.1773251553	-0.1755845819	-0.1738594931	-0.1721800163	-0.1705860772	-0.1691136829	-0.1677788527	-0.1665678079	-0.1654436262	-0.1643643306	-0.1632974166	-0.1622265408	-0.1611480232	-0.1600640611	-0.1589780919	-0.1578926266	-0.1568089025	-0.1557273533	-0.1546481218	-0.1535713379	-0.1524971963	-0.1514259481	-0.1503578613	-0.1492931955	-0.1482321959	-0.1471750934	-0.1461221060	-0.1450734402	-0.1440292936	-0.1429898531	-0.1419552967	-0.1409257928	-0.1399015027	-0.1388825773	-0.1378691594	-0.1368613839	-0.1358593772	-0.1348632583	-0.1338731378	-0.1328891194	-0.1319112992	-0.1309397670	-0.1299746053	-0.1290158906	-0.1280636932	-0.1271180769	-0.1261791000	-0.1252468152	-0.1243212688	-0.1234025016	-0.1224905503	-0.1215854462	-0.1206872165	-0.1197958836	-0.1189114671	-0.1180339821	-0.1171634392	-0.1162998463	-0.1154432078	-0.1145935226	-0.1137507896	-0.1129150024	-0.1120861509	-0.1112642207	-0.1104491960	-0.1096410691	-0.1088398602	-0.1080456191	-0.1072583260	-0.1064775815	-0.1057021739
-0.1843778449	-0.1843106457	-0.1842479348	-0.1841919835	-0.1841434810	-0.1841023823	-0.1840685158	-0.1840417775	-0.1840221162	-0.1840095060	-0.1840039218	-0.1840053354	-0.1840137219	-0.1840290539	-0.1840513034	-0.1840804446	-0.1841164539	-0.1841593055	-0.1842089745	-0.1842654365	-0.1843286700	-0.1843986502	-0.1844753576	-0.1845587692	-0.1846488645	-0.1847456208	-0.1848490173	-0.1849590322	-0.1850756457	-0.1851988334	-0.1853285760	-0.1854648490	-0.1856076298	-0.1857568952	-0.1859126213	-0.1860747824	-0.1862433522	-0.1864183056	-0.1865996145	-0.1867872502	-0.1869811827	-0.1871813789	-0.1873878060	-0.1876004276	-0.1878192058	-0.1880441006	-0.1882750701	-0.1885120707	-0.1887550557	-0.1890039728	-0.1892587589	-0.1895193379	-0.1897856371	-0.1900576262	-0.1903353765	-0.1906190903	-0.1909089928	-0.1912049329	-0.1915055951	-0.1918077038	-0.1921062581	-0.1923971185	-0.1926833575	-0.1929849467	-0.1933447043	-0.1938246604	-0.1944901045	-0.1953775836	-0.1964781625	-0.1977414564	-0.1991031776	-0.2005073626	-0.2019169454	-0.2033135464	-0.2046909809	-0.2060489257	-0.2073890732	-0.2087130532	-0.2100218234	-0.2113156413	-0.2125942716	-0.2138571785	-0.2151036733	-0.2163330074	-0.2175444102	-0.2187371210	-0.2199103955	-0.2210635057	-0.2221957382	-0.2233063876	-0.2243947564	-0.2254601526	-0.2265018902	-0.2275192870	-0.2285116662	-0.2294783566	-0.2304186913	-0.2313320104	-0.2322176661	-0.2330750236	-0.2339034575	-0.2347023538	-0.2354711112	-0.2362091398	-0.2369158642	-0.2375907215	-0.2382331623	-0.2388426516	-0.2394186705	-0.2399607206	-0.2404683241	-0.2409410258	-0.2413783891	-0.2417799983	-0.2421454579	-0.2424743936	-0.2427664531	-0.2430213050	-0.2432386399	-0.2434181727	-0.2435596478	-0.2436628365	-0.2437275363	-0.2437535708	-0.2437407894	-0.2436890674	-0.2435983057	-0.2434684327	-0.2432994024	-0.2430911980	-0.2428438331	-0.2425573508	-0.2422318230	-0.2418673496	-0.2414640575	-0.2410221014	-0.2405416621	-0.2400229485	-0.2394661977	-0.2388716748	-0.2382396740	-0.2375705159	-0.2368645480	-0.2361221443	-0.2353437028	-0.2345296458	-0.2336804193	-0.2327964933	-0.2318783610	-0.2309265409	-0.2299415755	-0.2289240282	-0.2278744824	-0.2267935418	-0.2256818275	-0.2245399784	-0.2233686516	-0.2221685200	-0.2209402720	-0.2196846120	-0.2184022620	-0.2170939575	-0.2157604447	-0.2144024808	-0.2130208329	-0.2116162758	-0.2101895930	-0.2087415754	-0.2072730210	-0.2057847340	-0.2042775262	-0.2027522181	-0.2012096386	-0.1996506282	-0.1980760371	-0.1964867238	-0.1948835516	-0.1932673686	-0.1916389802	-0.1899990848	-0.1883481817	-0.1866864492	-0.1850136296	-0.1833290885	-0.1816322264	-0.1799238550	-0.1782086331	-0.1764989279	-0.1748184944	-0.1732017370	-0.1716858692	-0.1702980101	-0.1690397802	-0.1678863173	-0.1667973206	-0.1657360346	-0.1646785886	-0.1636145371	-0.1625428376	-0.1614663069	-0.1603880576	-0.1593101626	-0.1582336002	-0.1571587147	-0.1560856489	-0.1550145589	-0.1539456660	-0.1528792348	-0.1518155416	-0.1507548553	-0.1496974283	-0.1486435003	-0.1475932979	-0.1465470381	-0.1455049279	-0.1444671647	-0.1434339358	-0.1424054186	-0.1413817827	-0.1403631877	-0.1393497862	-0.1383417221	-0.1373391313	-0.1363421415	-0.1353508721	-0.1343654363	-0.1333859387	-0.1324124780	-0.1314451456	-0.1304840259	-0.1295291972	-0.1285807322	-0.1276386970	-0.1267031515	-0.1257741516	-0.1248517464	-0.1239359796	-0.1230268903	-0.1221245113	-0.1212288730	-0.1203399996	-0.1194579134	-0.1185826320	-0.1177141687	-0.1168525337	-0.1159977335	-0.1151497717	-0.1143086476	-0.1134743574	-0.1126468948	-0.1118262481	-0.1110124025	-0.1102053540	-0.1094051242	-0.1086117631	-0.1078252535	-0.1070452068	-0.1062704447
-0.1857154088	-0.1856438264	-0.1855767514	-0.1855164416	-0.1854635788	-0.1854181160	-0.1853798826	-0.1853487717	-0.1853247310	-0.1853077305	-0.1852977451	-0.1852947463	-0.1852987035	-0.1853095891	-0.1853273727	-0.1853520268	-0.1853835245	-0.1854218362	-0.1854669383	-0.1855188016	-0.1855774032	-0.1856427173	-0.1857147205	-0.1857933884	-0.1858786962	-0.1859706216	-0.1860691398	-0.1861742256	-0.1862858560	-0.1864040061	-0.1865286512	-0.1866597647	-0.1867973226	-0.1869412967	-0.1870916613	-0.1872483866	-0.1874114448	-0.1875808071	-0.1877564415	-0.1879383168	-0.1881263985	-0.1883206512	-0.1885210365	-0.1887275159	-0.1889400475	-0.1891585870	-0.1893830896	-0.1896135070	-0.1898497893	-0.1900918821	-0.1903397273	-0.1905932553	-0.1908523857	-0.1911170392	-0.1913871669	-0.1916628011	-0.1919440925	-0.1922312484	-0.1925242279	-0.1928221282	-0.1931225270	-0.1934213178	-0.1937139297	-0.1939997946	-0.1942894720	-0.1946122300	-0.1950205696	-0.1955774200	-0.1963319240	-0.1972979307	-0.1984480829	-0.1997274700	-0.2010767102	-0.2024504334	-0.2038208410	-0.2051749400	-0.2065088680	-0.2078228886	-0.2091185006	-0.2103969990	-0.2116590983	-0.2129049288	-0.2141342134	-0.2153464196	-0.2165408726	-0.2177168441	-0.2188735866	-0.2200103593	-0.2211264357	-0.2222211018	-0.2232936592	-0.2243434189	-0.2253697003	-0.2263718305	-0.2273491441	-0.2283009799	-0.2292266831	-0.2301256078	-0.2309971201	-0.2318405969	-0.2326554257	-0.2334410048	-0.2341967448	-0.2349220679	-0.2356164108	-0.2362792221	-0.2369099631	-0.2375081095	-0.2380731538	-0.2386046100	-0.2391020121	-0.2395649140	-0.2399928891	-0.2403855301	-0.2407424504	-0.2410632846	-0.2413476876	-0.2415953360	-0.2418059286	-0.2419791886	-0.2421148678	-0.2422127444	-0.2422726213	-0.2422943272	-0.2422777170	-0.2422226697	-0.2421290907	-0.2419969113	-0.2418260897	-0.2416166121	-0.2413684931	-0.2410817778	-0.2407565393	-0.2403928776	-0.2399909192	-0.2395508175	-0.2390727528	-0.2385569321	-0.2380035896	-0.2374129877	-0.2367854168	-0.2361211941	-0.2354206628	-0.2346841911	-0.2339121715	-0.2331050204	-0.2322631772	-0.2313871048	-0.2304772901	-0.2295342430	-0.2285584972	-0.2275506078	-0.2265111489	-0.2254407142	-0.2243399161	-0.2232093831	-0.2220497618	-0.2208617150	-0.2196459197	-0.2184030685	-0.2171338693	-0.2158390455	-0.2145193312	-0.2131754710	-0.2118082186	-0.2104183366	-0.2090065979	-0.2075737822	-0.2061206789	-0.2046480866	-0.2031568140	-0.2016476811	-0.2001215193	-0.1985791715	-0.1970214834	-0.1954492854	-0.1938633673	-0.1922644201	-0.1906529642	-0.1890292546	-0.1873931739	-0.1857442652	-0.1840820114	-0.1824068283	-0.1807218850	-0.1790361863	-0.1773679159	-0.1757456538	-0.1742053727	-0.1727786795	-0.1714783671	-0.1702922365	-0.1691882239	-0.1681284132	-0.1670822217	-0.1660331680	-0.1649759920	-0.1639116721	-0.1628432420	-0.1617733354	-0.1607035581	-0.1596346606	-0.1585669311	-0.1575005251	-0.1564356294	-0.1553724881	-0.1543113783	-0.1532525855	-0.1521963843	-0.1511430353	-0.1500927859	-0.1490458714	-0.1480025170	-0.1469629393	-0.1459273446	-0.1448959301	-0.1438688833	-0.1428463816	-0.1418285946	-0.1408156813	-0.1398077956	-0.1388050811	-0.1378076748	-0.1368157056	-0.1358292948	-0.1348485560	-0.1338735960	-0.1329045147	-0.1319414051	-0.1309843539	-0.1300334414	-0.1290887417	-0.1281503226	-0.1272182477	-0.1262925736	-0.1253733531	-0.1244606317	-0.1235544510	-0.1226548474	-0.1217618517	-0.1208754925	-0.1199957929	-0.1191227723	-0.1182564477	-0.1173968312	-0.1165439315	-0.1156977550	-0.1148583040	-0.1140255766	-0.1131995692	-0.1123802726	-0.1115676746	-0.1107617734	-0.1099625914	-0.1091701797	-0.1083845238	-0.1076052459	-0.1068311998
-0.1870425968	-0.1869665619	-0.1868950548	-0.1868303156	-0.1867730213	-0.1867231237	-0.1866804513	-0.1866448936	-0.1866163975	-0.1865949314	-0.1865804697	-0.1865729799	-0.1865724306	-0.1865787898	-0.1865920270	-0.1866121118	-0.1866390137	-0.1866727028	-0.1867131512	-0.1867603316	-0.1868142158	-0.1868747779	-0.1869419901	-0.1870158256	-0.1870962591	-0.1871832640	-0.1872768126	-0.1873768789	-0.1874834354	-0.1875964553	-0.1877159103	-0.1878417728	-0.1879740143	-0.1881126039	-0.1882575126	-0.1884087094	-0.1885661628	-0.1887298393	-0.1888997058	-0.1890757266	-0.1892578636	-0.1894460784	-0.1896403291	-0.1898405734	-0.1900467663	-0.1902588594	-0.1904768051	-0.1907005507	-0.1909300415	-0.1911652202	-0.1914060281	-0.1916523980	-0.1919042567	-0.1921615191	-0.1924240983	-0.1926919271	-0.1929650011	-0.1932434183	-0.1935273490	-0.1938168338	-0.1941113563	-0.1944092530	-0.1947071567	-0.1950005819	-0.1952866987	-0.1955696952	-0.1958687664	-0.1962222735	-0.1966833908	-0.1973084618	-0.1981310360	-0.1991476853	-0.2003197311	-0.2015936276	-0.2029174779	-0.2042541364	-0.2055820325	-0.2068915396	-0.2081800802	-0.2094481116	-0.2106969050	-0.2119274847	-0.2131404017	-0.2143357108	-0.2155131276	-0.2166721466	-0.2178121229	-0.2189323548	-0.2200321209	-0.2211106992	-0.2221673823	-0.2232014743	-0.2242122915	-0.2251991640	-0.2261614310	-0.2270984389	-0.2280095428	-0.2288941101	-0.2297515197	-0.2305811588	-0.2313824272	-0.2321547361	-0.2328975079	-0.2336101768	-0.2342921890	-0.2349430057	-0.2355620998	-0.2361489576	-0.2367030851	-0.2372240066	-0.2377112675	-0.2381644314	-0.2385830808	-0.2389668178	-0.2393152649	-0.2396280653	-0.2399048816	-0.2401453981	-0.2403493216	-0.2405163833	-0.2406463419	-0.2407389822	-0.2407941127	-0.2408115675	-0.2407912053	-0.2407329102	-0.2406365917	-0.2405021841	-0.2403296489	-0.2401189746	-0.2398701787	-0.2395833076	-0.2392584348	-0.2388956603	-0.2384951106	-0.2380569384	-0.2375813226	-0.2370684687	-0.2365186079	-0.2359319995	-0.2353089307	-0.2346497150	-0.2339546912	-0.2332242223	-0.2324586957	-0.2316585212	-0.2308241321	-0.2299559849	-0.2290545586	-0.2281203549	-0.2271538986	-0.2261557362	-0.2251264341	-0.2240665763	-0.2229767647	-0.2218576183	-0.2207097722	-0.2195338778	-0.2183306018	-0.2171006252	-0.2158446425	-0.2145633637	-0.2132575126	-0.2119278221	-0.2105750355	-0.2091999067	-0.2078032002	-0.2063856906	-0.2049481649	-0.2034914219	-0.2020162709	-0.2005235306	-0.1990140210	-0.1974885494	-0.1959478830	-0.1943926942	-0.1928235025	-0.1912405972	-0.1896439507	-0.1880332582	-0.1864081081	-0.1847687395	-0.1831174833	-0.1814613174	-0.1798147706	-0.1782017064	-0.1766543051	-0.1752043663	-0.1738726716	-0.1726578341	-0.1715365873	-0.1704732805	-0.1694355674	-0.1684014186	-0.1673604067	-0.1663107570	-0.1652546118	-0.1641949106	-0.1631338664	-0.1620726878	-0.1610119239	-0.1599518189	-0.1588925491	-0.1578343286	-0.1567774230	-0.1557221224	-0.1546687180	-0.1536174916	-0.1525687110	-0.1515226297	-0.1504794922	-0.1494395314	-0.1484029723	-0.1473700289	-0.1463409080	-0.1453158053	-0.1442949086	-0.1432783959	-0.1422664356	-0.1412591884	-0.1402568064	-0.1392594345	-0.1382672099	-0.1372802625	-0.1362987155	-0.1353226829	-0.1343522735	-0.1333875885	-0.1324287223	-0.1314757629	-0.1305287928	-0.1295878878	-0.1286531180	-0.1277245484	-0.1268022384	-0.1258862420	-0.1249766081	-0.1240733804	-0.1231765983	-0.1222862947	-0.1214024996	-0.1205252386	-0.1196545338	-0.1187904036	-0.1179328628	-0.1170819230	-0.1162375921	-0.1153998749	-0.1145687734	-0.1137442846	-0.1129264014	-0.1121151165	-0.1113104278	-0.1105123600	-0.1097209650	-0.1089362300	-0.1081577903	-0.1073845300
-0.1883594242	-0.1882788709	-0.1882028636	-0.1881336270	-0.1880718326	-0.1880174294	-0.1879702452	-0.1879301685	-0.1878971436	-0.1878711405	-0.1878521260	-0.1878400693	-0.1878349360	-0.1878366921	-0.1878453028	-0.1878607376	-0.1878829623	-0.1879119483	-0.1879476620	-0.1879900765	-0.1880391607	-0.1880948858	-0.1881572224	-0.1882261411	-0.1883016140	-0.1883836110	-0.1884721031	-0.1885670616	-0.1886684561	-0.1887762565	-0.1888904337	-0.1890109556	-0.1891377902	-0.1892709059	-0.1894102694	-0.1895558470	-0.1897076054	-0.1898655073	-0.1900295163	-0.1901995924	-0.1903756953	-0.1905577822	-0.1907458100	-0.1909397306	-0.1911394964	-0.1913450576	-0.1915563605	-0.1917733489	-0.1919959653	-0.1922241485	-0.1924578358	-0.1926969602	-0.1929414496	-0.1931912245	-0.1934461962	-0.1937062691	-0.1939713588	-0.1942414277	-0.1945165272	-0.1947967921	-0.1950823170	-0.1953728460	-0.1956672170	-0.1959628406	-0.1962558780	-0.1965427150	-0.1968236058	-0.1971082838	-0.1974214174	-0.1978064646	-0.1983158698	-0.1989947745	-0.1998621358	-0.2009035573	-0.2020761868	-0.2033297581	-0.2046193182	-0.2059139217	-0.2071963641	-0.2084592185	-0.2097004943	-0.2109205218	-0.2121203062	-0.2133006427	-0.2144619941	-0.2156044164	-0.2167276376	-0.2178311809	-0.2189144379	-0.2199767395	-0.2210173970	-0.2220357133	-0.2230309998	-0.2240025834	-0.2249497986	-0.2258719918	-0.2267685251	-0.2276387737	-0.2284821239	-0.2292979750	-0.2300857375	-0.2308448332	-0.2315746953	-0.2322747692	-0.2329445125	-0.2335833975	-0.2341909088	-0.2347665445	-0.2353098211	-0.2358202752	-0.2362974620	-0.2367409557	-0.2371503490	-0.2375252528	-0.2378652983	-0.2381701367	-0.2384394390	-0.2386728970	-0.2388702249	-0.2390311632	-0.2391554769	-0.2392429566	-0.2392934174	-0.2393066977	-0.2392826609	-0.2392211957	-0.2391222146	-0.2389856559	-0.2388114837	-0.2385996891	-0.2383502922	-0.2380633410	-0.2377389092	-0.2373770966	-0.2369780297	-0.2365418599	-0.2360687654	-0.2355589495	-0.2350126416	-0.2344300979	-0.2338116018	-0.2331574632	-0.2324680158	-0.2317436178	-0.2309846507	-0.2301915187	-0.2293646492	-0.2285044919	-0.2276115182	-0.2266862219	-0.2257291196	-0.2247407483	-0.2237216646	-0.2226724437	-0.2215936773	-0.2204859750	-0.2193499609	-0.2181862751	-0.2169955730	-0.2157785247	-0.2145358148	-0.2132681426	-0.2119762210	-0.2106607751	-0.2093225425	-0.2079622730	-0.2065807284	-0.2051786821	-0.2037569201	-0.2023162347	-0.2008574143	-0.1993812331	-0.1978884233	-0.1963796284	-0.1948553560	-0.1933158949	-0.1917612703	-0.1901912961	-0.1886056968	-0.1870047440	-0.1853903444	-0.1837681022	-0.1821499448	-0.1805562513	-0.1790156098	-0.1775585200	-0.1762093994	-0.1749740775	-0.1738375378	-0.1727697488	-0.1717384412	-0.1707177095	-0.1696932832	-0.1686601211	-0.1676186990	-0.1665715836	-0.1655213111	-0.1644696369	-0.1634174897	-0.1623652847	-0.1613132416	-0.1602615579	-0.1592104728	-0.1581602684	-0.1571112444	-0.1560636997	-0.1550179210	-0.1539741820	-0.1529327445	-0.1518938584	-0.1508577658	-0.1498246986	-0.1487948795	-0.1477685216	-0.1467458304	-0.1457270010	-0.1447122202	-0.1437016672	-0.1426955093	-0.1416939081	-0.1406970153	-0.1397049761	-0.1387179279	-0.1377360016	-0.1367593203	-0.1357880009	-0.1348221519	-0.1338618763	-0.1329072703	-0.1319584230	-0.1310154185	-0.1300783348	-0.1291472439	-0.1282222120	-0.1273033007	-0.1263905658	-0.1254840587	-0.1245838255	-0.1236899070	-0.1228023406	-0.1219211572	-0.1210463842	-0.1201780465	-0.1193161635	-0.1184607535	-0.1176118287	-0.1167694010	-0.1159334763	-0.1151040594	-0.1142811493	-0.1134647420	-0.1126548318	-0.1118514187	-0.1110545293	-0.1102642159	-0.1094804669	-0.1087029296	-0.1079305164
-0.1896659108	-0.1895807714	-0.1895001972	-0.1894263974	-0.1893600351	-0.1893010575	-0.1892492922	-0.1892046252	-0.1891670025	-0.1891363878	-0.1891127482	-0.1890960507	-0.1890862572	-0.1890833326	-0.1890872406	-0.1890979466	-0.1891154166	-0.1891396188	-0.1891705198	-0.1892080878	-0.1892522905	-0.1893030975	-0.1893604758	-0.1894243959	-0.1894948243	-0.1895717293	-0.1896550813	-0.1897448468	-0.1898409939	-0.1899434906	-0.1900523029	-0.1901673975	-0.1902887397	-0.1904162948	-0.1905500268	-0.1906898996	-0.1908358772	-0.1909879180	-0.1911459829	-0.1913100294	-0.1914800125	-0.1916558873	-0.1918376059	-0.1920251196	-0.1922183757	-0.1924173212	-0.1926218997	-0.1928320522	-0.1930477159	-0.1932688279	-0.1934953193	-0.1937271223	-0.1939641628	-0.1942063635	-0.1944536399	-0.1947058957	-0.1949630270	-0.1952249348	-0.1954915581	-0.1957629050	-0.1960390654	-0.1963201362	-0.1966060046	-0.1968959328	-0.1971881387	-0.1974796066	-0.1977665729	-0.1980467998	-0.1983236383	-0.1986119480	-0.1989413590	-0.1993552641	-0.1999022511	-0.2006167444	-0.2015065632	-0.2025509418	-0.2037070381	-0.2049284326	-0.2061763648	-0.2074249513	-0.2086596870	-0.2098741243	-0.2110663387	-0.2122363751	-0.2133850278	-0.2145129860	-0.2156206403	-0.2167080430	-0.2177749418	-0.2188209077	-0.2198453904	-0.2208477636	-0.2218273715	-0.2227835529	-0.2237156416	-0.2246229806	-0.2255049338	-0.2263608775	-0.2271901992	-0.2279923053	-0.2287666142	-0.2295125548	-0.2302295696	-0.2309171141	-0.2315746590	-0.2322016847	-0.2327976859	-0.2333621726	-0.2338946732	-0.2343947358	-0.2348619260	-0.2352958278	-0.2356960426	-0.2360621906	-0.2363939112	-0.2366908641	-0.2369527295	-0.2371792064	-0.2373700174	-0.2375249106	-0.2376436582	-0.2377260562	-0.2377719255	-0.2377811094	-0.2377534763	-0.2376889182	-0.2375873519	-0.2374487192	-0.2372729864	-0.2370601476	-0.2368102251	-0.2365232675	-0.2361993494	-0.2358385715	-0.2354410593	-0.2350069631	-0.2345364601	-0.2340297512	-0.2334870637	-0.2329086514	-0.2322947940	-0.2316457970	-0.2309619900	-0.2302437260	-0.2294913808	-0.2287053527	-0.2278860632	-0.2270339540	-0.2261494893	-0.2252331554	-0.2242854602	-0.2233069326	-0.2222981197	-0.2212595859	-0.2201919138	-0.2190957030	-0.2179715683	-0.2168201410	-0.2156420666	-0.2144380055	-0.2132086346	-0.2119546462	-0.2106767481	-0.2093756619	-0.2080521203	-0.2067068715	-0.2053406732	-0.2039542837	-0.2025484596	-0.2011239353	-0.1996813917	-0.1982214281	-0.1967445252	-0.1952509624	-0.1937408051	-0.1922139354	-0.1906702103	-0.1891100507	-0.1875352776	-0.1859508237	-0.1843669435	-0.1828011393	-0.1812786612	-0.1798282807	-0.1784753210	-0.1772299398	-0.1760841640	-0.1750141338	-0.1739886117	-0.1729806394	-0.1719729564	-0.1709573814	-0.1699324831	-0.1689000496	-0.1678626716	-0.1668224281	-0.1657806158	-0.1647379206	-0.1636946779	-0.1626511072	-0.1616074324	-0.1605639173	-0.1595208570	-0.1584785593	-0.1574373262	-0.1563974498	-0.1553592100	-0.1543228745	-0.1532887004	-0.1522569363	-0.1512278213	-0.1502015854	-0.1491784496	-0.1481586267	-0.1471423191	-0.1461297220	-0.1451210219	-0.1441163962	-0.1431160147	-0.1421200371	-0.1411286163	-0.1401418970	-0.1391600168	-0.1381831076	-0.1372112924	-0.1362446888	-0.1352834078	-0.1343275519	-0.1333772194	-0.1324325019	-0.1314934838	-0.1305602452	-0.1296328590	-0.1287113939	-0.1277959127	-0.1268864737	-0.1259831299	-0.1250859292	-0.1241949152	-0.1233101273	-0.1224315997	-0.1215593618	-0.1206934386	-0.1198338536	-0.1189806252	-0.1181337691	-0.1172932979	-0.1164592218	-0.1156315457	-0.1148102725	-0.1139954001	-0.1131869238	-0.1123848474	-0.1115891978	-0.1108000268	-0.1100173274	-0.1092407565	-0.1084692537
-0.1909620763	-0.1908722863	-0.1907870808	-0.1907086514	-0.1906376535	-0.1905740352	-0.1905176204	-0.1904682961	-0.1904260046	-0.1903907074	-0.1903623719	-0.1903409594	-0.1903264318	-0.1903187514	-0.1903178806	-0.1903237824	-0.1903364219	-0.1903557643	-0.1903817754	-0.1904144191	-0.1904536627	-0.1904994715	-0.1905518134	-0.1906106528	-0.1906759558	-0.1907476892	-0.1908258193	-0.1909103103	-0.1910011284	-0.1910982381	-0.1912016029	-0.1913111872	-0.1914269533	-0.1915488653	-0.1916768835	-0.1918109702	-0.1919510839	-0.1920971815	-0.1922492194	-0.1924071527	-0.1925709347	-0.1927405163	-0.1929158467	-0.1930968732	-0.1932835412	-0.1934757935	-0.1936735713	-0.1938768115	-0.1940854495	-0.1942994176	-0.1945186441	-0.1947430581	-0.1949725833	-0.1952071402	-0.1954466439	-0.1956910018	-0.1959401117	-0.1961938640	-0.1964521494	-0.1967148831	-0.1969820323	-0.1972536332	-0.1975297669	-0.1978104154	-0.1980951812	-0.1983829004	-0.1986712299	-0.1989568648	-0.1992367390	-0.1995105931	-0.1997850636	-0.2000781929	-0.2004222285	-0.2008579106	-0.2014277600	-0.2021580138	-0.2030494300	-0.2040777175	-0.2052025985	-0.2063826786	-0.2075838737	-0.2087835017	-0.2099684805	-0.2111326709	-0.2122740024	-0.2133922329	-0.2144879140	-0.2155616166	-0.2166136479	-0.2176440852	-0.2186527411	-0.2196392430	-0.2206031068	-0.2215437611	-0.2224605875	-0.2233529585	-0.2242202488	-0.2250618360	-0.2258771084	-0.2266654736	-0.2274263529	-0.2281591784	-0.2288633976	-0.2295384747	-0.2301838880	-0.2307991262	-0.2313836930	-0.2319371093	-0.2324589158	-0.2329486703	-0.2334059481	-0.2338303417	-0.2342214610	-0.2345789360	-0.2349024161	-0.2351915684	-0.2354460808	-0.2356656612	-0.2358500392	-0.2359989702	-0.2361122334	-0.2361896315	-0.2362309896	-0.2362361570	-0.2362050062	-0.2361374333	-0.2360333597	-0.2358927298	-0.2357155128	-0.2355017053	-0.2352513312	-0.2349644405	-0.2346411089	-0.2342814363	-0.2338855481	-0.2334535946	-0.2329857505	-0.2324822152	-0.2319432134	-0.2313689954	-0.2307598382	-0.2301160427	-0.2294379334	-0.2287258591	-0.2279801903	-0.2272013195	-0.2263896612	-0.2255456508	-0.2246697444	-0.2237624204	-0.2228241781	-0.2218555379	-0.2208570392	-0.2198292378	-0.2187727075	-0.2176880393	-0.2165758402	-0.2154367340	-0.2142713607	-0.2130803764	-0.2118644508	-0.2106242707	-0.2093605418	-0.2080739804	-0.2067653050	-0.2054352393	-0.2040845003	-0.2027137733	-0.2013236862	-0.1999147903	-0.1984875032	-0.1970420727	-0.1955786122	-0.1940970744	-0.1925974681	-0.1910803847	-0.1895477358	-0.1880042868	-0.1864594157	-0.1849286695	-0.1834346434	-0.1820036664	-0.1806602473	-0.1794170607	-0.1782706761	-0.1772021346	-0.1761833446	-0.1751883550	-0.1741975218	-0.1732003117	-0.1721934172	-0.1711775767	-0.1701550436	-0.1691280856	-0.1680983594	-0.1670668176	-0.1660339574	-0.1650000608	-0.1639653556	-0.1629300928	-0.1618945588	-0.1608590620	-0.1598239159	-0.1587894264	-0.1577558897	-0.1567235888	-0.1556927972	-0.1546637793	-0.1536367887	-0.1526120721	-0.1515898659	-0.1505703981	-0.1495538881	-0.1485405466	-0.1475305756	-0.1465241685	-0.1455215112	-0.1445227802	-0.1435281458	-0.1425377678	-0.1415517987	-0.1405703842	-0.1395936612	-0.1386217616	-0.1376548094	-0.1366929230	-0.1357362137	-0.1347847862	-0.1338387392	-0.1328981655	-0.1319631513	-0.1310337775	-0.1301101197	-0.1291922469	-0.1282802252	-0.1273741132	-0.1264739660	-0.1255798339	-0.1246917623	-0.1238097928	-0.1229339613	-0.1220643006	-0.1212008375	-0.1203435972	-0.1194925989	-0.1186478616	-0.1178093995	-0.1169772241	-0.1161513436	-0.1153317624	-0.1145184803	-0.1137114956	-0.1129108134	-0.1121164620	-0.1113284941	-0.1105469042	-0.1097713596	-0.1090008352
-0.1922479411	-0.1921534392	-0.1920635390	-0.1919804154	-0.1919047179	-0.1918363917	-0.1917752617	-0.1917212122	-0.1916741820	-0.1916341351	-0.1916010322	-0.1915748337	-0.1915554998	-0.1915429914	-0.1915372683	-0.1915382936	-0.1915460287	-0.1915604370	-0.1915814820	-0.1916091270	-0.1916433349	-0.1916840701	-0.1917312976	-0.1917849783	-0.1918450789	-0.1919115621	-0.1919843913	-0.1920635287	-0.1921489386	-0.1922405812	-0.1923384193	-0.1924424138	-0.1925525248	-0.1926687145	-0.1927909407	-0.1929191614	-0.1930533312	-0.1931934069	-0.1933393401	-0.1934910831	-0.1936485855	-0.1938117965	-0.1939806624	-0.1941551266	-0.1943351317	-0.1945206185	-0.1947115231	-0.1949077804	-0.1951093225	-0.1953160793	-0.1955279771	-0.1957449398	-0.1959668895	-0.1961937431	-0.1964254124	-0.1966618046	-0.1969028222	-0.1971483574	-0.1973982934	-0.1976525119	-0.1979109065	-0.1981734084	-0.1984400131	-0.1987107717	-0.1989857081	-0.1992646245	-0.1995467684	-0.1998305313	-0.2001133732	-0.2003921430	-0.2006647212	-0.2009327565	-0.2012054540	-0.2015021343	-0.2018547841	-0.2023011061	-0.2028775931	-0.2036042336	-0.2044780880	-0.2054747127	-0.2065571603	-0.2076886627	-0.2088385864	-0.2099863818	-0.2111195675	-0.2122317159	-0.2133204370	-0.2143851931	-0.2154262213	-0.2164439695	-0.2174386934	-0.2184104812	-0.2193592374	-0.2202846436	-0.2211862715	-0.2220636307	-0.2229161677	-0.2237432964	-0.2245444309	-0.2253189919	-0.2260664044	-0.2267861021	-0.2274775349	-0.2281401730	-0.2287734978	-0.2293770037	-0.2299502007	-0.2304926194	-0.2310038096	-0.2314833375	-0.2319307859	-0.2323457554	-0.2327278662	-0.2330767573	-0.2333920852	-0.2336735257	-0.2339207737	-0.2341335446	-0.2343115769	-0.2344546322	-0.2345624964	-0.2346349787	-0.2346719096	-0.2346731432	-0.2346385566	-0.2345680503	-0.2344615483	-0.2343189985	-0.2341403739	-0.2339256731	-0.2336749214	-0.2333881700	-0.2330654952	-0.2327069970	-0.2323128001	-0.2318830544	-0.2314179327	-0.2309176325	-0.2303823766	-0.2298124120	-0.2292080116	-0.2285694723	-0.2278971144	-0.2271912815	-0.2264523380	-0.2256806713	-0.2248766898	-0.2240408226	-0.2231735194	-0.2222752505	-0.2213465088	-0.2203878063	-0.2193996737	-0.2183826615	-0.2173373386	-0.2162642898	-0.2151641158	-0.2140374337	-0.2128848803	-0.2117071090	-0.2105047805	-0.2092785670	-0.2080291511	-0.2067572158	-0.2054634225	-0.2041483895	-0.2028126928	-0.2014568301	-0.2000811515	-0.1986858922	-0.1972711739	-0.1958370219	-0.1943836715	-0.1929119303	-0.1914239224	-0.1899245450	-0.1884227957	-0.1869331118	-0.1854761546	-0.1840756404	-0.1827544673	-0.1815259721	-0.1803893253	-0.1793292093	-0.1783206902	-0.1773394282	-0.1763654656	-0.1753871358	-0.1743993374	-0.1734016119	-0.1723957059	-0.1713838881	-0.1703679899	-0.1693492308	-0.1683283160	-0.1673056292	-0.1662814295	-0.1652559589	-0.1642294908	-0.1632023295	-0.1621747937	-0.1611472026	-0.1601198669	-0.1590930848	-0.1580671440	-0.1570423220	-0.1560188869	-0.1549971002	-0.1539772128	-0.1529594688	-0.1519441019	-0.1509313383	-0.1499213948	-0.1489144807	-0.1479107967	-0.1469105355	-0.1459138812	-0.1449210106	-0.1439320924	-0.1429472872	-0.1419667481	-0.1409906202	-0.1400190414	-0.1390521417	-0.1380900469	-0.1371328759	-0.1361807401	-0.1352337466	-0.1342919933	-0.1333555753	-0.1324245795	-0.1314990885	-0.1305791793	-0.1296649233	-0.1287563861	-0.1278536300	-0.1269567102	-0.1260656802	-0.1251805858	-0.1243014715	-0.1234283745	-0.1225613309	-0.1217003702	-0.1208455176	-0.1199967963	-0.1191542249	-0.1183178208	-0.1174875964	-0.1166635627	-0.1158457254	-0.1150340875	-0.1142286492	-0.1134294169	-0.1126364198	-0.1118497140	-0.1110692884	-0.1102948258	-0.1095253387
-0.1935235338	-0.1934242558	-0.1933295985	-0.1932417180	-0.1931612576	-0.1930881598	-0.1930222496	-0.1929634079	-0.1929115743	-0.1928667073	-0.1928287671	-0.1927977132	-0.1927735043	-0.1927560972	-0.1927454525	-0.1927415293	-0.1927442882	-0.1927536906	-0.1927696966	-0.1927922689	-0.1928213684	-0.1928569555	-0.1928989930	-0.1929474421	-0.1930022651	-0.1930634212	-0.1931308729	-0.1932045808	-0.1932845053	-0.1933706052	-0.1934628397	-0.1935611682	-0.1936655502	-0.1937759416	-0.1938922994	-0.1940145779	-0.1941427287	-0.1942767065	-0.1944164606	-0.1945619391	-0.1947130889	-0.1948698571	-0.1950321850	-0.1952000166	-0.1953732894	-0.1955519404	-0.1957359043	-0.1959251129	-0.1961194944	-0.1963189773	-0.1965234859	-0.1967329404	-0.1969472593	-0.1971663556	-0.1973901378	-0.1976185123	-0.1978513801	-0.1980886354	-0.1983301644	-0.1985758462	-0.1988255526	-0.1990791620	-0.1993365798	-0.1995977596	-0.1998627085	-0.2001314475	-0.2004038890	-0.2006796182	-0.2009576231	-0.2012359964	-0.2015121138	-0.2017833219	-0.2020484931	-0.2023105575	-0.2025799184	-0.2028760913	-0.2032293088	-0.2036742928	-0.2042419206	-0.2049474192	-0.2057867457	-0.2067378792	-0.2077677958	-0.2088442663	-0.2099389148	-0.2110316857	-0.2121103962	-0.2131683733	-0.2142027388	-0.2152124954	-0.2161974349	-0.2171578036	-0.2180938600	-0.2190056358	-0.2198930807	-0.2207560197	-0.2215940935	-0.2224068642	-0.2231938609	-0.2239545692	-0.2246884467	-0.2253949500	-0.2260735463	-0.2267237150	-0.2273449430	-0.2279367264	-0.2284985793	-0.2290300406	-0.2295306668	-0.2300000301	-0.2304377196	-0.2308433417	-0.2312165244	-0.2315569139	-0.2318641737	-0.2321379882	-0.2323780594	-0.2325841088	-0.2327558831	-0.2328931507	-0.2329957040	-0.2330633573	-0.2330959466	-0.2330933310	-0.2330553922	-0.2329820340	-0.2328731839	-0.2327287930	-0.2325488370	-0.2323333173	-0.2320822609	-0.2317957201	-0.2314737710	-0.2311165143	-0.2307240745	-0.2302965993	-0.2298342606	-0.2293372546	-0.2288058009	-0.2282401443	-0.2276405540	-0.2270073230	-0.2263407677	-0.2256412267	-0.2249090600	-0.2241446491	-0.2233483959	-0.2225207240	-0.2216620777	-0.2207729233	-0.2198537481	-0.2189050581	-0.2179273764	-0.2169212472	-0.2158872365	-0.2148259259	-0.2137379094	-0.2126237925	-0.2114841960	-0.2103197521	-0.2091310939	-0.2079188388	-0.2066835772	-0.2054258804	-0.2041462634	-0.2028451138	-0.2015227417	-0.2001794021	-0.1988152109	-0.1974303369	-0.1960253061	-0.1946012521	-0.1931606875	-0.1917087541	-0.1902542870	-0.1888113151	-0.1873990755	-0.1860389546	-0.1847518243	-0.1835498324	-0.1824330814	-0.1813891342	-0.1803961933	-0.1794314613	-0.1784755883	-0.1775166376	-0.1765485938	-0.1755701134	-0.1745823474	-0.1735873158	-0.1725869153	-0.1715825723	-0.1705751643	-0.1695652009	-0.1685530009	-0.1675388212	-0.1665229283	-0.1655056142	-0.1644871952	-0.1634679979	-0.1624483451	-0.1614285506	-0.1604089175	-0.1593897367	-0.1583712895	-0.1573538482	-0.1563376782	-0.1553230365	-0.1543101716	-0.1532993243	-0.1522907263	-0.1512846014	-0.1502811646	-0.1492806229	-0.1482831756	-0.1472890142	-0.1462983219	-0.1453112746	-0.1443280399	-0.1433487797	-0.1423736463	-0.1414027847	-0.1404363335	-0.1394744226	-0.1385171777	-0.1375647174	-0.1366171550	-0.1356745970	-0.1347371438	-0.1338048904	-0.1328779255	-0.1319563327	-0.1310401901	-0.1301295708	-0.1292245420	-0.1283251668	-0.1274315032	-0.1265436047	-0.1256615208	-0.1247852956	-0.1239149705	-0.1230505815	-0.1221921616	-0.1213397379	-0.1204933359	-0.1196529756	-0.1188186752	-0.1179904497	-0.1171683113	-0.1163522690	-0.1155423262	-0.1147384856	-0.1139407566	-0.1131491688	-0.1123637759	-0.1115845720	-0.1108112521	-0.1100428527
-0.1947888781	-0.1946847631	-0.1945852880	-0.1944925902	-0.1944073045	-0.1943293724	-0.1942586171	-0.1941949195	-0.1941382166	-0.1940884628	-0.1940456189	-0.1940096422	-0.1939804887	-0.1939581161	-0.1939424805	-0.1939335400	-0.1939312538	-0.1939355799	-0.1939464773	-0.1939639053	-0.1939878243	-0.1940181920	-0.1940549679	-0.1940981128	-0.1941475845	-0.1942033417	-0.1942653428	-0.1943335481	-0.1944079130	-0.1944883967	-0.1945749555	-0.1946675462	-0.1947661254	-0.1948706465	-0.1949810627	-0.1950973261	-0.1952193869	-0.1953471951	-0.1954806976	-0.1956198407	-0.1957645687	-0.1959148246	-0.1960705484	-0.1962316791	-0.1963981536	-0.1965699047	-0.1967468644	-0.1969289622	-0.1971161246	-0.1973082765	-0.1975053394	-0.1977072325	-0.1979138693	-0.1981251594	-0.1983410090	-0.1985613213	-0.1987859942	-0.1990149213	-0.1992479920	-0.1994850875	-0.1997260793	-0.1999708340	-0.2002192169	-0.2004711102	-0.2007264299	-0.2009851401	-0.2012472426	-0.2015127055	-0.2017813163	-0.2020524444	-0.2023248365	-0.2025965043	-0.2028649042	-0.2031278749	-0.2033850305	-0.2036400440	-0.2039036540	-0.2041950555	-0.2045412662	-0.2049726202	-0.2055157845	-0.2061836439	-0.2069732990	-0.2078673310	-0.2088362774	-0.2098504428	-0.2108838249	-0.2119171332	-0.2129383589	-0.2139401072	-0.2149184418	-0.2158717393	-0.2167993877	-0.2177012343	-0.2185774541	-0.2194281811	-0.2202533257	-0.2210527488	-0.2218262490	-0.2225734757	-0.2232939951	-0.2239873662	-0.2246531328	-0.2252908098	-0.2258999035	-0.2264799282	-0.2270304138	-0.2275509089	-0.2280409778	-0.2285001984	-0.2289281629	-0.2293244819	-0.2296887880	-0.2300207342	-0.2303199927	-0.2305862535	-0.2308192243	-0.2310186327	-0.2311842305	-0.2313157929	-0.2314131179	-0.2314760251	-0.2315043554	-0.2314979718	-0.2314567601	-0.2313806291	-0.2312695092	-0.2311233540	-0.2309421424	-0.2307258781	-0.2304745895	-0.2301883300	-0.2298671763	-0.2295112286	-0.2291206111	-0.2286954712	-0.2282359791	-0.2277423288	-0.2272147381	-0.2266534487	-0.2260587265	-0.2254308617	-0.2247701672	-0.2240769785	-0.2233516534	-0.2225945677	-0.2218061174	-0.2209867201	-0.2201368152	-0.2192568666	-0.2183473584	-0.2174087909	-0.2164416811	-0.2154465617	-0.2144239840	-0.2133745164	-0.2122987356	-0.2111972145	-0.2100705093	-0.2089191714	-0.2077437525	-0.2065447410	-0.2053225258	-0.2040774657	-0.2028098856	-0.2015199638	-0.2002078804	-0.1988740714	-0.1975193258	-0.1961452201	-0.1947550615	-0.1933545539	-0.1919525002	-0.1905625490	-0.1892024455	-0.1878919185	-0.1866496115	-0.1854852999	-0.1843986926	-0.1833789153	-0.1824066821	-0.1814615107	-0.1805256298	-0.1795871590	-0.1786397123	-0.1776814477	-0.1767130394	-0.1757362083	-0.1747528465	-0.1737644643	-0.1727720778	-0.1717763223	-0.1707775881	-0.1697761607	-0.1687723057	-0.1677663093	-0.1667584833	-0.1657491538	-0.1647386511	-0.1637272999	-0.1627154162	-0.1617033052	-0.1606912627	-0.1596795750	-0.1586685182	-0.1576583610	-0.1566493648	-0.1556417819	-0.1546358583	-0.1536318318	-0.1526299315	-0.1516303788	-0.1506333870	-0.1496391609	-0.1486478989	-0.1476597904	-0.1466750172	-0.1456937551	-0.1447161705	-0.1437424245	-0.1427726704	-0.1418070532	-0.1408457105	-0.1398887747	-0.1389363698	-0.1379886142	-0.1370456216	-0.1361074999	-0.1351743503	-0.1342462678	-0.1333233436	-0.1324056614	-0.1314933009	-0.1305863358	-0.1296848361	-0.1287888652	-0.1278984831	-0.1270137440	-0.1261347004	-0.1252613969	-0.1243938771	-0.1235321783	-0.1226763355	-0.1218263797	-0.1209823362	-0.1201442289	-0.1193120756	-0.1184858944	-0.1176656986	-0.1168514981	-0.1160432994	-0.1152411069	-0.1144449307	-0.1136548031	-0.1128707766	-0.1120928500	-0.1113207295	-0.1105534723
-0.1960440001	-0.1959349914	-0.1958306387	-0.1957330635	-0.1956428919	-0.1955600644	-0.1954844017	-0.1954157836	-0.1953541457	-0.1952994414	-0.1952516292	-0.1952106646	-0.1951765013	-0.1951490960	-0.1951284034	-0.1951143793	-0.1951069804	-0.1951061626	-0.1951118832	-0.1951240987	-0.1951427678	-0.1951678469	-0.1951992921	-0.1952370616	-0.1952811114	-0.1953313996	-0.1953878812	-0.1954505122	-0.1955192481	-0.1955940456	-0.1956748591	-0.1957616428	-0.1958543491	-0.1959529297	-0.1960573359	-0.1961675153	-0.1962834172	-0.1964049871	-0.1965321705	-0.1966649113	-0.1968031517	-0.1969468297	-0.1970958853	-0.1972502520	-0.1974098662	-0.1975746574	-0.1977445539	-0.1979194840	-0.1980993721	-0.1982841398	-0.1984737075	-0.1986679891	-0.1988668966	-0.1990703359	-0.1992782112	-0.1994904215	-0.1997068626	-0.1999274268	-0.2001520022	-0.2003804694	-0.2006127047	-0.2008485751	-0.2010879398	-0.2013306557	-0.2015765865	-0.2018256192	-0.2020776808	-0.2023327375	-0.2025907579	-0.2028516304	-0.2031150069	-0.2033801040	-0.2036455162	-0.2039092906	-0.2041690815	-0.2044231248	-0.2046715942	-0.2049186258	-0.2051742249	-0.2054557013	-0.2057865547	-0.2061927371	-0.2066981248	-0.2073151135	-0.2080425915	-0.2088672727	-0.2097643305	-0.2107072350	-0.2116729567	-0.2126423935	-0.2136026335	-0.2145454546	-0.2154657144	-0.2163609043	-0.2172299855	-0.2180724570	-0.2188881042	-0.2196769893	-0.2204391766	-0.2211745233	-0.2218828012	-0.2225638030	-0.2232172510	-0.2238427526	-0.2244398804	-0.2250082262	-0.2255473837	-0.2260569316	-0.2265364473	-0.2269855198	-0.2274037534	-0.2277907719	-0.2281462160	-0.2284697450	-0.2287610371	-0.2290197875	-0.2292457076	-0.2294385302	-0.2295980116	-0.2297239329	-0.2298160963	-0.2298743256	-0.2298984672	-0.2298883875	-0.2298439761	-0.2297651455	-0.2296518289	-0.2295039833	-0.2293215898	-0.2291046540	-0.2288532057	-0.2285672990	-0.2282470116	-0.2278924442	-0.2275037205	-0.2270809870	-0.2266244126	-0.2261341899	-0.2256105354	-0.2250536877	-0.2244639100	-0.2238414892	-0.2231867359	-0.2224999843	-0.2217815893	-0.2210319231	-0.2202513771	-0.2194403628	-0.2185993125	-0.2177286786	-0.2168289341	-0.2159005704	-0.2149440927	-0.2139600065	-0.2129488092	-0.2119110079	-0.2108471300	-0.2097576741	-0.2086430531	-0.2075036422	-0.2063398486	-0.2051520120	-0.2039403363	-0.2027050600	-0.2014466427	-0.2001657716	-0.1988635654	-0.1975422520	-0.1962059094	-0.1948607967	-0.1935165928	-0.1921869579	-0.1908876186	-0.1896362545	-0.1884485327	-0.1873317904	-0.1862847767	-0.1852969553	-0.1843507796	-0.1834284694	-0.1825142905	-0.1815972549	-0.1806712299	-0.1797340553	-0.1787860508	-0.1778286925	-0.1768637679	-0.1758927819	-0.1749168641	-0.1739367488	-0.1729528980	-0.1719656334	-0.1709752333	-0.1699819809	-0.1689861795	-0.1679881539	-0.1669882368	-0.1659867613	-0.1649840536	-0.1639804296	-0.1629761967	-0.1619716536	-0.1609670894	-0.1599627870	-0.1589590185	-0.1579560487	-0.1569541343	-0.1559535236	-0.1549544604	-0.1539571782	-0.1529619038	-0.1519688564	-0.1509782471	-0.1499902794	-0.1490051487	-0.1480230441	-0.1470441466	-0.1460686298	-0.1450966601	-0.1441283971	-0.1431639942	-0.1422035973	-0.1412473435	-0.1402953658	-0.1393477875	-0.1384047281	-0.1374663007	-0.1365326130	-0.1356037680	-0.1346798613	-0.1337609849	-0.1328472234	-0.1319386579	-0.1310353633	-0.1301374102	-0.1292448639	-0.1283577861	-0.1274762327	-0.1266002557	-0.1257299037	-0.1248652200	-0.1240062453	-0.1231530150	-0.1223055625	-0.1214639159	-0.1206280998	-0.1197981347	-0.1189740401	-0.1181558303	-0.1173435168	-0.1165371090	-0.1157366117	-0.1149420359	-0.1141534171	-0.1133708094	-0.1125942130	-0.1118233379	-0.1110572766
-0.1972889307	-0.1971749706	-0.1970656832	-0.1969631721	-0.1968680548	-0.1967802707	-0.1966996398	-0.1966260395	-0.1965594034	-0.1964996861	-0.1964468418	-0.1964008259	-0.1963615916	-0.1963290898	-0.1963032759	-0.1962841027	-0.1962715252	-0.1962654980	-0.1962659762	-0.1962729140	-0.1962862661	-0.1963059885	-0.1963320359	-0.1963643630	-0.1964029235	-0.1964476743	-0.1964985683	-0.1965555584	-0.1966185984	-0.1966876433	-0.1967626443	-0.1968435533	-0.1969303205	-0.1970228948	-0.1971212235	-0.1972252538	-0.1973349308	-0.1974501985	-0.1975710003	-0.1976972757	-0.1978289650	-0.1979660049	-0.1981083303	-0.1982558756	-0.1984085703	-0.1985663448	-0.1987291242	-0.1988968338	-0.1990693971	-0.1992467328	-0.1994287583	-0.1996153838	-0.1998065183	-0.2000020663	-0.2002019283	-0.2004060018	-0.2006141803	-0.2008263528	-0.2010424051	-0.2012622169	-0.2014856652	-0.2017126187	-0.2019429398	-0.2021764833	-0.2024130984	-0.2026526371	-0.2028949636	-0.2031399668	-0.2033875700	-0.2036377246	-0.2038903578	-0.2041452748	-0.2044020127	-0.2046597072	-0.2049169179	-0.2051717723	-0.2054221807	-0.2056667205	-0.2059058029	-0.2061434079	-0.2063883070	-0.2066551772	-0.2069637976	-0.2073352775	-0.2077915175	-0.2083458078	-0.2089991108	-0.2097424634	-0.2105573304	-0.2114203453	-0.2123107815	-0.2132102214	-0.2141042104	-0.2149839431	-0.2158434675	-0.2166787432	-0.2174878088	-0.2182698469	-0.2190243898	-0.2197511246	-0.2204499365	-0.2211208465	-0.2217637665	-0.2223784327	-0.2229645616	-0.2235219269	-0.2240502675	-0.2245492326	-0.2250184305	-0.2254574920	-0.2258660792	-0.2262438592	-0.2265904931	-0.2269056481	-0.2271890078	-0.2274402743	-0.2276591689	-0.2278454339	-0.2279988338	-0.2281191545	-0.2282062027	-0.2282598057	-0.2282798135	-0.2282660972	-0.2282185486	-0.2281370824	-0.2280216359	-0.2278721687	-0.2276886629	-0.2274711262	-0.2272195907	-0.2269341110	-0.2266147650	-0.2262616540	-0.2258749013	-0.2254546528	-0.2250010775	-0.2245143667	-0.2239947344	-0.2234424184	-0.2228576791	-0.2222407999	-0.2215920870	-0.2209118662	-0.2202004846	-0.2194583104	-0.2186857312	-0.2178831520	-0.2170509858	-0.2161896470	-0.2152995615	-0.2143811891	-0.2134350102	-0.2124614720	-0.2114609534	-0.2104338206	-0.2093805003	-0.2083013981	-0.2071967840	-0.2060668734	-0.2049120173	-0.2037327240	-0.2025296289	-0.2013036661	-0.2000566632	-0.1987919429	-0.1975141862	-0.1962301844	-0.1949505338	-0.1936882750	-0.1924579886	-0.1912753731	-0.1901516838	-0.1890913630	-0.1880919437	-0.1871426765	-0.1862275240	-0.1853313997	-0.1844407178	-0.1835461155	-0.1826421834	-0.1817267764	-0.1808000205	-0.1798631799	-0.1789179018	-0.1779656434	-0.1770075642	-0.1760444538	-0.1750768437	-0.1741050996	-0.1731295169	-0.1721503774	-0.1711679815	-0.1701826491	-0.1691947122	-0.1682045080	-0.1672123701	-0.1662186247	-0.1652235878	-0.1642275684	-0.1632308669	-0.1622337755	-0.1612365791	-0.1602395551	-0.1592429734	-0.1582470940	-0.1572521693	-0.1562584448	-0.1552661596	-0.1542755444	-0.1532868239	-0.1523002145	-0.1513159246	-0.1503341567	-0.1493551042	-0.1483789538	-0.1474058862	-0.1464360732	-0.1454696809	-0.1445068688	-0.1435477882	-0.1425925853	-0.1416413985	-0.1406943597	-0.1397515936	-0.1388132190	-0.1378793496	-0.1369500920	-0.1360255509	-0.1351058223	-0.1341909981	-0.1332811653	-0.1323764054	-0.1314767946	-0.1305824041	-0.1296933008	-0.1288095477	-0.1279312022	-0.1270583175	-0.1261909436	-0.1253291256	-0.1244729054	-0.1236223207	-0.1227774051	-0.1219381900	-0.1211047015	-0.1202769635	-0.1194549949	-0.1186388121	-0.1178284297	-0.1170238560	-0.1162250988	-0.1154321726	-0.1146451098	-0.1138639655	-0.1130887489	-0.1123191693	-0.1115543498
-0.1985237050	-0.1984047357	-0.1982904583	-0.1981829527	-0.1980828325	-0.1979900316	-0.1979043718	-0.1978257299	-0.1977540369	-0.1976892448	-0.1976313087	-0.1975801809	-0.1975358118	-0.1974981527	-0.1974671548	-0.1974427710	-0.1974249517	-0.1974136506	-0.1974088213	-0.1974104168	-0.1974183874	-0.1974326896	-0.1974532732	-0.1974800937	-0.1975131022	-0.1975522496	-0.1975974904	-0.1976487757	-0.1977060562	-0.1977692838	-0.1978384092	-0.1979133800	-0.1979941432	-0.1980806474	-0.1981728363	-0.1982706543	-0.1983740449	-0.1984829497	-0.1985973089	-0.1987170593	-0.1988421390	-0.1989724828	-0.1991080227	-0.1992486900	-0.1993944122	-0.1995451167	-0.1997007286	-0.1998611708	-0.2000263633	-0.2001962233	-0.2003706625	-0.2005495916	-0.2007329140	-0.2009205341	-0.2011123497	-0.2013082558	-0.2015081428	-0.2017118990	-0.2019194069	-0.2021305450	-0.2023451881	-0.2025632053	-0.2027844608	-0.2030088127	-0.2032361131	-0.2034662047	-0.2036989268	-0.2039341243	-0.2041716569	-0.2044114133	-0.2046533092	-0.2048972699	-0.2051431758	-0.2053907697	-0.2056395222	-0.2058885313	-0.2061363913	-0.2063813325	-0.2066215435	-0.2068558974	-0.2070848248	-0.2073116613	-0.2075433005	-0.2077907559	-0.2080707500	-0.2084013230	-0.2088015415	-0.2092849066	-0.2098546529	-0.2105061900	-0.2112281400	-0.2120012749	-0.2128057887	-0.2136261084	-0.2144476459	-0.2152587772	-0.2160528023	-0.2168251574	-0.2175723825	-0.2182926006	-0.2189850253	-0.2196492056	-0.2202847548	-0.2208913661	-0.2214688884	-0.2220172908	-0.2225364678	-0.2230261571	-0.2234860320	-0.2239158287	-0.2243153420	-0.2246843367	-0.2250225222	-0.2253295842	-0.2256052165	-0.2258491384	-0.2260611051	-0.2262408932	-0.2263882859	-0.2265030772	-0.2265850791	-0.2266341236	-0.2266500636	-0.2266327749	-0.2265821535	-0.2264981171	-0.2263806060	-0.2262295824	-0.2260450317	-0.2258269630	-0.2255754093	-0.2252904264	-0.2249720923	-0.2246205078	-0.2242357956	-0.2238181008	-0.2233675912	-0.2228844557	-0.2223689057	-0.2218211773	-0.2212415287	-0.2206302371	-0.2199875912	-0.2193138878	-0.2186094470	-0.2178746250	-0.2171098038	-0.2163153733	-0.2154917052	-0.2146391293	-0.2137579653	-0.2128485961	-0.2119114562	-0.2109469261	-0.2099552635	-0.2089366910	-0.2078915513	-0.2068203133	-0.2057235132	-0.2046017509	-0.2034559191	-0.2022877793	-0.2011002369	-0.1998969822	-0.1986833523	-0.1974681162	-0.1962618833	-0.1950758866	-0.1939239113	-0.1928185196	-0.1917663812	-0.1907691603	-0.1898228596	-0.1889166296	-0.1880364658	-0.1871694487	-0.1863040510	-0.1854329279	-0.1845517097	-0.1836586495	-0.1827538642	-0.1818384347	-0.1809138396	-0.1799814699	-0.1790424700	-0.1780976469	-0.1771475691	-0.1761926375	-0.1752331672	-0.1742694487	-0.1733017792	-0.1723304731	-0.1713558600	-0.1703782774	-0.1693980627	-0.1684155497	-0.1674310627	-0.1664449188	-0.1654574273	-0.1644688894	-0.1634795995	-0.1624898454	-0.1614999066	-0.1605100559	-0.1595205592	-0.1585316738	-0.1575436478	-0.1565567231	-0.1555711339	-0.1545871092	-0.1536048696	-0.1526246300	-0.1516465963	-0.1506709684	-0.1496979388	-0.1487276925	-0.1477604081	-0.1467962567	-0.1458354038	-0.1448780074	-0.1439242187	-0.1429741827	-0.1420280386	-0.1410859187	-0.1401479480	-0.1392142455	-0.1382849236	-0.1373600908	-0.1364398501	-0.1355242995	-0.1346135309	-0.1337076325	-0.1328066863	-0.1319107698	-0.1310199557	-0.1301343119	-0.1292539017	-0.1283787841	-0.1275090147	-0.1266446437	-0.1257857180	-0.1249322809	-0.1240843718	-0.1232420256	-0.1224052748	-0.1215741488	-0.1207486727	-0.1199288674	-0.1191147516	-0.1183063402	-0.1175036427	-0.1167066696	-0.1159154365	-0.1151299786	-0.1143503416	-0.1135765461	-0.1128083114	-0.1120447873
-0.1997483669	-0.1996243325	-0.1995050095	-0.1993924535	-0.1992872720	-0.1991893984	-0.1990986508	-0.1990149087	-0.1989380999	-0.1988681755	-0.1988050889	-0.1987487899	-0.1986992266	-0.1986563486	-0.1986201071	-0.1985904504	-0.1985673290	-0.1985506934	-0.1985404952	-0.1985366847	-0.1985392136	-0.1985480323	-0.1985630914	-0.1985843413	-0.1986117340	-0.1986452180	-0.1986847432	-0.1987302616	-0.1987817217	-0.1988390717	-0.1989022589	-0.1989712302	-0.1990459298	-0.1991263026	-0.1992122921	-0.1993038383	-0.1994008847	-0.1995033681	-0.1996112260	-0.1997243955	-0.1998428108	-0.1999664034	-0.2000951052	-0.2002288427	-0.2003675429	-0.2005111304	-0.2006595295	-0.2008126597	-0.2009704392	-0.2011327813	-0.2012995961	-0.2014707906	-0.2016462673	-0.2018259269	-0.2020096665	-0.2021973783	-0.2023889507	-0.2025842702	-0.2027832165	-0.2029856673	-0.2031914944	-0.2034005666	-0.2036127476	-0.2038278985	-0.2040458735	-0.2042665166	-0.2044896639	-0.2047151477	-0.2049427973	-0.2051724529	-0.2054039703	-0.2056372316	-0.2058721413	-0.2061085937	-0.2063464295	-0.2065853459	-0.2068247792	-0.2070638157	-0.2073011620	-0.2075352459	-0.2077644995	-0.2079879268	-0.2082055926	-0.2084196244	-0.2086353856	-0.2088613741	-0.2091109139	-0.2093984405	-0.2097387926	-0.2101457696	-0.2106258266	-0.2111775117	-0.2117946817	-0.2124663463	-0.2131751793	-0.2139045826	-0.2146425423	-0.2153775984	-0.2160998237	-0.2168034044	-0.2174849106	-0.2181412864	-0.2187702684	-0.2193707877	-0.2199423973	-0.2204847581	-0.2209975304	-0.2214803996	-0.2219331104	-0.2223555304	-0.2227475968	-0.2231091828	-0.2234400651	-0.2237399703	-0.2240086218	-0.2242457845	-0.2244512890	-0.2246249857	-0.2247667002	-0.2248762453	-0.2249534431	-0.2249981355	-0.2250101850	-0.2249894758	-0.2249359127	-0.2248494204	-0.2247299449	-0.2245774530	-0.2243919339	-0.2241733995	-0.2239218840	-0.2236374431	-0.2233201541	-0.2229701157	-0.2225874474	-0.2221722901	-0.2217248055	-0.2212451769	-0.2207336099	-0.2201903335	-0.2196155989	-0.2190096679	-0.2183727912	-0.2177052023	-0.2170071608	-0.2162789919	-0.2155210572	-0.2147337166	-0.2139172892	-0.2130720173	-0.2121981103	-0.2112958551	-0.2103656447	-0.2094079256	-0.2084231692	-0.2074118480	-0.2063745382	-0.2053123562	-0.2042273717	-0.2031221745	-0.2019995965	-0.2008643865	-0.1997241964	-0.1985875156	-0.1974632215	-0.1963632053	-0.1952992308	-0.1942781690	-0.1933032231	-0.1923739559	-0.1914841047	-0.1906227137	-0.1897788886	-0.1889422084	-0.1881034336	-0.1872568370	-0.1863990103	-0.1855288483	-0.1846466419	-0.1837533824	-0.1828503987	-0.1819389674	-0.1810201669	-0.1800948037	-0.1791634615	-0.1782265585	-0.1772844263	-0.1763373654	-0.1753856724	-0.1744296596	-0.1734696525	-0.1725059857	-0.1715389983	-0.1705690267	-0.1695964024	-0.1686214488	-0.1676444819	-0.1666658110	-0.1656857385	-0.1647045604	-0.1637225646	-0.1627400336	-0.1617572435	-0.1607744623	-0.1597919510	-0.1588099632	-0.1578287446	-0.1568485327	-0.1558695586	-0.1548920467	-0.1539162157	-0.1529422768	-0.1519704351	-0.1510008872	-0.1500338246	-0.1490694303	-0.1481078818	-0.1471493489	-0.1461939959	-0.1452419792	-0.1442934499	-0.1433485530	-0.1424074270	-0.1414702036	-0.1405370093	-0.1396079635	-0.1386831780	-0.1377627616	-0.1368468162	-0.1359354416	-0.1350287298	-0.1341267694	-0.1332296432	-0.1323374304	-0.1314502036	-0.1305680325	-0.1296909815	-0.1288191108	-0.1279524765	-0.1270911309	-0.1262351226	-0.1253844948	-0.1245392893	-0.1236995420	-0.1228652883	-0.1220365568	-0.1212133762	-0.1203957693	-0.1195837565	-0.1187773533	-0.1179765709	-0.1171814230	-0.1163919252	-0.1156081106	-0.1148300306	-0.1140576976	-0.1132908529	-0.1125286691
-0.2009629664	-0.2008338145	-0.2007093892	-0.2005917285	-0.2004814302	-0.2003784268	-0.2002825376	-0.2001936377	-0.2001116566	-0.2000365440	-0.1999682488	-0.1999067202	-0.1998519055	-0.1998037518	-0.1997622064	-0.1997272177	-0.1996987346	-0.1996767055	-0.1996610796	-0.1996518045	-0.1996488308	-0.1996521055	-0.1996615800	-0.1996772008	-0.1996989158	-0.1997266767	-0.1997604284	-0.1998001210	-0.1998457020	-0.1998971148	-0.1999543059	-0.2000172185	-0.2000857966	-0.2001599812	-0.2002397126	-0.2003249321	-0.2004155775	-0.2005115842	-0.2006128890	-0.2007194253	-0.2008311242	-0.2009479155	-0.2010697288	-0.2011964886	-0.2013281205	-0.2014645475	-0.2016056914	-0.2017514689	-0.2019017966	-0.2020565839	-0.2022157387	-0.2023791647	-0.2025467647	-0.2027184359	-0.2028940733	-0.2030735676	-0.2032568066	-0.2034436719	-0.2036340434	-0.2038277968	-0.2040248019	-0.2042249266	-0.2044280353	-0.2046339877	-0.2048426378	-0.2050538309	-0.2052674075	-0.2054831979	-0.2057010277	-0.2059207177	-0.2061420924	-0.2063649839	-0.2065892441	-0.2068147418	-0.2070413628	-0.2072689765	-0.2074973890	-0.2077262656	-0.2079550501	-0.2081828830	-0.2084086039	-0.2086308331	-0.2088481373	-0.2090595081	-0.2092647204	-0.2094650668	-0.2096644585	-0.2098688667	-0.2100875481	-0.2103319284	-0.2106128040	-0.2109425371	-0.2113307556	-0.2117795282	-0.2122854636	-0.2128427236	-0.2134422783	-0.2140697700	-0.2147108888	-0.2153559301	-0.2159968564	-0.2166250185	-0.2172339084	-0.2178203495	-0.2183823239	-0.2189175682	-0.2194242407	-0.2199014405	-0.2203488259	-0.2207661591	-0.2211531607	-0.2215095568	-0.2218351099	-0.2221296022	-0.2223928249	-0.2226246135	-0.2228248806	-0.2229935518	-0.2231305045	-0.2232355861	-0.2233086458	-0.2233495495	-0.2233581831	-0.2233344509	-0.2232782748	-0.2231895949	-0.2230683688	-0.2229145731	-0.2227282041	-0.2225092778	-0.2222578307	-0.2219739173	-0.2216576116	-0.2213090060	-0.2209282121	-0.2205153603	-0.2200705997	-0.2195940985	-0.2190860457	-0.2185466523	-0.2179761485	-0.2173747694	-0.2167427242	-0.2160801833	-0.2153873432	-0.2146644781	-0.2139119004	-0.2131299350	-0.2123189303	-0.2114792720	-0.2106113506	-0.2097155297	-0.2087922857	-0.2078425904	-0.2068681760	-0.2058710027	-0.2048527757	-0.2038162652	-0.2027668893	-0.2017113741	-0.2006556652	-0.1996071102	-0.1985762190	-0.1975729259	-0.1966029955	-0.1956697128	-0.1947743377	-0.1939139673	-0.1930805408	-0.1922645389	-0.1914575661	-0.1906511770	-0.1898390785	-0.1890172971	-0.1881833663	-0.1873366614	-0.1864776124	-0.1856071914	-0.1847266263	-0.1838370595	-0.1829394782	-0.1820346515	-0.1811231539	-0.1802054126	-0.1792817685	-0.1783525279	-0.1774179894	-0.1764784623	-0.1755342702	-0.1745857464	-0.1736332286	-0.1726770539	-0.1717175556	-0.1707550612	-0.1697898927	-0.1688223648	-0.1678527868	-0.1668814612	-0.1659086834	-0.1649347444	-0.1639599270	-0.1629845083	-0.1620087593	-0.1610329437	-0.1600573187	-0.1590821333	-0.1581076310	-0.1571340455	-0.1561616042	-0.1551905280	-0.1542210325	-0.1532533258	-0.1522876109	-0.1513240829	-0.1503629309	-0.1494043363	-0.1484484749	-0.1474955160	-0.1465456214	-0.1455989477	-0.1446556451	-0.1437158573	-0.1427797234	-0.1418473740	-0.1409189361	-0.1399945288	-0.1390742665	-0.1381582560	-0.1372466000	-0.1363393970	-0.1354367411	-0.1345387205	-0.1336454189	-0.1327569162	-0.1318732863	-0.1309945997	-0.1301209215	-0.1292523140	-0.1283888337	-0.1275305340	-0.1266774644	-0.1258296708	-0.1249871946	-0.1241500750	-0.1233183467	-0.1224920414	-0.1216711885	-0.1208558129	-0.1200459367	-0.1192415769	-0.1184427518	-0.1176494635	-0.1168617414	-0.1160796075	-0.1153031294	-0.1145323079	-0.1137668940	-0.1130060952
-0.2021675419	-0.2020332187	-0.2019036372	-0.2017808173	-0.2016653484	-0.2015571609	-0.2014560753	-0.2013619651	-0.2012747580	-0.2011944002	-0.2011208418	-0.2010540276	-0.2009939051	-0.2009404181	-0.2008935125	-0.2008531358	-0.2008192341	-0.2007917541	-0.2007706419	-0.2007558453	-0.2007473107	-0.2007449857	-0.2007488159	-0.2007587501	-0.2007747331	-0.2007967128	-0.2008246357	-0.2008584460	-0.2008980899	-0.2009435102	-0.2009946491	-0.2010514478	-0.2011138487	-0.2011817900	-0.2012552112	-0.2013340503	-0.2014182420	-0.2015077213	-0.2016024220	-0.2017022745	-0.2018072084	-0.2019171522	-0.2020320312	-0.2021517692	-0.2022762910	-0.2024055174	-0.2025393671	-0.2026777565	-0.2028205960	-0.2029677947	-0.2031192571	-0.2032748866	-0.2034345830	-0.2035982415	-0.2037657552	-0.2039370129	-0.2041119002	-0.2042902990	-0.2044720864	-0.2046571354	-0.2048453162	-0.2050364964	-0.2052305392	-0.2054273032	-0.2056266395	-0.2058283946	-0.2060324094	-0.2062385183	-0.2064465483	-0.2066563189	-0.2068676462	-0.2070803426	-0.2072942227	-0.2075091122	-0.2077248528	-0.2079413017	-0.2081583243	-0.2083757673	-0.2085934151	-0.2088109209	-0.2090277531	-0.2092431351	-0.2094560510	-0.2096653384	-0.2098696773	-0.2100680464	-0.2102600376	-0.2104462030	-0.2106288930	-0.2108119777	-0.2110008883	-0.2112046130	-0.2114320205	-0.2116903451	-0.2119890757	-0.2123353559	-0.2127295664	-0.2131677836	-0.2136448718	-0.2141545139	-0.2146868996	-0.2152295373	-0.2157725987	-0.2163103915	-0.2168376022	-0.2173476223	-0.2178351992	-0.2182979156	-0.2187348296	-0.2191447253	-0.2195259401	-0.2198772068	-0.2201979275	-0.2204878749	-0.2207469153	-0.2209748908	-0.2211715990	-0.2213368400	-0.2214704546	-0.2215723191	-0.2216423298	-0.2216803954	-0.2216864364	-0.2216603859	-0.2216021904	-0.2215118100	-0.2213892194	-0.2212344088	-0.2210473846	-0.2208281695	-0.2205768019	-0.2202933361	-0.2199778413	-0.2196304027	-0.2192511211	-0.2188401130	-0.2183975108	-0.2179234621	-0.2174181300	-0.2168816929	-0.2163143464	-0.2157163098	-0.2150878395	-0.2144292313	-0.2137407812	-0.2130227477	-0.2122753798	-0.2114990277	-0.2106943851	-0.2098627096	-0.2090055046	-0.2081238398	-0.2072186365	-0.2062921270	-0.2053488208	-0.2043939731	-0.2034315394	-0.2024659960	-0.2015051052	-0.2005581418	-0.1996317097	-0.1987297790	-0.1978554072	-0.1970105230	-0.1961936389	-0.1953984747	-0.1946174400	-0.1938446299	-0.1930732234	-0.1922967633	-0.1915113783	-0.1907144289	-0.1899045625	-0.1890816634	-0.1882462543	-0.1873992714	-0.1865418342	-0.1856749443	-0.1847994886	-0.1839161680	-0.1830255267	-0.1821279876	-0.1812238948	-0.1803135575	-0.1793972746	-0.1784753544	-0.1775481160	-0.1766158896	-0.1756790117	-0.1747378196	-0.1737926483	-0.1728438281	-0.1718916826	-0.1709365292	-0.1699786812	-0.1690184471	-0.1680561280	-0.1670920205	-0.1661264156	-0.1651595967	-0.1641918432	-0.1632234268	-0.1622546126	-0.1612856606	-0.1603168228	-0.1593483462	-0.1583804698	-0.1574134241	-0.1564474337	-0.1554827161	-0.1545194825	-0.1535579393	-0.1525982866	-0.1516407176	-0.1506854187	-0.1497325708	-0.1487823471	-0.1478349157	-0.1468904380	-0.1459490695	-0.1450109592	-0.1440762498	-0.1431450800	-0.1422175805	-0.1412938775	-0.1403740912	-0.1394583355	-0.1385467187	-0.1376393431	-0.1367363064	-0.1358377029	-0.1349436219	-0.1340541477	-0.1331693599	-0.1322893344	-0.1314141423	-0.1305438493	-0.1296785184	-0.1288182084	-0.1279629731	-0.1271128625	-0.1262679251	-0.1254282023	-0.1245937357	-0.1237645605	-0.1229407108	-0.1221222153	-0.1213091026	-0.1205013973	-0.1196991155	-0.1189022735	-0.1181108909	-0.1173249733	-0.1165445689	-0.1157697291	-0.1150004555	-0.1142365169	-0.1134771475
-0.2033620415	-0.2032224930	-0.2030877064	-0.2029596752	-0.2028389838	-0.2027255619	-0.2026192274	-0.2025198545	-0.2024273679	-0.2023417137	-0.2022628377	-0.2021906848	-0.2021252001	-0.2020663260	-0.2020140075	-0.2019681874	-0.2019288126	-0.2018958262	-0.2018691735	-0.2018488001	-0.2018346503	-0.2018266702	-0.2018248029	-0.2018289954	-0.2018391924	-0.2018553381	-0.2018773778	-0.2019052529	-0.2019389069	-0.2019782805	-0.2020233135	-0.2020739473	-0.2021301190	-0.2021917663	-0.2022588275	-0.2023312358	-0.2024089256	-0.2024918301	-0.2025798791	-0.2026730020	-0.2027711267	-0.2028741784	-0.2029820812	-0.2030947597	-0.2032121342	-0.2033341242	-0.2034606464	-0.2035916131	-0.2037269325	-0.2038665127	-0.2040102559	-0.2041580640	-0.2043098339	-0.2044654597	-0.2046248323	-0.2047878393	-0.2049543645	-0.2051242879	-0.2052974845	-0.2054738281	-0.2056531882	-0.2058354305	-0.2060204180	-0.2062080070	-0.2063980469	-0.2065903849	-0.2067848607	-0.2069813097	-0.2071795610	-0.2073794385	-0.2075807581	-0.2077833290	-0.2079869572	-0.2081914458	-0.2083966036	-0.2086022459	-0.2088082053	-0.2090143271	-0.2092204554	-0.2094264130	-0.2096319668	-0.2098367755	-0.2100403627	-0.2102420794	-0.2104410278	-0.2106361922	-0.2108264160	-0.2110107170	-0.2111885487	-0.2113598356	-0.2115255075	-0.2116882521	-0.2118512710	-0.2120187523	-0.2121981730	-0.2123961970	-0.2126172666	-0.2128680225	-0.2131543320	-0.2134767104	-0.2138315157	-0.2142139784	-0.2146195812	-0.2150433189	-0.2154774721	-0.2159120327	-0.2163390025	-0.2167543199	-0.2171556514	-0.2175393213	-0.2179005247	-0.2182357051	-0.2185432449	-0.2188226270	-0.2190736269	-0.2192957660	-0.2194880852	-0.2196496253	-0.2197798657	-0.2198786125	-0.2199457842	-0.2199813112	-0.2199851198	-0.2199571401	-0.2198973145	-0.2198056010	-0.2196819738	-0.2195264237	-0.2193389590	-0.2191196049	-0.2188684034	-0.2185854128	-0.2182707078	-0.2179243795	-0.2175465357	-0.2171373015	-0.2166968187	-0.2162252431	-0.2157227369	-0.2151894623	-0.2146256005	-0.2140314490	-0.2134076176	-0.2127550984	-0.2120748114	-0.2113672125	-0.2106325862	-0.2098715237	-0.2090856122	-0.2082780534	-0.2074528397	-0.2066128107	-0.2057598139	-0.2048972506	-0.2040316628	-0.2031707218	-0.2023198097	-0.2014822254	-0.2006608992	-0.1998588242	-0.1990778914	-0.1983166420	-0.1975698102	-0.1968319254	-0.1960991124	-0.1953660186	-0.1946270669	-0.1938791637	-0.1931200259	-0.1923479102	-0.1915623575	-0.1907636241	-0.1899523114	-0.1891293129	-0.1882956157	-0.1874521012	-0.1865995572	-0.1857385971	-0.1848697176	-0.1839933219	-0.1831097479	-0.1822193058	-0.1813222941	-0.1804190184	-0.1795097940	-0.1785949473	-0.1776748106	-0.1767497193	-0.1758200077	-0.1748860076	-0.1739480454	-0.1730064409	-0.1720615089	-0.1711135590	-0.1701628975	-0.1692098248	-0.1682546366	-0.1672976233	-0.1663390699	-0.1653792550	-0.1644184518	-0.1634569276	-0.1624949428	-0.1615327528	-0.1605706052	-0.1596087433	-0.1586474017	-0.1576868097	-0.1567271874	-0.1557687498	-0.1548117051	-0.1538562557	-0.1529025992	-0.1519509267	-0.1510014233	-0.1500542676	-0.1491096314	-0.1481676812	-0.1472285776	-0.1462924745	-0.1453595200	-0.1444298572	-0.1435036217	-0.1425809459	-0.1416619552	-0.1407467695	-0.1398355037	-0.1389282660	-0.1380251591	-0.1371262812	-0.1362317252	-0.1353415813	-0.1344559344	-0.1335748649	-0.1326984491	-0.1318267584	-0.1309598608	-0.1300978189	-0.1292406926	-0.1283885375	-0.1275414049	-0.1266993429	-0.1258623961	-0.1250306055	-0.1242040086	-0.1233826405	-0.1225665313	-0.1217557117	-0.1209502052	-0.1201500318	-0.1193552109	-0.1185657611	-0.1177816929	-0.1170030499	-0.1162298846	-0.1154621995	-0.1146997763	-0.1139418719
-0.2045462250	-0.2044014050	-0.2042613636	-0.2041280738	-0.2040021131	-0.2038834077	-0.2037717753	-0.2036670898	-0.2035692749	-0.2034782740	-0.2033940306	-0.2033164898	-0.2032455923	-0.2031812816	-0.2031234979	-0.2030721849	-0.2030272840	-0.2029887407	-0.2029564969	-0.2029304949	-0.2029106791	-0.2028969915	-0.2028893773	-0.2028877790	-0.2028921394	-0.2029024026	-0.2029185087	-0.2029403992	-0.2029680143	-0.2030012920	-0.2030401717	-0.2030845915	-0.2031344875	-0.2031897953	-0.2032504497	-0.2033163825	-0.2033875265	-0.2034638125	-0.2035451680	-0.2036315207	-0.2037227968	-0.2038189191	-0.2039198108	-0.2040253948	-0.2041355900	-0.2042503136	-0.2043694776	-0.2044929930	-0.2046207673	-0.2047527045	-0.2048887079	-0.2050286745	-0.2051725002	-0.2053200789	-0.2054712988	-0.2056260463	-0.2057842037	-0.2059456482	-0.2061102554	-0.2062778983	-0.2064484458	-0.2066217633	-0.2067977117	-0.2069761450	-0.2071569130	-0.2073398608	-0.2075248288	-0.2077116511	-0.2079001589	-0.2080901772	-0.2082815252	-0.2084740142	-0.2086674513	-0.2088616363	-0.2090563659	-0.2092514367	-0.2094466504	-0.2096418158	-0.2098367497	-0.2100312778	-0.2102252245	-0.2104183944	-0.2106105535	-0.2108013908	-0.2109904733	-0.2111772376	-0.2113609146	-0.2115406508	-0.2117155030	-0.2118845147	-0.2120470277	-0.2122027439	-0.2123516808	-0.2124947184	-0.2126342032	-0.2127724791	-0.2129122779	-0.2130592316	-0.2132186316	-0.2133927911	-0.2135845087	-0.2137985930	-0.2140375297	-0.2142994099	-0.2145799831	-0.2148747345	-0.2151796842	-0.2154914190	-0.2158061294	-0.2161177290	-0.2164188821	-0.2167040528	-0.2169703173	-0.2172163239	-0.2174412058	-0.2176434857	-0.2178204756	-0.2179695322	-0.2180892216	-0.2181790016	-0.2182386340	-0.2182679114	-0.2182666118	-0.2182345218	-0.2181714581	-0.2180772754	-0.2179518673	-0.2177951651	-0.2176071382	-0.2173877930	-0.2171371721	-0.2168553535	-0.2165424503	-0.2161986109	-0.2158240187	-0.2154188931	-0.2149834880	-0.2145180839	-0.2140229662	-0.2134984059	-0.2129447103	-0.2123624880	-0.2117531864	-0.2111192958	-0.2104631384	-0.2097858442	-0.2090881144	-0.2083711449	-0.2076375179	-0.2068919662	-0.2061403840	-0.2053873094	-0.2046354325	-0.2038871253	-0.2031451519	-0.2024126120	-0.2016922385	-0.2009846793	-0.2002870436	-0.1995950305	-0.1989062511	-0.1982184430	-0.1975271946	-0.1968281918	-0.1961193275	-0.1953988446	-0.1946651302	-0.1939176873	-0.1931566548	-0.1923824190	-0.1915956363	-0.1907971566	-0.1899877911	-0.1891682883	-0.1883393312	-0.1875014610	-0.1866551293	-0.1858007069	-0.1849385167	-0.1840688637	-0.1831920443	-0.1823083606	-0.1814181242	-0.1805216555	-0.1796192824	-0.1787113367	-0.1777981493	-0.1768800496	-0.1759573644	-0.1750304154	-0.1740995197	-0.1731649901	-0.1722271326	-0.1712862503	-0.1703426408	-0.1693965987	-0.1684484140	-0.1674983709	-0.1665467487	-0.1655938213	-0.1646398554	-0.1636851140	-0.1627298529	-0.1617743219	-0.1608187667	-0.1598634243	-0.1589085270	-0.1579543007	-0.1570009637	-0.1560487266	-0.1550977948	-0.1541483676	-0.1532006403	-0.1522548012	-0.1513110334	-0.1503695140	-0.1494304128	-0.1484938953	-0.1475601204	-0.1466292408	-0.1457014038	-0.1447767515	-0.1438554195	-0.1429375390	-0.1420232352	-0.1411126279	-0.1402058323	-0.1393029566	-0.1384041045	-0.1375093740	-0.1366188587	-0.1357326469	-0.1348508248	-0.1339734734	-0.1331006697	-0.1322324855	-0.1313689896	-0.1305102467	-0.1296563157	-0.1288072540	-0.1279631148	-0.1271239457	-0.1262897938	-0.1254607003	-0.1246367042	-0.1238178412	-0.1230041442	-0.1221956415	-0.1213923635	-0.1205943281	-0.1198015607	-0.1190140722	-0.1182318892	-0.1174550398	-0.1166835810	-0.1159175286	-0.1151566569	-0.1144002533
-0.2057197363	-0.2055696011	-0.2054242600	-0.2052856689	-0.2051543929	-0.2050303592	-0.2049133839	-0.2048033408	-0.2047001522	-0.2046037580	-0.2045141017	-0.2044311269	-0.2043547711	-0.2042849753	-0.2042216798	-0.2041648261	-0.2041143550	-0.2040702071	-0.2040323237	-0.2040006467	-0.2039751184	-0.2039556793	-0.2039422719	-0.2039348370	-0.2039333175	-0.2039376511	-0.2039477798	-0.2039636403	-0.2039851706	-0.2040123098	-0.2040449934	-0.2040831569	-0.2041267349	-0.2041756617	-0.2042298679	-0.2042892870	-0.2043538472	-0.2044234769	-0.2044981029	-0.2045776511	-0.2046620439	-0.2047512057	-0.2048450572	-0.2049435188	-0.2050465077	-0.2051539389	-0.2052657218	-0.2053817649	-0.2055019737	-0.2056262508	-0.2057544976	-0.2058866097	-0.2060224819	-0.2061620054	-0.2063050671	-0.2064515522	-0.2066013414	-0.2067543117	-0.2069103381	-0.2070692912	-0.2072310410	-0.2073954530	-0.2075623838	-0.2077316876	-0.2079032140	-0.2080768058	-0.2082523030	-0.2084295419	-0.2086083518	-0.2087885593	-0.2089699835	-0.2091524405	-0.2093357385	-0.2095196815	-0.2097040658	-0.2098886868	-0.2100733343	-0.2102577959	-0.2104418633	-0.2106253316	-0.2108080032	-0.2109896876	-0.2111701934	-0.2113493124	-0.2115268115	-0.2117023971	-0.2118756783	-0.2120461777	-0.2122132769	-0.2123762572	-0.2125343811	-0.2126867841	-0.2128326885	-0.2129716403	-0.2131034256	-0.2132279796	-0.2133458715	-0.2134589212	-0.2135688620	-0.2136768752	-0.2137858216	-0.2139002973	-0.2140228309	-0.2141532150	-0.2142923265	-0.2144432848	-0.2146077488	-0.2147840079	-0.2149684488	-0.2151571735	-0.2153465825	-0.2155333766	-0.2157145717	-0.2158876401	-0.2160503853	-0.2162000022	-0.2163323447	-0.2164434259	-0.2165308312	-0.2165933107	-0.2166300446	-0.2166403047	-0.2166233972	-0.2165786918	-0.2165056477	-0.2164038223	-0.2162728710	-0.2161125456	-0.2159226923	-0.2157032506	-0.2154542504	-0.2151758112	-0.2148681397	-0.2145315294	-0.2141663595	-0.2137730944	-0.2133522817	-0.2129045397	-0.2124305309	-0.2119309351	-0.2114065109	-0.2108584234	-0.2102889139	-0.2097015652	-0.2090998262	-0.2084857868	-0.2078610964	-0.2072277013	-0.2065878686	-0.2059440559	-0.2052989088	-0.2046552406	-0.2040154893	-0.2033803496	-0.2027477306	-0.2021147273	-0.2014805133	-0.2008448157	-0.2002050616	-0.1995574157	-0.1988997488	-0.1982310900	-0.1975500503	-0.1968553179	-0.1961465566	-0.1954239131	-0.1946876652	-0.1939382828	-0.1931764635	-0.1924029520	-0.1916184095	-0.1908234765	-0.1900187064	-0.1892045606	-0.1883814465	-0.1875497072	-0.1867096518	-0.1858615760	-0.1850057691	-0.1841425282	-0.1832721599	-0.1823949777	-0.1815113045	-0.1806214657	-0.1797257882	-0.1788245969	-0.1779182164	-0.1770069669	-0.1760911643	-0.1751711225	-0.1742471505	-0.1733195536	-0.1723886311	-0.1714546796	-0.1705179894	-0.1695788482	-0.1686375400	-0.1676943431	-0.1667495316	-0.1658033737	-0.1648561313	-0.1639080621	-0.1629594179	-0.1620104438	-0.1610613806	-0.1601124621	-0.1591639172	-0.1582159678	-0.1572688304	-0.1563227125	-0.1553778162	-0.1544343387	-0.1534924708	-0.1525523994	-0.1516143054	-0.1506783631	-0.1497447425	-0.1488136059	-0.1478851119	-0.1469594113	-0.1460366509	-0.1451169716	-0.1442005091	-0.1432873926	-0.1423777476	-0.1414716941	-0.1405693456	-0.1396708123	-0.1387761982	-0.1378856009	-0.1369991141	-0.1361168268	-0.1352388242	-0.1343651883	-0.1334959956	-0.1326313204	-0.1317712308	-0.1309157920	-0.1300650654	-0.1292191081	-0.1283779738	-0.1275417122	-0.1267103706	-0.1258839921	-0.1250626166	-0.1242462805	-0.1234350171	-0.1226288617	-0.1218278336	-0.1210319653	-0.1202412715	-0.1194557800	-0.1186755020	-0.1179004824	-0.1171307663	-0.1163663742	-0.1156070940	-0.1148522270
-0.2068828113	-0.2067273155	-0.2065766333	-0.2064326961	-0.2062960605	-0.2061666545	-0.2060442935	-0.2059288480	-0.2058202392	-0.2057184074	-0.2056232936	-0.2055348378	-0.2054529779	-0.2053776515	-0.2053087993	-0.2052463586	-0.2051902712	-0.2051404725	-0.2050969052	-0.2050595085	-0.2050282224	-0.2050029870	-0.2049837419	-0.2049704265	-0.2049629816	-0.2049613423	-0.2049654491	-0.2049752368	-0.2049906408	-0.2050115982	-0.2050380434	-0.2050699099	-0.2051071301	-0.2051496356	-0.2051973565	-0.2052502226	-0.2053081617	-0.2053710999	-0.2054389629	-0.2055116727	-0.2055891521	-0.2056713239	-0.2057581078	-0.2058494214	-0.2059451803	-0.2060452946	-0.2061496743	-0.2062582247	-0.2063708498	-0.2064874516	-0.2066079281	-0.2067321746	-0.2068600847	-0.2069915471	-0.2071264482	-0.2072646707	-0.2074060947	-0.2075505965	-0.2076980506	-0.2078483284	-0.2080012987	-0.2081568235	-0.2083147604	-0.2084749623	-0.2086372774	-0.2088015488	-0.2089676161	-0.2091353145	-0.2093044753	-0.2094749235	-0.2096464796	-0.2098189615	-0.2099921789	-0.2101659389	-0.2103400435	-0.2105142894	-0.2106884672	-0.2108623617	-0.2110357529	-0.2112084186	-0.2113801403	-0.2115507026	-0.2117198944	-0.2118875077	-0.2120533391	-0.2122171717	-0.2123787677	-0.2125378509	-0.2126940775	-0.2128470436	-0.2129962735	-0.2131411447	-0.2132810224	-0.2134152961	-0.2135432135	-0.2136641100	-0.2137776228	-0.2138835758	-0.2139818081	-0.2140724005	-0.2141563202	-0.2142351291	-0.2143095584	-0.2143796951	-0.2144472435	-0.2145156682	-0.2145869425	-0.2146600407	-0.2147330064	-0.2148060804	-0.2148811235	-0.2149585628	-0.2150365906	-0.2151123167	-0.2151827617	-0.2152452281	-0.2152973345	-0.2153369186	-0.2153619627	-0.2153705959	-0.2153611135	-0.2153319876	-0.2152818681	-0.2152095806	-0.2151141236	-0.2149946664	-0.2148505468	-0.2146812698	-0.2144865059	-0.2142660874	-0.2140200063	-0.2137484104	-0.2134516008	-0.2131300287	-0.2127842927	-0.2124151355	-0.2120234405	-0.2116102291	-0.2111766582	-0.2107240179	-0.2102537254	-0.2097673098	-0.2092663889	-0.2087526670	-0.2082280023	-0.2076944834	-0.2071543711	-0.2066097416	-0.2060616072	-0.2055090475	-0.2049501939	-0.2043847340	-0.2038139821	-0.2032382913	-0.2026555603	-0.2020628063	-0.2014587313	-0.2008431607	-0.2002153261	-0.1995739466	-0.1989183585	-0.1982485559	-0.1975647019	-0.1968669935	-0.1961557897	-0.1954316745	-0.1946952871	-0.1939471698	-0.1931878807	-0.1924179623	-0.1916378579	-0.1908479635	-0.1900486331	-0.1892401799	-0.1884228988	-0.1875970757	-0.1867629950	-0.1859209478	-0.1850712326	-0.1842141552	-0.1833500297	-0.1824791745	-0.1816019103	-0.1807185572	-0.1798294344	-0.1789348584	-0.1780351437	-0.1771306015	-0.1762215397	-0.1753082640	-0.1743910762	-0.1734702740	-0.1725461517	-0.1716189974	-0.1706890966	-0.1697567296	-0.1688221742	-0.1678857035	-0.1669475849	-0.1660080814	-0.1650674516	-0.1641259470	-0.1631838148	-0.1622412967	-0.1612986280	-0.1603560397	-0.1594137564	-0.1584719975	-0.1575309751	-0.1565908959	-0.1556519593	-0.1547143588	-0.1537782817	-0.1528439128	-0.1519114308	-0.1509810083	-0.1500528132	-0.1491270072	-0.1482037454	-0.1472831798	-0.1463654552	-0.1454507113	-0.1445390829	-0.1436306998	-0.1427256850	-0.1418241591	-0.1409262358	-0.1400320251	-0.1391416305	-0.1382551515	-0.1373726812	-0.1364943091	-0.1356201199	-0.1347501950	-0.1338846129	-0.1330234468	-0.1321667662	-0.1313146373	-0.1304671217	-0.1296242781	-0.1287861596	-0.1279528190	-0.1271243029	-0.1263006555	-0.1254819186	-0.1246681292	-0.1238593244	-0.1230555323	-0.1222567813	-0.1214631078	-0.1206745194	-0.1198910443	-0.1191127072	-0.1183395407	-0.1175716032	-0.1168089030	-0.1160512414	-0.1152979468
-0.2080381520	-0.2078772416	-0.2077211619	-0.2075718229	-0.2074297742	-0.2072949384	-0.2071671347	-0.2070462301	-0.2069321441	-0.2068248163	-0.2067241879	-0.2066301931	-0.2065427704	-0.2064618571	-0.2063873897	-0.2063193057	-0.2062575413	-0.2062020352	-0.2061527259	-0.2061095517	-0.2060724505	-0.2060413603	-0.2060162210	-0.2059969693	-0.2059835413	-0.2059758738	-0.2059739003	-0.2059775586	-0.2059867810	-0.2060015017	-0.2060216534	-0.2060471676	-0.2060779764	-0.2061140082	-0.2061551922	-0.2062014548	-0.2062527227	-0.2063089197	-0.2063699700	-0.2064357945	-0.2065063166	-0.2065814552	-0.2066611294	-0.2067452541	-0.2068337423	-0.2069265022	-0.2070234408	-0.2071244636	-0.2072294725	-0.2073383672	-0.2074510441	-0.2075673988	-0.2076873212	-0.2078107000	-0.2079374209	-0.2080673641	-0.2082004084	-0.2083364306	-0.2084753058	-0.2086169046	-0.2087610939	-0.2089077339	-0.2090566822	-0.2092077904	-0.2093609058	-0.2095158725	-0.2096725295	-0.2098307121	-0.2099902515	-0.2101509729	-0.2103126988	-0.2104752459	-0.2106384264	-0.2108020492	-0.2109659204	-0.2111298400	-0.2112936015	-0.2114569923	-0.2116197921	-0.2117817765	-0.2119427192	-0.2121023910	-0.2122605633	-0.2124170097	-0.2125715080	-0.2127238377	-0.2128737811	-0.2130211131	-0.2131655937	-0.2133069641	-0.2134449236	-0.2135791053	-0.2137091170	-0.2138345155	-0.2139547253	-0.2140691928	-0.2141774203	-0.2142787789	-0.2143726638	-0.2144587199	-0.2145367954	-0.2146067591	-0.2146683846	-0.2147215921	-0.2147670557	-0.2148060475	-0.2148391810	-0.2148658744	-0.2148854662	-0.2148991047	-0.2149091096	-0.2149165891	-0.2149207379	-0.2149195756	-0.2149108500	-0.2148932734	-0.2148672864	-0.2148334777	-0.2147911091	-0.2147385236	-0.2146738973	-0.2145955853	-0.2145021798	-0.2143924776	-0.2142654511	-0.2141202367	-0.2139561321	-0.2137725966	-0.2135692493	-0.2133458675	-0.2131023827	-0.2128388787	-0.2125555882	-0.2122528898	-0.2119313044	-0.2115914908	-0.2112342432	-0.2108604987	-0.2104713604	-0.2100681204	-0.2096521909	-0.2092247613	-0.2087861053	-0.2083353099	-0.2078718056	-0.2073966490	-0.2069115536	-0.2064178633	-0.2059158393	-0.2054041292	-0.2048805888	-0.2043442397	-0.2037954996	-0.2032346303	-0.2026609261	-0.2020732796	-0.2014711791	-0.2008546819	-0.2002239427	-0.1995790616	-0.1989201831	-0.1982476257	-0.1975618941	-0.1968635030	-0.1961528799	-0.1954304978	-0.1946968411	-0.1939523032	-0.1931972474	-0.1924320212	-0.1916569315	-0.1908722641	-0.1900782980	-0.1892753085	-0.1884635717	-0.1876433724	-0.1868150015	-0.1859787584	-0.1851349469	-0.1842838752	-0.1834258548	-0.1825611988	-0.1816902191	-0.1808132275	-0.1799305345	-0.1790424473	-0.1781492713	-0.1772513092	-0.1763488628	-0.1754422289	-0.1745317026	-0.1736175750	-0.1727001345	-0.1717796628	-0.1708564382	-0.1699307357	-0.1690028259	-0.1680729764	-0.1671414495	-0.1662085028	-0.1652743899	-0.1643393577	-0.1634036485	-0.1624675001	-0.1615311441	-0.1605948068	-0.1596587091	-0.1587230676	-0.1577880915	-0.1568539846	-0.1559209438	-0.1549891602	-0.1540588187	-0.1531301002	-0.1522031810	-0.1512782325	-0.1503554199	-0.1494349045	-0.1485168392	-0.1476013752	-0.1466886559	-0.1457788199	-0.1448720013	-0.1439683293	-0.1430679267	-0.1421709122	-0.1412774010	-0.1403875013	-0.1395013179	-0.1386189504	-0.1377404925	-0.1368660336	-0.1359956588	-0.1351294488	-0.1342674823	-0.1334098326	-0.1325565709	-0.1317077636	-0.1308634724	-0.1300237568	-0.1291886724	-0.1283582707	-0.1275326001	-0.1267117061	-0.1258956305	-0.1250844146	-0.1242780893	-0.1234766912	-0.1226802512	-0.1218887945	-0.1211023460	-0.1203209177	-0.1195445514	-0.1187732721	-0.1180071430	-0.1172461728	-0.1164901639	-0.1157384796
-0.2091930791	-0.2090266644	-0.2088650947	-0.2087102620	-0.2085627065	-0.2084223497	-0.2082890084	-0.2081625515	-0.2080428961	-0.2079299791	-0.2078237393	-0.2077241117	-0.2076310328	-0.2075444373	-0.2074642592	-0.2073904355	-0.2073228992	-0.2072615911	-0.2072064441	-0.2071573966	-0.2071143846	-0.2070773462	-0.2070462169	-0.2070209320	-0.2070014247	-0.2069876307	-0.2069794821	-0.2069769140	-0.2069798593	-0.2069882472	-0.2070020105	-0.2070210777	-0.2070453795	-0.2070748428	-0.2071093941	-0.2071489603	-0.2071934638	-0.2072428277	-0.2072969742	-0.2073558250	-0.2074192998	-0.2074873176	-0.2075597948	-0.2076366437	-0.2077177740	-0.2078030931	-0.2078925076	-0.2079859198	-0.2080832311	-0.2081843396	-0.2082891394	-0.2083975254	-0.2085093863	-0.2086246089	-0.2087430770	-0.2088646719	-0.2089892710	-0.2091167518	-0.2092469880	-0.2093798494	-0.2095152014	-0.2096529045	-0.2097928130	-0.2099347791	-0.2100786502	-0.2102242702	-0.2103714786	-0.2105201110	-0.2106699974	-0.2108209651	-0.2109728365	-0.2111254284	-0.2112785559	-0.2114320298	-0.2115856584	-0.2117392434	-0.2118925808	-0.2120454606	-0.2121976670	-0.2123489796	-0.2124991709	-0.2126480117	-0.2127952690	-0.2129407059	-0.2130840861	-0.2132251740	-0.2133637381	-0.2134995479	-0.2136323749	-0.2137619886	-0.2138881464	-0.2140105893	-0.2141290450	-0.2142432047	-0.2143527060	-0.2144571801	-0.2145562330	-0.2146493551	-0.2147360464	-0.2148159083	-0.2148884925	-0.2149532477	-0.2150097264	-0.2150576924	-0.2150970470	-0.2151277086	-0.2151494905	-0.2151620731	-0.2151652700	-0.2151595532	-0.2151457846	-0.2151243773	-0.2150950122	-0.2150568276	-0.2150087923	-0.2149505396	-0.2148829464	-0.2148069442	-0.2147224027	-0.2146284460	-0.2145240265	-0.2144081893	-0.2142801168	-0.2141391044	-0.2139845390	-0.2138158915	-0.2136327150	-0.2134346463	-0.2132214048	-0.2129927922	-0.2127486908	-0.2124890621	-0.2122139455	-0.2119234569	-0.2116177870	-0.2112971987	-0.2109620265	-0.2106126827	-0.2102496764	-0.2098736320	-0.2094852383	-0.2090849877	-0.2086726481	-0.2082470541	-0.2078072665	-0.2073535397	-0.2068865894	-0.2064069175	-0.2059145490	-0.2054089086	-0.2048891369	-0.2043547783	-0.2038059048	-0.2032426885	-0.2026652051	-0.2020734666	-0.2014675216	-0.2008475470	-0.2002138983	-0.1995670029	-0.1989072001	-0.1982348115	-0.1975502423	-0.1968539014	-0.1961461186	-0.1954272112	-0.1946974971	-0.1939572622	-0.1932067758	-0.1924463027	-0.1916761058	-0.1908964475	-0.1901075953	-0.1893098249	-0.1885034184	-0.1876886658	-0.1868658614	-0.1860353058	-0.1851972990	-0.1843521436	-0.1835001429	-0.1826416002	-0.1817768191	-0.1809061025	-0.1800297510	-0.1791480643	-0.1782613398	-0.1773698731	-0.1764739576	-0.1755738830	-0.1746699382	-0.1737624073	-0.1728515721	-0.1719377092	-0.1710210905	-0.1701019837	-0.1691806544	-0.1682573629	-0.1673323677	-0.1664059206	-0.1654782691	-0.1645496573	-0.1636203224	-0.1626904977	-0.1617604109	-0.1608302842	-0.1599003353	-0.1589707763	-0.1580418141	-0.1571136496	-0.1561864783	-0.1552604876	-0.1543358605	-0.1534127750	-0.1524914037	-0.1515719169	-0.1506544783	-0.1497392458	-0.1488263736	-0.1479160087	-0.1470082948	-0.1461033700	-0.1452013668	-0.1443024128	-0.1434066319	-0.1425141412	-0.1416250554	-0.1407394822	-0.1398575277	-0.1389792903	-0.1381048649	-0.1372343413	-0.1363678047	-0.1355053359	-0.1346470126	-0.1337929097	-0.1329430975	-0.1320976430	-0.1312566099	-0.1304200574	-0.1295880418	-0.1287606161	-0.1279378291	-0.1271197290	-0.1263063519	-0.1254977466	-0.1246939480	-0.1238949861	-0.1231008956	-0.1223116984	-0.1215274321	-0.1207481054	-0.1199737519	-0.1192044058	-0.1184401265	-0.1176809276	-0.1169266252	-0.1161766007
-0.2103564602	-0.2101844006	-0.2100172074	-0.2098567432	-0.2097035432	-0.2095575283	-0.2094185125	-0.2092863641	-0.2091610011	-0.2090423564	-0.2089303658	-0.2088249658	-0.2087260903	-0.2086336698	-0.2085476404	-0.2084679342	-0.2083944862	-0.2083272323	-0.2082661064	-0.2082110435	-0.2081619795	-0.2081188490	-0.2080815859	-0.2080501210	-0.2080243903	-0.2080043253	-0.2079898575	-0.2079809179	-0.2079774385	-0.2079793480	-0.2079865762	-0.2079990507	-0.2080166997	-0.2080394473	-0.2080672212	-0.2080999426	-0.2081375358	-0.2081799211	-0.2082270189	-0.2082787520	-0.2083350365	-0.2083957907	-0.2084609264	-0.2085303553	-0.2086039849	-0.2086817212	-0.2087634693	-0.2088491301	-0.2089386030	-0.2090317845	-0.2091285695	-0.2092288492	-0.2093325119	-0.2094394427	-0.2095495253	-0.2096626393	-0.2097786640	-0.2098974758	-0.2100189469	-0.2101429466	-0.2102693387	-0.2103979823	-0.2105287323	-0.2106614398	-0.2107959519	-0.2109321135	-0.2110697642	-0.2112087385	-0.2113488681	-0.2114899807	-0.2116318988	-0.2117744411	-0.2119174249	-0.2120606630	-0.2122039647	-0.2123471331	-0.2124899666	-0.2126322570	-0.2127737915	-0.2129143536	-0.2130537213	-0.2131916678	-0.2133279617	-0.2134623678	-0.2135946457	-0.2137245553	-0.2138518553	-0.2139763042	-0.2140976641	-0.2142156965	-0.2143301611	-0.2144408192	-0.2145474258	-0.2146497233	-0.2147474456	-0.2148403173	-0.2149280357	-0.2150102531	-0.2150866222	-0.2151568075	-0.2152204040	-0.2152769408	-0.2153260284	-0.2153673746	-0.2154006229	-0.2154253125	-0.2154410474	-0.2154475836	-0.2154447730	-0.2154325124	-0.2154107066	-0.2153792281	-0.2153378835	-0.2152863849	-0.2152243984	-0.2151518039	-0.2150688934	-0.2149759657	-0.2148729454	-0.2147594929	-0.2146352023	-0.2144996928	-0.2143526238	-0.2141936874	-0.2140226014	-0.2138391072	-0.2136429700	-0.2134339794	-0.2132119502	-0.2129767215	-0.2127281570	-0.2124661447	-0.2121905964	-0.2119014484	-0.2115986602	-0.2112822151	-0.2109521196	-0.2106084062	-0.2102511404	-0.2098804275	-0.2094963958	-0.2090991070	-0.2086883742	-0.2082636897	-0.2078246220	-0.2073711449	-0.2069033883	-0.2064214328	-0.2059252901	-0.2054149321	-0.2048903206	-0.2043514403	-0.2037983281	-0.2032311175	-0.2026500783	-0.2020555255	-0.2014476868	-0.2008267626	-0.2001930472	-0.1995468927	-0.1988885953	-0.1982184121	-0.1975366193	-0.1968434968	-0.1961392987	-0.1954242662	-0.1946986430	-0.1939626761	-0.1932166098	-0.1924606930	-0.1916951836	-0.1909203461	-0.1901364515	-0.1893437787	-0.1885426103	-0.1877332344	-0.1869159430	-0.1860910286	-0.1852587846	-0.1844195052	-0.1835734826	-0.1827210117	-0.1818623871	-0.1809979028	-0.1801278516	-0.1792525257	-0.1783722145	-0.1774872062	-0.1765977865	-0.1757042394	-0.1748068460	-0.1739058842	-0.1730016287	-0.1720943505	-0.1711843163	-0.1702717869	-0.1693570217	-0.1684402750	-0.1675217999	-0.1666018437	-0.1656806488	-0.1647584533	-0.1638354919	-0.1629119924	-0.1619881780	-0.1610642684	-0.1601404769	-0.1592170116	-0.1582940764	-0.1573718698	-0.1564505845	-0.1555304061	-0.1546115156	-0.1536940869	-0.1527782909	-0.1518642945	-0.1509522602	-0.1500423437	-0.1491346984	-0.1482294697	-0.1473267994	-0.1464268252	-0.1455296779	-0.1446354857	-0.1437443698	-0.1428564489	-0.1419718354	-0.1410906382	-0.1402129607	-0.1393389035	-0.1384685617	-0.1376020254	-0.1367393798	-0.1358807061	-0.1350260817	-0.1341755812	-0.1333292755	-0.1324872316	-0.1316495145	-0.1308161836	-0.1299872962	-0.1291629059	-0.1283430615	-0.1275278129	-0.1267172024	-0.1259112677	-0.1251100547	-0.1243135867	-0.1235219034	-0.1227350394	-0.1219530081	-0.1211758436	-0.1204035634	-0.1196362153	-0.1188738501	-0.1181164824	-0.1173639373	-0.1166156273
-0.2115180131	-0.2113402272	-0.2111673259	-0.2110011483	-0.2108422209	-0.2106904629	-0.2105456885	-0.2104077652	-0.2102766086	-0.2101521506	-0.2100343265	-0.2099230686	-0.2098183099	-0.2097199805	-0.2096280131	-0.2095423393	-0.2094628951	-0.2093896094	-0.2093224195	-0.2092612566	-0.2092060560	-0.2091567469	-0.2091132635	-0.2090755354	-0.2090434956	-0.2090170738	-0.2089962008	-0.2089808053	-0.2089708163	-0.2089661635	-0.2089667732	-0.2089725720	-0.2089834844	-0.2089994355	-0.2090203492	-0.2090461471	-0.2090767490	-0.2091120768	-0.2091520491	-0.2091965875	-0.2092456074	-0.2092990215	-0.2093567421	-0.2094186769	-0.2094847336	-0.2095548172	-0.2096288292	-0.2097066702	-0.2097882382	-0.2098734286	-0.2099621353	-0.2100542467	-0.2101496517	-0.2102482341	-0.2103498767	-0.2104544583	-0.2105618591	-0.2106719543	-0.2107846167	-0.2108997129	-0.2110171055	-0.2111366523	-0.2112582088	-0.2113816259	-0.2115067518	-0.2116334298	-0.2117615001	-0.2118907981	-0.2120211567	-0.2121524027	-0.2122843601	-0.2124168507	-0.2125496924	-0.2126827009	-0.2128156851	-0.2129484506	-0.2130807967	-0.2132125164	-0.2133434014	-0.2134732378	-0.2136018076	-0.2137288879	-0.2138542513	-0.2139776670	-0.2140988985	-0.2142177066	-0.2143338500	-0.2144470863	-0.2145571711	-0.2146638587	-0.2147669020	-0.2148660564	-0.2149610744	-0.2150517054	-0.2151377031	-0.2152188168	-0.2152947813	-0.2153653271	-0.2154301818	-0.2154890596	-0.2155416432	-0.2155875959	-0.2156266096	-0.2156583936	-0.2156825915	-0.2156987820	-0.2157066032	-0.2157058110	-0.2156961936	-0.2156774400	-0.2156491707	-0.2156110750	-0.2155629459	-0.2155046274	-0.2154359711	-0.2153568317	-0.2152670733	-0.2151665567	-0.2150551271	-0.2149326187	-0.2147988634	-0.2146536941	-0.2144969460	-0.2143284559	-0.2141480633	-0.2139556107	-0.2137509446	-0.2135339161	-0.2133043808	-0.2130621993	-0.2128072371	-0.2125393649	-0.2122584591	-0.2119644018	-0.2116570814	-0.2113363929	-0.2110022382	-0.2106545264	-0.2102931745	-0.2099181085	-0.2095292630	-0.2091265781	-0.2087099920	-0.2082794381	-0.2078348585	-0.2073762145	-0.2069034783	-0.2064166410	-0.2059157511	-0.2054009553	-0.2048724559	-0.2043303978	-0.2037748613	-0.2032059719	-0.2026239615	-0.2020291076	-0.2014216342	-0.2008017297	-0.2001696085	-0.1995255120	-0.1988696699	-0.1982022970	-0.1975236068	-0.1968338189	-0.1961331571	-0.1954218432	-0.1947001046	-0.1939681792	-0.1932263116	-0.1924747521	-0.1917137594	-0.1909435992	-0.1901645420	-0.1893768626	-0.1885808392	-0.1877767529	-0.1869648876	-0.1861455273	-0.1853189572	-0.1844854614	-0.1836453244	-0.1827988323	-0.1819462707	-0.1810879251	-0.1802240822	-0.1793550251	-0.1784810366	-0.1776023976	-0.1767193870	-0.1758322819	-0.1749413561	-0.1740468811	-0.1731491255	-0.1722483546	-0.1713448279	-0.1704388024	-0.1695305298	-0.1686202600	-0.1677082390	-0.1667947100	-0.1658799108	-0.1649640744	-0.1640474307	-0.1631302033	-0.1622126120	-0.1612948719	-0.1603771927	-0.1594597797	-0.1585428329	-0.1576265478	-0.1567111143	-0.1557967170	-0.1548835337	-0.1539717360	-0.1530614928	-0.1521529674	-0.1512463192	-0.1503417047	-0.1494392734	-0.1485391709	-0.1476415373	-0.1467465084	-0.1458542150	-0.1449647832	-0.1440783352	-0.1431949875	-0.1423148521	-0.1414380385	-0.1405646494	-0.1396947848	-0.1388285395	-0.1379660048	-0.1371072669	-0.1362524063	-0.1354015013	-0.1345546248	-0.1337118493	-0.1328732418	-0.1320388670	-0.1312087855	-0.1303830553	-0.1295617282	-0.1287448610	-0.1279324931	-0.1271246807	-0.1263214565	-0.1255228577	-0.1247289289	-0.1239396934	-0.1231551907	-0.1223754433	-0.1216004731	-0.1208303069	-0.1200649968	-0.1193045816	-0.1185490938	-0.1177983504	-0.1170517904
-0.2125999002	-0.2124167084	-0.2122384164	-0.2120668447	-0.2119025101	-0.2117453290	-0.2115951179	-0.2114517424	-0.2113151146	-0.2111851676	-0.2110618352	-0.2109450470	-0.2108347337	-0.2107308263	-0.2106332538	-0.2105419485	-0.2104568426	-0.2103778669	-0.2103049540	-0.2102380361	-0.2101770423	-0.2101219043	-0.2100725520	-0.2100289159	-0.2099909241	-0.2099585069	-0.2099315927	-0.2099101097	-0.2098939850	-0.2098831456	-0.2098775165	-0.2098770235	-0.2098815889	-0.2098911369	-0.2099055884	-0.2099248642	-0.2099488841	-0.2099775684	-0.2100108370	-0.2100486059	-0.2100907901	-0.2101373005	-0.2101880475	-0.2102429367	-0.2103018740	-0.2103647635	-0.2104315061	-0.2105020015	-0.2105761460	-0.2106538338	-0.2107349570	-0.2108194036	-0.2109070608	-0.2109978135	-0.2110915412	-0.2111881262	-0.2112874463	-0.2113893779	-0.2114937906	-0.2116005505	-0.2117095186	-0.2118205534	-0.2119335100	-0.2120482386	-0.2121645885	-0.2122824030	-0.2124015225	-0.2125217831	-0.2126430170	-0.2127650531	-0.2128877173	-0.2130108319	-0.2131342165	-0.2132576894	-0.2133810599	-0.2135041344	-0.2136267135	-0.2137485931	-0.2138695669	-0.2139894234	-0.2141079472	-0.2142249192	-0.2143401167	-0.2144533115	-0.2145642732	-0.2146727663	-0.2147785535	-0.2148813963	-0.2149810517	-0.2150772731	-0.2151698116	-0.2152584170	-0.2153428377	-0.2154228221	-0.2154981199	-0.2155684789	-0.2156336445	-0.2156933657	-0.2157473884	-0.2157954490	-0.2158372784	-0.2158726097	-0.2159011763	-0.2159227024	-0.2159368860	-0.2159434069	-0.2159419681	-0.2159323147	-0.2159141935	-0.2158872846	-0.2158512256	-0.2158057047	-0.2157504871	-0.2156853895	-0.2156102460	-0.2155248529	-0.2154289339	-0.2153222131	-0.2152044813	-0.2150755784	-0.2149353596	-0.2147836798	-0.2146203916	-0.2144453466	-0.2142583974	-0.2140593990	-0.2138482093	-0.2136246902	-0.2133887073	-0.2131401296	-0.2128788302	-0.2126046865	-0.2123175804	-0.2120173987	-0.2117040337	-0.2113773831	-0.2110373510	-0.2106838469	-0.2103167857	-0.2099360867	-0.2095416768	-0.2091335069	-0.2087115819	-0.2082759737	-0.2078267514	-0.2073639224	-0.2068874769	-0.2063974323	-0.2058938610	-0.2053769086	-0.2048467621	-0.2043035758	-0.2037474620	-0.2031785464	-0.2025969986	-0.2020030129	-0.2013967739	-0.2007784557	-0.2001482340	-0.1995062949	-0.1988528336	-0.1981880480	-0.1975121356	-0.1968253020	-0.1961277630	-0.1954197401	-0.1947014608	-0.1939731618	-0.1932350877	-0.1924874892	-0.1917306232	-0.1909647503	-0.1901901359	-0.1894070479	-0.1886157576	-0.1878165387	-0.1870096658	-0.1861954156	-0.1853740653	-0.1845458907	-0.1837111697	-0.1828701797	-0.1820231993	-0.1811705074	-0.1803123819	-0.1794491001	-0.1785809381	-0.1777081707	-0.1768310698	-0.1759499058	-0.1750649468	-0.1741764579	-0.1732847017	-0.1723899378	-0.1714924212	-0.1705924037	-0.1696901309	-0.1687858481	-0.1678797957	-0.1669722109	-0.1660633283	-0.1651533772	-0.1642425815	-0.1633311625	-0.1624193357	-0.1615073122	-0.1605952988	-0.1596834977	-0.1587721050	-0.1578613137	-0.1569513120	-0.1560422806	-0.1551343966	-0.1542278308	-0.1533227473	-0.1524193083	-0.1515176705	-0.1506179885	-0.1497204101	-0.1488250799	-0.1479321374	-0.1470417164	-0.1461539473	-0.1452689551	-0.1443868608	-0.1435077806	-0.1426318269	-0.1417591072	-0.1408897248	-0.1400237788	-0.1391613648	-0.1383025737	-0.1374474919	-0.1365962018	-0.1357487801	-0.1349053013	-0.1340658363	-0.1332304528	-0.1323992157	-0.1315721868	-0.1307494244	-0.1299309809	-0.1291169102	-0.1283072598	-0.1275020766	-0.1267014025	-0.1259052750	-0.1251137355	-0.1243268197	-0.1235445428	-0.1227669532	-0.1219940650	-0.1212259094	-0.1204625262	-0.1197039634	-0.1189502496	-0.1182012243	-0.1174563357
-0.2134134861	-0.2132261869	-0.2130438029	-0.2128681349	-0.2126996940	-0.2125383956	-0.2123840554	-0.2122365374	-0.2120957566	-0.2119616417	-0.2118341256	-0.2117131391	-0.2115986086	-0.2114904652	-0.2113886371	-0.2112930562	-0.2112036523	-0.2111203580	-0.2110431012	-0.2109718131	-0.2109064225	-0.2108468605	-0.2107930538	-0.2107449325	-0.2107024248	-0.2106654591	-0.2106339617	-0.2106078607	-0.2105870809	-0.2105715484	-0.2105611879	-0.2105559233	-0.2105556764	-0.2105603688	-0.2105699223	-0.2105842538	-0.2106032861	-0.2106269383	-0.2106551275	-0.2106877693	-0.2107247756	-0.2107660579	-0.2108115232	-0.2108610784	-0.2109146269	-0.2109720722	-0.2110333142	-0.2110982519	-0.2111667804	-0.2112387933	-0.2113141816	-0.2113928345	-0.2114746355	-0.2115594698	-0.2116472184	-0.2117377632	-0.2118309812	-0.2119267486	-0.2120249332	-0.2121254003	-0.2122280111	-0.2123326235	-0.2124390929	-0.2125472702	-0.2126570026	-0.2127681355	-0.2128805091	-0.2129939601	-0.2131083206	-0.2132234208	-0.2133390873	-0.2134551433	-0.2135714119	-0.2136877098	-0.2138038491	-0.2139196358	-0.2140348712	-0.2141493548	-0.2142628801	-0.2143752376	-0.2144862151	-0.2145955954	-0.2147031570	-0.2148086763	-0.2149119254	-0.2150126738	-0.2151106879	-0.2152057316	-0.2152975664	-0.2153859480	-0.2154706292	-0.2155513595	-0.2156278863	-0.2156999578	-0.2157673203	-0.2158297189	-0.2158868995	-0.2159386100	-0.2159845976	-0.2160246051	-0.2160583801	-0.2160856750	-0.2161062357	-0.2161197981	-0.2161260957	-0.2161248637	-0.2161158412	-0.2160987685	-0.2160733819	-0.2160393951	-0.2159965094	-0.2159444469	-0.2158829611	-0.2158118326	-0.2157308546	-0.2156397954	-0.2155383729	-0.2154263094	-0.2153033798	-0.2151693988	-0.2150241964	-0.2148676052	-0.2146994595	-0.2145195968	-0.2143278582	-0.2141240903	-0.2139081457	-0.2136798841	-0.2134391715	-0.2131858805	-0.2129198899	-0.2126410856	-0.2123493610	-0.2120446166	-0.2117267606	-0.2113957092	-0.2110513872	-0.2106937278	-0.2103226713	-0.2099381648	-0.2095401660	-0.2091286537	-0.2087036514	-0.2082652360	-0.2078134863	-0.2073484397	-0.2068701242	-0.2063785892	-0.2058739139	-0.2053562119	-0.2048256179	-0.2042822624	-0.2037262671	-0.2031577593	-0.2025768772	-0.2019837696	-0.2013785962	-0.2007615232	-0.2001327169	-0.1994923471	-0.1988405985	-0.1981776633	-0.1975037400	-0.1968190338	-0.1961237590	-0.1954181379	-0.1947023983	-0.1939767758	-0.1932415132	-0.1924968581	-0.1917430630	-0.1909803839	-0.1902090805	-0.1894294147	-0.1886416524	-0.1878460606	-0.1870429078	-0.1862324649	-0.1854150033	-0.1845907953	-0.1837601115	-0.1829232233	-0.1820804042	-0.1812319281	-0.1803780679	-0.1795190952	-0.1786552815	-0.1777868963	-0.1769142070	-0.1760374791	-0.1751569758	-0.1742729582	-0.1733856840	-0.1724954087	-0.1716023841	-0.1707068573	-0.1698090711	-0.1689092653	-0.1680076773	-0.1671045405	-0.1662000859	-0.1652945391	-0.1643881221	-0.1634810527	-0.1625735434	-0.1616658031	-0.1607580352	-0.1598504395	-0.1589432110	-0.1580365401	-0.1571306112	-0.1562256055	-0.1553216982	-0.1544190584	-0.1535178491	-0.1526182292	-0.1517203552	-0.1508243793	-0.1499304485	-0.1490387064	-0.1481492912	-0.1472623359	-0.1463779704	-0.1454963191	-0.1446175022	-0.1437416363	-0.1428688320	-0.1419991967	-0.1411328341	-0.1402698423	-0.1394103175	-0.1385543500	-0.1377020271	-0.1368534314	-0.1360086398	-0.1351677275	-0.1343307640	-0.1334978176	-0.1326689539	-0.1318442360	-0.1310237180	-0.1302074588	-0.1293955056	-0.1285879136	-0.1277847295	-0.1269859877	-0.1261917343	-0.1254020070	-0.1246168465	-0.1238362721	-0.1230603158	-0.1222890134	-0.1215223835	-0.1207604666	-0.1200033194	-0.1192509580	-0.1185032399	-0.1177596308
-0.2137219751	-0.2135331116	-0.2133491676	-0.2131719391	-0.2130019323	-0.2128390656	-0.2126831499	-0.2125340531	-0.2123916894	-0.2122559865	-0.2121268756	-0.2120042893	-0.2118881524	-0.2117783942	-0.2116749438	-0.2115777334	-0.2114866926	-0.2114017526	-0.2113228403	-0.2112498856	-0.2111828212	-0.2111215729	-0.2110660687	-0.2110162383	-0.2109720107	-0.2109333113	-0.2109000679	-0.2108722082	-0.2108496545	-0.2108323346	-0.2108201719	-0.2108130903	-0.2108110104	-0.2108138537	-0.2108215414	-0.2108339915	-0.2108511239	-0.2108728619	-0.2108991172	-0.2109298078	-0.2109648431	-0.2110041349	-0.2110475900	-0.2110951152	-0.2111466135	-0.2112019885	-0.2112611386	-0.2113239609	-0.2113903528	-0.2114602077	-0.2115334156	-0.2116098649	-0.2116894399	-0.2117720243	-0.2118575008	-0.2119457496	-0.2120366492	-0.2121300733	-0.2122258912	-0.2123239677	-0.2124241639	-0.2125263367	-0.2126303417	-0.2127360321	-0.2128432523	-0.2129518477	-0.2130616603	-0.2131725263	-0.2132842794	-0.2133967479	-0.2135097582	-0.2136231361	-0.2137367062	-0.2138502827	-0.2139636801	-0.2140767040	-0.2141891548	-0.2143008345	-0.2144115367	-0.2145210523	-0.2146291700	-0.2147356739	-0.2148403418	-0.2149429534	-0.2150432808	-0.2151410950	-0.2152361648	-0.2153282541	-0.2154171270	-0.2155025403	-0.2155842480	-0.2156620006	-0.2157355455	-0.2158046303	-0.2158690014	-0.2159284043	-0.2159825828	-0.2160312841	-0.2160742551	-0.2161112391	-0.2161419875	-0.2161662548	-0.2161837881	-0.2161943279	-0.2161976183	-0.2161934085	-0.2161814472	-0.2161614746	-0.2161332261	-0.2160964306	-0.2160508139	-0.2159961126	-0.2159320782	-0.2158584801	-0.2157750964	-0.2156816896	-0.2155779877	-0.2154637240	-0.2153386725	-0.2152026372	-0.2150554369	-0.2148968934	-0.2147268325	-0.2145450855	-0.2143514881	-0.2141458827	-0.2139281192	-0.2136980557	-0.2134555582	-0.2132005003	-0.2129327629	-0.2126522349	-0.2123588142	-0.2120524069	-0.2117329276	-0.2114002994	-0.2110544558	-0.2106953401	-0.2103229031	-0.2099371035	-0.2095379125	-0.2091253190	-0.2086993491	-0.2082600698	-0.2078075527	-0.2073418438	-0.2068629844	-0.2063710351	-0.2058660758	-0.2053482063	-0.2048175421	-0.2042742031	-0.2037183112	-0.2031499945	-0.2025693835	-0.2019766155	-0.2013718432	-0.2007552300	-0.2001269416	-0.1994871460	-0.1988360255	-0.1981737711	-0.1975005835	-0.1968166677	-0.1961222381	-0.1954175169	-0.1947027313	-0.1939781157	-0.1932439131	-0.1925003684	-0.1917477312	-0.1909862573	-0.1902162035	-0.1894378296	-0.1886513989	-0.1878571754	-0.1870554263	-0.1862464196	-0.1854304250	-0.1846077136	-0.1837785532	-0.1829432133	-0.1821019650	-0.1812550800	-0.1804028304	-0.1795454851	-0.1786833133	-0.1778165827	-0.1769455601	-0.1760705080	-0.1751916875	-0.1743093588	-0.1734237783	-0.1725351994	-0.1716438723	-0.1707500427	-0.1698539525	-0.1689558391	-0.1680559389	-0.1671544841	-0.1662517042	-0.1653478231	-0.1644430633	-0.1635376390	-0.1626317635	-0.1617256438	-0.1608194824	-0.1599134781	-0.1590078261	-0.1581027152	-0.1571983280	-0.1562948473	-0.1553924460	-0.1544912929	-0.1535915513	-0.1526933788	-0.1517969306	-0.1509023595	-0.1500098112	-0.1491194297	-0.1482313513	-0.1473457104	-0.1464626361	-0.1455822514	-0.1447046785	-0.1438300326	-0.1429584230	-0.1420899578	-0.1412247423	-0.1403628727	-0.1395044446	-0.1386495492	-0.1377982747	-0.1369507017	-0.1361069103	-0.1352669730	-0.1344309600	-0.1335989413	-0.1327709798	-0.1319471422	-0.1311274759	-0.1303120462	-0.1295009032	-0.1286940912	-0.1278916698	-0.1270936649	-0.1263001271	-0.1255110898	-0.1247265943	-0.1239466725	-0.1231713396	-0.1224006443	-0.1216345924	-0.1208732331	-0.1201166237	-0.1193647845	-0.1186175687	-0.1178744465
